run_seed,model,split,case_type,sequence_id,n_metric_steps,n_events,n_nonevents,n_drift_steps,n_revision_steps,mse,mae,final_mse,final_mae,event_mse,event_mae,nonevent_mse,nonevent_mae,drift_nonevent,drift_post_best,revision_gain,event_abs_err_lag_m2,best_abs_err_lag_m2,event_abs_err_lag_m1,best_abs_err_lag_m1,event_abs_err_lag_0,best_abs_err_lag_0,event_abs_err_lag_1,best_abs_err_lag_1,event_abs_err_lag_2,best_abs_err_lag_2,event_abs_err_lag_3,best_abs_err_lag_3,event_abs_err_lag_4,best_abs_err_lag_4,event_abs_err_lag_6,best_abs_err_lag_6,event_abs_err_lag_8,best_abs_err_lag_8,event_abs_err_lag_12,best_abs_err_lag_12,event_abs_err_lag_16,best_abs_err_lag_16,alpha_event,alpha_nonevent,alpha_contrast,event_alpha_lag_m2,best_alpha_lag_m2,event_alpha_lag_m1,best_alpha_lag_m1,event_alpha_lag_0,best_alpha_lag_0,event_alpha_lag_1,best_alpha_lag_1,event_alpha_lag_2,best_alpha_lag_2,event_alpha_lag_3,best_alpha_lag_3,event_alpha_lag_4,best_alpha_lag_4,event_alpha_lag_6,best_alpha_lag_6,event_alpha_lag_8,best_alpha_lag_8,event_alpha_lag_12,best_alpha_lag_12,event_alpha_lag_16,best_alpha_lag_16
1952804984,qslstm_log,extrapolation,iid,2000000,62,2,60,59,2,0.13237608774881618,0.35160870922188603,0.15857315355299328,0.3982124477624893,0.12244622433466568,0.347168393433094,0.13270708319595453,0.3517567197481791,0.01508008221448478,0.007163013517856598,0.015248328447341919,0.20086926221847534,0.30109351873397827,0.20255357027053833,0.28913629055023193,0.347168393433094,0.3909899741411209,0.35172054916620255,0.4107275754213333,0.3579692617058754,0.42282797396183014,0.36724478751420975,0.4333960562944412,0.3604346588253975,0.43173302710056305,0.4160190373659134,0.42131049931049347,0.43091778457164764,0.42843951284885406,0.4333289712667465,0.42929722368717194,0.42132405936717987,0.4227345734834671,0.04740155301988125,0.06939155192424853,-0.021989998904367286,0.05238230526447296,0.04474304988980293,0.052092019468545914,0.05064963921904564,0.04740155301988125,0.0446690134704113,0.04993771016597748,0.05068151652812958,0.04707196168601513,0.04742789268493652,0.04619946703314781,0.04765588417649269,0.04616040363907814,0.04167116805911064,0.04748637415468693,0.04429123178124428,0.047262029722332954,0.04686817526817322,0.04428650811314583,0.040330611169338226,0.039030469954013824,0.036142315715551376
1952804984,qslstm_log,extrapolation,iid,2000001,62,7,55,55,6,0.023611231737613942,0.1479371617878637,0.02762529706432648,0.16620859503746033,0.024615878114143643,0.14781257935932704,0.023483367653328344,0.14795301773331382,0.009814700755206022,0.003750393788019816,0.015578821301460266,0.18088435530662536,0.14591756463050842,0.18167608976364136,0.14501002430915833,0.14781257935932704,0.16013216972351074,0.11711119328226362,0.15755856037139893,0.11039408189909798,0.15980413556098938,0.11606169172695704,0.16206660866737366,0.13199123314448766,0.15723183751106262,0.15043748702321733,0.1620572805404663,0.16099023818969727,0.15869852900505066,0.2011511574188868,,0.11180312434832256,,0.14693362345652922,0.05899468765340068,0.08793893580312853,0.11456583179533482,0.025652652606368065,0.1457481232161323,0.02530820481479168,0.14693362345652922,0.02479998953640461,0.11581230615930897,0.024864770472049713,0.09523271742675986,0.024538351222872734,0.08792107020105634,0.02496718429028988,0.08604585592235837,0.02457300014793873,0.08949317995991025,0.024323178455233574,0.07599667033978871,0.023803414776921272,0.08300449171413977,,0.04393365730841955,
1952804984,qslstm_log,extrapolation,iid,2000002,62,5,57,56,5,0.11120694837644483,0.29613372890819467,0.21121857751886464,0.4595852233469486,0.1290958923846523,0.32835897877812387,0.1096377427616898,0.2933069526038149,0.011962354183197021,0.00556816577911377,0.08455203771591187,0.20679085748270154,0.16319090127944946,0.2699313346296549,0.15026140213012695,0.32835897877812387,0.49839476123452187,0.2567601688206196,0.4855891205370426,0.26462161615490915,0.47570404782891273,0.26808480098843573,0.46924782171845436,0.2528867907822132,0.46752915158867836,0.2684308417141438,0.4685012437403202,0.2564955957233906,0.45280883088707924,0.19816322401165962,0.45606133714318275,0.19162688925862312,0.46259984746575356,0.18726318702101707,0.0704641182367739,0.11679906878424318,0.21065416187047958,0.05401796102523804,0.22330513522028922,0.0459393672645092,0.18726318702101707,0.046187128871679306,0.16268518939614296,0.039708297699689865,0.12791937813162804,0.034976374357938766,0.10444549396634102,0.03264618292450905,0.10644689947366714,0.030985012650489807,0.08760240748524666,0.03316624090075493,0.09372893199324608,0.039034705609083176,0.08322001472115517,0.03318732604384422,0.06346335746347904,0.03088531456887722
1952804984,qslstm_log,extrapolation,iid,2000003,62,2,60,60,1,0.14730927128792923,0.3811050182388675,0.1409554464693597,0.3754403367638588,0.08409089554147212,0.2538074143230915,0.1494165504794778,0.3853482717027267,0.014894706010818482,0.011258004075389797,0.12367761135101318,0.11354804039001465,0.11354804039001465,0.3430081605911255,0.3430081605911255,0.2538074143230915,0.39406678825616837,0.40867872908711433,0.4743492975831032,0.4520069435238838,0.5099470987915993,0.46666938811540604,0.4589894786477089,0.4866415336728096,0.46333596855401993,0.42717013508081436,0.3910043016076088,0.3986320421099663,0.40625978261232376,0.3940053656697273,0.3736392632126808,0.4004069045186043,0.4022500589489937,0.27094583958387375,0.05125216227024794,0.21969367731362582,0.37444278597831726,0.37444278597831726,0.23374123871326447,0.23374123871326447,0.27094583958387375,0.16744889318943024,0.190137080848217,0.14653292298316956,0.1458609327673912,0.12427297234535217,0.13167831674218178,0.116823710501194,0.12028126791119576,0.11628956347703934,0.10707973316311836,0.09786990284919739,0.08601779863238335,0.0741656944155693,0.060831645503640175,0.05828537419438362,0.053959306329488754,0.05240805074572563
1952804984,qslstm_log,extrapolation,iid,2000004,62,4,58,57,4,0.04145854667098816,0.16888729002206557,0.0633303577491271,0.2516552358865738,0.05011290549197073,0.1838618479669094,0.04086169433850662,0.1678545618879384,0.012901630840803447,0.004871501587331295,0.02143777161836624,0.07446116209030151,0.017071247100830078,0.16809937357902527,0.027992665767669678,0.1838618479669094,0.25076471269130707,0.1059979684650898,0.24306567013263702,0.09390774741768837,0.24506200850009918,0.16803516820073128,0.25381065905094147,0.09790030494332314,0.27155156433582306,0.08926331624388695,0.2735442966222763,0.07585284486413002,0.2726483792066574,0.09169134870171547,0.27226604521274567,0.0760822631418705,0.2614222317934036,0.13526662904769182,0.07227620533828077,0.06299042370941105,0.162717055529356,0.058460533618927,0.15993645135313272,0.054260242730379105,0.13526662904769182,0.042087335139513016,0.10015188623219728,0.03633570298552513,0.09077195450663567,0.03618144989013672,0.09073077514767647,0.042458027601242065,0.07653012778609991,0.037802305072546005,0.07265141885727644,0.03666785731911659,0.08905811328440905,0.048677753657102585,0.0748211732134223,0.04702438786625862,0.055413697846233845,0.03361198678612709
1952804984,qslstm_log,extrapolation,iid,2000005,62,1,61,61,0,0.207963856773814,0.44898101206748714,0.19603251677061118,0.4427555948495865,0.0009896585999344953,0.031458839774131775,0.21135687641600873,0.45582563784278807,0.0184656132440098,0.0184656132440098,,,,,,0.031458839774131775,0.031458839774131775,0.3080674558877945,0.3080674558877945,0.36237506568431854,0.36237506568431854,0.3145476430654526,0.3145476430654526,0.26900793612003326,0.26900793612003326,0.2995315045118332,0.2995315045118332,0.42642225325107574,0.42642225325107574,0.4181959480047226,0.4181959480047226,0.47171245515346527,0.47171245515346527,0.369545578956604,0.07072012633329532,0.2988254526233087,,,,,0.369545578956604,0.369545578956604,0.28386998176574707,0.28386998176574707,0.23529811203479767,0.23529811203479767,0.19943982362747192,0.19943982362747192,0.1336221843957901,0.1336221843957901,0.09224864095449448,0.09224864095449448,0.08114439994096756,0.08114439994096756,0.06195709481835365,0.06195709481835365,0.08021814376115799,0.08021814376115799
1952804984,qslstm_log,extrapolation,iid,2000006,62,1,61,60,1,0.12984374466197596,0.3204653156140158,0.17705339699991557,0.4207771345973015,0.15554818100087303,0.39439596980810165,0.12942236045969896,0.31925333767640784,0.013294937213261922,0.006371890279379758,0.019623219966888428,0.06851455569267273,0.06851455569267273,0.07470032572746277,0.07470032572746277,0.39439596980810165,0.39439596980810165,0.39638131111860275,0.39638131111860275,0.3907148465514183,0.3907148465514183,0.39925434440374374,0.39925434440374374,0.4135548695921898,0.4135548695921898,0.42369522899389267,0.42369522899389267,0.4238384887576103,0.4238384887576103,0.45105304569005966,0.45105304569005966,0.4165407046675682,0.4165407046675682,0.04599766433238983,0.05524855601738711,-0.009250891684997278,0.05907962843775749,0.05907962843775749,0.055451542139053345,0.055451542139053345,0.04599766433238983,0.04599766433238983,0.046768710017204285,0.046768710017204285,0.03978290036320686,0.03978290036320686,0.042367566376924515,0.042367566376924515,0.04725798964500427,0.04725798964500427,0.050527747720479965,0.050527747720479965,0.04108855500817299,0.04108855500817299,0.04949766770005226,0.04949766770005226,0.03987530618906021,0.03987530618906021
1952804984,qslstm_log,extrapolation,iid,2000007,62,2,60,60,1,0.04696584908291009,0.21031322835704253,0.06126249149842611,0.2475126087665558,0.01582862001865116,0.12309745769016445,0.048003756718385394,0.2132204207126051,0.011862922211488087,0.007409934997558594,0.0068908631801605225,0.3384703560732305,0.3384703560732305,0.32024110993370414,0.32024110993370414,0.12309745769016445,0.09710446000099182,0.11179230432026088,0.10343649983406067,0.17414294998161495,0.11040452122688293,0.15100186388008296,0.10009992122650146,0.15493751387111843,0.10988602042198181,0.21697969059459865,0.13822466135025024,0.252457209629938,0.17191395163536072,0.15509136021137238,0.20674622058868408,0.1541116088628769,0.19049766659736633,0.2065706066787243,0.05557681567346056,0.15099379100526372,0.10088309645652771,0.10088309645652771,0.09261637926101685,0.09261637926101685,0.2065706066787243,0.07109605520963669,0.14991124346852303,0.07356414943933487,0.14855613186955452,0.09005149453878403,0.1344355270266533,0.0798957347869873,0.10261839628219604,0.07939474284648895,0.08891880139708519,0.06706874817609787,0.08244754746556282,0.06591293960809708,0.06030775234103203,0.04705135524272919,0.056819288060069084,0.035935137420892715
1952804984,qslstm_log,extrapolation,iid,2000008,62,3,59,59,2,0.013396373181416248,0.10570641583011996,0.007098941845470108,0.08425521850585938,0.01611553822381051,0.1055462658405304,0.013258110552141964,0.1057145590499296,0.010724001516730098,0.004907773600684272,0.014669358730316162,0.05598568916320801,0.0922861099243164,0.057953983545303345,0.09258967638015747,0.1055462658405304,0.08014547824859619,0.12462960680325826,0.07847148180007935,0.12853920459747314,0.08043354749679565,0.11788036425908406,0.07896041870117188,0.10024052858352661,0.07187211513519287,0.151870330174764,0.06987535953521729,0.14358423153559366,0.06547093391418457,0.13143221537272134,0.06847274303436279,0.11847859621047974,0.07808613777160645,0.17841903865337372,0.06583352292240677,0.11258551573096695,0.0897991806268692,0.02861875295639038,0.0821463642641902,0.028923576697707176,0.17841903865337372,0.02983415126800537,0.15231655786434808,0.030380405485630035,0.12283867535491784,0.029264463111758232,0.11136315080026786,0.028890544548630714,0.11263029960294564,0.029817571863532066,0.10528979822993279,0.032239679247140884,0.10601824149489403,0.03269724175333977,0.08251238303879897,0.028699567541480064,0.05185233615338802,0.03045143000781536
1952804984,qslstm_log,extrapolation,iid,2000009,62,3,59,58,3,0.11701822327016013,0.330807811790897,0.1142388422651699,0.3379923701286316,0.0509880472311132,0.19693651795387268,0.12037568984841676,0.33761482673176263,0.013619266707321694,0.008367057030017559,0.030331621567408245,0.1787796417872111,0.18131422996520996,0.20590555667877197,0.16515028476715088,0.19693651795387268,0.3127375841140747,0.1987385948499044,0.3536677956581116,0.17058288057645163,0.3246987462043762,0.22827481230099997,0.3319898843765259,0.29858797788619995,0.3122379779815674,0.270383616288503,0.3140106797218323,0.3357837994893392,0.32789891958236694,0.3341222604115804,0.3464873433113098,0.3633483052253723,0.39417046308517456,0.1309341862797737,0.06443804758206262,0.0664961386977111,0.1955681617061297,0.10887102037668228,0.15683715293804804,0.09984257072210312,0.1309341862797737,0.09048757702112198,0.1239841456214587,0.08365058898925781,0.11365074167648952,0.0940961241722107,0.10444194078445435,0.07540253549814224,0.0903697485725085,0.06984763592481613,0.07850867634018262,0.060280922800302505,0.06721653913458188,0.062772236764431,0.06217105562488238,0.06357990950345993,0.06560665741562843,0.054898250848054886
1952804984,qslstm_log,extrapolation,iid,2000010,62,4,58,58,3,0.06109059642116772,0.22480488232066553,0.09743824674086654,0.3121509999036789,0.0592934273977615,0.22925111278891563,0.06121453911243714,0.22449824573664828,0.01025886371217925,0.004386827349662781,0.0207157830397288,0.16412197053432465,0.2744982838630676,0.16118574142456055,0.2787940502166748,0.22925111278891563,0.3051757663488388,0.2313554547727108,0.3101792186498642,0.24425579980015755,0.3151072710752487,0.24882065132260323,0.3098212331533432,0.23978270962834358,0.3121509999036789,0.18494144082069397,,0.14732510844866434,,0.11560486753781636,,0.12082075079282124,,0.20400899834930897,0.07301383218246288,0.1309951661668461,0.06255361065268517,0.036258891224861145,0.17208769296606383,0.034752797335386276,0.20400899834930897,0.03455565869808197,0.1505096135661006,0.03307054564356804,0.12845786660909653,0.03533141687512398,0.11649344488978386,0.03162215277552605,0.10926094278693199,0.0356886051595211,0.1303633749485016,,0.12222646673520406,,0.09300136441985767,,0.0706278644502163,
1952804984,qslstm_log,extrapolation,iid,2000011,62,2,60,60,1,0.01214186123792464,0.07791120294601686,4.1939154371561926e-07,0.0006476044654846191,0.02453990284604446,0.11590529978275299,0.011728593184320646,0.076644733051459,0.014064544439315796,0.004157626628875732,0.002477288246154785,0.07737758755683899,0.07737758755683899,0.09475383162498474,0.09475383162498474,0.11590529978275299,0.01052093505859375,0.14120273292064667,0.009953856468200684,0.17269207537174225,0.014021039009094238,0.1487087458372116,0.01670283079147339,0.13900689780712128,0.022608399391174316,0.10396789014339447,0.024398624897003174,0.06921221315860748,0.028951168060302734,0.06485168635845184,0.012550055980682373,0.045406147837638855,0.0014429688453674316,0.2220169249922037,0.05459042511259516,0.16742649987960856,0.04813013970851898,0.04813013970851898,0.054439421743154526,0.054439421743154526,0.2220169249922037,0.052005428820848465,0.17800449766218662,0.04131670668721199,0.11282033659517765,0.038339097052812576,0.08142074942588806,0.036218658089637756,0.07237565331161022,0.03518708422780037,0.06956739351153374,0.04042654484510422,0.057598892599344254,0.038473427295684814,0.047928325831890106,0.033705588430166245,0.03899539727717638,0.03097780980169773
1952804984,qslstm_log,extrapolation,iid,2000012,62,5,57,57,4,0.023676104549499942,0.0840704599695821,0.0006946314943121479,0.026355862617492676,0.09038199435567425,0.26448580622673035,0.017824710706853073,0.06824455240316558,0.010887522969329566,0.007630341901228978,0.0791776105761528,0.3553023040294647,0.4912685751914978,0.3656041622161865,0.2643470764160156,0.26448580622673035,0.04978784918785095,0.21325388550758362,0.025753557682037354,0.2891288876533508,0.05067610740661621,0.2803459644317627,0.0342215895652771,0.29916242361068723,0.039737582206726074,0.16873839497566223,0.019487977027893066,0.07950787544250489,0.03133726119995117,0.024881631135940552,0.042835742235183716,0.041663902997970584,0.05263844132423401,0.2275743305683136,0.052640831653486216,0.1749334989148274,0.2640266679227352,0.10912305116653442,0.19661404751241207,0.09245855361223221,0.2275743305683136,0.09714525192975998,0.19513857662677764,0.12129495292901993,0.16257892102003096,0.09100043773651123,0.1357150211930275,0.08364111930131912,0.11840390264987946,0.07005973905324936,0.08867500498890876,0.05444946512579918,0.07959924712777137,0.04488212242722511,0.0594527892768383,0.044089388102293015,0.04475447162985802,0.0407475121319294
1952804984,qslstm_log,extrapolation,iid,2000013,62,3,59,58,3,0.055296999546647935,0.17602468441773747,0.010491450244419553,0.10242778062820435,0.11365102526854544,0.26325280813034624,0.05232984569638196,0.17158935609336753,0.010948374353606126,0.004511096128603307,0.0846469799677531,0.2626418076106347,0.08578494191169739,0.21014946051097164,0.08276477456092834,0.26325280813034624,0.14261353015899658,0.242090784983399,0.14607879519462585,0.23480704772130898,0.14979028701782227,0.2510589991773789,0.1426447331905365,0.23764158634003252,0.1494738757610321,0.25362599241392064,0.14249274134635925,0.2464676235880082,0.12180474400520325,0.10933508475621541,0.1193041205406189,0.103137602408727,0.10807394981384277,0.11896733939647675,0.05487007076331114,0.0640972686331656,0.05915388837456703,0.04596765339374542,0.15964589888850847,0.04221336916089058,0.11896733939647675,0.04465402662754059,0.10185496136546135,0.0389183945953846,0.09685551499327023,0.03878282383084297,0.08286820227901141,0.03941894322633743,0.07541275521119435,0.03919040411710739,0.06029341369867325,0.03874959051609039,0.04975267996390661,0.03363019973039627,0.044906078527371086,0.03311831131577492,0.03866407026847204,0.029931023716926575
1952804984,qslstm_log,extrapolation,iid,2000014,62,3,59,59,2,0.036323077449708405,0.14773241310350357,0.005813042497671894,0.0762433111667633,0.08883363558416028,0.22771397233009338,0.03365304906999052,0.14366555415977866,0.012321846970057084,0.006306698140890702,0.03230462968349457,0.26537610590457916,0.472034752368927,0.2656104266643524,0.4364452362060547,0.22771397233009338,0.07213747501373291,0.20382862289746603,0.0946006178855896,0.2075506647427877,0.11153766512870789,0.20399452249209085,0.11879804730415344,0.18840989470481873,0.11053165793418884,0.20742414395014444,0.12710973620414734,0.24014786879221597,0.1271648406982422,0.2317954202493032,0.13183552026748657,0.11743717392285664,0.1293920874595642,0.20361905544996262,0.05960411082763793,0.14401494462232467,0.09742286801338196,0.06426002085208893,0.10300811007618904,0.09587416797876358,0.20361905544996262,0.08549872040748596,0.16063271711270014,0.08049041032791138,0.11928629130125046,0.058983802795410156,0.11858388409018517,0.05631376430392265,0.11096514016389847,0.05077357590198517,0.09110761309663455,0.04686295613646507,0.07452010239164035,0.04232182726264,0.05109043667713801,0.03685053065419197,0.052086117366949715,0.03641076013445854
1952804984,qslstm_log,extrapolation,iid,2000015,62,5,57,56,5,0.06582306585314951,0.21631155151032633,0.1149811317919216,0.33908867835998535,0.08234721979877566,0.23421258330345154,0.06437357866493669,0.21474128556356095,0.01037922820874623,0.0034194191296895346,0.024343419075012206,0.1717173382639885,0.04935324192047119,0.16939370483160018,0.052342891693115234,0.23421258330345154,0.33772921562194824,0.2266101837158203,0.3392031192779541,0.2264377474784851,0.33455657958984375,0.2172936499118805,0.3331265151500702,0.21259579062461853,0.3258201777935028,0.1835991382598877,0.3261587917804718,0.1864432156085968,0.33005404472351074,0.18195555210113526,0.33363673090934753,0.2242014929652214,,0.06038167253136635,0.0531530860615404,0.007228586469825951,0.07586501725018024,0.029379280284047127,0.06499315164983273,0.0288680549710989,0.06038167253136635,0.0282437801361084,0.05063936673104763,0.029109591618180275,0.04599010907113552,0.028624309226870537,0.04520964361727238,0.028287863358855247,0.041351573541760445,0.028524575755000114,0.040908804163336754,0.029195034876465797,0.037075622379779814,0.02984132431447506,0.037430934980511664,0.04437410458922386,0.035819771233946085,
1952804984,qslstm_log,extrapolation,iid,2000016,62,0,62,61,0,0.10930448713115462,0.32849070093324106,0.10359128922907268,0.3218560069799423,,,0.10930448713115462,0.32849070093324106,0.014058193222421115,0.014058193222421115,,,,,,,,,,,,,,,,,,,,,,,,,0.05245443343395187,,,,,,,,,,,,,,,,,,,,,,,
1952804984,qslstm_log,extrapolation,iid,2000017,62,6,56,56,5,0.00978593648766778,0.07640965547292464,0.002078479200807948,0.045590341091156006,0.029133282762260904,0.11866582185029984,0.007713006529675659,0.07188220907534872,0.015742703740085875,0.009295897824423653,0.011747080087661742,0.1605350524187088,0.11946654319763184,0.14774542152881623,0.0512043833732605,0.11866582185029984,0.008816897869110107,0.09849137564500172,0.01467829942703247,0.08517683545748393,0.006341040134429932,0.07967062791188557,0.019234776496887207,0.09900989135106404,0.040386319160461426,0.1279522031545639,0.0643223226070404,0.13662869234879813,0.051500022411346436,0.07599854469299316,0.056512653827667236,0.07938749094804128,0.045784831047058105,0.15297303845485052,0.06979051265599472,0.08318252579885581,0.06870981771498919,0.06825122982263565,0.13211676925420762,0.06320922821760178,0.15297303845485052,0.07402678579092026,0.12403228133916855,0.10456802695989609,0.10440987348556519,0.05975925922393799,0.09281228358546893,0.06444168090820312,0.08196607852975528,0.052579641342163086,0.06187703087925911,0.041722506284713745,0.06261245595912139,0.0625213012099266,0.06573495951791604,0.04879024624824524,0.05565210059285164,0.06793885678052902
1952804984,qslstm_log,extrapolation,iid,2000018,62,5,57,57,4,0.04794838283396897,0.20743268319676,0.045186098529485186,0.2125702202320099,0.0642203464762631,0.2288544088602066,0.04652101760218878,0.2055535844543524,0.013990167463034914,0.007557184890259144,0.05955690145492554,0.261634036898613,0.38606972992420197,0.18741029873490334,0.367947056889534,0.2288544088602066,0.1732422113418579,0.24101126492023467,0.1800457239151001,0.2055939942598343,0.17625713348388672,0.18911071121692657,0.19631648063659668,0.17975157797336577,0.1873583197593689,0.11788088083267212,0.19344103336334229,0.141430127620697,0.1989925503730774,0.24919989705085754,0.2066759467124939,0.2679352402687073,0.21128526329994202,0.19061874300241471,0.06319192202206243,0.1274268209803523,0.16507192452748617,0.08749834448099136,0.1905734408646822,0.09038647264242172,0.19061874300241471,0.06985626369714737,0.1529016114771366,0.056709468364715576,0.12290425151586533,0.06521971523761749,0.10538295730948448,0.0609450526535511,0.09689471200108528,0.059203509241342545,0.0779655359685421,0.055839087814092636,0.07881929501891136,0.05848272144794464,0.06333946883678436,0.04123332351446152,0.06510083228349686,0.05067433789372444
1952804984,qslstm_log,extrapolation,iid,2000019,62,3,59,59,2,0.07399353815331208,0.2620648809017674,0.05723761268637251,0.23924383521080017,0.01490332543077629,0.0957862635453542,0.07699812524089865,0.27051972585209344,0.012303820100881286,0.01086611496774774,0.04443466663360596,0.0345577597618103,0.0345577597618103,0.06680643558502197,0.11097872257232666,0.0957862635453542,0.20003101229667664,0.12384658058484395,0.27228835225105286,0.13501827915509543,0.2595183551311493,0.20706679423650107,0.3101906478404999,0.26520463824272156,0.3232945501804352,0.31126341223716736,0.3640812337398529,0.3394853174686432,0.34427210688591003,0.35158060987790424,0.34492358565330505,0.3471470574537913,0.3351875841617584,0.22315862774848938,0.04871988012376478,0.1744387476247246,0.20376913249492645,0.20376913249492645,0.2432798370718956,0.18453781306743622,0.22315862774848938,0.1520123928785324,0.18389984965324402,0.13248878717422485,0.16239444414774576,0.09887638688087463,0.1429465040564537,0.09228930622339249,0.1202820415298144,0.07634494453668594,0.08531997104485829,0.06479422003030777,0.0672949602206548,0.054445549845695496,0.052811283618211746,0.04889516159892082,0.05570221816500028,0.060456205159425735
1952804984,qslstm_log,extrapolation,iid,2000020,62,4,58,58,3,0.10077698657350039,0.3073569978437116,0.10271517897999516,0.32049208879470825,0.07314427236694288,0.24882300198078156,0.10268269100153883,0.31139382514460334,0.013265626697704709,0.0059220286516042855,0.024191896120707195,0.26892976959546405,0.3688434362411499,0.3168841103712718,0.3826265335083008,0.24882300198078156,0.2862933874130249,0.27214109152555466,0.29598402976989746,0.30411409586668015,0.304008424282074,0.23938769847154617,0.3084632158279419,0.25880689918994904,0.3120145797729492,0.2430625632405281,0.3092626929283142,0.25172536075115204,0.3289600610733032,0.31802359968423843,0.32793980836868286,0.3749966820081075,,0.1715217139571905,0.07116459043503835,0.10035712352215216,0.1514258161187172,0.036656454205513,0.12407087658842404,0.03618747368454933,0.1715217139571905,0.038550592958927155,0.1611337447538972,0.03350547328591347,0.1250836541876197,0.03196442499756813,0.1162372874096036,0.032750245183706284,0.1162163196131587,0.03245862200856209,0.09943480137735605,0.03189427778124809,0.0864032031968236,0.02938983589410782,0.08270220318809152,0.029790064319968224,0.08312980954845746,
1952804984,qslstm_log,extrapolation,iid,2000021,62,2,60,59,2,0.026575878695401952,0.10840818766624696,0.0024421153936637907,0.04941776394844055,0.032308045095125415,0.14632388949394226,0.02638480648207784,0.10714433093865712,0.012838390924162784,0.006383463393810184,0.036152273416519165,0.30949029326438904,0.29700082540512085,0.31470970809459686,0.28093472123146057,0.14632388949394226,0.04193344712257385,0.15952639281749725,0.05279964208602905,0.2062758356332779,0.07114630937576294,0.1871306151151657,0.056607455015182495,0.16019099950790405,0.04972836375236511,0.17125999927520752,0.04247400164604187,0.15843138098716736,0.02771356701850891,0.14924311637878418,0.0002948939800262451,0.031615763902664185,0.010431885719299316,0.1139188576489687,0.07091488906492789,0.043003968584040805,0.16408476792275906,0.05477256700396538,0.1298161968588829,0.050621986389160156,0.1139188576489687,0.05172494426369667,0.0883102472871542,0.047715213149785995,0.07928787544369698,0.044793128967285156,0.07180730067193508,0.03976578637957573,0.06312871910631657,0.04087070748209953,0.0636210199445486,0.056981030851602554,0.07698602974414825,0.08433368057012558,0.050380656495690346,0.04851323366165161,0.044036515057086945,0.040357816964387894
1952804984,qslstm_log,extrapolation,iid,2000022,62,1,61,60,1,0.042936658764728845,0.16245527036728397,0.08489753886374274,0.29137182235717773,0.11188898387647228,0.3344981074333191,0.041806292779290426,0.15963489598915226,0.011351932585239411,0.003908599416414897,0.007743209600448608,0.10894280672073364,0.10894280672073364,0.09923788905143738,0.09923788905143738,0.3344981074333191,0.3344981074333191,0.3216518759727478,0.3216518759727478,0.3186173141002655,0.3186173141002655,0.31660759449005127,0.31660759449005127,0.31545349955558777,0.31545349955558777,0.32638686895370483,0.32638686895370483,0.32212889194488525,0.32212889194488525,0.32794293761253357,0.32794293761253357,0.3168407082557678,0.3168407082557678,0.047677814960479736,0.062024108912856854,-0.014346293952377118,0.06329899281263351,0.06329899281263351,0.056872088462114334,0.056872088462114334,0.047677814960479736,0.047677814960479736,0.04729593172669411,0.04729593172669411,0.04239027202129364,0.04239027202129364,0.03464476391673088,0.03464476391673088,0.032895419746637344,0.032895419746637344,0.03020828403532505,0.03020828403532505,0.02902798168361187,0.02902798168361187,0.026842990890145302,0.026842990890145302,0.027931412681937218,0.027931412681937218
1952804984,qslstm_log,extrapolation,iid,2000023,62,8,54,54,7,0.07796537475606302,0.26636954300826593,0.10126980378189021,0.31822916865348816,0.03944429593791823,0.1757896337658167,0.08367220124764004,0.2797887888219621,0.010306456022792392,0.005314150026866368,0.02278057166508266,0.1688841606179873,0.09656530618667603,0.15643864231450216,0.10139846801757812,0.1757896337658167,0.30119413137435913,0.18495888262987137,0.2966500520706177,0.2177004311233759,0.30941569805145264,0.2322463020682335,0.29568183422088623,0.25436745770275593,0.3007776737213135,0.2749651800841093,0.3224232792854309,0.2751337233930826,0.3159359097480774,0.22986353002488613,0.31899356842041016,0.2151549980044365,0.3182545006275177,0.18692910857498646,0.05605013930687198,0.1308789692681145,0.21034851484000683,0.04920347407460213,0.19843950335468566,0.04867981746792793,0.18692910857498646,0.042965129017829895,0.15525313559919596,0.04487200081348419,0.1335508287884295,0.04268631339073181,0.11221029469743371,0.049272358417510986,0.10467556118965149,0.04594555124640465,0.11193247744813561,0.041686926037073135,0.09749085735529661,0.05006398260593414,0.06289592944085598,0.03650081157684326,0.05716825043782592,0.038706254214048386
1952804984,qslstm_log,extrapolation,iid,2000024,62,3,59,58,3,0.10768358862152627,0.31074796701150553,0.13553217021609698,0.36814694106578827,0.053508881137317145,0.2138535132010778,0.11043823476479114,0.3156748036459341,0.01364459919518438,0.00647847666296848,0.016948213179906208,0.18039839218060175,0.10754206776618958,0.22494957596063614,0.17356014251708984,0.2138535132010778,0.33620424568653107,0.25806924700737,0.34404169023036957,0.2633084754149119,0.3354012221097946,0.28485273321469623,0.35729505121707916,0.2804989318052928,0.34272734820842743,0.2803519864877065,0.35663147270679474,0.2647174596786499,0.3541408032178879,0.2947349051634471,0.3573884814977646,0.3727341641982396,0.3782186359167099,0.07403738548358281,0.05144464663403519,0.02259273884954762,0.0944373036424319,0.0645938590168953,0.09194157024224599,0.06841609627008438,0.07403738548358281,0.04961514472961426,0.05950356647372246,0.044197652488946915,0.05321944629152616,0.040113434195518494,0.049075464407602944,0.040137939155101776,0.0454187902311484,0.03510378301143646,0.04427231848239899,0.03347485885024071,0.04693966483076414,0.03188309445977211,0.04360346496105194,0.03136443346738815,0.0336675550788641,0.030003996565937996
1952804984,qslstm_log,extrapolation,iid,2000025,62,2,60,60,1,0.00246077929882792,0.04215790283295416,0.0010789010773670782,0.03284662961959839,0.002748000457701849,0.03840628266334534,0.0024512052601987893,0.04228295683860779,0.01467828353246053,0.01467828353246053,0.02960413694381714,,,0.0740848183631897,0.0740848183631897,0.03840628266334534,0.0027277469635009766,0.03294855356216431,0.06316936016082764,0.09707388281822205,0.13097840547561646,0.13523772358894348,0.1394970417022705,0.10071611404418945,0.0619351863861084,0.013797223567962646,0.01852351427078247,0.03929227590560913,0.022579729557037354,0.06581065058708191,0.07867306470870972,0.08314663171768188,0.06665593385696411,0.3301863968372345,0.07831658354649941,0.2518698132907351,,,0.3623064458370209,0.3623064458370209,0.3301863968372345,0.2980663478374481,0.27189935743808746,0.2457323670387268,0.21774626523256302,0.18976016342639923,0.1789918839931488,0.16822360455989838,0.1600533053278923,0.15188300609588623,0.09865513071417809,0.08496755361557007,0.08235318213701248,0.08750272542238235,0.0697203055024147,0.06795734912157059,0.07381222024559975,0.07982797175645828
1952804984,qslstm_log,extrapolation,iid,2000026,62,6,56,55,6,0.10673403211113491,0.3100092185120429,0.11657105208258489,0.3414250314235687,0.07936370615238146,0.2343641221523285,0.10966656703528707,0.31811405026486944,0.013070044734261252,0.005562017361323039,0.02231748898824056,0.22515101730823517,0.02941584587097168,0.22030703723430634,0.035745441913604736,0.2343641221523285,0.3622874915599823,0.25455162425835925,0.3552333414554596,0.30553629497687024,0.3643323481082916,0.2973347504933675,0.35619112849235535,0.30162767072518665,0.3563639223575592,0.3057170460621516,0.34141290187835693,0.3561509797970454,0.33598342537879944,0.36019253234068555,0.3414250314235687,0.3561481684446335,,0.08807745513816674,0.08361718863514918,0.0044602665030175626,0.09441657364368439,0.04936463013291359,0.09452551665405433,0.04006632789969444,0.08807745513816674,0.03698267787694931,0.08050825198491414,0.03529069200158119,0.07711039980252583,0.04354068636894226,0.07022674878438313,0.037617966532707214,0.07153426172832648,0.0389600433409214,0.07429545000195503,0.03994431719183922,0.08203165978193283,0.0333189032971859,0.05718431125084559,0.029707640409469604,0.07011618465185165,
1952804984,qslstm_log,extrapolation,iid,2000027,62,3,59,58,3,0.12868351412001497,0.2605475660173162,8.778403952547364e-05,0.009369313716888428,0.07725372785998626,0.22888928527633348,0.13129858799764357,0.2621573091058408,0.013727891547926542,0.005974042415618897,0.0677171250184377,0.4404409434646368,0.5301975421607494,0.4179159291088581,0.5228596739470959,0.22888928527633348,0.01137620210647583,0.24445020904143652,0.02552849054336548,0.31217669198910397,0.024077236652374268,0.32971851776043576,0.019294798374176025,0.33386117964982986,0.013793647289276123,0.35495681315660477,0.029698193073272705,0.3539347325762113,0.026897549629211426,0.37462833275397617,0.02063196897506714,0.3552318687240283,0.03117358684539795,0.1570216380059719,0.06885788046707542,0.08816375753889649,0.20286533795297146,0.058667849749326706,0.21561781068642935,0.05808013677597046,0.1570216380059719,0.0577995665371418,0.11958178753654163,0.0477612130343914,0.10671909153461456,0.04963374137878418,0.09545781960090001,0.048648640513420105,0.08197605237364769,0.04098876938223839,0.07199830561876297,0.044277578592300415,0.06823334967096646,0.04417725279927254,0.07844805717468262,0.06353461742401123,0.06906892483433087,0.04741406813263893
1952804984,qslstm_log,extrapolation,iid,2000028,62,3,59,58,3,0.14038954279932953,0.36390405220370137,0.17003529895739522,0.41235336661338806,0.08752736154357864,0.27464811752239865,0.14307745032080837,0.3684424895603778,0.011728491762588764,0.006313431788893307,0.06337883075078328,0.257580678910017,0.11417633295059204,0.2542657032608986,0.12718147039413452,0.27464811752239865,0.35609424114227295,0.2868623211979866,0.34415382146835327,0.28839346518119174,0.33147716522216797,0.2743983442584674,0.34797966480255127,0.2680218691627185,0.3563550114631653,0.34204355627298355,0.34843534231185913,0.36611271649599075,0.3701157569885254,0.3932394857207934,0.39807403087615967,0.3959105188647906,0.40458187460899353,0.15801375856002173,0.06866774060842344,0.08934601795159829,0.053910162299871445,0.06653489917516708,0.17229867726564407,0.06884027272462845,0.15801375856002173,0.08244334906339645,0.12266675258676212,0.0742262527346611,0.11514447256922722,0.08234430104494095,0.09142490352193515,0.0665113776922226,0.0834343967338403,0.06073085591197014,0.07623002553979556,0.042798418551683426,0.06976362317800522,0.03358471393585205,0.04137307281295458,0.03248738497495651,0.035700006410479546,0.030213696882128716
1952804984,qslstm_log,extrapolation,iid,2000029,62,2,60,60,1,0.09141261915001918,0.2588689947320569,0.08087163060957558,0.28437937796115875,0.12113249576768681,0.31155095249414444,0.09042195659609692,0.25711292947332065,0.01550120214621226,0.007623969054803616,0.022881627082824707,0.02915489673614502,0.02915489673614502,0.012870609760284424,0.012870609760284424,0.31155095249414444,0.4666912108659744,0.24030185490846634,0.4631306082010269,0.23167643696069717,0.4453212767839432,0.2682807520031929,0.44749267399311066,0.24324718862771988,0.46007294952869415,0.23071537166833878,0.41757650673389435,0.22923339158296585,0.4023331552743912,0.22995582967996597,0.3913605958223343,0.18095076829195023,0.3474319130182266,0.19782722182571888,0.07428190869589647,0.1235453131298224,0.05163079872727394,0.05163079872727394,0.052252162247896194,0.052252162247896194,0.19782722182571888,0.049495015293359756,0.1606608647853136,0.04869816079735756,0.12799096666276455,0.04973490163683891,0.10303724557161331,0.061457663774490356,0.11542076617479324,0.08504325151443481,0.09147943928837776,0.06771306693553925,0.08879831805825233,0.0763612762093544,0.07930959947407246,0.042953010648489,0.048826005309820175,0.037565577775239944
1952804984,qslstm_log,extrapolation,iid,2000030,62,3,59,58,3,0.17870579587322524,0.40295583322163553,0.15682532179761566,0.3960117697715759,0.16136857297888488,0.3835833966732025,0.17958734957971714,0.403940872368166,0.014056925629747325,0.004392243921756744,0.02648395299911499,0.27073536068201065,0.4892891049385071,0.32238496094942093,0.4932587146759033,0.3835833966732025,0.39147692918777466,0.39762338002522785,0.3936651349067688,0.3720816969871521,0.40100547671318054,0.3815741042296092,0.40984851121902466,0.3739868601163228,0.4111148416996002,0.37160619099934894,0.3999403119087219,0.3712627987066905,0.3960117697715759,0.501189261674881,,0.4980561286211014,,0.06865725604196389,0.05245293998869799,0.016204316053265902,0.08357784648736317,0.027385622262954712,0.07851525209844112,0.027047237381339073,0.06865725604196389,0.02783036418259144,0.058454956859350204,0.026901207864284515,0.061806903531154,0.02729913592338562,0.05038284882903099,0.0267641544342041,0.04775290687878927,0.027037158608436584,0.0436186163375775,0.02807524986565113,0.04013700348635515,0.028024135157465935,0.04132942482829094,,0.03511629067361355,
1952804984,qslstm_log,extrapolation,iid,2000031,62,1,61,60,1,0.15135350419727794,0.384271482306142,0.15416616537619632,0.39263999462127686,0.23391452515221545,0.48364710807800293,0.15000004483736093,0.38264237368693116,0.014118381341298421,0.014118381341298421,0.21921256184577942,,,0.14163362979888916,0.14163362979888916,0.48364710807800293,0.48364710807800293,0.5521397590637207,0.5521397590637207,0.4918217658996582,0.4918217658996582,0.472007691860199,0.472007691860199,0.5111689567565918,0.5111689567565918,0.41318684816360474,0.41318684816360474,0.3371354937553406,0.3371354937553406,0.2891901135444641,0.2891901135444641,0.3182958960533142,0.3182958960533142,0.4199366867542267,0.07553999321382554,0.34439669354040114,,,0.42983993887901306,0.42983993887901306,0.4199366867542267,0.4199366867542267,0.314740389585495,0.314740389585495,0.19422553479671478,0.19422553479671478,0.15023773908615112,0.15023773908615112,0.1545620858669281,0.1545620858669281,0.12712155282497406,0.12712155282497406,0.11886578798294067,0.11886578798294067,0.08123672753572464,0.08123672753572464,0.09176579862833023,0.09176579862833023
1952804984,qslstm_log,extrapolation,iid,2000032,62,4,58,57,4,0.053934599171264155,0.19353544111213378,0.07791035249192646,0.27912425994873047,0.09532730843078957,0.2684544436633587,0.05107992956715896,0.1883686133499803,0.013566727178138598,0.006239455193281174,0.0846610963344574,0.11832340558369954,0.04136282205581665,0.2137499414384365,0.046905577182769775,0.2684544436633587,0.2677667737007141,0.2187495231628418,0.2772555947303772,0.22209475934505463,0.26863211393356323,0.20086416602134705,0.2752406597137451,0.20757895708084106,0.2819734811782837,0.2352549433708191,0.2706155776977539,0.21131286025047302,0.2841038703918457,0.21492603421211243,0.2716345191001892,0.23960411548614502,0.27912425994873047,0.1305861296132207,0.06623157608354914,0.06435455352967155,0.14820294578870138,0.03232843056321144,0.16908459458500147,0.03213319182395935,0.1305861296132207,0.036155540496110916,0.11459830962121487,0.03328238055109978,0.11115055438131094,0.03290881589055061,0.1117053609341383,0.03238958120346069,0.1040670033544302,0.03243296593427658,0.0805252930149436,0.031712647527456284,0.0836066217161715,0.029868626967072487,0.05085362819954753,0.030693644657731056,0.038606563583016396,0.03370633348822594
1952804984,qslstm_log,extrapolation,iid,2000033,62,2,60,59,2,0.16044023213453265,0.39076447595031033,0.17851019065170703,0.4225046634674072,0.12577279717152504,0.3544156961143017,0.16159581329996625,0.39197610194484395,0.014836884151070805,0.00801723837852478,0.04468977451324463,0.23498081788420677,0.4069290980696678,0.2543058358132839,0.44229068607091904,0.3544156961143017,0.36715584993362427,0.3953358046710491,0.38840532302856445,0.3921666257083416,0.41175150871276855,0.39605162665247917,0.4388318657875061,0.41136711463332176,0.44087308645248413,0.42685092613101006,0.4114111661911011,0.4155132323503494,0.4426211416721344,0.4372112452983856,0.4320489764213562,0.44328515231609344,0.4271695017814636,0.10529981926083565,0.07170036702106396,0.03359945223977169,0.1335134506225586,0.08089254796504974,0.11872970312833786,0.08543220162391663,0.10529981926083565,0.09102491289377213,0.10525262355804443,0.09088614583015442,0.08798278495669365,0.07523661106824875,0.0944957584142685,0.08681138604879379,0.10811740905046463,0.11366821080446243,0.11076118052005768,0.13609015941619873,0.0762611348181963,0.061636123806238174,0.10216385498642921,0.07056740671396255,0.06249518319964409,0.06089721620082855
1952804984,qslstm_log,extrapolation,iid,2000034,62,7,55,55,6,0.08792248265295259,0.25581590014119304,0.006143450654864324,0.07838016748428345,0.09907700034511915,0.2857625484466553,0.08650281676485867,0.2520045085386796,0.01057921214537187,0.003616710007190704,0.04433241983254751,0.2998385727405548,0.3804909884929657,0.32588477929433185,0.3824359178543091,0.2857625484466553,0.0823807418346405,0.2732468289988382,0.07777896523475647,0.2828201821872166,0.0762229859828949,0.29134720989636015,0.07580029964447021,0.30675860813685824,0.07151979207992554,0.31972748041152954,0.07205513119697571,0.3167513225759779,0.07495373487472534,0.31322998659951345,0.06915944814682007,0.27348565629550387,0.07119753956794739,0.11674768158367702,0.060048544271425766,0.05669913731225125,0.11562734718124072,0.03748477250337601,0.09755889202157657,0.04209965094923973,0.11674768158367702,0.0416228249669075,0.09637325895684105,0.04682547226548195,0.08706726240260261,0.042015474289655685,0.08258048338549477,0.04332974925637245,0.07918983325362206,0.05314016714692116,0.07112254042710577,0.0504925400018692,0.07033145534140724,0.06632442027330399,0.05070556114826884,0.04337451979517937,0.05014709808996746,0.051372453570365906
1952804984,qslstm_log,extrapolation,iid,2000035,62,6,56,56,5,0.05466570132990712,0.2075581205107512,0.026403768567925034,0.16249236464500427,0.0884023399268103,0.27090302885820466,0.05105106148023892,0.20077116604495263,0.015954076711620604,0.0057938193020067716,0.04809420704841614,0.3215394807048142,0.38755151629447937,0.29083151556551456,0.3794342577457428,0.27090302885820466,0.16415366530418396,0.28330132147918147,0.15478399395942688,0.22791939973831177,0.1636100709438324,0.21982093652089438,0.17173907160758972,0.21644052863121033,0.19361290335655212,0.32824482085804146,0.1710488498210907,0.24733707308769226,0.1610172688961029,0.2572450091441472,0.1490783989429474,0.2603998084863027,0.1515142023563385,0.18154308324058852,0.06690525183720249,0.11463783140338603,0.1332674790173769,0.0759134441614151,0.18098537176847457,0.09561827778816223,0.18154308324058852,0.06723836064338684,0.15342060600717863,0.07075931131839752,0.13965893785158792,0.07578491419553757,0.1300033008058866,0.07954441756010056,0.13614426801602045,0.07275227457284927,0.1056499220430851,0.04008616507053375,0.08262948505580425,0.03757474198937416,0.09666325338184834,0.037174466997385025,0.07356697817643483,0.03350565582513809
1952804984,qslstm_log,extrapolation,iid,2000036,62,2,60,59,2,0.13056895132674068,0.3532798554628126,0.06900142124003228,0.2626812160015106,0.11203688936638834,0.3322816789150238,0.13118668672541908,0.3539797946810722,0.010870061183379869,0.0046043924309990625,0.06002184748649597,0.25629574060440063,0.38418811559677124,0.2964041233062744,0.3817897439002991,0.3322816789150238,0.29196077585220337,0.3588487505912781,0.28071078658103943,0.328531950712204,0.2870553135871887,0.3442397713661194,0.2936024069786072,0.3536987006664276,0.2837897539138794,0.3699704259634018,0.2785685956478119,0.3654986619949341,0.2857027053833008,0.3707036226987839,0.27826789021492004,0.35210390388965607,0.2716589868068695,0.18556966073811054,0.06559296088914077,0.11997669984896978,0.19394059292972088,0.046369101852178574,0.1650869157165289,0.060465287417173386,0.18556966073811054,0.056054506450891495,0.13204781152307987,0.042215172201395035,0.0932878702878952,0.034042030572891235,0.07327126804739237,0.03031756915152073,0.06124330125749111,0.034849125891923904,0.057997897267341614,0.04415348172187805,0.06241944618523121,0.05484886094927788,0.06355839595198631,0.061167627573013306,0.049085039645433426,0.035427555441856384
1952804984,qslstm_log,extrapolation,iid,2000037,62,1,61,60,1,0.010841380118827697,0.09455261115104921,0.008915274455350897,0.09442073106765747,0.04594407635983089,0.21434569358825684,0.01026592608208994,0.09258879012748843,0.015945621331532798,0.01396238601813882,0.047354549169540405,0.10912936925888062,0.10912936925888062,0.02382713556289673,0.02382713556289673,0.21434569358825684,0.21434569358825684,0.183847576379776,0.183847576379776,0.23423346877098083,0.23423346877098083,0.27651548385620117,0.27651548385620117,0.18820452690124512,0.18820452690124512,0.07442396879196167,0.07442396879196167,0.08484309911727905,0.08484309911727905,0.10111939907073975,0.10111939907073975,0.04857277870178223,0.04857277870178223,0.18481378257274628,0.0714040924718634,0.11340969010088288,0.36263275146484375,0.36263275146484375,0.24424928426742554,0.24424928426742554,0.18481378257274628,0.18481378257274628,0.18600215017795563,0.18600215017795563,0.15506738424301147,0.15506738424301147,0.12544749677181244,0.12544749677181244,0.11775123327970505,0.11775123327970505,0.1095343828201294,0.1095343828201294,0.09179923683404922,0.09179923683404922,0.09546170383691788,0.09546170383691788,0.08563026785850525,0.08563026785850525
1952804984,qslstm_log,extrapolation,iid,2000038,62,3,59,58,3,0.18245785107908638,0.42075777744814274,0.16343660701212542,0.4042729362845421,0.1496218978123761,0.36090136505663395,0.18412747582146144,0.42380132384093133,0.013939024559382734,0.00765778666192835,0.06579539179801941,0.4149772046754758,0.5149116273969412,0.3792582470923662,0.5139629598706961,0.36090136505663395,0.4276072606444359,0.46317671860257786,0.41324882954359055,0.4759739153087139,0.4273908957839012,0.4935527754326661,0.44047965854406357,0.4829416386783123,0.4281966909766197,0.5097654374937216,0.40915318578481674,0.5267048689226309,0.3990037962794304,0.4719923548400402,0.38166552037000656,0.40887951105833054,0.38599880784749985,0.11984327808022499,0.06408141291368816,0.055761865166536834,0.1956361879905065,0.0595889687538147,0.13819082702199617,0.05897543206810951,0.11984327808022499,0.057298820465803146,0.11806006977955501,0.07671088725328445,0.11877167969942093,0.08228976279497147,0.11736573527256648,0.08893298357725143,0.11314361542463303,0.10601046681404114,0.12009739875793457,0.1048145517706871,0.11205844829479854,0.08619511872529984,0.054362607498963676,0.04190869256854057,0.06538456802566846,0.037153054028749466
1952804984,qslstm_log,extrapolation,iid,2000039,62,0,62,61,0,0.15953724710167008,0.3958166195380111,0.195974721347956,0.442690322175622,,,0.15953724710167008,0.3958166195380111,0.011491348020365982,0.011491348020365982,,,,,,,,,,,,,,,,,,,,,,,,,0.08471438841473672,,,,,,,,,,,,,,,,,,,,,,,
1952804984,qslstm_log,extrapolation,iid,2000040,62,6,56,56,5,0.07102222948849171,0.24738087721409335,0.12348806755802944,0.3514086902141571,0.06416111185613575,0.24075786272684732,0.07175734923481555,0.24809048590915544,0.01153552532196045,0.004855391654101285,0.013965106010437012,0.21756552755832673,0.27936995029449463,0.20693969130516052,0.2771228849887848,0.24075786272684732,0.3357241153717041,0.2638662780324618,0.33629488945007324,0.2659560665488243,0.34782931208610535,0.26622860382000607,0.3539058566093445,0.2559713001052539,0.35963359475135803,0.2178555428981781,0.36247560381889343,0.1862640082836151,0.36488962173461914,0.15004632174968718,,0.1643637478351593,,0.09633787535130978,0.04974963452800044,0.04658824082330933,0.06048078462481499,0.040240224450826645,0.05635501816868782,0.04455352947115898,0.09633787535130978,0.04487527906894684,0.07459309262533982,0.04384777322411537,0.0662574227899313,0.0502680242061615,0.059751735689739384,0.04663684591650963,0.05488572145501772,0.037239670753479004,0.04868700789908568,0.031132670119404793,0.04435958030323187,0.03027985990047455,0.04315416663885117,,0.03765153214335441,
1952804984,qslstm_log,extrapolation,iid,2000041,62,4,58,57,4,0.11433792421750914,0.3311477047541449,0.11087420144736632,0.3329777792096138,0.11894114763858633,0.33573209680616856,0.11402046053329692,0.3308315397850398,0.011793351487109536,0.005550195512018706,0.02902994304895401,0.35518546402454376,0.4240538477897644,0.3575635403394699,0.4149746298789978,0.33573209680616856,0.30194149166345596,0.356282876804471,0.31910190731287,0.3583827931433916,0.3068978562951088,0.32517133094370365,0.2978079095482826,0.3376941401511431,0.31406117230653763,0.3702892679721117,0.31646934896707535,0.3824924845248461,0.33264515548944473,0.3754880391061306,0.36534280329942703,0.3446855526417494,0.3415039852261543,0.10620026104152203,0.0655317512694104,0.04066850977211163,0.09310400672256947,0.046470969915390015,0.09107123222202063,0.04418153688311577,0.10620026104152203,0.0452347993850708,0.1013679401949048,0.048137690871953964,0.10532027296721935,0.04368153214454651,0.09581757057458162,0.03765581175684929,0.09478679485619068,0.03712887316942215,0.07922085653990507,0.03488635644316673,0.08109238743782043,0.03652897849678993,0.050548811443150043,0.041907474398612976,0.043930147774517536,0.052179399877786636
1952804984,qslstm_log,extrapolation,iid,2000042,62,3,59,58,3,0.02195664208827118,0.09207891408474214,0.0005649592772281053,0.023768872022628784,0.1265458511248108,0.317431536813577,0.01663854671353188,0.08062030614937767,0.010163567189512581,0.009023567763241855,0.11410701274871826,0.2800253592431545,0.4713579937815666,0.30534543345371884,0.51737891882658,0.317431536813577,0.1246127188205719,0.38710767527421314,0.12548330426216125,0.3723130275805791,0.1274586021900177,0.36954399446646374,0.1198950707912445,0.25158722947041195,0.11277005076408386,0.10942275325457256,0.0753263533115387,0.09619684020678203,0.0559253990650177,0.05819987257321676,0.05520084500312805,0.049098859230677284,0.05800637602806091,0.18088157226641974,0.07079146152078095,0.11009011074563879,0.24175715819001198,0.12427673488855362,0.25250760714213055,0.13635462522506714,0.18088157226641974,0.11474617570638657,0.13580926259358725,0.10902753472328186,0.11600539088249207,0.09130711108446121,0.12155943363904953,0.10404694080352783,0.12365186959505081,0.11985480785369873,0.088248610496521,0.06441118568181992,0.0964609185854594,0.06548100709915161,0.07066801687081654,0.08067136257886887,0.06951431185007095,0.05663827061653137
1952804984,qslstm_log,extrapolation,iid,2000043,62,3,59,58,3,0.1850066843580566,0.4185431561162395,0.16265914913634916,0.40331023931503296,0.14659527559933405,0.3669524888197581,0.18695980683731367,0.4211664103855521,0.016802831970412154,0.0037838168766187587,0.049107382694880165,0.2690308094024658,0.2237638235092163,0.29796091715494794,0.22141975164413452,0.3669524888197581,0.4420899748802185,0.3379259606202443,0.4453796148300171,0.36585383613904315,0.44179394841194153,0.34134921431541443,0.4366717040538788,0.334492286046346,0.4377204179763794,0.4371798833211263,0.4295386075973511,0.4278269012769063,0.42689380049705505,0.437652846177419,0.423761785030365,0.44656117757161456,0.40894564986228943,0.10146239027380943,0.0665839543976521,0.03487843587615733,0.12580601995189986,0.03407535329461098,0.09205863003929456,0.032464444637298584,0.10146239027380943,0.03161212056875229,0.08178854857881863,0.02974560856819153,0.06892238122721513,0.029247654601931572,0.07090888979534309,0.029687685891985893,0.06531617790460587,0.02839662879705429,0.062301674857735634,0.028960151597857475,0.06116265927751859,0.028115851804614067,0.04030053814252218,0.028136717155575752,0.035496546576420464,0.029061540961265564
1952804984,qslstm_log,extrapolation,iid,2000044,62,2,60,59,2,0.0578676993199839,0.23130223659738416,0.029003665714122384,0.17030462622642517,0.028486532005136067,0.1686587557196617,0.058847071563812164,0.2333903526266416,0.012172561580851927,0.0052417841027764716,0.02958105504512787,0.3498806208372116,0.3498806208372116,0.23086205124855042,0.3503691703081131,0.1686587557196617,0.17504280805587769,0.2395780310034752,0.18072301149368286,0.23659024387598038,0.19461378455162048,0.25031303614377975,0.1930949091911316,0.2540797218680382,0.19522440433502197,0.23649054020643234,0.1940673589706421,0.20605938881635666,0.18499070405960083,0.2220928743481636,0.19949039816856384,0.24806640297174454,0.1934506893157959,0.12316985800862312,0.04536230561013023,0.0778075523984929,0.03454303368926048,0.03454303368926048,0.18988490104675293,0.038975030183792114,0.12316985800862312,0.03737298399209976,0.10056858323514462,0.03581218048930168,0.08474495448172092,0.037434909492731094,0.0663716308772564,0.03273731470108032,0.06267104391008615,0.031142259016633034,0.049253190867602825,0.029825588688254356,0.04174413811415434,0.028099635615944862,0.035785325802862644,0.027041343972086906,0.03211998846381903,0.026137350127100945
1952804984,qslstm_log,extrapolation,iid,2000045,62,6,56,56,5,0.0546828087200191,0.21683639251897413,0.005614372747700713,0.0749291181564331,0.048644304709945345,0.20531937604149184,0.055329791292527006,0.21807035857013293,0.013133551393236433,0.0031070617529062126,0.04044777750968933,0.21432653814554214,0.3038442134857178,0.22340990453958512,0.30948638916015625,0.20531937604149184,0.08461296558380127,0.21627020835876465,0.0801231861114502,0.19305445750554404,0.08282047510147095,0.192191610733668,0.07466119527816772,0.19983936846256256,0.07390499114990234,0.2049704591433207,0.07351833581924438,0.1990314374367396,0.07689976692199707,0.232549120982488,0.08216583728790283,0.27578909397125245,,0.1410212613021334,0.05222462570028646,0.08879663560184695,0.0833537788130343,0.028815342113375664,0.13484129980206488,0.028470471501350403,0.1410212613021334,0.028161274269223213,0.11590430171539386,0.027939191088080406,0.10281372504929702,0.02765214443206787,0.09104783926159143,0.02778255008161068,0.08936682747056086,0.027982881292700768,0.07477464433759451,0.029761100187897682,0.0613660275315245,0.0325302816927433,0.050679743910829224,0.02837917022407055,0.04618597440421581,
1952804984,qslstm_log,extrapolation,iid,2000046,62,5,57,57,4,0.05865968741179798,0.1798603459591827,0.007993307352137435,0.08940529823303223,0.08227008286071649,0.2348834864795208,0.056588600091717414,0.17503375468546883,0.013315931746834203,0.007086149520344204,0.030890457332134247,0.2844178145751357,0.5203218720853329,0.2967062881216407,0.5272106193006039,0.2348834864795208,0.007300198078155518,0.24880871698260307,0.02863520383834839,0.28677797839045527,0.03662288188934326,0.3163223318755627,0.05488640069961548,0.31716970130801203,0.041121602058410645,0.21567848324775696,0.037322044372558594,0.2154967725276947,0.05239725112915039,0.2221855938434601,0.039170801639556885,0.2649879276752472,0.04900771379470825,0.15255782306194304,0.05954262820121489,0.09301519486072815,0.1623953701928258,0.047552481293678284,0.12540864385664463,0.0467761792242527,0.15255782306194304,0.046738773584365845,0.12585605084896087,0.042688895016908646,0.10774457603693008,0.04457715153694153,0.09836244806647301,0.04214281216263771,0.09314424991607666,0.04676372930407524,0.08024296835064888,0.049234628677368164,0.06568344533443451,0.04529900476336479,0.06322573944926262,0.04410861060023308,0.05072069019079208,0.03674523904919624
1952804984,qslstm_log,extrapolation,iid,2000047,62,3,59,58,3,0.013158284058625349,0.07229083391927904,3.9257391017955e-06,0.0019813477993011475,0.04616670843698737,0.17325234413146973,0.011479889598708635,0.06715719780679476,0.012276582676788857,0.005576772909415395,0.02886955936749776,0.19446847836176553,0.14757725596427917,0.18563910325368246,0.1353551149368286,0.17325234413146973,0.027826368808746338,0.1668113867441813,0.030388355255126953,0.1771802306175232,0.03700554370880127,0.1554366648197174,0.030290216207504272,0.15084433555603027,0.044224321842193604,0.1025622288386027,0.026582062244415283,0.09132284919420879,0.03480631113052368,0.09188231825828552,0.020970910787582397,0.06574679414431255,0.023527920246124268,0.09327132379015286,0.055513005829968695,0.03775831796018417,0.10610181838274002,0.04358699917793274,0.09428153559565544,0.04941638186573982,0.09327132379015286,0.04929955676198006,0.0748814990123113,0.0493989922106266,0.06816237668196361,0.0590650700032711,0.06326286618908246,0.05546148121356964,0.05495260159174601,0.047201018780469894,0.04534972459077835,0.03637898713350296,0.04451347142457962,0.035462625324726105,0.04068621744712194,0.03538281098008156,0.04550286879142126,0.031478151679039
1952804984,qslstm_log,extrapolation,iid,2000048,62,2,60,59,2,0.05556670560695117,0.23001821002652567,0.055548637103236764,0.23568758368492126,0.047396027037179156,0.2133670300245285,0.055839061559276905,0.2305732493599256,0.012669195563106214,0.005101405084133148,0.04584921896457672,0.3006629943847656,0.3006629943847656,0.1858227699995041,0.28940916061401367,0.2133670300245285,0.2566167414188385,0.2695343643426895,0.26314905285835266,0.24332652986049652,0.2719116508960724,0.2188694030046463,0.2632739245891571,0.200767382979393,0.26327452063560486,0.20318008959293365,0.2841688096523285,0.22503820061683655,0.288553386926651,0.23359936475753784,0.2709607183933258,0.22644685208797455,0.26750776171684265,0.12606311589479446,0.06290002291401227,0.0631630929807822,0.041219282895326614,0.041219282895326614,0.1887638419866562,0.04118090867996216,0.12606311589479446,0.0356258898973465,0.10357299260795116,0.03527170047163963,0.08435393124818802,0.03819039463996887,0.07968915067613125,0.03155365213751793,0.0866636112332344,0.03297019004821777,0.10036663711071014,0.0387832373380661,0.07345832325518131,0.0406087301671505,0.05850804038345814,0.04461383447051048,0.04145499598234892,0.03121008910238743
1952804984,qslstm_log,extrapolation,iid,2000049,62,2,60,60,1,0.007031555833106261,0.07930237968121806,0.004205909372800853,0.06485298275947571,0.00121535659888794,0.034375593066215515,0.007225429140913538,0.08079993923505148,0.011493659516175588,0.011493659516175588,0.0026208162307739258,,,0.04017862677574158,0.04017862677574158,0.034375593066215515,0.028572559356689453,0.035256922245025635,0.041941285133361816,0.053500235080718994,0.06505918502807617,0.03866121172904968,0.012263238430023193,0.022604793310165405,0.03294634819030762,0.04745364189147949,0.07744461297988892,0.07651323080062866,0.05667608976364136,0.12153762578964233,0.1254953145980835,0.1086752712726593,0.10307824611663818,0.24509046226739883,0.050295082355539006,0.19479537991185983,,,0.29935336112976074,0.29935336112976074,0.24509046226739883,0.19082756340503693,0.18108808994293213,0.17134861648082733,0.16348415613174438,0.15561969578266144,0.14818745851516724,0.14075522124767303,0.13517703860998154,0.12959885597229004,0.1002097837626934,0.09925030916929245,0.07868915423750877,0.07080432772636414,0.060707760974764824,0.06267298758029938,0.05000557191669941,0.04968910291790962
1952804984,qslstm_log,extrapolation,iid,2000050,62,2,60,60,1,0.021028030701746362,0.14109622374657663,0.015633509721372008,0.12503403425216675,0.033555098155568786,0.1380746066570282,0.020610461786618947,0.14119694431622823,0.013762406508127848,0.012098659903316175,0.08481639623641968,0.01769810914993286,0.01769810914993286,0.12962156534194946,0.12962156534194946,0.1380746066570282,0.25845110416412354,0.18659186363220215,0.24356216192245483,0.2356615662574768,0.21287202835083008,0.19401872158050537,0.1444752812385559,0.20063984394073486,0.18840765953063965,0.18556350469589233,0.18271934986114502,0.18457117676734924,0.18642300367355347,0.15882614254951477,0.13187187910079956,0.12670230865478516,0.12960940599441528,0.2715577930212021,0.06411288982878129,0.20744490319242082,0.35111531615257263,0.35111531615257263,0.2387264519929886,0.2387264519929886,0.2715577930212021,0.19200026988983154,0.22072914987802505,0.20273184776306152,0.17677515000104904,0.16155003011226654,0.17251451313495636,0.1422971785068512,0.15104813873767853,0.14054624736309052,0.1491222307085991,0.15769821405410767,0.13244568184018135,0.10719314962625504,0.08153056725859642,0.0640944242477417,0.06828205473721027,0.05263340845704079
1952804984,qslstm_log,extrapolation,iid,2000051,62,4,58,58,3,0.04893259848754719,0.1984152784270625,0.03342699630966095,0.18283051252365112,0.04433045837047622,0.1705816686153412,0.04924998746113829,0.2003348377244226,0.009948450429686185,0.004928694831000434,0.07881616552670796,0.2304261177778244,0.026658296585083008,0.1666383445262909,0.014370769262313843,0.1705816686153412,0.21955442428588867,0.2582109272480011,0.22146236896514893,0.2797263562679291,0.2234836220741272,0.2850388139486313,0.2296786904335022,0.18514278531074524,0.23970234394073486,0.076164610683918,0.24259912967681885,0.07466582953929901,0.22610503435134888,0.13280993700027466,0.23491650819778442,0.23060941696166992,0.24795684218406677,0.2016744576394558,0.06407752620248959,0.13759693143696622,0.12091341242194176,0.06809621304273605,0.19390886525313059,0.06271249055862427,0.2016744576394558,0.05177411437034607,0.15813833475112915,0.052115485072135925,0.14456643536686897,0.05173414945602417,0.13862385135143995,0.053585391491651535,0.1314735608175397,0.04607914760708809,0.1112799160182476,0.041368260979652405,0.10203718487173319,0.0354016087949276,0.0642666146159172,0.0464247465133667,0.04886872135102749,0.04512568935751915
1952804984,qslstm_log,extrapolation,iid,2000052,62,4,58,57,4,0.05970397102432135,0.22202077730288428,0.036097247200040705,0.189992755651474,0.08164927788299817,0.25032651890069246,0.05819050158579191,0.22006865719269061,0.011742601269169858,0.0068351149559020994,0.05424492061138153,0.19289139534036318,0.4429687149822712,0.20120194274932146,0.4692983515560627,0.25032651890069246,0.19787541031837463,0.22347248066216707,0.1800079345703125,0.2026841538026929,0.16180887818336487,0.1680142031982541,0.18111035227775574,0.15900625754147768,0.17190447449684143,0.3894400065764785,0.19186416268348694,0.38720692601054907,0.17730668187141418,0.31777101196348667,0.2074069082736969,0.1859240159392357,0.21738478541374207,0.16537780966609716,0.04958744395267347,0.11579036571342369,0.20243977631131807,0.04940452799201012,0.21958673559129238,0.05018863081932068,0.16537780966609716,0.04630358889698982,0.14327056519687176,0.043016284704208374,0.11623987089842558,0.04025110974907875,0.09301708079874516,0.039559561759233475,0.08405027911067009,0.03772759437561035,0.06751082465052605,0.03580043837428093,0.0545808058232069,0.03399108722805977,0.043079580180346966,0.03244403749704361,0.03735671192407608,0.031548790633678436
1952804984,qslstm_log,extrapolation,iid,2000053,62,6,56,56,5,0.14655606620759776,0.3702828585500679,0.10156365926974331,0.31869053840637207,0.11085777584319441,0.30118700326420367,0.15038088303235522,0.37768598590212477,0.011313966874565397,0.006392744454470548,0.05577211976051331,0.2923864939948544,0.42159025371074677,0.27042529536411164,0.40757040679454803,0.30118700326420367,0.3560791611671448,0.3241261509247124,0.3412662744522095,0.37691561761312187,0.3450908064842224,0.36303237460864085,0.35383594036102295,0.4099980506580323,0.35622572898864746,0.4082533581337581,0.3776383101940155,0.37268805426235,0.3799927532672882,0.2873755916953087,0.3459911346435547,0.4192654763658841,0.3438456058502197,0.1703696014980475,0.053841316141188145,0.11652828535685936,0.1383715160191059,0.08219801634550095,0.16895392537117004,0.06655415147542953,0.1703696014980475,0.06898169964551926,0.14452768365542093,0.06610903888940811,0.11313844347993533,0.06883922964334488,0.09687580292423566,0.05946837738156319,0.08033377553025882,0.050799768418073654,0.06453097735842069,0.03202986344695091,0.0540200670560201,0.04064781218767166,0.05153406970202923,0.03805573284626007,0.04345890134572983,0.03958595171570778
1952804984,qslstm_log,extrapolation,iid,2000054,62,1,61,61,0,0.003022823277900642,0.04564922999951147,0.003480200044819526,0.05899322032928467,0.0006959359795963849,0.026380598545074463,0.0030609689713154663,0.04596510920368257,0.015169150516635081,0.015169150516635081,,,,,,0.026380598545074463,0.026380598545074463,0.07673841714859009,0.07673841714859009,0.03974980115890503,0.03974980115890503,0.025988280773162842,0.025988280773162842,0.0434565544128418,0.0434565544128418,0.017011165618896484,0.017011165618896484,0.06686180830001831,0.06686180830001831,0.06434345245361328,0.06434345245361328,0.0725407600402832,0.0725407600402832,0.3967364728450775,0.07457592619247123,0.3221605466526063,,,,,0.3967364728450775,0.3967364728450775,0.3019796907901764,0.3019796907901764,0.20215065777301788,0.20215065777301788,0.1654990017414093,0.1654990017414093,0.17165233194828033,0.17165233194828033,0.16069737076759338,0.16069737076759338,0.14777611196041107,0.14777611196041107,0.06429838389158249,0.06429838389158249,0.06573743373155594,0.06573743373155594
1952804984,qslstm_log,extrapolation,iid,2000055,62,2,60,60,1,0.011353808065192561,0.09532753257982192,0.02457312053817251,0.1567581593990326,0.007690090847710884,0.08088445663452148,0.011475931972441952,0.09580896844466527,0.013730258742968241,0.012075544431291777,0.022727668285369873,0.13539958000183105,0.13539958000183105,0.17043927311897278,0.17043927311897278,0.08088445663452148,0.11476358771324158,0.14565341174602509,0.15590724349021912,0.13346651196479797,0.09649375081062317,0.10032452642917633,0.08588546514511108,0.10077786445617676,0.0456484854221344,0.07511787116527557,0.06435027718544006,0.03965556621551514,0.07669022679328918,0.058857113122940063,0.056299299001693726,0.037981048226356506,0.03710341453552246,0.3184870183467865,0.06461890342955788,0.2538681149172286,0.35933253169059753,0.35933253169059753,0.30160245299339294,0.30160245299339294,0.3184870183467865,0.26933199167251587,0.32606126368045807,0.2927899956703186,0.23203670233488083,0.1624709516763687,0.1884325109422207,0.1075330302119255,0.19122055172920227,0.08965110778808594,0.10324417799711227,0.09895532578229904,0.08558903634548187,0.08840616792440414,0.06676069460809231,0.07407534122467041,0.06979451142251492,0.05238788202404976
1952804984,qslstm_log,extrapolation,iid,2000056,62,5,57,56,5,0.09929277686893277,0.25546967724878944,0.17446339372806513,0.41768815368413925,0.11473761360457321,0.2858529232442379,0.09793796662896427,0.2528044802316448,0.013875742043767656,0.0032159209251403807,0.03871588706970215,0.2602184237912297,0.49419327825307846,0.2646975375711918,0.4929490312933922,0.2858529232442379,0.40905090421438217,0.3166198872029781,0.40532972663640976,0.348604054749012,0.4060470685362816,0.3387315347790718,0.40874066203832626,0.3554981663823128,0.4141397699713707,0.25484776217490435,,0.15691195987164974,,0.1727187391370535,,0.19936267845332623,,0.11812820062041282,0.05488090138686331,0.06324729923354952,0.11552432551980019,0.04734675958752632,0.15357503145933152,0.051130592823028564,0.11812820062041282,0.04118227958679199,0.09427535161376,0.04159128665924072,0.08094310611486435,0.038545262068510056,0.07584550604224205,0.03468554839491844,0.07293585762381553,0.03505755215883255,0.0689110653474927,,0.0573467155918479,,0.04927405249327421,,0.04170664492994547,
1952804984,qslstm_log,extrapolation,iid,2000057,62,2,60,59,2,0.08053140017784478,0.24710333984225027,0.20051829010259642,0.447792686522007,0.14382631223843426,0.35941924527287483,0.07842156977582512,0.24335947632789612,0.011176451788110248,0.004023544490337372,0.06270593404769897,0.14132237434387207,0.14132237434387207,0.0912705659866333,0.14117103815078735,0.35941924527287483,0.4804321303963661,0.35492346063256264,0.47474194318056107,0.38148007169365883,0.4791894033551216,0.3924914486706257,0.47642461210489273,0.3791467137634754,0.47431931644678116,0.3395012654364109,0.46742070466279984,0.33616726472973824,0.4581485763192177,0.3208157904446125,0.45088139921426773,0.2925625927746296,0.447792686522007,0.15442679822444916,0.06013799998909235,0.09428879823535681,0.030645474791526794,0.030645474791526794,0.20527119934558868,0.029264599084854126,0.15442679822444916,0.028034448623657227,0.12259095814079046,0.027721179649233818,0.10270218271762133,0.028882885351777077,0.08618833404034376,0.029283037409186363,0.07283349335193634,0.02886573225259781,0.06540090590715408,0.029012754559516907,0.060748303309082985,0.03171051666140556,0.04579247534275055,0.03160446882247925,0.039711425080895424,0.02794276922941208
1952804984,qslstm_log,extrapolation,iid,2000058,62,4,58,57,4,0.1317686299009143,0.3291157715983929,0.024036226725513643,0.15503621101379395,0.15660771802477153,0.37082898057997227,0.13005558934064826,0.32623899856518057,0.015057058710800974,0.004153883457183838,0.04649946093559265,0.397899242118001,0.4406651183962822,0.3919361922889948,0.4348958656191826,0.37082898057997227,0.14859378337860107,0.3691630456596613,0.14026391506195068,0.35833477415144444,0.14184170961380005,0.34638660587370396,0.15034955739974976,0.36506115086376667,0.15008950233459473,0.37422133795917034,0.1432977020740509,0.38093278370797634,0.14243203401565552,0.3954743128269911,0.1302661895751953,0.36771300062537193,0.1387818157672882,0.07922417484223843,0.07245510861534497,0.006769066226893453,0.14640614483505487,0.05334867909550667,0.09786141291260719,0.04057534411549568,0.07922417484223843,0.0432356633245945,0.08832909353077412,0.055231597274541855,0.08817008323967457,0.048889726400375366,0.07628833875060081,0.047744933515787125,0.07013546396046877,0.0383235439658165,0.06430451851338148,0.05031105875968933,0.06730853859335184,0.05111454427242279,0.04738417360931635,0.035438355058431625,0.045170754194259644,0.041017644107341766
1952804984,qslstm_log,extrapolation,iid,2000059,62,4,58,57,4,0.06703154477986892,0.25274751167143544,0.06958652231157103,0.26379257440567017,0.052483182549331764,0.20011171326041222,0.06803488010611286,0.25637756673426465,0.009299938615999724,0.006499874850978022,0.04290086776018143,0.14717429876327515,0.20854662358760834,0.1799352839589119,0.1849767118692398,0.20011171326041222,0.32167357206344604,0.140704695135355,0.32471582293510437,0.15390656888484955,0.3061280846595764,0.16729417815804482,0.2831119894981384,0.1766691766679287,0.2856017053127289,0.22006111219525337,0.2845999598503113,0.23823776468634605,0.2762688398361206,0.25154348462820053,0.2879347801208496,0.28265710920095444,0.2651612162590027,0.14132770989090204,0.04454131022994888,0.09678639966095316,0.18952605624993643,0.04421195387840271,0.18869704753160477,0.0418827086687088,0.14132770989090204,0.04151080176234245,0.11624097358435392,0.0414414145052433,0.09532459080219269,0.045388683676719666,0.08275750372558832,0.04463343694806099,0.0729158902540803,0.042836081236600876,0.05981557909399271,0.04699881002306938,0.05092824250459671,0.037739675492048264,0.040071583352983,0.03275025635957718,0.04497429449111223,0.03582030162215233
1952804984,qslstm_log,extrapolation,iid,2000060,62,4,58,57,4,0.11890552682131235,0.3305193715758862,0.11203213204967732,0.3347120136022568,0.1604517605853864,0.38063698541373014,0.11604026932034175,0.3270629844146556,0.010739289877707498,0.008928173532088598,0.08845740556716919,0.34570598353942233,0.11090344190597534,0.26440565194934607,0.12026053667068481,0.38063698541373014,0.44028590619564056,0.30291185807436705,0.4522588700056076,0.28267816826701164,0.4322347491979599,0.2090093456208706,0.4214455932378769,0.1914338283240795,0.39371220767498016,0.18230273947119713,0.3948909491300583,0.17908666655421257,0.3898122161626816,0.41753457486629486,0.3761720508337021,0.3882988393306732,0.3553265184164047,0.15013169590383768,0.046525784896622444,0.10360591100721524,0.17671681692202887,0.0654977485537529,0.20446879044175148,0.05657285451889038,0.15013169590383768,0.04871596023440361,0.10922104958444834,0.04894087091088295,0.094325034879148,0.045823004096746445,0.07588177546858788,0.04443904757499695,0.0690567409619689,0.04068860039114952,0.06330323219299316,0.03847205638885498,0.05874186009168625,0.03629879653453827,0.043253364972770214,0.03403544798493385,0.036993501242250204,0.03104996122419834
1952804984,qslstm_log,extrapolation,iid,2000061,62,1,61,61,0,0.0017418574408108473,0.028842760670569637,9.216344981410884e-06,0.0030358433723449707,0.0005562279352631094,0.023584485054016113,0.0017612939900821217,0.028928961910185267,0.013780198136314016,0.013780198136314016,,,,,,0.023584485054016113,0.023584485054016113,0.06826287508010864,0.06826287508010864,0.1364777684211731,0.1364777684211731,0.12489068508148193,0.12489068508148193,0.10287374258041382,0.10287374258041382,0.009046614170074463,0.009046614170074463,0.03210419416427612,0.03210419416427612,0.033615827560424805,0.033615827560424805,0.07083779573440552,0.07083779573440552,0.3290180265903473,0.06918790521191769,0.2598301213784296,,,,,0.3290180265903473,0.3290180265903473,0.2575059235095978,0.2575059235095978,0.23532551527023315,0.23532551527023315,0.15174151957035065,0.15174151957035065,0.13091737031936646,0.13091737031936646,0.12610633671283722,0.12610633671283722,0.14830589294433594,0.14830589294433594,0.06853800266981125,0.06853800266981125,0.0697304829955101,0.0697304829955101
1952804984,qslstm_log,extrapolation,iid,2000062,62,3,59,58,3,0.07053479111874421,0.22048733840065618,0.0011671267362203253,0.03416323661804199,0.06540112175658967,0.21987572809060416,0.07079582515410802,0.22051843722998085,0.013506463889417977,0.004250239758264451,0.028108914693196613,0.2058936208486557,0.3541874438524246,0.21586566666762033,0.3638032525777817,0.21987572809060416,0.08353966474533081,0.18020369112491608,0.0807524025440216,0.1923156330982844,0.07226106524467468,0.2176501601934433,0.06570097804069519,0.22453499337037405,0.058694541454315186,0.20179058611392975,0.05079171061515808,0.2722700238227844,0.04229995608329773,0.26443331440289813,0.04244068264961243,0.26267723242441815,0.037749409675598145,0.11950184901555379,0.06225273331974523,0.05724911569580856,0.15176436056693396,0.028796643018722534,0.13676171066860357,0.029023462906479836,0.11950184901555379,0.027961410582065582,0.09350927298267682,0.027830280363559723,0.0792503176877896,0.02830113284289837,0.08185440363983314,0.028316007927060127,0.07365585553149383,0.028120791539549828,0.06481687227884929,0.028701089322566986,0.05770548743506273,0.03096145950257778,0.05457714448372523,0.05036448314785957,0.05389593541622162,0.06782595068216324
1952804984,qslstm_log,extrapolation,late,2000063,62,7,55,55,6,0.09768360748887607,0.305187861104646,0.08613322699000392,0.293484628200531,0.08992068631786235,0.2872122510203293,0.09867161563791417,0.3074756660244682,0.009739239649339156,0.0037982389330863953,0.03897001842657725,0.31392579302191737,0.2701890468597412,0.27513711464901763,0.2764681577682495,0.2872122510203293,0.30067333579063416,0.33300246191876276,0.29818958044052124,0.3268780250634466,0.3027079999446869,0.309621556528977,0.29590094089508057,0.31674241913216455,0.29802122712135315,0.34382302526916775,0.2954963743686676,0.3334236155663218,0.2894314229488373,0.289573535323143,0.293484628200531,0.30764985270798206,,0.1400529577263764,0.0623102798380635,0.0777426778883129,0.07339079231023789,0.03994564712047577,0.11845747195184231,0.04154280945658684,0.1400529577263764,0.04636340215802193,0.11520170686500412,0.042322397232055664,0.10811751868043627,0.04084929823875427,0.10139746485011918,0.0436708964407444,0.09613484197429248,0.04282822832465172,0.0705424424793039,0.034394554793834686,0.06502877255635602,0.03072739578783512,0.05859074182808399,0.028079194948077202,0.05617342951397101,
1952804984,qslstm_log,extrapolation,late,2000064,62,5,57,57,4,0.1561369944492978,0.382193255328363,0.05883409541185358,0.24255740642547607,0.1304582938092235,0.34012341499328613,0.15838951204930432,0.38588359219986096,0.008113697955482885,0.004052788019180298,0.03224242478609085,0.3742683455348015,0.46739673614501953,0.3734186291694641,0.4624606966972351,0.34012341499328613,0.2327975034713745,0.3332416832447052,0.2295718789100647,0.33128278851509096,0.23413991928100586,0.27909634709358216,0.23517805337905884,0.2718420445919037,0.24255740642547607,0.34829631447792053,,0.3469518572092056,,0.41203276067972183,,0.3913273885846138,,0.14648181721568107,0.05529754161181157,0.09118427560386949,0.12253620103001595,0.03758702054619789,0.10677866078913212,0.031991902738809586,0.14648181721568107,0.03419381007552147,0.11529600992798805,0.03249632194638252,0.1101398564875126,0.031427305191755295,0.09556340873241424,0.032591912895441055,0.08782652989029885,0.034400273114442825,0.09478884283453226,,0.07209169864654541,,0.04723003972321749,,0.03874599747359753,
1952804984,qslstm_log,extrapolation,late,2000065,62,4,58,58,3,0.09496332525306196,0.2895445422599873,0.03525113001821012,0.1877528429031372,0.08687169322744265,0.269424534868449,0.0955213688410357,0.29093212897664517,0.012035814338716967,0.0038922985394795736,0.025732149680455525,0.3239625981077552,0.41111993603408337,0.33138378399113816,0.40930947475135326,0.269424534868449,0.17689067125320435,0.2338729645125568,0.16708657145500183,0.2404916058294475,0.1619863510131836,0.23595770401880145,0.16789180040359497,0.2645389880053699,0.17521390318870544,0.26699725491926074,0.17009443044662476,0.27645842684432864,0.17732185125350952,0.2629683162085712,0.18515688180923462,0.31369106906155747,,0.17336478736251593,0.04677710123360157,0.12658768612891436,0.0345569783821702,0.029816241934895515,0.15281293541193008,0.03083442896604538,0.17336478736251593,0.03532526269555092,0.1172823691740632,0.0317220501601696,0.10846636211499572,0.030124595388770103,0.10399848129600286,0.028827892616391182,0.08116400241851807,0.029436126351356506,0.05714436620473862,0.0273777786642313,0.045865594409406185,0.026283783838152885,0.042101244907826185,0.031170306727290154,0.04537666837374369,
1952804984,qslstm_log,extrapolation,late,2000066,62,5,57,57,4,0.10701519029248534,0.3079495845783141,0.11800695314158305,0.3435214012861252,0.10200178668001039,0.2995741546154022,0.10745496253919369,0.30868427141716603,0.014308657562523558,0.004583040873209636,0.007997438311576843,0.29603664204478264,0.47265392541885376,0.29055001959204674,0.47639113664627075,0.2995741546154022,0.33012060821056366,0.28855974078178404,0.32994644343852997,0.29348655939102175,0.3384358435869217,0.27975263595581057,0.3435214012861252,0.29317404702305794,,0.3000839166343212,,0.3007837124168873,,0.33518508449196815,,0.2441043220460415,,0.11880557686090469,0.06924093357826534,0.04956464328263935,0.07629595417529345,0.10164537280797958,0.06272597704082727,0.06661926954984665,0.11880557686090469,0.050113555043935776,0.09278014823794364,0.03527774661779404,0.07636536955833435,0.03477517515420914,0.06801867112517357,0.032712530344724655,0.08220308274030685,,0.07064018584787846,,0.05808916874229908,,0.07117750309407711,,0.04410911351442337,
1952804984,qslstm_log,extrapolation,late,2000067,62,4,58,58,3,0.09853856197847434,0.2763185078097928,0.0038540220945515458,0.06208077073097229,0.04199624597662499,0.18078652024269104,0.10243803204756739,0.282906920745455,0.010376525336298448,0.004119068384170532,0.06996772686640422,0.3380338251590729,0.40598881244659424,0.30342363317807514,0.40879467129707336,0.18078652024269104,0.018832504749298096,0.1595550701022148,0.015389770269393921,0.14643294364213943,0.0256597101688385,0.1516760215163231,0.032353490591049194,0.1686275377869606,0.03837767243385315,0.20970281213521957,0.03870168328285217,0.26290879398584366,0.047366946935653687,0.2857320308685303,0.0614241361618042,0.3657566010951996,,0.1952435662969947,0.0530265591845944,0.1422170071124003,0.18218938820064068,0.03299766406416893,0.19534390481809774,0.029322931542992592,0.1952435662969947,0.03131149336695671,0.15330920601263642,0.030832016840577126,0.13983708899468184,0.04196150228381157,0.1235670056194067,0.03550981730222702,0.1107707628980279,0.03139808401465416,0.08472242578864098,0.027799688279628754,0.06475250795483589,0.027410849928855896,0.05755414208397269,0.02609875611960888,0.06532864893476169,
1952804984,qslstm_log,extrapolation,late,2000068,62,5,57,57,4,0.05105912341148862,0.21521758023769624,0.10837228652445052,0.3291994631290436,0.06404483300167971,0.24717677235603333,0.04992002607901572,0.21241414233257896,0.012070311788927045,0.003411273161570231,0.03182490915060043,0.23567011952400208,0.14024871587753296,0.22484292089939117,0.13415038585662842,0.24717677235603333,0.3320142328739166,0.24776822328567505,0.3328579068183899,0.22792564034461976,0.33685624599456787,0.2603376269340515,0.3408406674861908,0.24802923202514648,0.3382391333580017,0.27322043776512145,0.3291994631290436,0.2787089869379997,,0.25767339766025543,,0.19233497232198715,,0.15199812017381192,0.04331650039213791,0.10868161978167401,0.15664750430732965,0.02490811049938202,0.11434246739372611,0.02484395168721676,0.15199812017381192,0.02500286139547825,0.11353730708360672,0.02477140724658966,0.09906565621495247,0.024771608412265778,0.0820702787488699,0.024536723271012306,0.07422231510281563,0.024116262793540955,0.05889247395098209,0.023831041529774666,0.0542268231511116,,0.04508160334080458,,0.04158422816544771,
1952804984,qslstm_log,extrapolation,late,2000069,62,2,60,59,2,0.08439028515260757,0.28652891564753746,0.13095817293791256,0.36188143491744995,0.11763021045266164,0.34284481406211853,0.08328228764260577,0.2846517190337181,0.011906847105187884,0.0029208830424717496,0.0768989622592926,0.2570604085922241,0.2570604085922241,0.20572882890701294,0.26358717679977417,0.34284481406211853,0.35220664739608765,0.3292641341686249,0.3546375632286072,0.3506391644477844,0.3579179048538208,0.3230751156806946,0.35664254426956177,0.2941778153181076,0.36008334159851074,0.3300386965274811,0.3614938259124756,0.2778701186180115,,0.384152889251709,,0.33369821310043335,,0.13265133742243052,0.054269349202513695,0.07838198821991682,0.027387259528040886,0.027387259528040886,0.22629731055349112,0.026816321536898613,0.13265133742243052,0.02799469418823719,0.11271348875015974,0.02706979773938656,0.08933923672884703,0.026962047442793846,0.08001495525240898,0.027296043932437897,0.07571714743971825,0.026567570865154266,0.07416291069239378,0.026901526376605034,0.07754126191139221,,0.05550288036465645,,0.04754455387592316,
1952804984,qslstm_log,extrapolation,late,2000070,62,2,60,60,1,0.1053244371114883,0.3152999478963114,0.20508530027511282,0.45286344550549984,0.14329056346374197,0.37621263694018126,0.10405889956641318,0.3132695249281824,0.016080694397290547,0.004740285873413086,0.005195707082748413,0.293946772813797,0.293946772813797,0.28607431054115295,0.28607431054115295,0.37621263694018126,0.41810076497495174,0.26822644006460905,0.4168692734092474,0.3234310997650027,0.4194375779479742,0.35511672031134367,0.419085493311286,0.38431141804903746,0.42495193146169186,0.3543437523767352,0.43450709246098995,0.3788127554580569,0.44767909310758114,0.35458054672926664,0.4466113355010748,0.24679166078567505,,0.20084181241691113,0.05877880646536748,0.14206300595154364,0.029308386147022247,0.029308386147022247,0.03171534463763237,0.03171534463763237,0.20084181241691113,0.03242817148566246,0.1733634751290083,0.03203782066702843,0.11836781539022923,0.03477971628308296,0.10279197245836258,0.03858271241188049,0.09706825949251652,0.04103078320622444,0.07948388531804085,0.039174824953079224,0.061604635789990425,0.033899929374456406,0.052400560118258,0.02868821658194065,0.05280112102627754,
1952804984,qslstm_log,extrapolation,late,2000071,62,6,56,55,6,0.08027903188441242,0.2616393445960937,0.006897641206379035,0.08305203914642334,0.09179198553244176,0.28365858395894367,0.07904550113640928,0.2592801403786455,0.01231380971995267,0.003416928980085585,0.04579760134220123,0.23729727665583292,0.377541720867157,0.2661419063806534,0.380627304315567,0.28365858395894367,0.0639389157295227,0.28740449746449787,0.06756654381752014,0.2933683693408966,0.0685771107673645,0.30444185932477313,0.07507103681564331,0.2894108345111211,0.08082497119903564,0.2659463932116826,0.07786005735397339,0.266399621963501,0.08532071113586426,0.27253921031951905,,0.21966037154197693,,0.16876963650186858,0.09622795859883938,0.07254167790302919,0.21224653162062168,0.03668919578194618,0.19964076889057955,0.039248351007699966,0.16876963650186858,0.034626901149749756,0.1417054949949185,0.03462163731455803,0.11349189778168996,0.03436538577079773,0.09340112842619419,0.034678518772125244,0.09447402320802212,0.032711248844861984,0.09747706912457943,0.04364529252052307,0.09348130971193314,0.05439624562859535,0.08434396162629128,,0.07596173286437988,
1952804984,qslstm_log,extrapolation,late,2000072,62,7,55,55,6,0.1101549261336677,0.3083375710092725,0.0038421126355956403,0.06198477745056152,0.08943371792462254,0.2619692515581846,0.11279217081481892,0.31423899348486556,0.012713658809661865,0.005979061126708984,0.060349623362223305,0.33215071000158786,0.5342480707913637,0.3122494025155902,0.5398619938641787,0.2619692515581846,0.050026655197143555,0.28413030531789574,0.0520932674407959,0.27887921487646444,0.06198477745056152,0.3348576653127869,,0.35338212332377833,,0.32447518190989894,,0.2978202331190308,,0.25022681554158527,,0.2607774496078491,,0.18962287370647704,0.05075673667544668,0.13886613703103035,0.193880782276392,0.07160302251577377,0.19349193138380846,0.07000091671943665,0.18962287370647704,0.07317541539669037,0.1539541860776288,0.07406403869390488,0.13083179401499884,0.06727168709039688,0.12456186177829902,,0.11154045661290486,,0.08689769667883714,,0.06953337664405505,,0.05519115055600802,,0.0432965062558651,
1952804984,qslstm_log,extrapolation,late,2000073,62,4,58,58,3,0.13324763621559985,0.3622467144122047,0.09412874095027868,0.3068040758371353,0.1408959922764363,0.3666623178869486,0.132720163383818,0.3619421900346361,0.010931487741141483,0.003097097078959147,0.05904066562652588,0.36650122950474423,0.4007937014102936,0.35813242942094803,0.40334048867225647,0.3666623178869486,0.3198940306901932,0.3412060607224703,0.32461829483509064,0.3336723316460848,0.331200048327446,0.40193451195955276,0.32882900536060333,0.38601454347372055,0.3283972889184952,0.36932823807001114,0.3272629529237747,0.3771347105503082,0.32265372574329376,0.3401986248791218,0.3068040758371353,0.3658673167228699,,0.18051222898066044,0.07765142288829746,0.10286080609236298,0.15831887970368066,0.038437940180301666,0.1540674020846685,0.039151228964328766,0.18051222898066044,0.036617591977119446,0.1472731763496995,0.03926938399672508,0.13101509865373373,0.03672522306442261,0.10496360529214144,0.03603077679872513,0.09222207590937614,0.04070150479674339,0.0881992420181632,0.041271891444921494,0.08129691984504461,0.03318610414862633,0.062326185405254364,0.03781793639063835,0.07217306271195412,
1952804984,qslstm_log,extrapolation,late,2000074,62,7,55,55,6,0.11992055931575896,0.33263332300609155,0.14549309642692165,0.3814355731010437,0.13735883584311376,0.35960215383342337,0.11770114230318651,0.32920092635534026,0.012514409693804655,0.0034288883209228514,0.031140729784965515,0.3558965728928645,0.47612418234348297,0.3710950867583354,0.48666398227214813,0.35960215383342337,0.36429113149642944,0.3613871256155627,0.3680585026741028,0.3487894417984145,0.374626100063324,0.3509691059589386,0.37501269578933716,0.3605878864015852,0.3771879971027374,0.3302469862004121,,0.32838814084728557,,0.3094832046578328,,0.30956622834006947,,0.12611250685794012,0.07465244541791352,0.0514600614400266,0.10753429060180981,0.05744723603129387,0.08769201921919982,0.04603329673409462,0.12611250685794012,0.042823661118745804,0.0952226109802723,0.03501216694712639,0.09662067544247423,0.03106236644089222,0.0785581645156656,0.030528493225574493,0.08535846296165671,0.029148409143090248,0.07694604620337486,,0.06782910662392776,,0.07088050805032253,,0.058281986974179745,
1952804984,qslstm_log,extrapolation,late,2000075,62,2,60,59,2,0.1256019960358476,0.35118320151682825,0.17860579903050677,0.4226177930831909,0.13765237823696808,0.3687598705291748,0.12520031662914358,0.35059731254975,0.012834391351473533,0.004470840096473694,0.0075904130935668945,0.3242335617542267,0.3348245620727539,0.3210926651954651,0.3245702385902405,0.3687598705291748,0.40960758924484253,0.36600908637046814,0.4050014615058899,0.3748210370540619,0.4130015969276428,0.377133309841156,0.4199843406677246,0.37737345695495605,0.4222456216812134,0.3814312219619751,0.42708271741867065,0.3812682330608368,0.43001168966293335,0.4138096272945404,0.4226177930831909,0.42007124423980713,,0.028797833248972893,0.06447116664300362,-0.035673333394030726,0.029296974651515484,0.02786121517419815,0.028759967535734177,0.027761908248066902,0.028797833248972893,0.028435366228222847,0.028224218636751175,0.02765992097556591,0.02796204946935177,0.027637438848614693,0.02781797293573618,0.027153627946972847,0.027653821744024754,0.02689911425113678,0.027613144367933273,0.026743678376078606,0.027205082587897778,0.026395907625555992,0.027028902433812618,0.026397883892059326,0.0266506839543581,
1952804984,qslstm_log,extrapolation,late,2000076,62,5,57,57,4,0.12992769620150657,0.34416932856003124,0.18960296188153336,0.4354342222213745,0.1202047313421426,0.323786935582757,0.13078058785583674,0.34595725776856406,0.014010399580001831,0.005831281344095866,0.05969121307134628,0.2959331274032593,0.4163820743560791,0.27876870753243566,0.42555344104766846,0.323786935582757,0.435070276260376,0.35412452816963197,0.44139426946640015,0.36296085119247434,0.44399917125701904,0.3669305443763733,0.4354342222213745,0.3342589810490608,,0.34106743335723877,,0.3380904644727707,,0.36535224318504333,,0.3613188713788986,,0.13982089124619962,0.05435786837417828,0.08546302287202134,0.04886154209574064,0.03609783202409744,0.11838236032053828,0.03104967437684536,0.13982089124619962,0.02962433733046055,0.1075081966817379,0.030226290225982666,0.08765668645501137,0.03270978108048439,0.07965385988354683,0.03379059210419655,0.08089477755129337,,0.06277219019830227,,0.052834440022706985,,0.06148749589920044,,0.0505830692127347,
1952804984,qslstm_log,extrapolation,late,2000077,62,7,55,55,6,0.10559187992893686,0.2900318805008165,0.19662134298427247,0.44342005252838135,0.09207699095877686,0.2747903447598219,0.10731195670695723,0.29197171232239766,0.01083516695282676,0.004430340094999833,0.043715253472328186,0.27223537899553774,0.40390309877693653,0.276231102955838,0.4132441896945238,0.2747903447598219,0.47331926226615906,0.274569339251944,0.4657207727432251,0.27721431239375044,0.46265745162963867,0.2565787671399968,0.46717631816864014,0.27861665428749155,0.4688013195991516,0.26424357747392996,0.46129122376441956,0.20948254237217562,0.4504450261592865,0.16998614898572365,,0.15411050648738941,,0.17733279828514373,0.05665784146298062,0.12067495682216312,0.1582943394780159,0.0467432476580143,0.180741839731733,0.04621340334415436,0.17733279828514373,0.03651360794901848,0.13673287896173342,0.03416148200631142,0.1163020586328847,0.03639926388859749,0.10050791821309499,0.04001358896493912,0.08835631502526146,0.04272930696606636,0.07496766639607293,0.04514617845416069,0.06577207094856671,0.055631909519433975,0.0654183638592561,,0.046702434619267784,
1952804984,qslstm_log,extrapolation,late,2000078,62,5,57,57,4,0.11452783750054091,0.33073480940994715,0.08963437394731799,0.2993900030851364,0.1298972772855444,0.35528631918132303,0.1131796410281722,0.32858116820193173,0.01532345591929921,0.0042068799336751304,0.03431659936904907,0.38590356474742293,0.23155421018600464,0.3599176234565675,0.2311875820159912,0.35528631918132303,0.2925271838903427,0.3813222359865904,0.28915734589099884,0.3631399106234312,0.2965293377637863,0.347851100564003,0.30501674115657806,0.3462264187633991,0.3100585788488388,0.3416070111095905,0.30388472974300385,0.331434890255332,0.3055420368909836,0.3309003200381994,0.2919183820486069,0.35162436543032527,,0.150264685600996,0.056878265908412766,0.09338641969258324,0.11137033440172672,0.043293047696352005,0.10234269592911005,0.04065936803817749,0.150264685600996,0.042955685406923294,0.12163383439183235,0.042638685554265976,0.1095900483429432,0.03948785737156868,0.09488400146365165,0.03938811272382736,0.08841513395309449,0.04235948249697685,0.0694830983877182,0.03346576169133186,0.06092730313539505,0.03552247956395149,0.04491832554340362,0.03238404542207718,0.04320984706282616,
1952804984,qslstm_log,extrapolation,late,2000079,62,4,58,57,4,0.07645450994741278,0.25598888627944455,0.00904099192314689,0.09508413076400757,0.0683440021155926,0.23059707507491112,0.07701385531512452,0.25774004567286063,0.010649914281410083,0.004229239055088588,0.02327527105808258,0.329931582013766,0.42868876457214355,0.3007580302655697,0.42638570070266724,0.23059707507491112,0.08739620447158813,0.2215932495892048,0.09162211418151855,0.22128231450915337,0.09035611152648926,0.22272495552897453,0.08502155542373657,0.2198300026357174,0.08299911022186279,0.24074192717671394,0.08817917108535767,0.2992192556460698,,0.19179067512353262,,0.2610389639933904,,0.08719174098223448,0.06632367958282602,0.020868061399408458,0.03984168047706286,0.041831646114587784,0.11387767642736435,0.04040263965725899,0.08719174098223448,0.04218462482094765,0.08188770059496164,0.046687424182891846,0.073828493244946,0.049288928508758545,0.06682837754487991,0.043004125356674194,0.06613747868686914,0.04794198274612427,0.06909921485930681,0.05854400619864464,0.052767383555571236,,0.05423427869876226,,0.05518783380587896,
1952804984,qslstm_log,extrapolation,late,2000080,62,4,58,57,4,0.08448368129756839,0.2875145723622653,0.14108580039995022,0.37561389803886414,0.1142129396382702,0.3178909523412585,0.0824333876188993,0.2854196496050933,0.013685785887534158,0.002448578675587972,0.019107326865196228,0.289977990090847,0.28896307945251465,0.34046858083456755,0.2820090055465698,0.3178909523412585,0.3682681620121002,0.2864822670817375,0.3695088326931,0.30732228606939316,0.3726303279399872,0.30451650172472,0.37561389803886414,0.29808316628138226,,0.2745531002680461,,0.278664509455363,,0.28885217507680255,,0.33797739321986836,,0.08940032217651606,0.06697144054261775,0.022428881633898307,0.12375230062752962,0.0379607230424881,0.09926679916679859,0.03603421896696091,0.08940032217651606,0.03158455714583397,0.07807308668270707,0.030489420518279076,0.06877077650278807,0.0314834788441658,0.07440484128892422,0.03037087619304657,0.10102106134096782,,0.07171880826354027,,0.06432344764471054,,0.0485077773531278,,0.0643386294444402,
1952804984,qslstm_log,extrapolation,late,2000081,62,6,56,55,6,0.17010391532915478,0.38041368331159314,0.18570081883897582,0.4309301786124706,0.1310485837349837,0.3192357836912076,0.17428841514281598,0.3869684582709202,0.01282556111162359,0.004148268699645996,0.02278741200764974,0.31225937604904175,0.47191253304481506,0.271658514936765,0.4775616526603699,0.3192357836912076,0.43320099636912346,0.3818382043391466,0.4381525330245495,0.38491801110406715,0.43479032441973686,0.3886031825095415,0.42672188207507133,0.3890674530218045,0.4266464523971081,0.39302157163619994,,0.46204569935798645,,0.46437400579452515,,0.387562757730484,,0.07223058305680752,0.06925693862805408,0.002973644428753433,0.07994575053453445,0.03508104756474495,0.06881969980895519,0.03211255744099617,0.07223058305680752,0.03317425027489662,0.06159481592476368,0.036601584404706955,0.059942093988259636,0.0352986678481102,0.058004854867855705,0.031132390722632408,0.05003594886511564,0.029411708936095238,0.046970707923173906,,0.044140467420220375,,0.03902793973684311,,0.04526188261806965,
1952804984,qslstm_log,extrapolation,late,2000082,62,4,58,58,3,0.1536305285689089,0.373049198619781,0.20697533086464492,0.4549454152584076,0.15278861220008055,0.3736313283443451,0.15368859176675922,0.3730090517422249,0.014315622633901137,0.004911728700002034,0.01822735865910848,0.3184729019800822,0.4421992897987366,0.33350850145022076,0.44806918501853943,0.3736313283443451,0.41357913613319397,0.3441461771726608,0.4131356179714203,0.3517053797841072,0.42112797498703003,0.35320860892534256,0.4307919442653656,0.35154833644628525,0.42892199754714966,0.34385204315185547,0.42740845680236816,0.3600270077586174,0.4368859827518463,0.2929649353027344,0.44217678904533386,0.35036441683769226,,0.1522113890387118,0.07429535577780214,0.07791603326090965,0.11398013805349667,0.03987203910946846,0.10774720460176468,0.03517916798591614,0.1522113890387118,0.03082982636988163,0.11731165833771229,0.03196071460843086,0.10431739315390587,0.03609845042228699,0.09960042964667082,0.03817567229270935,0.09198546968400478,0.0315692164003849,0.09278471115976572,0.03441843017935753,0.09324813447892666,0.037060488015413284,0.06285530421882868,0.032714493572711945,0.05598623181382815,
1952804984,qslstm_log,extrapolation,late,2000083,62,6,56,56,5,0.11372226138898577,0.2917905590166488,0.0587655143437269,0.24241599440574646,0.11080479952892004,0.28661719352627796,0.11403484658827853,0.2923448481763314,0.0111604705452919,0.003590857440775091,0.04515835642814636,0.23663091496564448,0.2714642286300659,0.2810190306976438,0.2716050148010254,0.28661719352627796,0.23394781351089478,0.2596260447365542,0.2378476858139038,0.18257272631550828,0.23100265860557556,0.1805883088770012,0.2358262538909912,0.1735483049415052,0.23542189598083496,0.17671697229767838,0.23905837535858154,0.19710258037472764,0.23908695578575134,0.16375788319855927,,0.449242378026247,,0.15991676660875478,0.0554632920372699,0.10445347457148488,0.1360340639948845,0.040919385850429535,0.15658448487520218,0.036588553339242935,0.15991676660875478,0.03370438888669014,0.12067586928606033,0.03184398636221886,0.09566334324578445,0.03177410736680031,0.08448973981042703,0.036202121526002884,0.07605616748332977,0.04082290828227997,0.06188419337073962,0.043537601828575134,0.05946938258906206,0.04702739045023918,0.04733850508928299,,0.04126404598355293,
1952804984,qslstm_log,extrapolation,late,2000084,62,2,60,59,2,0.08704372239633346,0.29012456416122373,0.12222194315401058,0.3496025502681732,0.09036809951280533,0.2952755242586136,0.0869329098257844,0.2899528654913108,0.016202714988740825,0.003236725926399231,0.019395187497138977,0.31772588938474655,0.2741050124168396,0.30248618870973587,0.2734875977039337,0.2952755242586136,0.35167112946510315,0.3179233968257904,0.34939950704574585,0.31929732859134674,0.34874585270881653,0.3072725385427475,0.35625216364860535,0.30258582532405853,0.3532150089740753,0.326957032084465,0.3522588908672333,0.3342636674642563,0.3596780598163605,0.31547747552394867,0.3496025502681732,0.2837214469909668,,0.06463724002242088,0.06007961810876926,0.004557621913651624,0.11251125577837229,0.02730339951813221,0.07577841356396675,0.026245854794979095,0.06463724002242088,0.02664436399936676,0.05787337198853493,0.025930434465408325,0.07322587445378304,0.026422634720802307,0.07144997734576464,0.026059383526444435,0.06667735800147057,0.026298783719539642,0.06718432437628508,0.02612653188407421,0.04782014433294535,0.0263932216912508,0.04052951652556658,0.02609417401254177,0.04747617244720459,
1952804984,qslstm_log,extrapolation,late,2000085,62,6,56,56,5,0.09346078294895564,0.30043471796858695,0.13465035979018936,0.36694735288619995,0.08757082691506346,0.28615928317109746,0.09409184966687266,0.30196422883974655,0.013750436050551278,0.002689709266026815,0.03972330093383789,0.29256930388510227,0.35130950808525085,0.3036177471280098,0.3532163202762604,0.28615928317109746,0.37022101879119873,0.27348235870401066,0.3711169958114624,0.29044045011202496,0.3749822974205017,0.3093290937443574,0.37612032890319824,0.30728765080372494,0.37073856592178345,0.27374642093976337,0.36694735288619995,0.2425165891647339,,0.2547162890434265,,0.2499164342880249,,0.15326196048408747,0.04856140229717961,0.10470055818690785,0.08631057571619749,0.028480105102062225,0.1331007830798626,0.0279705747961998,0.15326196048408747,0.030637094751000404,0.12287063524127007,0.02968328446149826,0.10208320152014494,0.028590207919478416,0.08784902033706506,0.028824374079704285,0.07844818818072478,0.028868265450000763,0.07332498735437791,0.028839854523539543,0.07212627157568932,,0.051030009612441064,,0.04519537203013897,
1952804984,qslstm_log,extrapolation,late,2000086,62,2,60,59,2,0.0673686307592082,0.2212283197910555,0.21559624881096173,0.4643234312534332,0.17514370196691553,0.413579985499382,0.06377612838561796,0.21481659760077795,0.013357813075437383,0.00555950945073908,0.006613254547119141,0.2706388682126999,0.34958547353744507,0.2711918503046036,0.349631667137146,0.413579985499382,0.47757449746131897,0.41757579147815704,0.4855199158191681,0.47880804538726807,0.48004159331321716,0.4865381717681885,0.48755642771720886,0.48373058438301086,0.48741957545280457,0.4799485206604004,0.4724774658679962,0.4707602262496948,0.46904298663139343,0.45799484848976135,,,,0.032575818710029125,0.07128982289383809,-0.038714004183808964,0.032243636436760426,0.03393663093447685,0.0325058214366436,0.03244873881340027,0.032575818710029125,0.031215006485581398,0.03337559662759304,0.03430245444178581,0.031125002540647984,0.03103499859571457,0.033331213518977165,0.03235997259616852,0.03121682070195675,0.03139864280819893,0.03052619658410549,0.029653750360012054,0.029354588128626347,0.02905542589724064,0.028064118698239326,,,
1952804984,qslstm_log,extrapolation,late,2000087,62,8,54,54,7,0.09145710216231326,0.29171117178855405,0.057221357390703,0.2392098605632782,0.08310883927121726,0.28042274340987206,0.09269388184988303,0.2933835315483588,0.015196060140927633,0.004892816146214803,0.022672551018851145,0.26832659755434307,0.41356903314590454,0.27071150285857065,0.4043467044830322,0.28042274340987206,0.24861758947372437,0.22584393620491028,0.2552762031555176,0.23636451736092567,0.25851112604141235,0.24958645924925804,0.24745488166809082,0.25932683050632477,0.24846500158309937,0.2732158675789833,0.250232994556427,0.29959480091929436,0.256122350692749,0.26532815024256706,0.25462645292282104,0.3211271209376199,,0.12074204464443028,0.06088174872652248,0.0598602959179078,0.10217147559991904,0.03041345439851284,0.08887287229299545,0.03203115984797478,0.12074204464443028,0.029928142204880714,0.0956037815194577,0.029442565515637398,0.09551462554372847,0.028585487976670265,0.08585279271937907,0.028033850714564323,0.08040890702977777,0.027691811323165894,0.07663597981445491,0.027599485591053963,0.06814161501824856,0.02749105542898178,0.05173116084188223,0.026988863945007324,0.0413707359028714,
1952804984,qslstm_log,extrapolation,late,2000088,62,6,56,56,5,0.12962194171452782,0.3415848130600587,0.08653410819903229,0.29416680335998535,0.10154864919537686,0.2832586799437801,0.13262979448443685,0.3478340416082314,0.01174288455929075,0.004629129713231867,0.033403003215789796,0.3504227898083627,0.41056203842163086,0.28676988296210765,0.4150288701057434,0.2832586799437801,0.28739506006240845,0.2669982711474101,0.28580087423324585,0.3176443676153819,0.2858230471611023,0.3333967626094818,0.27846044301986694,0.3310634295145671,0.2834208011627197,0.3383113046487172,0.2895057797431946,0.35935312509536743,0.2938074469566345,0.442557817697525,,0.31817046403884885,,0.15115708485245705,0.048241360578686,0.10291572427377105,0.11334837274625897,0.03123430348932743,0.14212141185998917,0.03142320737242699,0.15115708485245705,0.030710600316524506,0.11707340025653441,0.030242877081036568,0.0940325769285361,0.0320846326649189,0.07657015416771173,0.03578580543398857,0.0722777492677172,0.046404194086790085,0.07049217106153567,0.08132872730493546,0.060066645964980125,0.04622535780072212,0.04920962937176228,,0.040667537972331046,
1952804984,qslstm_log,extrapolation,late,2000089,62,2,60,59,2,0.1230400440108733,0.2935217349759994,0.06499753554252496,0.25494614243507385,0.15625688114824587,0.3802821636199951,0.12193281610629422,0.2906297206878662,0.012708241656675176,0.004866381486256917,0.008852332830429077,0.26739855110645294,0.5034244954586029,0.2740625590085983,0.5103232860565186,0.3802821636199951,0.2723824083805084,0.3808303475379944,0.2601712942123413,0.38441137969493866,0.2728947699069977,0.3821576088666916,0.2682754695415497,0.3795129060745239,0.26661232113838196,0.3764496445655823,0.2599393129348755,0.37741732597351074,0.2580092251300812,0.36343914270401,0.2611599266529083,0.4726707935333252,,0.07066718488931656,0.07731118391578397,-0.006643999026467409,0.0639241598546505,0.04230077564716339,0.06638780049979687,0.037560489028692245,0.07066718488931656,0.034339599311351776,0.04422202240675688,0.030062811449170113,0.048696030862629414,0.03113457001745701,0.038884771056473255,0.028571872040629387,0.036689150147140026,0.028626104816794395,0.03623626008629799,0.03269270807504654,0.032912022434175014,0.028789998963475227,0.04374956525862217,0.033333275467157364,0.08356275409460068,
1952804984,qslstm_log,extrapolation,late,2000090,62,8,54,53,8,0.12488787248658735,0.30644271258384953,0.1286491046755609,0.35867688059806824,0.11147714028220027,0.31315253861248493,0.12687464762797804,0.3054486642833109,0.010589528196262863,0.0051888227462768555,0.02751646190881729,0.28104848554357886,0.4478619694709778,0.2776288273744285,0.44295060634613037,0.31315253861248493,0.355206161737442,0.313814252614975,0.3556135296821594,0.307139502838254,0.3548327386379242,0.33051093108952045,0.3581782281398773,0.3048148714005947,0.3477223217487335,0.28487637639045715,,0.1795582984175001,,0.10402921267918178,,0.08765947393008641,,0.08544914773665369,0.06430911890196579,0.021140028834687893,0.09374902257695794,0.026177123188972473,0.08988906047306955,0.026724109426140785,0.08544914773665369,0.02663765661418438,0.08898048684932292,0.026212496683001518,0.08792733610607684,0.026039859279990196,0.09023997536860406,0.026542706415057182,0.09285235148854554,0.02598564140498638,0.10446209886244365,,0.09065422575388636,,0.06990729458630085,,0.04936042960200991,
1952804984,qslstm_log,extrapolation,late,2000091,62,6,56,56,5,0.07988133161529029,0.24844446339674534,0.0552518195519589,0.2350570559501648,0.10480056790351157,0.28146119229495525,0.07721141344155232,0.24490695672908,0.01258433929511479,0.004920682736805507,0.02951328158378601,0.33897550124675035,0.28934866189956665,0.33571452274918556,0.2841178774833679,0.28146119229495525,0.22266554832458496,0.28548398924370605,0.2248409390449524,0.3159034928927819,0.22854596376419067,0.2821226467688878,0.23455917835235596,0.27324843406677246,0.2299146056175232,0.28816216190656024,0.23829233646392822,0.13722142577171326,0.23104572296142578,0.22875493578612804,0.23202478885650635,0.18174474239349364,,0.14704434697826704,0.0536956657389445,0.09334868123932255,0.05880138510838151,0.028492478653788567,0.12176199294626713,0.028433652594685555,0.14704434697826704,0.02853432297706604,0.12033396245290835,0.028252189978957176,0.11905076975623767,0.02820807695388794,0.10429000419874986,0.02848241478204727,0.07766331235567729,0.027906164526939392,0.05913816951215267,0.028011702001094818,0.05103501367072264,0.027450814843177795,0.04684218546996514,0.027259359136223793,0.04729167595505714,
1952804984,qslstm_log,extrapolation,late,2000092,62,9,53,53,8,0.12494050064073522,0.3480286542927065,0.14259014335198472,0.37761110067367554,0.13040685206434352,0.3516177824801869,0.12401225228578287,0.3474191796948325,0.012705497021945018,0.006298201424734933,0.05214286595582962,0.35455859026738573,0.33323273062705994,0.34702892880886793,0.3443315923213959,0.3516177824801869,0.36521095037460327,0.3756002005603578,0.37160271406173706,0.3413156362043487,0.37411677837371826,0.3187835117181142,0.3799452781677246,0.33894238207075333,0.3701576590538025,0.3624427980846829,0.3713109493255615,0.38230981305241585,,0.3676912821829319,,0.34142910156931194,,0.11842840082115597,0.0411217656197413,0.07730663520141468,0.07729794563991683,0.029795169830322266,0.10613921633921564,0.029090097174048424,0.11842840082115597,0.030417658388614655,0.08943882336219151,0.029544711112976074,0.07527918306489785,0.029427334666252136,0.06486102359162436,0.029627114534378052,0.056772458677490555,0.031114989891648293,0.046934243084655866,0.029885070398449898,0.04273507813923061,,0.03664447646588087,,0.035124926694801877,
1952804984,qslstm_log,extrapolation,late,2000093,62,5,57,57,4,0.06841807562234023,0.25397582496366194,0.07463421265909909,0.2731926292181015,0.1130704233866618,0.3281094618141651,0.06450120301143485,0.2474728743627406,0.01371745791351586,0.004869535565376282,0.02930636703968048,0.3075524242594838,0.24080586433410645,0.33857366163283587,0.24819612503051758,0.3281094618141651,0.2842486947774887,0.3070658154785633,0.2868916243314743,0.2941299743950367,0.2914463132619858,0.31620810702443125,0.2824491113424301,0.293663415312767,0.2775776833295822,0.2665827602148056,0.2730490416288376,0.27415708005428313,0.2731926292181015,0.23723909258842468,,0.1974305957555771,,0.11946865878999233,0.052904847290432246,0.06656381149956009,0.08434470323845744,0.028434069827198982,0.0730731962248683,0.028399191796779633,0.11946865878999233,0.02837730385363102,0.09348669983446597,0.028732405975461006,0.0845103282481432,0.030533911660313606,0.07812750525772572,0.028143851086497307,0.07213479094207287,0.027682753279805183,0.06370449028909206,0.027941135689616203,0.06055009961128235,0.030109532177448273,0.056501843966543674,,0.055906038731336594,
1952804984,qslstm_log,extrapolation,late,2000094,62,4,58,58,3,0.023888102000502606,0.13379724227613018,0.03939265815370163,0.19847583770751953,0.10009271672070796,0.286959744989872,0.018632611330143614,0.12323431105449281,0.012673969926505253,0.0058108483042035785,0.01802523930867513,0.17962815364201865,0.09007653594017029,0.3183035949865977,0.48499858379364014,0.286959744989872,0.16991978883743286,0.22505951672792435,0.16385984420776367,0.21629125624895096,0.17094910144805908,0.16044636070728302,0.1773076057434082,0.1885046809911728,0.18262243270874023,0.15351706743240356,0.1936016082763672,0.14531983931859335,,0.09895478188991547,,0.13184556365013123,,0.1662944951094687,0.05899811683800714,0.10729637827146156,0.11068563908338547,0.030367545783519745,0.10224347375333309,0.029755735769867897,0.1662944951094687,0.028254538774490356,0.1269446504302323,0.027565972879529,0.11288597900420427,0.02918856032192707,0.11394099611788988,0.03050151653587818,0.0922331316396594,0.031230414286255836,0.07662157015874982,0.030742214992642403,0.06655162572860718,,0.06853749975562096,,0.06722545251250267,
1952804984,qslstm_log,extrapolation,late,2000095,62,6,56,56,5,0.04968985092412173,0.2111318793087717,0.07618349797006463,0.27601358294487,0.06697217340815516,0.2525862396384279,0.04783817351511815,0.20669034070202283,0.010308199695178441,0.005174238766942706,0.05374894142150879,0.25673903385177255,0.13184839487075806,0.26473357565701006,0.13450181484222412,0.2525862396384279,0.2761536240577698,0.22615854845692715,0.2694759666919708,0.2163301706314087,0.27888980507850647,0.20399955908457437,0.276740163564682,0.21066976090272269,0.2773634195327759,0.2292483150959015,0.26707616448402405,0.25543420513470966,0.2573726177215576,0.250412513812383,0.2642020285129547,0.2537081062793732,,0.1508395398656527,0.043500887895269055,0.10733865197038366,0.15713551081717014,0.035135991871356964,0.15754407718777658,0.03593338280916214,0.1508395398656527,0.03335737809538841,0.11223877345522244,0.031637486070394516,0.09525339181224506,0.0320504866540432,0.08185439339528482,0.030144451186060905,0.07345490933706363,0.030274247750639915,0.06136680766940117,0.03272594138979912,0.05615182096759478,0.03169776126742363,0.04895965475589037,0.028884651139378548,0.04448987767100334,
1952804984,qslstm_log,extrapolation,late,2000096,62,4,58,58,3,0.06267842042703256,0.24886393426887451,0.046198632031946296,0.2149386703968048,0.05102676826350777,0.22381054982542992,0.06348198264520667,0.2505917538856638,0.009924630152768102,0.001836293935775757,0.04216896494229635,0.2479320392012596,0.21782127022743225,0.23198379576206207,0.21779805421829224,0.22381054982542992,0.2107703685760498,0.22314124554395676,0.20970791578292847,0.2410208210349083,0.21249166131019592,0.23605415970087051,0.21209478378295898,0.23536642640829086,0.21598592400550842,0.2572633624076843,,0.28100178639094037,,0.2667469382286072,,0.28580458958943683,,0.18525221617892385,0.05943332284945866,0.1258188933294652,0.09316728916019201,0.027870429679751396,0.17313983974357447,0.026942802593111992,0.18525221617892385,0.026145869866013527,0.13064776360988617,0.026169367134571075,0.10430137952789664,0.02799747698009014,0.10423005511984229,0.02752160094678402,0.11173553531989455,0.02918047271668911,0.1347770889600118,,0.09110345939795177,,0.08440604930122693,,0.06477168202400208,
1952804984,qslstm_log,extrapolation,late,2000097,62,2,60,60,1,0.11676873236257679,0.33431575711696376,0.03478132104206466,0.1864975094795227,0.0679981136849861,0.25190335512161255,0.11839441965182981,0.3370628371834755,0.011688455939292908,0.00261649489402771,0.003668874502182007,0.292296826839447,0.292296826839447,0.29151856899261475,0.29151856899261475,0.25190335512161255,0.1845029592514038,0.29822829365730286,0.18288373947143555,0.3288252651691437,0.1864975094795227,0.5028612911701202,,0.511169046163559,,0.478490948677063,,0.4182451069355011,,0.4035722613334656,,0.3824896812438965,,0.21794726327061653,0.049286737106740475,0.16866052616387606,0.024714522063732147,0.024714522063732147,0.024031328037381172,0.024031328037381172,0.21794726327061653,0.02465442568063736,0.1546693556010723,0.024356834590435028,0.11823837831616402,0.02434893697500229,0.2072293907403946,,0.16635464131832123,,0.09941446036100388,,0.08079621195793152,,0.054441142827272415,,0.04307908937335014,
1952804984,qslstm_log,extrapolation,late,2000098,62,7,55,55,6,0.1153655757443405,0.3212156516890372,0.011756986945798964,0.10842964053153992,0.07828788121182303,0.25686157388346537,0.12008455504847909,0.32940617068247363,0.012149394642223012,0.00645714004834493,0.014798795183499655,0.30758392562468845,0.4318572133779526,0.3152225837111473,0.4447975307703018,0.25686157388346537,0.09888041019439697,0.2725087936435427,0.10686790943145752,0.25660834993634907,0.11334073543548584,0.25885580692972454,0.10842964053153992,0.31779897461334866,,0.25007035583257675,,0.25832775483528775,,0.2999119535088539,,0.32950397580862045,,0.10348515159317426,0.06314656030048024,0.040338591292694015,0.07629255950450897,0.04132623225450516,0.06619817639390628,0.04739892855286598,0.10348515159317426,0.045316632837057114,0.0889070677970137,0.03611087426543236,0.07069701382092067,0.031808771193027496,0.06410830680813108,0.03262636065483093,0.06240141888459524,,0.06241669816275438,,0.0575209433833758,,0.04731298672656218,,0.05332159996032715,
1952804984,qslstm_log,extrapolation,late,2000099,62,3,59,58,3,0.09894559079381121,0.30809494612678406,0.1292807667627125,0.3595563471317291,0.1177202163833669,0.34280680616696674,0.09799094881468126,0.3063299362942324,0.01379078010032917,0.008060097694396973,0.050944626331329346,0.19262866179148355,0.29868099093437195,0.1884728173414866,0.29728665947914124,0.34280680616696674,0.3592319190502167,0.3601043025652568,0.3498905599117279,0.3300437927246094,0.3619493842124939,0.3393637339274089,0.3521173596382141,0.346390297015508,0.35850152373313904,0.3526049653689067,0.3595563471317291,0.3280140459537506,,0.2960274666547775,,0.30522023141384125,,0.1195444588859876,0.08167872732599914,0.03786573155998846,0.1657244674861431,0.07921396940946579,0.14016037931044897,0.0709879919886589,0.1195444588859876,0.059431981295347214,0.09175979221860568,0.05994787812232971,0.07585603247086208,0.03831252083182335,0.06954645241300265,0.03888225182890892,0.06349439049760501,0.03299371525645256,0.0656729880720377,0.030917296186089516,0.10863128677010536,,0.08683590963482857,,0.06433737464249134,
1952804984,qslstm_log,extrapolation,late,2000100,62,4,58,58,3,0.06789675015889733,0.25548554956912994,0.019937483777604292,0.14120015501976013,0.06970266303418354,0.2539852075278759,0.06777220444336035,0.255589021434044,0.009405240930359939,0.0022844672203063965,0.007502218087514241,0.25956448415915173,0.26907679438591003,0.25231896340847015,0.26875215768814087,0.2539852075278759,0.1403561532497406,0.23899339511990547,0.1413438618183136,0.24981465563178062,0.13921180367469788,0.2595117501914501,0.14454320073127747,0.26760928332805634,0.14495477080345154,0.25316059589385986,0.14402779936790466,0.2932434181372325,,0.27028243740399677,,0.2424967885017395,,0.12099291663616896,0.05701020058116008,0.06398271605500888,0.04731291656692823,0.03212345018982887,0.04643328363696734,0.03493039682507515,0.12099291663616896,0.03475791588425636,0.09143945341929793,0.029574790969491005,0.07984025916084647,0.027290521189570427,0.08322598645463586,0.02719871513545513,0.06701432960107923,0.02599521540105343,0.07231133664026856,0.024858715012669563,0.05167403693000475,,0.05273218018313249,,0.039340345188975334,
1952804984,qslstm_log,extrapolation,late,2000101,62,4,58,57,4,0.10844402786647413,0.3137539156502293,0.029154348704096833,0.17074644565582275,0.12341771691484349,0.32238493859767914,0.10741135965624175,0.3131586726883362,0.011273856225766633,0.0039863501276288715,0.03886350244283676,0.31915753334760666,0.3528531342744827,0.308481402695179,0.35607869923114777,0.32238493859767914,0.17703431844711304,0.3196537345647812,0.17841285467147827,0.386190477758646,0.1742037534713745,0.3930550701916218,0.1751619577407837,0.37899337336421013,0.170690655708313,0.32492899149656296,0.17916220426559448,0.31689979135990143,,0.3439931621154149,,0.3554706623156865,,0.07947212643921375,0.06752915192266991,0.011942974516543844,0.11516575794667006,0.03528060391545296,0.09445576462894678,0.03644973412156105,0.07947212643921375,0.03568265959620476,0.06837843731045723,0.036959897726774216,0.06895310524851084,0.04004574567079544,0.06402064114809036,0.03561193495988846,0.0603253236040473,0.03305073827505112,0.05481223575770855,0.03504379466176033,0.05369048068920771,,0.05149563277761141,,0.05780106782913208,
1952804984,qslstm_log,extrapolation,late,2000102,62,5,57,57,4,0.11208458934480318,0.33143335580825806,0.055401188152259806,0.2353745698928833,0.09314580259820891,0.3003999039530754,0.1137458864278378,0.3341555884271337,0.01588234305381775,0.009612172842025757,0.05790870636701584,0.33799741230905056,0.35101206600666046,0.3315238934010267,0.3576060086488724,0.3003999039530754,0.23634034395217896,0.2937008425593376,0.22624528408050537,0.29390347450971605,0.2353745698928833,0.33853268437087536,,0.2897225357592106,,0.3010128550231457,,0.32860103622078896,,0.3344525210559368,,0.36545632407069206,,0.18332655504345893,0.08360427761809867,0.09972227742536026,0.19208666868507862,0.05839529633522034,0.16912547033280134,0.05991735681891441,0.18332655504345893,0.055547863245010376,0.1589213103055954,0.04319065809249878,0.12814971134066583,0.034148987382650375,0.12891156412661076,,0.12721859570592642,,0.11912423465400934,,0.1058438727632165,,0.09549660980701447,,0.08970830962061882,
1952804984,qslstm_log,extrapolation,late,2000103,62,6,56,55,6,0.12614221658343344,0.30095154239285377,0.1090354262912554,0.33020512759685516,0.11506328251540783,0.3032224165896575,0.12732924523357905,0.3007082344431962,0.011955376104875045,0.00472596287727356,0.053548216819763184,0.2962881997227669,0.06772559881210327,0.267256415138642,0.07510790228843689,0.3032224165896575,0.3349310904741287,0.35232287148634595,0.33020512759685516,0.37845472395420077,,0.3960216552019119,,0.3936368733644485,,0.34452026784420015,,0.43418214917182923,,0.3934343457221985,,0.3863998293876648,,0.10963146016001701,0.04621808636667473,0.06341337379334228,0.10887363217771054,0.025555169209837914,0.12960643445452055,0.025364814326167107,0.10963146016001701,0.02549801766872406,0.09443343461801608,0.025111818686127663,0.09560791589319706,,0.0822835024446249,,0.07014199197292328,,0.058679397031664846,,0.053982018306851384,,0.04228459186851978,,0.035087814927101134,
1952804984,qslstm_log,extrapolation,late,2000104,62,2,60,59,2,0.0739481222725782,0.2545676899533118,0.22050360284146545,0.46957811154425144,0.11903103834370783,0.30777035374194384,0.07244535840354054,0.2527942678270241,0.012294847076222047,0.0027701258659362793,0.016408443450927734,0.3166356459259987,0.2386021614074707,0.3254886046051979,0.22866803407669067,0.30777035374194384,0.4636820200830698,0.2942731799557805,0.4662367943674326,0.3159667821601033,0.4713814202696085,0.33580575603991747,0.4700562600046396,0.33744962234050035,0.4709387067705393,0.3327611507847905,0.4698414448648691,0.19480496644973755,,0.20300257205963135,,0.1655377745628357,,0.06270732823759317,0.050450573675334454,0.01225675456225872,0.07530328538268805,0.028805812820792198,0.07639045733958483,0.02936994470655918,0.06270732823759317,0.02759982831776142,0.05749864783138037,0.029032526537775993,0.054198747500777245,0.033355314284563065,0.05033020116388798,0.035395439714193344,0.04574383422732353,0.0327540822327137,0.0403834143653512,0.02793438918888569,0.0476788766682148,,0.04617532715201378,,0.05200595781207085,
1952804984,qslstm_log,extrapolation,late,2000105,62,4,58,58,3,0.158318647631622,0.39078124035750667,0.09129429600888117,0.3021494597196579,0.13840942495534989,0.3620375385507941,0.15969169747136497,0.3927635646200386,0.011677177301768598,0.004875260591506958,0.03175870577494303,0.37813273444771767,0.23912495374679565,0.343257421006759,0.2353983223438263,0.3620375385507941,0.3078254610300064,0.37790439929813147,0.3156381994485855,0.3658905541524291,0.3192843645811081,0.3389641037210822,0.3242429047822952,0.35997202433645725,0.3207404166460037,0.3699080925434828,0.31933067739009857,0.3758071567863226,0.3312632590532303,0.37632367573678493,0.3058706969022751,0.4039083148042361,,0.15877225529402494,0.07443077785187754,0.0843414774421474,0.09490380436182022,0.05594055727124214,0.09914514794945717,0.06601539999246597,0.15877225529402494,0.06120375171303749,0.11118053551763296,0.06869757920503616,0.09812112338840961,0.05552656948566437,0.09481711871922016,0.04912443086504936,0.08053324930369854,0.04692819342017174,0.07781547401100397,0.06637827306985855,0.0721275843679905,0.06793009489774704,0.06940996181219816,0.060346927493810654,0.07517020280162494,
1952804984,qslstm_log,extrapolation,late,2000106,62,3,59,58,3,0.1170060823529627,0.28708265577593156,0.017771021107538587,0.13330799341201782,0.16240126312459116,0.3775995075702667,0.11469785282220193,0.28248010398977896,0.011241675964717207,0.006496846675872803,0.014552086591720581,0.336115558942159,0.40931957960128784,0.34606410066286725,0.4087883532047272,0.3775995075702667,0.18256670236587524,0.37997477253278095,0.1837034523487091,0.386565238237381,0.19380518794059753,0.3850432535012563,0.19691842794418335,0.3859849770863851,0.19576579332351685,0.3680816888809204,0.18228626251220703,0.3507928152879079,0.16057100892066956,0.33895790576934814,0.13330799341201782,0.31151022017002106,,0.0937148928642273,0.08932605871962289,0.004388834144604406,0.07676113645235698,0.0638621523976326,0.07603119562069575,0.0662371963262558,0.0937148928642273,0.08300673216581345,0.06409575790166855,0.06815004348754883,0.07284328838189442,0.0861402153968811,0.07730088134606679,0.08390132337808609,0.08177560319503148,0.08492668718099594,0.08946356922388077,0.07187317311763763,0.08298701544602712,0.05775962769985199,0.05917209883530935,0.04073277488350868,0.08976507186889648,
1952804984,qslstm_log,extrapolation,late,2000107,62,6,56,56,5,0.12312430843977795,0.3305992347098166,0.17846577017941456,0.42245209217071533,0.08856212472854919,0.2760842703282833,0.1268273995516953,0.33644012375069515,0.01087965230856623,0.005543375015258789,0.028215670585632326,0.2608191054314375,0.1586904525756836,0.25503391176462176,0.16119366884231567,0.2760842703282833,0.4436565637588501,0.24715589359402657,0.4354395866394043,0.28080490479866665,0.43045610189437866,0.3216300221780936,0.42817145586013794,0.31273558860023815,0.42160212993621826,0.3301047844191392,0.4251624345779419,0.3361085119346778,0.4316897392272949,0.3366197409729163,0.4210827350616455,0.3965159609913826,,0.15610235960533222,0.05241744379912104,0.10368491580621118,0.09947428293526173,0.030110850930213928,0.14115254171192645,0.030039867386221886,0.15610235960533222,0.031163329258561134,0.1412175176665187,0.03095146082341671,0.12497402106722195,0.031593333929777145,0.10207185335457325,0.029229462146759033,0.08210315927863121,0.030865229666233063,0.059623355977237225,0.028960883617401123,0.051017812763651214,0.030025893822312355,0.045339007241030536,0.032924674451351166,0.04033508338034153,
1952804984,qslstm_log,extrapolation,late,2000108,62,3,59,58,3,0.06360503399608651,0.2132414838960094,0.15201296897716077,0.3898884057998657,0.10951739297097873,0.3223748207092285,0.06127050726854962,0.20769233117669317,0.010793395083526084,0.0033855835596720376,0.06710694233576457,0.24226132035255432,0.11197543144226074,0.20322120189666748,0.11211490631103516,0.3223748207092285,0.4277036190032959,0.33541813492774963,0.4229367673397064,0.3595583240191142,0.4290081858634949,0.3295816381772359,0.4219942092895508,0.29868532220522565,0.42170998454093933,0.282182514667511,0.4157375693321228,0.25843624273935956,0.40964025259017944,0.22760719060897827,0.4017350673675537,0.11058138310909271,,0.1452054133017858,0.07170944963976489,0.07349596366202091,0.10374387912452221,0.03519212827086449,0.18870468313495317,0.03585213050246239,0.1452054133017858,0.040067821741104126,0.12481740241249402,0.046364445239305496,0.10859544451038043,0.04258178547024727,0.09449174379309018,0.03766176477074623,0.08278507242600124,0.04294233024120331,0.07844941318035126,0.03529434651136398,0.06717001025875409,0.03563688322901726,0.06985575705766678,0.06504931300878525,0.05817453749477863,
1952804984,qslstm_log,extrapolation,late,2000109,62,5,57,57,4,0.10518512464726694,0.2927461238277535,0.26500689772312525,0.514788206666708,0.11447547519988714,0.3061601422727108,0.10437018161633535,0.29156945554310815,0.012401880402314035,0.00635036826133728,0.017712049186229706,0.24208644529183707,0.23250359296798706,0.25637752935290337,0.22689449787139893,0.3061601422727108,0.5274889431893826,0.2619176708161831,0.5194851718842983,0.264198150485754,0.514788206666708,0.20707662776112556,,0.18991078063845634,,0.170281033962965,,0.19727183505892754,,0.2116806022822857,,0.34783637896180153,,0.15195549428462982,0.0714678982632202,0.08048759602140962,0.0679733802874883,0.05218418315052986,0.13765905518084764,0.04636372998356819,0.15195549428462982,0.03686731308698654,0.10675975233316422,0.036765772849321365,0.08959365263581276,0.03492012992501259,0.09316124953329563,,0.0848300363868475,,0.07312226388603449,,0.06851716991513968,,0.07354728411883116,,0.0712384982034564,
1952804984,qslstm_log,extrapolation,late,2000110,62,5,57,57,4,0.09885430652328196,0.2642251697534154,0.1017905723848509,0.31904634833335876,0.12090612047408715,0.3342047509271652,0.0969199368784745,0.25808661000133215,0.014401600549095556,0.004838630557060242,0.01492268592119217,0.2782357405521907,0.44615381956100464,0.2878635000088252,0.4363842308521271,0.3342047509271652,0.3093690872192383,0.32086657849140465,0.3113043010234833,0.31830827561207115,0.31904634833335876,0.29721197445178404,,0.28940094221616164,,0.3218160714604892,,0.3005712400772609,,0.258756585419178,,0.22691036760807037,,0.1223829798400402,0.08489314969955829,0.03748983014048192,0.10217610374093056,0.06949698179960251,0.08625169470906258,0.06520769745111465,0.1223829798400402,0.043317023664712906,0.09280172139406204,0.04068093001842499,0.09115865081548691,0.049824196845293045,0.09085419960319996,,0.09380444791167974,,0.08463380951434374,,0.07722391281276941,,0.06570116896182299,,0.06587385945022106,
1952804984,qslstm_log,extrapolation,late,2000111,62,8,54,53,8,0.13794668685931838,0.3118957260984086,0.17670223430910564,0.42035964876413345,0.11595582187796986,0.29376940918155015,0.1412045927824811,0.3145811063823877,0.009096307574578051,0.002937212586402893,0.03505654260516167,0.3420257142611912,0.535021185874939,0.27246839576400816,0.04456523060798645,0.29376940918155015,0.4253159239888191,0.3784617204219103,0.41978079825639725,0.37167552299797535,0.4166860952973366,0.3655004184693098,0.41473937779664993,0.37355320900678635,0.4140261486172676,0.3975640144199133,0.42035964876413345,0.3192480057477951,,0.1640289823214213,,0.16764622430006662,,0.10350651410408318,0.06260898840372209,0.04089752570036109,0.12781540197985514,0.04157594218850136,0.12726902170106769,0.03312543034553528,0.10350651410408318,0.031025903299450874,0.09144289675168693,0.032603632658720016,0.08553144708275795,0.038146812468767166,0.0815827390179038,0.03936075046658516,0.07933133188635111,0.04546704888343811,0.06853287620469928,0.05090036615729332,0.06528237462043762,,0.055376830200354256,,0.0505861130853494,
1952804984,qslstm_log,extrapolation,late,2000112,62,2,60,60,1,0.04674385107716112,0.21209984921639966,0.05928877848246916,0.24349287152290344,0.07145776067567944,0.2659144699573517,0.045920054090543845,0.21030602852503458,0.012559484442075093,0.004269823431968689,0.00849992036819458,0.2651762068271637,0.2651762068271637,0.2660171091556549,0.2660171091556549,0.2659144699573517,0.23857849836349487,0.22274769842624664,0.23513296246528625,0.1823924481868744,0.2282262146472931,0.21543589234352112,0.2286261022090912,0.19457578659057617,0.23678159713745117,0.20565760135650635,0.24349287152290344,0.13922381401062012,,0.13338300585746765,,0.1683419644832611,,0.16452255845069885,0.04957885509356856,0.11494370335713029,0.04117504134774208,0.04117504134774208,0.03796131908893585,0.03796131908893585,0.16452255845069885,0.03617259860038757,0.11321452260017395,0.036791980266571045,0.08652464114129543,0.03662761673331261,0.07329896092414856,0.03250700235366821,0.0667627127841115,0.030529605224728584,0.05504834372550249,0.030035139992833138,0.06442111730575562,,0.08321092277765274,,0.046742264181375504,
1952804984,qslstm_log,extrapolation,late,2000113,62,5,57,56,5,0.09391521122374917,0.3017557044663737,0.14650963465192035,0.3827657699584961,0.0807235518533235,0.2747629672288895,0.09507237432641809,0.30412348843457404,0.009823856077023916,0.002411261200904846,0.008679741621017456,0.25879126489162446,0.3417882025241852,0.26100159585475924,0.3498518168926239,0.2747629672288895,0.3817170560359955,0.2742341548204422,0.3755512833595276,0.2897324085235596,0.3775944709777832,0.2860136330127716,0.37850335240364075,0.29230214953422545,0.3790576756000519,0.3017290413379669,0.3827657699584961,0.28744305297732353,,0.30347856134176254,,0.3092361092567444,,0.03259518593549728,0.050614752921096066,-0.018019566985598784,0.03340482078492642,0.02660296857357025,0.032909560948610306,0.026415130123496056,0.03259518593549728,0.026819953694939613,0.031890285387635234,0.027014613151550293,0.03145668357610702,0.026605764403939247,0.03090423010289669,0.026570143178105354,0.030616895109415055,0.026666715741157532,0.02993772514164448,0.026215484365820885,0.03017478296533227,,0.02879712637513876,,0.027872040402144194,
1952804984,qslstm_log,extrapolation,late,2000114,62,3,59,59,2,0.10230087365082044,0.23394928271732024,4.6697450898136594e-05,0.006833553314208984,0.10630816035850162,0.26000630483031273,0.10209711330975192,0.23262434938954094,0.016872348421711033,0.004994319035456731,0.010349512100219727,0.26867189444601536,0.4898632653057575,0.25815477408468723,0.48504887893795967,0.26000630483031273,0.01257246732711792,0.19793695832292238,0.007552027702331543,0.21816101297736168,0.009290754795074463,0.16984890525539717,0.00022664666175842285,0.17020713910460472,0.008674979209899902,0.16819104179739952,0.011367201805114746,0.15623261158665022,0.011052966117858887,0.1618139110505581,0.0036765336990356445,0.27027676440775394,,0.1420237304021915,0.04943614465705419,0.0925875857451373,0.03798253647983074,0.029074162244796753,0.03807542007416487,0.028125660493969917,0.1420237304021915,0.027568412944674492,0.11128721820811431,0.027405494824051857,0.07907949325939019,0.02806815691292286,0.07132323148349921,0.027643492445349693,0.06171942129731178,0.028017625212669373,0.054736604914069176,0.02892296575009823,0.047421287124355636,0.027747763320803642,0.03886030241847038,0.02683674730360508,0.03909570723772049,
1952804984,qslstm_log,extrapolation,late,2000115,62,5,57,56,5,0.11659295665033335,0.320255046530116,0.1069249992945096,0.3269938826560974,0.08668676401601055,0.28410917371511457,0.1192163068814143,0.3234257371279231,0.012921196541615896,0.0008198022842407227,0.04382376074790954,0.34821545146405697,0.17482900619506836,0.3206013306975365,0.17701709270477295,0.28410917371511457,0.32781368494033813,0.30981474965810774,0.3269938826560974,0.3192568402737379,,0.33862740360200405,,0.3490887489169836,,0.3351656850427389,,0.35789288580417633,,0.35185807943344116,,0.3039810862392187,,0.07733020558953285,0.04921863982944112,0.02811156576009173,0.0360451708547771,0.02748829685151577,0.09747334681451321,0.026812538504600525,0.07733020558953285,0.027898142114281654,0.06378102041780949,0.027299733832478523,0.05900494661182165,,0.05441388627514243,,0.04944207798689604,,0.04432376520708203,,0.0409291279502213,,0.035388443153351545,,0.03425675118342042,
1952804984,qslstm_log,extrapolation,late,2000116,62,7,55,55,6,0.0724588676250849,0.2655583490287104,0.12349588038672721,0.3514198064804077,0.07955609955021019,0.2731241722192083,0.07155558356188713,0.2645954260771925,0.008529054034839978,0.0022704243659973145,0.02738155424594879,0.2453207535048326,0.2564622461795807,0.2358939709762732,0.2516142427921295,0.2731241722192083,0.35436052083969116,0.2640155010989734,0.3565637469291687,0.26643003629786627,0.35196805000305176,0.26940582373312544,0.3504178524017334,0.2643999606370926,0.3494173288345337,0.28164709607760113,,0.2758065164089203,,0.2538994203011195,,0.2583714425563812,,0.11276613734662533,0.040168891339139506,0.07259724600748582,0.1175912544131279,0.02361910603940487,0.09366528782993555,0.023539161309599876,0.11276613734662533,0.023337163031101227,0.0910074207931757,0.02335588075220585,0.0739235340484551,0.023318059742450714,0.06763922476342746,0.023129845038056374,0.059525657179100175,0.023346541449427605,0.055359640158712864,,0.04843841648350159,,0.03851240500807762,,0.03393597590426604,
1952804984,qslstm_log,extrapolation,late,2000117,62,5,57,56,5,0.03545249124915044,0.11850042785367658,0.1698139953811193,0.4120849370956421,0.0987893945250173,0.2721487462520599,0.029896622540741064,0.10502250518715173,0.014652807797704424,0.0020180940628051758,0.03252376317977905,0.1955641746520996,0.016049087047576904,0.2061981201171875,0.010140955448150635,0.2721487462520599,0.4100668430328369,0.2678660213947296,0.4120849370956421,0.22777151316404343,,0.20805128663778305,,0.17847158759832382,,0.06277215480804443,,0.05572749674320221,,0.06026621162891388,,0.250582292675972,,0.11820304542779922,0.07612755946945726,0.04207548595834196,0.16549169421195983,0.03383535146713257,0.1418885260820389,0.03628276288509369,0.11820304542779922,0.03902963921427727,0.09339864403009415,0.033889468759298325,0.11063476838171482,,0.10073914006352425,,0.09020225703716278,,0.07574447803199291,,0.07624287623912096,,0.06540440674871206,,0.056737618520855904,
1952804984,qslstm_log,extrapolation,late,2000118,62,3,59,58,3,0.16785920179248923,0.3907585425242301,0.24650468922118307,0.4964923858642578,0.267333332152297,0.5024503916501999,0.16280119516402444,0.3850792959585028,0.010641680195413786,0.0028779953718185425,0.0315345029036204,0.36222049966454506,0.40013907849788666,0.3725603260099888,0.4047924131155014,0.5024503916501999,0.5143022537231445,0.4918598085641861,0.5093079507350922,0.4764433552821477,0.5101840794086456,0.4708599994579951,0.5082604289054871,0.4695189942916234,0.502270519733429,0.4559912135203679,0.49594733119010925,0.4544197569290797,0.4964923858642578,0.36237992346286774,,0.36060644686222076,,0.0504889382670323,0.059702875692460494,-0.009213937425428191,0.05661760705212752,0.026563266292214394,0.049454594030976295,0.027323944494128227,0.0504889382670323,0.02814890630543232,0.04482631447414557,0.027283085510134697,0.04398336261510849,0.027336880564689636,0.04045139439404011,0.02698160894215107,0.038595650965968765,0.026855414733290672,0.04084169119596481,0.026936188340187073,0.03650809141496817,0.026390092447400093,0.040526093915104866,,0.03871997259557247,
1952804984,qslstm_log,extrapolation,late,2000119,62,3,59,59,2,0.13336317216567134,0.3619404144344791,0.16847192752925366,0.41045331954956055,0.12441141195066534,0.33677060902118683,0.13381834641389198,0.3632202350487143,0.013965416762788417,0.004910971437181745,0.02999824285507202,0.41698846966028214,0.3777657300233841,0.45958708971738815,0.3846966177225113,0.33677060902118683,0.3896905779838562,0.3599280168612798,0.39501816034317017,0.4020140121380488,0.40511322021484375,0.30398712555567425,0.40389692783355713,0.3120010793209076,0.4054449200630188,0.3543910086154938,0.40777891874313354,0.35275526344776154,,0.38084550201892853,,0.39300839602947235,,0.1972431962688764,0.08235134853649947,0.11489184773237693,0.17359640449285507,0.06531749665737152,0.15191282704472542,0.06680365651845932,0.1972431962688764,0.0724652037024498,0.1616172157227993,0.05897671356797218,0.1387368912498156,0.05461111664772034,0.1252583103875319,0.045440059155225754,0.10620483259359996,0.04867634177207947,0.09531507641077042,0.04646867513656616,0.10416851565241814,,0.08235523477196693,,0.10606862604618073,
1952804984,qslstm_log,extrapolation,late,2000120,62,6,56,55,6,0.1124888281734333,0.29806174722410017,0.14260597773023265,0.3776320666074753,0.0990031333102558,0.28092562158902484,0.11393372405163092,0.2998977606850011,0.013055977496233854,0.0031507641077041628,0.032656267285346985,0.29538949579000473,0.49447154998779297,0.287014606098334,0.4876605272293091,0.28092562158902484,0.38671256601810455,0.2524263026813666,0.38540200889110565,0.23622815931836763,0.37849776446819305,0.25080595538020134,0.37203027307987213,0.2528267813225587,0.36900563538074493,0.2639286182820797,0.3664184957742691,0.33544306581219036,0.37321682274341583,0.3372452184557915,,0.2696031704545021,,0.143283906703194,0.08201529454839017,0.06126861215480382,0.1485731743276119,0.07933306694030762,0.16504959762096405,0.050038229674100876,0.143283906703194,0.03957599028944969,0.12441162889202435,0.0363994799554348,0.09960465754071872,0.03147387132048607,0.08255238334337871,0.030768930912017822,0.08366097292552392,0.029705023393034935,0.07394020104159911,0.030132731422781944,0.07144395417223375,0.02913995273411274,0.07441881150007248,,0.08386177346110343,
1952804984,qslstm_log,extrapolation,late,2000121,62,8,54,54,7,0.12105422732871929,0.3011763428728427,0.0012546397758796957,0.035420894622802734,0.10467077957456083,0.27313785161823034,0.12348140477377978,0.3053301934290815,0.011763498738959984,0.0037277611819180574,0.02442256041935512,0.24460873877008757,0.44492655992507935,0.3194912150502205,0.4445776343345642,0.27313785161823034,0.04039645195007324,0.23242591507732868,0.04623851180076599,0.24894204176962376,0.05301082134246826,0.28703937865793705,0.05202522873878479,0.2968487050384283,0.050143152475357056,0.2792073916643858,0.0446358323097229,0.38150708843022585,0.04082077741622925,0.3313805226768766,,0.4153713903256825,,0.1112088356167078,0.044209121416012444,0.06699971420069536,0.051862928395469986,0.031019777059555054,0.09368220370795045,0.028417197987437248,0.1112088356167078,0.029411233961582184,0.08827161858789623,0.02950221113860607,0.0747000933624804,0.028303824365139008,0.0654114808421582,0.02830461598932743,0.05796852195635438,0.02777508646249771,0.0479541455861181,0.02756517194211483,0.0458096107468009,0.027011996135115623,0.04051523602434567,,0.036831828100340705,
1952804984,qslstm_log,extrapolation,late,2000122,62,4,58,58,3,0.09457901526539483,0.28678847512891215,0.012171771927004471,0.11032575368881226,0.07474887916351802,0.24151065945625305,0.09594661085862773,0.2899110831063369,0.011975657323311115,0.005450780575092022,0.01884216070175171,0.28991468747456867,0.3552387058734894,0.28776172796885174,0.35826173424720764,0.24151065945625305,0.12738662958145142,0.2321327179670334,0.12271285057067871,0.23385633528232574,0.1196751594543457,0.2586168795824051,0.1280813217163086,0.31358472257852554,0.12526893615722656,0.24045974016189575,0.11779481172561646,0.24097664654254913,0.12091994285583496,0.28966888040304184,0.1163378357887268,0.353367418050766,,0.15687574446201324,0.053401240918399956,0.10347450354361329,0.0963352881371975,0.035605501383543015,0.08822551369667053,0.03202960640192032,0.15687574446201324,0.0311240553855896,0.12620350532233715,0.031128205358982086,0.10058815777301788,0.03037087619304657,0.09094176487997174,0.029655421152710915,0.08270340180024505,0.03000122867524624,0.0660129627212882,0.030898869037628174,0.06277801282703876,0.02994765341281891,0.04577917931601405,0.030768925324082375,0.04673942799369494,
1952804984,qslstm_log,extrapolation,late,2000123,62,5,57,57,4,0.07120733237561344,0.26168729677315683,0.012570467262201568,0.11211809515953064,0.07144259686659524,0.2568009316921234,0.07118669513956241,0.26211592528903693,0.012312837337192736,0.0008580287297566732,0.027404308319091797,0.22017024271190166,0.28913557529449463,0.26898468285799026,0.28773531317710876,0.2568009316921234,0.11390456557273865,0.22327123135328292,0.11251461505889893,0.22980007976293565,0.11290842294692993,0.23261477351188659,0.11211809515953064,0.2527201846241951,,0.26672664284706116,,0.2645586356520653,,0.26487695425748825,,0.28544851392507553,,0.1237273134291172,0.04531009776289003,0.07841721566622717,0.09562709974125028,0.025066716596484184,0.07659224979579449,0.025170162320137024,0.1237273134291172,0.025210469961166382,0.10524332858622074,0.024958761408925056,0.08688943721354007,0.02485189400613308,0.0761575810611248,0.02499072253704071,0.07918538898229599,,0.05819080863147974,,0.04791009798645973,,0.04166387766599655,,0.036433626897633076,
1952804984,qslstm_log,extrapolation,late,2000124,62,3,59,58,3,0.0774386112331264,0.2667778427562406,0.037318176481676346,0.19317913055419922,0.07066119518838909,0.25720909734567005,0.07778322560828255,0.2672643891330493,0.01419653974730393,0.004265258709589641,0.07126750548680623,0.2873302921652794,0.23015540838241577,0.19157939652601877,0.22872105240821838,0.25720909734567005,0.18330875039100647,0.2755035012960434,0.18501469492912292,0.3012884507576625,0.18858322501182556,0.2777426491181056,0.1980557143688202,0.2625541538000107,0.19004783034324646,0.28293069700400036,0.1970098316669464,0.26223738491535187,0.19075924158096313,0.28718379884958267,,0.28640366345643997,,0.10759471481045087,0.06399883462463395,0.04359588018581692,0.03817661665380001,0.03242453187704086,0.15703939087688923,0.031199844554066658,0.10759471481045087,0.03157719969749451,0.10889718060692151,0.03600635752081871,0.11852495869000752,0.04427361115813255,0.07591195777058601,0.046970199793577194,0.06146584451198578,0.03480247035622597,0.06524374584356944,0.04149220511317253,0.05974925806125005,0.06162458285689354,0.050795781426131725,,0.04182666726410389,
1952804984,qslstm_log,extrapolation,late,2000125,62,5,57,56,5,0.07440233201612283,0.2602736238510378,0.13138482568573195,0.36247044801712036,0.10278522526261344,0.30461029410362245,0.0719126045383605,0.2563844422499339,0.013100875275475639,0.004523277282714844,0.04208996295928955,0.25622242093086245,0.17558389902114868,0.23793380856513976,0.1850154995918274,0.30461029410362245,0.3579471707344055,0.2966077148914337,0.36247044801712036,0.25862153619527817,,0.3166505843400955,,0.3048638850450516,,0.2618551626801491,,0.1989191621541977,,0.21347741782665253,,0.25697219371795654,,0.12952595502138137,0.09686861082650068,0.032657344194880686,0.16052097976207733,0.08075816184282303,0.14338003396987914,0.08060961961746216,0.12952595502138137,0.08011280000209808,0.10032879114151001,0.055336762219667435,0.11534403916448355,,0.1124274991452694,,0.10231036506593227,,0.10170202516019344,,0.11560629867017269,,0.08990033343434334,,0.08101757988333702,
1952804984,qslstm_log,extrapolation,early,2000126,62,3,59,59,2,0.13646295700940111,0.3595881922350776,0.19113399184219843,0.4371887370944023,0.07553683450503566,0.2552393153309822,0.13956089544182645,0.364894067331896,0.012712544303829386,0.007160286108652751,0.034741729497909546,0.20183619856834412,0.15590044856071472,0.21478627622127533,0.15077993273735046,0.2552393153309822,0.3984137699007988,0.28503581633170444,0.36812712997198105,0.2727915520469348,0.37221451848745346,0.25058678537607193,0.3691531643271446,0.2855916793147723,0.3665885850787163,0.2656651909152667,0.37957047671079636,0.2656372860074043,0.3910304829478264,0.2919287532567978,0.35279180854558945,0.3704969411094983,0.36276718229055405,0.2169625200331211,0.053269181305826724,0.16369333872729439,0.22840485349297523,0.06465575844049454,0.16435420513153076,0.05837610363960266,0.2169625200331211,0.05446856841444969,0.20289839804172516,0.05306918919086456,0.15081522489587465,0.05303061380982399,0.11879104003310204,0.0491594634950161,0.09658479318022728,0.04518992826342583,0.06908034160733223,0.0419597290456295,0.0602215901017189,0.04499050974845886,0.049100905656814575,0.035895999521017075,0.041538771241903305,0.033497121185064316
1952804984,qslstm_log,extrapolation,early,2000127,62,2,60,60,1,0.057116391925258636,0.23629496703224798,0.06177721992756702,0.24855023622512817,0.09363290309245542,0.2775477170944214,0.05589917488635208,0.23491987536350886,0.011936285098393758,0.011936285098393758,0.0916253924369812,,,0.40638935565948486,0.40638935565948486,0.2775477170944214,0.1487060785293579,0.14425303041934967,0.13979998230934143,0.19202010333538055,0.24424022436141968,0.26915982365608215,0.29407942295074463,0.30792269110679626,0.3217659592628479,0.3109202980995178,0.2932002544403076,0.22937944531440735,0.21417564153671265,0.22599035501480103,0.2294750213623047,0.23696759343147278,0.24181032180786133,0.2872842475771904,0.04822468012571335,0.23905956745147705,,,0.3444753885269165,0.3444753885269165,0.2872842475771904,0.2300931066274643,0.19715183228254318,0.16421055793762207,0.15662845224142075,0.14904634654521942,0.1420809030532837,0.13511545956134796,0.12201631814241409,0.10891717672348022,0.0840769037604332,0.07516707479953766,0.06291349790990353,0.05787837132811546,0.04777250625193119,0.048093050718307495,0.04362550750374794,0.04328412935137749
1952804984,qslstm_log,extrapolation,early,2000128,62,3,59,59,2,0.23190553756111992,0.47798801195477286,0.26099713063282903,0.5108787827193737,0.14899409778228986,0.38261284803350765,0.23612137348207735,0.4828375965609389,0.01584061323586157,0.007735803127288819,0.033951759338378906,0.33755889534950256,0.32378771901130676,0.3303505927324295,0.33691346645355225,0.38261284803350765,0.45379404351115227,0.3995737209916115,0.44301072880625725,0.43848079194625217,0.4501674585044384,0.4620356932282448,0.4270874671638012,0.42395387838284176,0.4338270537555218,0.44321977843840915,0.4280574135482311,0.40306969235340756,0.43789685890078545,0.4555983357131481,0.466096680611372,0.4657619210580985,0.47909341380000114,0.18586240460475287,0.055381198303174166,0.1304812063015787,0.09121692553162575,0.08235248923301697,0.09132147207856178,0.1002904549241066,0.18586240460475287,0.10271155834197998,0.16370894263188043,0.10650160163640976,0.1333222488562266,0.08117461949586868,0.11065154025952022,0.060229912400245667,0.08497090637683868,0.06503985822200775,0.08615732689698537,0.05648262798786163,0.06687288731336594,0.04759180545806885,0.06274512782692909,0.04062177985906601,0.052676841616630554,0.04818737134337425
1952804984,qslstm_log,extrapolation,early,2000129,62,2,60,59,2,0.1351863934680035,0.36202187884238457,0.12035498454048366,0.3469221591949463,0.08302942684665471,0.2093529999256134,0.1369249590220485,0.36711084147294365,0.011023416862649432,0.009254048268000284,0.047007814049720764,0.19203992187976837,0.01136121153831482,0.2534903436899185,0.06374022364616394,0.2093529999256134,0.407344788312912,0.24791118502616882,0.4320821464061737,0.3955996036529541,0.3838544189929962,0.40920065343379974,0.3863191604614258,0.3872971683740616,0.39073991775512695,0.40087151527404785,0.41100311279296875,0.4135339707136154,0.4160648286342621,0.39231425523757935,0.38626033067703247,0.39934174716472626,0.39603370428085327,0.15009304881095886,0.062627127331992,0.08746592147896687,0.25952159613370895,0.14883436262607574,0.1763252466917038,0.14898864924907684,0.15009304881095886,0.15135173499584198,0.14654622972011566,0.14410381019115448,0.14758802205324173,0.14382430911064148,0.12311968952417374,0.102135568857193,0.1268771030008793,0.1099298968911171,0.0902584046125412,0.0705869123339653,0.06443624570965767,0.05828557908535004,0.048934901133179665,0.04769067466259003,0.043291838839650154,0.04360298812389374
1952804984,qslstm_log,extrapolation,early,2000130,62,1,61,60,1,0.027944072755858834,0.16198137210261437,0.01813493043457104,0.13466599583625793,0.0027132738299684434,0.05208909511566162,0.02835769241038163,0.1637828848401054,0.01443029393752416,0.01443029393752416,0.023968040943145752,,,0.34397265315055847,0.34397265315055847,0.05208909511566162,0.05208909511566162,0.1851174235343933,0.1851174235343933,0.2526857256889343,0.2526857256889343,0.15832281112670898,0.15832281112670898,0.07178717851638794,0.07178717851638794,0.09218961000442505,0.09218961000442505,0.0723186731338501,0.0723186731338501,0.13087594509124756,0.13087594509124756,0.14091745018959045,0.14091745018959045,0.29770323634147644,0.06819482343118699,0.22950841291028945,,,0.37805089354515076,0.37805089354515076,0.29770323634147644,0.29770323634147644,0.2362818717956543,0.2362818717956543,0.14725425839424133,0.14725425839424133,0.1610928326845169,0.1610928326845169,0.16686205565929413,0.16686205565929413,0.1887115091085434,0.1887115091085434,0.0829278901219368,0.0829278901219368,0.052219703793525696,0.052219703793525696,0.05563456192612648,0.05563456192612648
1952804984,qslstm_log,extrapolation,early,2000131,62,2,60,60,1,0.0428872153397906,0.2060769140239685,0.0450065255572305,0.21214741468429565,0.04193250997320164,0.20299271494150162,0.04291903885201023,0.20617972066005072,0.01293165683746338,0.01293165683746338,0.13584214448928833,,,0.1760396510362625,0.1760396510362625,0.20299271494150162,0.22994577884674072,0.19882377982139587,0.16770178079605103,0.15914908051490784,0.15059638023376465,0.1758418083190918,0.20108723640441895,0.18070846796035767,0.1603296995162964,0.24053215980529785,0.25530320405960083,0.22524645924568176,0.23271840810775757,0.2504819482564926,0.2650855481624603,0.21647030115127563,0.21154946088790894,0.33592914044857025,0.058528928893307845,0.2774002115552624,,,0.3743876516819,0.3743876516819,0.33592914044857025,0.2974706292152405,0.29295870661735535,0.2884467840194702,0.2316443994641304,0.1748420149087906,0.17502538859844208,0.17520876228809357,0.1858525276184082,0.19649629294872284,0.1525828093290329,0.15693604946136475,0.1265384666621685,0.10664988309144974,0.05877755954861641,0.057141248136758804,0.051174284890294075,0.04854151979088783
1952804984,qslstm_log,extrapolation,early,2000132,62,3,59,58,3,0.03135779356874882,0.14542596114258613,0.007646423157211757,0.08744382858276367,0.0949558750890022,0.2788824290037155,0.028123992813481696,0.1386400390479524,0.013925170076304469,0.007932581153570437,0.07161964972813924,0.38658974319696426,0.3836904317140579,0.345806082089742,0.39783020317554474,0.2788824290037155,0.09406936168670654,0.2622018704811732,0.1218680739402771,0.1889113982518514,0.13307803869247437,0.22196131944656372,0.1582401990890503,0.24344277381896973,0.14587703347206116,0.2458717922369639,0.15162110328674316,0.22880816956361136,0.13697320222854614,0.12809563676516214,0.10608935356140137,0.11913347244262695,0.08987587690353394,0.1884681632121404,0.06047117394410958,0.12799698926803083,0.14456026256084442,0.1589214950799942,0.2253819207350413,0.13578902184963226,0.1884681632121404,0.13899442553520203,0.1514881749947866,0.11334538459777832,0.13831452776988348,0.0899752601981163,0.1188390925526619,0.092922143638134,0.09354513138532639,0.0659855380654335,0.08797397961219151,0.0621359646320343,0.08273633321126302,0.0502840131521225,0.06040876234571139,0.0454619824886322,0.04371686900655428,0.04442814365029335
1952804984,qslstm_log,extrapolation,early,2000133,62,1,61,60,1,0.20730394202121513,0.44980648640663395,0.2397540980600752,0.48964691162109375,0.14489472786932822,0.3806504011154175,0.20832704389255755,0.4509401927228834,0.011461128294467927,0.010381388462195962,0.15175524353981018,0.07864487171173096,0.07864487171173096,0.15381065011024475,0.15381065011024475,0.3806504011154175,0.3806504011154175,0.4203103184700012,0.4203103184700012,0.38471710681915283,0.38471710681915283,0.3762749433517456,0.3762749433517456,0.3446177840232849,0.3446177840232849,0.4069026708602905,0.4069026708602905,0.4170931577682495,0.4170931577682495,0.4569001793861389,0.4569001793861389,0.4918646812438965,0.4918646812438965,0.24621033668518066,0.06124707641171628,0.18496326027346438,0.44273748993873596,0.44273748993873596,0.40118208527565,0.40118208527565,0.24621033668518066,0.24621033668518066,0.21242187917232513,0.21242187917232513,0.23173080384731293,0.23173080384731293,0.15695486962795258,0.15695486962795258,0.13275958597660065,0.13275958597660065,0.07093658298254013,0.07093658298254013,0.062088873237371445,0.062088873237371445,0.04587021842598915,0.04587021842598915,0.03973591327667236,0.03973591327667236
1952804984,qslstm_log,extrapolation,early,2000134,62,2,60,60,1,0.0823382259977235,0.28223594157926496,0.0694394932122897,0.2635137438774109,0.09193232611622026,0.2956807240843773,0.08201842266044028,0.2817877821624279,0.015205874045689901,0.010860782319849188,0.035321176052093506,0.4285976141691208,0.4285976141691208,0.3705645054578781,0.3705645054578781,0.2956807240843773,0.228559672832489,0.39236947149038315,0.27504831552505493,0.3713036850094795,0.3133130371570587,0.35309650748968124,0.2624014616012573,0.3625708147883415,0.29654401540756226,0.26075638830661774,0.29295310378074646,0.2987965792417526,0.28428012132644653,0.28371740877628326,0.27448171377182007,0.24997052550315857,0.23197025060653687,0.19432031735777855,0.0617559138375024,0.13256440352027615,0.1328715831041336,0.1328715831041336,0.09649845212697983,0.09649845212697983,0.19432031735777855,0.08694424480199814,0.14764950051903725,0.07676834613084793,0.11654464527964592,0.06876716762781143,0.10070884972810745,0.06676852703094482,0.09551362507045269,0.058155667036771774,0.07075751200318336,0.05457077920436859,0.05902085080742836,0.04927453398704529,0.04957052133977413,0.04457026347517967,0.044950664043426514,0.04228449985384941
1952804984,qslstm_log,extrapolation,early,2000135,62,2,60,60,1,0.01563675650615238,0.07743752723739993,0.002497969086334706,0.04997968673706055,0.03469674000366085,0.1650376170873642,0.015001423722902096,0.07451752424240113,0.012085264424482982,0.007612568459340504,0.017315179109573364,0.45572537183761597,0.45572537183761597,0.4640418291091919,0.4640418291091919,0.1650376170873642,0.07867023348808289,0.23363307118415833,0.04430288076400757,0.19909027218818665,0.018304884433746338,0.2535172402858734,0.05130910873413086,0.2542516589164734,0.04446148872375488,0.05847631394863129,0.072649747133255,0.07364323735237122,0.09597736597061157,0.08983144164085388,0.08418405055999756,0.06176532804965973,0.032037168741226196,0.25730036199092865,0.058218643472840385,0.19908171851808826,0.1380268633365631,0.1380268633365631,0.12067606300115585,0.12067606300115585,0.25730036199092865,0.11610358953475952,0.1717507429420948,0.09393338114023209,0.13052240386605263,0.08474899083375931,0.11236178874969482,0.08669671416282654,0.09871409088373184,0.07675211876630783,0.10346046835184097,0.11298755556344986,0.07713145762681961,0.06756620109081268,0.07884931191802025,0.07289141416549683,0.07150445505976677,0.049454882740974426
1952804984,qslstm_log,extrapolation,early,2000136,62,4,58,58,3,0.07387989985185908,0.26547657782512324,0.08906980122549513,0.2984456419944763,0.09062131859584095,0.2833557743579149,0.07272531924882586,0.264243529788379,0.012565836824219802,0.00858231633901596,0.046804726123809814,0.20954526215791702,0.3597955256700516,0.31186914692322415,0.36741073429584503,0.2833557743579149,0.23097902536392212,0.1895763762295246,0.23224371671676636,0.18591349944472313,0.23613053560256958,0.25651442259550095,0.22715795040130615,0.29819509014487267,0.22896325588226318,0.3011888451874256,0.22913408279418945,0.3147386573255062,0.2271365523338318,0.26500095799565315,0.2344561219215393,0.21210455894470215,0.1857973337173462,0.18096488807350397,0.04748858533928107,0.1334763027342229,0.12586560286581516,0.05663149431347847,0.16712133089701334,0.054201170802116394,0.18096488807350397,0.05996673181653023,0.14480507466942072,0.05513356998562813,0.11599756311625242,0.052525799721479416,0.09310465585440397,0.04831192269921303,0.07875067461282015,0.04365506395697594,0.06515265256166458,0.044794391840696335,0.05489621125161648,0.04270517826080322,0.05175998155027628,0.04456010088324547,0.04811099451035261,0.05269421637058258
1952804984,qslstm_log,extrapolation,early,2000137,62,4,58,57,4,0.13376337280621775,0.35703049191544134,0.12161454451566911,0.34873276948928833,0.09979428233404747,0.3065025918185711,0.1361060687008502,0.36051517468074273,0.010921809234117208,0.008890934861623324,0.08512712270021439,0.14845440288384756,0.16596142947673798,0.207170981913805,0.15734176337718964,0.3065025918185711,0.4185560941696167,0.28703251853585243,0.3875880837440491,0.2785206064581871,0.4213128983974457,0.2424788810312748,0.44014889001846313,0.2233828715980053,0.4375830590724945,0.2799159064888954,0.408772349357605,0.4187099039554596,0.4285465478897095,0.41905950009822845,0.4151316285133362,0.4167937561869621,0.38239267468452454,0.20511559955775738,0.07357385099448006,0.13154174856327733,0.2707291419307391,0.10068701952695847,0.25379849784076214,0.09200338274240494,0.20511559955775738,0.10335836559534073,0.18807954899966717,0.08707740157842636,0.1501146238297224,0.08624812215566635,0.1421576626598835,0.09220322221517563,0.1217056643217802,0.08228036761283875,0.08556262962520123,0.06248271465301514,0.08305422868579626,0.049577925354242325,0.06666981521993876,0.04693789407610893,0.04730439372360706,0.04085736349225044
1952804984,qslstm_log,extrapolation,early,2000138,62,2,60,60,1,0.14352719975188688,0.36992699388534794,0.22960068492425822,0.4791666567325592,0.09655593471995474,0.3102802075445652,0.1450929085862846,0.37191522009670736,0.013878849645455679,0.011549585221106546,0.07461553812026978,0.5012643411755562,0.5012643411755562,0.5010472014546394,0.5010472014546394,0.3102802075445652,0.29348355531692505,0.29691340401768684,0.25732898712158203,0.3557909168303013,0.2103174924850464,0.359690073877573,0.2183329463005066,0.27783313393592834,0.26218271255493164,0.22509944438934326,0.23988139629364014,0.2522766590118408,0.24237060546875,0.259893000125885,0.27741539478302,0.29768943786621094,0.31796348094940186,0.23785026371479034,0.06083885443707307,0.17701140927771727,0.22106172144412994,0.22106172144412994,0.18559350073337555,0.18559350073337555,0.23785026371479034,0.14511853456497192,0.18854880332946777,0.12898968160152435,0.1618526689708233,0.10264361649751663,0.13739900663495064,0.08920451253652573,0.11954934522509575,0.09398015588521957,0.10623591393232346,0.10982821136713028,0.08761762082576752,0.08125508576631546,0.07422054186463356,0.06718599796295166,0.07009318098425865,0.07300036400556564
1952804984,qslstm_log,extrapolation,early,2000139,62,3,59,58,3,0.11917378055896144,0.3311487145481571,0.14002332140462337,0.3741969019174576,0.09145731025941843,0.26719072461128235,0.12058309260809075,0.334400815731388,0.011405486485053754,0.009117891203682378,0.04150609175364176,0.04948685566584269,0.05975848436355591,0.1670831690231959,0.09692281484603882,0.26719072461128235,0.38288964331150055,0.18047166367371878,0.4139484316110611,0.18057466049989065,0.3850426822900772,0.27791811029116315,0.35394187271595,0.38335642715295154,0.35323120653629303,0.3508242021004359,0.31348805129528046,0.3440627505381902,0.3523418456315994,0.3756980548302333,0.4004582017660141,0.39935778081417084,0.4032263308763504,0.13641857107480368,0.08093255155293619,0.05548601952186749,0.15598584711551666,0.12338316440582275,0.13346472630898157,0.10034205764532089,0.13641857107480368,0.0856773853302002,0.13100577890872955,0.09319692850112915,0.10848567883173625,0.1017318144440651,0.08648793896039327,0.07344437390565872,0.09262598305940628,0.0990036353468895,0.08533653616905212,0.08083342015743256,0.09736504902442296,0.10864246636629105,0.10799523939689,0.08331669867038727,0.07535203918814659,0.08025467395782471
1952804984,qslstm_log,extrapolation,early,2000140,62,3,59,59,2,0.049989140746577086,0.2190879847734205,0.04553635739563333,0.2133924961090088,0.07437420369155047,0.25156482805808383,0.04874922229174793,0.21743661986064103,0.007583600484718711,0.00715082830616406,0.10587699711322784,0.35941585153341293,0.35941585153341293,0.2714185081422329,0.35279303044080734,0.25156482805808383,0.1648714244365692,0.32790450751781464,0.19279888272285461,0.31361838678518933,0.1903037428855896,0.2981545776128769,0.1822548508644104,0.24220564713080725,0.20895248651504517,0.20108378926912943,0.2201487421989441,0.19593119621276855,0.1965862512588501,0.21180473764737448,0.2521781921386719,0.24663735429445902,0.24256044626235962,0.23792685071627298,0.04192221401480295,0.19600463670147003,0.13828621804714203,0.13828621804714203,0.2354968674480915,0.11593688279390335,0.23792685071627298,0.0997776985168457,0.1772144412000974,0.0889662578701973,0.13501149664322534,0.08301720768213272,0.11128449936707814,0.07963039726018906,0.0961184377471606,0.07264073193073273,0.07814664766192436,0.06245647743344307,0.06766088927785556,0.05071153864264488,0.05005821958184242,0.03955552354454994,0.03890373185276985,0.0369492806494236
1952804984,qslstm_log,extrapolation,early,2000141,62,4,58,58,3,0.029762846950429293,0.1300560339323936,0.0157659386520983,0.12556248903274536,0.06386746772572433,0.20273341611027718,0.027410804138339982,0.12504380067874646,0.008972403818163378,0.006043059229850769,0.04943688710530599,0.32346423467000324,0.407633513212204,0.2771105319261551,0.4168136715888977,0.20273341611027718,0.00467035174369812,0.28676171600818634,0.010935604572296143,0.2429719977080822,0.019520491361618042,0.28902605921030045,0.002393782138824463,0.2951457053422928,0.023964881896972656,0.29549530893564224,0.03107762336730957,0.2059551104903221,0.02554464340209961,0.02469727396965027,0.06149482727050781,0.037235938012599945,0.07767748832702637,0.21309578604996204,0.04871045907252822,0.16438532697743383,0.2573629642526309,0.0697324350476265,0.2092935418089231,0.06544669717550278,0.21309578604996204,0.06412898749113083,0.17381772957742214,0.0692334845662117,0.14161473885178566,0.06509889662265778,0.11224794946610928,0.05804227292537689,0.10070663690567017,0.05752179026603699,0.07988152001053095,0.058217864483594894,0.06861219368875027,0.05852673947811127,0.0561297545209527,0.039721470326185226,0.05415299627929926,0.043417204171419144
1952804984,qslstm_log,extrapolation,early,2000142,62,2,60,60,1,0.07250569324242971,0.2580716756563033,0.04748071219143313,0.21790069341659546,0.06953129161445937,0.2562776580452919,0.07260483996336206,0.258131476243337,0.01590802570184072,0.009568334772036625,0.015335321426391602,0.3981267362833023,0.3981267362833023,0.41043539345264435,0.41043539345264435,0.2562776580452919,0.1942046880722046,0.3237202540040016,0.20081478357315063,0.3660911098122597,0.22315680980682373,0.3910548463463783,0.24652183055877686,0.3484880104660988,0.2568398118019104,0.3260183706879616,0.22690224647521973,0.3173864558339119,0.22433751821517944,0.2066274881362915,0.16673314571380615,0.23801559209823608,0.23086583614349365,0.2548847980797291,0.0846830637504657,0.1702017343292634,0.1267685741186142,0.1267685741186142,0.1449013203382492,0.1449013203382492,0.2548847980797291,0.1204938068985939,0.1814926117658615,0.10279130935668945,0.13353987410664558,0.08313687890768051,0.12521981075406075,0.09100029617547989,0.12698980048298836,0.11806058138608932,0.11510691419243813,0.09613006561994553,0.10649232193827629,0.06808332353830338,0.07599886693060398,0.06099743768572807,0.07444339245557785,0.08448347449302673
1952804984,qslstm_log,extrapolation,early,2000143,62,4,58,58,3,0.018736474820596073,0.09893817959293243,0.007245397901645134,0.08511990308761597,0.07853006744544211,0.2291724756360054,0.014612778777503244,0.08995650400375498,0.013594248171510368,0.008810778833785147,0.03720038135846456,0.31924336155255634,0.40467894077301025,0.30481405059496564,0.4522874653339386,0.2291724756360054,0.04779469966888428,0.28580954670906067,0.04081606864929199,0.2809399664402008,0.0582241415977478,0.23185914009809494,0.08287256956100464,0.06950302422046661,0.07172846794128418,0.15438216924667358,0.07175302505493164,0.07496237754821777,0.09800738096237183,0.0778195783495903,0.05151793360710144,0.06071414053440094,0.03607836365699768,0.1824184451252222,0.052625943264313815,0.1297925018609084,0.14576526234547296,0.12093647569417953,0.12246163686116536,0.10067642480134964,0.1824184451252222,0.11603033542633057,0.14673894457519054,0.10462430119514465,0.1176195740699768,0.0805998295545578,0.11313724890351295,0.08774849027395248,0.1085544303059578,0.09494834393262863,0.09167454205453396,0.07741337269544601,0.09740034118294716,0.0731995701789856,0.06827719137072563,0.04901905730366707,0.0549831623211503,0.04676838219165802
1952804984,qslstm_log,extrapolation,early,2000144,62,1,61,60,1,0.10201804935637372,0.3170029893517494,0.12937222998539255,0.3596835136413574,0.09002658086552628,0.30004429817199707,0.10221463080704335,0.31728100068256504,0.018493819733460745,0.014783509707046767,0.10183936357498169,0.19985730201005936,0.19985730201005936,0.43725941330194473,0.43725941330194473,0.30004429817199707,0.30004429817199707,0.23396384716033936,0.23396384716033936,0.24007046222686768,0.24007046222686768,0.33056533336639404,0.33056533336639404,0.28050947189331055,0.28050947189331055,0.3180616497993469,0.3180616497993469,0.2887580394744873,0.2887580394744873,0.34400027990341187,0.34400027990341187,0.2854651212692261,0.2854651212692261,0.2828768193721771,0.06632545132373201,0.2165513680484451,0.3969503343105316,0.3969503343105316,0.328631728887558,0.328631728887558,0.2828768193721771,0.2828768193721771,0.2607448399066925,0.2607448399066925,0.26598867774009705,0.26598867774009705,0.15650393068790436,0.15650393068790436,0.17083574831485748,0.17083574831485748,0.12755243480205536,0.12755243480205536,0.10594207048416138,0.10594207048416138,0.04955102130770683,0.04955102130770683,0.05088556930422783,0.05088556930422783
1952804984,qslstm_log,extrapolation,early,2000145,62,4,58,57,4,0.10858463330861937,0.3207929397242204,0.11873524950125613,0.344579815864563,0.10065374083525241,0.29682099679484963,0.10913159141023086,0.32244617716762525,0.0126172403494517,0.008126166272670664,0.07051975280046463,0.2894484779487054,0.5015256050974131,0.2825068891979754,0.5186735037714243,0.29682099679484963,0.3123285174369812,0.2653797925449908,0.3226162791252136,0.3011940927244723,0.339942991733551,0.3256858275271952,0.36217957735061646,0.3172348872758448,0.37257760763168335,0.4222071352414787,0.3257048726081848,0.39334090519696474,0.29144978523254395,0.3594927550293505,0.26201266050338745,0.3243246078491211,0.2767636179924011,0.15696003008633852,0.05872922085610957,0.09823080923022895,0.20136821269989014,0.06639505922794342,0.20296876598149538,0.06016204133629799,0.15696003008633852,0.05673758313059807,0.1636670334264636,0.05065283551812172,0.14339007250964642,0.04736846685409546,0.1119981100782752,0.04528450593352318,0.10420872364193201,0.04552960768342018,0.073641293682158,0.04668036103248596,0.07158953603357077,0.05588062107563019,0.060249787755310535,0.07591062039136887,0.05028550140559673,0.04865634813904762
1952804984,qslstm_log,extrapolation,early,2000146,62,5,57,56,5,0.0349483699348647,0.16622248243901036,0.018538032355608358,0.136154443025589,0.04293092194471733,0.19399091005325317,0.03424814607435131,0.16378665545530485,0.01134397674884115,0.006256915787433056,0.04595661759376526,0.3804294764995575,0.3774850368499756,0.279758620262146,0.37386834621429443,0.19399091005325317,0.14190739393234253,0.24544184803962707,0.1423923671245575,0.2620640754699707,0.12426549196243286,0.2945100247859955,0.10482856631278992,0.3159953773021698,0.0905596911907196,0.18820160627365112,0.10493487119674683,0.20014292001724243,0.13106778264045715,0.17614418864250184,0.13933810591697693,0.11339491009712219,0.14371195435523987,0.1197449468076229,0.04991080955063042,0.06983413725699249,0.14895520824939013,0.0501481331884861,0.16295746937394143,0.0493386946618557,0.1197449468076229,0.05029818043112755,0.10266592055559158,0.05381719768047333,0.08656841069459915,0.057658176869153976,0.07704550623893738,0.06978923827409744,0.06620687991380692,0.05838578939437866,0.05705813616514206,0.049410078674554825,0.06335409358143806,0.0706239715218544,0.05063120275735855,0.047526802867650986,0.052845655381679534,0.03272363543510437
1952804984,qslstm_log,extrapolation,early,2000147,62,1,61,61,0,0.26167709921093246,0.5088724260248484,0.25816924160145266,0.5081035736948252,0.1253108281054667,0.3539926949888468,0.2639126118520057,0.5114114380090452,0.014000294149899091,0.014000294149899091,,,,,,0.3539926949888468,0.3539926949888468,0.462161535397172,0.462161535397172,0.5751581434160471,0.5751581434160471,0.5912466291338205,0.5912466291338205,0.6427987460047007,0.6427987460047007,0.6400792840868235,0.6400792840868235,0.6210742834955454,0.6210742834955454,0.5577515605837107,0.5577515605837107,0.469727361574769,0.469727361574769,0.34848693013191223,0.07820452175668029,0.27028240837523193,,,,,0.34848693013191223,0.34848693013191223,0.2904324531555176,0.2904324531555176,0.24325351417064667,0.24325351417064667,0.21897847950458527,0.21897847950458527,0.2335331290960312,0.2335331290960312,0.13198073208332062,0.13198073208332062,0.14670638740062714,0.14670638740062714,0.13227441906929016,0.13227441906929016,0.05387680232524872,0.05387680232524872
1952804984,qslstm_log,extrapolation,early,2000148,62,3,59,58,3,0.029661795167276697,0.1642640610375712,0.017360674351110994,0.131759911775589,0.08762724716272625,0.2489605595668157,0.026714399303101294,0.15995745941744013,0.011443120652231676,0.009668978276076141,0.09875305493672688,0.1538390815258026,0.24966931343078613,0.267112468679746,0.26814478635787964,0.2489605595668157,0.14512929320335388,0.138601154088974,0.12284699082374573,0.16389096776644388,0.14186903834342957,0.17937112847963968,0.10502806305885315,0.22020885348320007,0.14281246066093445,0.12282090385754903,0.10048642754554749,0.12572214007377625,0.13026931881904602,0.11150460441907246,0.1039753258228302,0.14167977372805277,0.1656607687473297,0.1609367032845815,0.07214789294590385,0.08878881033867767,0.2203412763774395,0.0938820168375969,0.22253700345754623,0.09787478297948837,0.1609367032845815,0.08629417419433594,0.13049438099066415,0.08549201488494873,0.10504888743162155,0.0733000785112381,0.08883462349573772,0.0631861537694931,0.08437395220001538,0.06136505678296089,0.08000512172778447,0.06822917610406876,0.06929916640122731,0.07141126692295074,0.06936832269032796,0.0674450695514679,0.07336747149626414,0.0682479739189148
1952804984,qslstm_log,extrapolation,early,2000149,62,1,61,60,1,0.18717340654933246,0.42585443056398825,0.18858532890692814,0.4342641234397888,0.21605699289706592,0.4648193120956421,0.18669990513379583,0.42521566201428895,0.013274209201335907,0.011208204359843814,0.12789389491081238,0.15925520658493042,0.15925520658493042,0.0832236111164093,0.0832236111164093,0.4648193120956421,0.4648193120956421,0.532167911529541,0.532167911529541,0.5306733250617981,0.5306733250617981,0.4896993637084961,0.4896993637084961,0.5024501085281372,0.5024501085281372,0.3922962546348572,0.3922962546348572,0.4425702691078186,0.4425702691078186,0.4769936203956604,0.4769936203956604,0.44822990894317627,0.44822990894317627,0.1711975336074829,0.053092538791357495,0.11810499481612541,0.2156277298927307,0.2156277298927307,0.19705967605113983,0.19705967605113983,0.1711975336074829,0.1711975336074829,0.12809453904628754,0.12809453904628754,0.10884972661733627,0.10884972661733627,0.09618949145078659,0.09618949145078659,0.08227617293596268,0.08227617293596268,0.08050195872783661,0.08050195872783661,0.06469608098268509,0.06469608098268509,0.04681104049086571,0.04681104049086571,0.042574476450681686,0.042574476450681686
1952804984,qslstm_log,extrapolation,early,2000150,62,2,60,60,1,0.02706457131419476,0.143304881068968,0.016568021408502887,0.1287168264389038,0.049173194134173426,0.2009032592177391,0.026327617220195474,0.14138493513067563,0.011745768785476684,0.007809691833999922,0.007722705602645874,0.34369830787181854,0.34369830787181854,0.3537195771932602,0.3537195771932602,0.2009032592177391,0.10703593492507935,0.23393956571817398,0.10368621349334717,0.19436530023813248,0.09059041738510132,0.20059559494256973,0.0958850085735321,0.23607254773378372,0.07855778932571411,0.21221979707479477,0.080741286277771,0.0967172384262085,0.08639854192733765,0.07444489002227783,0.07033199071884155,0.0799291729927063,0.07345980405807495,0.19882257655262947,0.06700820522382855,0.13181437132880092,0.078691266477108,0.078691266477108,0.0721830427646637,0.0721830427646637,0.19882257655262947,0.0760398581624031,0.19261270388960838,0.073858343064785,0.1443694904446602,0.07271268963813782,0.1155845858156681,0.06346786767244339,0.09380022436380386,0.05524401366710663,0.06349843554198742,0.04830560460686684,0.05903277173638344,0.04202568531036377,0.05114990472793579,0.047055795788764954,0.04000283032655716,0.03797997534275055
1952804984,qslstm_log,extrapolation,early,2000151,62,2,60,59,2,0.08231083592226224,0.2812201193263454,0.06624410069258602,0.25737929344177246,0.031989110798543496,0.1552707999944687,0.08398822675971954,0.2854184299707413,0.014484040312847848,0.009533571509214548,0.022529229521751404,0.2657134532928467,0.12102395296096802,0.234880268573761,0.1402454376220703,0.1552707999944687,0.24404066801071167,0.19784119725227356,0.27522438764572144,0.24339096248149872,0.31061092019081116,0.2205117791891098,0.3199996054172516,0.243038609623909,0.3458317816257477,0.31165438890457153,0.34808439016342163,0.3284795582294464,0.33695951104164124,0.33576010167598724,0.33661970496177673,0.31486642360687256,0.2991625666618347,0.1092412956058979,0.08043430000543594,0.02880699560046196,0.14587681367993355,0.08716801553964615,0.1270182989537716,0.08977828174829483,0.1092412956058979,0.10050752758979797,0.09609513357281685,0.07862494140863419,0.0907907746732235,0.0741315707564354,0.07926127687096596,0.07135453820228577,0.0770915299654007,0.06440477818250656,0.07836446166038513,0.07810398191213608,0.069908257573843,0.06846197694540024,0.06900189630687237,0.061317313462495804,0.06882528215646744,0.07595127820968628
1952804984,qslstm_log,extrapolation,early,2000152,62,1,61,61,0,0.18332090435317222,0.4253451343505613,0.19478407290742794,0.4413434863090515,0.09030396095130655,0.3005061745643616,0.18484577227779297,0.4273916746749253,0.015579761051740802,0.015579761051740802,,,,,,0.3005061745643616,0.3005061745643616,0.23522979021072388,0.23522979021072388,0.3081977963447571,0.3081977963447571,0.2682744264602661,0.2682744264602661,0.3434365391731262,0.3434365391731262,0.3375605344772339,0.3375605344772339,0.40061646699905396,0.40061646699905396,0.4331902861595154,0.4331902861595154,0.4343942403793335,0.4343942403793335,0.45731452107429504,0.0509707828159215,0.40634373825837355,,,,,0.45731452107429504,0.45731452107429504,0.3218216896057129,0.3218216896057129,0.2563951015472412,0.2563951015472412,0.18674492835998535,0.18674492835998535,0.13851067423820496,0.13851067423820496,0.1585148721933365,0.1585148721933365,0.07087966799736023,0.07087966799736023,0.050180837512016296,0.050180837512016296,0.0421203076839447,0.0421203076839447
1952804984,qslstm_log,extrapolation,early,2000153,62,4,58,58,3,0.013226493545165358,0.06968078624096609,0.0033828810822109645,0.058162540197372437,0.07631017080484534,0.2363132918253541,0.00887589511346329,0.05818888930411174,0.011510855678854317,0.008862321485172618,0.090862641731898,0.29114787466824055,0.3291510194540024,0.35361499711871147,0.41042862832546234,0.2363132918253541,0.006228268146514893,0.2745997905731201,0.054177045822143555,0.24457227811217308,0.0021876096725463867,0.2818683795630932,0.029551923274993896,0.19547878950834274,0.03610724210739136,0.023483335971832275,0.03134042024612427,0.025912493467330933,0.03580319881439209,0.03309496492147446,0.023816555738449097,0.022368207573890686,0.01842731237411499,0.20151195488870144,0.05718445196619321,0.14432750292250823,0.2263183742761612,0.17354267835617065,0.2200272579987844,0.1574152112007141,0.20151195488870144,0.1207176223397255,0.16974633559584618,0.08889207243919373,0.15982499159872532,0.09923651069402695,0.14583575911819935,0.06852800399065018,0.12764423806220293,0.05890144035220146,0.09332316368818283,0.06444644927978516,0.07030358724296093,0.054548393934965134,0.056980909779667854,0.047586843371391296,0.055795665830373764,0.0703490599989891
1952804984,qslstm_log,extrapolation,early,2000154,62,2,60,60,1,0.05058919701660383,0.2210840952973212,0.061205020304157864,0.24739648401737213,0.08676997505279849,0.285931296646595,0.04938317108206401,0.21892252191901207,0.013875063757101696,0.010734499023671736,0.047313421964645386,0.336917519569397,0.336917519569397,0.32543227076530457,0.32543227076530457,0.285931296646595,0.2151268571615219,0.20936758071184158,0.1764845997095108,0.24339384585618973,0.14987017214298248,0.22303050011396408,0.1206287294626236,0.1831263154745102,0.15112577378749847,0.158243328332901,0.16661648452281952,0.1644739955663681,0.17782221734523773,0.19407318532466888,0.21032415330410004,0.20642967522144318,0.20253519713878632,0.2268255352973938,0.07527930891762177,0.15154622637977203,0.1729920357465744,0.1729920357465744,0.1443563550710678,0.1443563550710678,0.2268255352973938,0.1351420283317566,0.17057477310299873,0.10330464690923691,0.1303817518055439,0.0877714678645134,0.11234695091843605,0.08033754676580429,0.10827072709798813,0.08139942586421967,0.08401547744870186,0.08025948703289032,0.0770537480711937,0.07270807027816772,0.06734381802380085,0.061979565769433975,0.05321323499083519,0.044446904212236404
1952804984,qslstm_log,extrapolation,early,2000155,62,3,59,59,2,0.0055634980302872745,0.04265042130024203,0.0009192601510301657,0.030319303274154663,0.08328405522534894,0.2279463509718577,0.0016116052915553251,0.03322859436778699,0.013461559000661818,0.009683419737899513,0.06402277946472168,0.01414574682712555,0.027676910161972046,0.23965372145175934,0.45163053274154663,0.2279463509718577,0.018837541341781616,0.008838733037312826,0.007064074277877808,0.030810097853342693,0.05768930912017822,0.18268314997355142,0.03872960805892944,0.0423162579536438,0.06938162446022034,0.06922386089960735,0.08835449814796448,0.06835436820983887,0.06700152158737183,0.0599155326684316,0.05915835499763489,0.07396676143010457,0.06870260834693909,0.2156452089548111,0.04786164929174771,0.16778355966306338,0.2545180842280388,0.18232674896717072,0.17253468185663223,0.16274261474609375,0.2156452089548111,0.14997173845767975,0.199187142153581,0.12088026851415634,0.1340722863872846,0.09900984168052673,0.11569880694150925,0.08534396439790726,0.10225075980027516,0.0714365765452385,0.07442749291658401,0.059198394417762756,0.062086119006077446,0.05699560046195984,0.05039260536432266,0.04438116028904915,0.04004604245225588,0.037136226892471313
1952804984,qslstm_log,extrapolation,early,2000156,62,2,60,60,1,0.03029474342175017,0.15771885648850473,0.01858166224068114,0.13631457090377808,0.020554284414660562,0.1393788829445839,0.030619425388653154,0.15833018893996875,0.01507797638575236,0.009336366968334845,0.014346659183502197,0.3681415468454361,0.3681415468454361,0.35772551596164703,0.35772551596164703,0.1393788829445839,0.1057959794998169,0.22551561146974564,0.13943570852279663,0.20073095709085464,0.14050841331481934,0.25861816853284836,0.17210474610328674,0.26354188472032547,0.13819509744644165,0.2581818178296089,0.14822208881378174,0.11935469508171082,0.13291341066360474,0.1486845314502716,0.15917396545410156,0.156342014670372,0.17977061867713928,0.22315602377057076,0.0747394923120737,0.14841653145849704,0.11250496655702591,0.11250496655702591,0.09884337335824966,0.09884337335824966,0.22315602377057076,0.09268731623888016,0.1666732355952263,0.08445164561271667,0.13063302263617516,0.08150801807641983,0.1258757896721363,0.07878618687391281,0.11754083633422852,0.08582448959350586,0.12280810996890068,0.13311125338077545,0.10574202239513397,0.11879672855138779,0.0817810483276844,0.07773760706186295,0.08658593334257603,0.05437513813376427
1952804984,qslstm_log,extrapolation,early,2000157,62,1,61,60,1,0.045164677457354536,0.13730377679870975,0.004228626814640535,0.06502789258956909,0.00013909915935883532,0.011794030666351318,0.0459028016917479,0.13936131362055168,0.014910468459129333,0.007467589479811648,-0.0031563639640808105,0.44570833444595337,0.44570833444595337,0.4673459529876709,0.4673459529876709,0.011794030666351318,0.011794030666351318,0.022229433059692383,0.022229433059692383,0.01673346757888794,0.01673346757888794,0.038186728954315186,0.038186728954315186,0.01702040433883667,0.01702040433883667,0.03973880410194397,0.03973880410194397,0.04322892427444458,0.04322892427444458,0.06303185224533081,0.06303185224533081,0.06074395775794983,0.06074395775794983,0.06918440014123917,0.08152094306271584,-0.012336542921476679,0.11613760143518448,0.11613760143518448,0.08922189474105835,0.08922189474105835,0.06918440014123917,0.06918440014123917,0.05830094590783119,0.05830094590783119,0.06293090432882309,0.06293090432882309,0.05142456293106079,0.05142456293106079,0.06327492743730545,0.06327492743730545,0.06278766691684723,0.06278766691684723,0.04253317043185234,0.04253317043185234,0.09104754775762558,0.09104754775762558,0.10045572370290756,0.10045572370290756
1952804984,qslstm_log,extrapolation,early,2000158,62,3,59,59,2,0.06250027470530954,0.24670288062864734,0.0833068690326968,0.28862929344177246,0.09067922420589891,0.28770219286282855,0.0610674467646016,0.24461816983707882,0.01289467841891919,0.008667962418662177,0.044510096311569214,0.2800503671169281,0.2688630223274231,0.2368079423904419,0.22312623262405396,0.28770219286282855,0.19735878705978394,0.23241358995437622,0.18743211030960083,0.24193408091862997,0.20644956827163696,0.21491801738739014,0.1645072102546692,0.18858077128728232,0.14981257915496826,0.19498594601949057,0.15538203716278076,0.1785563031832377,0.19842422008514404,0.19776290655136108,0.23781472444534302,0.2259062131245931,0.22098314762115479,0.2525055259466171,0.07317947744691776,0.17932604849969935,0.22269906848669052,0.1904079169034958,0.16585604846477509,0.13727091252803802,0.2525055259466171,0.14295029640197754,0.1794071247180303,0.11926311254501343,0.17210007707277933,0.13145112991333008,0.1428586170077324,0.12062601000070572,0.13610210518042246,0.10138797760009766,0.11389477302630742,0.07296227663755417,0.09428360189000766,0.06219971552491188,0.06663450722893079,0.05713741481304169,0.06213471790154775,0.06618770956993103
1952804984,qslstm_log,extrapolation,early,2000159,62,2,60,59,2,0.03340735472734838,0.1792078926678627,0.02469350931733061,0.15714168548583984,0.0514023357724912,0.21137791126966476,0.032807522025843625,0.17813555871446926,0.012844404931795799,0.009600942594963208,0.06372982263565063,0.30387767404317856,0.2933639734983444,0.2671135291457176,0.36188291013240814,0.21137791126966476,0.1293918490409851,0.2591789588332176,0.1564750075340271,0.16127215325832367,0.19315245747566223,0.1949855089187622,0.23349601030349731,0.1880323588848114,0.18291226029396057,0.1735212355852127,0.16413021087646484,0.16625472903251648,0.16837924718856812,0.17750412225723267,0.1679723858833313,0.16350075602531433,0.15774375200271606,0.17221033573150635,0.06660417132079602,0.10560616441071033,0.28766000270843506,0.188399076461792,0.21360064297914505,0.16102789342403412,0.17221033573150635,0.1560215950012207,0.14075077325105667,0.12047365307807922,0.1308313049376011,0.10564101487398148,0.11964713037014008,0.11882060766220093,0.11576055362820625,0.12588009238243103,0.10947644710540771,0.0930728018283844,0.08347437158226967,0.07387594133615494,0.04732991382479668,0.0447712279856205,0.05061928369104862,0.04619425907731056
1952804984,qslstm_log,extrapolation,early,2000160,62,1,61,61,0,0.24922653123605215,0.49616029011386054,0.2531915735679889,0.5031814519315958,0.050724312016710155,0.2252205852419138,0.25248066597735286,0.500601924619958,0.01443586925991246,0.01443586925991246,,,,,,0.2252205852419138,0.2252205852419138,0.40695702470839024,0.40695702470839024,0.36123924888670444,0.36123924888670444,0.3412919882684946,0.3412919882684946,0.4167479816824198,0.4167479816824198,0.40493702329695225,0.40493702329695225,0.4488032106310129,0.4488032106310129,0.5045455042272806,0.5045455042272806,0.5280610863119364,0.5280610863119364,0.40388670563697815,0.07321053841074959,0.33067616722622856,,,,,0.40388670563697815,0.40388670563697815,0.36045849323272705,0.36045849323272705,0.1752234250307083,0.1752234250307083,0.13320307433605194,0.13320307433605194,0.15039707720279694,0.15039707720279694,0.14803963899612427,0.14803963899612427,0.1312207728624344,0.1312207728624344,0.09240991622209549,0.09240991622209549,0.06327922642230988,0.06327922642230988
1952804984,qslstm_log,extrapolation,early,2000161,62,1,61,60,1,0.15715936416387083,0.36597040920488294,0.20568136353219657,0.45352107286453247,0.2615000117178887,0.5113707184791565,0.1554488617449525,0.36358679757743584,0.010973636309305828,0.005739141255617142,0.0303000807762146,0.10428783297538757,0.10428783297538757,0.0965905487537384,0.0965905487537384,0.5113707184791565,0.5113707184791565,0.47414344549179077,0.47414344549179077,0.4654325246810913,0.4654325246810913,0.48249977827072144,0.48249977827072144,0.47068464756011963,0.47068464756011963,0.4723150134086609,0.4723150134086609,0.4669185280799866,0.4669185280799866,0.4386863112449646,0.4386863112449646,0.4332745671272278,0.4332745671272278,0.0699010118842125,0.06388884242318693,0.006012169461025563,0.07837655395269394,0.07837655395269394,0.06415396928787231,0.06415396928787231,0.0699010118842125,0.0699010118842125,0.05620351806282997,0.05620351806282997,0.05705452337861061,0.05705452337861061,0.050805192440748215,0.050805192440748215,0.05108952894806862,0.05108952894806862,0.04933701455593109,0.04933701455593109,0.04145154729485512,0.04145154729485512,0.04085332527756691,0.04085332527756691,0.037428662180900574,0.037428662180900574
1952804984,qslstm_log,extrapolation,early,2000162,62,1,61,61,0,0.05610834076228119,0.23550866544246674,0.06707746656445668,0.2589931786060333,0.06071779132444366,0.2464098036289215,0.056032775998967055,0.23532995825908223,0.011745571113023602,0.011745571113023602,,,,,,0.2464098036289215,0.2464098036289215,0.28190603852272034,0.28190603852272034,0.265701025724411,0.265701025724411,0.24582526087760925,0.24582526087760925,0.20948031544685364,0.20948031544685364,0.19255313277244568,0.19255313277244568,0.27446696162223816,0.27446696162223816,0.2697656452655792,0.2697656452655792,0.24494895339012146,0.24494895339012146,0.31205204129219055,0.08163893818244582,0.23041310310974472,,,,,0.31205204129219055,0.31205204129219055,0.2405196875333786,0.2405196875333786,0.23982442915439606,0.23982442915439606,0.16424258053302765,0.16424258053302765,0.13280241191387177,0.13280241191387177,0.08850222826004028,0.08850222826004028,0.0956207811832428,0.0956207811832428,0.06845978647470474,0.06845978647470474,0.1238609179854393,0.1238609179854393
1952804984,qslstm_log,extrapolation,early,2000163,62,3,59,59,2,0.1731445852114357,0.4116075541223249,0.15464872957128528,0.39325402677059174,0.11735863730407337,0.3299911916255951,0.17598115883384396,0.4157575386560569,0.012625837730149091,0.009905428256628648,0.10217548906803131,0.30181390047073364,0.30181390047073364,0.24379970878362656,0.25426024198532104,0.3299911916255951,0.45375238358974457,0.3609074701865514,0.4667196124792099,0.345976526538531,0.46635328233242035,0.3344261596600215,0.4404856413602829,0.3322113901376724,0.42001985013484955,0.3343680848677953,0.44703011214733124,0.4579152315855026,0.4532736986875534,0.45149132112662,0.4990225285291672,0.4708548237880071,0.491894468665123,0.2732846587896347,0.0717019889566858,0.20158266983294892,0.17650872468948364,0.17650872468948364,0.27967824786901474,0.18598885834217072,0.2732846587896347,0.1344444304704666,0.2190640096863111,0.10393107682466507,0.17916597922643027,0.0971328616142273,0.15889620532592139,0.11277643591165543,0.1506603459517161,0.10087025165557861,0.14780845989783606,0.08092779666185379,0.09926929697394371,0.05943238362669945,0.10066485156615575,0.09055592864751816,0.0788867212831974,0.1116563007235527
1952804984,qslstm_log,extrapolation,early,2000164,62,3,59,59,2,0.09348816262251476,0.3023123135489802,0.082865219002489,0.28786319494247437,0.08616719644132569,0.28627904256184894,0.09386041514020234,0.3031275646161225,0.013679612491090419,0.009019465941303182,0.05335518717765808,0.32386860251426697,0.2018430233001709,0.2589591145515442,0.20491641759872437,0.28627904256184894,0.27913016080856323,0.3010404904683431,0.24816924333572388,0.23948324720064798,0.25736886262893677,0.2372114658355713,0.2991775870323181,0.24319680531819662,0.3156159520149231,0.2621571222941081,0.33645910024642944,0.31312354405721027,0.3610628843307495,0.326682190100352,0.3195646405220032,0.3502861162026723,0.3686216175556183,0.23897386838992438,0.057824202481720405,0.18114966590820397,0.19359684735536575,0.1434168964624405,0.19762211292982101,0.15085695683956146,0.23897386838992438,0.11328410357236862,0.1624343345562617,0.09564986824989319,0.15237552424271902,0.0832899808883667,0.14671392490466437,0.0709095373749733,0.11945539092024167,0.05963287875056267,0.09699460243185361,0.05191704258322716,0.07584881658355395,0.04335280880331993,0.04811731974283854,0.03684096410870552,0.039133564879496895,0.03522795811295509
1952804984,qslstm_log,extrapolation,early,2000165,62,0,62,61,0,0.10700564937266456,0.3244818131769857,0.11305937751616568,0.33624303340911865,,,0.10700564937266456,0.3244818131769857,0.015501854849643395,0.015501854849643395,,,,,,,,,,,,,,,,,,,,,,,,,0.08251043012545954,,,,,,,,,,,,,,,,,,,,,,,
1952804984,qslstm_log,extrapolation,early,2000166,62,2,60,60,1,0.06030768917540973,0.2405602566657528,0.08097937735738103,0.28456875681877136,0.08491070526480415,0.2807208448648453,0.05948758863909658,0.2392215703924497,0.011055320501327515,0.010042548179626465,0.05438429117202759,0.39542901515960693,0.39542901515960693,0.4397164583206177,0.4397164583206177,0.2807208448648453,0.2025766670703888,0.33117829263210297,0.266927570104599,0.3246586173772812,0.2096007764339447,0.18908067047595978,0.17558467388153076,0.24363504350185394,0.2203425168991089,0.19592489302158356,0.21626511216163635,0.19913151860237122,0.2022048532962799,0.23550933599472046,0.23625332117080688,0.21505750715732574,0.20805716514587402,0.26620175689458847,0.05484698178867499,0.2113547751059135,0.2637489140033722,0.2637489140033722,0.21803079545497894,0.21803079545497894,0.26620175689458847,0.15364448726177216,0.20188917219638824,0.1400294303894043,0.17279216647148132,0.1275535374879837,0.13645948842167854,0.11927448958158493,0.11946230009198189,0.09889516979455948,0.10095374286174774,0.08263299614191055,0.08101406693458557,0.07560984045267105,0.06239440105855465,0.05513008311390877,0.048664242029190063,0.04460981860756874
1952804984,qslstm_log,extrapolation,early,2000167,62,3,59,59,2,0.0635443767187791,0.25036354218759843,0.06512276504375691,0.2551916241645813,0.08198538598636773,0.27734822034835815,0.06260669828144409,0.24899143990823777,0.009756624698638916,0.006958534320195516,0.051201462745666504,0.34082692861557007,0.3056375980377197,0.30127498507499695,0.27540314197540283,0.27734822034835815,0.21088266372680664,0.29862040281295776,0.23293465375900269,0.2722193996111552,0.2372063398361206,0.2866753141085307,0.21860861778259277,0.27283422152201336,0.20879340171813965,0.24876821041107178,0.23796683549880981,0.22421014308929443,0.22108715772628784,0.22792524099349976,0.2352287769317627,0.22964163621266684,0.23902785778045654,0.19359317421913147,0.04170638000813581,0.15188679421099566,0.21848484873771667,0.090155690908432,0.14802579209208488,0.07437809556722641,0.19359317421913147,0.07238580286502838,0.14655866473913193,0.06872392445802689,0.11416438966989517,0.0714309886097908,0.1000598135093848,0.06074516847729683,0.07995761310060819,0.05601227656006813,0.06280484919746716,0.04531252756714821,0.05798467497030894,0.044484931975603104,0.04533743609984716,0.03881026804447174,0.038588675359884896,0.03565400466322899
1952804984,qslstm_log,extrapolation,early,2000168,62,3,59,58,3,0.1513989901798109,0.37642170873380476,0.17712433738271116,0.4208614230155945,0.1103887090624071,0.3086460332075755,0.15348425871120433,0.37986792952327403,0.013364539064210037,0.009799636602401733,0.06063791116078695,0.21433631579081217,0.16815903782844543,0.17425970236460367,0.13143309950828552,0.3086460332075755,0.3768266439437866,0.28704634308815,0.350655198097229,0.30329681436220807,0.36461538076400757,0.23266003529230753,0.3938404321670532,0.21627857287724814,0.3611358404159546,0.29227033257484436,0.35799676179885864,0.3739688992500305,0.3512396216392517,0.37307806809743244,0.41302597522735596,0.3865384558836619,0.4120960533618927,0.15343680481115976,0.07772473346883968,0.07571207134232008,0.1795477494597435,0.07849139720201492,0.15953981628020605,0.07913241535425186,0.15343680481115976,0.0856575146317482,0.12235006441672643,0.081916444003582,0.11067345490058263,0.08929169178009033,0.09073014309008916,0.07032036036252975,0.08824062844117482,0.08287663012742996,0.07854826003313065,0.07523693889379501,0.07524026681979497,0.06974292546510696,0.07866506526867549,0.07044892758131027,0.06991365551948547,0.07638421654701233
1952804984,qslstm_log,extrapolation,early,2000169,62,2,60,59,2,0.004306881797726723,0.043022545114640265,0.0019109777878592027,0.0437147319316864,0.08352361704675326,0.2227274626493454,0.0016663239560925044,0.03703238119681676,0.010692531779661016,0.010692531779661016,0.09912262856960297,0.0018418729305267334,0.0018418729305267334,0.2043662816286087,0.4068906903266907,0.2227274626493454,0.03856423497200012,0.06384199857711792,0.08911976218223572,0.06008589267730713,0.03105202317237854,0.04105198383331299,0.051051944494247437,0.03508077561855316,0.019109606742858887,0.013964787125587463,0.014793634414672852,0.01769830286502838,0.009630084037780762,0.043905407190322876,0.04534611105918884,0.02898906171321869,0.024834275245666504,0.3005502372980118,0.0896697989354531,0.21088043836255868,0.3836102783679962,0.3836102783679962,0.36762428283691406,0.3516382873058319,0.3005502372980118,0.24946218729019165,0.2267196998000145,0.20397721230983734,0.1804550141096115,0.15693281590938568,0.16792111843824387,0.17890942096710205,0.1648145690560341,0.15071971714496613,0.130085039883852,0.14477312564849854,0.11676642671227455,0.08977509289979935,0.06150412932038307,0.062485601752996445,0.05397969298064709,0.04723638296127319
1952804984,qslstm_log,extrapolation,early,2000170,62,2,60,60,1,0.19431634868477712,0.4377991910423002,0.22043711115191744,0.4695073068141937,0.1259973847101642,0.3354426398873329,0.1965936474839309,0.4412110760807991,0.013795570035775502,0.013795570035775502,0.21365749835968018,,,0.21935810148715973,0.21935810148715973,0.3354426398873329,0.4515271782875061,0.40482333302497864,0.35811948776245117,0.37210458517074585,0.3860896825790405,0.4073433578014374,0.42859703302383423,0.3889060318470001,0.349215030670166,0.3953216075897217,0.38274937868118286,0.3671824634075165,0.3464488387107849,0.36934593319892883,0.3754749894142151,0.38085639476776123,0.38832855224609375,0.3071489632129669,0.05999272319798668,0.24715624001498024,,,0.3215669095516205,0.3215669095516205,0.3071489632129669,0.29273101687431335,0.2730063498020172,0.25328168272972107,0.22378123551607132,0.19428078830242157,0.19231590628623962,0.19035102427005768,0.19898778945207596,0.20762455463409424,0.12319066748023033,0.10653243213891983,0.10064220055937767,0.10465624183416367,0.08927455171942711,0.08654197305440903,0.10208059102296829,0.10839178413152695
1952804984,qslstm_log,extrapolation,early,2000171,62,5,57,56,5,0.07698119730808449,0.26476851177792393,0.07443491311300932,0.2728276252746582,0.12417655236634237,0.3065731838345528,0.07284125388192153,0.26110143528172847,0.013183650161538805,0.008708299422750667,0.08068671226501464,0.35018774308264256,0.5502225533127785,0.26833766847848894,0.5694831386208534,0.3065731838345528,0.20126962661743164,0.28517957478761674,0.19073808193206787,0.3285035565495491,0.2161913514137268,0.34139883071184157,0.24167734384536743,0.28535654544830324,0.2477952241897583,0.23456792831420897,0.21452116966247559,0.2642641499638557,0.20390349626541138,0.22666748762130737,0.24949216842651367,0.23822300434112548,0.2473246455192566,0.14310428202152253,0.06281489914838682,0.08028938287313571,0.1412579333409667,0.061151567846536636,0.18364534750580788,0.06089036539196968,0.14310428202152253,0.06231261417269707,0.1228691354393959,0.061285074800252914,0.1010621227324009,0.052206505089998245,0.08759451285004616,0.049881499260663986,0.07991522923111916,0.05713528022170067,0.06870492249727249,0.07241889089345932,0.07029111981391907,0.09167343378067017,0.08610609024763108,0.11276086419820786,0.07257876098155976,0.041346754878759384
1952804984,qslstm_log,extrapolation,early,2000172,62,4,58,57,4,0.02960573596925482,0.15646486068444868,0.01616730417177692,0.12715071439743042,0.07227570317576307,0.2544858306646347,0.02666297961018528,0.14970479378926344,0.01154872827362596,0.009406750952755963,0.06217719614505768,0.3620321974158287,0.3906979188323021,0.33180101215839386,0.442988358438015,0.2544858306646347,0.12693744897842407,0.3046813290566206,0.10718894004821777,0.28402790054678917,0.07861542701721191,0.2573654241859913,0.11321800947189331,0.17773748002946377,0.08612561225891113,0.11025890707969666,0.12226474285125732,0.1128317266702652,0.16230523586273193,0.15136796981096268,0.14534509181976318,0.15342802554368973,0.1393420696258545,0.18183375895023346,0.058350203366115176,0.12348355558411828,0.21204367776711783,0.19585061073303223,0.22729377076029778,0.17538316547870636,0.18183375895023346,0.14607885479927063,0.17460765317082405,0.1265004575252533,0.1719432882964611,0.14372029900550842,0.15639862045645714,0.13201434910297394,0.14150631427764893,0.09759533405303955,0.13424314372241497,0.11515907198190689,0.10397952049970627,0.08728858828544617,0.08800492901355028,0.057242583483457565,0.05249011795967817,0.040232252329587936
1952804984,qslstm_log,extrapolation,early,2000173,62,4,58,57,4,0.044688149411742456,0.20571224896177168,0.040894450269235216,0.2022237628698349,0.0812402554241603,0.25780319795012474,0.04216731451433435,0.2021197697211956,0.008906386923371699,0.0070579993724823,0.0927068293094635,0.30695247650146484,0.2620367407798767,0.2523713782429695,0.25244221091270447,0.25780319795012474,0.17486105859279633,0.2628435455262661,0.20231692492961884,0.20115066692233086,0.18103061616420746,0.22930842265486717,0.2173670381307602,0.22467469051480293,0.20403774082660675,0.22442182153463364,0.22569625079631805,0.2050192840397358,0.20214872062206268,0.20225133001804352,0.1982407122850418,0.20969685912132263,0.202784463763237,0.1440091487020254,0.04427297455098095,0.09973617415104447,0.16009446481863657,0.06146305799484253,0.17052941489964724,0.05683672055602074,0.1440091487020254,0.05166183412075043,0.11345319263637066,0.05545306205749512,0.09613401908427477,0.04828587546944618,0.08222685195505619,0.054195791482925415,0.07461027335375547,0.048616182059049606,0.06017791200429201,0.044779326766729355,0.05032073333859444,0.03987216576933861,0.04384354781359434,0.03369280695915222,0.03808710165321827,0.031570952385663986
1952804984,qslstm_log,extrapolation,early,2000174,62,1,61,61,0,0.014331612962329798,0.112108287792052,0.008769872839721415,0.09364759922027588,0.06329093685621956,0.25157690048217773,0.01352900109521685,0.10982191709221387,0.016369631055925715,0.016369631055925715,,,,,,0.25157690048217773,0.25157690048217773,0.32422125339508057,0.32422125339508057,0.16770657896995544,0.16770657896995544,0.17636334896087646,0.17636334896087646,0.13416975736618042,0.13416975736618042,0.11074218153953552,0.11074218153953552,0.13876685500144958,0.13876685500144958,0.0822601318359375,0.0822601318359375,0.10635349154472351,0.10635349154472351,0.3950050175189972,0.08519325460322567,0.3098117629157715,,,,,0.3950050175189972,0.3950050175189972,0.2492644190788269,0.2492644190788269,0.2862871587276459,0.2862871587276459,0.18116146326065063,0.18116146326065063,0.1583654135465622,0.1583654135465622,0.13898302614688873,0.13898302614688873,0.09106835722923279,0.09106835722923279,0.11277537792921066,0.11277537792921066,0.08137450367212296,0.08137450367212296
1952804984,qslstm_log,extrapolation,early,2000175,62,5,57,57,4,0.029665164189077088,0.11333071825004393,0.0005455844376598407,0.023357748985290527,0.06905232846713513,0.22845569401979446,0.02621014977872112,0.1032320361649781,0.010569214298014055,0.007457442283630371,0.03847429156303406,0.2860711682587862,0.5029900446534157,0.3026911485940218,0.5207131877541542,0.22845569401979446,0.06370913982391357,0.2879727452993393,0.09036362171173096,0.2765085071325302,0.09603720903396606,0.347343473136425,0.07634872198104858,0.3475085958838463,0.08116269111633301,0.3222986087203026,0.10127431154251099,0.2570066124200821,0.08789902925491333,0.08502538204193115,0.05962669849395752,0.08085248470306397,0.07260262966156006,0.17494552507996558,0.05023835534066485,0.12470716973930074,0.18933244794607162,0.07613430917263031,0.15689616836607456,0.06910143047571182,0.17494552507996558,0.05741434171795845,0.13916544765233993,0.06035450100898743,0.11924468874931335,0.053720876574516296,0.09988083019852638,0.04667403921484947,0.09141866117715836,0.04645746946334839,0.07036738395690918,0.04652651771903038,0.06145418807864189,0.04618947580456734,0.05010857880115509,0.04992261156439781,0.05622196346521378,0.08840437978506088
1952804984,qslstm_log,extrapolation,early,2000176,62,4,58,57,4,0.03366964650419672,0.1597257373674262,0.02160311676115967,0.14697998762130737,0.15523321742602258,0.32811278803274035,0.025285951957863893,0.14811283732154246,0.011126002721619187,0.00955608216199008,0.08612939715385437,0.30083485879004,0.16672205924987793,0.31219180626794696,0.45453567802906036,0.32811278803274035,0.12213295698165894,0.24998615263029933,0.1455683410167694,0.22168253734707832,0.1724332869052887,0.1507229432463646,0.1416034698486328,0.21450824663043022,0.1163254976272583,0.1259416565299034,0.12220597267150879,0.12618814408779144,0.13573980331420898,0.1369495689868927,0.14048534631729126,0.1239670068025589,0.11544114351272583,0.11919660866260529,0.04780593186873814,0.07139067679386715,0.13769709318876266,0.09859690815210342,0.16178042441606522,0.08373425155878067,0.11919660866260529,0.0785578116774559,0.09811537340283394,0.07433366775512695,0.08505060896277428,0.06292320042848587,0.07642874866724014,0.06563707441091537,0.0735970288515091,0.07068312168121338,0.07503743842244148,0.08164679259061813,0.07363275717943907,0.06125105544924736,0.059367815032601357,0.04540913179516792,0.045335665345191956,0.04174482822418213
1952804984,qslstm_log,extrapolation,early,2000177,62,4,58,58,3,0.024218082750425318,0.14663878996526042,0.01170959703602481,0.10821089148521423,0.06239208281066522,0.22615548223257065,0.021585393091098425,0.14115488015372177,0.013768853812382138,0.007638584749371398,0.05028752485911051,0.30046672622362774,0.24827218055725098,0.2591765522956848,0.25914907455444336,0.22615548223257065,0.12343621253967285,0.20329049229621887,0.092995285987854,0.17926287651062012,0.11920249462127686,0.22058676183223724,0.12411725521087646,0.1801294982433319,0.15276867151260376,0.1737733632326126,0.13196563720703125,0.15727636218070984,0.13819456100463867,0.13509461283683777,0.1364416480064392,0.13119007647037506,0.11054259538650513,0.2196638472378254,0.04961617387317378,0.1700476733646516,0.22412842263778052,0.07575894147157669,0.19739974786837897,0.07754235714673996,0.2196638472378254,0.07231143116950989,0.1811466235667467,0.07225451618432999,0.15334800444543362,0.07477298378944397,0.12671589385718107,0.06126134470105171,0.11374193150550127,0.0572935976088047,0.07783062104135752,0.05105455592274666,0.0662641953676939,0.042213425040245056,0.055608367547392845,0.03931233286857605,0.04254688788205385,0.034472811967134476
1952804984,qslstm_log,extrapolation,early,2000178,62,4,58,58,3,0.05927615451630919,0.22571977732643003,0.04283442463961151,0.20696479082107544,0.10445597486917091,0.2977944165468216,0.05616030483680148,0.22074911255260993,0.01256449726121179,0.008072566527586717,0.058217753966649376,0.44963666796684265,0.49135586619377136,0.3485402762889862,0.5084109008312225,0.2977944165468216,0.22159916162490845,0.404018796980381,0.201705664396286,0.379460908472538,0.21090981364250183,0.31899939477443695,0.20890602469444275,0.41713400930166245,0.19777759909629822,0.27403774112463,0.2401255965232849,0.2989055886864662,0.26739561557769775,0.23536456376314163,0.21352994441986084,0.2296585664153099,0.18439623713493347,0.16622020117938519,0.0658925633941745,0.10032763778521069,0.17791812618573508,0.1331840604543686,0.1406352495153745,0.08844252675771713,0.16622020117938519,0.07416310161352158,0.1360867228358984,0.06616591662168503,0.13240749575197697,0.07131906598806381,0.1270610485225916,0.08336975425481796,0.11280847154557705,0.09193381667137146,0.0912293791770935,0.07964581251144409,0.07920842245221138,0.07370234280824661,0.08197852969169617,0.090240478515625,0.08554549142718315,0.08509599417448044
1952804984,qslstm_log,extrapolation,early,2000179,62,3,59,58,3,0.18930994719805372,0.42908187510986484,0.2315434322292323,0.481189601123333,0.11122801209113266,0.3151863192518552,0.1932802150848463,0.4348731745602721,0.008932253923909417,0.006753661566310459,0.07226638992627461,0.29059335589408875,0.2174849808216095,0.2706496020158132,0.1889905035495758,0.3151863192518552,0.417668841779232,0.36285094171762466,0.43827056139707565,0.2806374405821164,0.4602389559149742,0.2885010416309039,0.46151401847600937,0.358340784907341,0.4398685321211815,0.4392550314466159,0.4398572966456413,0.44100061307350796,0.42289435118436813,0.4465315267443657,0.4768429324030876,0.45608751227458316,0.45748015493154526,0.14493639022111893,0.06721564243405552,0.07772074778706341,0.15584393218159676,0.10314922779798508,0.23143525421619415,0.10117429494857788,0.14493639022111893,0.08479154855012894,0.1298131744066874,0.08880340307950974,0.10765109459559123,0.0783250704407692,0.09619666635990143,0.06929489225149155,0.08313833052913348,0.06147421523928642,0.07372452939550082,0.058056969195604324,0.06977745766441028,0.0695330873131752,0.06194957966605822,0.05825868248939514,0.058799238254626594,0.053093504160642624
1952804984,qslstm_log,extrapolation,early,2000180,62,3,59,58,3,0.027437501988148046,0.1193721697575623,0.002811009841289014,0.0530189573764801,0.07169889071654778,0.22657479221622148,0.02518692290026331,0.11392118895457963,0.01108090014293276,0.00829573929309845,0.0496961772441864,0.39126583002507687,0.42839768528938293,0.35449204221367836,0.4402008652687073,0.22657479221622148,0.05194580554962158,0.22204179937640825,0.048140913248062134,0.2820616501073043,0.08227145671844482,0.3010631240904331,0.12065771222114563,0.3172959027191003,0.11579206585884094,0.19171402851740518,0.13038834929466248,0.2159211536248525,0.09870806336402893,0.09633164604504903,0.08819335699081421,0.09458303451538086,0.0500316321849823,0.13756729165712991,0.08333531918667131,0.054231972470458606,0.12688041105866432,0.07943499833345413,0.20696820815404257,0.07887837290763855,0.13756729165712991,0.07497474551200867,0.11689320703347524,0.07297959178686142,0.12137782076994579,0.07360173761844635,0.10782348612944286,0.06970963627099991,0.10737616444627444,0.06030314043164253,0.07948445156216621,0.05406233295798302,0.06932429348429044,0.05882824584841728,0.06769892200827599,0.07492569833993912,0.0759032132724921,0.07647410035133362
1952804984,qslstm_log,extrapolation,early,2000181,62,3,59,59,2,0.054883944097505646,0.22905103333534732,0.0549685830873301,0.23445379734039307,0.06835897615667275,0.2522365152835846,0.05419877297585308,0.22787211052442002,0.011189559253595643,0.00898492729888772,0.05307956039905548,0.13984766602516174,0.13984766602516174,0.2202143669128418,0.11412280797958374,0.2522365152835846,0.2698723375797272,0.17432761192321777,0.23647642135620117,0.15490800142288208,0.25698161125183105,0.14667015274365744,0.2801647186279297,0.15081486105918884,0.30330562591552734,0.17629090944925943,0.27490225434303284,0.2574302752812703,0.2659420669078827,0.28925151626269024,0.2745498716831207,0.2554893394311269,0.2561434507369995,0.22251629084348679,0.04744691281753071,0.17506937802595607,0.0952858105301857,0.0952858105301857,0.22599928081035614,0.07848221063613892,0.22251629084348679,0.06807436794042587,0.1570250764489174,0.06635507196187973,0.12107671797275543,0.0622904896736145,0.09509838869174321,0.05555519461631775,0.09201805914441745,0.05267694219946861,0.0736527219414711,0.047190144658088684,0.05949238066871961,0.044047702103853226,0.04695817704002062,0.038357898592948914,0.041724727799495064,0.03741110488772392
1952804984,qslstm_log,extrapolation,early,2000182,62,1,61,60,1,0.03364021614900028,0.17649067553781694,0.020936586636025822,0.14469480514526367,0.09927237464474192,0.31507518887519836,0.03256427912447992,0.174218798269991,0.010835995773474376,0.01025459530024693,0.08118629455566406,0.16888970136642456,0.16888970136642456,0.1264449954032898,0.1264449954032898,0.31507518887519836,0.31507518887519836,0.27535316348075867,0.27535316348075867,0.28877994418144226,0.28877994418144226,0.24977710843086243,0.24977710843086243,0.27331438660621643,0.27331438660621643,0.24047258496284485,0.24047258496284485,0.26890191435813904,0.26890191435813904,0.2220722734928131,0.2220722734928131,0.18815359473228455,0.18815359473228455,0.15993891656398773,0.06817999912700692,0.09175891743698081,0.2603568732738495,0.2603568732738495,0.2126532793045044,0.2126532793045044,0.15993891656398773,0.15993891656398773,0.11535521596670151,0.11535521596670151,0.09925688058137894,0.09925688058137894,0.09219446778297424,0.09219446778297424,0.10632752627134323,0.10632752627134323,0.10609802603721619,0.10609802603721619,0.1216265857219696,0.1216265857219696,0.1284000128507614,0.1284000128507614,0.04887063428759575,0.04887063428759575
1952804984,qslstm_log,extrapolation,early,2000183,62,2,60,59,2,0.0806828006163598,0.2795397990172909,0.0663733809605569,0.257630318403244,0.13873564933837068,0.3716154545545578,0.07874770565895943,0.27647061049938204,0.018424132112729346,0.009908367808048543,0.07730479538440704,0.19403430819511414,0.36782240867614746,0.2138395756483078,0.34117305278778076,0.3716154545545578,0.3463646471500397,0.3200525790452957,0.3077537715435028,0.2926368862390518,0.30099281668663025,0.3229651600122452,0.2850477397441864,0.31911663711071014,0.2704108655452728,0.3124494254589081,0.2785342037677765,0.2981851100921631,0.2953774034976959,0.2720263749361038,0.26551854610443115,0.29500746726989746,0.2843668758869171,0.1377556398510933,0.06241480301444729,0.075340836836646,0.22926030308008194,0.131367489695549,0.1745239645242691,0.150163933634758,0.1377556398510933,0.0923101007938385,0.1474415399134159,0.1165996864438057,0.1247195266187191,0.10788925737142563,0.1057211421430111,0.09822314232587814,0.11229168996214867,0.09321589022874832,0.08256325125694275,0.072816401720047,0.08301755972206593,0.05814586207270622,0.05685789696872234,0.04089939221739769,0.040183380246162415,0.03656477853655815
1952804984,qslstm_log,extrapolation,early,2000184,62,2,60,59,2,0.040671199151697195,0.19178153526398442,0.03542077567836177,0.1882040798664093,0.1643575881099668,0.3449176847934723,0.036548319519754874,0.18667699694633483,0.014747889870304173,0.008632506888646346,0.038152873516082764,0.145972341299057,0.15302729606628418,0.3554964065551758,0.5579655170440674,0.3449176847934723,0.1318698525428772,0.1216040551662445,0.11133825778961182,0.10853716731071472,0.10573607683181763,0.11498606204986572,0.12423604726791382,0.12718074023723602,0.13012543320655823,0.1615593433380127,0.17364925146102905,0.1943129599094391,0.20810890197753906,0.23107832670211792,0.22431343793869019,0.23340049386024475,0.24018311500549316,0.10701939463615417,0.06595165918891628,0.041067735447237894,0.09038661792874336,0.08810029178857803,0.10207182168960571,0.11604335159063339,0.10701939463615417,0.09799543768167496,0.09778499603271484,0.09757455438375473,0.0967508815228939,0.09592720866203308,0.10584009811282158,0.11575298756361008,0.09696811437606812,0.07818324118852615,0.07592460885643959,0.0767955407500267,0.07252240926027298,0.07374168187379837,0.06310385093092918,0.059454187750816345,0.05632168799638748,0.05734330788254738
1952804984,qslstm_log,extrapolation,early,2000185,62,2,60,59,2,0.11895135897335711,0.3393931083921944,0.1392614343241425,0.3731774836778641,0.057251548826570464,0.21979313343763351,0.12100801931158335,0.3433797742240131,0.01088469614416866,0.007447234221867153,0.016553819179534912,0.28007861878722906,0.16395780444145203,0.2728088637813926,0.1261502206325531,0.21979313343763351,0.31435807049274445,0.24070072919130325,0.3457909971475601,0.24727066606283188,0.3395227938890457,0.2507034167647362,0.3374490290880203,0.2335069701075554,0.3408637195825577,0.34702953696250916,0.3482680767774582,0.33890166878700256,0.3403543084859848,0.35911448299884796,0.35994167625904083,0.36199697852134705,0.37899149954319,0.09050207957625389,0.07703963511933883,0.013462444456915065,0.11320879310369492,0.105378158390522,0.10985015705227852,0.08816718310117722,0.09050207957625389,0.06990092992782593,0.08913315087556839,0.06959877163171768,0.08895632065832615,0.05229613557457924,0.07579018734395504,0.04620221629738808,0.06601998582482338,0.04387278854846954,0.05439264327287674,0.0391865149140358,0.04329599626362324,0.0403897762298584,0.054913679137825966,0.06871006637811661,0.06403135508298874,0.07396693527698517
1952804984,qslstm_log,extrapolation,early,2000186,62,1,61,60,1,0.22869303338157765,0.46644279396822375,0.23443086009964592,0.48418060690164566,0.3518733059159645,0.5931890979409218,0.22667368465150578,0.46436498570637624,0.01655648152033488,0.010374357302983602,0.08263587951660156,0.17086440324783325,0.17086440324783325,0.19598394632339478,0.19598394632339478,0.5931890979409218,0.5931890979409218,0.61574337631464,0.61574337631464,0.5973729267716408,0.5973729267716408,0.5451769605278969,0.5451769605278969,0.5683544650673866,0.5683544650673866,0.5305966511368752,0.5305966511368752,0.49551401287317276,0.49551401287317276,0.47688470035791397,0.47688470035791397,0.47017834335565567,0.47017834335565567,0.07946658879518509,0.05797045216819302,0.02149613662699207,0.1040971502661705,0.1040971502661705,0.0937744751572609,0.0937744751572609,0.07946658879518509,0.07946658879518509,0.08757815510034561,0.08757815510034561,0.0843358263373375,0.0843358263373375,0.06611424684524536,0.06611424684524536,0.06815993785858154,0.06815993785858154,0.054857175797224045,0.054857175797224045,0.050135936588048935,0.050135936588048935,0.04511011764407158,0.04511011764407158,0.03627324476838112,0.03627324476838112
1952804984,qslstm_log,extrapolation,early,2000187,62,4,58,57,4,0.14140246060506084,0.370545496383021,0.16538514626021428,0.4066757261753082,0.10544309319811619,0.31323437951505184,0.1438824169779536,0.37449798720150157,0.01001595143686261,0.006592549085617065,0.059671081602573395,0.3162370026111603,0.3447682559490204,0.1985451951622963,0.32254481315612793,0.31323437951505184,0.30783823132514954,0.36797018349170685,0.3148351013660431,0.32746946066617966,0.31622791290283203,0.29456127248704433,0.3384225070476532,0.356427900493145,0.3289995491504669,0.3259190693497658,0.34347572922706604,0.3279624581336975,0.33601856231689453,0.3458302244544029,0.36667367815971375,0.3641374260187149,0.39013224840164185,0.1348070539534092,0.049429443215244805,0.08537761073816438,0.12104623516400655,0.06450562179088593,0.16721047088503838,0.0720597431063652,0.1348070539534092,0.07470257580280304,0.12196834944188595,0.0880245491862297,0.10416091047227383,0.07834243774414062,0.09087910689413548,0.07582582533359528,0.0805005431175232,0.06272516399621964,0.07180466782301664,0.04521763697266579,0.06734675355255604,0.038514405488967896,0.05352049134671688,0.03572866693139076,0.04164669755846262,0.043786779046058655
1952804984,qslstm_log,extrapolation,near_best,2000188,62,3,59,58,3,0.3257181803238846,0.5608726234265393,0.3564505144413123,0.5970347682014108,0.09160808264723781,0.29911046257863444,0.3376220835955785,0.5741825638086362,0.010506829311107767,0.010186728678251567,0.07792329788208008,0.278668537735939,0.26429225504398346,0.1937583933273951,0.24571698904037476,0.29911046257863444,0.3585695782676339,0.3461900508652131,0.41570831928402185,0.37189447941879433,0.45425812993198633,0.4347104687864582,0.4913036981597543,0.47346386903276044,0.5133795896545053,0.5320514996225635,0.5566494623199105,0.5525429407134652,0.5558537999168038,0.5373221794143319,0.5348628917708993,0.571269627350072,0.5881560603156686,0.2198472966750463,0.049355152678691734,0.17049214399635457,0.2795622646808624,0.2535759508609772,0.2871938943862915,0.22014892101287842,0.2198472966750463,0.13384439051151276,0.1655523603161176,0.10923673957586288,0.14131890485684076,0.094571053981781,0.10872493435939153,0.09775935858488083,0.09530855963627498,0.07892958074808121,0.07902456323305766,0.0652042105793953,0.06065503756205241,0.05153685435652733,0.044062926123539604,0.040584344416856766,0.0389849009613196,0.03800930455327034
1952804984,qslstm_log,extrapolation,near_best,2000189,62,2,60,59,2,0.1575907060789111,0.37512543364878626,0.20157571110070993,0.44897183775901794,0.1849063730403473,0.42286519706249237,0.1566801838468633,0.3735341082016627,0.014112493749392234,0.007545864582061768,0.03220158815383911,0.04909859597682953,0.03778970241546631,0.26935115456581116,0.500912606716156,0.42286519706249237,0.34481778740882874,0.35030773282051086,0.355797678232193,0.3702475130558014,0.3846973478794098,0.3736523389816284,0.36260733008384705,0.37015222012996674,0.3776971101760864,0.3855740576982498,0.3765109181404114,0.40332794189453125,0.4102425277233124,0.4196837544441223,0.4233321249485016,0.44783568382263184,0.45121416449546814,0.05584314092993736,0.053716293846567474,0.0021268470833698885,0.06414549238979816,0.059756528586149216,0.05962831899523735,0.059500109404325485,0.05584314092993736,0.05218617245554924,0.05088542401790619,0.04958467558026314,0.049626339226961136,0.049668002873659134,0.04751083441078663,0.045353665947914124,0.046720875427126884,0.048088084906339645,0.047349490225315094,0.04434337094426155,0.04271603934466839,0.04067210480570793,0.04120364412665367,0.039942819625139236,0.04077323526144028,0.04053022339940071
1952804984,qslstm_log,extrapolation,near_best,2000190,62,1,61,60,1,0.2479740232239947,0.4938778560007772,0.2610937179219883,0.5109733045101166,0.15138738827713016,0.3890853226184845,0.24955741068214005,0.4955957663840935,0.01778498391310374,0.011602175456506235,0.04399806261062622,0.3036625385284424,0.3036625385284424,0.3754596710205078,0.3754596710205078,0.3890853226184845,0.3890853226184845,0.4326413571834564,0.4326413571834564,0.40023621916770935,0.40023621916770935,0.42945584654808044,0.42945584654808044,0.4202301800251007,0.4202301800251007,0.4412572681903839,0.4412572681903839,0.49335530400276184,0.49335530400276184,0.49709632992744446,0.49709632992744446,0.5274257957935333,0.5274257957935333,0.09301451593637466,0.1230757115561454,-0.030061195619770734,0.13055753707885742,0.13055753707885742,0.10008794069290161,0.10008794069290161,0.09301451593637466,0.09301451593637466,0.12555517256259918,0.12555517256259918,0.11148994415998459,0.11148994415998459,0.10750973224639893,0.10750973224639893,0.11903802305459976,0.11903802305459976,0.1318403035402298,0.1318403035402298,0.0987061932682991,0.0987061932682991,0.10029628127813339,0.10029628127813339,0.12183737009763718,0.12183737009763718
1952804984,qslstm_log,extrapolation,near_best,2000191,62,2,60,60,1,0.19953937037288472,0.4445230578703265,0.2305245039293189,0.480129674077034,0.07931733926971607,0.2749874070286751,0.20354677140965702,0.45017424623171487,0.015412607789039611,0.015412607789039611,0.09819376468658447,,,0.33580899238586426,0.33580899238586426,0.2749874070286751,0.2141658216714859,0.2929411977529526,0.37171657383441925,0.359048530459404,0.34638048708438873,0.34950096905231476,0.3526214510202408,0.3900655061006546,0.4275095611810684,0.39434827864170074,0.4045582562685013,0.42857231199741364,0.450463131070137,0.473618820309639,0.47004009783267975,0.46134988963603973,0.46955789625644684,0.32499270886182785,0.11483352010448773,0.21015918875734013,,,0.40554702281951904,0.40554702281951904,0.32499270886182785,0.24443839490413666,0.2556733563542366,0.26690831780433655,0.24450446665287018,0.2221006155014038,0.20264115184545517,0.18318168818950653,0.19510281085968018,0.20702393352985382,0.1497347429394722,0.1362709105014801,0.11596372723579407,0.11701539903879166,0.13976631313562393,0.1444687694311142,0.11610550433397293,0.10646483302116394
1952804984,qslstm_log,extrapolation,near_best,2000192,62,3,59,58,3,0.1019827701663308,0.3070634685216411,0.10617080982280314,0.3258386254310608,0.11023115533086118,0.2885771145423253,0.10156336075118519,0.30800345262228435,0.014061536254553959,0.007983340666844295,0.09039721886316936,0.2805219516158104,0.06146383285522461,0.15611648062864938,0.10684043169021606,0.2885771145423253,0.2669798731803894,0.222352201739947,0.2986597418785095,0.16301474968592325,0.2915912866592407,0.1489862600962321,0.313291072845459,0.16114632288614908,0.32369357347488403,0.22606905301411948,0.3497634530067444,0.29769955078760785,0.33452749252319336,0.3376988172531128,0.33963942527770996,0.34265410900115967,0.34129661321640015,0.19789675623178482,0.05143408565703085,0.14646267057475398,0.19020743295550346,0.10317756980657578,0.22140234957138696,0.07575834542512894,0.19789675623178482,0.07606685906648636,0.14607716351747513,0.07087019830942154,0.13683966423074403,0.05983380600810051,0.12672167892257372,0.058734532445669174,0.08799756566683452,0.05051605403423309,0.07587884490688641,0.04839210584759712,0.05927520742019018,0.04192495718598366,0.04556841899951299,0.037797097116708755,0.03901453192035357,0.03502337262034416
1952804984,qslstm_log,extrapolation,near_best,2000193,62,2,60,59,2,0.09332606006141382,0.3034692690257103,0.10309244244314986,0.32108011841773987,0.04789976933648632,0.21870733052492142,0.09484026975224474,0.3062946669757366,0.010504820589291848,0.010608825704147076,0.07953326404094696,0.22688491642475128,0.22688491642475128,0.24833842366933823,0.22241239249706268,0.21870733052492142,0.21052974462509155,0.23743589967489243,0.25245940685272217,0.24699006974697113,0.2834503948688507,0.2307020127773285,0.20894461870193481,0.2694133073091507,0.2553762197494507,0.26074254512786865,0.2661088705062866,0.28599265217781067,0.3058764338493347,0.30970579385757446,0.31271034479141235,0.27627599239349365,0.2706795930862427,0.24456829577684402,0.11205289270728827,0.13251540306955575,0.2635221779346466,0.2635221779346466,0.36168625950813293,0.2872830331325531,0.24456829577684402,0.22561441361904144,0.24443954974412918,0.20159606635570526,0.21179773658514023,0.197981059551239,0.2406744733452797,0.2797528803348541,0.17000745981931686,0.14203386008739471,0.14369171857833862,0.14534957706928253,0.14348436892032623,0.14161916077136993,0.18880711123347282,0.10140102356672287,0.10792052000761032,0.09725452214479446
1952804984,qslstm_log,extrapolation,near_best,2000194,62,2,60,59,2,0.18996464821346057,0.3994905405767983,0.2755645212928357,0.5249423980712891,0.10659834805608748,0.24209456145763397,0.19274352488537302,0.4047370732141038,0.014541630522679474,0.00950651726824172,0.016263961791992188,0.15364938508719206,0.030865997076034546,0.2039313865825534,0.018857628107070923,0.24209456145763397,0.46115750074386597,0.24476729333400726,0.41988325119018555,0.22921974956989288,0.38993924856185913,0.24167755246162415,0.41566306352615356,0.2572094649076462,0.4326789975166321,0.25445203483104706,0.4725632071495056,0.2710576802492142,0.49128079414367676,0.4457324147224426,0.4715815782546997,0.46246713399887085,0.4658828377723694,0.12363750860095024,0.09357451138397058,0.030062997216979664,0.16400961205363274,0.0965091660618782,0.13697664812207222,0.0983903631567955,0.12363750860095024,0.11244980245828629,0.12255587056279182,0.1271398961544037,0.12637699022889137,0.129878968000412,0.12365026026964188,0.1095573902130127,0.12301131710410118,0.12494226545095444,0.09176191687583923,0.09070257097482681,0.1256396360695362,0.1370116025209427,0.11271229013800621,0.09828468412160873,0.07806024327874184,0.06589383631944656
1952804984,qslstm_log,extrapolation,near_best,2000195,62,4,58,58,3,0.11878720803766227,0.33646831541292127,0.16221830554832284,0.40276333689689636,0.09230521242262535,0.2921745181083679,0.12061355256283722,0.33952306005461463,0.014346429500086555,0.009090092384590293,0.06442089875539143,0.2747378349304199,0.3291490375995636,0.2688882152239482,0.345803827047348,0.2921745181083679,0.21220481395721436,0.2725166827440262,0.24540698528289795,0.20550256222486496,0.2017608880996704,0.29955974966287613,0.22491073608398438,0.32007648795843124,0.2366744875907898,0.2696314752101898,0.27905914187431335,0.24907644093036652,0.3026007413864136,0.30630550533533096,0.37458157539367676,0.3413676768541336,0.3486371636390686,0.20276247337460518,0.08310503088708582,0.11965744248751936,0.19626950224240622,0.15172679722309113,0.16666102906068167,0.12213721871376038,0.20276247337460518,0.13828198611736298,0.16813806630671024,0.11812631040811539,0.15727081894874573,0.16722418367862701,0.14856520108878613,0.10224214941263199,0.1267039105296135,0.09892479330301285,0.1127470713108778,0.0788930281996727,0.10896085947751999,0.11896568536758423,0.1352987214922905,0.21463388204574585,0.1031485740095377,0.07731038331985474
1952804984,qslstm_log,extrapolation,near_best,2000196,62,3,59,59,2,0.1570590956899719,0.3880891799926758,0.19730885589482128,0.44419461488723755,0.0518764169884573,0.21489295115073523,0.162407367488354,0.3968957678998931,0.00978608353663299,0.005767696178876436,0.03239619731903076,0.3438199982047081,0.3438199982047081,0.32562727853655815,0.3856483921408653,0.21489295115073523,0.2708830237388611,0.17566056549549103,0.3035467267036438,0.20634463926156363,0.3234384059906006,0.2433860351641973,0.3519795536994934,0.2531212419271469,0.3528737425804138,0.3324953069289525,0.37407052516937256,0.3453023011485736,0.37937548756599426,0.3742733597755432,0.4179667830467224,0.40074314673741657,0.4450807571411133,0.23201324045658112,0.04701518668335373,0.1849980537732274,0.13236190378665924,0.13236190378665924,0.23448342084884644,0.12766477465629578,0.23201324045658112,0.13196918368339539,0.16474568595488867,0.09043038636445999,0.15093609939018884,0.07851257175207138,0.13600167135397592,0.0622112900018692,0.11730202535788219,0.06367366015911102,0.10658020401994388,0.04933788254857063,0.10077717776099841,0.04269757494330406,0.05365882689754168,0.03509153053164482,0.04000836859146754,0.03200825676321983
1952804984,qslstm_log,extrapolation,near_best,2000197,62,2,60,59,2,0.11322706368767113,0.31180687489048126,0.08687378827164949,0.2947435975074768,0.10311775029417669,0.27839992940425873,0.11356404080078761,0.31292043974002204,0.012258498850515333,0.0077170066687525535,0.09949812293052673,0.5435341596603394,0.5435341596603394,0.3543021231889725,0.5182046294212341,0.27839992940425873,0.1183648407459259,0.3291943371295929,0.14943382143974304,0.3701198995113373,0.17534884810447693,0.38674888014793396,0.1989147663116455,0.40002959966659546,0.19677621126174927,0.41881266236305237,0.21542030572891235,0.4179881662130356,0.2400815486907959,0.1958073526620865,0.24218088388442993,0.23141267895698547,0.25903892517089844,0.17066629603505135,0.05240411016469201,0.11826218587035933,0.10604378581047058,0.10604378581047058,0.19806964322924614,0.0853157564997673,0.17066629603505135,0.06897047907114029,0.129684217274189,0.06588923931121826,0.09689330123364925,0.05270041152834892,0.08500266261398792,0.04856199398636818,0.08365889266133308,0.0430300235748291,0.07536095194518566,0.03941499814391136,0.06553423404693604,0.03928699344396591,0.050614507868885994,0.035339776426553726,0.0389314666390419,0.034992288798093796
1952804984,qslstm_log,extrapolation,near_best,2000198,62,1,61,60,1,0.2020012597005265,0.44473342164870233,0.22045751255497237,0.46952903270721436,0.02422097284980751,0.15563088655471802,0.2049156906325055,0.4494728074699152,0.011537750562032064,0.011537750562032064,0.05200481414794922,,,0.2159099280834198,0.2159099280834198,0.15563088655471802,0.15563088655471802,0.2526266574859619,0.2526266574859619,0.28489547967910767,0.28489547967910767,0.3175528645515442,0.3175528645515442,0.3594430088996887,0.3594430088996887,0.438005268573761,0.438005268573761,0.4722669720649719,0.4722669720649719,0.49705082178115845,0.49705082178115845,0.45872485637664795,0.45872485637664795,0.2683700621128082,0.11494616156474488,0.15342390054806335,,,0.3931174576282501,0.3931174576282501,0.2683700621128082,0.2683700621128082,0.22192169725894928,0.22192169725894928,0.14237678050994873,0.14237678050994873,0.12011898308992386,0.12011898308992386,0.12701334059238434,0.12701334059238434,0.10522101074457169,0.10522101074457169,0.15020503103733063,0.15020503103733063,0.1676589846611023,0.1676589846611023,0.09475984424352646,0.09475984424352646
1952804984,qslstm_log,extrapolation,near_best,2000199,62,3,59,58,3,0.22572012312460132,0.46501347735043497,0.24085476603378098,0.49076956510543823,0.15946783022530372,0.3721683733165264,0.22908888378049785,0.46973441484368456,0.00854521013539413,0.00784589570981485,0.0643144150575002,0.1487633598347505,0.2517246939241886,0.22104681159059206,0.24200690165162086,0.3721683733165264,0.5645183026790619,0.34211138139168423,0.5846992135047913,0.33842840045690536,0.5371824502944946,0.33794980496168137,0.5201178193092346,0.44410047059257823,0.525776207447052,0.5416897734006246,0.5031876564025879,0.5229287644227346,0.5228922665119171,0.515196810166041,0.4990687370300293,0.5065922240416209,0.5220545828342438,0.12243085851271947,0.08773519837502707,0.0346956601376924,0.20309756944576898,0.08765170723199844,0.14438247929016748,0.0755973681807518,0.12243085851271947,0.08558744192123413,0.10245836526155472,0.07819228619337082,0.09316187351942062,0.08523296564817429,0.07794569184382756,0.07058800011873245,0.07503647605578105,0.06392461806535721,0.07611055672168732,0.06490641832351685,0.07622853169838588,0.09417297691106796,0.08361336340506871,0.08663656562566757,0.0992562398314476,0.1327415406703949
1952804984,qslstm_log,extrapolation,near_best,2000200,62,4,58,58,3,0.24166262255894683,0.4843333795546524,0.32718136910168716,0.5719977002590895,0.09666498722737249,0.29086201218888164,0.25166245947836574,0.49767623247642967,0.011086305667614114,0.011063892590372186,0.06706949075063069,0.3400767495234807,0.29878856241703033,0.25425539910793304,0.10943871736526489,0.29086201218888164,0.38831800036132336,0.3003824045881629,0.34923398308455944,0.3381617390550673,0.31630641035735607,0.2762749777175486,0.33012080006301403,0.3537746798247099,0.3803535085171461,0.3891229685395956,0.45390227250754833,0.42585944198071957,0.4436842780560255,0.4300438519567251,0.43823632411658764,0.466027757152915,0.4700875859707594,0.20917127095162868,0.050967121593140326,0.15820414935848837,0.26646160582701367,0.20435941219329834,0.19998598595460257,0.16025641560554504,0.20917127095162868,0.11238598078489304,0.15150627121329308,0.09804055839776993,0.12928159721195698,0.10234043747186661,0.12051522359251976,0.12142348289489746,0.10882210731506348,0.0991385281085968,0.0908625740557909,0.08410658687353134,0.09056543558835983,0.09345182776451111,0.06412184052169323,0.05056650564074516,0.04724890552461147,0.04745801165699959
1952804984,qslstm_log,extrapolation,near_best,2000201,62,3,59,59,2,0.04640281418626967,0.21040980854342062,0.06857194628057428,0.26186245679855347,0.05059526949019647,0.2211258908112844,0.04618963849284966,0.20986492300437667,0.01788104388673427,0.016566699948804133,0.0705043375492096,0.14444807171821594,0.09739157557487488,0.1884002536535263,0.27940893173217773,0.2211258908112844,0.1924641728401184,0.131548672914505,0.10479027032852173,0.18535623947779337,0.17186951637268066,0.19421390692392984,0.21830803155899048,0.17847655216852823,0.2123313546180725,0.2306829293568929,0.25284886360168457,0.2356032133102417,0.2190379500389099,0.13932261864344278,0.12099891901016235,0.18227080504099527,0.20322740077972412,0.19810320188601813,0.069718645917157,0.1283845559688611,0.2576485425233841,0.20696139335632324,0.18489687889814377,0.1628323644399643,0.19810320188601813,0.12314154952764511,0.1467534750699997,0.11015748232603073,0.12887641290823618,0.11363939195871353,0.11632648855447769,0.11219852417707443,0.10792065411806107,0.10140595585107803,0.09464078148206075,0.08260397613048553,0.08265853176514308,0.07476883381605148,0.06819525733590126,0.07527101039886475,0.08101789653301239,0.0865500196814537
1952804984,qslstm_log,extrapolation,near_best,2000202,62,3,59,59,2,0.2646747917070918,0.5095862005987475,0.25542979463267645,0.5054006278514862,0.10905609235117364,0.31691329677899677,0.2725876069285792,0.5193831279116162,0.010604567446951138,0.009399974555299994,0.09009423851966858,0.22341877222061157,0.22341877222061157,0.2973766624927521,0.3123019337654114,0.31691329677899677,0.44388195872306824,0.3050749599933624,0.46739956736564636,0.3289431631565094,0.45110878348350525,0.4118557771046956,0.4793834388256073,0.47312572598457336,0.5080956518650055,0.4939708213011424,0.5514202415943146,0.5302495857079824,0.5549570620059967,0.5512089828650156,0.5626820623874664,0.5584180255730947,0.5443825423717499,0.2269996628165245,0.0489465477481737,0.1780531150683508,0.1588549017906189,0.1588549017906189,0.23622703179717064,0.11644133180379868,0.2269996628165245,0.09847455471754074,0.15848259876171747,0.09008119255304337,0.11680340270201366,0.07511397451162338,0.09555353720982869,0.07174472510814667,0.08509982377290726,0.06674372404813766,0.0694712686041991,0.061555106192827225,0.06283094361424446,0.05855255201458931,0.05276681358615557,0.04804250970482826,0.04672126720348994,0.04213307797908783
1952804984,qslstm_log,extrapolation,near_best,2000203,62,2,60,60,1,0.14521879023986015,0.3753676352001006,0.19271658710764772,0.43899497389793396,0.06033771263318721,0.2448960691690445,0.14804815949341593,0.3797166874011358,0.015203470985094706,0.013316649815131879,0.07319116592407227,0.17547345161437988,0.17547345161437988,0.26496243476867676,0.26496243476867676,0.2448960691690445,0.26396510004997253,0.20535032451152802,0.23522719740867615,0.24421776831150055,0.22347310185432434,0.2631832957267761,0.2624014914035797,0.2612675130367279,0.28730782866477966,0.3006000816822052,0.3387986719608307,0.3387165665626526,0.33423295617103577,0.3712083101272583,0.3749052584171295,0.3453814685344696,0.34213802218437195,0.31243041157722473,0.05969895999878645,0.2527314515784383,0.30148252844810486,0.30148252844810486,0.21960999071598053,0.21960999071598053,0.31243041157722473,0.2555702030658722,0.23640858381986618,0.1713346391916275,0.19084903597831726,0.162088081240654,0.20761055499315262,0.15965090692043304,0.14586908370256424,0.12040352821350098,0.12479492649435997,0.0899389460682869,0.09063499420881271,0.07456789165735245,0.062272803857922554,0.05688311532139778,0.04748707264661789,0.045093074440956116
1952804984,qslstm_log,extrapolation,near_best,2000204,62,4,58,58,3,0.2381456846101946,0.46422113526252007,0.3177832487601826,0.5637226700782776,0.06571488764113398,0.2199399396777153,0.25003746371150914,0.4810681142683687,0.014449474626574022,0.006366329193115234,0.0441702405611674,0.19814319411913553,0.030710160732269287,0.27822548151016235,0.005394160747528076,0.2199399396777153,0.40400588512420654,0.2837764769792557,0.40454572439193726,0.2587904632091522,0.43690741062164307,0.30407464504241943,0.4486931562423706,0.21187057346105576,0.46741989254951477,0.2342912256717682,0.4693340063095093,0.24126913398504257,0.4793044626712799,0.45402178168296814,0.48689597845077515,0.4919648990035057,0.5184295773506165,0.17908062599599361,0.10175741264789269,0.07732321334810092,0.18224603682756424,0.08498892933130264,0.14200467119614282,0.07249245792627335,0.17908062599599361,0.07512751966714859,0.1522927340120077,0.07843270897865295,0.12980107590556145,0.0861121341586113,0.11046700179576874,0.0864507183432579,0.10089301690459251,0.10632731765508652,0.09195732325315475,0.10761050134897232,0.09123307466506958,0.11861411482095718,0.08410941995680332,0.07441651076078415,0.10263523645699024,0.11749852448701859
1952804984,qslstm_log,extrapolation,near_best,2000205,62,3,59,59,2,0.21719441003382042,0.44243974971675104,0.2675819950513119,0.5172832831740379,0.09928378357899986,0.27888790518045425,0.2231898656162689,0.45075594520164747,0.011264291355165384,0.0089919761969493,0.04988330602645874,0.10402147471904755,0.044483721256256104,0.09599369764328003,0.010810434818267822,0.27888790518045425,0.4858253225684166,0.25395413984855014,0.4994668588042259,0.25736821442842484,0.5220507606863976,0.21753786752621332,0.5073982700705528,0.1921921248237292,0.46955790370702744,0.18744201213121414,0.5072718486189842,0.3292076935370763,0.4773457869887352,0.49391577889521915,0.49054839462041855,0.49344448496898013,0.4834933504462242,0.20546591530243555,0.10986123802298206,0.09560467727945349,0.20668640360236168,0.08881499618291855,0.17603089287877083,0.07990414649248123,0.20546591530243555,0.06995359808206558,0.21262383460998535,0.08396536111831665,0.16513066738843918,0.1059015616774559,0.16235356529553732,0.08078906685113907,0.1166544755299886,0.06916219741106033,0.08844415346781413,0.07223118841648102,0.07668790469566981,0.06619420647621155,0.07905217011769612,0.09205523133277893,0.08504416296879451,0.11166146397590637
1952804984,qslstm_log,extrapolation,near_best,2000206,62,3,59,58,3,0.19982883021251058,0.4380214132608906,0.24292125112538887,0.49287042021751404,0.10675060324693024,0.31940895318984985,0.20456162141415035,0.44405255529840115,0.01342313865135456,0.008475174295141342,0.05947271982828776,0.2471287945906321,0.35237717628479004,0.3063543339570363,0.3514482378959656,0.31940895318984985,0.41618022322654724,0.36694995562235516,0.44208839535713196,0.370039701461792,0.45924535393714905,0.34570184350013733,0.4660256803035736,0.37602977951367694,0.4832656681537628,0.3779352605342865,0.49247607588768005,0.3893645107746124,0.4726659953594208,0.44782792528470355,0.46127787232398987,0.46490328510602313,0.44767114520072937,0.12006765976548195,0.08793370924511199,0.032133950520369964,0.20989581445852915,0.05130323767662048,0.14173758899172148,0.04918031021952629,0.12006765976548195,0.04796591028571129,0.1129123183588187,0.05290479585528374,0.09546869496504466,0.052874624729156494,0.09030283118287723,0.05807876959443092,0.08145621791481972,0.062286052852869034,0.07680389160911243,0.09050652384757996,0.06842583293716113,0.08821620792150497,0.059681929647922516,0.07300110906362534,0.06309581299622853,0.05028950050473213
1952804984,qslstm_log,extrapolation,near_best,2000207,62,4,58,58,3,0.2955934855086889,0.5358053361696582,0.32513765397403915,0.5702084302902222,0.13038789619427887,0.3159196311607957,0.3069869744269241,0.5509698675495798,0.0089638896029571,0.0076375095932571975,0.06976384917895,0.33104098091522854,0.3590853847563267,0.23444346711039543,0.06132948398590088,0.3159196311607957,0.5134641528129578,0.4327878961339593,0.540889322757721,0.47573637403547764,0.5443686842918396,0.4686537850648165,0.5772784948348999,0.4036440560594201,0.5945481657981873,0.4485994726419449,0.6060457825660706,0.572906106710434,0.5762542486190796,0.599069818854332,0.6153045892715454,0.5820791572332382,0.558309018611908,0.18113862723112106,0.10154324574074869,0.07959538149037237,0.1928670605023702,0.09243369847536087,0.14338293174902597,0.0828266516327858,0.18113862723112106,0.09368781000375748,0.14855651557445526,0.08665955811738968,0.11892754212021828,0.0953904390335083,0.11367331258952618,0.10787886381149292,0.10923467949032784,0.13033939898014069,0.09581899270415306,0.09965572506189346,0.10763991251587868,0.11296135187149048,0.12624910287559032,0.12090899795293808,0.11559372022747993,0.08281775563955307
1952804984,qslstm_log,extrapolation,near_best,2000208,62,5,57,57,4,0.17967584145312057,0.4117174941685892,0.21090038255255994,0.4592389166355133,0.06803839714496913,0.2225083291530609,0.18946859972576546,0.4283147893453899,0.009859712500321237,0.007819218768013848,0.05685512721538544,0.10331970453262329,0.10707074403762817,0.22462375462055206,0.1136007308959961,0.2225083291530609,0.35381242632865906,0.1367715060710907,0.31943127512931824,0.2157620906829834,0.3674733340740204,0.2501243889331818,0.3798362910747528,0.2465785562992096,0.3981111943721771,0.32983927726745604,0.43447360396385193,0.3840020716190338,0.43022558093070984,0.42669758200645447,0.4321114718914032,0.4349991023540497,0.42774859070777893,0.20059928745031358,0.0427006671303197,0.15789862031999388,0.1900715952118238,0.10063346475362778,0.20818900503218174,0.1051676943898201,0.20059928745031358,0.08705800771713257,0.15403434485197068,0.07955373078584671,0.12649447917938234,0.0751228928565979,0.10680596381425858,0.07066977769136429,0.0900124616920948,0.06241389736533165,0.07934539243578911,0.058708589524030685,0.0653606966137886,0.04831666126847267,0.050345291197299954,0.03904392942786217,0.03994862288236618,0.035577017813920975
1952804984,qslstm_log,extrapolation,near_best,2000209,62,4,58,57,4,0.19779012646986682,0.43397414636227394,0.2664851841792606,0.5162220299243927,0.09531121605328563,0.3053034693002701,0.20485763753307934,0.4428479861596535,0.009607584330073575,0.006714969300306761,0.06495675444602966,0.271642841398716,0.3024553656578064,0.22989876568317413,0.2262057363986969,0.3053034693002701,0.3257601261138916,0.30721377581357956,0.3082014322280884,0.31858760118484497,0.3198853135108948,0.311279833316803,0.35351043939590454,0.31696418672800064,0.37870508432388306,0.32207752019166946,0.37920433282852173,0.3608846813440323,0.39118897914886475,0.39973846077919006,0.4295002222061157,0.42713896930217743,0.4591074585914612,0.16090376302599907,0.05884055379007397,0.1020632092359251,0.22030494175851345,0.13058961927890778,0.19009215384721756,0.14111030101776123,0.16090376302599907,0.12599687278270721,0.1432602871209383,0.10730759054422379,0.12505233101546764,0.09121737629175186,0.10944196209311485,0.0705072209239006,0.0988406091928482,0.060512810945510864,0.09058825671672821,0.05280575528740883,0.06900244858115911,0.048287417739629745,0.049857634119689465,0.04447362944483757,0.0461541973054409,0.04439159110188484
1952804984,qslstm_log,extrapolation,near_best,2000210,62,2,60,60,1,0.17035720545365313,0.41170186855860297,0.20502878975421268,0.45280104875564575,0.12887099054805035,0.3586031557060778,0.17174007928383989,0.4134718256536871,0.010393419365088145,0.00528172145084459,0.028589576482772827,0.3904291810467839,0.3904291810467839,0.402212125249207,0.402212125249207,0.3586031557060778,0.375179260969162,0.3374164463020861,0.3793179988861084,0.3999654413200915,0.38342738151550293,0.4345970959402621,0.3880811929702759,0.4192796261049807,0.39329469203948975,0.4130538166500628,0.390351802110672,0.3985145897604525,0.4002384543418884,0.3861539512872696,0.3971286416053772,0.3995790630578995,0.4058634340763092,0.19678161852061749,0.04876523604616523,0.14801638247445226,0.06269543617963791,0.06269543617963791,0.0603991262614727,0.0603991262614727,0.19678161852061749,0.052783843129873276,0.14803373627364635,0.04709004983305931,0.14031163416802883,0.043925877660512924,0.13471012003719807,0.041151080280542374,0.10821107588708401,0.03948551043868065,0.06964103691279888,0.03553562983870506,0.059873076155781746,0.033466290682554245,0.04216276481747627,0.03154168650507927,0.03405116777867079,0.028616825118660927
1952804984,qslstm_log,extrapolation,near_best,2000211,62,4,58,57,4,0.04812059345378664,0.1948321653950599,0.0211477001472824,0.14542248845100403,0.12192859781771803,0.3023865222930908,0.04303038625627413,0.18741462354002328,0.013287827111127084,0.010826416472171215,0.06891132891178131,0.3757813274860382,0.38527601957321167,0.26776546239852905,0.37340593338012695,0.3023865222930908,0.10348138213157654,0.33882953971624374,0.08312144875526428,0.24556557834148407,0.062145620584487915,0.3027493879199028,0.08177295327186584,0.2816746458411217,0.07793864607810974,0.29884714633226395,0.12497320771217346,0.3148918077349663,0.15491637587547302,0.10748894512653351,0.18255582451820374,0.12463751435279846,0.16451534628868103,0.1610824977979064,0.05371056493885558,0.10737193285905082,0.19982169661670923,0.05591096356511116,0.15980935003608465,0.055370595306158066,0.1610824977979064,0.049385543912649155,0.1339624933898449,0.044983118772506714,0.10517185274511576,0.042066674679517746,0.10731299128383398,0.041315656155347824,0.08529292792081833,0.03890630602836609,0.061526887118816376,0.03897029161453247,0.0536289531737566,0.0421266071498394,0.04284514207392931,0.038612693548202515,0.03878169599920511,0.035374078899621964
1952804984,qslstm_log,extrapolation,near_best,2000212,62,1,61,60,1,0.28320208013679815,0.5259706818408543,0.28590929161211776,0.534704864025116,0.2654813620583276,0.5152488350868225,0.28349258371185504,0.5261464498204286,0.007168177763621012,0.00585814591111808,0.1224651038646698,0.14427727088332176,0.14427727088332176,0.18251600489020348,0.18251600489020348,0.5152488350868225,0.5152488350868225,0.5472577214241028,0.5472577214241028,0.5800727903842926,0.5800727903842926,0.5760675966739655,0.5760675966739655,0.5623607039451599,0.5623607039451599,0.5791438817977905,0.5791438817977905,0.5720621943473816,0.5720621943473816,0.5610381960868835,0.5610381960868835,0.5561692416667938,0.5561692416667938,0.25685837864875793,0.047286933074232006,0.20957144557452592,0.26904240250587463,0.26904240250587463,0.24460630118846893,0.24460630118846893,0.25685837864875793,0.25685837864875793,0.14258043467998505,0.14258043467998505,0.10144900530576706,0.10144900530576706,0.08425214886665344,0.08425214886665344,0.07075734436511993,0.07075734436511993,0.05913301184773445,0.05913301184773445,0.0537937730550766,0.0537937730550766,0.045672282576560974,0.045672282576560974,0.03510921075940132,0.03510921075940132
1952804984,qslstm_log,extrapolation,near_best,2000213,62,2,60,59,2,0.1884602126545433,0.4103058147499518,0.2525931139416606,0.5025864243507385,0.19190220913468656,0.43740259972400963,0.18834547943853852,0.40940258858414985,0.012178703384884334,0.007391943651087144,0.043783918023109436,0.22256729868240654,0.4381439262069762,0.23078019288368523,0.45681859785690904,0.43740259972400963,0.41329503059387207,0.4314360257703811,0.424728125333786,0.4442199852783233,0.43162137269973755,0.4146866947412491,0.4160783588886261,0.4069221168756485,0.389116108417511,0.39017947018146515,0.3642805814743042,0.37186098098754883,0.38621896505355835,0.41251805424690247,0.41907215118408203,0.43857064843177795,0.45292383432388306,0.07271362841129303,0.05207346935446064,0.02064015905683239,0.1014048308134079,0.07544834911823273,0.09031526744365692,0.07631030678749084,0.07271362841129303,0.06728678941726685,0.06502893753349781,0.054609525948762894,0.06280439905822277,0.0492984913289547,0.056622885167598724,0.0459589809179306,0.05189485289156437,0.049180179834365845,0.043747857213020325,0.041536733508110046,0.042413750663399696,0.03883820027112961,0.03608280420303345,0.0344906710088253,0.03250405192375183,0.0314219668507576
1952804984,qslstm_log,extrapolation,near_best,2000214,62,1,61,61,0,0.30023245393984144,0.5453473797007915,0.32068048508091007,0.5662865750491619,0.06808988406456219,0.26094038411974907,0.3040380698394362,0.5500097894644151,0.016106367111206055,0.016106367111206055,,,,,,0.26094038411974907,0.26094038411974907,0.4553752653300762,0.4553752653300762,0.39963702484965324,0.39963702484965324,0.398568969219923,0.398568969219923,0.48150015994906425,0.48150015994906425,0.48264266178011894,0.48264266178011894,0.5376205556094646,0.5376205556094646,0.5353155247867107,0.5353155247867107,0.5347458235919476,0.5347458235919476,0.3339056968688965,0.09688492290309218,0.2370207739658043,,,,,0.3339056968688965,0.3339056968688965,0.26985764503479004,0.26985764503479004,0.1961394101381302,0.1961394101381302,0.16281954944133759,0.16281954944133759,0.14490506052970886,0.14490506052970886,0.11745067685842514,0.11745067685842514,0.1280437558889389,0.1280437558889389,0.0883747935295105,0.0883747935295105,0.12280630320310593,0.12280630320310593
1952804984,qslstm_log,extrapolation,near_best,2000215,62,4,58,58,3,0.10036138345626275,0.3138998011427541,0.12168470769593487,0.3488333523273468,0.0607707436794397,0.23991220258176327,0.10309177240638849,0.31900239414696036,0.00975076597312401,0.005779550356023452,0.04465561111768087,0.3366743139922619,0.3447869345545769,0.3311420852939288,0.34025733917951584,0.23991220258176327,0.18781259655952454,0.2512818481773138,0.22222551703453064,0.2722803633660078,0.2045365571975708,0.2870014812797308,0.21932244300842285,0.2816629409790039,0.23501428961753845,0.2735981233417988,0.25578343868255615,0.29870248958468437,0.2747513949871063,0.2521793469786644,0.3101069927215576,0.2901226356625557,0.32209116220474243,0.2301234807819128,0.05557832728814462,0.17454515349376817,0.151992067694664,0.13571901619434357,0.21080664545297623,0.13662423193454742,0.2301234807819128,0.14498867094516754,0.17937003634870052,0.11159316450357437,0.1649674940854311,0.10271947830915451,0.15518330223858356,0.10016896575689316,0.1299490798264742,0.08971050381660461,0.09787160716950893,0.06933658570051193,0.10766374133527279,0.06860121339559555,0.07847440149635077,0.04240794852375984,0.05339403264224529,0.03677446022629738
1952804984,qslstm_log,extrapolation,near_best,2000216,62,3,59,59,2,0.2650617829261216,0.5081949515208122,0.3212826100762678,0.566817969083786,0.11295890224206295,0.32072528700033825,0.272795827706667,0.517727307343887,0.010898086984278792,0.009794538574559348,0.05674049258232117,0.2463134527206421,0.2463134527206421,0.34196486324071884,0.274702787399292,0.32072528700033825,0.37273910641670227,0.28036649028460187,0.4373195469379425,0.30530155698458356,0.44602110981941223,0.32107942303021747,0.4422220289707184,0.36669625838597614,0.4526468813419342,0.46841566761334735,0.5219063460826874,0.4728419880072276,0.5236570537090302,0.5270916918913523,0.5351566970348358,0.5351129472255707,0.5215782821178436,0.2431836500763893,0.05101054685853296,0.19217310321785636,0.14786362648010254,0.14786362648010254,0.2290058694779873,0.12426184862852097,0.2431836500763893,0.11921050399541855,0.19935545573631921,0.1171155497431755,0.1497694800297419,0.09708455204963684,0.11791073779265086,0.08160673826932907,0.10508317252000172,0.07177716493606567,0.09426404287417729,0.06859202682971954,0.07136652246117592,0.06071566417813301,0.0570797361433506,0.04773542284965515,0.04691376412908236,0.04119289293885231
1952804984,qslstm_log,extrapolation,near_best,2000217,62,2,60,59,2,0.053220719884799775,0.18878981182652135,0.051111088553344786,0.2260776162147522,0.1337566100137093,0.2773013859987259,0.050536190213836124,0.1858394260207812,0.011861689515033011,0.009497963786125184,0.07107923924922943,0.2822863906621933,0.5101901292800903,0.28765353560447693,0.4827304482460022,0.2773013859987259,0.038846880197525024,0.27088022232055664,0.04300636053085327,0.23637796938419342,0.012191414833068848,0.25959494709968567,0.02513265609741211,0.2599734365940094,0.0041201114654541016,0.2698235958814621,0.029457062482833862,0.054357126355171204,0.06986737251281738,0.06628215312957764,0.12844419479370117,0.11564767360687256,0.16142797470092773,0.11265015043318272,0.052581578772515056,0.06006857166066766,0.16337208822369576,0.08429310470819473,0.12697740271687508,0.06960760802030563,0.11265015043318272,0.057042885571718216,0.09086867235600948,0.05019068345427513,0.08398401364684105,0.048413634300231934,0.06532382592558861,0.04310636222362518,0.06176538206636906,0.0420280285179615,0.06151393614709377,0.03873476758599281,0.047400305047631264,0.03775772452354431,0.038873398676514626,0.03571876883506775,0.03726520203053951,0.036772679537534714
1952804984,qslstm_log,extrapolation,near_best,2000218,62,3,59,59,2,0.10479709089278058,0.3187845041674952,0.16142970236788146,0.40178315341472626,0.05871609528650423,0.24099153776963553,0.10714019236428617,0.32274007873009825,0.01361843994108297,0.008761466765890315,0.06346812844276428,0.277907133102417,0.277907133102417,0.23319365084171295,0.2605893015861511,0.24099153776963553,0.2640492767095566,0.2702431132396062,0.23338104784488678,0.2874089330434799,0.22421781718730927,0.2569512377182643,0.23822985589504242,0.25297591586907703,0.27270953357219696,0.28182270626227063,0.277544841170311,0.24150642255942026,0.2601751536130905,0.26776022215684253,0.3058503419160843,0.27586596707503,0.2924510985612869,0.2804617683092753,0.0666606520949784,0.21380111621429693,0.13348133862018585,0.13348133862018585,0.26923658698797226,0.18070204555988312,0.2804617683092753,0.13697779178619385,0.2424420714378357,0.10034871101379395,0.19601740936438242,0.15105228126049042,0.1488566572467486,0.11401372402906418,0.1400456503033638,0.10418681055307388,0.1612012709180514,0.0883762314915657,0.12527241433660188,0.05614777281880379,0.09422967458764712,0.04536252096295357,0.08534342174728711,0.034605640918016434
1952804984,qslstm_log,extrapolation,near_best,2000219,62,4,58,57,4,0.026390032171067123,0.13014451240099245,0.03887987128473469,0.19717979431152344,0.11298303625753296,0.254857215564698,0.020418100854759137,0.1215436363207369,0.014544111594819185,0.011643904560017135,0.04664052277803421,0.1693362551741302,0.5239886175841093,0.2544700908474624,0.4865650665014982,0.254857215564698,0.0327153205871582,0.17134035704657435,0.0504852831363678,0.17437582043930888,0.03778541088104248,0.26555564906448126,0.001183629035949707,0.14657421736046672,0.02923107147216797,0.035308293998241425,0.02373141050338745,0.017213836312294006,0.014709234237670898,0.031168989837169647,0.06095191836357117,0.07899830490350723,0.10497039556503296,0.10430056788027287,0.07503167109499717,0.029268896785275694,0.13918469101190567,0.09003651142120361,0.12059760838747025,0.07804154604673386,0.10430056788027287,0.07142036408185959,0.09663772396743298,0.06738292425870895,0.08654280379414558,0.06560434401035309,0.07611354626715183,0.06899320334196091,0.0679963631555438,0.056919198483228683,0.06584529113024473,0.0734746977686882,0.06632110755890608,0.06589733064174652,0.06545394659042358,0.05896716192364693,0.07006617449223995,0.08720041066408157
1952804984,qslstm_log,extrapolation,near_best,2000220,62,2,60,59,2,0.09427729922880165,0.29668637821751254,0.13304349579044938,0.36475127935409546,0.06907915148512034,0.23798148334026337,0.09511723748692437,0.2986432080467542,0.010852236868971485,0.0077086878674370906,0.048425495624542236,0.18190239369869232,0.3495340049266815,0.20249484479427338,0.29222413897514343,0.23798148334026337,0.12642896175384521,0.21119500696659088,0.13016587495803833,0.14840951561927795,0.1703900694847107,0.15599946677684784,0.18183305859565735,0.18829767405986786,0.20620527863502502,0.22386492788791656,0.2415245771408081,0.24040493369102478,0.23928529024124146,0.2740909159183502,0.2876042127609253,0.30635061860084534,0.3107460141181946,0.12263713404536247,0.10542518068104982,0.01721195336431265,0.21250082552433014,0.1331482231616974,0.1472148634493351,0.11922609061002731,0.12263713404536247,0.11212604492902756,0.11232791841030121,0.1054297462105751,0.09515685588121414,0.07818766683340073,0.08814892917871475,0.0708681121468544,0.07267816364765167,0.06716866046190262,0.07130927219986916,0.0754498839378357,0.06632196344435215,0.05719404295086861,0.08745075389742851,0.10867312550544739,0.11142616719007492,0.13008518517017365
1952804984,qslstm_log,extrapolation,near_best,2000221,62,4,58,58,3,0.15373226029565168,0.3860166642153936,0.19464972441170758,0.44119125604629517,0.08006178902375614,0.26739398343488574,0.1588129824523342,0.3941975387519804,0.011280429260484103,0.00841915938589308,0.0867783526579539,0.3076658472418785,0.1565544754266739,0.2503654354562362,0.18464834988117218,0.26739398343488574,0.3336659073829651,0.34353969618678093,0.34874990582466125,0.4085010513663292,0.38152360916137695,0.3912489488720894,0.38965320587158203,0.3119254820048809,0.34180837869644165,0.2952498532831669,0.3208767771720886,0.3331724777817726,0.2815396189689636,0.3095889762043953,0.31553152203559875,0.31588513404130936,0.3563356399536133,0.21984324045479298,0.07775603677949001,0.14208720367530298,0.1485116295516491,0.11140934377908707,0.20866309851408005,0.11044221371412277,0.21984324045479298,0.11235031485557556,0.18998337723314762,0.11066508293151855,0.16322297416627407,0.11905347555875778,0.15005118027329445,0.1410399228334427,0.1478145532310009,0.19790959358215332,0.1327280681580305,0.11021015048027039,0.10631860047578812,0.08534569293260574,0.08657075092196465,0.044707003980875015,0.0501596424728632,0.044304799288511276
1952804984,qslstm_log,extrapolation,near_best,2000222,62,2,60,60,1,0.19765776219308565,0.4380025964590811,0.24196053479342083,0.49189484119415283,0.0915758547383746,0.28514254838228226,0.20119382577490932,0.4430979313949744,0.009451602896054586,0.006596006588502364,0.05599045753479004,0.19024573266506195,0.19024573266506195,0.24317260086536407,0.24317260086536407,0.28514254838228226,0.38648149371147156,0.3128869906067848,0.4134140908718109,0.3460260406136513,0.43210116028785706,0.3181108310818672,0.44874414801597595,0.30852147191762924,0.42679721117019653,0.41325096786022186,0.44002044200897217,0.43867000937461853,0.44523885846138,0.452092707157135,0.46416497230529785,0.47482991218566895,0.4835476279258728,0.22093531116843224,0.06372166210785508,0.15721364906057717,0.1125742495059967,0.1125742495059967,0.10314863920211792,0.10314863920211792,0.22093531116843224,0.09415855258703232,0.17381660267710686,0.08151643723249435,0.14064345881342888,0.0843714103102684,0.09903421998023987,0.06693112850189209,0.08698648773133755,0.06139872595667839,0.07533557154238224,0.05651259049773216,0.0782577209174633,0.0721440315246582,0.06888902373611927,0.08126545697450638,0.06763292290270329,0.04576347395777702
1952804984,qslstm_log,extrapolation,near_best,2000223,62,4,58,58,3,0.1383353437403637,0.3637792189275065,0.15301720592109191,0.3911741375923157,0.07160590735146588,0.2468598335981369,0.14293737383614974,0.3718426248122906,0.01460187856493325,0.010125399760480196,0.04970817764600118,0.28214026987552643,0.4126470685005188,0.2764494518438975,0.3617662787437439,0.2468598335981369,0.2455301284790039,0.19938023388385773,0.27680230140686035,0.2117553874850273,0.3098515272140503,0.2165997475385666,0.292988657951355,0.28536684066057205,0.3221457600593567,0.353914275765419,0.34825509786605835,0.30493752658367157,0.3585357069969177,0.3441229462623596,0.35919320583343506,0.36860087513923645,0.39255744218826294,0.21437610499560833,0.053919703667533805,0.16045640132807454,0.1584218144416809,0.12768889963626862,0.214172991613547,0.10976236313581467,0.21437610499560833,0.07952713221311569,0.1478931251913309,0.07229436188936234,0.13522634655237198,0.07538982480764389,0.12192049250006676,0.06662028282880783,0.1165589913725853,0.0689520463347435,0.09176269732415676,0.06297924369573593,0.06994062289595604,0.06299781054258347,0.05889358278363943,0.04734991490840912,0.0554138720035553,0.050337713211774826
1952804984,qslstm_log,extrapolation,near_best,2000224,62,1,61,60,1,0.19942113400722392,0.4438628700952376,0.24013702972839135,0.49003778398036957,0.06547215612040547,0.25587527453899384,0.2016170188906144,0.4469446339568154,0.013695413867632547,0.013695413867632547,0.12685519456863403,,,0.35445690155029297,0.35445690155029297,0.25587527453899384,0.25587527453899384,0.2948894053697586,0.2948894053697586,0.2500305324792862,0.2500305324792862,0.3413705974817276,0.3413705974817276,0.40994612872600555,0.40994612872600555,0.4113451689481735,0.4113451689481735,0.453539177775383,0.453539177775383,0.48279498517513275,0.48279498517513275,0.459711953997612,0.459711953997612,0.2361895889043808,0.07153509807635526,0.16465449082802552,,,0.31438958644866943,0.31438958644866943,0.2361895889043808,0.2361895889043808,0.1967572420835495,0.1967572420835495,0.14633844792842865,0.14633844792842865,0.14679405093193054,0.14679405093193054,0.1485908478498459,0.1485908478498459,0.09237446635961533,0.09237446635961533,0.09413760900497437,0.09413760900497437,0.06877106428146362,0.06877106428146362,0.06669961661100388,0.06669961661100388
1952804984,qslstm_log,extrapolation,near_best,2000225,62,1,61,61,0,0.02733084789960673,0.1605420636553918,0.0326347440120891,0.18065088987350464,0.04375071073505765,0.20916670560836792,0.027061669820337045,0.15974493837747417,0.02447057747450031,0.02447057747450031,,,,,,0.20916670560836792,0.20916670560836792,0.017696887254714966,0.017696887254714966,0.07641521096229553,0.07641521096229553,0.04713645577430725,0.04713645577430725,0.11611402034759521,0.11611402034759521,0.23336327075958252,0.23336327075958252,0.14374542236328125,0.14374542236328125,0.12020069360733032,0.12020069360733032,0.14757966995239258,0.14757966995239258,0.4120731055736542,0.11834871933841315,0.293724386235241,,,,,0.4120731055736542,0.4120731055736542,0.3463194668292999,0.3463194668292999,0.29956698417663574,0.29956698417663574,0.24237704277038574,0.24237704277038574,0.232354998588562,0.232354998588562,0.17145802080631256,0.17145802080631256,0.08060675859451294,0.08060675859451294,0.062461256980895996,0.062461256980895996,0.08206581324338913,0.08206581324338913
1952804984,qslstm_log,extrapolation,near_best,2000226,62,0,62,61,0,0.18042011979481537,0.42033826055065276,0.16541607764288901,0.4067137539386749,,,0.18042011979481537,0.42033826055065276,0.018644673902480327,0.018644673902480327,,,,,,,,,,,,,,,,,,,,,,,,,0.06901967543507775,,,,,,,,,,,,,,,,,,,,,,,
1952804984,qslstm_log,extrapolation,near_best,2000227,62,3,59,59,2,0.08892352115915404,0.29282059147953987,0.12047116185560558,0.347089558839798,0.09489708823394521,0.2826266611615817,0.08861978046043587,0.293338926919436,0.01598611878136457,0.013845507055521011,0.04218946397304535,0.27465731278061867,0.22388124465942383,0.27537013962864876,0.20456638932228088,0.2826266611615817,0.17078810930252075,0.25520646820465726,0.23561963438987732,0.26031306634346646,0.26397719979286194,0.2242755095163981,0.2133256494998932,0.23626350363095602,0.24024692177772522,0.24242771665255228,0.2514165937900543,0.2373217244942983,0.2472229301929474,0.22634588678677878,0.20350506901741028,0.21672877669334412,0.21550968289375305,0.1975101406375567,0.07718673872493081,0.12032340191262589,0.20047560334205627,0.16658417880535126,0.177542544901371,0.13434693217277527,0.1975101406375567,0.09961701184511185,0.16192094733317694,0.11704888194799423,0.1415527214606603,0.10430299490690231,0.13830307871103287,0.1312761753797531,0.11040569345156352,0.09256715327501297,0.09747038533290227,0.08279512077569962,0.10133677224318187,0.08993902057409286,0.10201533635457356,0.08114970475435257,0.06771810725331306,0.07108698040246964
1952804984,qslstm_log,extrapolation,near_best,2000228,62,3,59,58,3,0.12641150782092483,0.3490163796851712,0.1610940641877514,0.4013652503490448,0.06493824170689282,0.2459861785173416,0.1295372671148587,0.3542552034733659,0.016981772307691902,0.01230482260386149,0.0507583220799764,0.36846597989400226,0.2542905807495117,0.34415503839651745,0.23771286010742188,0.2459861785173416,0.157735675573349,0.23844914635022482,0.19927296042442322,0.23956977327664694,0.2267058789730072,0.2248006264368693,0.27895334362983704,0.19898083806037903,0.23993387818336487,0.2514398197333018,0.24866023659706116,0.24856079618136087,0.2869468033313751,0.29196952780087787,0.3316967785358429,0.3428126871585846,0.35586830973625183,0.1221000999212265,0.09047568519994365,0.031624414721282856,0.17327511062224707,0.11712697893381119,0.13225936641295752,0.10931076854467392,0.1221000999212265,0.11325617879629135,0.11782386650641759,0.1130489781498909,0.11615644146998723,0.12203157693147659,0.1124188428123792,0.11468958109617233,0.10858120520909627,0.09943845868110657,0.11983347932497661,0.12277927994728088,0.10344987859328587,0.11676939576864243,0.12815062453349432,0.14308227598667145,0.12027246505022049,0.08948754519224167
1952804984,qslstm_log,extrapolation,near_best,2000229,62,3,59,58,3,0.020812151776355824,0.07729121387725876,0.0005107732508946583,0.022600293159484863,0.10983366722777377,0.292350144435962,0.01628563404153796,0.06635601401834165,0.014849545112971601,0.012100675931343665,0.094937264919281,0.37753315456211567,0.395707581192255,0.28955966358383495,0.3741757906973362,0.292350144435962,0.07353168725967407,0.3021442803243796,0.06032592058181763,0.2502491685251395,0.02069675922393799,0.15113882223765054,0.02052605152130127,0.13957766691843668,0.006399095058441162,0.16004851584633192,0.06391191482543945,0.06421458721160889,0.09084415435791016,0.02874910831451416,0.019105076789855957,0.032077391942342125,0.0024772286415100098,0.2077105368177096,0.08949860520029472,0.11821193161741488,0.1301630362868309,0.12741737067699432,0.2361093834042549,0.11867348104715347,0.2077105368177096,0.14451387524604797,0.1562857503692309,0.0963955745100975,0.132082129518191,0.10391386598348618,0.12491398056348164,0.09731936454772949,0.107642263174057,0.08663534373044968,0.11001009245713551,0.10529354214668274,0.13269970069328943,0.13650688529014587,0.09267641603946686,0.08100908994674683,0.11276564747095108,0.13674576580524445
1952804984,qslstm_log,extrapolation,near_best,2000230,62,3,59,59,2,0.29766296793721336,0.5434535976138807,0.3077154970025603,0.5547210983932018,0.17861601073302533,0.40672842289010686,0.3037162030492907,0.5504057251422082,0.01372746592861111,0.01372746592861111,0.12722313404083252,0.46454430371522903,0.46454430371522903,0.35546520724892616,0.2463861107826233,0.40672842289010686,0.5092548541724682,0.44813188662131626,0.5887546949088573,0.5661495737731457,0.6004391722381115,0.5939985128740469,0.592801671475172,0.578907967855533,0.5434830598533154,0.5224204870561758,0.5356483273208141,0.5521591318150362,0.5698944739997387,0.5412388456364473,0.5196596197783947,0.5388395401338736,0.5502346567809582,0.24473055203755698,0.06443559416269852,0.18029495787485844,0.33711838722229004,0.33711838722229004,0.28295987844467163,0.22880136966705322,0.24473055203755698,0.16827189922332764,0.1858553538719813,0.16049279272556305,0.15581658482551575,0.13868506252765656,0.13697369893391928,0.11174324154853821,0.11790964752435684,0.10330063849687576,0.10344030459721883,0.09877758473157883,0.08978925396998723,0.07996145635843277,0.06049855425953865,0.06079254671931267,0.058046404272317886,0.054970111697912216
1952804984,qslstm_log,extrapolation,near_best,2000231,62,3,59,59,2,0.2699676321653282,0.508781896656259,0.3462412720328706,0.5884226984344423,0.11299372810018286,0.3270081323571503,0.2779493561008441,0.5180246304341797,0.01259968694994005,0.00805335033398408,0.039855122566223145,0.25838136672973633,0.313628613948822,0.2543852627277374,0.32126766443252563,0.3270081323571503,0.4283279902301729,0.34891260089352727,0.4529834217391908,0.41684425715357065,0.45043532317504287,0.40681125565121573,0.4546379274688661,0.3944028401747346,0.4777804440818727,0.39654186212768155,0.5243422812782228,0.4497713331754009,0.5037040538154542,0.49219938383127254,0.5231334394775331,0.530745091692855,0.5309821791015565,0.23051688075065613,0.0636122910842552,0.16690458966640093,0.17863871157169342,0.2007126659154892,0.172684945166111,0.17137844860553741,0.23051688075065613,0.16167347133159637,0.19385874768098196,0.12984797358512878,0.1638107771674792,0.10453801602125168,0.1396226460735003,0.08355436474084854,0.12448478986819585,0.0699162483215332,0.10162939255436261,0.06098048761487007,0.09421387563149135,0.050282690674066544,0.06704647714893024,0.06255178153514862,0.056112851947546005,0.052903980016708374
1952804984,qslstm_log,extrapolation,near_best,2000232,62,3,59,59,2,0.15150914028537651,0.3776241137135413,0.2192205034455066,0.4682098925113678,0.05360842327933716,0.22741511464118958,0.15648714284500567,0.38526185942908464,0.01182162307076535,0.011116655336485969,0.049059897661209106,0.2289094179868698,0.18718978762626648,0.20863603055477142,0.16820725798606873,0.22741511464118958,0.24369746446609497,0.20272377133369446,0.2088983654975891,0.1784278949101766,0.17920643091201782,0.18940184513727823,0.2308076024055481,0.21188046534856161,0.27927571535110474,0.23351970314979553,0.32345348596572876,0.2564822236696879,0.3297407031059265,0.32631953557332355,0.3654339909553528,0.3575265606244405,0.3773462772369385,0.22355636209249496,0.045998636222744395,0.17755772586975058,0.2393464408814907,0.10649516433477402,0.17664794623851776,0.09109646081924438,0.22355636209249496,0.08196286112070084,0.16333643098672232,0.07633328437805176,0.14497945457696915,0.07595961540937424,0.10734627892573674,0.06406709551811218,0.0980015533665816,0.06043795868754387,0.07524961605668068,0.058319102972745895,0.0641193042198817,0.05195753276348114,0.05398456876476606,0.043675974011421204,0.044392419358094536,0.036653053015470505
1952804984,qslstm_log,extrapolation,near_best,2000233,62,3,59,58,3,0.2267801125310419,0.46542661961528564,0.25164095484614407,0.5016382709145546,0.12348554297892206,0.3217780217528343,0.23203237877945482,0.4727307856082916,0.00930343928008244,0.005737559153483464,0.05123267571131388,0.2397473156452179,0.1416548788547516,0.2557675540447235,0.15026089549064636,0.3217780217528343,0.5100476518273354,0.31185714652140933,0.5199637785553932,0.33126290887594223,0.5296746268868446,0.4035160094499588,0.5305856838822365,0.4022878756125768,0.5452449694275856,0.527925985554854,0.5431446209549904,0.5261566812793413,0.5110645070672035,0.5260109081864357,0.5152035132050514,0.5147174174586931,0.4994949474930763,0.10754490147034328,0.050112542648941785,0.05743235882140149,0.15406993279854456,0.08477839082479477,0.14485145608584085,0.09230750054121017,0.10754490147034328,0.06780611723661423,0.0922190931936105,0.06127651408314705,0.08992152909437816,0.05562290549278259,0.07124549522995949,0.05061139538884163,0.06464274475971858,0.04787332937121391,0.054226105411847435,0.04426080361008644,0.046909732123215996,0.04076483100652695,0.040417805314064026,0.03733625262975693,0.03625855470697085,0.034389425069093704
1952804984,qslstm_log,extrapolation,near_best,2000234,62,2,60,60,1,0.27241751571037154,0.5153776287071167,0.34128110282739854,0.58419269323349,0.028684102264524114,0.16932982206344604,0.28054196282523314,0.526912555595239,0.011683661739031475,0.011683661739031475,0.11969637870788574,,,0.17272299528121948,0.17272299528121948,0.16932982206344604,0.1659366488456726,0.23535072803497314,0.3047648072242737,0.3225119709968567,0.3402591347694397,0.3465636074542999,0.35286808013916016,0.3949563503265381,0.437044620513916,0.49013298749923706,0.49711447954177856,0.522822842001915,0.5273232161998749,0.48832347989082336,0.4878306984901428,0.5020327717065811,0.500056117773056,0.34812575578689575,0.07510972103724876,0.273016034749647,,,0.3748038709163666,0.3748038709163666,0.34812575578689575,0.3214476406574249,0.27145133167505264,0.22145502269268036,0.21986550092697144,0.2182759791612625,0.251651369035244,0.28502675890922546,0.22730537503957748,0.1695839911699295,0.10466957092285156,0.09235217422246933,0.08807884156703949,0.08143159747123718,0.06422115676105022,0.06080525740981102,0.04921896010637283,0.048236723989248276
1952804984,qslstm_log,extrapolation,near_best,2000235,62,3,59,59,2,0.12069800679365777,0.3368367221086256,0.16974618598306623,0.41200265288352966,0.08477552016238861,0.28863293925921124,0.12252457391050198,0.33928776191452803,0.01432178081092188,0.010899121562639872,0.09558975696563721,0.16146457195281982,0.16146457195281982,0.20838472247123718,0.16113883256912231,0.28863293925921124,0.3423222005367279,0.2623702983061473,0.3125753700733185,0.23260981837908426,0.32620808482170105,0.24267644683519998,0.3394891917705536,0.2586771349112193,0.32182255387306213,0.22888033588727316,0.36008045077323914,0.21788514653841654,0.39337632060050964,0.28709177176157635,0.3578142821788788,0.34859179457028705,0.3844636380672455,0.1983057955900828,0.05645841884158426,0.14184737674849854,0.055179398506879807,0.055179398506879807,0.18892103992402554,0.058128129690885544,0.1983057955900828,0.05371110141277313,0.14902357881267866,0.05617712810635567,0.12171691283583641,0.06098887696862221,0.1024700179696083,0.05766655504703522,0.09094970300793648,0.058241959661245346,0.07544098049402237,0.053912922739982605,0.06609634061654408,0.05131618678569794,0.056910780568917595,0.0588931106030941,0.05337331195672353,0.04421142116189003
1952804984,qslstm_log,extrapolation,near_best,2000236,62,2,60,60,1,0.04977619280124658,0.21241207613099006,0.027300816997510857,0.16522958874702454,0.05933676852066805,0.19651471078395844,0.049457506943932535,0.21294198830922445,0.016049521168073018,0.013058400579861231,0.012539565563201904,0.39355117082595825,0.39355117082595825,0.4573500156402588,0.4573500156402588,0.19651471078395844,0.05257466435432434,0.27243001759052277,0.09390607476234436,0.27214421331882477,0.13747504353523254,0.2803216725587845,0.16709217429161072,0.3300926834344864,0.202835351228714,0.17069116234779358,0.2474762499332428,0.2015267014503479,0.23596122860908508,0.2299032211303711,0.19810834527015686,0.22201180458068848,0.2172699272632599,0.26159340515732765,0.05268599422027667,0.20890741093705098,0.20298302173614502,0.20298302173614502,0.12242689728736877,0.12242689728736877,0.26159340515732765,0.10575399547815323,0.1784013994038105,0.08828599005937576,0.20508868247270584,0.0816228836774826,0.13634852319955826,0.0697140246629715,0.09451517835259438,0.06660345941781998,0.07313900627195835,0.05799202248454094,0.059301583096385,0.04888914152979851,0.05426601879298687,0.05533656105399132,0.04874875769019127,0.04137920215725899
1952804984,qslstm_log,extrapolation,near_best,2000237,62,2,60,60,1,0.18058041094650062,0.4235534192092957,0.20206661548945704,0.44951820373535156,0.13583503886484216,0.3683605492115021,0.18207192334922256,0.4253931815425555,0.014257278045018513,0.008422038384846278,0.054897308349609375,0.3078843951225281,0.3078843951225281,0.2687492370605469,0.2687492370605469,0.3683605492115021,0.38042473793029785,0.432707741856575,0.3609914183616638,0.4122914969921112,0.37959229946136475,0.35739272832870483,0.4069010615348816,0.33227747678756714,0.3958057165145874,0.37051793932914734,0.38004446029663086,0.41086748242378235,0.4148339033126831,0.41566216945648193,0.4395666718482971,0.43542811274528503,0.430910587310791,0.26745007932186127,0.05383920781314373,0.21361087150871755,0.23016130924224854,0.23016130924224854,0.18205124139785767,0.18205124139785767,0.26745007932186127,0.13602381944656372,0.18884465470910072,0.12470526248216629,0.19277182593941689,0.11619577556848526,0.16594910994172096,0.10173691064119339,0.12797512114048004,0.07389900088310242,0.09239290282130241,0.06008054316043854,0.07809112407267094,0.05444533750414848,0.049017686396837234,0.04337053373456001,0.04146307520568371,0.03819034621119499
1952804984,qslstm_log,extrapolation,near_best,2000238,62,6,56,56,5,0.2826372467639154,0.5202490860416044,0.3199938255215251,0.5656799674034119,0.09599743767845921,0.2905277560154597,0.3026343691659285,0.5448620856872627,0.012659137802464622,0.009950583943953881,0.05602824687957764,0.34024499356746674,0.4420508146286011,0.2811136066913605,0.24248868227005005,0.2905277560154597,0.4362141489982605,0.3364161302646001,0.46547365188598633,0.3286302735408147,0.480349600315094,0.38105887671311695,0.5040139555931091,0.4074913760026296,0.47177231311798096,0.428772896528244,0.4590115547180176,0.4337676018476486,0.4926784932613373,0.5014100670814514,0.5258644223213196,0.5179314861694971,0.5655076503753662,0.19710610806941986,0.09936263039708138,0.09774347767233849,0.17339674197137356,0.10775992274284363,0.18424783796072006,0.11461500078439713,0.19710610806941986,0.1362631469964981,0.1748138057688872,0.10500381141901016,0.1522319776316484,0.09569936245679855,0.13823513314127922,0.11624693870544434,0.12065460408727328,0.11981647461652756,0.11303137615323067,0.12027493119239807,0.10628218824664752,0.08742319792509079,0.1204998604953289,0.1442268043756485,0.10900611927111943,0.13574160635471344
1952804984,qslstm_log,extrapolation,near_best,2000239,62,1,61,60,1,0.21127071113923987,0.45490209950554755,0.23255382842780037,0.4822383522987366,0.11128825381299468,0.33359894156455994,0.2129097678167193,0.45689067586523585,0.014304875830809275,0.01081017093224959,0.04564383625984192,0.26541590690612793,0.26541590690612793,0.31765317916870117,0.31765317916870117,0.33359894156455994,0.33359894156455994,0.3745462894439697,0.3745462894439697,0.42077696323394775,0.42077696323394775,0.41955435276031494,0.41955435276031494,0.42054396867752075,0.42054396867752075,0.4580675959587097,0.4580675959587097,0.4386017322540283,0.4386017322540283,0.4376211166381836,0.4376211166381836,0.5029568076133728,0.5029568076133728,0.10445207357406616,0.07414869719841441,0.030303376375651753,0.18875296413898468,0.18875296413898468,0.13157498836517334,0.13157498836517334,0.10445207357406616,0.10445207357406616,0.10371343046426773,0.10371343046426773,0.0913601890206337,0.0913601890206337,0.09509480744600296,0.09509480744600296,0.10124675184488297,0.10124675184488297,0.09131089597940445,0.09131089597940445,0.0707029178738594,0.0707029178738594,0.0815594345331192,0.0815594345331192,0.07818327099084854,0.07818327099084854
1952804984,qslstm_log,extrapolation,near_best,2000240,62,3,59,59,2,0.1870754001396089,0.4281191114456423,0.2245038964237125,0.47381842136383057,0.09298111008956322,0.29822950561841327,0.19185985556588242,0.43472366767414544,0.011751981104834604,0.009979377009651878,0.08588802814483643,0.24687857925891876,0.2852606773376465,0.24536962807178497,0.3148888945579529,0.29822950561841327,0.3384703993797302,0.29845576484998065,0.3619123697280884,0.3340227007865906,0.36908578872680664,0.3576049208641052,0.4003213047981262,0.34676990906397503,0.41657865047454834,0.3889979322751363,0.45943760871887207,0.42448103427886963,0.4877786636352539,0.46384350458780926,0.44431424140930176,0.4370769262313843,0.41304123401641846,0.22554280112187067,0.07969660217226562,0.14584619894960504,0.22726988047361374,0.12536557018756866,0.17923618108034134,0.11051645874977112,0.22554280112187067,0.11726532131433487,0.1681236575047175,0.11314243078231812,0.1589310790101687,0.12123877555131912,0.13110438485940298,0.13952405750751495,0.12436449279387791,0.13046258687973022,0.11662496378024419,0.11137079447507858,0.11774709324042003,0.10153991729021072,0.09591129173835118,0.07482316344976425,0.06611361975471179,0.04858557507395744
1952804984,qslstm_log,extrapolation,near_best,2000241,62,3,59,58,3,0.03314170455209909,0.16976931306623644,0.015515861428472277,0.12456268072128296,0.10829486425399537,0.29574034611384076,0.029320357448612836,0.163364006301104,0.017429886193111026,0.014229316337435854,0.06612235307693481,0.13488630453745523,0.23835736513137817,0.27738789717356366,0.22800880670547485,0.29574034611384076,0.17464786767959595,0.21423534552256265,0.19818133115768433,0.22223695119222006,0.21645653247833252,0.22951589028040567,0.23053383827209473,0.24463248252868652,0.25723564624786377,0.21117079257965088,0.23085570335388184,0.2182817061742147,0.2402072548866272,0.23779213428497314,0.21080350875854492,0.20073415835698447,0.17718607187271118,0.16921580086151758,0.07973084087341518,0.0894849599881024,0.2237615908185641,0.10397320240736008,0.1775156408548355,0.08719885349273682,0.16921580086151758,0.07996322959661484,0.1622080778082212,0.09168822318315506,0.13104226191838583,0.10237691551446915,0.11171981443961461,0.10592519491910934,0.10244569430748622,0.0968228355050087,0.07919873297214508,0.07043411582708359,0.08592196305592854,0.06370075047016144,0.07501033569375674,0.06037743762135506,0.058066309740146003,0.06276161968708038
1952804984,qslstm_log,extrapolation,near_best,2000242,62,1,61,61,0,0.289681167872882,0.5361993216699169,0.2798964804097501,0.5290524363517761,0.0995281154072849,0.3154807686805725,0.2927984310280558,0.5398176586041685,0.011715095551287542,0.011715095551287542,,,,,,0.3154807686805725,0.3154807686805725,0.3616412878036499,0.3616412878036499,0.398398756980896,0.398398756980896,0.4754372835159302,0.4754372835159302,0.5060902237892151,0.5060902237892151,0.5833428502082825,0.5833428502082825,0.5241630673408508,0.5241630673408508,0.5452673435211182,0.5452673435211182,0.5152789950370789,0.5152789950370789,0.36142706871032715,0.12980671068195437,0.23162035802837277,,,,,0.36142706871032715,0.36142706871032715,0.2943245470523834,0.2943245470523834,0.2915795147418976,0.2915795147418976,0.19733281433582306,0.19733281433582306,0.21491213142871857,0.21491213142871857,0.16568465530872345,0.16568465530872345,0.17244507372379303,0.17244507372379303,0.1697121113538742,0.1697121113538742,0.16892866790294647,0.16892866790294647
1952804984,qslstm_log,extrapolation,near_best,2000243,62,4,58,58,3,0.2561878281069614,0.48553219245326135,0.33096931058992496,0.5752993226051331,0.10379280832986226,0.290502168238163,0.26669782947089926,0.4989825389508543,0.011304583015113041,0.005453731151337319,0.02534724275271098,0.2597401936848958,0.27642741799354553,0.24350272615750632,0.28497421741485596,0.290502168238163,0.5243332386016846,0.29680052399635315,0.543757826089859,0.3188185319304466,0.554489940404892,0.3211803138256073,0.5740447044372559,0.4080535098910332,0.5693243145942688,0.4737942963838577,0.557763010263443,0.4815414696931839,0.5447863936424255,0.47946593910455704,0.533887654542923,0.5400189459323883,0.5361084043979645,0.16050544381141663,0.05367176703594882,0.1068336767754678,0.11252554506063461,0.10328080505132675,0.10640813161929448,0.10052759200334549,0.16050544381141663,0.08355966210365295,0.14047191478312016,0.06418994069099426,0.11140387412160635,0.05455737188458443,0.10027239006012678,0.04456564411520958,0.10279107373207808,0.04462454095482826,0.06950220093131065,0.052243102341890335,0.06291950400918722,0.04444252327084541,0.057154200971126556,0.035451628267765045,0.0392720908857882,0.031118938699364662
1952804984,qslstm_log,extrapolation,near_best,2000244,62,1,61,60,1,0.21074473556355144,0.44986177788626763,0.24715202214089516,0.49714386463165283,0.19774303714802954,0.4446830749511719,0.21095787816052722,0.44994667465569543,0.010229970514774322,0.0077551366954014215,0.09642663598060608,0.07193875312805176,0.07193875312805176,0.053216367959976196,0.053216367959976196,0.4446830749511719,0.4446830749511719,0.47752952575683594,0.47752952575683594,0.4194478988647461,0.4194478988647461,0.37252599000930786,0.37252599000930786,0.3936554193496704,0.3936554193496704,0.401420533657074,0.401420533657074,0.4310053586959839,0.4310053586959839,0.439139723777771,0.439139723777771,0.4713032841682434,0.4713032841682434,0.17355728149414062,0.04924843124434596,0.12430885024979466,0.24429047107696533,0.24429047107696533,0.17202673852443695,0.17202673852443695,0.17355728149414062,0.17355728149414062,0.1258491575717926,0.1258491575717926,0.11135289072990417,0.11135289072990417,0.09678405523300171,0.09678405523300171,0.07848112285137177,0.07848112285137177,0.05935090780258179,0.05935090780258179,0.05264713242650032,0.05264713242650032,0.04443017765879631,0.04443017765879631,0.03709469363093376,0.03709469363093376
1952804984,qslstm_log,extrapolation,near_best,2000245,62,2,60,60,1,0.09254977720978017,0.2968716650239883,0.11443028845448655,0.3382754623889923,0.04919607703640638,0.19682954251766205,0.09399490054889263,0.3002064024408658,0.017838378250598908,0.016668133694550086,0.02999815344810486,0.2715463638305664,0.2715463638305664,0.3475683033466339,0.3475683033466339,0.19682954251766205,0.09458371996879578,0.21759946644306183,0.16365256905555725,0.22577783465385437,0.10398736596107483,0.07962939143180847,0.06467506289482117,0.15646910667419434,0.14928564429283142,0.160151869058609,0.25562867522239685,0.2501446306705475,0.29150184988975525,0.24130845069885254,0.22219309210777283,0.2572163939476013,0.2805710732936859,0.295129619538784,0.09105181011060874,0.20407780942817527,0.32368049025535583,0.32368049025535583,0.21363909542560577,0.21363909542560577,0.295129619538784,0.20842678844928741,0.258417584002018,0.19315467774868011,0.20685694366693497,0.20007479190826416,0.19359605014324188,0.17876531183719635,0.19010430574417114,0.18705393373966217,0.17259003967046738,0.1664147675037384,0.141287699341774,0.12576349079608917,0.08063649013638496,0.06111636757850647,0.062197184190154076,0.0655602365732193
1952804984,qslstm_log,extrapolation,near_best,2000246,62,1,61,60,1,0.2096863605498828,0.4445681920455348,0.29242723903775336,0.5407654196023941,0.09369594863378183,0.30609793961048126,0.21158784271244183,0.4468381961838144,0.013397233684857686,0.010020913822310311,0.053785741329193115,0.1532391905784607,0.1532391905784607,0.1932317614555359,0.1932317614555359,0.30609793961048126,0.30609793961048126,0.3089667707681656,0.3089667707681656,0.3206742852926254,0.3206742852926254,0.3670473247766495,0.3670473247766495,0.33510158956050873,0.33510158956050873,0.37249936163425446,0.37249936163425446,0.40162040293216705,0.40162040293216705,0.45292164385318756,0.45292164385318756,0.42682667076587677,0.42682667076587677,0.19093386828899384,0.08960385590058859,0.10133001238840525,0.21235455572605133,0.21235455572605133,0.19831442832946777,0.19831442832946777,0.19093386828899384,0.19093386828899384,0.1396433264017105,0.1396433264017105,0.11215575784444809,0.11215575784444809,0.10672072321176529,0.10672072321176529,0.09056320786476135,0.09056320786476135,0.10660888999700546,0.10660888999700546,0.10228949785232544,0.10228949785232544,0.06384557485580444,0.06384557485580444,0.04575793072581291,0.04575793072581291
1952804984,qslstm_log,extrapolation,near_best,2000247,62,2,60,59,2,0.27238527191948375,0.498429084977796,0.3283091729854357,0.5729826986789703,0.1862305134317782,0.4295189455151558,0.27525709720240726,0.5007260896265506,0.011148743710275424,0.006101164747686947,0.05218107998371124,0.1755017712712288,0.32527072727680206,0.16054027527570724,0.2930933088064194,0.4295189455151558,0.471280038356781,0.4300442412495613,0.5031622052192688,0.4204070642590523,0.5155434012413025,0.40993665903806686,0.5267800092697144,0.5042961537837982,0.5373122692108154,0.5231048464775085,0.5306662917137146,0.5469958931207657,0.5566795170307159,0.5546842664480209,0.5526890158653259,0.5554035305976868,0.5581180453300476,0.09588420391082764,0.05334220081567764,0.042542003095149994,0.10280833393335342,0.08127112686634064,0.09192883968353271,0.06926552206277847,0.09588420391082764,0.07341770082712173,0.08062202110886574,0.061777979135513306,0.07122723571956158,0.061183344572782516,0.06371821276843548,0.058170903474092484,0.0630804542452097,0.05274320766329765,0.05210059881210327,0.043017853051424026,0.04581206664443016,0.03888092562556267,0.037259433418512344,0.03563794121146202,0.034325771033763885,0.03301360085606575
1952804984,qslstm_log,extrapolation,near_best,2000248,62,1,61,60,1,0.3088815155810878,0.5474381567009033,0.3520463192858756,0.5933349132537842,0.25171148634416696,0.5017085671424866,0.30981872917513564,0.5481878221035004,0.010095630586147309,0.006586849689483643,0.09185361862182617,0.2490207552909851,0.2490207552909851,0.26640230417251587,0.26640230417251587,0.5017085671424866,0.5017085671424866,0.5389902591705322,0.5389902591705322,0.5304978787899017,0.5304978787899017,0.5533071160316467,0.5533071160316467,0.5110678374767303,0.5110678374767303,0.5118282437324524,0.5118282437324524,0.5366899371147156,0.5366899371147156,0.5515090227127075,0.5515090227127075,0.575671911239624,0.575671911239624,0.11362212151288986,0.048353876979624635,0.06526824453326523,0.18805694580078125,0.18805694580078125,0.1498761624097824,0.1498761624097824,0.11362212151288986,0.11362212151288986,0.08375081419944763,0.08375081419944763,0.07475877553224564,0.07475877553224564,0.06358682364225388,0.06358682364225388,0.06143059954047203,0.06143059954047203,0.05061696842312813,0.05061696842312813,0.044454168528318405,0.044454168528318405,0.037473782896995544,0.037473782896995544,0.03540794923901558,0.03540794923901558
1952804984,qslstm_log,extrapolation,near_best,2000249,62,1,61,60,1,0.19638394896464456,0.4365798331076099,0.22240610655945048,0.4715995192527771,0.09604376438057116,0.30990928411483765,0.19802887002339986,0.4386563994845406,0.014466021955013276,0.01212385953482935,0.10459145903587341,0.04207819700241089,0.04207819700241089,0.19473180174827576,0.19473180174827576,0.30990928411483765,0.30990928411483765,0.22137725353240967,0.22137725353240967,0.2963542342185974,0.2963542342185974,0.32351312041282654,0.32351312041282654,0.3745959997177124,0.3745959997177124,0.4390948414802551,0.4390948414802551,0.4647671580314636,0.4647671580314636,0.4124060571193695,0.4124060571193695,0.450225830078125,0.450225830078125,0.19691257178783417,0.11938870802033143,0.07752386376750274,0.4446135461330414,0.4446135461330414,0.2795222997665405,0.2795222997665405,0.19691257178783417,0.19691257178783417,0.19988395273685455,0.19988395273685455,0.17508505284786224,0.17508505284786224,0.19318550825119019,0.19318550825119019,0.18417485058307648,0.18417485058307648,0.1607573926448822,0.1607573926448822,0.1458781361579895,0.1458781361579895,0.12081214785575867,0.12081214785575867,0.13879473507404327,0.13879473507404327
