run_seed,model,split,case_type,sequence_id,n_metric_steps,n_events,n_nonevents,n_drift_steps,n_revision_steps,mse,mae,final_mse,final_mae,event_mse,event_mae,nonevent_mse,nonevent_mae,drift_nonevent,drift_post_best,revision_gain,event_abs_err_lag_m2,best_abs_err_lag_m2,event_abs_err_lag_m1,best_abs_err_lag_m1,event_abs_err_lag_0,best_abs_err_lag_0,event_abs_err_lag_1,best_abs_err_lag_1,event_abs_err_lag_2,best_abs_err_lag_2,event_abs_err_lag_3,best_abs_err_lag_3,event_abs_err_lag_4,best_abs_err_lag_4,event_abs_err_lag_6,best_abs_err_lag_6,event_abs_err_lag_8,best_abs_err_lag_8,event_abs_err_lag_12,best_abs_err_lag_12,event_abs_err_lag_16,best_abs_err_lag_16,alpha_event,alpha_nonevent,alpha_contrast,event_alpha_lag_m2,best_alpha_lag_m2,event_alpha_lag_m1,best_alpha_lag_m1,event_alpha_lag_0,best_alpha_lag_0,event_alpha_lag_1,best_alpha_lag_1,event_alpha_lag_2,best_alpha_lag_2,event_alpha_lag_3,best_alpha_lag_3,event_alpha_lag_4,best_alpha_lag_4,event_alpha_lag_6,best_alpha_lag_6,event_alpha_lag_8,best_alpha_lag_8,event_alpha_lag_12,best_alpha_lag_12,event_alpha_lag_16,best_alpha_lag_16
1992756749,qslstm_log,extrapolation,iid,2000000,62,3,59,59,2,0.01562254904907539,0.10963022853097608,0.00885928609841713,0.09412378072738647,0.03324427652425518,0.1606974999109904,0.014726529007964555,0.10703358761334823,0.012033442319449732,0.006425339728593826,0.009383350610733032,0.17486152052879333,0.26169419288635254,0.17029282450675964,0.25029367208480835,0.1606974999109904,0.16919606924057007,0.14721262454986572,0.1767546534538269,0.11575744549433391,0.17770469188690186,0.1316505471865336,0.17678552865982056,0.12047245105107625,0.17862677574157715,0.151412566502889,0.18722736835479736,0.13806593418121338,0.16833609342575073,0.12154954671859741,0.17086362838745117,0.12891395886739096,0.1480230689048767,0.24723127484321594,0.13937038574683464,0.10786088909638131,0.15549974143505096,0.13698922097682953,0.1043652631342411,0.09669668227434158,0.24723127484321594,0.17701496183872223,0.15833654006322226,0.10980524867773056,0.17330095916986465,0.10303901880979538,0.14969233920176825,0.14175193011760712,0.1534899373849233,0.11981264501810074,0.13381459936499596,0.0357184074819088,0.10934921478231747,0.15730707347393036,0.1712467223405838,0.17573440074920654,0.11064344768722852,0.1788564771413803
1992756749,qslstm_log,extrapolation,iid,2000001,62,3,59,58,3,0.11453369476553107,0.3053211378564517,0.12909586534892542,0.3592991307377815,0.08823013982382037,0.2735508354380727,0.1158711636608723,0.306936576962471,0.009956345989786345,0.0050540318091710406,0.044471929470698036,0.2787989745847881,0.12339115142822266,0.1885780639325579,0.12535759806632996,0.2735508354380727,0.3545571342110634,0.27708096026132506,0.36391789466142654,0.27126164951672155,0.3619086220860481,0.30482950527220964,0.3691110387444496,0.31248309928923845,0.36144382506608963,0.30653725781788427,0.3592991307377815,0.2597576449625194,,0.27552834851667285,,0.2782460520975292,,0.09474177161852519,0.1416117005618447,-0.0468699289433195,0.08204507268965244,0.05691872164607048,0.2086975798010826,0.053193047642707825,0.09474177161852519,0.01651586964726448,0.21382903556029,0.16304560005664825,0.12120596567789714,0.037635255604982376,0.15099992603063583,0.16588538885116577,0.15249632050593695,0.09433817118406296,0.15781526019175848,0.16281135380268097,0.1399816833436489,,0.17084717750549316,,0.07849897723644972,
1992756749,qslstm_log,extrapolation,iid,2000002,62,3,59,58,3,0.12975379503802287,0.3394969675329424,0.1371279904731202,0.37030796706676483,0.06797908547159189,0.1906988968451818,0.13289488196512952,0.3470629711272353,0.012290198227454877,0.006607458591461181,0.015067179997762045,0.0947087009747823,0.07077419757843018,0.0886886715888977,0.09356570243835449,0.1906988968451818,0.4401221126317978,0.3110409478346507,0.41611526906490326,0.29528461893399555,0.39304153621196747,0.2953727145989736,0.38902799785137177,0.2807295819123586,0.38238655030727386,0.405954306324323,0.39908061921596527,0.39494681855042774,0.39113764464855194,0.4132099797328313,0.4266270846128464,0.4244234810272853,0.4300272911787033,0.18445180356502533,0.13518591395626633,0.049265889608758995,0.16546568274497986,0.17899663746356964,0.1945918301741282,0.18049269914627075,0.18445180356502533,0.1427958607673645,0.16756337384382883,0.15565775334835052,0.11892322699228923,0.13157786428928375,0.15020802865425745,0.12323213368654251,0.14696143319209418,0.13865552842617035,0.1408648913105329,0.10078253597021103,0.10284823427597682,0.08901046961545944,0.11392916490634282,0.06664486229419708,0.09295703222354253,0.10640367865562439
1992756749,qslstm_log,extrapolation,iid,2000003,62,3,59,59,2,0.02245696093512485,0.14321647055687442,0.014570972546956718,0.12071028351783752,0.03192832229731627,0.14050409197807312,0.021975366289589696,0.14335438811172874,0.011189686039746818,0.006431915930339268,0.00995829701423645,0.16096171736717224,0.2344931960105896,0.13951033353805542,0.22035449743270874,0.14050409197807312,0.1461217701435089,0.1652150054772695,0.13697972893714905,0.1649016042550405,0.12962976098060608,0.1681171953678131,0.11424043774604797,0.15558713674545288,0.10242140293121338,0.1438615620136261,0.12114295363426208,0.14582565426826477,0.1296922266483307,0.15879241625467935,0.1303425133228302,0.16291679938634238,0.14248183369636536,0.22957336157560349,0.13682964564127437,0.09274371593432912,0.13052502647042274,0.08810620754957199,0.12398610636591911,0.10416700690984726,0.22957336157560349,0.09543854743242264,0.24095207452774048,0.1785900741815567,0.17246747513612112,0.09134142845869064,0.15163454413414001,0.1882949322462082,0.15536579489707947,0.10016113519668579,0.14512213319540024,0.170866921544075,0.13639173159996668,0.1320643424987793,0.14972891161839166,0.14008624851703644,0.11601148545742035,0.15128721296787262
1992756749,qslstm_log,extrapolation,iid,2000004,62,3,59,59,2,0.07232064608670702,0.25026616910772936,0.17357390159420394,0.41662201285362244,0.0724011802925489,0.24147028600176176,0.07231655112708794,0.2507134174012532,0.014565666348247205,0.00488680104414622,0.01512947678565979,0.30424396507442,0.195928692817688,0.3485903274267912,0.19180762767791748,0.24147028600176176,0.40935447812080383,0.3285319395363331,0.4110279977321625,0.3411628194153309,0.40598687529563904,0.36994055782755214,0.41430172324180603,0.2528168857097626,0.4094921052455902,0.26157912611961365,0.40786662697792053,0.25785178939501446,0.4150800406932831,0.2616969843705495,0.41662201285362244,0.185918927192688,,0.18070118129253387,0.1354495141718347,0.04525166712069917,0.14969579130411148,0.06698215007781982,0.1580245941877365,0.12598511576652527,0.18070118129253387,0.051239773631095886,0.23647859195868173,0.1685020923614502,0.18785976866881052,0.10978469252586365,0.11907073855400085,0.020962849259376526,0.1616660257180532,0.17226429283618927,0.1669098660349846,0.09027408808469772,0.1340990016857783,0.10659721493721008,0.11856920272111893,0.17167484760284424,0.1375972516834736,
1992756749,qslstm_log,extrapolation,iid,2000005,62,4,58,57,4,0.004519062415691831,0.058002310895150705,0.0029704139062127766,0.054501503705978394,0.004318611702174291,0.05610686540603638,0.004532886602830972,0.05813303127371032,0.012538553852784006,0.0075634790791405575,0.008209817111492157,0.10619550943374634,0.12889710068702698,0.084749236702919,0.12026321887969971,0.05610686540603638,0.03877747058868408,0.07010407745838165,0.024051427841186523,0.0763789713382721,0.04635468125343323,0.06526916474103928,0.059137552976608276,0.04030809551477432,0.06631049513816833,0.054748520255088806,0.05247381329536438,0.059539929032325745,0.03105953335762024,0.05905143916606903,0.06371226906776428,0.05303654819726944,0.042595863342285156,0.186997439712286,0.14720175974071026,0.03979567997157574,0.15893108304589987,0.06082899495959282,0.15725955367088318,0.1883748173713684,0.186997439712286,0.13091444969177246,0.15019227098673582,0.15516285598278046,0.16484033223241568,0.16186025738716125,0.1626957431435585,0.18725921213626862,0.15890732035040855,0.15056461095809937,0.1722697615623474,0.1361679583787918,0.10854626074433327,0.09070196002721786,0.10764543525874615,0.07135504484176636,0.12940953113138676,0.17548735439777374
1992756749,qslstm_log,extrapolation,iid,2000006,62,3,59,58,3,0.18089714336589996,0.4103633923636329,0.25626498504283607,0.5062262192368507,0.12565095488218206,0.3071226601799329,0.18370627159388558,0.41561292111873627,0.010962753460325044,0.0038659549676454985,0.015913228193918865,0.2830285628636678,0.3767174482345581,0.2753937443097432,0.37570834159851074,0.3071226601799329,0.5258086696267128,0.3171585723757744,0.5185200944542885,0.3762398883700371,0.517647959291935,0.37564406047264737,0.521616019308567,0.3658321624000867,0.511119581758976,0.368948332965374,0.5209434404969215,0.38272254914045334,0.5253204479813576,0.42184171328941983,0.5405984297394753,0.42897438257932663,0.5244807973504066,0.1458166465163231,0.14092936051093927,0.004887286005383823,0.13944485783576965,0.1179988756775856,0.1325087621808052,0.1617061048746109,0.1458166465163231,0.12601646780967712,0.11723066369692485,0.11090119928121567,0.14785673469305038,0.07887443155050278,0.16582868496576944,0.15467719733715057,0.1543738842010498,0.15318375825881958,0.16075228651364645,0.160404235124588,0.16553486386934915,0.15422025322914124,0.13257736712694168,0.11551370471715927,0.11015188445647557,0.08114521205425262
1992756749,qslstm_log,extrapolation,iid,2000007,62,6,56,56,5,0.012192258354561173,0.08126343306033842,0.0017269878886319034,0.04155704379081726,0.024084640503600003,0.1242429514726003,0.01091807455287844,0.07665848465902465,0.012388318244900023,0.004669442772865295,0.008125209808349609,0.1527778148651123,0.19652310013771057,0.1207375168800354,0.203083336353302,0.1242429514726003,0.06711086630821228,0.09395378828048706,0.06100216507911682,0.10993117094039917,0.05293580889701843,0.09327675402164459,0.0510706901550293,0.13336953024069467,0.04753696918487549,0.1404479444026947,0.05437752604484558,0.11725363632043202,0.03656584024429321,0.02834385136763255,0.04436340928077698,0.02211107313632965,0.04155704379081726,0.18179855992396673,0.1315787830390036,0.050219776884963124,0.1804436907172203,0.10711849480867386,0.1992962196469307,0.09195949882268906,0.18179855992396673,0.13222678005695343,0.19774904598792395,0.15701670944690704,0.1615115354458491,0.138851135969162,0.14909352672596773,0.12167643755674362,0.17461062098542848,0.16380663216114044,0.16030393168330193,0.0790446326136589,0.11844143581887086,0.13369782269001007,0.12014129633704822,0.15851256251335144,0.1254302728921175,0.14251257479190826
1992756749,qslstm_log,extrapolation,iid,2000008,62,3,59,59,2,0.10312637293226451,0.30477104023579626,0.03570655207509876,0.18896177411079407,0.06719354041523633,0.21174895763397217,0.10495346611109645,0.3095009766392789,0.01312702187037064,0.005224272608757019,0.05566823482513428,0.21721692383289337,0.38894975185394287,0.34788380563259125,0.3956928849220276,0.21174895763397217,0.1817404329776764,0.282566765944163,0.1733759343624115,0.3124580482641856,0.16495373845100403,0.32086485624313354,0.16054677963256836,0.309254656235377,0.1697903573513031,0.32536860307057697,0.16489651799201965,0.3220524589220683,0.1712711751461029,0.31217824419339496,0.18011286854743958,0.315240075190862,0.19610419869422913,0.2608035281300545,0.13340483650060023,0.12739869162945425,0.2593389302492142,0.09640255570411682,0.20607954263687134,0.16969716548919678,0.2608035281300545,0.10096841305494308,0.18815928945938745,0.09885139018297195,0.2030275414387385,0.1645745038986206,0.1544886901974678,0.09756626933813095,0.11837060749530792,0.08019047230482101,0.10569031536579132,0.0982317253947258,0.16149541238943735,0.1540951132774353,0.10795020187894504,0.08318009227514267,0.1480956350763639,0.10383055359125137
1992756749,qslstm_log,extrapolation,iid,2000009,62,5,57,56,5,0.05352177614901829,0.22386236392682599,0.05972254442952263,0.24438196420669556,0.04703254374535977,0.19772103428840637,0.054091007061619914,0.22615546301791542,0.014121483479227339,0.010071222172227017,0.028764140605926514,0.19486578553915024,0.3597866892814636,0.18752842545509338,0.37871694564819336,0.19772103428840637,0.20309078693389893,0.20694974064826965,0.21855521202087402,0.1926780879497528,0.2011880874633789,0.24766343235969543,0.18346893787384033,0.23823577165603638,0.19989025592803955,0.20748966932296753,0.1908971071243286,0.19090642929077148,0.22356140613555908,0.21304311752319335,0.20487523078918457,0.24995187520980836,0.24955213069915771,0.18398404270410537,0.14224122536548398,0.041742817338621396,0.19659333303570747,0.12953956425189972,0.1916925609111786,0.10503501445055008,0.18398404270410537,0.09706572443246841,0.1743155002593994,0.15899431705474854,0.17920717895030974,0.12270146608352661,0.14004437774419784,0.0965125560760498,0.14479299783706664,0.09454088658094406,0.1526408687233925,0.1709931641817093,0.15421659201383592,0.1201719343662262,0.1235778272151947,0.1314726620912552,0.11525997072458267,0.09686833620071411
1992756749,qslstm_log,extrapolation,iid,2000010,62,2,60,60,1,0.17447128584465887,0.4164788540332548,0.18218715089466286,0.4268338680267334,0.13008491336477768,0.3464706242084503,0.17595083159398825,0.41881246169408165,0.014795941611131033,0.011333005768912179,0.06499317288398743,0.4931289851665497,0.4931289851665497,0.4993639290332794,0.4993639290332794,0.3464706242084503,0.4466854929924011,0.39638128876686096,0.40756291151046753,0.39877378940582275,0.36326301097869873,0.44596870243549347,0.39880841970443726,0.43883003294467926,0.3782961368560791,0.3988363444805145,0.3901097774505615,0.4139227271080017,0.42903703451156616,0.3972674757242203,0.3838406205177307,0.4145652651786804,0.43519753217697144,0.3176366612315178,0.13649965667476258,0.18113700455675522,0.2913524806499481,0.2913524806499481,0.16485713422298431,0.16485713422298431,0.3176366612315178,0.19763822853565216,0.21570934355258942,0.15872615575790405,0.22559121996164322,0.16383002698421478,0.24636439979076385,0.2013763189315796,0.11275451816618443,0.06065190210938454,0.1544686034321785,0.15021105110645294,0.19249501824378967,0.18361371755599976,0.13222287222743034,0.17546682059764862,0.1451091654598713,0.1038990244269371
1992756749,qslstm_log,extrapolation,iid,2000011,62,4,58,57,4,0.03897501254819294,0.15916158379085601,0.06394789098920128,0.25287920236587524,0.042038570389943075,0.17569059133529663,0.038763732697037756,0.158021652236067,0.016269453784875702,0.006323337554931641,0.011210650205612183,0.19554424658417702,0.2670576572418213,0.21162720397114754,0.26249659061431885,0.17569059133529663,0.2445853352546692,0.1710129827260971,0.2448543906211853,0.1706261932849884,0.2533002495765686,0.17900414764881134,0.25747305154800415,0.18809953331947327,0.2645406126976013,0.1764939228693644,,0.18461651603380838,,0.1381344497203827,,0.13026008009910583,,0.15069144405424595,0.13698417654839054,0.013707267505855408,0.14319300092756748,0.08353450149297714,0.10099893249571323,0.054873839020729065,0.15069144405424595,0.16499491035938263,0.16230688616633415,0.16326838731765747,0.09709943691268563,0.022691922262310982,0.14870230481028557,0.1663312166929245,0.157351428642869,0.11410198360681534,0.07933271738390128,,0.0939476986726125,,0.16771455854177475,,0.15427030622959137,
1992756749,qslstm_log,extrapolation,iid,2000012,62,3,59,59,2,0.1220844234357412,0.3453252192947172,0.15530173443247808,0.3940834105014801,0.09882891723160327,0.3046700681249301,0.1232669068020533,0.3473924303711471,0.01138287631131835,0.008475603461265564,0.06552866101264954,0.23188884928822517,0.25913554430007935,0.2252875156700611,0.22234216332435608,0.3046700681249301,0.39345788955688477,0.2903862421711286,0.36860525608062744,0.32631399234135944,0.3759097754955292,0.28604474663734436,0.3579038977622986,0.2927018105983734,0.3764105439186096,0.2615831394990285,0.3358784317970276,0.2609860400358836,0.32631781697273254,0.35929644107818604,0.3513801693916321,0.3414299587408702,0.3528544306755066,0.2785839041074117,0.13733507238202175,0.14124883172538993,0.23557955026626587,0.10928058624267578,0.2846084013581276,0.20456714928150177,0.2785839041074117,0.17381972074508667,0.26105592648188275,0.14364749193191528,0.2184619903564453,0.20057420432567596,0.234145055214564,0.19442231953144073,0.19110983610153198,0.19329386949539185,0.2015708088874817,0.1876785159111023,0.17211215943098068,0.12001276761293411,0.140400064488252,0.0831303820014,0.11645005891720454,0.1348835825920105
1992756749,qslstm_log,extrapolation,iid,2000013,62,1,61,60,1,0.002131128154138224,0.03361687496785195,0.0005800922571133071,0.02408510446548462,0.00881733780624927,0.09390068054199219,0.0020215181598413215,0.03262861586007915,0.017147680123647053,0.012081505959494072,0.02413886785507202,0.11235973238945007,0.11235973238945007,0.16197556257247925,0.16197556257247925,0.09390068054199219,0.09390068054199219,0.06597870588302612,0.06597870588302612,0.039172470569610596,0.039172470569610596,0.027599453926086426,0.027599453926086426,0.000985860824584961,0.000985860824584961,0.019091904163360596,0.019091904163360596,0.04934251308441162,0.04934251308441162,0.019693970680236816,0.019693970680236816,0.037744879722595215,0.037744879722595215,0.19728054106235504,0.15080400922747908,0.04647653183487596,0.29097267985343933,0.29097267985343933,0.26662197709083557,0.26662197709083557,0.19728054106235504,0.19728054106235504,0.23118631541728973,0.23118631541728973,0.22888515889644623,0.22888515889644623,0.21000681817531586,0.21000681817531586,0.15278111398220062,0.15278111398220062,0.07289618253707886,0.07289618253707886,0.058459047228097916,0.058459047228097916,0.18565525114536285,0.18565525114536285,0.08003891259431839,0.08003891259431839
1992756749,qslstm_log,extrapolation,iid,2000014,62,1,61,61,0,0.11986812902075626,0.33820927960257374,0.14054293637997262,0.3748905658721924,0.002745303280025979,0.052395641803741455,0.12178817534437479,0.34289474907468576,0.013134500042336886,0.013134500042336886,,,,,,0.052395641803741455,0.052395641803741455,0.13131320476531982,0.13131320476531982,0.15139371156692505,0.15139371156692505,0.16854608058929443,0.16854608058929443,0.23298704624176025,0.23298704624176025,0.24995261430740356,0.24995261430740356,0.233631432056427,0.233631432056427,0.2876129746437073,0.2876129746437073,0.31587862968444824,0.31587862968444824,0.4237802028656006,0.1340438113166172,0.2897363915489834,,,,,0.4237802028656006,0.4237802028656006,0.35474833846092224,0.35474833846092224,0.24422802031040192,0.24422802031040192,0.21578365564346313,0.21578365564346313,0.20433808863162994,0.20433808863162994,0.14938433468341827,0.14938433468341827,0.07583954930305481,0.07583954930305481,0.1547626107931137,0.1547626107931137,0.08277318626642227,0.08277318626642227
1992756749,qslstm_log,extrapolation,iid,2000015,62,2,60,59,2,0.013600054445900482,0.0780654578439651,0.0005160891271458468,0.022717595100402832,0.04380757670617541,0.15314435958862305,0.012593137037224651,0.07556282778580983,0.01151902544296394,0.00457177133787246,0.011974707245826721,0.17744679749011993,0.20529037714004517,0.2006789892911911,0.23548150062561035,0.15314435958862305,0.010475575923919678,0.13932377099990845,0.0020151734352111816,0.13433554768562317,0.005450010299682617,0.12896132469177246,0.018858253955841064,0.1311573088169098,0.016936421394348145,0.1302759349346161,0.028095901012420654,0.11764705181121826,0.032580554485321045,0.02291068434715271,0.03534579277038574,0.024003654718399048,0.03107088804244995,0.10608700290322304,0.1304732749859492,-0.024386272082726174,0.13738890923559666,0.0539785660803318,0.17437073588371277,0.20097200572490692,0.10608700290322304,0.11306453496217728,0.09139126166701317,0.0723700150847435,0.1284361146390438,0.17351645231246948,0.14324114844202995,0.17303691804409027,0.07879679836332798,0.11481361836194992,0.15133290737867355,0.16093933582305908,0.14643217995762825,0.1771770715713501,0.14329523965716362,0.17352594435214996,0.10832744091749191,0.1018412634730339
1992756749,qslstm_log,extrapolation,iid,2000016,62,2,60,60,1,0.07523609297298509,0.2709279521819084,0.07440384006882628,0.2727706730365753,0.02271189190659939,0.11465930938720703,0.07698689967519794,0.27613690694173176,0.013984805842240652,0.005046920027843741,0.009482353925704956,0.29524677991867065,0.29524677991867065,0.3150973320007324,0.3150973320007324,0.11465930938720703,0.21246081590652466,0.18990732729434967,0.23507186770439148,0.23246030509471893,0.23724964261054993,0.21565933525562286,0.24262121319770813,0.25193265080451965,0.25970369577407837,0.2948175072669983,0.2678511142730713,0.27558085322380066,0.2803572118282318,0.2698167860507965,0.28116580843925476,0.2930510491132736,0.2908553183078766,0.27767765894532204,0.1272370764054358,0.15044058253988624,0.11515825241804123,0.11515825241804123,0.1787370890378952,0.1787370890378952,0.27767765894532204,0.12149728089570999,0.19606305286288261,0.08138804882764816,0.14047546684741974,0.060998186469078064,0.1488831229507923,0.031274355947971344,0.19539041817188263,0.1601875126361847,0.13728900626301765,0.1506800800561905,0.08080733567476273,0.09097198396921158,0.14057164266705513,0.1108502522110939,0.07943647727370262,0.043714702129364014
1992756749,qslstm_log,extrapolation,iid,2000017,62,1,61,60,1,0.04022247149080261,0.18455603382279795,0.071839690947062,0.26802927255630493,0.08429680012058327,0.2903391122817993,0.03949994151326522,0.1828218849956012,0.012390922506650288,0.004372745752334595,0.005218505859375,0.08564803004264832,0.08564803004264832,0.09628021717071533,0.09628021717071533,0.2903391122817993,0.2903391122817993,0.2997211217880249,0.2997211217880249,0.3041972517967224,0.3041972517967224,0.3029744029045105,0.3029744029045105,0.2971678674221039,0.2971678674221039,0.28894805908203125,0.28894805908203125,0.2954355478286743,0.2954355478286743,0.287773996591568,0.287773996591568,0.2758241295814514,0.2758241295814514,0.12137249857187271,0.1462017728290597,-0.02482927425718698,0.16313646733760834,0.16313646733760834,0.16742540895938873,0.16742540895938873,0.12137249857187271,0.12137249857187271,0.10066086053848267,0.10066086053848267,0.03684316202998161,0.03684316202998161,0.174424409866333,0.174424409866333,0.1772780418395996,0.1772780418395996,0.14395372569561005,0.14395372569561005,0.08233936131000519,0.08233936131000519,0.11102309823036194,0.11102309823036194,0.09366527199745178,0.09366527199745178
1992756749,qslstm_log,extrapolation,iid,2000018,62,5,57,56,5,0.1258133358545286,0.3149996594555916,0.03757525004425588,0.19384336471557617,0.07275123788969405,0.22423867732286454,0.1304679058514439,0.32296114911635715,0.012466787759746824,0.004832078516483307,0.02954549193382263,0.17552742548286915,0.43982378393411636,0.14661522060632706,0.44716278463602066,0.22423867732286454,0.18161049485206604,0.22154391556978226,0.18835005164146423,0.21954655796289443,0.19145622849464417,0.19396554976701735,0.19576925039291382,0.2952268749475479,0.19019654393196106,0.3029539674520493,0.1859849989414215,0.3689770266413689,0.18999716639518738,0.45208351612091063,0.19977092742919922,0.43599221110343933,0.19363871216773987,0.19289307445287704,0.14759084412403273,0.04530223032884431,0.20052802190184593,0.099945068359375,0.2248323455452919,0.10082992911338806,0.19289307445287704,0.07626401633024216,0.22703669965267181,0.1861046701669693,0.1568501517176628,0.0828227549791336,0.18605720549821853,0.15708008408546448,0.1774922102689743,0.1849571317434311,0.14790885150432587,0.11766993254423141,0.1513568267226219,0.1415516585111618,0.1311974287033081,0.15894775092601776,0.15971240848302842,0.170069620013237
1992756749,qslstm_log,extrapolation,iid,2000019,62,5,57,56,5,0.13488516450908325,0.3552375406988205,0.041031124124914164,0.2025614082813263,0.06751859066864956,0.2475963294506073,0.14079451309157745,0.3646797522118217,0.01135852187871933,0.0002664923667907715,0.03911821842193604,0.3177865147590637,0.41645103693008423,0.28947083950042723,0.4069264531135559,0.2475963294506073,0.20229491591453552,0.23779790997505187,0.2025614082813263,0.25242362916469574,,0.26044072210788727,,0.2578979730606079,,0.3016725927591324,,0.3202545642852783,,0.3530307859182358,,0.3755602091550827,,0.17238915115594863,0.13703860231397444,0.035350548841974194,0.20606770552694798,0.10640784353017807,0.1915200412273407,0.08456046134233475,0.17238915115594863,0.14387255907058716,0.20116082727909088,0.155578151345253,0.1942502874881029,,0.12873081862926483,,0.168296093121171,,0.11933587677776814,,0.1556771844625473,,0.1004579858854413,,0.07607560604810715,
1992756749,qslstm_log,extrapolation,iid,2000020,62,3,59,59,2,0.12040569569111796,0.34042792599047383,0.16030496810458672,0.40038102865219116,0.07332158515310432,0.22945200403531393,0.12279980300661018,0.34607076947971926,0.011313487917689954,0.008694239096208051,0.09028282761573792,0.3552391231060028,0.3552391231060028,0.20806019008159637,0.3676505982875824,0.22945200403531393,0.2396678328514099,0.36393853028615314,0.2254178524017334,0.3778678774833679,0.2343449592590332,0.3386252522468567,0.22755730152130127,0.311855951944987,0.21267813444137573,0.23904881874720255,0.25206077098846436,0.25896082321802777,0.3149802088737488,0.2712854743003845,0.2790861129760742,0.3009519577026367,0.3191453814506531,0.27038231243689853,0.13862560364275667,0.13175670879414186,0.2497711330652237,0.2497711330652237,0.2904003635048866,0.16929440200328827,0.27038231243689853,0.09672587364912033,0.26863060891628265,0.19353123009204865,0.22267147153615952,0.09171203523874283,0.23915481070677438,0.20083677768707275,0.2040413369735082,0.19305847585201263,0.13912382473548254,0.12711437046527863,0.15255671987930933,0.16512134671211243,0.16145207484563193,0.18080906569957733,0.11763839547832806,0.16036637127399445
1992756749,qslstm_log,extrapolation,iid,2000021,62,3,59,59,2,0.12291697606932842,0.35008806182492164,0.12869456003594681,0.3587402403354645,0.10414223666444904,0.31970497965812683,0.12387162383567821,0.351632964307979,0.010737297898631985,0.007085287800202003,0.08522745966911316,0.3686615824699402,0.3686615824699402,0.3333333432674408,0.3497014045715332,0.31970497965812683,0.3748411238193512,0.32865063349405926,0.3610977530479431,0.36235782504081726,0.3228447735309601,0.36634527643521625,0.337595134973526,0.3567238350709279,0.35615673661231995,0.36530470848083496,0.33814024925231934,0.35398292541503906,0.3374062478542328,0.3450576961040497,0.3414212167263031,0.3403017818927765,0.33369430899620056,0.3162151724100113,0.1340564602386143,0.18215871217139698,0.21483074128627777,0.21483074128627777,0.3118360713124275,0.15690256655216217,0.3162151724100113,0.1552317887544632,0.2495639572540919,0.1610109657049179,0.22377771139144897,0.2292432337999344,0.18261103332042694,0.13245855271816254,0.18063717087109885,0.11449742317199707,0.17347194254398346,0.14857618510723114,0.1310453787446022,0.08100178092718124,0.13398646314938864,0.1550034135580063,0.1013712187608083,0.12052402645349503
1992756749,qslstm_log,extrapolation,iid,2000022,62,5,57,56,5,0.09447980921402006,0.2835120383439766,0.04649743857122335,0.21563264727592468,0.059893475904302884,0.2240884879603982,0.09751369810083738,0.288724630482887,0.012769560728754317,0.006538864970207214,0.02647746205329895,0.276609678985551,0.4049918185919523,0.242291141487658,0.4063918720930815,0.2240884879603982,0.19667941331863403,0.21462977919727563,0.20925122499465942,0.2428818980231881,0.20683491230010986,0.2345941701903939,0.21246671676635742,0.25364605579525235,0.20881357789039612,0.2370304146781564,0.20346501469612122,0.20424002669751645,0.21896186470985413,0.22289882181212306,,0.25065118400380015,,0.19256988614797593,0.1362372175055115,0.056332668642464445,0.16062325425446033,0.17167973518371582,0.16622240990400314,0.13387027382850647,0.19256988614797593,0.11959638446569443,0.14200670272111893,0.11393717676401138,0.15271899253129959,0.06428993493318558,0.1592535898089409,0.16678176820278168,0.14795881025493146,0.15016552805900574,0.10943215936422349,0.07303968816995621,0.11531290709972382,0.12353496998548508,0.1450132643803954,,0.12186111882328987,
1992756749,qslstm_log,extrapolation,iid,2000023,62,3,59,58,3,0.09326756465270937,0.29090176138185686,0.07483263729390988,0.27355554699897766,0.08688647661445496,0.2379683256149292,0.09359202675634942,0.2935932920140735,0.01124558726261402,0.009317083741134068,0.045303563276926674,0.07666614651679993,0.053990721702575684,0.13601173957188925,0.03316676616668701,0.2379683256149292,0.4297320246696472,0.1403351624806722,0.40272682905197144,0.1619412104288737,0.37606531381607056,0.18713329235712686,0.39839816093444824,0.17048809925715128,0.394597589969635,0.28462350368499756,0.39097172021865845,0.3775572180747986,0.35387951135635376,0.3801526625951131,0.3391013741493225,0.3445033033688863,0.31378042697906494,0.2222831298907598,0.13640898324044073,0.08587414665031906,0.269535668194294,0.15549860894680023,0.2778035451968511,0.16494221985340118,0.2222831298907598,0.14239272475242615,0.21132275958855948,0.1494721621274948,0.19703369836012521,0.16080336272716522,0.20859194298585257,0.19423413276672363,0.19534475604693094,0.18435655534267426,0.16068033377329508,0.17470605671405792,0.16190249721209207,0.1754319667816162,0.16811853150526682,0.17813114821910858,0.08427410200238228,0.045435111969709396
1992756749,qslstm_log,extrapolation,iid,2000024,62,3,59,58,3,0.12604676214593763,0.34157504261501376,0.14539980558447851,0.3813132643699646,0.07290557221912979,0.21509367724259695,0.12874885654899565,0.3480062984814078,0.012713035118990931,0.00755350649356842,0.02108807365099589,0.1920353571573893,0.22537510097026825,0.1580956975618998,0.2102164477109909,0.21509367724259695,0.4096556007862091,0.21857317785422006,0.3983766734600067,0.31813199321428937,0.4259352684020996,0.3238721390565236,0.41652819514274597,0.3439657787481944,0.40071746706962585,0.33211728433767956,0.37025928497314453,0.3761253257592519,0.3484610915184021,0.37536920110384625,0.36484038829803467,0.37192238370577496,0.39329424500465393,0.22707820435365042,0.13609278156280014,0.09098542279085028,0.21580956627925238,0.2323477417230606,0.17132632931073508,0.16343092918395996,0.22707820435365042,0.15131160616874695,0.15531214823325476,0.11447692662477493,0.15134787559509277,0.1334218829870224,0.14690339813629785,0.19240523874759674,0.12377932171026866,0.11717335134744644,0.17985589553912482,0.19004659354686737,0.16181336839993796,0.14408190548419952,0.1284125472108523,0.1787511110305786,0.15404226879278818,0.1368536800146103
1992756749,qslstm_log,extrapolation,iid,2000025,62,2,60,59,2,0.0730025322905589,0.26366569101810455,0.06617336688636044,0.2572418451309204,0.05097258847036068,0.18779189884662628,0.07373686375123217,0.2661948174238205,0.011827947729724949,0.00937617150220004,0.03285694122314453,0.12750473618507385,0.048221468925476074,0.1098715215921402,0.04395011067390442,0.18779189884662628,0.3131186366081238,0.2171783298254013,0.30556681752204895,0.19126862287521362,0.33431577682495117,0.20391865074634552,0.3638871908187866,0.32073721289634705,0.3283557891845703,0.3297198414802551,0.3251239061355591,0.3196469098329544,0.3109380304813385,0.30535008013248444,0.29976212978363037,0.29939016699790955,0.2990182042121887,0.22938483953475952,0.14043470143030087,0.08895013810445865,0.2821819558739662,0.16831563413143158,0.24178288131952286,0.13612623512744904,0.22938483953475952,0.23151938617229462,0.21023934334516525,0.16542471945285797,0.1862567588686943,0.20419788360595703,0.14787399768829346,0.15962176024913788,0.17378640919923782,0.11605343222618103,0.14704129472374916,0.08988470584154129,0.14901068061590195,0.18196792900562286,0.1274581253528595,0.07294832170009613,0.08120090141892433,0.08945348113775253
1992756749,qslstm_log,extrapolation,iid,2000026,62,3,59,58,3,0.09457111796787386,0.25403275268693126,0.008163456761267618,0.09035184979438782,0.0579230618674386,0.17796562115351358,0.09643457844755701,0.25790057293439317,0.012504754395320498,0.005492482115240658,0.010088672240575155,0.18577635288238525,0.45231151580810547,0.18820472558339438,0.4624672830104828,0.17796562115351358,0.0773116946220398,0.17396696408589682,0.07443839311599731,0.29450127482414246,0.07189613580703735,0.2937157154083252,0.08141756057739258,0.29471202691396076,0.08108758926391602,0.2915591597557068,0.0873042643070221,0.28301286697387695,0.07964947819709778,0.3086620271205902,0.08448535203933716,0.32376248637835187,0.0910523533821106,0.11537951976060867,0.143990436663567,-0.028610916902958333,0.1264129877090454,0.09161993116140366,0.13041307652990022,0.03936699405312538,0.11537951976060867,0.11121419072151184,0.19057907164096832,0.16387644410133362,0.11410117149353027,0.17112553119659424,0.15221854796012244,0.14746063947677612,0.13203552613655725,0.13252763450145721,0.16498095293839773,0.16900308430194855,0.17395983636379242,0.16581058502197266,0.10170130183299382,0.08050165325403214,0.10590401788552602,0.16911262273788452
1992756749,qslstm_log,extrapolation,iid,2000027,62,3,59,58,3,0.14023878145643867,0.35918683354412356,0.18382644826697098,0.4287498667836189,0.0904943299441514,0.2813410225013892,0.14276816034689394,0.36314509512256765,0.014385709988659826,0.010618366003036499,0.03740677237510681,0.14969065164526305,0.3596298210322857,0.1545796332259973,0.3459491841495037,0.2813410225013892,0.3241617754101753,0.2583322487771511,0.3498266711831093,0.2647494537134965,0.34798652678728104,0.27096180741985637,0.3905263915657997,0.3604632702966531,0.37224889546632767,0.36026575043797493,0.37318090349435806,0.36857973287502926,0.40932852774858475,0.3976257120569547,0.4112997129559517,0.4057100887099902,0.3965020254254341,0.21361636618773142,0.1457788278743372,0.0678375383133942,0.21801023930311203,0.20677883923053741,0.2127065509557724,0.1206301748752594,0.21361636618773142,0.20127855241298676,0.22515690326690674,0.19218619167804718,0.16548421730597815,0.16866929829120636,0.14930077145497003,0.11557359248399734,0.18937350809574127,0.1502089500427246,0.18961385389169058,0.19339342415332794,0.14431046694517136,0.0814438983798027,0.12171687434117,0.13349777460098267,0.11152266959349315,0.11962633579969406
1992756749,qslstm_log,extrapolation,iid,2000028,62,3,59,58,3,0.12532823783420502,0.34331211760159464,0.05692787689735557,0.2385956346988678,0.1413050208000615,0.35733216628432274,0.12451585903933096,0.34259923377026946,0.014139733951667259,,0.025553027788798015,0.31967736904819805,0.31242260336875916,0.30644070729613304,0.314205527305603,0.35733216628432274,0.2385956346988678,0.3913541082292795,,0.38129244185984135,,0.38206414319574833,,0.40883378125727177,,0.37854702211916447,,0.36161271668970585,,0.36654832400381565,,0.37142745591700077,,0.16153646757205328,0.14300874083981677,0.018527726732236516,0.14794159680604935,0.16805876791477203,0.1510052482287089,0.13711480796337128,0.16153646757205328,0.09177551418542862,0.2050323560833931,,0.1673004850745201,,0.15734481811523438,,0.08807682245969772,,0.16366203129291534,,0.1862824261188507,,0.0748372096568346,,0.11061763763427734,
1992756749,qslstm_log,extrapolation,iid,2000029,62,3,59,59,2,0.10602764057863899,0.320483194724206,0.10694737539168742,0.3270280957221985,0.119010374196782,0.3101981282234192,0.10536750158110629,0.32100616420729683,0.010734494459831108,0.006115558100681679,0.05146345496177673,0.2727615237236023,0.2727615237236023,0.37742501497268677,0.26443684101104736,0.3101981282234192,0.31920236349105835,0.21383293469746908,0.3566904067993164,0.2098476986090342,0.35916954278945923,0.2017093002796173,0.34369707107543945,0.24284160137176514,0.3422812223434448,0.3096229036649068,0.3447134494781494,0.30436497926712036,0.3758965730667114,0.3485904335975647,0.3429046869277954,0.3497377832730611,0.35338079929351807,0.27523478865623474,0.1346441480820462,0.14059064057418855,0.18501675128936768,0.18501675128936768,0.28209859877824783,0.14038322865962982,0.27523478865623474,0.10907509922981262,0.22685498495896658,0.1396765410900116,0.19668840616941452,0.11705649644136429,0.20482495923837027,0.138727068901062,0.18699451039234796,0.20898325741291046,0.17631084968646368,0.09415409713983536,0.17623058458169302,0.20329177379608154,0.1458591396609942,0.18179385364055634,0.094233733912309,0.060657188296318054
1992756749,qslstm_log,extrapolation,iid,2000030,62,1,61,61,0,0.006214229742786042,0.06418704457821385,0.001527024648012798,0.039077162742614746,0.052741103081643814,0.22965431213378906,0.005451494114280177,0.06147446642156507,0.013809293019967,0.013809293019967,,,,,,0.22965431213378906,0.22965431213378906,0.2796948552131653,0.2796948552131653,0.16487383842468262,0.16487383842468262,0.10911661386489868,0.10911661386489868,0.05673563480377197,0.05673563480377197,0.10985064506530762,0.10985064506530762,0.09063351154327393,0.09063351154327393,0.07797002792358398,0.07797002792358398,0.09701919555664062,0.09701919555664062,0.4571598470211029,0.13770661316812038,0.3194532338529825,,,,,0.4571598470211029,0.4571598470211029,0.3282139301300049,0.3282139301300049,0.24109400808811188,0.24109400808811188,0.28808924555778503,0.28808924555778503,0.2315218448638916,0.2315218448638916,0.17225539684295654,0.17225539684295654,0.22039605677127838,0.22039605677127838,0.18658725917339325,0.18658725917339325,0.181166872382164,0.181166872382164
1992756749,qslstm_log,extrapolation,iid,2000031,62,6,56,56,5,0.09835408406267136,0.2937457542265615,0.14800229924061625,0.3847106695175171,0.05720782517552969,0.21997142831484476,0.1027626118005794,0.30165014628853115,0.011885961783783776,0.005607475837071736,0.034754437208175656,0.2349582090973854,0.2067163586616516,0.21912906765937806,0.20990383625030518,0.21997142831484476,0.34443068504333496,0.20613015194733939,0.35471397638320923,0.1997751146554947,0.3567013144493103,0.2308970938126246,0.3667026162147522,0.23842841386795044,0.3712765872478485,0.25768965979417163,0.3525734543800354,0.29646644989649457,0.37214189767837524,0.33717342217763263,0.38952118158340454,0.3629840264717738,0.3866778612136841,0.225941843042771,0.13153886861566985,0.09440297442710116,0.1509604575112462,0.05254429951310158,0.18843649625778197,0.14852041006088257,0.225941843042771,0.16984403133392334,0.15186073568960032,0.11714939028024673,0.16989198451240858,0.12050754576921463,0.18502972275018692,0.17428536713123322,0.15666337062915167,0.10190104693174362,0.16358591367801031,0.1476544737815857,0.14652922873695692,0.1082410216331482,0.12262663493553798,0.13353948295116425,0.13250210136175156,0.14571544528007507
1992756749,qslstm_log,extrapolation,iid,2000032,62,5,57,57,4,0.03762024039067955,0.1608063230110753,0.012994700515807978,0.113994300365448,0.0640956175131699,0.22109638154506683,0.03529783888870672,0.15551772138528658,0.008051360908307527,0.004429274591906318,0.04491207003593445,0.2689407467842102,0.12318038940429688,0.27117175981402397,0.1342807412147522,0.22109638154506683,0.13399094343185425,0.17305417060852052,0.1292628049850464,0.18561960458755494,0.12357217073440552,0.2011159896850586,0.1281200647354126,0.2044671058654785,0.1328747272491455,0.20664411783218384,0.12902617454528809,0.18937708139419557,0.11957627534866333,0.1993221640586853,0.10472500324249268,0.0953892707824707,0.10350066423416138,0.23701798245310784,0.1294704698549028,0.10754751259820505,0.14919830362002054,0.15582318603992462,0.2052437011152506,0.0904427096247673,0.23701798245310784,0.05105109140276909,0.23180115222930908,0.17578953504562378,0.19185864180326462,0.1055416688323021,0.1373337671160698,0.07591317594051361,0.13839474618434905,0.14463813602924347,0.12543804794549943,0.10189983248710632,0.12181195616722107,0.045117586851119995,0.12746618539094925,0.12126842141151428,0.1264210343360901,0.07550641149282455
1992756749,qslstm_log,extrapolation,iid,2000033,62,6,56,56,5,0.049265697805098006,0.18595594768562623,0.02513301665744283,0.1585339605808258,0.054350910415875954,0.19690495977799097,0.04872085359680036,0.1847828392471586,0.016072056123188565,0.006117284297943115,0.008358967304229737,0.21870189011096955,0.08636212348937988,0.20524221360683442,0.08935683965682983,0.19690495977799097,0.17420390248298645,0.2218808258573214,0.16986921429634094,0.2271225725611051,0.16277649998664856,0.21224665890137354,0.1705327332019806,0.21791898955901465,0.158753901720047,0.13441474239031473,0.1401202380657196,0.13847558200359344,0.15327188372612,0.1382636328538259,0.1780121624469757,0.12537742157777151,0.18001523613929749,0.19768154372771582,0.12796254382867897,0.06971899989903685,0.09742147624492645,0.07030321657657623,0.12074750289320946,0.06081654503941536,0.19768154372771582,0.10550195723772049,0.15125057473778725,0.0896579697728157,0.1637788067261378,0.15798689424991608,0.12263607978820801,0.1317036747932434,0.11583313035468261,0.17320948839187622,0.12754830966393152,0.10662306100130081,0.10715285440286,0.03183818981051445,0.11509213348229726,0.09779074043035507,0.11446092774470647,0.16045625507831573
1992756749,qslstm_log,extrapolation,iid,2000034,62,3,59,59,2,0.13209193640055902,0.3160973729625825,0.23427525793576487,0.4840198941528797,0.1395655867774274,0.32771700993180275,0.1317119202797013,0.31550654396414757,0.011965927431138895,0.003021606377192906,0.013487428426742554,0.21463310346007347,0.4094597026705742,0.21166789159178734,0.40479516237974167,0.32771700993180275,0.49326785281300545,0.3380731480817,0.4924766607582569,0.3411695100367069,0.49558253958821297,0.31416545684138936,0.4902184195816517,0.3040704367061456,0.4880668707191944,0.31928033009171486,0.4833911247551441,0.23449840769171715,,0.21649238094687462,,0.22361206635832787,,0.22727827976147333,0.13490714287480055,0.09237113688667278,0.11258743144571781,0.04619308188557625,0.14231624826788902,0.1616210639476776,0.22727827976147333,0.10359635949134827,0.17809370905160904,0.10627615451812744,0.11905842274427414,0.07613625377416611,0.1502116695046425,0.0685257539153099,0.15907914439837137,0.060250550508499146,0.11355159742136796,0.02611503191292286,0.16057683899998665,,0.1680670604109764,,0.1321536749601364,
1992756749,qslstm_log,extrapolation,iid,2000035,62,3,59,58,3,0.02143814311305163,0.11197387186750289,0.10462723774853999,0.3234613388776779,0.04643649708322495,0.19585897028446198,0.020167040368805532,0.10770852788019988,0.014575863706654516,0.0070634931325912476,0.030105600754419964,0.14527121682961783,0.07068344950675964,0.14026544988155365,0.07499399781227112,0.19585897028446198,0.29682551324367523,0.21255519489447275,0.31531064212322235,0.17872042953968048,0.3201981335878372,0.14954578379789987,0.3078334778547287,0.1392861952384313,0.3224865645170212,0.13827958206335703,0.3209988623857498,0.11955258746941884,0.3234613388776779,0.04329897463321686,,0.07282327115535736,,0.24232551952203116,0.14524246452344677,0.09708305499858438,0.21954617400964102,0.12376701831817627,0.25203263759613037,0.16862966120243073,0.24232551952203116,0.1713712364435196,0.14830505351225534,0.06927527487277985,0.19694501161575317,0.1466016322374344,0.2054318735996882,0.1551847606897354,0.1596363509694735,0.06666817516088486,0.17573193709055582,0.16946546733379364,0.12104757130146027,0.07936789840459824,0.13951663300395012,,0.13244489580392838,
1992756749,qslstm_log,extrapolation,iid,2000036,62,5,57,56,5,0.048210483322103155,0.12371011655176839,3.279776707643123e-05,0.005726933479309082,0.09346298438162699,0.2352701362222433,0.04424096568530282,0.11392414991400744,0.012627175343888146,0.007107956541909112,0.025393182039260866,0.21713427565991877,0.001211404800415039,0.2500581081956625,0.2418074756860733,0.2352701362222433,0.0024767518043518066,0.19817904494702815,0.004492372274398804,0.19051884673535824,0.010578006505966187,0.11917212195694446,0.008369475603103638,0.1173633236438036,0.001883178949356079,0.14525229819118976,0.004744589328765869,0.09112139530479908,0.003470510244369507,0.09572919681668282,0.008095085620880127,0.013667535781860352,0.0025440454483032227,0.16762169301509858,0.1307765077472779,0.036845185267820685,0.1340455651283264,0.06425764411687851,0.16431667357683183,0.16807301342487335,0.16762169301509858,0.0997920036315918,0.09798472225666047,0.08268041908740997,0.09311075173318387,0.06648434698581696,0.1453087568283081,0.13936516642570496,0.11641246229410171,0.10480891913175583,0.14672111868858337,0.1129567101597786,0.13103710860013962,0.1380515992641449,0.1052440769970417,0.1552925556898117,0.11507000550627708,0.15820033848285675
1992756749,qslstm_log,extrapolation,iid,2000037,62,2,60,59,2,0.1490521388322694,0.38236753426251874,0.13403619168972924,0.36610953509807587,0.16437011910025412,0.4052286222577095,0.14854153949000323,0.38160549799601234,0.00891767265432972,0.007971991543416624,0.10237342119216919,0.44578975439071655,0.44578975439071655,0.23378875851631165,0.4573183059692383,0.4052286222577095,0.4178730994462967,0.4036945775151253,0.4189818650484085,0.4075535163283348,0.41571585834026337,0.401199035346508,0.41429053246974945,0.4444064274430275,0.44302310049533844,0.4209345430135727,0.4239959865808487,0.41886569559574127,0.4220155328512192,0.4210093915462494,0.4180227965116501,0.4043643921613693,0.3853638917207718,0.1477864794433117,0.14412620042761168,0.003660279015700013,0.14020094275474548,0.14020094275474548,0.3084845170378685,0.1440345197916031,0.1477864794433117,0.10773614794015884,0.2382558211684227,0.20842330157756805,0.23051846027374268,0.1927013397216797,0.1644611433148384,0.1509028971195221,0.14548633247613907,0.15077172219753265,0.13497578725218773,0.1622154265642166,0.17790255695581436,0.16310377418994904,0.12937575951218605,0.09653609246015549,0.17731962352991104,0.191325381398201
1992756749,qslstm_log,extrapolation,iid,2000038,62,4,58,58,3,0.08027622026386003,0.26263014539595575,0.09210776170619184,0.30349260568618774,0.0892388737037968,0.27931131422519684,0.07965810623351956,0.26147971995945635,0.012468981331792372,0.007060325145721436,0.021887024243672688,0.2221688230832418,0.24756059050559998,0.21849318345387778,0.2592538297176361,0.27931131422519684,0.347320556640625,0.2950459271669388,0.3415136933326721,0.2715589702129364,0.35109877586364746,0.26493947207927704,0.34475499391555786,0.23148001730442047,0.345366895198822,0.24717013537883759,0.3384312391281128,0.25792236626148224,0.32682251930236816,0.34090229123830795,0.32885342836380005,0.2906162043412526,,0.2342376820743084,0.12984881578976737,0.10438886628454103,0.14580753445625305,0.1505250781774521,0.17223267753918967,0.1361207813024521,0.2342376820743084,0.15899799764156342,0.13327944092452526,0.08825135976076126,0.16051248461008072,0.08318857848644257,0.16224227659404278,0.07053594291210175,0.17243226245045662,0.15230153501033783,0.10448481515049934,0.0900295302271843,0.13456891849637032,0.09403028339147568,0.1302241049706936,0.17527206242084503,0.14695982386668524,
1992756749,qslstm_log,extrapolation,iid,2000039,62,5,57,56,5,0.03327445665488414,0.16962539332528268,0.008852723363261816,0.09408891201019287,0.04166317179167578,0.180674147605896,0.03253860444990242,0.16865620435329906,0.010571994951793126,0.005557719029878315,0.021382236480712892,0.1886993169784546,0.23701220750808716,0.1857691526412964,0.22894126176834106,0.180674147605896,0.09654062986373901,0.17492997646331787,0.11209702491760254,0.18197364807128907,0.10739892721176147,0.16833335161209106,0.12098044157028198,0.17170398235321044,0.12129664421081543,0.19600351452827453,0.12309959530830383,0.15925850868225097,0.10908210277557373,0.1447273850440979,0.09737241268157959,0.18257951736450195,0.09206348657608032,0.1514144331216812,0.1330116103942457,0.018402822727435514,0.1497294083237648,0.0813581719994545,0.15977754592895507,0.07487085461616516,0.1514144331216812,0.08122148364782333,0.11652020663022995,0.08732076734304428,0.16010384261608124,0.10282987356185913,0.12333123236894608,0.08158466219902039,0.11981819570064545,0.16511432826519012,0.13969536274671554,0.18050479888916016,0.1093609757721424,0.08202516287565231,0.0760064247995615,0.09356507658958435,0.10724968165159225,0.08968853950500488
1992756749,qslstm_log,extrapolation,iid,2000040,62,6,56,56,5,0.09038823484302003,0.2878488824973183,0.18748938568707274,0.43300044536590576,0.07890381438936009,0.2447314995030562,0.09161870846305502,0.2924686021038464,0.015471205115318298,0.0024419426918029785,0.00842941403388977,0.27157160490751264,0.21682050824165344,0.2571113154292107,0.20954984426498413,0.2447314995030562,0.43498945236206055,0.27228673671682674,0.43221205472946167,0.28289727742473286,0.4288950264453888,0.23251120001077652,0.43400537967681885,0.2284641886750857,0.4330295920372009,0.2495410054922104,,0.30986195504665376,,0.3407072156667709,,0.3219240792095661,,0.2250599687298139,0.13263935622360026,0.09242061250621364,0.17172994315624238,0.05133228003978729,0.19565137028694152,0.16192372143268585,0.2250599687298139,0.16468589007854462,0.17336639886101088,0.1367540806531906,0.16279875487089157,0.0891372337937355,0.16910706584652266,0.07607082277536392,0.12472008417050044,0.015117712318897247,0.15248383432626725,,0.17137067019939423,,0.14561426639556885,,0.12738481350243092,
1992756749,qslstm_log,extrapolation,iid,2000041,62,5,57,57,4,0.042566463477840086,0.15154756990171248,2.5845621994591284e-05,0.005083858966827393,0.043842843077953476,0.14891963005065917,0.04245450035502313,0.15177809094127856,0.011885758554726317,0.006159876074109759,0.05915495753288269,0.1091818908850352,0.24580258131027222,0.18001648038625717,0.24874424934387207,0.14891963005065917,0.006435871124267578,0.15361095666885377,0.008221328258514404,0.15655312538146973,0.006699562072753906,0.19906916618347167,0.007655918598175049,0.25251911878585814,0.012617945671081543,0.25329532027244567,0.009469926357269287,0.2624185919761658,0.014068663120269775,0.269335675239563,0.03008022904396057,0.23732715845108032,0.018981635570526123,0.23374176174402236,0.13576037619720427,0.0979813855468181,0.28651241958141327,0.14788289368152618,0.26435836777091026,0.1795765906572342,0.23374176174402236,0.09190676361322403,0.19497262239456176,0.12871834635734558,0.21373839676380157,0.16865628957748413,0.16424086391925813,0.10899516940116882,0.15571871101856233,0.08482241630554199,0.18579451739788055,0.15692462027072906,0.14081574082374573,0.09828373789787292,0.11051531583070755,0.14150184392929077,0.13634296879172325,0.05771664157509804
1992756749,qslstm_log,extrapolation,iid,2000042,62,5,57,57,4,0.11046572418749682,0.32892578527812033,0.10252904911667216,0.320201575756073,0.11533937027112166,0.32046393007040025,0.11003821137314378,0.32966805327879756,0.011182177485081187,0.007837654401858648,0.06436054408550262,0.31347538344562054,0.3789184093475342,0.28683326952159405,0.3968232274055481,0.32046393007040025,0.2821442484855652,0.2890927717089653,0.30576232075691223,0.38828750103712084,0.32966500520706177,0.35154260247945784,0.33129769563674927,0.39041956067085265,0.3476623594760895,0.3982376277446747,0.33847859501838684,0.36853086948394775,0.329374760389328,0.3401060104370117,0.33336228132247925,0.3283217430114746,0.32140833139419556,0.22630724608898162,0.13679460775956773,0.08951263832941389,0.2504044622182846,0.1796937733888626,0.2654098831117153,0.16352815926074982,0.22630724608898162,0.17161047458648682,0.2611465096473694,0.19292013347148895,0.185982608795166,0.18500280380249023,0.21318084746599197,0.16228236258029938,0.13987710177898408,0.11129697412252426,0.13629872649908065,0.10899800062179565,0.15377651900053024,0.14146851003170013,0.15739067196846007,0.10207781195640564,0.1610112652182579,0.10339020937681198
1992756749,qslstm_log,extrapolation,iid,2000043,62,3,59,58,3,0.05155408319501911,0.2125448296147008,0.002747049327767037,0.05241230130195618,0.05428185423325912,0.207018514474233,0.05141538297273572,0.21282582868963984,0.014179533411716592,0.005083190070258247,0.038144717613855995,0.32888565460840863,0.23560523986816406,0.3060287833213806,0.23206746578216553,0.207018514474233,0.056051105260849,0.21573537588119507,0.05847051739692688,0.21034546693166098,0.05143707990646362,0.19649613897005716,0.04695042967796326,0.2073951462904612,0.03708633780479431,0.19235163927078247,0.038572460412979126,0.1801659365495046,0.04600122570991516,0.22646841406822205,,0.24383960664272308,,0.09916161311169465,0.15087221745969887,-0.051710604348004216,0.27459120253721875,0.16985158622264862,0.18573185553153357,0.12490306049585342,0.09916161311169465,0.025295333936810493,0.16750927517811456,0.16509859263896942,0.1902899444103241,0.1599113494157791,0.14675714075565338,0.13759075105190277,0.14790654679139456,0.17076365649700165,0.14873292297124863,0.08807704597711563,0.16759116450945535,0.1286504715681076,0.13150299340486526,,0.126973707228899,
1992756749,qslstm_log,extrapolation,iid,2000044,62,3,59,58,3,0.10064974540560008,0.27960082480022985,0.1400295832870913,0.3742052689194679,0.11555898280163689,0.3063753768801689,0.09989164858885245,0.27823940689786003,0.01669405709052908,0.005687898397445679,0.009506940841674805,0.23104425271352133,0.4565196633338928,0.22502729296684265,0.4614175856113434,0.3063753768801689,0.37487632781267166,0.31309151897827786,0.3789786472916603,0.3138165697455406,0.37304288893938065,0.3184746628006299,0.3759264722466469,0.3166067625085513,0.39135054498910904,0.32418839385112125,0.4095551148056984,0.4422564034660657,0.41045696288347244,0.4088445355494817,0.4041403606534004,0.39646515995264053,0.40606243163347244,0.12273333221673965,0.13636719820610546,-0.013633865989365807,0.13481183598438898,0.10427256673574448,0.13380609452724457,0.08967137336730957,0.12273333221673965,0.07832995802164078,0.08498995999495189,0.07602991908788681,0.1248580664396286,0.06702598929405212,0.13000033299128214,0.12157607078552246,0.09240226075053215,0.0844326987862587,0.14023741334676743,0.08372243493795395,0.11766652762889862,0.16123421490192413,0.10935421288013458,0.06415696442127228,0.09646629293759663,0.07608144730329514
1992756749,qslstm_log,extrapolation,iid,2000045,62,2,60,60,1,0.07469479356187161,0.2696739435195923,0.06815562994382796,0.26106633245944977,0.107671922822422,0.278454028069973,0.07359555591985327,0.2693812740345796,0.011337483425935109,0.010152636389983328,0.07395756244659424,0.20557749271392822,0.20557749271392822,0.20474737882614136,0.20474737882614136,0.278454028069973,0.4520491808652878,0.2789454683661461,0.39770905673503876,0.27924539893865585,0.3529133051633835,0.2574850842356682,0.310222789645195,0.3677784502506256,0.28350771963596344,0.31829772889614105,0.2836821526288986,0.29656437039375305,0.30962102115154266,0.3050229102373123,0.30042479932308197,0.28525082767009735,0.27007685601711273,0.25643467903137207,0.132925698099037,0.12350898093233506,0.25901827216148376,0.25901827216148376,0.19254164397716522,0.19254164397716522,0.25643467903137207,0.13881587982177734,0.29762645810842514,0.24457694590091705,0.19681178778409958,0.1346053034067154,0.20055966079235077,0.20857767760753632,0.16521074622869492,0.1916056126356125,0.1535288393497467,0.17245237529277802,0.18361368775367737,0.17562176287174225,0.17946738004684448,0.18331299722194672,0.1148360762745142,0.04635915532708168
1992756749,qslstm_log,extrapolation,iid,2000046,62,3,59,59,2,0.013224082942514433,0.10764692411307365,0.012686223977348199,0.11263313889503479,0.0164139194942358,0.09550777574380238,0.013061887863613347,0.10826416894540948,0.0116889840465481,0.0116889840465481,0.013989806175231934,0.21034669876098633,0.21034669876098633,0.10803655534982681,0.005726411938667297,0.09550777574380238,0.07045021653175354,0.04884497821331024,0.07035830616950989,0.08053043484687805,0.10078278183937073,0.06803038716316223,0.03295007348060608,0.04564023017883301,0.003187835216522217,0.020661999781926472,0.051378220319747925,0.0338871975739797,0.010066598653793335,0.07019906242688496,0.0837869942188263,0.09038466215133667,0.09511935710906982,0.3565639952818553,0.1399768508528754,0.2165871444289799,0.45246633887290955,0.45246633887290955,0.4052359312772751,0.3580055236816406,0.3565639952818553,0.2592201232910156,0.27009713153044385,0.19306574761867523,0.22627963622411093,0.2265530377626419,0.18851530055205026,0.14592711627483368,0.20218017200628915,0.2340603619813919,0.19831669827302298,0.2110496312379837,0.16749309996763864,0.1305730789899826,0.17806986967722574,0.17888422310352325,0.154028482735157,0.10487186163663864
1992756749,qslstm_log,extrapolation,iid,2000047,62,5,57,57,4,0.0374742698854258,0.1878104056081464,0.045577016979692075,0.21348774433135986,0.01436131970554797,0.10967155694961547,0.03950172165559052,0.194664690578193,0.011675336904693068,0.006432271003723145,0.015578195452690125,0.14109012484550476,0.10889935493469238,0.1637835055589676,0.0777168869972229,0.10967155694961547,0.18547022342681885,0.15518031120300294,0.1825263500213623,0.1402028441429138,0.19185036420822144,0.14713188409805297,0.18123698234558105,0.15241870880126954,0.16967523097991943,0.16657592058181764,0.19380873441696167,0.20447733402252197,0.19484972953796387,0.196159291267395,0.1966271996498108,0.16347531080245972,0.20166879892349243,0.2045644551515579,0.1428790789816463,0.0616853761699116,0.22701425105333328,0.1337171196937561,0.16248060762882233,0.10108109563589096,0.2045644551515579,0.10109078139066696,0.149666740745306,0.03599509969353676,0.14051497355103493,0.18304014205932617,0.17347337156534196,0.10876981168985367,0.14887155890464782,0.08938076347112656,0.1715296044945717,0.1766258031129837,0.13029092475771903,0.0970560684800148,0.15687220096588134,0.17121268808841705,0.14029492437839508,0.13068683445453644
1992756749,qslstm_log,extrapolation,iid,2000048,62,6,56,55,6,0.1547036280352411,0.35170851233265094,0.25113355049046715,0.5011322684586048,0.08258278456118127,0.23079740318159261,0.1624308612646046,0.36466327402740717,0.01189235882325606,0.0072132270587118045,0.02178935209910075,0.1470906138420105,0.0689254105091095,0.1502108871936798,0.08135631680488586,0.23079740318159261,0.48520978167653084,0.1833529851088921,0.46876176074147224,0.17376956654091677,0.4755774922668934,0.1646689803649982,0.466720599681139,0.1928100964675347,0.47596870735287666,0.17747950864334902,0.47773410752415657,0.21834137352804342,0.4835338778793812,0.2822613461563985,0.49082036688923836,0.28050211009879905,0.4730408675968647,0.1802757109204928,0.1384666368830949,0.04180907403739789,0.20145765567819277,0.06434530764818192,0.16937273244063059,0.17348434031009674,0.1802757109204928,0.15958411991596222,0.15189140662550926,0.12192922085523605,0.14247402300437292,0.08169600367546082,0.1885112871726354,0.15578661859035492,0.13474025453130403,0.08400028944015503,0.17970592280228934,0.15732033550739288,0.1201067566871643,0.1611385941505432,0.14628561089436212,0.1705058366060257,0.13032982498407364,0.13692738115787506
1992756749,qslstm_log,extrapolation,iid,2000049,62,5,57,57,4,0.04320471240722929,0.18090702497190045,0.09393323623250183,0.30648529529571533,0.03746568135921766,0.171512109041214,0.04370813618337067,0.1817311404044168,0.012420468163072016,0.00437811017036438,0.014857292175292969,0.1433785930275917,0.15017491579055786,0.1555064097046852,0.15085476636886597,0.171512109041214,0.28807127475738525,0.179367333650589,0.2870219945907593,0.19977858662605286,0.2952389717102051,0.20848354697227478,0.2930964231491089,0.23405012488365173,0.3016287088394165,0.28268653750419614,0.3108707070350647,0.26997868418693544,0.3120938539505005,0.23235913515090942,0.30648529529571533,0.17155686765909195,,0.21523231267929077,0.1358880393468497,0.07934427333244107,0.15576517209410667,0.15036122500896454,0.16108079440891743,0.11918520927429199,0.21523231267929077,0.1732686161994934,0.10939631424844265,0.08677351474761963,0.16590374559164048,0.12121671438217163,0.16337919980287552,0.07869988679885864,0.16796754598617553,0.12964077293872833,0.15658892765641214,0.17087805271148682,0.15215838849544525,0.1703706532716751,0.14568143486976623,0.1637192666530609,0.13471935875713825,
1992756749,qslstm_log,extrapolation,iid,2000050,62,5,57,57,4,0.03467813631917421,0.13421157290858607,0.00513132670664973,0.07163327932357788,0.071718287277689,0.2338973820209503,0.03142900027018169,0.12546720368820324,0.01020568190959462,0.006349002992784655,0.022431492805480957,0.2625638321042061,0.3207055926322937,0.2700013592839241,0.3157806992530823,0.2338973820209503,0.016647517681121826,0.2125043213367462,0.002894282341003418,0.21529564261436462,0.017857849597930908,0.18401750326156616,0.01600879430770874,0.21287087798118592,0.005106747150421143,0.21913997530937196,0.026487886905670166,0.257929527759552,0.02172797918319702,0.18904130458831786,0.026506900787353516,0.1898079752922058,0.01909017562866211,0.14592521116137505,0.13952029087956538,0.006404920281809667,0.22157275676727295,0.18055754899978638,0.1828956976532936,0.16693662106990814,0.14592521116137505,0.031793028116226196,0.22398203909397124,0.1754359006881714,0.19851043224334716,0.1791256070137024,0.11779757551848888,0.025553641840815544,0.17706604301929474,0.16457319259643555,0.1445971593260765,0.16929011046886444,0.17240287214517594,0.17167355120182037,0.09322788044810296,0.1168898269534111,0.1407793417572975,0.09385759383440018
1992756749,qslstm_log,extrapolation,iid,2000051,62,6,56,56,5,0.042002755680787277,0.18787306306823606,0.07543657193412301,0.2746571898460388,0.038826739960486766,0.18324154118696848,0.0423430430793909,0.18836929755551474,0.015598077327013016,0.005079670385880904,0.011075949668884278,0.10940524339675903,0.11778092384338379,0.146420156955719,0.12710797786712646,0.18324154118696848,0.2810198664665222,0.16367547710736594,0.28946995735168457,0.17571533719698587,0.28494125604629517,0.1822896202405294,0.27408015727996826,0.1703568994998932,0.28120774030685425,0.18930951754252115,0.2907249927520752,0.1588912308216095,0.28561967611312866,0.18023982644081116,0.279374897480011,0.15863674879074097,0.2761293053627014,0.18519886458913484,0.13159532771844948,0.053603536870685364,0.1250154584646225,0.11005555838346481,0.14239403754472732,0.08571690320968628,0.18519886458913484,0.06570374220609665,0.12448971035579841,0.06043243035674095,0.1429033267001311,0.1129031702876091,0.14811324079831442,0.09778527170419693,0.12840424415965876,0.05529126897454262,0.1312782938281695,0.033619269728660583,0.14534328877925873,0.13218508660793304,0.14377003783981004,0.12304511666297913,0.13198265743752322,0.09489765763282776
1992756749,qslstm_log,extrapolation,iid,2000052,62,1,61,60,1,0.22202623061896418,0.46486561913644114,0.21258933845871297,0.4610741138458252,0.1509010175165173,0.38845980167388916,0.2231922177190043,0.46611817352107315,0.014905351897080739,0.010153260724297885,0.0744880735874176,0.1806701421737671,0.1806701421737671,0.30740436911582947,0.30740436911582947,0.38845980167388916,0.38845980167388916,0.4691617786884308,0.4691617786884308,0.4155099391937256,0.4155099391937256,0.4420487880706787,0.4420487880706787,0.47041523456573486,0.47041523456573486,0.4573308527469635,0.4573308527469635,0.45662179589271545,0.45662179589271545,0.5084629654884338,0.5084629654884338,0.5147886872291565,0.5147886872291565,0.17374925315380096,0.13536639096306974,0.038382862190731226,0.2953573167324066,0.2953573167324066,0.32831957936286926,0.32831957936286926,0.17374925315380096,0.17374925315380096,0.20702897012233734,0.20702897012233734,0.24896621704101562,0.24896621704101562,0.19668103754520416,0.19668103754520416,0.12185559421777725,0.12185559421777725,0.2010948807001114,0.2010948807001114,0.18461239337921143,0.18461239337921143,0.1822647601366043,0.1822647601366043,0.14949926733970642,0.14949926733970642
1992756749,qslstm_log,extrapolation,iid,2000053,62,2,60,59,2,0.11235310957590486,0.3140005224174069,0.22809661534944325,0.47759461402893066,0.12466836879574617,0.32825444638729095,0.11194260093524348,0.31352539161841075,0.014740379179938364,0.006927170687251621,0.017788738012313843,0.2332862913608551,0.28573042154312134,0.25761057436466217,0.2937869131565094,0.32825444638729095,0.45832130312919617,0.33650703728199005,0.4662630259990692,0.3567584306001663,0.477427214384079,0.3473028540611267,0.4697660207748413,0.3614213764667511,0.4771653413772583,0.3744664490222931,0.48636752367019653,0.3705611526966095,0.47978222370147705,0.37848855555057526,0.47407299280166626,0.3700060248374939,0.47772568464279175,0.16644201427698135,0.1406355367663006,0.025806477510680742,0.17793266475200653,0.13906143605709076,0.18761011958122253,0.15755200386047363,0.16644201427698135,0.134090855717659,0.1556054949760437,0.14133252203464508,0.10917625948786736,0.066885806620121,0.17559100687503815,0.17282836139202118,0.1282934546470642,0.06587791442871094,0.10919325798749924,0.10275556892156601,0.11334573104977608,0.14285816252231598,0.15805745869874954,0.1321263611316681,0.1269618198275566,0.10543301701545715
1992756749,qslstm_log,extrapolation,iid,2000054,62,8,54,53,8,0.06447647068673043,0.22870844458380052,0.017280527828006598,0.1314554214477539,0.10006722292408834,0.2965057026594877,0.0592037666515663,0.21866440635036538,0.014103335029674027,0.005337837669584487,0.040865033864974976,0.293680482677051,0.11885976791381836,0.2757766228169203,0.12729239463806152,0.2965057026594877,0.15064245462417603,0.2783399745821953,0.15496337413787842,0.2817831262946129,0.1480405330657959,0.2980998456478119,0.13786214590072632,0.23203495144844055,0.13445240259170532,0.2315215766429901,0.13189709186553955,0.23519990593194962,0.12343204021453857,0.2802304159849882,0.13347023725509644,0.2210746668279171,0.1265873908996582,0.1617637062445283,0.1413730982070168,0.0203906080375115,0.16468055972031184,0.14721621572971344,0.16468279995024204,0.17901581525802612,0.1617637062445283,0.13433127105236053,0.11429652664810419,0.04846470430493355,0.14486987702548504,0.13390688598155975,0.16102708224207163,0.17749392986297607,0.15324069000780582,0.14367586374282837,0.13904578890651464,0.1674172282218933,0.15224019438028336,0.1614675372838974,0.11250003287568688,0.09178871661424637,0.11759625934064388,0.09253344684839249
1992756749,qslstm_log,extrapolation,iid,2000055,62,4,58,57,4,0.05632458491440881,0.14376456239410945,3.182204069673844e-05,0.0056411027908325195,0.10761315473996838,0.2529476988129318,0.05278744216781849,0.1362346909169493,0.013316571712493896,0.005414505799611409,0.047046154737472534,0.36829484937091667,0.4766571670770645,0.3269726219587028,0.47402746975421906,0.2529476988129318,0.03383868932723999,0.27864375291392207,0.0430489182472229,0.2722786176018417,0.04337573051452637,0.25741131184622645,0.045121967792510986,0.16069572372362018,0.0598410964012146,0.17535611195489764,0.06867915391921997,0.18167921109125018,0.07147079706192017,0.06454029679298401,0.05999755859375,0.051003679633140564,0.048403382301330566,0.19081922434270382,0.134551913959199,0.056267310383504826,0.1172128679851691,0.048085760325193405,0.22064093500375748,0.177486851811409,0.19081922434270382,0.129898339509964,0.10977676184847951,0.030702704563736916,0.13384284358471632,0.16733773052692413,0.14248916553333402,0.02670886553823948,0.17108400538563728,0.14968237280845642,0.153868043795228,0.15162484347820282,0.13660311931744218,0.015970194712281227,0.10398108744993806,0.17135930061340332,0.14454001002013683,0.16332979500293732
1992756749,qslstm_log,extrapolation,iid,2000056,62,5,57,56,5,0.08275605540954921,0.27147234357412786,0.10452235302551571,0.3232991695404053,0.07015719598083883,0.23882056698203086,0.0838612185173308,0.2743365345032592,0.01196208968758583,0.006592322140932083,0.021645814180374146,0.24738076608628035,0.2655222713947296,0.23338908180594445,0.26274505257606506,0.23882056698203086,0.3562368154525757,0.2260732315480709,0.3380811810493469,0.2274841509759426,0.3347698450088501,0.2265976071357727,0.35261595249176025,0.22122039198875426,0.3537231683731079,0.2517818629741669,0.34375089406967163,0.25557197332382203,0.342265784740448,0.28201212286949157,0.357489675283432,0.30269654989242556,0.3472347855567932,0.13500553965568543,0.15154608685457915,-0.016540547198893724,0.2062700279057026,0.1808645874261856,0.20752236247062683,0.11999451369047165,0.13500553965568543,0.06381648778915405,0.23315796852111817,0.17781208455562592,0.1509275108575821,0.10695157200098038,0.14129665568470956,0.12703530490398407,0.19665898084640504,0.17619870603084564,0.14812126755714417,0.1648578643798828,0.1403343752026558,0.07723356783390045,0.14511461108922957,0.11869866400957108,0.11236203610897064,0.08935027569532394
1992756749,qslstm_log,extrapolation,iid,2000057,62,4,58,57,4,0.03864358150874017,0.13506872291045804,0.12754762053322466,0.35713809728622437,0.09342556511561519,0.27303283102810383,0.034865513673783266,0.12555395683337903,0.011462506495024028,0.0018386329923357283,0.015933573246002197,0.19381110556423664,0.44152019172906876,0.16847647912800312,0.44469592720270157,0.27303283102810383,0.3610072731971741,0.2639263290911913,0.35943055152893066,0.2563274819403887,0.3574994206428528,0.2705660182982683,0.3556860089302063,0.25894677825272083,0.35528069734573364,0.22282900661230087,0.35978132486343384,0.1818946897983551,,0.15313593546549478,,0.0467589795589447,,0.10087135760113597,0.1453444393801278,-0.04447308177899184,0.17551028542220592,0.06543842703104019,0.14735258650034666,0.04776797816157341,0.10087135760113597,0.024330085143446922,0.17801246419548988,0.13217008113861084,0.15343670360744,0.15761211514472961,0.13390506245195866,0.16762755811214447,0.11195189598947763,0.10190140455961227,0.14719979278743267,0.0878928080201149,0.16281591852506003,,0.14304989824692407,,0.09845186024904251,
1992756749,qslstm_log,extrapolation,iid,2000058,62,4,58,57,4,0.028332421414260938,0.16041244326099272,0.036374535928590745,0.19072109460830688,0.05989502482872866,0.23282744735479355,0.026155690144297646,0.15541830504762716,0.009778794489408793,0.0077561082748266365,0.05963551998138428,0.25854070981343585,0.2932203412055969,0.20283939689397812,0.257506787776947,0.23282744735479355,0.10377144813537598,0.20069167762994766,0.07281875610351562,0.21779249608516693,0.0851321816444397,0.22196458280086517,0.0810508131980896,0.22455090284347534,0.10222560167312622,0.14574037492275238,0.113150954246521,0.09335608780384064,0.10346990823745728,0.10997694730758667,0.1311856508255005,0.12854664027690887,0.13083064556121826,0.19780519977211952,0.13607350756125203,0.061731692210867495,0.2645404984553655,0.22248120605945587,0.25228073075413704,0.12659017741680145,0.19780519977211952,0.15618327260017395,0.24277223646640778,0.2036326378583908,0.14132575690746307,0.10051137208938599,0.18697290867567062,0.1867251992225647,0.1924171857535839,0.19390730559825897,0.1700655985623598,0.09796527773141861,0.1563813015818596,0.18210536241531372,0.12620024383068085,0.08830920606851578,0.13368425518274307,0.06751889735460281
1992756749,qslstm_log,extrapolation,iid,2000059,62,2,60,59,2,0.02892050411595312,0.16417408325979788,0.018585529933151435,0.13632875680923462,0.03264549105177039,0.18044716119766235,0.02879633788475921,0.16363164732853572,0.012376696376477257,0.007920296902352192,0.024968698620796204,0.2530491501092911,0.16268208622932434,0.25844021141529083,0.17722946405410767,0.18044716119766235,0.17126494646072388,0.1633075773715973,0.14613229036331177,0.18809595704078674,0.16280362010002136,0.1860668808221817,0.14294227957725525,0.191870778799057,0.13984346389770508,0.194461852312088,0.15616607666015625,0.16898027062416077,0.15961036086082458,0.1492777317762375,0.1524231731891632,0.15002113580703735,0.1437828242778778,0.15201696753501892,0.13457517397279542,0.0174417935622235,0.23187286779284477,0.10024546831846237,0.1559285707771778,0.11062072962522507,0.15201696753501892,0.04488590359687805,0.21004823595285416,0.16898523271083832,0.1377277784049511,0.0821102038025856,0.14310156926512718,0.17748962342739105,0.1886269822716713,0.17166461050510406,0.14782241731882095,0.1576376110315323,0.1261277087032795,0.1025051400065422,0.169381245970726,0.1697772592306137,0.1209881454706192,0.1329823136329651
1992756749,qslstm_log,extrapolation,iid,2000060,62,4,58,58,3,0.151117647730374,0.34812838512082256,0.2444799507031803,0.4944491386413574,0.053009629085591925,0.17677414417266846,0.15788371798173828,0.35994591897931594,0.014692283909896324,0.008238104673532339,0.01872905095418294,0.13444459438323975,0.19330036640167236,0.14900674422581991,0.18897753953933716,0.17677414417266846,0.40589195489883423,0.20108935236930847,0.4290238618850708,0.200387641787529,0.4496350884437561,0.19815148413181305,0.43078285455703735,0.20104090869426727,0.4491656422615051,0.20096124708652496,0.44959622621536255,0.24250248074531555,0.46213579177856445,0.29818087816238403,0.46319425106048584,0.3712500035762787,0.47316479682922363,0.24833038449287415,0.13855924290315857,0.10977114158971557,0.1155055599908034,0.11021274328231812,0.17179307838280997,0.168264701962471,0.24833038449287415,0.14370004832744598,0.224244587123394,0.16664457321166992,0.15566066280007362,0.07385004311800003,0.11827495414763689,0.16094762086868286,0.18262017518281937,0.14354723691940308,0.14954196102917194,0.13721570372581482,0.14702735282480717,0.16713924705982208,0.12881282158195972,0.1715153455734253,0.15844887867569923,0.14512662589550018
1992756749,qslstm_log,extrapolation,iid,2000061,62,1,61,60,1,0.0014781217021853231,0.02490130259144691,6.855805603223075e-07,0.0008279979228973389,6.855805603223075e-07,0.0008279979228973389,0.0015023419664742575,0.02529594693027559,0.01450609415769577,,0.00043660402297973633,0.004971235990524292,0.004971235990524292,0.002349376678466797,0.002349376678466797,0.0008279979228973389,0.0008279979228973389,,,,,,,,,,,,,,,,,0.17117564380168915,0.13533161330174226,0.03584403049994689,0.047146622091531754,0.047146622091531754,0.13873247802257538,0.13873247802257538,0.17117564380168915,0.17117564380168915,,,,,,,,,,,,,,,,
1992756749,qslstm_log,extrapolation,iid,2000062,62,2,60,59,2,0.023882903744342446,0.15153456984027738,0.026928552843173748,0.16409921646118164,0.008011621175946004,0.08935528993606567,0.024411946496622327,0.15360721250375112,0.010741343942739196,0.008594393730163574,0.020091474056243896,0.18448737263679504,0.10386210680007935,0.2280069887638092,0.14527499675750732,0.08935528993606567,0.09457576274871826,0.12258079648017883,0.11415892839431763,0.132207989692688,0.16055387258529663,0.14626488089561462,0.14725476503372192,0.11174944043159485,0.12892311811447144,0.1592307984828949,0.15790772438049316,0.15429827570915222,0.179673433303833,0.16031605005264282,0.14095866680145264,0.13965559005737305,0.13835251331329346,0.20950274169445038,0.13738084258511662,0.07212189910933375,0.31202859431505203,0.15381525456905365,0.19409764558076859,0.19243723154067993,0.20950274169445038,0.13352060317993164,0.16398953273892403,0.12289122492074966,0.17542660236358643,0.1970379501581192,0.18990587443113327,0.1873745173215866,0.13013937324285507,0.1267581433057785,0.20376937091350555,0.2105007916688919,0.13406264781951904,0.14136715233325958,0.16457092761993408,0.18777470290660858,0.16808809340000153,0.14840148389339447
1992756749,qslstm_log,extrapolation,late,2000063,62,4,58,58,3,0.07384909337974582,0.26410413884948336,0.03836460630408567,0.1958688497543335,0.08740337160764723,0.28341493709012866,0.07291431557092504,0.26277235966047335,0.016363133644235545,0.005876087225400484,0.026593337456385296,0.28875337975720566,0.23455588519573212,0.31574887968599796,0.22535978257656097,0.28341493709012866,0.1957862377166748,0.24078463716432452,0.20357710123062134,0.26217836095020175,0.20733824372291565,0.23638449981808662,0.20079201459884644,0.2281011901795864,0.2049698531627655,0.24536385014653206,0.21719032526016235,0.27278199419379234,0.21577373147010803,0.2942274250090122,0.20946070551872253,0.30434071520964306,,0.2724337875843048,0.13765407527058288,0.13477971231372193,0.16125700126091638,0.0688430443406105,0.11244883264104526,0.1236145868897438,0.2724337875843048,0.17241884768009186,0.166995357722044,0.1096348688006401,0.15832970291376114,0.12728501856327057,0.18567241914570332,0.11175615340471268,0.15799443423748016,0.10042378306388855,0.1539224125444889,0.0700826346874237,0.14896117709577084,0.11706867069005966,0.14177243784070015,0.16143742203712463,0.14931506166855493,
1992756749,qslstm_log,extrapolation,late,2000064,62,6,56,56,5,0.12194838293388229,0.33905950068466123,0.19716506413192647,0.4440327286720276,0.12495313093953124,0.34583987419803935,0.12162644564756277,0.33833303209394217,0.013289692678621836,0.005099538962046305,0.03384281992912293,0.30969232469797137,0.37929854542016983,0.27332346588373185,0.37664467841386795,0.34583987419803935,0.449310302734375,0.3169931136071682,0.45169907808303833,0.3373153321444988,0.4463959336280823,0.33837806805968285,0.43954533338546753,0.3231174958248933,0.4498945474624634,0.32401351754864055,0.4415362477302551,0.33845147614677745,0.4336860775947571,0.3105993829667568,0.4456315040588379,0.3202758923172951,,0.21017036711176237,0.13692345802805253,0.07324690908370984,0.18281087279319763,0.09952912479639053,0.1706704318523407,0.061091210693120956,0.21017036711176237,0.15407323837280273,0.1497198777894179,0.0865984782576561,0.1722608394920826,0.11148793250322342,0.12433337544401486,0.17056642472743988,0.1554511363307635,0.1173541247844696,0.1463368001083533,0.16890783607959747,0.1268195559581121,0.14851100742816925,0.12320414433876674,0.12647628784179688,0.11272176802158355,
1992756749,qslstm_log,extrapolation,late,2000065,62,8,54,54,7,0.09879765759983666,0.2822056401280626,0.21618896169410734,0.46496124751865864,0.12051366195582758,0.3159838186111301,0.0955804717693195,0.27720146553797853,0.019617683357662626,0.007171606475656683,0.022175358874457225,0.24704032657401903,0.16545236110687256,0.3217759297362396,0.17877617478370667,0.3159838186111301,0.46112476475536823,0.31867596856318414,0.4571214783936739,0.27034998475573957,0.4462675917893648,0.29274131706915796,0.45951746590435505,0.2857120258267969,0.45383636839687824,0.24713963107205927,0.45055253989994526,0.24876054585911334,0.45706050284206867,0.31795185059309006,,0.30364639312028885,,0.19932682532817125,0.1425185311516678,0.05680829417650346,0.20932692023260252,0.16060085594654083,0.18581767273800714,0.1513381153345108,0.19932682532817125,0.0992351770401001,0.17672130186110735,0.10145244747400284,0.13456747797317803,0.06943173706531525,0.1687977472320199,0.10749634355306625,0.14892737101763487,0.12226783484220505,0.1309041720815003,0.03742833063006401,0.13770242547616363,0.13787131011486053,0.13152978968407428,,0.1391287020274571,
1992756749,qslstm_log,extrapolation,late,2000066,62,3,59,58,3,0.08690127469349256,0.2711091080019551,0.18668771865659384,0.4320737421512604,0.10098064466761987,0.29866782824198407,0.08618537452531659,0.2697078171422926,0.014587954200547317,0.004425808787345886,0.047134449084599815,0.271487221121788,0.19142991304397583,0.18030240138371786,0.18700465559959412,0.29866782824198407,0.4397803544998169,0.32944178581237793,0.43150123953819275,0.35933735966682434,0.4320737421512604,0.32201287150382996,,0.351990282535553,,0.3512706011533737,,0.30995212495326996,,0.29099468886852264,,0.2808908373117447,,0.1386011242866516,0.13824811621995295,0.00035300806669866236,0.09340941160917282,0.08931494504213333,0.2461529200275739,0.11387782543897629,0.1386011242866516,0.022799000144004822,0.21462248265743256,0.16007447242736816,0.18555011103550592,0.16252678632736206,0.15150537714362144,,0.16052936762571335,,0.12700670212507248,,0.1310104988515377,,0.09703290462493896,,0.13662024214863777,
1992756749,qslstm_log,extrapolation,late,2000067,62,6,56,55,6,0.14688856320828342,0.3661060437800423,0.03928037616109137,0.1981927752494812,0.08977785314926896,0.27013640478253365,0.15300756785746353,0.3763885051012039,0.01128577860918912,0.0012872964143753052,0.029620806376139324,0.3207804548243682,0.4521358087658882,0.2759467549622059,0.45677555352449417,0.27013640478253365,0.19740080833435059,0.3466075658798218,0.19979017972946167,0.3522781531016032,0.19811052083969116,0.35385267933209735,0.19761157035827637,0.3649750699599584,0.1981927752494812,0.3340901106595993,,0.32643652260303496,,0.3145032674074173,,0.34893160313367844,,0.16616717725992203,0.13067167056059198,0.03549550669933005,0.17940249977012476,0.15453918278217316,0.18442760407924652,0.16724763810634613,0.16616717725992203,0.0928746685385704,0.11644695202509563,0.0724545493721962,0.11365850580235322,0.07421816140413284,0.12016632532080014,0.10522520542144775,0.15405122563242912,0.16676537692546844,0.1060902640223503,,0.14675570279359818,,0.10807932317256927,,0.13378324806690217,
1992756749,qslstm_log,extrapolation,late,2000068,62,2,60,59,2,0.10564222369898701,0.3226642752847364,0.08163611746590504,0.2857203483581543,0.09023258170110404,0.29971520602703094,0.10615587843224979,0.32342924425999325,0.013340646937742071,0.003044694662094116,0.02810223400592804,0.26996690034866333,0.3776441812515259,0.29638731479644775,0.37834739685058594,0.29971520602703094,0.27963095903396606,0.2800292372703552,0.28571009635925293,0.29148244857788086,0.2857203483581543,0.3282383382320404,,0.29408347606658936,,0.3145783245563507,,0.28875136375427246,,0.30673837661743164,,0.29867875576019287,,0.20793221145868301,0.13905307992051044,0.06887913153817257,0.204251479357481,0.10653426498174667,0.18175345659255981,0.16854627430438995,0.20793221145868301,0.16442809998989105,0.13371029123663902,0.07838333398103714,0.1282147690653801,0.16393260657787323,0.17241978645324707,,0.2129170447587967,,0.19406257569789886,,0.20236164331436157,,0.1597793847322464,,0.07280927896499634,
1992756749,qslstm_log,extrapolation,late,2000069,62,4,58,57,4,0.06670766896615866,0.24584260919401724,0.09999036251878307,0.3162125274538994,0.07687104345999432,0.26700663194060326,0.06600674658727344,0.2443830214183906,0.013008643660629005,0.006012441856520516,0.0333852544426918,0.21575075201690197,0.17061081528663635,0.19258647970855236,0.17686530947685242,0.26700663194060326,0.2852790579199791,0.26016129180788994,0.2989182397723198,0.2599947713315487,0.2869875058531761,0.25923023000359535,0.29729046672582626,0.26799116656184196,0.30127861350774765,0.2669684626162052,0.30180051177740097,0.26377933844923973,0.3072427436709404,0.27608771808445454,0.31143876165151596,0.19632519036531448,,0.1397736333310604,0.13369395301259798,0.006079680318462427,0.20275644958019257,0.15701539814472198,0.1635612891986966,0.08113718032836914,0.1397736333310604,0.10621296614408493,0.18731075897812843,0.1517513245344162,0.13013535924255848,0.08944907039403915,0.13200022280216217,0.10052476078271866,0.13728013634681702,0.06733672320842743,0.12518376484513283,0.08430993556976318,0.12459066323935986,0.07321558147668839,0.0854718666523695,0.04171358421444893,0.11569659163554509,
1992756749,qslstm_log,extrapolation,late,2000070,62,4,58,58,3,0.16063366373648055,0.35957117414762896,0.037768495296631954,0.19434118270874023,0.10040309265919668,0.2641307171434164,0.16478749622456912,0.3661532746306781,0.011088169854262779,0.0036824941635131836,0.014591495196024576,0.26289499551057816,0.4607425555586815,0.2963455393910408,0.4663083180785179,0.2641307171434164,0.19802367687225342,0.2925859000533819,0.19434118270874023,0.21596968919038773,,0.20815015584230423,,0.20486884067455927,,0.16891577591498694,,0.16623374571402869,,0.15836204836765924,,0.4755089208483696,,0.20084835961461067,0.1243023934677757,0.07654596614683497,0.17223031694690386,0.03679737076163292,0.22274880607922873,0.16201160848140717,0.20084835961461067,0.11907538771629333,0.2268661968410015,0.1274125874042511,0.153271014491717,,0.1632180685798327,,0.162083238363266,,0.13164194797476134,,0.15079502513011298,,0.14041077345609665,,0.10216290627916653,
1992756749,qslstm_log,extrapolation,late,2000071,62,4,58,57,4,0.040303198566976305,0.17818941272074176,0.1673702684674936,0.40910911560058594,0.10406412778995239,0.3176109232008457,0.035905893103322775,0.16857413613590702,0.013427786659776118,0.002581000328063965,0.02524431049823761,0.17826304212212563,0.2934279292821884,0.19714410975575447,0.2857320159673691,0.3176109232008457,0.41427111625671387,0.2847186364233494,0.4112718105316162,0.27040818706154823,0.40910911560058594,0.22708923121293387,,0.23133219281832376,,0.2360196908315023,,0.24573034048080444,,0.28884971638520557,,0.27564676105976105,,0.17395302839577198,0.14323777984827757,0.03071524854749441,0.18717604130506516,0.1471492350101471,0.17875966615974903,0.15525414049625397,0.17395302839577198,0.08741288632154465,0.13272074982523918,0.07966577261686325,0.14140385203063488,0.13077664375305176,0.11685403684775035,,0.17282872398694357,,0.09760642424225807,,0.16187149286270142,,0.13850950201352438,,0.13261689990758896,
1992756749,qslstm_log,extrapolation,late,2000072,62,7,55,54,7,0.11799814457338138,0.3075327029631984,0.18735080494110634,0.43284039199352264,0.1280105151388601,0.32449912812028614,0.11672384286504772,0.3053733397613872,0.011964435930605288,0.004363879561424255,0.03101813793182373,0.2759686325277601,0.4709709882736206,0.2700877530234201,0.46507906913757324,0.32449912812028614,0.43745534121990204,0.3307400324514934,0.43574993312358856,0.2626472647700991,0.4442252963781357,0.2564778860126223,0.45004360377788544,0.23751546442508698,0.4430360049009323,0.2440645375422069,0.43865732848644257,0.3011271080800465,0.43284039199352264,0.3877268781264623,,0.30799464633067447,,0.11463200567024094,0.1349744475023313,-0.02034244183209037,0.149630463549069,0.10639021545648575,0.18004752482686723,0.17420263588428497,0.11463200567024094,0.16810373961925507,0.2045344433614186,0.17225949466228485,0.11400714623076576,0.10440818220376968,0.13887055324656622,0.10463353991508484,0.09850141246403966,0.06060535088181496,0.11985038220882416,0.11875328421592712,0.1149292556302888,0.09070811420679092,0.1449792298177878,,0.12195282553633054,
1992756749,qslstm_log,extrapolation,late,2000073,62,8,54,54,7,0.12181482925162943,0.33081785180876333,0.05304789575610869,0.23032128810882568,0.10326159816748104,0.3008370604366064,0.12456345607891067,0.33525945053056433,0.013300970196723938,0.007716074585914612,0.025906209434781755,0.394344870533262,0.2995586693286896,0.34395190860543934,0.3033573031425476,0.3008370604366064,0.23232364654541016,0.34128642082214355,0.23682907223701477,0.3452084669843316,0.22811371088027954,0.36052944604307413,0.2203957438468933,0.3554560556076467,0.23032128810882568,0.4161213221294539,,0.4280806231711592,,0.42178483094487873,,0.38583692482539583,,0.1828045006841421,0.14008845754519658,0.04271604313894553,0.18393584660121373,0.06422102451324463,0.20115049289805548,0.1599164754152298,0.1828045006841421,0.08420509099960327,0.22785263136029243,0.17246685922145844,0.1697031855583191,0.11410254240036011,0.16129691805690527,0.08069825917482376,0.1307246326468885,0.062428031116724014,0.12189502269029617,,0.14403830575091497,,0.12209414264985494,,0.13832767520632064,
1992756749,qslstm_log,extrapolation,late,2000074,62,9,53,53,8,0.08650889590392036,0.2839923750969671,0.16736880538248045,0.4091073274612427,0.07991940593885355,0.26396127541859943,0.08762786589798832,0.28739388258952014,0.010809201676890536,0.005654513835906982,0.04713344946503639,0.23627280763217381,0.2593608647584915,0.2545071057975292,0.26405180990695953,0.26396127541859943,0.4153258800506592,0.23722083701027763,0.4178711175918579,0.22306191590097216,0.4091073274612427,0.1814320832490921,,0.1765963863581419,,0.1799522042274475,,0.18908557295799255,,0.277420380285808,,0.3120922531400408,,0.22492706858449513,0.1320780845675266,0.09284898401696853,0.2327340987644025,0.029608605429530144,0.24252430628985167,0.16376520693302155,0.22492706858449513,0.0870060846209526,0.20322261916266549,0.1112903356552124,0.20121690134207407,0.1687377542257309,0.15833191736601293,,0.18117008451372385,,0.14057022565975785,,0.1583545133471489,,0.13818671235016414,,0.13956264778971672,
1992756749,qslstm_log,extrapolation,late,2000075,62,5,57,56,5,0.09681655349983245,0.2788936495780945,0.2761312059047647,0.5254818797111511,0.14567931559404818,0.3572683781385422,0.09253034629858548,0.27201867338858154,0.016232995050294057,0.006159524122873942,0.02032167911529541,0.2727550506591797,0.11094963550567627,0.26386391520500185,0.1114974319934845,0.3572683781385422,0.5334110856056213,0.3597728222608566,0.5253304541110992,0.36297561824321745,0.5276412069797516,0.3572348803281784,0.5250996351242065,0.3436619907617569,0.5337496697902679,0.3181664854288101,0.5254818797111511,0.2731178291141987,,0.2629702314734459,,0.2221401482820511,,0.14509334713220595,0.1467324912940201,-0.0016391441618141545,0.10438993722200393,0.09768881648778915,0.14690314531326293,0.1588546484708786,0.14509334713220595,0.0795009657740593,0.1038051500916481,0.0752372220158577,0.10650379061698914,0.09080875664949417,0.12461149543523789,0.06714515388011932,0.14248771071434022,0.12683485448360443,0.1637241005897522,0.16038072109222412,0.1216393169015646,,0.1382449623197317,,0.11199885420501232,
1992756749,qslstm_log,extrapolation,late,2000076,62,6,56,55,6,0.06984862302625527,0.2540114634940701,0.06954395022944837,0.2637118697166443,0.061205147681465344,0.24273454894622168,0.0707747096703399,0.25521970433848246,0.015940723635933615,0.004727120200792949,0.014081130425135294,0.27687177807092667,0.20144474506378174,0.2732691739996274,0.1879192292690277,0.24273454894622168,0.267631471157074,0.25534701098998386,0.26818323135375977,0.26490601152181625,0.2749426066875458,0.2413249413172404,0.26555192470550537,0.2322450876235962,0.2648458480834961,0.21461651225884756,0.2684691846370697,0.2179567515850067,0.2612868547439575,0.2290328989426295,0.2637118697166443,0.21999796032905578,,0.11553086588780086,0.14693750038609973,-0.03140663449829888,0.1578586349884669,0.17137520015239716,0.12810454020897546,0.10719788074493408,0.11553086588780086,0.1049838736653328,0.13666346110403538,0.13899146020412445,0.12468843224147956,0.08809898048639297,0.14232916633288065,0.13522157073020935,0.14920256286859512,0.16541007161140442,0.13543474798401198,0.10660149902105331,0.09897664096206427,0.030463626608252525,0.1284750128785769,0.12115664035081863,0.11318245530128479,
1992756749,qslstm_log,extrapolation,late,2000077,62,8,54,54,7,0.053778605991858644,0.21322864726666482,0.06669432373857731,0.25825244188308716,0.07623568994670543,0.25542546436190605,0.050451630591140606,0.2069772669562587,0.012020166825365138,0.008090275526046752,0.03335289018494742,0.1998073777982167,0.1086549162864685,0.22579303809574672,0.11690053343772888,0.25542546436190605,0.2987038195133209,0.20606855675578117,0.2916821241378784,0.22251657582819462,0.2775689959526062,0.17021332867443562,0.27490323781967163,0.17456113919615746,0.2662709951400757,0.23754534125328064,,0.26647203309195383,,0.23388145012514933,,0.22010239320141928,,0.16920398036018014,0.14307907578983792,0.026124904570342222,0.21307634562253952,0.032018475234508514,0.20218498366219656,0.17872442305088043,0.16920398036018014,0.08726104348897934,0.20921976072713733,0.06154851242899895,0.1552597931586206,0.1572968065738678,0.18607855308800936,0.17337842285633087,0.14608249301090837,0.15548433363437653,0.18888075011117117,,0.15477098737444198,,0.1293810499565942,,0.12727026960679463,
1992756749,qslstm_log,extrapolation,late,2000078,62,2,60,60,1,0.21142995368418782,0.4503745680614825,0.012477342374953793,0.11170202493667603,0.08168179410410692,0.24888194911181927,0.2157548923368572,0.45709098869313797,0.013071799278259277,0.0028891762097676596,-0.001224219799041748,0.4815731309354305,0.4815731309354305,0.47679200395941734,0.47679200395941734,0.24888194911181927,0.10838437080383301,0.3119929861277342,0.1102297306060791,0.34436981193721294,0.114376962184906,0.2936724256724119,0.11170202493667603,0.49731918796896935,,0.52187105640769,,0.5141005180776119,,0.48459526523947716,,0.4710707329213619,,0.31371089071035385,0.15250336875518164,0.1612075219551722,0.14532862603664398,0.14532862603664398,0.1431591957807541,0.1431591957807541,0.31371089071035385,0.15305949747562408,0.15492462739348412,0.10420439392328262,0.1823924146592617,0.08032497018575668,0.20690544694662094,0.13280655443668365,0.19506044685840607,,0.17829643189907074,,0.1501663625240326,,0.19851750135421753,,0.06276416778564453,
1992756749,qslstm_log,extrapolation,late,2000079,62,4,58,57,4,0.0828468808366175,0.2728854487499883,0.08361115201648861,0.2891559302806854,0.09996138778916361,0.3010098310187459,0.08166657001230397,0.27094583617972917,0.011786515775479768,0.0045186616480350494,0.03227640688419342,0.24249003951748213,0.4319290705025196,0.2652349742129445,0.43610869720578194,0.3010098310187459,0.29004085063934326,0.3122392790392041,0.279724657535553,0.29316349793225527,0.28516170382499695,0.27208796609193087,0.28994354605674744,0.27159898448735476,0.2918241024017334,0.32462382037192583,0.2893162667751312,0.30640507210046053,0.2891559302806854,0.2708836495876312,,0.2644777198632558,,0.1366825709119439,0.13692945982168975,-0.0002468889097458349,0.14897015939156213,0.1012042760848999,0.2137094121426344,0.09988657385110855,0.1366825709119439,0.062481511384248734,0.18237250857055187,0.11858370155096054,0.1131569561548531,0.028341012075543404,0.19968253374099731,0.15485745668411255,0.1439792700111866,0.11177275329828262,0.16122886165976524,0.11494660377502441,0.137246229685843,0.16304433345794678,0.12875988706946373,,0.11791819830735524,
1992756749,qslstm_log,extrapolation,late,2000080,62,3,59,58,3,0.16988143385280668,0.40164283110249427,0.004381156128093977,0.06619030237197876,0.1108603056586645,0.29111149658759433,0.17288250816776307,0.40726306845070953,0.013419565969500048,0.004195988178253174,0.0049965282281239825,0.41496821244557697,0.43815460056066513,0.41527338822682697,0.4418306276202202,0.29111149658759433,0.06607973575592041,0.2962242936094602,0.06832844018936157,0.31964567800362903,0.07242900133132935,0.32205717265605927,0.06619030237197876,0.4462602064013481,,0.4422312006354332,,0.4392249807715416,,0.06925436854362488,,,,0.14302226652701697,0.13651903118875067,0.0065032353382663,0.1660174528757731,0.1709132045507431,0.08737544777492683,0.14561466872692108,0.14302226652701697,0.09184778481721878,0.0955290471514066,0.08371005207300186,0.11068084339300792,0.07546702772378922,0.07951826850573222,0.0663263276219368,0.06740361638367176,,0.10981819592416286,,0.17056425660848618,,0.083657406270504,,,
1992756749,qslstm_log,extrapolation,late,2000081,62,3,59,58,3,0.04288599529399149,0.19141122001794078,0.021374083081838968,0.14619877934455872,0.059981697579359894,0.2356561173995336,0.04201672229643038,0.189161479473114,0.012037797220822039,0.006739720702171326,0.004552175601323445,0.2495474567015966,0.292558953166008,0.25485848883787793,0.2914692908525467,0.2356561173995336,0.14441314339637756,0.2344637562831243,0.14647212624549866,0.23260813454786936,0.13388550281524658,0.23700650036334991,0.14157354831695557,0.2379059741894404,0.14619877934455872,0.28118497878313065,,0.21675877273082733,,0.28793367743492126,,0.2933074086904526,,0.1178109993537267,0.14016117420742066,-0.022350174853693963,0.12330209960540135,0.12476266175508499,0.1470547914505005,0.12245810031890869,0.1178109993537267,0.09276383370161057,0.08618043859799702,0.0774240717291832,0.09241438905398051,0.11881088465452194,0.10640415052572887,0.0812513455748558,0.12696046382188797,0.13052071630954742,0.1212470717728138,,0.09710734710097313,,0.09502305835485458,,0.09533166885375977,
1992756749,qslstm_log,extrapolation,late,2000082,62,5,57,57,4,0.15435272882096804,0.33326818709892614,0.07141079196636557,0.26722797751426697,0.10263077709913704,0.2768733724951744,0.15888974212990062,0.33821510066065874,0.011140982832824975,0.0033747156461079917,0.0071935951709747314,0.2636200984319051,0.16679012775421143,0.2828029226511717,0.171677827835083,0.2768733724951744,0.26040640473365784,0.21856629848480225,0.2677100896835327,0.2101689100265503,0.2660588026046753,0.21173598766326904,0.26722797751426697,0.1926477998495102,,0.21227186173200607,,0.24056259542703629,,0.27115867535273236,,0.2552388608455658,,0.24251316487789154,0.14424337276764082,0.09826979211025072,0.1309067408243815,0.08605194091796875,0.19005802273750305,0.10453423857688904,0.24251316487789154,0.15893565118312836,0.1674933224916458,0.09687682241201401,0.15255176573991774,0.13049732148647308,0.15626944452524186,0.16703571379184723,0.14898163452744484,,0.1832703799009323,,0.13974670507013798,,0.15974592665831247,,0.16936028500398,
1992756749,qslstm_log,extrapolation,late,2000083,62,8,54,54,7,0.0549936071477582,0.21267613684458117,0.15404601937977663,0.39248696714639664,0.07312177602217387,0.24641656037420034,0.052307952499696615,0.2076775555809339,0.010535712043444315,0.006354730576276779,0.03797580940382821,0.19423010696967444,0.17777442932128906,0.23980471704687392,0.1773945689201355,0.24641656037420034,0.3919994905591011,0.21003369893878698,0.38412774354219437,0.2489687604829669,0.39671335369348526,0.2645169487223029,0.3910517171025276,0.21581293735653162,0.39163685590028763,0.2480944348499179,0.4030066505074501,0.2887980854138732,0.39248696714639664,0.20286203707967485,,0.13509207112448557,,0.2519237659871578,0.12877939220655849,0.12314437378059934,0.2104105974237124,0.1636553406715393,0.1960575601884297,0.08657179027795792,0.2519237659871578,0.1670563817024231,0.17466316558420658,0.09086180478334427,0.1678392281755805,0.08921360969543457,0.18119128607213497,0.0966293215751648,0.15096705220639706,0.1445949226617813,0.15517875272780657,0.09051723033189774,0.14782256819307804,0.0871024802327156,0.14949397529874528,,0.14594671023743494,
1992756749,qslstm_log,extrapolation,late,2000084,62,4,58,57,4,0.05642069660680777,0.21290936537327304,0.01173107850208055,0.10831010341644287,0.07003527755735584,0.232607401907444,0.055481759989528596,0.21155088009505435,0.009181563791475798,0.004345776637395223,0.03777711093425751,0.1961970552802086,0.28899168968200684,0.1839994713664055,0.2837451100349426,0.232607401907444,0.11403658986091614,0.22113922238349915,0.11839747428894043,0.1767183244228363,0.11314210295677185,0.17333825677633286,0.10563117265701294,0.16721577942371368,0.11011290550231934,0.17144828289747238,0.11007601022720337,0.15762802958488464,0.10443115234375,0.16207540035247803,0.10830053687095642,0.18252659837404886,,0.1954537034034729,0.13829759251454782,0.05715611088892508,0.20779646188020706,0.15510477125644684,0.1657444778829813,0.06966398656368256,0.1954537034034729,0.1597263514995575,0.0965980077162385,0.08630248159170151,0.15374637302011251,0.055769916623830795,0.13852173648774624,0.17097079753875732,0.11349439155310392,0.0893951877951622,0.10081976745277643,0.05600177124142647,0.08933987468481064,0.051735762506723404,0.148222167044878,0.11809549480676651,0.09579840799172719,
1992756749,qslstm_log,extrapolation,late,2000085,62,4,58,57,4,0.15822089803128023,0.3888833883308595,0.161840254613427,0.40229374170303345,0.07698817730017393,0.2622735723853111,0.16382315463342548,0.3976150997753801,0.014271518117503115,0.008368277549743652,0.023385874927043915,0.3340420052409172,0.44405293464660645,0.33578529953956604,0.45059651136398315,0.2622735723853111,0.40038472414016724,0.29107674956321716,0.40872102975845337,0.2953086420893669,0.39857447147369385,0.31611599028110504,0.4045034646987915,0.3358887657523155,0.41211336851119995,0.3026479681332906,,0.3264775077501933,,0.37808991471926373,,0.3995042145252228,,0.20759326219558716,0.1374016034513198,0.07019165874426736,0.1714186454191804,0.033774640411138535,0.21742083132266998,0.1654432862997055,0.20759326219558716,0.13562175631523132,0.12693601101636887,0.09815094619989395,0.16452129185199738,0.0950140580534935,0.181648101657629,0.14722834527492523,0.13519595004618168,0.08455828577280045,0.13013023138046265,,0.17114373544851938,,0.15195941179990768,,0.11466194689273834,
1992756749,qslstm_log,extrapolation,late,2000086,62,4,58,58,3,0.07311116633125468,0.2547673777707161,0.05720747805116333,0.23918084800243378,0.08135280241692439,0.2732485793530941,0.07254277763569128,0.25349281214434527,0.01198441612309423,0.0041282276312510175,0.016770700613657635,0.31921767195065814,0.2131645679473877,0.2945762475331624,0.20310044288635254,0.2732485793530941,0.2393374890089035,0.2785899080336094,0.24272145330905914,0.26063356921076775,0.2340468019247055,0.27867598459124565,0.23554657399654388,0.3123803324997425,0.23218141496181488,0.31322529539465904,0.23918084800243378,0.3254908323287964,,0.21518043677012125,,0.23377610246340433,,0.18222855683416128,0.1342757692689012,0.047952787565260085,0.16806693871816,0.08531752228736877,0.13722576449314752,0.07417907565832138,0.18222855683416128,0.04178299382328987,0.2062581591308117,0.16682569682598114,0.1989232711493969,0.16503502428531647,0.15705556422472,0.10308513045310974,0.12096513994038105,0.08590850979089737,0.1304360618814826,0.018599454313516617,0.12762984881798425,,0.1356202488144239,,0.09035165111223857,
1992756749,qslstm_log,extrapolation,late,2000087,62,5,57,57,4,0.09957758748890609,0.2695293147717753,0.004129260270802071,0.06425932049751282,0.06547119244196402,0.22738367319107056,0.10256937652811154,0.2732263008753459,0.012982179198348731,0.005520137456747202,0.036190785467624664,0.2946930229663849,0.439579576253891,0.3049672916531563,0.4378100633621216,0.22738367319107056,0.06684055924415588,0.22038166522979735,0.08352005481719971,0.24042373299598693,0.07501611113548279,0.2629719853401184,0.0862308144569397,0.2714515686035156,0.08001413941383362,0.2752980709075928,0.0804935097694397,0.17889220118522645,0.0846731960773468,0.15303918719291687,0.07247647643089294,0.2768663540482521,,0.18021350763738156,0.13606088863391624,0.044152619003465315,0.16315292318662009,0.1701250821352005,0.19785604253411293,0.10853591561317444,0.18021350763738156,0.028644634410738945,0.2249845087528229,0.16337411105632782,0.19633854627609254,0.15523160994052887,0.21011916548013687,0.1235293373465538,0.17972688674926757,0.09408700466156006,0.13403015285730363,0.08773984760046005,0.12922478318214417,0.0677906796336174,0.11713305711746216,0.13075517117977142,0.13854872435331345,
1992756749,qslstm_log,extrapolation,late,2000088,62,1,61,60,1,0.16045347761669773,0.3871377552709272,0.009605037808796624,0.09800529479980469,0.009795980380150837,0.09897464513778687,0.16292327265336243,0.3918617406829459,0.014919557174046834,0.003564012050628662,0.001184701919555664,0.42084385454654694,0.42084385454654694,0.42509444057941437,0.42509444057941437,0.09897464513778687,0.09897464513778687,0.09548521041870117,0.09548521041870117,0.09830731153488159,0.09830731153488159,0.09885412454605103,0.09885412454605103,0.09294885396957397,0.09294885396957397,,,,,,,,,0.14419133961200714,0.1450995124693288,-0.0009081728573216707,0.08355344086885452,0.08355344086885452,0.15865232050418854,0.15865232050418854,0.14419133961200714,0.14419133961200714,0.17333024740219116,0.17333024740219116,0.10282370448112488,0.10282370448112488,0.08458534628152847,0.08458534628152847,0.15789328515529633,0.15789328515529633,,,,,,,,
1992756749,qslstm_log,extrapolation,late,2000089,62,7,55,54,7,0.11162750724528946,0.2941363791544591,0.10640895364153469,0.326203852891922,0.13104656359128428,0.31955479218491484,0.10915599098307194,0.2909013084051284,0.011615707366554826,0.006301039031573704,0.0420718789100647,0.22121028788387775,0.1092481017112732,0.2729412862764938,0.09350427985191345,0.31955479218491484,0.3097473382949829,0.25564032287469934,0.3225049674510956,0.24363721188689982,0.31538236141204834,0.22700586835188524,0.30756789445877075,0.3034367050443377,0.30299103260040283,0.28665836048977716,0.32635143399238586,0.29521121084690094,0.3289172947406769,0.3867177718452045,0.3267168700695038,0.45848800241947174,,0.1868650285261018,0.14082467115738176,0.04604035736872003,0.18989784953494868,0.051776569336652756,0.19790192161287581,0.1412273794412613,0.1868650285261018,0.10819294303655624,0.12443715014628001,0.08366137742996216,0.14112295795764243,0.057954732328653336,0.14581420804773057,0.1336837261915207,0.15158957349402563,0.07310033589601517,0.13940268009901047,0.09025749564170837,0.1255883856543473,0.1594928503036499,0.10757162900907653,0.16943426430225372,0.1375243440270424,
1992756749,qslstm_log,extrapolation,late,2000090,62,4,58,58,3,0.08718877321032922,0.2826680732410281,0.2093512754678961,0.4575492055155337,0.08972947255787282,0.27463234739843756,0.08701355256567105,0.28322226123017225,0.01628542871310793,0.004430562257766724,0.022004514932632446,0.2403541405995687,0.16028228402137756,0.19177152713139853,0.15419912338256836,0.27463234739843756,0.47084089228883386,0.2988701664144173,0.46617167303338647,0.2476312496000901,0.4660446555353701,0.28380941378418356,0.4575492055155337,0.23985342184702554,,0.21975154678026834,,0.22743400931358337,,0.35364345414564013,,0.3163362443447113,,0.23536942154169083,0.14063546806573868,0.09473395347595215,0.2082443262139956,0.07617697864770889,0.16477947185436884,0.15952704846858978,0.23536942154169083,0.13680818676948547,0.22953658178448677,0.1575750708580017,0.16151925921440125,0.14472515881061554,0.15320282243192196,0.09843600541353226,0.1526764060060183,,0.15658888220787048,,0.11691776911417644,,0.1678608457247416,,0.1696622297167778,
1992756749,qslstm_log,extrapolation,late,2000091,62,4,58,58,3,0.05937555308122116,0.16626205030948885,0.16703577871091113,0.4087001085281372,0.09241270767913368,0.26610250025987625,0.057097128626192706,0.15937650203704834,0.012234706817002132,0.002890010674794515,0.035001168648401894,0.2415473759174347,0.040372490882873535,0.2115190625190735,0.038568973541259766,0.26610250025987625,0.391255259513855,0.3016929253935814,0.3952546715736389,0.2670414000749588,0.39176446199417114,0.34100252389907837,0.39647895097732544,0.34155141562223434,0.3992828130722046,0.3324076980352402,0.39925044775009155,0.314161092042923,0.4042508900165558,0.1606531242529551,,0.044007728497187294,,0.2763094790279865,0.12785270434386772,0.1484567746841188,0.13698504058023295,0.017188837751746178,0.20910300811131796,0.16630636155605316,0.2763094790279865,0.13697640597820282,0.16450041625648737,0.0607844777405262,0.1661323569715023,0.1621997207403183,0.17162739485502243,0.10513836145401001,0.16366703808307648,0.12105507403612137,0.15218058601021767,0.1697169691324234,0.17025070264935493,0.13960041105747223,0.1416810154914856,,0.1649386684099833,
1992756749,qslstm_log,extrapolation,late,2000092,62,4,58,58,3,0.09340235793092198,0.2695121979040484,0.2619777609826821,0.5118376314640045,0.13133022352348828,0.3347043190151453,0.09078664306246913,0.265016189551559,0.012630619879426628,0.00683858532171983,0.03850927948951721,0.29904357840617496,0.23847262561321259,0.2856874292095502,0.2557157129049301,0.3347043190151453,0.5088331699371338,0.3248655293136835,0.5099950432777405,0.2698540911078453,0.5175753533840179,0.2865523472428322,0.520691305398941,0.25131168588995934,0.5315256118774414,0.2313399501144886,0.5167344808578491,0.2169412262737751,0.5261739790439606,0.22443309053778648,0.5112766027450562,0.14987498025099436,,0.2945154644548893,0.1399688755708008,0.1545465888840885,0.2790890733400981,0.07095316052436829,0.21232969189683595,0.04913516715168953,0.2945154644548893,0.14242438971996307,0.21136190649122,0.06066463515162468,0.24010983482003212,0.16368520259857178,0.20041226409375668,0.11243277043104172,0.16054619569331408,0.05235731974244118,0.1692020185291767,0.17034490406513214,0.16473513841629028,0.15973976254463196,0.1287078047171235,0.08514752984046936,0.0759981485704581,
1992756749,qslstm_log,extrapolation,late,2000093,62,4,58,58,3,0.09434807145720811,0.24346376426758304,0.01840614843919841,0.1356692612171173,0.07491388646253827,0.2264728918671608,0.09568836007753016,0.24463554857106046,0.013710755212553617,0.0035502811272939048,0.012986530860265097,0.30281294385592145,0.4480036497116089,0.3317677477995555,0.4413013756275177,0.2264728918671608,0.11800429224967957,0.24172773957252502,0.11618593335151672,0.15144333988428116,0.11826768517494202,0.1582333743572235,0.12260806560516357,0.1661691814661026,0.12394696474075317,0.17108970880508423,0.1356692612171173,0.16272721687952676,,0.16614806652069092,,0.1566286583741506,,0.2767355293035507,0.14740101842145467,0.12933451088209605,0.21291252473990122,0.11807852238416672,0.17157676381369433,0.026119770482182503,0.2767355293035507,0.14985564351081848,0.18438158556818962,0.06305794417858124,0.20765309780836105,0.15950235724449158,0.17173132952302694,0.11803952604532242,0.17456696555018425,0.15535202622413635,0.1664593629539013,0.12981119751930237,0.1911007265249888,,0.16155899316072464,,0.14651190241177878,
1992756749,qslstm_log,extrapolation,late,2000094,62,3,59,58,3,0.057354200338211876,0.15145482375256478,0.20332796678795445,0.4509190246462822,0.11811438912124263,0.2906389112273852,0.05426469921365099,0.14437766676231967,0.011169404305260757,0.003469720482826233,0.04402427872021993,0.17787285645802817,0.006422698497772217,0.17235944668451944,0.02024427056312561,0.2906389112273852,0.4606320485472679,0.2803963894645373,0.46157123893499374,0.30663251628478366,0.46809225529432297,0.311444915831089,0.46331941336393356,0.31487902750571567,0.4566465839743614,0.3158123965064685,0.45183267444372177,0.1886871432264646,0.4481727406382561,0.023217976093292236,,0.03895363211631775,,0.1474719444910685,0.1456909489391719,0.0017809955518966192,0.21658686051766077,0.08522673696279526,0.21814095477263132,0.0982261598110199,0.1474719444910685,0.07587441802024841,0.18764431029558182,0.10535985976457596,0.17971756557623544,0.17378266155719757,0.17993212242921194,0.13869163393974304,0.1593792364001274,0.08583328872919083,0.1865323930978775,0.1683078557252884,0.1426200121641159,0.09253660589456558,0.14236970245838165,,0.1357787400484085,
1992756749,qslstm_log,extrapolation,late,2000095,62,4,58,58,3,0.15442493420824743,0.3897188834605678,0.22328597034101982,0.4725314490497112,0.15254137771095663,0.38296965416520834,0.15455483465633646,0.390184347549903,0.013495635369728351,0.009047508239746094,0.028540372848510742,0.3593778908252716,0.4156072288751602,0.32533606390158337,0.38565295934677124,0.38296965416520834,0.46716929599642754,0.3975889924913645,0.45627911016345024,0.40543138422071934,0.4690644256770611,0.3743960577994585,0.4725314490497112,0.41474150990446407,,0.42498980462551117,,0.36157821118831635,,0.36720892786979675,,0.3691922277212143,,0.21998349018394947,0.13523385718721767,0.0847496329967318,0.18457758923371634,0.10631534457206726,0.177421435713768,0.1629459410905838,0.21998349018394947,0.10043615847826004,0.14039922133088112,0.08097847551107407,0.14705457538366318,0.07869692891836166,0.1556397546082735,0.056069016456604004,0.1453350434700648,,0.12819526717066765,,0.1620686948299408,,0.13893815129995346,,0.15453855693340302,
1992756749,qslstm_log,extrapolation,late,2000096,62,5,57,56,5,0.07387771347288091,0.24392963561319536,0.017441832836163407,0.13206753134727478,0.06185312870682811,0.23090279698371888,0.07493250161025397,0.24507234075613188,0.010176302599055427,0.0027209778626759848,0.022171282768249513,0.2587980985641479,0.40718597173690796,0.26655381321907046,0.4115333557128906,0.23090279698371888,0.12598049640655518,0.23049508333206176,0.13043195009231567,0.22410162091255187,0.12615221738815308,0.23224472999572754,0.1228276789188385,0.23877185583114624,0.12864577770233154,0.2368423819541931,0.12678813934326172,0.21759448051452637,0.12680837512016296,0.25465376377105714,0.13186779618263245,0.2683941498398781,,0.1791177958250046,0.14170220229578645,0.03741559352921814,0.19874970912933348,0.12109655141830444,0.1862999513745308,0.10124293714761734,0.1791177958250046,0.1599404513835907,0.11024936214089394,0.04617754742503166,0.15025344491004944,0.15419897437095642,0.12963832095265387,0.03746046498417854,0.16918866336345673,0.16635386645793915,0.15204247534275056,0.11190390586853027,0.11471568755805492,0.021523816511034966,0.13013982847332956,0.03519025072455406,0.16324825584888458,
1992756749,qslstm_log,extrapolation,late,2000097,62,3,59,59,2,0.11764386904589516,0.333300317487409,0.03822272675330396,0.19550633430480957,0.082781844908754,0.26268212000528973,0.11941651434100405,0.3368910732915846,0.013669406458482905,0.006096949179967244,0.021785125136375427,0.46969136595726013,0.3600516617298126,0.4579118341207504,0.354177325963974,0.26268212000528973,0.1730605959892273,0.3113829592863719,0.17929744720458984,0.32489009698232013,0.18350213766098022,0.328400582075119,0.1898372769355774,0.20383524894714355,0.1939915418624878,0.2287577191988627,0.19550633430480957,0.2545168846845627,,0.31913256645202637,,0.36896732449531555,,0.25083526968955994,0.12589645433097574,0.1249388153585842,0.1695239581167698,0.10752921551465988,0.15157610457390547,0.02889818511903286,0.25083526968955994,0.16095875203609467,0.2361199955145518,0.17037086188793182,0.20858847598234811,0.1610744744539261,0.2100326269865036,0.16950064897537231,0.15082339942455292,0.1387871354818344,0.1664823517203331,0.07272664457559586,0.15356051921844482,,0.09728524833917618,,0.0657295435667038,
1992756749,qslstm_log,extrapolation,late,2000098,62,4,58,57,4,0.07756224303088884,0.2579355460982169,0.02600237792475557,0.16125252842903137,0.058126815413832356,0.22511184960603714,0.07890261734930654,0.2601992493045741,0.01324012091285304,0.005897712707519531,0.01979668438434601,0.15355284512043,0.33711057901382446,0.2229447215795517,0.34314626455307007,0.22511184960603714,0.15702036023139954,0.19605085998773575,0.15865346789360046,0.209636352956295,0.16404244303703308,0.21231292933225632,0.16109052300453186,0.20950815081596375,0.17092880606651306,0.23017346858978271,,0.24285737673441568,,0.2301822304725647,,0.24111058314641318,,0.1647314764559269,0.13662947617985052,0.028102000276076372,0.16169771365821362,0.15306001901626587,0.16100269742310047,0.11257195472717285,0.1647314764559269,0.08954083919525146,0.11907721403986216,0.05267971381545067,0.14373274892568588,0.13819453120231628,0.12085955869406462,0.05397885665297508,0.13193496130406857,0.1540081948041916,0.14859169721603394,,0.12686957915623984,,0.1496641164024671,,0.11500750482082367,
1992756749,qslstm_log,extrapolation,late,2000099,62,6,56,56,5,0.1309038965484687,0.3539940308058454,0.131665861405744,0.3628579080104828,0.12584481085591037,0.34417707038422424,0.1314459414441,0.35504584799387623,0.010760844818183355,0.004762658051082066,0.016433751583099364,0.3481946662068367,0.30292925238609314,0.37926162257790563,0.3016674220561981,0.34417707038422424,0.3598368465900421,0.3437191608051459,0.35013508796691895,0.3661564302941163,0.3581996560096741,0.374144038806359,0.36089691519737244,0.3735040140648683,0.36666038632392883,0.3746084086596966,0.3586389124393463,0.36861071673532325,0.36852002143859863,0.3945463498433431,0.36113595962524414,0.3540675364434719,,0.16613447914520899,0.12834211082996003,0.03779236831524896,0.16481565982103347,0.10269724577665329,0.11962265372276307,0.07990951091051102,0.16613447914520899,0.0524878203868866,0.15273672714829445,0.11693728715181351,0.1371657041211923,0.11686979979276657,0.102448424945275,0.08794767409563065,0.11697932612150908,0.02908521331846714,0.14689869371553263,0.13020651042461395,0.12394431605935097,0.08805213123559952,0.13409271215399107,0.16918794810771942,0.09646165668964386,
1992756749,qslstm_log,extrapolation,late,2000100,62,3,59,59,2,0.07620139646206439,0.26930505121427195,0.017849659849389354,0.13360261917114258,0.07383430886857434,0.2573249203463395,0.07632175684817406,0.2699142104109465,0.012157244702516976,0.004786233107248942,0.02495776116847992,0.3601249996572733,0.30350804328918457,0.3460220042616129,0.30618226528167725,0.2573249203463395,0.13439726829528809,0.24071049317717552,0.138938307762146,0.2663397751748562,0.14103394746780396,0.2852640015383561,0.13838675618171692,0.2763887705902259,0.1285611391067505,0.239665816227595,0.13360261917114258,0.25427132844924927,,0.25697803497314453,,0.2623346894979477,,0.23027104449768862,0.13293177179865917,0.09733927269902945,0.12420136854052544,0.12595342099666595,0.18812547624111176,0.15291781723499298,0.23027104449768862,0.02699119783937931,0.23875953257083893,0.1627776175737381,0.1924733171860377,0.13634152710437775,0.16355905930201212,0.11966410279273987,0.1188635304570198,0.07436884939670563,0.1454277162750562,0.14510563015937805,0.18919166922569275,,0.14028483256697655,,0.10635369084775448,
1992756749,qslstm_log,extrapolation,late,2000101,62,9,53,53,8,0.1294020726985129,0.32787756790076533,0.0780946756987364,0.2794542461633682,0.10146888282905817,0.2919134596983592,0.1341454445631373,0.33398468061438147,0.016460122927179875,0.006132578849792481,0.02321302890777588,0.31763394735753536,0.19362282752990723,0.2921678442507982,0.1852715015411377,0.2919134596983592,0.2772662788629532,0.28120045529471505,0.28482355177402496,0.26100018951627946,0.2798953801393509,0.29542522463533616,0.2766568511724472,0.3032516986131668,0.28552500903606415,0.3115585073828697,,0.3620831184089184,,0.3795128185302019,,0.32233648374676704,,0.19287537452247408,0.13442245385838006,0.05845292066409402,0.16405427874997258,0.08256920427083969,0.14780820719897747,0.0736517384648323,0.19287537452247408,0.05618903040885925,0.1327818756302198,0.03537148982286453,0.16333731843365562,0.15944504737854004,0.11681044391459888,0.07019053399562836,0.15587959935267767,0.13926130533218384,0.12199923116713762,,0.10458661569282413,,0.13529710564762354,,0.12501655705273151,
1992756749,qslstm_log,extrapolation,late,2000102,62,5,57,56,5,0.141316388092582,0.35366028715525905,0.07701147053446733,0.277509406208992,0.0913749990493717,0.28568728268146515,0.14569721169286362,0.35962283140734624,0.010525424565587724,0.002386284726006644,0.04659163355827332,0.3353380039334297,0.41461899876594543,0.28189592361450194,0.4156081974506378,0.28568728268146515,0.2642376571893692,0.28199739158153536,0.26372940838336945,0.299948188662529,0.2667514830827713,0.31978869140148164,0.2675127536058426,0.31130251884460447,0.27014802396297455,0.3220329940319061,0.27172671258449554,0.37189329266548155,0.2771884649991989,0.3390897125005722,0.27100805938243866,0.35938316583633423,,0.2012576311826706,0.14023788466134615,0.06101974652132444,0.2027248591184616,0.16294734179973602,0.21728204935789108,0.11044717580080032,0.2012576311826706,0.08539062738418579,0.1302988465875387,0.06685806065797806,0.17737312838435174,0.05394555255770683,0.13142747059464455,0.050862547010183334,0.14060091599822044,0.06035981699824333,0.12497451528906822,0.16690003871917725,0.1377691261470318,0.16377733647823334,0.12888477146625518,0.1086726188659668,0.11026367079466581,
1992756749,qslstm_log,extrapolation,late,2000103,62,4,58,57,4,0.0897299132250689,0.25368601193411217,0.19577644310192355,0.4424663186073303,0.12966355891041886,0.31712177873123437,0.08697586869504476,0.24931113146534511,0.012270624177497729,0.0038727413524280896,0.04063288867473602,0.2403227734612301,0.062074244022369385,0.23782484710682184,0.06018662452697754,0.31712177873123437,0.44523292779922485,0.3392842310713604,0.4494679570198059,0.2788483798503876,0.4380912184715271,0.2863107845187187,0.43853676319122314,0.30412306636571884,0.435385525226593,0.2977631315588951,0.42866116762161255,0.287661150097847,0.4351370334625244,0.25596198439598083,,0.2446101506551107,,0.13158028153702617,0.1335047247402113,-0.0019244432031851333,0.16697018593549728,0.1272670030593872,0.19500302895903587,0.08614552021026611,0.13158028153702617,0.03061048500239849,0.1588322976604104,0.15099534392356873,0.15997557900846004,0.09559083729982376,0.1360253393650055,0.10359557718038559,0.12991833128035069,0.11521362513303757,0.10768533451482654,0.11858529597520828,0.1517032776027918,0.09023182839155197,0.14048246294260025,,0.09337808564305305,
1992756749,qslstm_log,extrapolation,late,2000104,62,7,55,55,6,0.10354075145862894,0.2832562153738353,0.004119296397963268,0.06418174505233765,0.10219427441771121,0.2887311742774078,0.10371212126383667,0.28255940242247146,0.01200909289446744,0.007452729675504897,0.022502005100250244,0.3362950881322225,0.524613231420517,0.34407968260347843,0.5326792597770691,0.2887311742774078,0.03747531771659851,0.2614480895655496,0.035200417041778564,0.2785884439945221,0.05028840899467468,0.32172114508492605,0.0372965931892395,0.32312422139304026,0.04892668128013611,0.30975782019751413,0.04639974236488342,0.30501353314944674,0.059405356645584106,0.3740259452412526,,0.16193796197573343,,0.19220751417534693,0.1442560884762894,0.047951425699057526,0.18712822968761125,0.1520053595304489,0.1729585900902748,0.10787990689277649,0.19220751417534693,0.12198401242494583,0.13162234372326306,0.0718742311000824,0.14487778767943382,0.12252607941627502,0.16605005732604436,0.16154859960079193,0.12714240487132752,0.08178775757551193,0.16086638293095998,0.17013484239578247,0.14755968643086298,0.1431848555803299,0.13756136472026506,,0.1347980530311664,
1992756749,qslstm_log,extrapolation,late,2000105,62,5,57,57,4,0.1110333888397255,0.29447041451931,0.16207883338724116,0.40259015560150146,0.10603922074481589,0.3122065633535385,0.11147147376033159,0.2929146119899917,0.013338260483323481,0.005721935859093299,0.030051589012145996,0.2783241917689641,0.31878043711185455,0.2740878574550152,0.326411709189415,0.3122065633535385,0.39375096559524536,0.3240800231695175,0.3893747329711914,0.3305348724126816,0.3967430591583252,0.30394296944141386,0.4013044238090515,0.2850915938615799,0.4066539406776428,0.2872382402420044,0.40328624844551086,0.27411915063858033,0.3976874351501465,0.28008880019187926,0.3983113765716553,0.24657966196537018,,0.2310263067483902,0.1268287963282905,0.1041975104200997,0.1418855960170428,0.16895818710327148,0.1889754831790924,0.1283004730939865,0.2310263067483902,0.10238685458898544,0.15223970264196396,0.06486424058675766,0.15918362736701966,0.10577279329299927,0.11782653108239174,0.08811629563570023,0.1623564064502716,0.07538065314292908,0.1216973215341568,0.09209998697042465,0.10916573051363229,0.01498891320079565,0.12155771851539612,0.09164886921644211,0.15779301896691322,
1992756749,qslstm_log,extrapolation,late,2000106,62,4,58,57,4,0.059556098339547454,0.1655231144339327,0.22163342966635824,0.4707795977592468,0.15954851869415632,0.3673260058276355,0.05266006934957443,0.15160567364816008,0.014932347494259215,0.006324732303619384,0.007972881197929382,0.2635532906278968,0.09720277786254883,0.2508612866513431,0.10995227098464966,0.3673260058276355,0.4851573705673218,0.2861382062546909,0.48209095001220703,0.28367773396894336,0.47863197326660156,0.2796238581649959,0.47081393003463745,0.2816196228377521,0.47943687438964844,0.22866670228540897,,0.21952375707527003,,0.10117080807685852,,0.10784680644671123,,0.11022848635911942,0.1394958962236756,-0.02926740986455617,0.16761722415685654,0.15679192543029785,0.11989285796880722,0.10768842697143555,0.11022848635911942,0.15806525945663452,0.06978960800915956,0.08501052111387253,0.11909781210124493,0.08290838450193405,0.115011234767735,0.1105247214436531,0.1285854745656252,0.1150035634636879,0.15853155652681986,,0.1254224255681038,,0.11027958492437999,,0.1341393714149793,
1992756749,qslstm_log,extrapolation,late,2000107,62,5,57,56,5,0.1636454096069603,0.3998616611164424,0.08278666264386758,0.2877267152070999,0.13454327999729304,0.36398266777396204,0.16619822799377326,0.40300894123420383,0.012474890798330307,0.014263302087783813,0.0691948413848877,0.3087105192244053,0.40326741337776184,0.3326644353568554,0.39518797397613525,0.36398266777396204,0.30199001729488373,0.3682321310043335,0.2877267152070999,0.42698482796549797,,0.41095320880413055,,0.38396188244223595,,0.41165901347994804,,0.4062490500509739,,0.3921029083430767,,0.40296195074915886,,0.20485458374023438,0.1434916462422463,0.061362937497988074,0.2757289186120033,0.17443202435970306,0.28317599892616274,0.14351774752140045,0.20485458374023438,0.15493012964725494,0.20298322439193725,0.17343173921108246,0.170938853174448,,0.20271183922886848,,0.19567587599158287,,0.13184591382741928,,0.15108229219913483,,0.11812173947691917,,0.1428364012390375,
1992756749,qslstm_log,extrapolation,late,2000108,62,4,58,57,4,0.06462793707928198,0.16788437962532043,0.19239310015695654,0.43862637877464294,0.09248188017029357,0.23087496310472488,0.06270697548679842,0.16354020145432702,0.01362326793503343,0.004957132041454315,0.012916579842567444,0.3314769119024277,0.03378951549530029,0.22408418357372284,0.03016519546508789,0.23087496310472488,0.4541833698749542,0.31415294855833054,0.44754859805107117,0.3090376481413841,0.43844613432884216,0.22082344442605972,0.4445497691631317,0.12732475250959396,0.43748024106025696,0.1292201653122902,0.43503376841545105,0.13649559766054153,0.43862637877464294,0.037533183892567955,,0.02267940839131673,,0.12822889257222414,0.13780095620915808,-0.009572063636933942,0.19220738112926483,0.15644267201423645,0.1249832771718502,0.066851407289505,0.12822889257222414,0.1691354662179947,0.18582143262028694,0.16814643144607544,0.15962071157991886,0.1701572984457016,0.12062109913676977,0.09034162014722824,0.1424659574404359,0.14716719090938568,0.14989127591252327,0.10842189937829971,0.08566995710134506,0.07708881050348282,0.10223697498440742,,0.10073063025871913,
1992756749,qslstm_log,extrapolation,late,2000109,62,7,55,54,7,0.11102205104382902,0.28926782045633564,0.1072377847722008,0.3274718075990677,0.09391911324011588,0.2783473666225161,0.11319878858248342,0.2906576963988217,0.014885851630458125,0.005698740482330322,0.032030386584145684,0.174728729895183,0.16152727603912354,0.2312655108315604,0.17079657316207886,0.2783473666225161,0.3170023709535599,0.23754826826708658,0.32720835506916046,0.22473592630454473,0.32905323803424835,0.23935940648828233,0.3217947632074356,0.25340369982378824,0.3256029039621353,0.22298802861145564,0.3254694491624832,0.22515784204006195,0.3264814764261246,0.3356121118579592,0.3274718075990677,0.4970540925860405,,0.17671935366732733,0.14188272959806703,0.0348366240692603,0.21496458245175226,0.14321772754192352,0.17444433591195516,0.1451672464609146,0.17671935366732733,0.10942365974187851,0.192525076014655,0.14759014546871185,0.17365594421114242,0.08999020606279373,0.14272873689021384,0.018032466992735863,0.14879469999245235,0.1653132438659668,0.13645262909787043,0.07446268945932388,0.12150553720338005,0.1061810553073883,0.11349123077733177,0.0688476637005806,0.12159341697891553,
1992756749,qslstm_log,extrapolation,late,2000110,62,3,59,58,3,0.10025914353972423,0.29323343250660167,0.011479402075792677,0.10714197158813477,0.11782202824330591,0.30979587075610954,0.09936611550394887,0.29239127462950804,0.015074004387033397,0.003210000693798065,0.03763399521509806,0.30518643495937187,0.3105660676956177,0.299669220422705,0.31569570302963257,0.30979587075610954,0.10915642976760864,0.3249456329892079,0.10696518421173096,0.33951122003297013,0.10418838262557983,0.3269993010908365,0.10730206966400146,0.3040886266777913,0.10447078943252563,0.29972929197053116,0.10646259784698486,0.28345278340081376,0.10714197158813477,0.33984434604644775,,0.3030700385570526,,0.16775214423735937,0.1510416925963709,0.016710451640988472,0.19861464947462082,0.10613604635000229,0.19104440013567606,0.16271692514419556,0.16775214423735937,0.10093235224485397,0.10450204958518346,0.0831150934100151,0.1163526251912117,0.023324526846408844,0.18690991401672363,0.1517753154039383,0.14437435815731683,0.16799300909042358,0.15193866193294525,0.13058312237262726,0.1581973358988762,0.11104593425989151,0.10926204547286034,,0.13784855231642723,
1992756749,qslstm_log,extrapolation,late,2000111,62,4,58,57,4,0.19752048554757434,0.4341276589660875,0.018173511289654165,0.13480916619300842,0.16663865654730892,0.3818816412240267,0.19965026685793755,0.437730832603471,0.010017307703955132,0.003063008189201355,0.03993162512779236,0.4219558369368315,0.4336951971054077,0.40706959925591946,0.4367005228996277,0.3818816412240267,0.13608786463737488,0.3859546724706888,0.14072778820991516,0.37549312599003315,0.13396242260932922,0.3900392819195986,0.13398697972297668,0.3813836444169283,0.13480916619300842,0.4631684844692548,,0.3647235458095868,,0.4563284404575825,,0.4662921763956547,,0.19486504048109055,0.1390388062673396,0.055826234213750936,0.14620780013501644,0.039609842002391815,0.15700288861989975,0.15654490888118744,0.19486504048109055,0.1701962798833847,0.095767293125391,0.08528950810432434,0.14518515765666962,0.0672345906496048,0.1341035831719637,0.07812211662530899,0.15214407071471214,0.1526450663805008,0.13830983887116113,,0.147489403684934,,0.17202143371105194,,0.12600616365671158,
1992756749,qslstm_log,extrapolation,late,2000112,62,5,57,56,5,0.15074115282841752,0.380903186817323,0.16038373085450885,0.40047937631607056,0.11643790418676944,0.33359357714653015,0.15375020972680775,0.3850531525779189,0.014791893107550485,0.007088695963223775,0.03885834813117981,0.37070947140455246,0.2640884667634964,0.33831021189689636,0.2607640475034714,0.33359357714653015,0.4031791687011719,0.33805830478668214,0.40780508518218994,0.362422251701355,0.40118932723999023,0.36299567818641665,0.3978303074836731,0.3643641471862793,0.38730740547180176,0.38911430835723876,0.404262900352478,0.3931951433420181,0.39855533838272095,0.4147820144891739,0.40047937631607056,0.42153702676296234,,0.12263932600617408,0.14374932215402,-0.021109996147845922,0.15272963792085648,0.12290072441101074,0.18778754770755768,0.17261546850204468,0.12263932600617408,0.11427826434373856,0.19305614680051802,0.10906989127397537,0.16503291130065917,0.16930162906646729,0.1545899033546448,0.12162851542234421,0.14409603625535966,0.06260845810174942,0.12712890207767485,0.0963732898235321,0.1636954054236412,0.11943215876817703,0.1222648024559021,0.04332509636878967,0.10564801190048456,
1992756749,qslstm_log,extrapolation,late,2000113,62,5,57,57,4,0.19904055190005346,0.43795586046912977,0.1463147428955281,0.38251110166311264,0.120029836112387,0.3327952839434147,0.20597131644283118,0.4471804724450697,0.01477080322148507,0.006962726513544719,0.047438353300094604,0.4238269018630187,0.36446964740753174,0.3875619312748313,0.35924232006073,0.3327952839434147,0.4135282561182976,0.37991063967347144,0.4113958403468132,0.40585846081376076,0.3975159451365471,0.4001605547964573,0.3913404271006584,0.42235221043229104,0.38776152580976486,0.4461628459393978,0.3742084428668022,0.458878006786108,0.3679657503962517,0.4831969188526273,,0.4849105952307582,,0.24581644535064698,0.12748758511192965,0.11832886023871733,0.16759011894464493,0.13430650532245636,0.17438674066215754,0.035970788449048996,0.24581644535064698,0.16148504614830017,0.18651567101478578,0.11922571063041687,0.20359945744276048,0.17308294773101807,0.19598498642444612,0.13416410982608795,0.17365790903568268,0.10518551617860794,0.15083850175142288,0.07659096270799637,0.13598910197615624,0.051069047302007675,0.13468105625361204,,0.12192783877253532,
1992756749,qslstm_log,extrapolation,late,2000114,62,5,57,57,4,0.10541376043246725,0.30856745317578316,0.11531178284600685,0.3395758867263794,0.059757594107501796,0.22199475020170212,0.10941868730307826,0.3161615499278955,0.014301338739562453,0.0033998489379882812,0.010202877223491669,0.2389089372009039,0.09332031011581421,0.23542321287095547,0.08679494261741638,0.22199475020170212,0.33894264698028564,0.2698718950152397,0.3426591157913208,0.2662346825003624,0.3395758867263794,0.22658036462962627,,0.2985093053430319,,0.28892657719552517,,0.2730715150634448,,0.28148317337036133,,0.28369959195454914,,0.1883166626095772,0.12647333442184486,0.06184332818773233,0.07851955643855035,0.09290165454149246,0.12536305002868176,0.09299454092979431,0.1883166626095772,0.06654994934797287,0.1814747452735901,0.16005587577819824,0.15097220242023468,0.09938374906778336,0.11786264833062887,,0.15228132158517838,,0.12479867041110992,,0.10890353222688039,,0.11248085771997769,,0.06786867355306943,
1992756749,qslstm_log,extrapolation,late,2000115,62,7,55,55,6,0.09829423956471173,0.30487936026146334,0.11396240628313592,0.33758318424224854,0.09826730582256504,0.30623097345232964,0.09829766749553039,0.304707336764444,0.01485339945012873,0.002151926358540853,0.014184723297754923,0.31445148897667724,0.24361705780029297,0.3028095991661151,0.23931193351745605,0.30623097345232964,0.34300118684768677,0.31570653670600485,0.3415360748767853,0.31729461731655256,0.34205496311187744,0.3093229686575277,0.33758318424224854,0.3046282560875018,,0.27826843472818535,,0.3080485376218955,,0.30434745363891125,,0.3171316996216774,,0.12849658195461547,0.1398748046972535,-0.011378222742638028,0.119193601111571,0.07728730887174606,0.14413698762655258,0.14365561306476593,0.12849658195461547,0.05674586072564125,0.204862613763128,0.17421628534793854,0.15197662051234925,0.14751766622066498,0.13829758231128966,0.16629236936569214,0.145089623828729,,0.12846175084511438,,0.17000849545001984,,0.12244354374706745,,0.12322240173816681,
1992756749,qslstm_log,extrapolation,late,2000116,62,3,59,59,2,0.11238079375624442,0.3076280260743994,0.21879624828148786,0.467756612226367,0.1147109484930221,0.318565439277639,0.11226231131200151,0.3070718864199974,0.014018834142361656,0.005032978274605491,0.009713634848594666,0.3942020188551396,0.24005082249641418,0.3926730852108449,0.2577177882194519,0.318565439277639,0.4634189438074827,0.3683371356067558,0.47243146412074566,0.38767996539051336,0.4691548477858305,0.4174913973547518,0.46436123363673687,0.4150403152840833,0.46714423410594463,0.4063462526537478,0.46189392916858196,0.3991597802378237,0.46992106549441814,0.21956253051757812,,0.21714839339256287,,0.23547423630952835,0.1348819664474261,0.10059226986210226,0.10765238478779793,0.07872631400823593,0.14686143770813942,0.12224628776311874,0.23547423630952835,0.0838150903582573,0.23763210078080496,0.15540513396263123,0.19214443365732828,0.16626960039138794,0.1673760066429774,0.14524690806865692,0.08682685097058614,0.034938883036375046,0.11425704757372539,0.06207558512687683,0.15224369118611017,0.16781820356845856,0.13409284502267838,,0.11681868508458138,
1992756749,qslstm_log,extrapolation,late,2000117,62,4,58,58,3,0.09163526437633666,0.25705470817704357,0.3232859294174881,0.5685823857784271,0.1250450508335908,0.3152620680630207,0.0893311411723881,0.25304040749525203,0.012021557524286467,0.005952502290407817,0.02010000745455424,0.28182386855284375,0.09661546349525452,0.2622720847527186,0.09300491213798523,0.3152620680630207,0.5600330233573914,0.3415258266031742,0.5713860392570496,0.3476599417626858,0.5657097399234772,0.3641814924776554,0.5675357282161713,0.3457550220191479,0.5676980912685394,0.36035095527768135,0.5685823857784271,0.2453164259592692,,0.25266064206759137,,0.2523529529571533,,0.20786555670201778,0.1406610000172052,0.0672045566848126,0.14655319104592004,0.1338314563035965,0.15852925181388855,0.13817714154720306,0.20786555670201778,0.11425735801458359,0.13839397253468633,0.021758655086159706,0.18262168765068054,0.15769411623477936,0.17425630241632462,0.15829086303710938,0.14934207685291767,0.1624191254377365,0.13186923041939735,0.07146435230970383,0.14498579502105713,,0.13550611088673273,,0.11491480221350987,
1992756749,qslstm_log,extrapolation,late,2000118,62,6,56,56,5,0.1823940933671302,0.40408344326480744,0.2010824302377095,0.4484221562743187,0.12041713722927772,0.3049207267661889,0.18903448152475727,0.41470802003251656,0.009138998708554677,0.004711449146270752,0.02846173644065857,0.2731056809425354,0.4822773337364197,0.28902141451835633,0.4878825843334198,0.3049207267661889,0.43962665647268295,0.2649316725631555,0.4448542520403862,0.28561029707392055,0.44218482822179794,0.2495169180134932,0.4484221562743187,0.20668448209762574,,0.21725239157676696,,0.22176285982131957,,0.2763956367969513,,0.45539729595184325,,0.24106642231345177,0.1251251018838957,0.11594132042955607,0.23691831319592893,0.015009275637567043,0.2713573217391968,0.1619514375925064,0.24106642231345177,0.11871195584535599,0.16240324173122644,0.023728756234049797,0.18163760006427765,0.16364622116088867,0.14848402546097836,0.03108438290655613,0.17865564525127411,,0.16178603023290633,,0.17038417756557464,,0.15135883688926696,,0.1337896093726158,
1992756749,qslstm_log,extrapolation,late,2000119,62,6,56,56,5,0.09532783391035876,0.3015510676608932,0.17188215694198933,0.41458673030138016,0.07892391803243896,0.27065034334858257,0.09708539632585014,0.30486185955149786,0.007516844464199883,0.0030669495463371277,0.04011156558990479,0.2366340309381485,0.2859199643135071,0.26485230922698977,0.2893732190132141,0.27065034334858257,0.4146250858902931,0.23391055688261986,0.4160420075058937,0.22570348903536797,0.41355008631944656,0.24664086227615675,0.41169286519289017,0.26557443166772526,0.41693709045648575,0.26116349920630455,0.41415414959192276,0.2685103627542655,0.41819847375154495,0.2855916731059551,0.41458673030138016,0.26632304191589357,,0.24427920331557593,0.12167051228295479,0.12260869103262113,0.24174325168132782,0.15425194799900055,0.24132801592350006,0.14985968172550201,0.24427920331557593,0.15282297134399414,0.23150249073902765,0.16770125925540924,0.1999536802371343,0.13980108499526978,0.17436015233397484,0.10166922956705093,0.16256058588624,0.06898746639490128,0.1579723171889782,0.10731618851423264,0.14637978747487068,0.10997080057859421,0.1387440599501133,0.06967351585626602,0.08980484306812286,
1992756749,qslstm_log,extrapolation,late,2000120,62,6,56,56,5,0.09177769840499216,0.2936012204135618,0.061789576045626404,0.2485750913619995,0.10676572904431496,0.30001820375521976,0.09017183797935044,0.29291368648409843,0.013112844101020269,0.006065520373257724,0.058413589000701906,0.3697239100933075,0.32652416825294495,0.32279368937015535,0.3319411873817444,0.30001820375521976,0.2362930178642273,0.33544768393039703,0.24266672134399414,0.3692326992750168,0.2520921230316162,0.28341540445884067,0.2569540739059448,0.3136405199766159,0.2625029981136322,0.2466387947400411,0.2550298869609833,0.2292052904764811,0.24092337489128113,0.26111668944358823,,0.29094562530517576,,0.1887145365277926,0.14032415340521506,0.04839038312257754,0.2399768501520157,0.17043621838092804,0.19131622910499574,0.1036529615521431,0.1887145365277926,0.021937742829322815,0.2251702199379603,0.1510598510503769,0.18912227575977644,0.18130160868167877,0.1605792691310247,0.10889220237731934,0.14990143353740373,0.06989587843418121,0.17327027147014937,0.11738298088312149,0.13229973738392195,0.11527463793754578,0.1307634249329567,,0.16402850896120072,
1992756749,qslstm_log,extrapolation,late,2000121,62,5,57,57,4,0.10685331880727464,0.2906286920751295,0.2145254476077163,0.4631689190864563,0.12664112144636702,0.3113109141588211,0.10511754664595074,0.2888144620677881,0.011250720735181841,0.005432158708572388,0.031087033450603485,0.2853078283369541,0.2233455330133438,0.288176316767931,0.23507149517536163,0.3113109141588211,0.4773043990135193,0.32951105535030367,0.48167547583580017,0.32536530792713164,0.4696037769317627,0.3656036227941513,0.4702526032924652,0.3558278650045395,0.47090795636177063,0.37336228489875795,0.4679632782936096,0.3727287292480469,0.47498854994773865,0.22931814789772034,0.4847862124443054,0.1591697782278061,,0.23377882987260817,0.14312662138489254,0.09065220848771563,0.19916408881545067,0.17212289571762085,0.18660848960280418,0.1454765945672989,0.23377882987260817,0.15354923903942108,0.15574527978897096,0.0753868892788887,0.2067508578300476,0.16968713700771332,0.17708301693201065,0.08928165584802628,0.16252348572015762,0.13121257722377777,0.1314170964062214,0.14814282953739166,0.16377142816781998,0.16941918432712555,0.11236509159207345,0.07875271141529083,0.1793954260647297,
1992756749,qslstm_log,extrapolation,late,2000122,62,7,55,55,6,0.23346428615965079,0.46843565051113406,0.04963983402935046,0.22279998660087585,0.12770021040935448,0.32642332038709093,0.24692516852787033,0.4865099470723759,0.015545940399169922,0.001414477825164795,0.05207211275895437,0.3832888752222061,0.3026729077100754,0.33422399933139485,0.29975979030132294,0.32642332038709093,0.22138550877571106,0.3271633152450834,0.22279998660087585,0.40486716975768405,,0.483091376721859,,0.47742825994888943,,0.4602476954460144,,0.47395299226045606,,0.49272515177726744,,0.49443545937538147,,0.20563610643148422,0.1398274466395378,0.06580865979194642,0.1780276045203209,0.07248710840940475,0.2057561290760835,0.06534641236066818,0.20563610643148422,0.13708969950675964,0.19406584756714956,0.1494234949350357,0.18257458632191023,,0.16637660811344782,,0.1533061576386293,,0.14949868991971016,,0.1528957024216652,,0.11241911351680756,,0.1217643991112709,
1992756749,qslstm_log,extrapolation,late,2000123,62,8,54,53,8,0.09536006171997714,0.2830468368145727,0.09846900426106231,0.3137977123260498,0.10158281403569616,0.2910393001511693,0.09443817248801877,0.281862768172114,0.010992448847248868,0.0038845624242510113,0.016954857856035233,0.20376877207309008,0.2139354795217514,0.2685214998200536,0.2129628211259842,0.2910393001511693,0.3141767978668213,0.2588205449283123,0.3161329925060272,0.30560941621661186,0.31291645765304565,0.2543155066668987,0.3153442144393921,0.2550366371870041,0.3153112530708313,0.22953723091632128,0.3047752380371094,0.2478587350675038,,0.2271159759589604,,0.30432536772319246,,0.17049026396125555,0.134948818013072,0.035541445948183537,0.16155295865610242,0.15180541574954987,0.16379860416054726,0.05292823910713196,0.17049026396125555,0.1638888120651245,0.11358626303263009,0.09935059398412704,0.14469907153397799,0.08948215842247009,0.14629502780735493,0.08360069990158081,0.13017908576875925,0.09527028352022171,0.1284066322259605,0.056578751653432846,0.12104450113007001,,0.11205761560371943,,0.1439289642231805,
1992756749,qslstm_log,extrapolation,late,2000124,62,5,57,57,4,0.09813674445353207,0.29970696520420814,0.11071222459749208,0.33273446559906006,0.10561514797316933,0.2999967455863953,0.09748074414479196,0.29968154587243734,0.013404408044982375,0.006162898881094796,0.04247273504734039,0.22557920217514038,0.3068821281194687,0.302954837679863,0.3040510267019272,0.2999967455863953,0.32431912422180176,0.28649313747882843,0.32900121808052063,0.31573607623577116,0.3264620006084442,0.2614060461521149,0.3341008722782135,0.20605047047138214,0.3355066180229187,0.19273275434970855,0.34151551127433777,0.23911861777305604,0.34983623027801514,0.36134859919548035,0.3372981548309326,0.3676002100110054,,0.2561321765184402,0.1289598338894154,0.12717234262902483,0.1276432697971662,0.11488109081983566,0.24917555041611195,0.07580750435590744,0.2561321765184402,0.13205306231975555,0.1838470995426178,0.10640010237693787,0.15709976628422737,0.14622031152248383,0.17451075762510299,0.07816828042268753,0.1538822129368782,0.10760659724473953,0.15834461748600007,0.1734268218278885,0.15253907889127732,0.12295462936162949,0.09890486896038056,0.024210840463638306,0.1579699981957674,
1992756749,qslstm_log,extrapolation,late,2000125,62,5,57,57,4,0.08412492069375241,0.27596841404034245,0.032327012538929445,0.17979714274406433,0.06747496822911604,0.245631043612957,0.08558544283977312,0.27862958688484996,0.013253612476482726,0.008778503307929406,0.015753768384456635,0.31022187136113644,0.3758149519562721,0.3128951024264097,0.3738747611641884,0.245631043612957,0.12476637959480286,0.2627341017127037,0.1390889286994934,0.25255400985479354,0.1477317214012146,0.2585860833525658,0.13894593715667725,0.2517807275056839,0.14775222539901733,0.25398928821086886,0.13674402236938477,0.26683749854564665,0.14562922716140747,0.2867289215326309,0.17291578650474548,0.29353148490190506,,0.17228159233927726,0.1379055308929661,0.03437606144631117,0.15245650336146355,0.17187373340129852,0.16297697462141514,0.09518901258707047,0.17228159233927726,0.14208193123340607,0.2233001857995987,0.18393166363239288,0.17520642876625062,0.11250504851341248,0.16144707500934602,0.13262952864170074,0.1690331906080246,0.09387925267219543,0.1460296854376793,0.08513492345809937,0.14881000369787217,0.1392071396112442,0.12049744576215744,0.0755237340927124,0.14818958938121796,
1992756749,qslstm_log,extrapolation,early,2000126,62,3,59,59,2,0.20591115336636653,0.4479631863294109,0.21498557178814792,0.4636653661727905,0.09624500451253137,0.2844049632549286,0.21148739822334123,0.4562797061467575,0.01140740109702288,0.009659487950174432,0.06347547471523285,0.21812380850315094,0.1188330352306366,0.20637673139572144,0.04586303234100342,0.2844049632549286,0.4169672727584839,0.2903540829817454,0.45830878615379333,0.3260817527770996,0.44244495034217834,0.32548965017000836,0.47229713201522827,0.42831024527549744,0.4255185127258301,0.4377601941426595,0.4453171193599701,0.44164618849754333,0.45410293340682983,0.4557392696539561,0.45328888297080994,0.45419052243232727,0.4711465835571289,0.2495711694161097,0.1259122927183822,0.12365887669772752,0.280679389834404,0.21520638465881348,0.2750306576490402,0.2717577815055847,0.2495711694161097,0.18735472857952118,0.2586977034807205,0.22603179514408112,0.19078326225280762,0.1697886735200882,0.20493664840857187,0.1170203685760498,0.1462880646189054,0.08172079175710678,0.15433753778537115,0.21150314807891846,0.1306661143898964,0.09877440333366394,0.10551195094982783,0.10574092715978622,0.11113071317474048,0.1918962001800537
1992756749,qslstm_log,extrapolation,early,2000127,62,1,61,60,1,0.10389463902768725,0.32177033885231904,0.09478078101331366,0.30786487460136414,0.1192479924102976,0.34532302618026733,0.10364294470993954,0.321384229223992,0.008724023401737214,0.008724023401737214,0.1388152837753296,,,0.2697541769593954,0.2697541769593954,0.34532302618026733,0.34532302618026733,0.306132048368454,0.306132048368454,0.3603624105453491,0.3603624105453491,0.2858802080154419,0.2858802080154419,0.27675074338912964,0.27675074338912964,0.32665374875068665,0.32665374875068665,0.3314881920814514,0.3314881920814514,0.35900363326072693,0.35900363326072693,0.3587610125541687,0.3587610125541687,0.33069321513175964,0.12912505492568016,0.20156816020607948,,,0.34800365567207336,0.34800365567207336,0.33069321513175964,0.33069321513175964,0.28253933787345886,0.28253933787345886,0.22451406717300415,0.22451406717300415,0.10092305392026901,0.10092305392026901,0.23059965670108795,0.23059965670108795,0.12834306061267853,0.12834306061267853,0.1943892389535904,0.1943892389535904,0.11707600951194763,0.11707600951194763,0.1600436121225357,0.1600436121225357
1992756749,qslstm_log,extrapolation,early,2000128,62,1,61,60,1,0.24530029951705398,0.4919427311228168,0.23622821474620892,0.4860331416130066,0.33386169758392725,0.5778076648712158,0.24384847331923637,0.4905351092580889,0.014660294850667317,0.014660294850667317,0.26508668065071106,,,0.07547491788864136,0.07547491788864136,0.5778076648712158,0.5778076648712158,0.4669664204120636,0.4669664204120636,0.41989511251449585,0.41989511251449585,0.4622853100299835,0.4622853100299835,0.4930115044116974,0.4930115044116974,0.5354784727096558,0.5354784727096558,0.5122630000114441,0.5122630000114441,0.5194109678268433,0.5194109678268433,0.49450135231018066,0.49450135231018066,0.32999980449676514,0.14298089734110675,0.1870189071556584,,,0.342517226934433,0.342517226934433,0.32999980449676514,0.32999980449676514,0.22269214689731598,0.22269214689731598,0.1776776909828186,0.1776776909828186,0.21009378135204315,0.21009378135204315,0.23976631462574005,0.23976631462574005,0.17431314289569855,0.17431314289569855,0.14667917788028717,0.14667917788028717,0.19933491945266724,0.19933491945266724,0.1844835877418518,0.1844835877418518
1992756749,qslstm_log,extrapolation,early,2000129,62,5,57,57,4,0.18214014003103882,0.41290794697500044,0.19932680540904713,0.4464603066444397,0.13189331042898492,0.3169655740261078,0.18654775666279794,0.42132394460209627,0.010040812325059321,0.007094293248419668,0.04897576570510864,0.3497376839319865,0.5094022452831268,0.25584130734205246,0.09295815229415894,0.3169655740261078,0.48528850078582764,0.333384245634079,0.4812163710594177,0.30549265146255494,0.45876771211624146,0.2910113275051117,0.4492384195327759,0.29296714067459106,0.42327600717544556,0.4774498581886292,0.4254775643348694,0.3816411912441254,0.4370517134666443,0.44423341751098633,0.4527829885482788,0.42768268585205077,0.42162710428237915,0.24974649995565415,0.12533037818706871,0.12441612176858544,0.18919958422581354,0.21049918234348297,0.2497768383473158,0.11331776529550552,0.24974649995565415,0.20106573402881622,0.2359567701816559,0.16327203810214996,0.20648245364427567,0.1918608695268631,0.21559334993362428,0.1425485610961914,0.16865964978933334,0.15693534910678864,0.11373582929372787,0.08032941818237305,0.16554535180330276,0.18150067329406738,0.15474614202976228,0.10430872440338135,0.10679057016968727,0.051348257809877396
1992756749,qslstm_log,extrapolation,early,2000130,62,1,61,60,1,0.1459021655597093,0.37619897098310534,0.14257636917082905,0.37759286165237427,0.1947305962328807,0.44128289818763733,0.14510169948309995,0.3751320213568015,0.008634130160013834,0.007401087021423599,0.1277637481689453,0.004497259855270386,0.004497259855270386,0.07688641548156738,0.07688641548156738,0.44128289818763733,0.44128289818763733,0.4274486303329468,0.4274486303329468,0.4081410765647888,0.4081410765647888,0.39593440294265747,0.39593440294265747,0.41717711091041565,0.41717711091041565,0.424809992313385,0.424809992313385,0.41681450605392456,0.41681450605392456,0.42539578676223755,0.42539578676223755,0.40099266171455383,0.40099266171455383,0.28528258204460144,0.13782681604145003,0.1474557660031514,0.49391183257102966,0.49391183257102966,0.20850668847560883,0.20850668847560883,0.28528258204460144,0.28528258204460144,0.22212739288806915,0.22212739288806915,0.21560795605182648,0.21560795605182648,0.16459886729717255,0.16459886729717255,0.23603761196136475,0.23603761196136475,0.20310001075267792,0.20310001075267792,0.16288883984088898,0.16288883984088898,0.12262451648712158,0.12262451648712158,0.07204713672399521,0.07204713672399521
1992756749,qslstm_log,extrapolation,early,2000131,62,3,59,59,2,0.09386646375813472,0.30387088175742855,0.09864467382568876,0.3140774965286255,0.07744351074099172,0.2772948046525319,0.09470152916578606,0.30522220771191483,0.012830152349956965,0.006902430206537247,0.022292286157608032,0.3011379987001419,0.2888883054256439,0.2903576046228409,0.2604707181453705,0.2772948046525319,0.26306289434432983,0.3300999303658803,0.24965542554855347,0.3327949543793996,0.26806360483169556,0.3367475966612498,0.2690284848213196,0.3035796781380971,0.2554382085800171,0.2798492908477783,0.25624048709869385,0.2752005159854889,0.2656397223472595,0.2652990122636159,0.27918583154678345,0.2773195703824361,0.3097549080848694,0.26356741786003113,0.14046803539839842,0.12309938246163271,0.18654002994298935,0.18651996552944183,0.19872845709323883,0.181590273976326,0.26356741786003113,0.1869049072265625,0.18809714168310165,0.0976291373372078,0.17742914706468582,0.14055263996124268,0.1763331120212873,0.15004132688045502,0.1606867959101995,0.046455636620521545,0.17020340263843536,0.10783866047859192,0.1329790006081263,0.1278144270181656,0.14783483743667603,0.15407557785511017,0.15032264093557993,0.1538916379213333
1992756749,qslstm_log,extrapolation,early,2000132,62,3,59,59,2,0.12933262452850552,0.358337638358916,0.13373629856641944,0.36569973826408386,0.12306957806679623,0.3471314025421937,0.12965108451808396,0.3589074469597663,0.010372388160834878,0.007156751319473865,0.05350272357463837,0.3623390216380358,0.36589134112000465,0.37322145886719227,0.38627565279603004,0.3471314025421937,0.40255868434906006,0.33804286643862724,0.42645859718322754,0.3378377879659335,0.4409186840057373,0.32713693628708523,0.40266287326812744,0.3458971207340558,0.4069412350654602,0.36940717945496243,0.4041259288787842,0.39078238730629283,0.40389713644981384,0.4010778268178304,0.3553735613822937,0.3850983480612437,0.34727197885513306,0.2419225499033928,0.13243797408827282,0.10948457581511997,0.26780372858047485,0.11607864499092102,0.2568133696913719,0.1667187362909317,0.2419225499033928,0.0710892602801323,0.26976706087589264,0.18158604204654694,0.2053764263788859,0.1979212760925293,0.18092120438814163,0.12451288849115372,0.16777532547712326,0.1016494408249855,0.16189410289128622,0.15098555386066437,0.08837462961673737,0.07795598357915878,0.14574857304493585,0.13767500221729279,0.10678043464819591,0.09139976650476456
1992756749,qslstm_log,extrapolation,early,2000133,62,2,60,60,1,0.040738000758103146,0.19904850615609077,0.03830406190132862,0.19571423530578613,0.08905104573575473,0.28274570405483246,0.039127565925514765,0.19625859955946603,0.01221507042646408,0.01221507042646408,0.0914480984210968,,,0.37817060947418213,0.37817060947418213,0.28274570405483246,0.1873207986354828,0.1433233618736267,0.09932592511177063,0.13465677201747894,0.16998761892318726,0.2146361768245697,0.25928473472595215,0.22788670659065247,0.19648867845535278,0.16529905796051025,0.16359591484069824,0.15895242989063263,0.16133806109428406,0.1902281641960144,0.19117403030395508,0.15880469977855682,0.16431573033332825,0.32855260372161865,0.1327013392622272,0.19585126445939144,,,0.366189569234848,0.366189569234848,0.32855260372161865,0.2909156382083893,0.26307400315999985,0.2352323681116104,0.246514730155468,0.25779709219932556,0.21761972457170486,0.17744235694408417,0.21506793051958084,0.2526935040950775,0.18706871569156647,0.14195002615451813,0.17436745017766953,0.20462971925735474,0.1148114912211895,0.11818753927946091,0.0865785051137209,0.04757239297032356
1992756749,qslstm_log,extrapolation,early,2000134,62,0,62,61,0,0.03613724632011496,0.18721080403174123,0.02922315714504098,0.1709478199481964,,,0.03613724632011496,0.18721080403174123,0.014177440131296877,0.014177440131296877,,,,,,,,,,,,,,,,,,,,,,,,,0.1526293269388618,,,,,,,,,,,,,,,,,,,,,,,
1992756749,qslstm_log,extrapolation,early,2000135,62,1,61,60,1,0.16270059800698472,0.38979686628426274,0.1661286256689023,0.40758879482746124,0.20442744309171723,0.4521365314722061,0.16201655136625143,0.38877490455987024,0.01679785152276357,0.009699207085829515,0.04095190763473511,0.18005585670471191,0.18005585670471191,0.1376456618309021,0.1376456618309021,0.4521365314722061,0.4521365314722061,0.45147593319416046,0.45147593319416046,0.4195227771997452,0.4195227771997452,0.40864385664463043,0.40864385664463043,0.4232642203569412,0.4232642203569412,0.432100847363472,0.432100847363472,0.43320973217487335,0.43320973217487335,0.41178564727306366,0.41178564727306366,0.42753465473651886,0.42753465473651886,0.1170821264386177,0.14331551235108103,-0.026233385912463325,0.1617526412010193,0.1617526412010193,0.17773987352848053,0.17773987352848053,0.1170821264386177,0.1170821264386177,0.15877413749694824,0.15877413749694824,0.18811766803264618,0.18811766803264618,0.19776171445846558,0.19776171445846558,0.11872116476297379,0.11872116476297379,0.06946419924497604,0.06946419924497604,0.17949225008487701,0.17949225008487701,0.04512637481093407,0.04512637481093407,0.17309224605560303,0.17309224605560303
1992756749,qslstm_log,extrapolation,early,2000136,62,1,61,61,0,0.24284347235563206,0.49161473156944396,0.2304596458885868,0.4800621271133423,0.19658672134639588,0.44338101148605347,0.24360177974922612,0.4924054482921225,0.01400816831432405,0.01400816831432405,,,,,,0.44338101148605347,0.44338101148605347,0.49290502071380615,0.49290502071380615,0.5895465612411499,0.5895465612411499,0.6194325983524323,0.6194325983524323,0.5421130061149597,0.5421130061149597,0.48625046014785767,0.48625046014785767,0.43300431966781616,0.43300431966781616,0.5206878483295441,0.5206878483295441,0.5809704661369324,0.5809704661369324,0.36756277084350586,0.13679484155822974,0.23076792928527612,,,,,0.36756277084350586,0.36756277084350586,0.3717093765735626,0.3717093765735626,0.22589831054210663,0.22589831054210663,0.21830083429813385,0.21830083429813385,0.25330018997192383,0.25330018997192383,0.18622879683971405,0.18622879683971405,0.13021737337112427,0.13021737337112427,0.20421276986598969,0.20421276986598969,0.1158517524600029,0.1158517524600029
1992756749,qslstm_log,extrapolation,early,2000137,62,2,60,60,1,0.004593673758007054,0.038756528208332676,1.5027308709392173e-05,0.00387650728225708,0.05651731105736424,0.22803935408592224,0.002862885848028481,0.032447100679079695,0.014159117142359416,0.013194862058607199,0.050578176975250244,0.295235812664032,0.295235812664032,0.22418564558029175,0.22418564558029175,0.22803935408592224,0.1608428955078125,0.140252023935318,0.05631840229034424,0.14150580763816833,0.12216871976852417,0.10125675797462463,0.14619511365890503,0.1332302987575531,0.14429187774658203,0.08947920799255371,0.03466653823852539,0.022471636533737183,0.010276734828948975,0.047680824995040894,0.050261616706848145,0.06495809555053711,0.07069557905197144,0.3193569481372833,0.13540288082634408,0.18395406731093925,0.37333419919013977,0.37333419919013977,0.2341649979352951,0.2341649979352951,0.3193569481372833,0.2653796970844269,0.2538763955235481,0.27358779311180115,0.20903968065977097,0.15269966423511505,0.23298189789056778,0.1923760026693344,0.18949315696954727,0.2262866497039795,0.2170555219054222,0.20782439410686493,0.1745181679725647,0.14121194183826447,0.16046753153204918,0.2034928947687149,0.08144626021385193,0.12082132697105408
1992756749,qslstm_log,extrapolation,early,2000138,62,1,61,60,1,0.20288516697064427,0.4437990872069232,0.20831463811187362,0.4564149845391512,0.19167876227303898,0.4378113318234682,0.203068878523064,0.4438972471312421,0.011261275907357534,0.009228136518905902,0.08464020490646362,0.15836948156356812,0.15836948156356812,0.08811211585998535,0.08811211585998535,0.4378113318234682,0.4378113318234682,0.42425321228802204,0.42425321228802204,0.42987327463924885,0.42987327463924885,0.39833505637943745,0.39833505637943745,0.4475336242467165,0.4475336242467165,0.4521248210221529,0.4521248210221529,0.44975842721760273,0.44975842721760273,0.48130263574421406,0.48130263574421406,0.4745434392243624,0.4745434392243624,0.21132905781269073,0.13507385423681775,0.07625520357587298,0.2900643050670624,0.2900643050670624,0.21278901398181915,0.21278901398181915,0.21132905781269073,0.21132905781269073,0.23761695623397827,0.23761695623397827,0.22929905354976654,0.22929905354976654,0.22085069119930267,0.22085069119930267,0.12212634086608887,0.12212634086608887,0.16875620186328888,0.16875620186328888,0.10538167506456375,0.10538167506456375,0.0410270132124424,0.0410270132124424,0.08739233016967773,0.08739233016967773
1992756749,qslstm_log,extrapolation,early,2000139,62,2,60,59,2,0.1405558235800619,0.3586506747430371,0.1426898684559461,0.377743124961853,0.16813787658091528,0.4066392108798027,0.1396364218133668,0.35705105687181155,0.014534716889009638,0.008170407265424728,0.039083510637283325,0.24121611565351486,0.4239955395460129,0.23425286263227463,0.44812195003032684,0.4066392108798027,0.35389047861099243,0.3962446376681328,0.36100512742996216,0.4273696765303612,0.38854366540908813,0.4316641315817833,0.40995264053344727,0.41205882281064987,0.40012210607528687,0.39059722423553467,0.4273039698600769,0.40693338215351105,0.42532309889793396,0.41294386982917786,0.3985837697982788,0.39749565720558167,0.3860345482826233,0.20295565575361252,0.13777916710823773,0.06517648864537479,0.23479162901639938,0.2112876921892166,0.11579969897866249,0.09792094677686691,0.20295565575361252,0.18178290128707886,0.1780436486005783,0.14866307377815247,0.15909455716609955,0.18940959870815277,0.11546921357512474,0.15600086748600006,0.1987433135509491,0.18619893491268158,0.150164682418108,0.11854646354913712,0.1351369433104992,0.08086428791284561,0.14631392434239388,0.17408138513565063,0.10258804634213448,0.16781072318553925
1992756749,qslstm_log,extrapolation,early,2000140,62,2,60,60,1,0.07454289642509897,0.26386900498501714,0.05111835198514658,0.22609367966651917,0.1487823592235014,0.3680810369551182,0.07206824766515223,0.2603952705860138,0.014943905174732208,0.007832711132673116,0.023164749145507812,0.34016916900873184,0.34016916900873184,0.38362396508455276,0.38362396508455276,0.3680810369551182,0.25276100635528564,0.3240155018866062,0.2300405502319336,0.36420587077736855,0.21227103471755981,0.31061119213700294,0.19910115003585815,0.34477776661515236,0.2142612338066101,0.2886401154100895,0.22114527225494385,0.3031536675989628,0.2226833701133728,0.22878779470920563,0.2584744393825531,0.22440166771411896,0.226505845785141,0.32495298236608505,0.14811976331596574,0.1768332190501193,0.21139250695705414,0.21139250695705414,0.1432247757911682,0.1432247757911682,0.32495298236608505,0.21435023844242096,0.2479664608836174,0.14322365820407867,0.19232115149497986,0.1539772003889084,0.24293214827775955,0.19869844615459442,0.13694558292627335,0.09677395224571228,0.18704953789710999,0.19653946161270142,0.12117041274905205,0.09911604970693588,0.17617054283618927,0.15364263951778412,0.1746564731001854,0.17197464406490326
1992756749,qslstm_log,extrapolation,early,2000141,62,3,59,59,2,0.05995525360986538,0.22768235434928247,0.030866618399670642,0.1756889820098877,0.08667096587333772,0.2888364965716998,0.05859682756257018,0.22457282169390533,0.014969758563122507,0.00994254869443399,0.0364205539226532,0.42908312007784843,0.2761992812156677,0.40387092158198357,0.31446659564971924,0.2888364965716998,0.22625741362571716,0.3588958953817685,0.2589792311191559,0.36188656836748123,0.2767128646373749,0.36782752225796383,0.2625363767147064,0.3342115953564644,0.23264667391777039,0.2593364914258321,0.2308962047100067,0.23447959621747336,0.21356335282325745,0.21467994650204977,0.2114347517490387,0.19938286145528158,0.1914580762386322,0.2956254482269287,0.13583176886126147,0.15979367936566724,0.24176673591136932,0.24237458407878876,0.21627487242221832,0.18741650879383087,0.2956254482269287,0.20068024098873138,0.19740415612856546,0.12900815904140472,0.1784184674421946,0.13562920689582825,0.14999045679966608,0.07980432361364365,0.1935792863368988,0.1999754160642624,0.19575516879558563,0.19987358152866364,0.17207378645737967,0.18733961880207062,0.18548246224721274,0.18230865895748138,0.08828474208712578,0.11942807585000992
1992756749,qslstm_log,extrapolation,early,2000142,62,1,61,60,1,0.0898511959240442,0.2941093452034458,0.07583006585395768,0.27537259459495544,0.13962945586762832,0.3736702501773834,0.08903515887578872,0.2928050680727255,0.010951722661654154,0.010951722661654154,0.1878485083580017,,,0.016997113823890686,0.016997113823890686,0.3736702501773834,0.3736702501773834,0.39253515005111694,0.39253515005111694,0.4229573905467987,0.4229573905467987,0.4533371329307556,0.4533371329307556,0.4554060399532318,0.4554060399532318,0.4119127094745636,0.4119127094745636,0.3109482228755951,0.3109482228755951,0.26953309774398804,0.26953309774398804,0.28516608476638794,0.28516608476638794,0.30288466811180115,0.14473469414916196,0.1581499739626392,,,0.5288379788398743,0.5288379788398743,0.30288466811180115,0.30288466811180115,0.3125288188457489,0.3125288188457489,0.19501644372940063,0.19501644372940063,0.26544520258903503,0.26544520258903503,0.2294817417860031,0.2294817417860031,0.23164761066436768,0.23164761066436768,0.12408701330423355,0.12408701330423355,0.1981603503227234,0.1981603503227234,0.11814859509468079,0.11814859509468079
1992756749,qslstm_log,extrapolation,early,2000143,62,2,60,60,1,0.1671393609431992,0.4055171247211195,0.15434232450456964,0.39286425709724426,0.1693871141496959,0.3918720819056034,0.167064435836316,0.40597195948163667,0.013122712075710297,0.012127405096744669,0.14378562569618225,0.20456219464540482,0.20456219464540482,0.1821078136563301,0.1821078136563301,0.3918720819056034,0.5176631212234497,0.35579947009682655,0.5070367455482483,0.32705262675881386,0.4719974398612976,0.455073744058609,0.3924843668937683,0.46930399537086487,0.43157124519348145,0.44060926139354706,0.4887341558933258,0.4623543918132782,0.46111738681793213,0.45979100465774536,0.44635438919067383,0.4157860726118088,0.4052104949951172,0.26615654677152634,0.13120154943317175,0.1349549973383546,0.36740902066230774,0.36740902066230774,0.33445024490356445,0.33445024490356445,0.26615654677152634,0.19199664890766144,0.30863524228334427,0.2498614639043808,0.2699447348713875,0.2054392248392105,0.19091246277093887,0.1898282766342163,0.21577055752277374,0.1816796511411667,0.21082081645727158,0.23181335628032684,0.11104881018400192,0.08440151810646057,0.1407620720565319,0.06793422251939774,0.09654226899147034,0.06260468065738678
1992756749,qslstm_log,extrapolation,early,2000144,62,2,60,59,2,0.08275106779762294,0.2777118250246971,0.07687244133459203,0.2772587984800339,0.10372190043807816,0.3048879876732826,0.08205204004294112,0.2768059529364109,0.013698152566360216,0.009962072397800201,0.11216062307357788,0.44924360513687134,0.44924360513687134,0.22969220578670502,0.4464246332645416,0.3048879876732826,0.20113243162631989,0.2843669429421425,0.18685351312160492,0.3033355548977852,0.20618464052677155,0.2620404288172722,0.20158599317073822,0.2850498780608177,0.18144099414348602,0.29813358932733536,0.2133534699678421,0.3009779080748558,0.21958337724208832,0.3476068153977394,0.2487889975309372,0.22452344000339508,0.24746088683605194,0.2721910625696182,0.13575224277252954,0.1364388197970887,0.16220982372760773,0.16220982372760773,0.24262653291225433,0.09557133913040161,0.2721910625696182,0.20110642910003662,0.2583552971482277,0.20895357429981232,0.2202928364276886,0.1626119315624237,0.14826731756329536,0.1724400669336319,0.22833791375160217,0.20517462491989136,0.17103677242994308,0.182309091091156,0.13033076748251915,0.1107410416007042,0.10833144560456276,0.12109155207872391,0.1174237783998251,0.062407489866018295
1992756749,qslstm_log,extrapolation,early,2000145,62,1,61,60,1,0.22904360245912955,0.4709149632723101,0.230675839060333,0.48028724640607834,0.1425525078769932,0.3775612637400627,0.230461489255558,0.47244535178923214,0.01668460766474406,0.007618841002969181,0.03287005424499512,0.35542142391204834,0.35542142391204834,0.3784818649291992,0.3784818649291992,0.3775612637400627,0.3775612637400627,0.4216748997569084,0.4216748997569084,0.4506792947649956,0.4506792947649956,0.47059451788663864,0.47059451788663864,0.48937510699033737,0.48937510699033737,0.5150379464030266,0.5150379464030266,0.5291430875658989,0.5291430875658989,0.5343029424548149,0.5343029424548149,0.5164508149027824,0.5164508149027824,0.1097499430179596,0.14150857681133708,-0.03175863379337748,0.21970175206661224,0.21970175206661224,0.15530136227607727,0.15530136227607727,0.1097499430179596,0.1097499430179596,0.08178726583719254,0.08178726583719254,0.18518953025341034,0.18518953025341034,0.09101256728172302,0.09101256728172302,0.1464179903268814,0.1464179903268814,0.17044754326343536,0.17044754326343536,0.083096444606781,0.083096444606781,0.16813142597675323,0.16813142597675323,0.17716063559055328,0.17716063559055328
1992756749,qslstm_log,extrapolation,early,2000146,62,2,60,60,1,0.07436154602050835,0.27217754529368493,0.07458414100325683,0.27310097217559814,0.08339797134100913,0.2887861430644989,0.07406033184315831,0.2716239253679911,0.011307117342948914,0.011307117342948914,0.1425485610961914,,,0.28951752185821533,0.28951752185821533,0.2887861430644989,0.28805476427078247,0.293992280960083,0.29992979764938354,0.2678525000810623,0.2357752025127411,0.24971164762973785,0.2636480927467346,0.24298827350139618,0.22232845425605774,0.23074603080749512,0.2090548872947693,0.25183364748954773,0.26658618450164795,0.2938629686832428,0.3024563789367676,0.29361897706985474,0.2931601405143738,0.4090406745672226,0.14428969314321877,0.26475098142400383,,,0.4232827126979828,0.4232827126979828,0.4090406745672226,0.3947986364364624,0.2788219749927521,0.16284531354904175,0.22279350459575653,0.2827416956424713,0.27438896894454956,0.2660362422466278,0.2499363198876381,0.23383639752864838,0.19515785574913025,0.17642098665237427,0.11898977309465408,0.11172997951507568,0.14469029381871223,0.10293396562337875,0.11973268911242485,0.09310624748468399
1992756749,qslstm_log,extrapolation,early,2000147,62,2,60,59,2,0.06382858466115265,0.24334290864006167,0.06721886853939907,0.2592660188674927,0.0872828967975412,0.23452165722846985,0.06304677425660636,0.24363695035378138,0.010793792494272782,0.010325578126040373,0.0802546888589859,0.24953824281692505,0.4461876153945923,0.2680053859949112,0.4531559348106384,0.23452165722846985,0.05484837293624878,0.262037456035614,0.10376030206680298,0.29533007740974426,0.14447253942489624,0.32221683859825134,0.19127774238586426,0.13129667937755585,0.20774498581886292,0.17700114846229553,0.20952975749969482,0.23273859918117523,0.25773221254348755,0.25085173547267914,0.24397125840187073,0.24361877143383026,0.2432662844657898,0.2319180741906166,0.143995198328048,0.08792287586256861,0.2790897339582443,0.16946518421173096,0.2982393130660057,0.21527425944805145,0.2319180741906166,0.209694966673851,0.1548440270125866,0.10213650017976761,0.18130144476890564,0.19313770532608032,0.20848040282726288,0.2016865462064743,0.17148935049772263,0.13328373432159424,0.13791634142398834,0.08269497752189636,0.16054164618253708,0.18779955804347992,0.17008844017982483,0.15237732231616974,0.16576996445655823,0.17916260659694672
1992756749,qslstm_log,extrapolation,early,2000148,62,3,59,58,3,0.11038068941683574,0.329861156642437,0.1404945128758262,0.37482597678899765,0.06160092244317256,0.24247090766827264,0.11286101655108977,0.33430472862417415,0.01428360260766128,0.009376137232293889,0.04764737685521444,0.28450796008110046,0.2577750086784363,0.2560104529062907,0.2722167372703552,0.24247090766827264,0.306140772998333,0.3068997338414192,0.31676682084798813,0.2878976836800575,0.33340033143758774,0.28309190024932224,0.3511085733771324,0.3064473643898964,0.33685072511434555,0.2775896266102791,0.32170864194631577,0.32322215537230176,0.36191918700933456,0.3241198683778445,0.3187420591711998,0.336363506813844,0.3360883519053459,0.16072231282790503,0.13596883599283333,0.024753476835071703,0.19270631298422813,0.10191153734922409,0.2675376931826274,0.15786899626255035,0.16072231282790503,0.08548886328935623,0.24223706126213074,0.2003128081560135,0.16487570852041245,0.11743924766778946,0.1578774849573771,0.14684712886810303,0.21245322128136954,0.1851072758436203,0.15414117525021234,0.16836558282375336,0.11410333464543025,0.0930626392364502,0.1677974338332812,0.11797221750020981,0.12252902487913768,0.08205217123031616
1992756749,qslstm_log,extrapolation,early,2000149,62,2,60,59,2,0.019657629521109075,0.12126210283848547,0.009584725734058885,0.0979016125202179,0.047507981152679624,0.2079610601067543,0.01872928446672339,0.11837213759620985,0.00966220740544594,0.006694028400025278,0.04195982217788696,0.2969074621796608,0.28816427290439606,0.339306004345417,0.29902784526348114,0.2079610601067543,0.1426910161972046,0.18001540750265121,0.11849832534790039,0.21517955511808395,0.13338088989257812,0.18252960592508316,0.09416061639785767,0.1819755807518959,0.07578688859939575,0.10078705847263336,0.058883100748062134,0.09847618639469147,0.06357148289680481,0.07301191985607147,0.08714073896408081,0.07829193770885468,0.0817423164844513,0.18299482017755508,0.13903102135906617,0.043963798818488914,0.3449254184961319,0.20847457647323608,0.23873209953308105,0.16051021218299866,0.18299482017755508,0.11896806955337524,0.2432151660323143,0.19901706278324127,0.14584359526634216,0.13445401191711426,0.1708155870437622,0.13849256932735443,0.15956415608525276,0.11065373569726944,0.1365170106291771,0.15406595170497894,0.15580686181783676,0.17715971171855927,0.16287072002887726,0.17167548835277557,0.12652863189578056,0.07205910235643387
1992756749,qslstm_log,extrapolation,early,2000150,62,2,60,60,1,0.055984087282434515,0.23438226503710594,0.06507828161981255,0.2551044523715973,0.11138178369942553,0.32682661712169647,0.05413749740186815,0.23130078663428624,0.012462115287780762,0.011096829074924276,0.08813923597335815,0.39439988136291504,0.39439988136291504,0.30138587951660156,0.30138587951660156,0.32682661712169647,0.2592533528804779,0.26315174996852875,0.22491762042045593,0.2241232693195343,0.1889931857585907,0.22118546068668365,0.21745330095291138,0.1902230978012085,0.1914530098438263,0.17120082676410675,0.1509486436843872,0.17685814201831818,0.20276764035224915,0.26041534543037415,0.2562200725078583,0.2525581121444702,0.23747411370277405,0.29662999510765076,0.1356461382781466,0.16098385682950417,0.2984848916530609,0.2984848916530609,0.3144649267196655,0.3144649267196655,0.29662999510765076,0.2947750985622406,0.2890104353427887,0.26355594396591187,0.22036974877119064,0.14596439898014069,0.24484596401453018,0.2261359840631485,0.16497287154197693,0.18398134410381317,0.16501066088676453,0.14603997766971588,0.13356556370854378,0.12109114974737167,0.14219288527965546,0.1307743340730667,0.13088686391711235,0.12332857400178909
1992756749,qslstm_log,extrapolation,early,2000151,62,5,57,57,4,0.015155896470830115,0.06120950800757254,4.592838109829245e-09,6.777048110961914e-05,0.06634486723472666,0.23907423615455628,0.010665635877505858,0.04560733887187222,0.00893160439374154,0.006362532868104822,0.043396785855293274,0.29538898915052414,0.3573058843612671,0.2894269898533821,0.3631470799446106,0.23907423615455628,0.07029736042022705,0.23401082158088685,0.050919294357299805,0.2585258960723877,0.03823810815811157,0.25034686326980593,0.04374063014984131,0.2265848398208618,0.049160659313201904,0.1566690444946289,0.016680121421813965,0.10516153573989868,0.010805666446685791,0.023903155326843263,0.004631221294403076,0.008532321453094483,0.008944809436798096,0.25958050787448883,0.1309995593078304,0.12858094856665844,0.27914268523454666,0.21697397530078888,0.20908676460385323,0.19186712801456451,0.25958050787448883,0.2065628170967102,0.17365019172430038,0.12813124060630798,0.20203048437833787,0.08743032068014145,0.1682438388466835,0.1903446912765503,0.19752323925495147,0.14759676158428192,0.17498450130224227,0.17221243679523468,0.16940115839242936,0.1884419173002243,0.1497884675860405,0.15326090157032013,0.16713309586048125,0.1442311555147171
1992756749,qslstm_log,extrapolation,early,2000152,62,5,57,57,4,0.02912124935772424,0.1632640746331984,0.02339413668224566,0.1529514193534851,0.06315617047545893,0.24386680722236634,0.026135729961431726,0.1561936594937977,0.013402786171227171,0.008902997882277877,0.04304574429988861,0.3024740517139435,0.21758228540420532,0.23042314499616623,0.27282609045505524,0.24386680722236634,0.13708388805389404,0.19507415294647218,0.10998964309692383,0.19584969878196717,0.09100276231765747,0.1804380863904953,0.12027633190155029,0.18871213793754577,0.12030303478240967,0.16141145527362824,0.15509635210037231,0.14284266233444215,0.15994083881378174,0.16495960354804992,0.18242767453193665,0.1543746531009674,0.15889689326286316,0.2753980398178101,0.13818202906271868,0.1372160107550914,0.28143681585788727,0.25635579228401184,0.23609527945518494,0.2101895660161972,0.2753980398178101,0.16574980318546295,0.19559184461832047,0.09478171914815903,0.17966385632753373,0.15544892847537994,0.18739256411790847,0.2084297090768814,0.19039816558361053,0.1853783279657364,0.15575567185878753,0.09300967305898666,0.1451771467924118,0.14120078086853027,0.16421522647142411,0.12276605516672134,0.1493066981434822,0.15733656287193298
1992756749,qslstm_log,extrapolation,early,2000153,62,3,59,59,2,0.10030096907205957,0.31001051010624053,0.10577249964001467,0.3252268433570862,0.0885065428887722,0.277520219484965,0.10090068565765045,0.31166255878189864,0.012179002418356427,0.009997955922569548,0.06441657245159149,0.01952153444290161,0.01952153444290161,0.19058857858181,0.06614747643470764,0.277520219484965,0.38595977425575256,0.1914639969666799,0.3682129979133606,0.13725244998931885,0.31762802600860596,0.1432670255502065,0.34413206577301025,0.2611900766690572,0.3314629793167114,0.34345997373263043,0.3445388972759247,0.3257465759913127,0.3016446828842163,0.3135618766148885,0.32873207330703735,0.3214488426844279,0.3195520043373108,0.33329056203365326,0.13381349124898345,0.1994770707846698,0.2975257933139801,0.2975257933139801,0.2876812443137169,0.13580460846424103,0.33329056203365326,0.21949990093708038,0.2564349373181661,0.15469574928283691,0.24708176155885062,0.16992433369159698,0.20839503904183707,0.19185471534729004,0.1872031589349111,0.20630496740341187,0.17261561751365662,0.19322676956653595,0.14748218283057213,0.04428686574101448,0.06887232760588329,0.04627549275755882,0.11354172105590503,0.12919746339321136
1992756749,qslstm_log,extrapolation,early,2000154,62,4,58,57,4,0.021743264795014195,0.10687245116118461,0.0035493500554730772,0.05957642197608948,0.11934037681834053,0.2762879505753517,0.015012429483060655,0.09518862361538,0.013659814993540445,0.009656382203102111,0.0794651210308075,0.2637132704257965,0.19690141081809998,0.3007604740560055,0.41896915435791016,0.2762879505753517,0.018679559230804443,0.16220979392528534,0.02136629819869995,0.17542636394500732,0.0520225465297699,0.10303600877523422,0.05414256453514099,0.10224746912717819,0.04665035009384155,0.18408522754907608,0.08331242203712463,0.08610944449901581,0.05221468210220337,0.05478218197822571,0.047151029109954834,0.08073386549949646,0.07772758603096008,0.2264724038541317,0.13348032200130924,0.09299208185282246,0.1675842267771562,0.05868751183152199,0.24067542795091867,0.1776987463235855,0.2264724038541317,0.18836353719234467,0.20214106515049934,0.16512687504291534,0.19710491597652435,0.15338946878910065,0.14240751415491104,0.1228720173239708,0.16482787393033504,0.0901569128036499,0.11854557134211063,0.1028110608458519,0.0924071790650487,0.06523822993040085,0.12688281387090683,0.12471456080675125,0.10031553357839584,0.10748051851987839
1992756749,qslstm_log,extrapolation,early,2000155,62,3,59,59,2,0.16469885197227535,0.40059803967033664,0.18999836788380353,0.43588802218437195,0.12924634958782305,0.3265020325779915,0.16650152158504414,0.4043656332513033,0.01092953449588711,0.010470756836104812,0.10906970500946045,0.18327104300260544,0.18327104300260544,0.21088848635554314,0.14579536765813828,0.3265020325779915,0.5307871699333191,0.2780212014913559,0.4780552387237549,0.27763616542021435,0.5038420855998993,0.3797943169871966,0.46280041337013245,0.4997667372226715,0.49045780301094055,0.4704147179921468,0.4446016550064087,0.4592600067456563,0.4293020963668823,0.40353477001190186,0.37824952602386475,0.3756284912427266,0.3740328550338745,0.3420722782611847,0.14201937843177279,0.2000528998294119,0.2914685904979706,0.2914685904979706,0.30910561233758926,0.19727425277233124,0.3420722782611847,0.25088104605674744,0.2740086664756139,0.1761585921049118,0.20929715037345886,0.13914860785007477,0.2156050205230713,0.1986597627401352,0.20978060364723206,0.20230217278003693,0.1768327901760737,0.19268999993801117,0.16097149004538855,0.07207679003477097,0.13609529286623,0.17798209190368652,0.15575958043336868,0.11551863700151443
1992756749,qslstm_log,extrapolation,early,2000156,62,3,59,59,2,0.17210870238430181,0.3978403763424966,0.2112428727514839,0.4596116542816162,0.109539631241853,0.2794904013474782,0.17529018057798565,0.4038581716812263,0.015145428604998831,0.010790513207515081,0.01946665346622467,0.18043161928653717,0.03916558623313904,0.23157644271850586,0.06837326288223267,0.2794904013474782,0.450103223323822,0.28152769804000854,0.4777113199234009,0.313690851132075,0.45962560176849365,0.3074966271718343,0.4342573285102844,0.2780742545922597,0.4202856421470642,0.427157203356425,0.43658876419067383,0.3079345027605693,0.42902523279190063,0.31253234545389813,0.43263500928878784,0.42848334709803265,0.4252764582633972,0.25086457033952075,0.139830565616741,0.11103400472277974,0.1897217333316803,0.16247250139713287,0.2025456503033638,0.12778468430042267,0.25086457033952075,0.1275208443403244,0.24390647808710733,0.1949276328086853,0.20002021392186484,0.12894491851329803,0.16190153857072195,0.06712043285369873,0.1465162138144175,0.12718147039413452,0.18385879198710123,0.14674891531467438,0.1217254027724266,0.06740876287221909,0.11144233867526054,0.059793416410684586,0.07561831424633662,0.04389302432537079
1992756749,qslstm_log,extrapolation,early,2000157,62,2,60,60,1,0.2399683632315319,0.4865321641968143,0.2524972922344739,0.5024910867214203,0.1333360277313833,0.34611549973487854,0.24352277441487016,0.4912127196788788,0.011999464531739553,0.01079007882182881,0.12394040822982788,0.22975361347198486,0.22975361347198486,0.14640039205551147,0.14640039205551147,0.34611549973487854,0.4624773859977722,0.3305007219314575,0.5146010518074036,0.5004671961069107,0.5384570062160492,0.49874457716941833,0.4828881025314331,0.48740454018116,0.43635207414627075,0.4679640531539917,0.49957603216171265,0.5079743713140488,0.5163727104663849,0.4893826097249985,0.4723728895187378,0.48458029329776764,0.4866006672382355,0.3471994251012802,0.13412778452038765,0.21307164058089256,0.4047924280166626,0.4047924280166626,0.3426714837551117,0.3426714837551117,0.3471994251012802,0.2896064221858978,0.24958999454975128,0.15650850534439087,0.26582662016153336,0.24204681813716888,0.12245867028832436,0.08840883523225784,0.2257206290960312,0.2093944400548935,0.14685142785310745,0.08430841565132141,0.13562734425067902,0.18694627285003662,0.11109666712582111,0.1646624058485031,0.16047567874193192,0.17998242378234863
1992756749,qslstm_log,extrapolation,early,2000158,62,4,58,57,4,0.08036133075487024,0.2709591971530068,0.08548106585962856,0.2923714518547058,0.08753077871155183,0.2521788002923131,0.07986688606820255,0.27225439693650294,0.01212007434744584,0.007522010554869969,0.05774851143360138,0.321459607531627,0.4008282832801342,0.2559443237259984,0.41828856989741325,0.2521788002923131,0.24514883756637573,0.2897806139662862,0.2664569020271301,0.2882324354723096,0.275566041469574,0.19455285649746656,0.28402984142303467,0.1702638939023018,0.2978842854499817,0.24793558847159147,0.2807145118713379,0.34184334985911846,0.2764286398887634,0.27638108283281326,0.2999170124530792,0.2901267632842064,0.29087603092193604,0.17538428865373135,0.14710217274340062,0.028282115910330724,0.19367080926895142,0.1373249739408493,0.2293790876865387,0.13855528831481934,0.17538428865373135,0.07940813899040222,0.23040326684713364,0.20032085478305817,0.18595443852245808,0.11553449183702469,0.16973304003477097,0.18214406073093414,0.14865806326270103,0.13883385062217712,0.14811943098902702,0.12265100330114365,0.1281836424022913,0.16596536338329315,0.1391906775534153,0.12924514710903168,0.12138562463223934,0.14297445118427277
1992756749,qslstm_log,extrapolation,early,2000159,62,0,62,61,0,0.1638210038217062,0.4038592836549205,0.1790617260412688,0.42315685749053955,,,0.1638210038217062,0.4038592836549205,0.01565267023493032,0.01565267023493032,,,,,,,,,,,,,,,,,,,,,,,,,0.14011762516512985,,,,,,,,,,,,,,,,,,,,,,,
1992756749,qslstm_log,extrapolation,early,2000160,62,1,61,61,0,0.3455368611314361,0.5850724227005436,0.3395378477221165,0.5826987624168396,0.180027872529255,0.42429691553115845,0.3482501232396686,0.5877080867525006,0.013438372338404421,0.013438372338404421,,,,,,0.42429691553115845,0.42429691553115845,0.37386220693588257,0.37386220693588257,0.4462389349937439,0.4462389349937439,0.5141681432723999,0.5141681432723999,0.505705863237381,0.505705863237381,0.4981442093849182,0.4981442093849182,0.4889870882034302,0.4889870882034302,0.564855307340622,0.564855307340622,0.5684318542480469,0.5684318542480469,0.3638637959957123,0.14816913081974278,0.2156946651759695,,,,,0.3638637959957123,0.3638637959957123,0.20655512809753418,0.20655512809753418,0.27520427107810974,0.27520427107810974,0.3011918067932129,0.3011918067932129,0.1270942986011505,0.1270942986011505,0.2258194535970688,0.2258194535970688,0.14811554551124573,0.14811554551124573,0.1504487246274948,0.1504487246274948,0.1654200702905655,0.1654200702905655
1992756749,qslstm_log,extrapolation,early,2000161,62,2,60,60,1,0.09468404966488383,0.30640534119259927,0.0814961121721327,0.2854752391576767,0.0947461388560279,0.30779727548360825,0.09468198002517904,0.306358943382899,0.011032244563102723,0.007628430540745075,0.030253708362579346,0.32768964767456055,0.32768964767456055,0.35736948251724243,0.35736948251724243,0.30779727548360825,0.31043849885463715,0.28128334134817123,0.30668340623378754,0.2623606249690056,0.294512078166008,0.26979561895132065,0.2967132180929184,0.26892533153295517,0.32654719054698944,0.33041291683912277,0.35030345618724823,0.3631678447127342,0.368966206908226,0.3228340893983841,0.3489549607038498,0.328804686665535,0.30234675109386444,0.2696542926132679,0.13849019662787518,0.13116409598539272,0.22581656277179718,0.22581656277179718,0.1466573178768158,0.1466573178768158,0.2696542926132679,0.11042232066392899,0.19187680259346962,0.07944843918085098,0.23678073287010193,0.19832026958465576,0.21170399338006973,0.1648407131433487,0.13443247601389885,0.103427954018116,0.1553691104054451,0.1312379539012909,0.14848045259714127,0.15030358731746674,0.16830658912658691,0.17177246510982513,0.10716662183403969,0.11827424168586731
1992756749,qslstm_log,extrapolation,early,2000162,62,1,61,60,1,0.08531897897962924,0.2607148193543957,0.04317945317300431,0.20779666304588318,0.027184689636393422,0.16487780213356018,0.0862720001164036,0.26228591799736023,0.014956340690453847,0.006851092297980126,0.01816454529762268,0.5068373382091522,0.5068373382091522,0.5009779036045074,0.5009779036045074,0.16487780213356018,0.16487780213356018,0.16227728128433228,0.16227728128433228,0.15365275740623474,0.15365275740623474,0.15113523602485657,0.15113523602485657,0.17211666703224182,0.17211666703224182,0.1788305640220642,0.1788305640220642,0.1944902241230011,0.1944902241230011,0.1868191361427307,0.1868191361427307,0.17663779854774475,0.17663779854774475,0.12430083006620407,0.1401463570836626,-0.015845527017458533,0.17449049651622772,0.17449049651622772,0.13440023362636566,0.13440023362636566,0.12430083006620407,0.12430083006620407,0.16986322402954102,0.16986322402954102,0.15620584785938263,0.15620584785938263,0.18347585201263428,0.18347585201263428,0.10479307919740677,0.10479307919740677,0.05920936539769173,0.05920936539769173,0.1054111123085022,0.1054111123085022,0.1853211671113968,0.1853211671113968,0.09341426938772202,0.09341426938772202
1992756749,qslstm_log,extrapolation,early,2000163,62,1,61,60,1,0.22085605772352743,0.46382241143334296,0.19441317548343306,0.4409230947494507,0.11719209979332845,0.3423333168029785,0.2225554668699241,0.4658140359354801,0.014102784295876821,0.013301891795659469,0.09858167171478271,0.07488170266151428,0.07488170266151428,0.13623714447021484,0.13623714447021484,0.3423333168029785,0.3423333168029785,0.43990540504455566,0.43990540504455566,0.38351160287857056,0.38351160287857056,0.450126051902771,0.450126051902771,0.4994592070579529,0.4994592070579529,0.4975159466266632,0.4975159466266632,0.48505961894989014,0.48505961894989014,0.5617940127849579,0.5617940127849579,0.5260247886180878,0.5260247886180878,0.3003503680229187,0.13488013457629036,0.16547023344662834,0.3619431257247925,0.3619431257247925,0.21900378167629242,0.21900378167629242,0.3003503680229187,0.3003503680229187,0.23088781535625458,0.23088781535625458,0.22768352925777435,0.22768352925777435,0.17534120380878448,0.17534120380878448,0.23775891959667206,0.23775891959667206,0.1838708072900772,0.1838708072900772,0.10888772457838058,0.10888772457838058,0.14079730212688446,0.14079730212688446,0.05161970481276512,0.05161970481276512
1992756749,qslstm_log,extrapolation,early,2000164,62,5,57,57,4,0.028471448061871567,0.14998180094745853,0.015948176381076706,0.1262860894203186,0.08308331549286235,0.27896127849817276,0.02368093337494255,0.13866781168862394,0.013646313495803298,0.009323749902113428,0.05837445706129074,0.3451304193586111,0.2703147754073143,0.3445896450430155,0.24556755274534225,0.27896127849817276,0.17281651496887207,0.33806257098913195,0.13324135541915894,0.2766092121601105,0.1279764175415039,0.24829119741916655,0.10006332397460938,0.24433100521564483,0.10732492804527283,0.15526361316442489,0.0998820960521698,0.1206003487110138,0.1214367151260376,0.11631273627281188,0.15380406379699707,0.1410446882247925,0.15057027339935303,0.29638407230377195,0.14307057844442234,0.15331349385934961,0.3213540352880955,0.21882881224155426,0.2865093871951103,0.2392120212316513,0.29638407230377195,0.2326258420944214,0.2426764339208603,0.12696020305156708,0.23289612531661988,0.1419297456741333,0.21946761310100554,0.1264002025127411,0.19072969853878022,0.14402417838573456,0.16906886398792267,0.14052926003932953,0.14773734286427498,0.18007449805736542,0.16759287118911742,0.1762291043996811,0.13225190937519074,0.16057179868221283
1992756749,qslstm_log,extrapolation,early,2000165,62,5,57,57,4,0.017212026099113698,0.10389729252746029,0.0034442131135827836,0.058687418699264526,0.0764027021712126,0.24921504706144332,0.012019861531385727,0.09115012107711089,0.009662466091022157,0.007634182771046956,0.05280543863773346,0.2824050225317478,0.39284127950668335,0.26848202757537365,0.3330654501914978,0.24921504706144332,0.0836012065410614,0.3006793722510338,0.10550341010093689,0.2862104535102844,0.0761435329914093,0.23309674859046936,0.08719787001609802,0.20967873334884643,0.07962784171104431,0.14271090030670167,0.11164423823356628,0.09014591574668884,0.08189108967781067,0.08946489691734313,0.09891542792320251,0.09264599680900573,0.08062711358070374,0.275530007481575,0.12489848348655198,0.15063152399502305,0.31222694739699364,0.2312895804643631,0.24163012206554413,0.16276580095291138,0.275530007481575,0.21921254694461823,0.21456189006567,0.09986794739961624,0.19013066291809083,0.20567686855793,0.20771022140979767,0.1284567266702652,0.1619766905903816,0.18362800776958466,0.15659397691488267,0.1862025409936905,0.12865972369909287,0.18831323087215424,0.09859312251210213,0.15757296979427338,0.13580744639039039,0.1681261509656906
1992756749,qslstm_log,extrapolation,early,2000166,62,3,59,59,2,0.014027679438009836,0.08335529844607076,0.004606444912585772,0.06787079572677612,0.09620209222707654,0.24070615569750467,0.009849319465684412,0.07535440739938769,0.01344575467756239,0.013518329324393437,0.10479636490345001,0.4927787184715271,0.4927787184715271,0.35768449306488037,0.5020151436328888,0.24070615569750467,0.01598590612411499,0.3541356821854909,0.06761318445205688,0.18303635716438293,0.03110802173614502,0.042424956957499184,0.043675780296325684,0.034343202908833824,0.0043084025382995605,0.020806968212127686,0.014436721801757812,0.01897422472635905,0.007170379161834717,0.02187393109003703,0.000299990177154541,0.03373912970225016,0.03423178195953369,0.32961877683798474,0.1359542411262706,0.19366453571171413,0.3503929078578949,0.3503929078578949,0.3158138170838356,0.24029682576656342,0.32961877683798474,0.24713261425495148,0.27220070858796436,0.22591239213943481,0.24743428826332092,0.2548734247684479,0.20746693015098572,0.14935578405857086,0.22095350921154022,0.18207471072673798,0.16092830896377563,0.15135443210601807,0.16197861234347025,0.17838823795318604,0.15426516781250635,0.14896544814109802,0.14022295673688254,0.165463387966156
1992756749,qslstm_log,extrapolation,early,2000167,62,2,60,59,2,0.07846038799543019,0.2769668626208459,0.09547614718309205,0.3089921474456787,0.07052282081088102,0.26555135846138,0.0787249735682485,0.27734737942616144,0.013666751526169857,0.009326531931206031,0.0515826940536499,0.2044643610715866,0.3296511173248291,0.225112646818161,0.3526477813720703,0.26555135846138,0.26324987411499023,0.2880305349826813,0.2301228642463684,0.28749389946460724,0.2495773732662201,0.30384561419487,0.2780401110649109,0.30633828043937683,0.26002877950668335,0.25352397561073303,0.27692508697509766,0.2960924506187439,0.3141447901725769,0.2977662980556488,0.29942595958709717,0.29385635256767273,0.28390681743621826,0.16654018312692642,0.1330894539753596,0.03345072915156683,0.33986175805330276,0.18543581664562225,0.2607163339853287,0.24690699577331543,0.16654018312692642,0.14050275087356567,0.1464953012764454,0.09019818156957626,0.19655613601207733,0.2103661447763443,0.1510106846690178,0.11658555269241333,0.19738874584436417,0.1478704959154129,0.07886626198887825,0.06753434240818024,0.15016109496355057,0.1837366372346878,0.09936229884624481,0.08667317032814026,0.06488410010933876,0.04628175497055054
1992756749,qslstm_log,extrapolation,early,2000168,62,1,61,61,0,0.1568261163350113,0.3941914189246393,0.19484100351408884,0.4414079785346985,0.15596288247991552,0.39492136240005493,0.156840267709685,0.39417945263815707,0.014949208400288566,0.014949208400288566,,,,,,0.39492136240005493,0.39492136240005493,0.35595548152923584,0.35595548152923584,0.3362223505973816,0.3362223505973816,0.2763282060623169,0.2763282060623169,0.24860382080078125,0.24860382080078125,0.2998282313346863,0.2998282313346863,0.3739730715751648,0.3739730715751648,0.35283273458480835,0.35283273458480835,0.4161837697029114,0.4161837697029114,0.4491405487060547,0.14274654928289476,0.3063939994231599,,,,,0.4491405487060547,0.4491405487060547,0.25226926803588867,0.25226926803588867,0.15915697813034058,0.15915697813034058,0.2511450946331024,0.2511450946331024,0.24786873161792755,0.24786873161792755,0.2113986760377884,0.2113986760377884,0.2065027505159378,0.2065027505159378,0.19649522006511688,0.19649522006511688,0.19197513163089752,0.19197513163089752
1992756749,qslstm_log,extrapolation,early,2000169,62,2,60,60,1,0.2127901430934312,0.4598571654529341,0.24632268548590505,0.49630906246602535,0.1311841156016441,0.3519299579784274,0.21551034400982413,0.4634547390354176,0.013887662688891094,0.012143960443593688,0.062427133321762085,0.43754199147224426,0.43754199147224426,0.5543080866336823,0.5543080866336823,0.3519299579784274,0.26631792448461056,0.45253708492964506,0.35076608322560787,0.337369492277503,0.40842106007039547,0.39451334439218044,0.438260605558753,0.43454126082360744,0.4606614615768194,0.46463786624372005,0.4686142709106207,0.46898784302175045,0.4693614151328802,0.47351636551320553,0.4630128350108862,0.4637358095496893,0.43932261131703854,0.2668231502175331,0.13168276629100242,0.1351403839265307,0.35412049293518066,0.35412049293518066,0.32937154173851013,0.32937154173851013,0.2668231502175331,0.17952580749988556,0.2959250807762146,0.26247861981391907,0.197593554854393,0.21566130220890045,0.17522236704826355,0.08796611428260803,0.21486250311136246,0.21406370401382446,0.17287683486938477,0.13168996572494507,0.12662401795387268,0.12155807018280029,0.15198272466659546,0.17095313966274261,0.146782286465168,0.12419241666793823
1992756749,qslstm_log,extrapolation,early,2000170,62,4,58,58,3,0.1756349379396718,0.4117697245711761,0.2046194894407103,0.45234885811805725,0.12360695795387826,0.30902165779843926,0.17922307449041622,0.4188557981417097,0.010846611240814472,0.008375382086016098,0.04083430767059326,0.25904043515523273,0.27829432487487793,0.35843168509503204,0.5868716482073069,0.30902165779843926,0.2960485816001892,0.2719637304544449,0.32481634616851807,0.2913823127746582,0.3668615221977234,0.2997066229581833,0.376226007938385,0.39083205768838525,0.3683452606201172,0.3336048275232315,0.36752843856811523,0.36672013998031616,0.4024229049682617,0.40973377227783203,0.4454581141471863,0.42640484124422073,0.4259195327758789,0.2267630472779274,0.13815517278773518,0.08860787449019222,0.21316219369570413,0.12710897624492645,0.19537352522214255,0.14082367718219757,0.2267630472779274,0.20768225193023682,0.2538720406591892,0.21221856772899628,0.2072110902518034,0.12303664535284042,0.1412899997085333,0.1454797387123108,0.16367886774241924,0.10980109125375748,0.15049058012664318,0.18339620530605316,0.17483880370855331,0.1568192094564438,0.14937477372586727,0.13189911842346191,0.15911497175693512,0.14379222691059113
1992756749,qslstm_log,extrapolation,early,2000171,62,2,60,59,2,0.22475743249114882,0.45715047917779417,0.20413990113981917,0.4518184382468462,0.19153088645036126,0.43753086123615503,0.22586498402584174,0.45780446644251543,0.0128590954562365,0.009446920089001925,0.06451421976089478,0.22650232911109924,0.43605077266693115,0.2414752095937729,0.43270331621170044,0.43753086123615503,0.447411747649312,0.434910343028605,0.4337699133902788,0.4500341275706887,0.467364938929677,0.4504788238555193,0.45354590006172657,0.45665581710636616,0.4795417208224535,0.49553886242210865,0.5375318247824907,0.548925967887044,0.5756134707480669,0.5721770841628313,0.5910459477454424,0.5532377380877733,0.53112200088799,0.2447546124458313,0.1545287091905872,0.0902259032552441,0.2145436704158783,0.1643722951412201,0.21935772895812988,0.22496257722377777,0.2447546124458313,0.24967730045318604,0.1447923704981804,0.12521244585514069,0.21228383481502533,0.1996050924062729,0.21242251247167587,0.1751677244901657,0.15992163121700287,0.19463081657886505,0.1816563457250595,0.1881449669599533,0.09956859424710274,0.07055731862783432,0.1715441271662712,0.18223224580287933,0.17179930955171585,0.17847003042697906
1992756749,qslstm_log,extrapolation,early,2000172,62,0,62,61,0,0.12402914881795232,0.3511196254722534,0.13884427735542104,0.3726181387901306,,,0.12402914881795232,0.3511196254722534,0.012680272587010117,0.012680272587010117,,,,,,,,,,,,,,,,,,,,,,,,,0.1420260221066494,,,,,,,,,,,,,,,,,,,,,,,
1992756749,qslstm_log,extrapolation,early,2000173,62,3,59,58,3,0.07132010492894668,0.262547290947799,0.08263600979987373,0.28746479749679565,0.1076475222824748,0.270678053299586,0.06947294811436051,0.26213386235364033,0.012452469817523298,0.008491937071084976,0.05432804425557455,0.3071883797335128,0.2939598858356476,0.3750844488386065,0.25767019391059875,0.270678053299586,0.18077784776687622,0.1517262856165568,0.19801145792007446,0.19405768314997354,0.22553813457489014,0.22695374488830566,0.2466716170310974,0.23866198460261026,0.23130404949188232,0.2652590870857239,0.2451668381690979,0.25939494371414185,0.2265547513961792,0.24386978149414062,0.2593995928764343,0.24928019444147745,0.2681485414505005,0.23886866370836893,0.1332163570164624,0.10565230669190653,0.19238544007142386,0.10511407256126404,0.20524194339911142,0.16939598321914673,0.23886866370836893,0.2013387680053711,0.20374974111715952,0.18681184947490692,0.1923637092113495,0.1829081028699875,0.20350346465905508,0.19469283521175385,0.14681604752937952,0.11246954649686813,0.13689296940962473,0.13466499745845795,0.11333996802568436,0.0655098482966423,0.16018617153167725,0.1029575765132904,0.12664559731880823,0.14683720469474792
1992756749,qslstm_log,extrapolation,early,2000174,62,1,61,60,1,0.05186953135289099,0.22282975281198178,0.06307402322193312,0.2511454224586487,0.04657717236204917,0.21581745147705078,0.05195629133634742,0.2229447085715708,0.011969041824340821,0.011969041824340821,0.07974821329116821,,,0.40410899743437767,0.40410899743437767,0.21581745147705078,0.21581745147705078,0.27084580063819885,0.27084580063819885,0.2517815828323364,0.2517815828323364,0.19969362020492554,0.19969362020492554,0.16053175926208496,0.16053175926208496,0.1198199987411499,0.1198199987411499,0.13624489307403564,0.13624489307403564,0.19058066606521606,0.19058066606521606,0.19057518243789673,0.19057518243789673,0.3465404212474823,0.13832729871644348,0.20821312253103882,,,0.4632648527622223,0.4632648527622223,0.3465404212474823,0.3465404212474823,0.3005072772502899,0.3005072772502899,0.18869052827358246,0.18869052827358246,0.14170575141906738,0.14170575141906738,0.2112160176038742,0.2112160176038742,0.19803519546985626,0.19803519546985626,0.1505551040172577,0.1505551040172577,0.07965423911809921,0.07965423911809921,0.11934420466423035,0.11934420466423035
1992756749,qslstm_log,extrapolation,early,2000175,62,4,58,58,3,0.13797486811912216,0.36487480974005115,0.14498168903977598,0.3807646110653877,0.13053364260107903,0.3127631712704897,0.13848805608588377,0.36846871584140023,0.014216687658737445,0.010926553663217797,0.05037182569503784,0.5051632821559906,0.5518266558647156,0.367485632499059,0.5766809582710266,0.3127631712704897,0.31946761161088943,0.4809571225196123,0.3282782807946205,0.47439842857420444,0.2985771670937538,0.4249291680753231,0.3104138448834419,0.25734069012105465,0.3489951863884926,0.3765630777925253,0.34543464332818985,0.35164202004671097,0.3636860027909279,0.36354826390743256,0.37827105075120926,0.3747303858399391,0.3709991052746773,0.250189371407032,0.13412229678240314,0.11606707462462887,0.2575027545293172,0.2558901906013489,0.20147139330705008,0.16329169273376465,0.250189371407032,0.21053457260131836,0.26313913613557816,0.2149166315793991,0.21474098414182663,0.17770612239837646,0.20367151871323586,0.18631766736507416,0.18379479087889194,0.12314761430025101,0.1890193447470665,0.1361633986234665,0.1578867994248867,0.1867404729127884,0.15996228717267513,0.17497451603412628,0.14960501343011856,0.12028050422668457
1992756749,qslstm_log,extrapolation,early,2000176,62,1,61,60,1,0.22640670499820115,0.4607968076823219,0.24302843065926255,0.4929791381582618,0.2907118047508143,0.5391769697889686,0.22535252303504358,0.45951188699204903,0.01141030788421631,0.00856254751032049,0.07019627094268799,0.11337089538574219,0.11337089538574219,0.04990112781524658,0.04990112781524658,0.5391769697889686,0.5391769697889686,0.5758739402517676,0.5758739402517676,0.5473063280805945,0.5473063280805945,0.5452279141172767,0.5452279141172767,0.5143810203298926,0.5143810203298926,0.4961719801649451,0.4961719801649451,0.5454981615766883,0.5454981615766883,0.5144964149221778,0.5144964149221778,0.49838682916015387,0.49838682916015387,0.25191831588745117,0.1465230331008063,0.10539528278664487,0.264533132314682,0.264533132314682,0.14140665531158447,0.14140665531158447,0.25191831588745117,0.25191831588745117,0.16113843023777008,0.16113843023777008,0.12736232578754425,0.12736232578754425,0.1547618955373764,0.1547618955373764,0.20899146795272827,0.20899146795272827,0.08971011638641357,0.08971011638641357,0.05319461226463318,0.05319461226463318,0.18152238428592682,0.18152238428592682,0.16333907842636108,0.16333907842636108
1992756749,qslstm_log,extrapolation,early,2000177,62,1,61,60,1,0.10561664530547613,0.3231783744788939,0.10750453878104005,0.32787884771823883,0.12008831162924616,0.34653760492801666,0.10537940487393892,0.3227954362748099,0.014197961489359538,0.012109693834337137,0.10815298557281494,0.33579301834106445,0.33579301834106445,0.1983872652053833,0.1983872652053833,0.34653760492801666,0.34653760492801666,0.4120718985795975,0.4120718985795975,0.442343607544899,0.442343607544899,0.422129824757576,0.422129824757576,0.3633026033639908,0.3633026033639908,0.35100026428699493,0.35100026428699493,0.3417687565088272,0.3417687565088272,0.2823852151632309,0.2823852151632309,0.2810129374265671,0.2810129374265671,0.19666169583797455,0.12948854377523797,0.06717315206273658,0.47923967242240906,0.47923967242240906,0.2522372007369995,0.2522372007369995,0.19666169583797455,0.19666169583797455,0.260365754365921,0.260365754365921,0.11962875723838806,0.11962875723838806,0.23164544999599457,0.23164544999599457,0.1964942216873169,0.1964942216873169,0.17045950889587402,0.17045950889587402,0.12901896238327026,0.12901896238327026,0.13595379889011383,0.13595379889011383,0.06648660451173782,0.06648660451173782
1992756749,qslstm_log,extrapolation,early,2000178,62,3,59,59,2,0.1910414897606468,0.43222795033286654,0.20772463821788684,0.45576818473637104,0.13672641820559475,0.32874164544045925,0.19380327306005624,0.4374899658358703,0.012508249888985844,0.00820203354725471,0.02794855833053589,0.24388138949871063,0.09476003050804138,0.2693544775247574,0.12329825758934021,0.32874164544045925,0.48957850225269794,0.30324551028509933,0.4562356937676668,0.44020965819557506,0.48484631069004536,0.45234239225586254,0.4731879997998476,0.4471229426562786,0.4919444490224123,0.45417290056745213,0.4551635552197695,0.34359391654531163,0.45231993682682514,0.4535702435920636,0.43860836513340473,0.4456113049139579,0.43738515861332417,0.2639554291963577,0.13107951517390498,0.13287591402245275,0.17691030353307724,0.20536047220230103,0.14075987040996552,0.1327858716249466,0.2639554291963577,0.19856242835521698,0.15980387230714163,0.1414683610200882,0.17040630181630453,0.06402982771396637,0.1911626160144806,0.1775680035352707,0.1653614044189453,0.18515639007091522,0.15572071572144827,0.13327188789844513,0.14495217303435007,0.1687987595796585,0.17627733449141184,0.17192156612873077,0.12244464953740437,0.09311991930007935
1992756749,qslstm_log,extrapolation,early,2000179,62,1,61,60,1,0.054228475635545864,0.22745445611015444,0.05877977648964716,0.24244540929794312,0.06523397158801814,0.2554094195365906,0.054048057669111894,0.22699617802119645,0.012216442823410034,0.00875278463903463,0.02391582727432251,0.21561068296432495,0.21561068296432495,0.2613369822502136,0.2613369822502136,0.2554094195365906,0.2554094195365906,0.2564653754234314,0.2564653754234314,0.24242278933525085,0.24242278933525085,0.26073238253593445,0.26073238253593445,0.2797420024871826,0.2797420024871826,0.24704775214195251,0.24704775214195251,0.24381548166275024,0.24381548166275024,0.20796912908554077,0.20796912908554077,0.21270960569381714,0.21270960569381714,0.20899908244609833,0.14699383513605008,0.06200524731004825,0.20323950052261353,0.20323950052261353,0.2017502337694168,0.2017502337694168,0.20899908244609833,0.20899908244609833,0.1390162855386734,0.1390162855386734,0.10380935668945312,0.10380935668945312,0.06215405836701393,0.06215405836701393,0.16987253725528717,0.16987253725528717,0.16563236713409424,0.16563236713409424,0.12131691724061966,0.12131691724061966,0.10167098045349121,0.10167098045349121,0.11535587161779404,0.11535587161779404
1992756749,qslstm_log,extrapolation,early,2000180,62,1,61,60,1,0.20593313120728426,0.44321856383354435,0.2088794703638861,0.45703333616256714,0.31663055594077694,0.5626993477344513,0.20411841932640737,0.4412598624581196,0.012851586937904358,0.008254254406148737,0.08444350957870483,0.16947117447853088,0.16947117447853088,0.21198460459709167,0.21198460459709167,0.5626993477344513,0.5626993477344513,0.5551243424415588,0.5551243424415588,0.4997680187225342,0.4997680187225342,0.5405237078666687,0.5405237078666687,0.5230720937252045,0.5230720937252045,0.5141556560993195,0.5141556560993195,0.5083561837673187,0.5083561837673187,0.4949263632297516,0.4949263632297516,0.44772398471832275,0.44772398471832275,0.23310865461826324,0.153153303888489,0.07995535072977425,0.27977776527404785,0.27977776527404785,0.14261560142040253,0.14261560142040253,0.23310865461826324,0.23310865461826324,0.17863845825195312,0.17863845825195312,0.11282128095626831,0.11282128095626831,0.1823684424161911,0.1823684424161911,0.2297987937927246,0.2297987937927246,0.05905512347817421,0.05905512347817421,0.20008592307567596,0.20008592307567596,0.15585575997829437,0.15585575997829437,0.18311363458633423,0.18311363458633423
1992756749,qslstm_log,extrapolation,early,2000181,62,1,61,60,1,0.0053945430157130835,0.044483409353321596,0.0006200168912506854,0.02490013837814331,0.008353322150046694,0.0913965106010437,0.005346038439740402,0.043714342119752385,0.015252586702505748,0.010415088513801837,0.014809668064117432,0.3589063994586468,0.3589063994586468,0.32217101380228996,0.32217101380228996,0.0913965106010437,0.0913965106010437,0.10232821106910706,0.10232821106910706,0.050410687923431396,0.050410687923431396,0.006126523017883301,0.006126523017883301,0.039257198572158813,0.039257198572158813,0.028068095445632935,0.028068095445632935,0.06037035584449768,0.06037035584449768,0.024192899465560913,0.024192899465560913,0.03333893418312073,0.03333893418312073,0.14170990884304047,0.13991429174288375,0.0017956171001567156,0.26922208070755005,0.26922208070755005,0.28660526871681213,0.28660526871681213,0.14170990884304047,0.14170990884304047,0.2561769187450409,0.2561769187450409,0.20019645988941193,0.20019645988941193,0.12858392298221588,0.12858392298221588,0.18300729990005493,0.18300729990005493,0.18542051315307617,0.18542051315307617,0.12173819541931152,0.12173819541931152,0.17067855596542358,0.17067855596542358,0.12421130388975143,0.12421130388975143
1992756749,qslstm_log,extrapolation,early,2000182,62,2,60,60,1,0.1061257308087408,0.32171530733185427,0.07879100826734509,0.28069736063480377,0.15371581933487655,0.38164690881967545,0.10453939452453628,0.31971758728226024,0.011046101649602255,0.01000420984468962,0.08664160966873169,0.24212956428527832,0.24212956428527832,0.19933515787124634,0.19933515787124634,0.38164690881967545,0.47143252193927765,0.34744904190301895,0.43553902208805084,0.3080301061272621,0.3739306479692459,0.30144939571619034,0.40356363356113434,0.4477100819349289,0.42398764193058014,0.40551550686359406,0.4371003657579422,0.41343100368976593,0.4028743654489517,0.3775841146707535,0.35229386389255524,0.3436359018087387,0.3349779397249222,0.3127850964665413,0.13100376202103992,0.18178133444550137,0.21822643280029297,0.21822643280029297,0.1883818358182907,0.1883818358182907,0.3127850964665413,0.24843575060367584,0.2809237614274025,0.21397773921489716,0.21744489669799805,0.21666336059570312,0.162945955991745,0.13751007616519928,0.18685954809188843,0.125283345580101,0.1603650152683258,0.10406666994094849,0.15239207446575165,0.17950080335140228,0.1846739500761032,0.18984709680080414,0.14154329523444176,0.09323949366807938
1992756749,qslstm_log,extrapolation,early,2000183,62,3,59,59,2,0.016536572447759072,0.09680055177980854,0.009613889827101652,0.09805044531822205,0.06430223062135039,0.22177491585413614,0.014107810167745954,0.09044592309806307,0.011912652496564187,0.008031416970949907,0.035028234124183655,0.2088840752840042,0.36354899406433105,0.18776220083236694,0.36183851957321167,0.22177491585413614,0.05243772268295288,0.19018821914990744,0.07669046521186829,0.15910682082176208,0.05851483345031738,0.1401384174823761,0.043180376291275024,0.24321837226549783,0.02715522050857544,0.15540399154027304,0.024935036897659302,0.1462535262107849,0.03374168276786804,0.032903035481770836,0.04380732774734497,0.03824968139330546,0.04657122492790222,0.18990244219700494,0.14120218404016252,0.048700258156842424,0.19762950390577316,0.1409742385149002,0.2286643087863922,0.17876338958740234,0.18990244219700494,0.06840106099843979,0.2562482605377833,0.19322575628757477,0.21242531140645346,0.17212913930416107,0.18586703141530356,0.13806162774562836,0.14975730081399283,0.13917745649814606,0.17504878838857016,0.12105858325958252,0.14551867544651031,0.11973100900650024,0.12088846415281296,0.11501999944448471,0.1051456406712532,0.09591441601514816
1992756749,qslstm_log,extrapolation,early,2000184,62,4,58,57,4,0.15375504220180666,0.3825551714868315,0.13599290343663922,0.36877215653657913,0.14553221332689625,0.3296995582059026,0.15432213384835222,0.38620038619586106,0.01168503154788101,0.010696361649711177,0.07325169444084167,0.28402353699008626,0.004043936729431152,0.25364529620856047,0.029509902000427246,0.3296995582059026,0.4670276716351509,0.35214964766055346,0.46261078864336014,0.33462296798825264,0.4965396001935005,0.35409416165202856,0.45203233510255814,0.48785261902958155,0.44716835767030716,0.35800245963037014,0.45879197865724564,0.44843653589487076,0.4251750186085701,0.42043019086122513,0.41170669347047806,0.4008728340268135,0.41268420964479446,0.2068578153848648,0.14524395991887512,0.061613855465989686,0.20465128620465597,0.14250023663043976,0.27690714597702026,0.2390117645263672,0.2068578153848648,0.15451687574386597,0.19573987275362015,0.1638161987066269,0.17524177208542824,0.16895554959774017,0.2189706563949585,0.22668147087097168,0.15789374336600304,0.1530514508485794,0.16410344280302525,0.09539500623941422,0.14290822111070156,0.15937022864818573,0.15451502054929733,0.1923859715461731,0.1902943179011345,0.1806381195783615
1992756749,qslstm_log,extrapolation,early,2000185,62,3,59,59,2,0.07159751169105354,0.26558111896437986,0.08397558670856231,0.2897854149341583,0.05254386207542794,0.2257511019706726,0.07256634133252603,0.26760637406575477,0.014940920017533383,0.011027987425525984,0.02507224678993225,0.2890130281448364,0.2591087222099304,0.28828683495521545,0.2909485101699829,0.2257511019706726,0.1702931523323059,0.24586830536524454,0.15321606397628784,0.23721383015314737,0.184428870677948,0.24458885192871094,0.21960842609405518,0.2750099301338196,0.2223460078239441,0.2544076641400655,0.22677969932556152,0.20627651611963907,0.2087777853012085,0.25006715456644696,0.26391881704330444,0.2396282653013865,0.26706600189208984,0.24770439167817435,0.1444964065390118,0.10320798513916254,0.13681665435433388,0.06939857453107834,0.1950194165110588,0.19517964124679565,0.24770439167817435,0.14928367733955383,0.19750634084145227,0.10880071669816971,0.20798920094966888,0.18698750436306,0.17833591997623444,0.1952490359544754,0.16668110092480978,0.1474660038948059,0.172315776348114,0.17825119197368622,0.14559747527043024,0.19066880643367767,0.16602910806735358,0.12282877415418625,0.16081042091051737,0.10009372234344482
1992756749,qslstm_log,extrapolation,early,2000186,62,5,57,56,5,0.2993433281623425,0.5350464741068501,0.2835554552441444,0.5324992537498474,0.17782315740884017,0.36825419664382936,0.3100029922635269,0.5496773756386941,0.008829525538853236,0.0064483399086810176,0.06600748896598815,0.33508436381816864,0.5154677629470825,0.3144243240356445,0.16223758459091187,0.36825419664382936,0.5976197719573975,0.409365576505661,0.6035964488983154,0.5837467610836029,0.6213287115097046,0.5193492412567139,0.6204826831817627,0.6149329662322998,0.6226712465286255,0.6103692889213562,0.5809275805950165,0.604679161310196,0.5929210782051086,0.5004421591758728,0.5749186277389526,0.5770898401737213,0.5625796020030975,0.1938769668340683,0.13649876327498964,0.05737820355907866,0.18690131604671478,0.19383908808231354,0.23496478497982026,0.1805359125137329,0.1938769668340683,0.15589715540409088,0.17288058400154113,0.15918231010437012,0.18505302369594573,0.16451744735240936,0.18893044590950012,0.2015872448682785,0.18060851395130156,0.16552017629146576,0.16434459388256073,0.16060659289360046,0.16154130101203917,0.10672131180763245,0.1479898750782013,0.12284776568412781,0.11860761642456055,0.06896595656871796
1992756749,qslstm_log,extrapolation,early,2000187,62,3,59,58,3,0.14609372889899713,0.37880994920288363,0.13911696665742967,0.3729838691651821,0.15133937427923752,0.37367625162005424,0.14582700116779845,0.379070984673197,0.013894688980332736,0.012083086202729423,0.08590711156527202,0.39001261070370674,0.5014630258083344,0.3156432434916496,0.5155589580535889,0.37367625162005424,0.31937116011977196,0.400786808381478,0.36629563197493553,0.37959223116437596,0.3446555398404598,0.31680038571357727,0.3669210337102413,0.41337626924117404,0.34912392124533653,0.41276026517152786,0.3558008037507534,0.35216638073325157,0.34689998254179955,0.3487804892162482,0.3566526435315609,0.3737777036925157,0.39008837565779686,0.2382177213827769,0.1389641004725028,0.09925362091027409,0.20720962435007095,0.19849713146686554,0.3111828217903773,0.20271141827106476,0.2382177213827769,0.20916880667209625,0.2275987764199575,0.16468076407909393,0.19153138001759848,0.15596060454845428,0.21711934606234232,0.1881146878004074,0.17013304928938547,0.1889299899339676,0.1632123962044716,0.0988110825419426,0.1558206801613172,0.11258823424577713,0.1438622772693634,0.10822752118110657,0.13129166762034097,0.13275299966335297
1992756749,qslstm_log,extrapolation,near_best,2000188,62,2,60,60,1,0.2930273981300283,0.5348144378513098,0.32653823681825234,0.5714352428913116,0.2103214191966311,0.45428685285151005,0.2957842640944749,0.5374986906846364,0.008979003131389617,0.005236547153729659,0.0570489764213562,0.3013857789337635,0.3013857789337635,0.32191332057118416,0.32191332057118416,0.45428685285151005,0.5170950889587402,0.4681843761354685,0.5422830283641815,0.4338908288627863,0.5498151779174805,0.4615051690489054,0.5682355761528015,0.4267668966203928,0.5614736974239349,0.4368381891399622,0.5511561036109924,0.43620345927774906,0.550493597984314,0.5628714263439178,0.5575072765350342,0.5597167760133743,0.5678423643112183,0.3396277353167534,0.14820717101295788,0.1914205643037955,0.15140877664089203,0.15140877664089203,0.2308272272348404,0.2308272272348404,0.3396277353167534,0.19629667699337006,0.2536492720246315,0.1713380068540573,0.2287057414650917,0.20256449282169342,0.18491602689027786,0.15909099578857422,0.23567701876163483,0.19130027294158936,0.15627777576446533,0.12901802361011505,0.18496350944042206,0.13909979164600372,0.10507267713546753,0.05105435848236084,0.17293807864189148,0.1705041080713272
1992756749,qslstm_log,extrapolation,near_best,2000189,62,3,59,59,2,0.22487317530913065,0.45809947891581443,0.2588543958542988,0.5087773539125919,0.15294489823507681,0.35825395708282787,0.22853054532984526,0.46317636985647476,0.011175547615956452,0.008061869471680885,0.035643428564071655,0.23885248601436615,0.10025003552436829,0.20648933947086334,0.08422049880027771,0.35825395708282787,0.4796639420092106,0.34577634061376256,0.4871978498995304,0.320733488847812,0.5146648623049259,0.30047396942973137,0.5054550506174564,0.2435503713786602,0.49361035600304604,0.34721220781405765,0.4918920136988163,0.3754801278313001,0.5115254856646061,0.5038355725506941,0.5049498416483402,0.5009950734674931,0.5202856995165348,0.2666727950175603,0.12812626475499847,0.13854653026256183,0.12881596386432648,0.0672735869884491,0.23103272914886475,0.19405245780944824,0.2666727950175603,0.22299480438232422,0.15708151956399283,0.12971504032611847,0.18052262564500174,0.10913389921188354,0.17312459647655487,0.08630314469337463,0.15461854139963785,0.18691705167293549,0.18006917585929236,0.07513708621263504,0.09701913346846898,0.11464991420507431,0.12300424526135127,0.18474175035953522,0.09740002453327179,0.08879660815000534
1992756749,qslstm_log,extrapolation,near_best,2000190,62,1,61,60,1,0.1091602090211028,0.31818838561734847,0.15588382450460703,0.39482125639915466,0.07313385098819936,0.270432710647583,0.10975080505442908,0.3189712655348856,0.014877985914548237,0.0071180468919325845,0.01733526587486267,0.12122130393981934,0.12122130393981934,0.13302922248840332,0.13302922248840332,0.270432710647583,0.270432710647583,0.25033748149871826,0.25033748149871826,0.23125088214874268,0.23125088214874268,0.24726390838623047,0.24726390838623047,0.2699914574623108,0.2699914574623108,0.3081340491771698,0.3081340491771698,0.3271341323852539,0.3271341323852539,0.3346330225467682,0.3346330225467682,0.33695703744888306,0.33695703744888306,0.20228521525859833,0.14372338464514153,0.058561830613456795,0.16946111619472504,0.16946111619472504,0.07174354046583176,0.07174354046583176,0.20228521525859833,0.20228521525859833,0.09067333489656448,0.09067333489656448,0.19418196380138397,0.19418196380138397,0.17051446437835693,0.17051446437835693,0.16757933795452118,0.16757933795452118,0.14091013371944427,0.14091013371944427,0.16429512202739716,0.16429512202739716,0.17737416923046112,0.17737416923046112,0.10492020100355148,0.10492020100355148
1992756749,qslstm_log,extrapolation,near_best,2000191,62,1,61,60,1,0.1870083297451757,0.43016000428507406,0.21448954618182214,0.4631301611661911,0.09259319101083663,0.3042912930250168,0.18855611890475504,0.43222342578114054,0.011304802695910136,0.01138813111741664,0.10378462076187134,0.3566133975982666,0.3566133975982666,0.36300182342529297,0.36300182342529297,0.3042912930250168,0.3042912930250168,0.29952771961688995,0.29952771961688995,0.33934085071086884,0.33934085071086884,0.3817130774259567,0.3817130774259567,0.39504383504390717,0.39504383504390717,0.3758802264928818,0.3758802264928818,0.38991735875606537,0.38991735875606537,0.3959079831838608,0.3959079831838608,0.4584392160177231,0.4584392160177231,0.3175618052482605,0.15622449672368707,0.16133730852457343,0.38323041796684265,0.38323041796684265,0.33229729533195496,0.33229729533195496,0.3175618052482605,0.3175618052482605,0.24326282739639282,0.24326282739639282,0.26511821150779724,0.26511821150779724,0.2310776263475418,0.2310776263475418,0.18735887110233307,0.18735887110233307,0.23187263309955597,0.23187263309955597,0.11627931147813797,0.11627931147813797,0.17460854351520538,0.17460854351520538,0.1900710016489029,0.1900710016489029
1992756749,qslstm_log,extrapolation,near_best,2000192,62,1,61,60,1,0.1890459283019967,0.41540159188931985,0.22560950782667533,0.47498369216918945,0.19279297363656056,0.43908196687698364,0.18898450132929895,0.41501338902066964,0.014917829136053721,0.009903625497278178,0.04553854465484619,0.03580677509307861,0.03580677509307861,0.06576961278915405,0.06576961278915405,0.43908196687698364,0.43908196687698364,0.45995983481407166,0.45995983481407166,0.46268609166145325,0.46268609166145325,0.4675118625164032,0.4675118625164032,0.463395893573761,0.463395893573761,0.460304856300354,0.460304856300354,0.4767599403858185,0.4767599403858185,0.4397584795951843,0.4397584795951843,0.4386359453201294,0.4386359453201294,0.1931297779083252,0.1468588294552975,0.046270948453027705,0.19517004489898682,0.19517004489898682,0.10895847529172897,0.10895847529172897,0.1931297779083252,0.1931297779083252,0.158609077334404,0.158609077334404,0.13745565712451935,0.13745565712451935,0.19495128095149994,0.19495128095149994,0.1448165327310562,0.1448165327310562,0.2055089920759201,0.2055089920759201,0.17701010406017303,0.17701010406017303,0.13666172325611115,0.13666172325611115,0.10789976269006729,0.10789976269006729
1992756749,qslstm_log,extrapolation,near_best,2000193,62,4,58,57,4,0.05501579111490082,0.22803864387735243,0.054151712750077685,0.23270520567893982,0.09412328234002204,0.2848379872739315,0.05231872275454764,0.22412144778103665,0.011350691318511963,0.010125684517401236,0.06922812759876251,0.31925642490386963,0.3799613118171692,0.28006936237215996,0.3760243058204651,0.2848379872739315,0.11837700009346008,0.32129091769456863,0.15976718068122864,0.31263088807463646,0.1796070635318756,0.27163761854171753,0.15531352162361145,0.206840880215168,0.1692580282688141,0.15052387118339539,0.1487978994846344,0.17067253589630127,0.18734267354011536,0.17284420132637024,0.1765747368335724,0.18324412405490875,0.19799861311912537,0.2612275406718254,0.11716540575284383,0.14406213491898157,0.227215014398098,0.11117061227560043,0.24575649574398994,0.10255685448646545,0.2612275406718254,0.22364090383052826,0.1561502292752266,0.12465519458055496,0.15494360774755478,0.11762053519487381,0.15383470617234707,0.11356931179761887,0.14508116617798805,0.12085795402526855,0.1581007055938244,0.1775720715522766,0.1044068755581975,0.1175905391573906,0.1255739089101553,0.10060739517211914,0.09269180335104465,0.07669097930192947
1992756749,qslstm_log,extrapolation,near_best,2000194,62,1,61,60,1,0.11396545052016871,0.33573582023382187,0.11650624469354298,0.3413301110267639,0.07140875319324724,0.26722416281700134,0.11466310129601988,0.33685896215868777,0.009757804373900095,0.009757804373900095,0.1028071939945221,,,0.11466114223003387,0.11466114223003387,0.26722416281700134,0.26722416281700134,0.2695305347442627,0.2695305347442627,0.3321335017681122,0.3321335017681122,0.3168768882751465,0.3168768882751465,0.3448948264122009,0.3448948264122009,0.34680992364883423,0.34680992364883423,0.31898611783981323,0.31898611783981323,0.29257187247276306,0.29257187247276306,0.3326687216758728,0.3326687216758728,0.33763745427131653,0.13939701133697738,0.19824044293433915,,,0.33324170112609863,0.33324170112609863,0.33763745427131653,0.33763745427131653,0.2860773503780365,0.2860773503780365,0.2577914297580719,0.2577914297580719,0.2599392235279083,0.2599392235279083,0.164211705327034,0.164211705327034,0.2190544456243515,0.2190544456243515,0.11625064164400101,0.11625064164400101,0.14235153794288635,0.14235153794288635,0.12416016310453415,0.12416016310453415
1992756749,qslstm_log,extrapolation,near_best,2000195,62,2,60,60,1,0.10602776652535388,0.32045919400069023,0.14011329852792542,0.37431710958480835,0.08595483121103575,0.29292581230401993,0.10669686436916449,0.32137697339057925,0.013268569111824035,0.008768867414731246,0.024378985166549683,0.1546253114938736,0.1546253114938736,0.1508241444826126,0.1508241444826126,0.29292581230401993,0.30514463782310486,0.33529116958379745,0.33231309056282043,0.29494758695364,0.3304643929004669,0.2712525203824043,0.3403821587562561,0.25175491720438004,0.3541503846645355,0.25676973909139633,0.3478594422340393,0.2551904395222664,0.35955673456192017,0.32911261916160583,0.31784307956695557,0.34622621536254883,0.335114061832428,0.29167407006025314,0.15634913466249903,0.13532493539775411,0.16706393659114838,0.16706393659114838,0.2126559168100357,0.2126559168100357,0.29167407006025314,0.1296391636133194,0.26246853917837143,0.1941632777452469,0.22457057982683182,0.20168083906173706,0.23745734244585037,0.15889959037303925,0.17933419346809387,0.13824540376663208,0.1790316104888916,0.13367654383182526,0.1679312027990818,0.1232064887881279,0.14894209802150726,0.13898460566997528,0.14134854823350906,0.14581246674060822
1992756749,qslstm_log,extrapolation,near_best,2000196,62,3,59,59,2,0.06746385847509148,0.2455493716462966,0.05263627421442507,0.22942596673965454,0.07779915975228284,0.2595909337202708,0.06693833468133599,0.24483539391372164,0.013845758923029496,0.007922239601612091,0.04547613859176636,0.37609152495861053,0.4080604910850525,0.2967803031206131,0.40491873025894165,0.2595909337202708,0.11604154109954834,0.2430716852347056,0.13449513912200928,0.2960732976595561,0.15164399147033691,0.3058471977710724,0.1299055516719818,0.3292017678419749,0.14385280013084412,0.32313498854637146,0.14371782541275024,0.33567877610524494,0.1704196035861969,0.23860756556193033,0.1764088273048401,0.15507747729619345,0.17889779806137085,0.3054075042406718,0.12493957456011894,0.18046792968055286,0.3203718140721321,0.19382308423519135,0.23519690334796906,0.1702762246131897,0.3054075042406718,0.16316086053848267,0.18593667447566986,0.11039280891418457,0.21307397882143655,0.12612734735012054,0.1430266114572684,0.04109235480427742,0.18292499581972757,0.17770226299762726,0.12220961848894756,0.08423954993486404,0.13430247704188028,0.09138061851263046,0.12404270221789677,0.09145907312631607,0.09794650599360466,0.12686903774738312
1992756749,qslstm_log,extrapolation,near_best,2000197,62,1,61,60,1,0.1415678513989087,0.37368781383960475,0.15906334555285984,0.398827463388443,0.0945091180897748,0.30742335319519043,0.14233930604332073,0.37477411647311976,0.011655352512995402,0.010449202959997612,0.05563804507255554,0.19819433987140656,0.19819433987140656,0.19976817071437836,0.19976817071437836,0.30742335319519043,0.30742335319519043,0.36102062463760376,0.36102062463760376,0.3846711814403534,0.3846711814403534,0.4203920364379883,0.4203920364379883,0.3773351311683655,0.3773351311683655,0.3422304391860962,0.3422304391860962,0.34191974997520447,0.34191974997520447,0.329976350069046,0.329976350069046,0.37475112080574036,0.37475112080574036,0.1549878865480423,0.1608178506864876,-0.005829964138445304,0.24699877202510834,0.24699877202510834,0.2715422213077545,0.2715422213077545,0.1549878865480423,0.1549878865480423,0.24357730150222778,0.24357730150222778,0.2515544593334198,0.2515544593334198,0.2685432732105255,0.2685432732105255,0.13025307655334473,0.13025307655334473,0.07627042382955551,0.07627042382955551,0.20154523849487305,0.20154523849487305,0.14489439129829407,0.14489439129829407,0.1764145940542221,0.1764145940542221
1992756749,qslstm_log,extrapolation,near_best,2000198,62,1,61,60,1,0.22145016037062717,0.4661328196525574,0.20827351891017898,0.45636993646621704,0.24487054455880752,0.4948439598083496,0.22106621964623077,0.4656621452237739,0.013638872901598613,0.013638872901598613,0.23333358764648438,,,0.027448832988739014,0.027448832988739014,0.4948439598083496,0.4948439598083496,0.5457568168640137,0.5457568168640137,0.5494036078453064,0.5494036078453064,0.5440883636474609,0.5440883636474609,0.48287051916122437,0.48287051916122437,0.3820502758026123,0.3820502758026123,0.4338810443878174,0.4338810443878174,0.44514310359954834,0.44514310359954834,0.45331937074661255,0.45331937074661255,0.36507442593574524,0.1479686316041673,0.21710579433157795,,,0.33819520473480225,0.33819520473480225,0.36507442593574524,0.36507442593574524,0.25173822045326233,0.25173822045326233,0.2619134485721588,0.2619134485721588,0.20313651859760284,0.20313651859760284,0.214096799492836,0.214096799492836,0.23639695346355438,0.23639695346355438,0.17679832875728607,0.17679832875728607,0.1935628205537796,0.1935628205537796,0.1365251988172531,0.1365251988172531
1992756749,qslstm_log,extrapolation,near_best,2000199,62,3,59,59,2,0.10443210764552006,0.3176845602931515,0.12987911015046905,0.3603874444961548,0.11062035784592633,0.3174646124243736,0.10411745085566891,0.31769574408308937,0.016523250583874976,0.01150950321964189,0.05383320152759552,0.3744036443531513,0.3907420113682747,0.3304210789501667,0.3731887713074684,0.3174646124243736,0.17842939496040344,0.2915574635068576,0.20541197061538696,0.32452857742706936,0.19790998101234436,0.2734237437446912,0.17284291982650757,0.33074672520160675,0.19849181175231934,0.2762104198336601,0.2325913906097412,0.2708984240889549,0.22404327988624573,0.22982409596443176,0.2589709162712097,0.2565511663754781,0.290382981300354,0.3085668236017227,0.1328831750710132,0.17568364853070953,0.19796495139598846,0.1607769876718521,0.1675681322813034,0.20654283463954926,0.3085668236017227,0.2151312679052353,0.19779916604359946,0.1320791095495224,0.19887184600035349,0.1738671511411667,0.16809826095898947,0.15751813352108002,0.20121996104717255,0.15393656492233276,0.2001908471186956,0.19784580171108246,0.16890211900075278,0.1720622181892395,0.16834858059883118,0.13333278894424438,0.1267413372794787,0.07082075625658035
1992756749,qslstm_log,extrapolation,near_best,2000200,62,2,60,59,2,0.13439055738855454,0.3625223795252462,0.16962194892846671,0.4118518531322479,0.09511068104232301,0.30831465125083923,0.1356998866000956,0.3643293038010597,0.011278926315954176,0.007592562031238637,0.07215715944766998,0.35369154810905457,0.35369154810905457,0.1859266608953476,0.35116633772850037,0.30831465125083923,0.31557804346084595,0.29959656298160553,0.3297296166419983,0.3463795334100723,0.33157551288604736,0.35726605355739594,0.3440009355545044,0.39395710825920105,0.3581601679325104,0.392535999417305,0.35431182384490967,0.3724561333656311,0.3399996757507324,0.3451119065284729,0.33905747532844543,0.34925228357315063,0.3545036315917969,0.20105504617094994,0.15136377227803072,0.04969127389291922,0.11855709552764893,0.11855709552764893,0.2698700502514839,0.14729927480220795,0.20105504617094994,0.09784632176160812,0.19163110852241516,0.12159621715545654,0.22408829629421234,0.18337935209274292,0.14561736583709717,0.13318569958209991,0.20670662820339203,0.19247986376285553,0.19479314237833023,0.1770346760749817,0.1861758977174759,0.1802702099084854,0.16144176572561264,0.17558425664901733,0.13261695951223373,0.13204821944236755
1992756749,qslstm_log,extrapolation,near_best,2000201,62,2,60,60,1,0.14341220749989494,0.3770132543098542,0.16605760920921941,0.4075016677379608,0.07215004536751002,0.26746755093336105,0.14578761290430778,0.3806647777557373,0.012209402521451314,0.012209402521451314,0.1269252896308899,,,0.2427460104227066,0.2427460104227066,0.26746755093336105,0.2921890914440155,0.30764561891555786,0.3231021463871002,0.2894546538591385,0.25580716133117676,0.28674839437007904,0.3176896274089813,0.34109288454055786,0.3644961416721344,0.3232085257768631,0.3370923697948456,0.3741223067045212,0.3803256154060364,0.429522305727005,0.4329347014427185,0.3973280340433121,0.3864193856716156,0.3721845746040344,0.15349751996497313,0.2186870546390613,,,0.4508424699306488,0.4508424699306488,0.3721845746040344,0.29352667927742004,0.2692249044775963,0.24492312967777252,0.24960853904485703,0.25429394841194153,0.2581918239593506,0.26208969950675964,0.18921728432178497,0.1163448691368103,0.1873571202158928,0.15577822923660278,0.20499976724386215,0.1974974125623703,0.1404416337609291,0.18255330622196198,0.16436509788036346,0.1634749323129654
1992756749,qslstm_log,extrapolation,near_best,2000202,62,3,59,59,2,0.04570668188953477,0.18851691292178246,0.027379592409889852,0.16546779870986938,0.037611009740568115,0.17913973331451416,0.0461183262360924,0.1889937186645249,0.01284494945558451,0.008608578466901592,0.06315913796424866,0.47518301010131836,0.47518301010131836,0.34166616201400757,0.47707200050354004,0.17913973331451416,0.07766866683959961,0.20470954974492392,0.11059790849685669,0.24096500873565674,0.14298009872436523,0.29976512988408405,0.16413253545761108,0.33665037155151367,0.13260209560394287,0.3820989926656087,0.12248218059539795,0.3557482759157817,0.11498981714248657,0.1482930580774943,0.1377665400505066,0.12064725160598755,0.13949882984161377,0.30734702944755554,0.13141779184846555,0.17592923759909,0.18393945693969727,0.18393945693969727,0.2604393810033798,0.13530728220939636,0.30734702944755554,0.19017267227172852,0.25551597277323407,0.16748136281967163,0.19626407573620477,0.10596487671136856,0.1838646481434504,0.14057277143001556,0.20989452799161276,0.19379036128520966,0.17664884527524313,0.1868414729833603,0.13540920863548914,0.08698088675737381,0.12047360837459564,0.1148831769824028,0.14933065076669058,0.1335659921169281
1992756749,qslstm_log,extrapolation,near_best,2000203,62,3,59,58,3,0.23830319805487524,0.47078453268735637,0.33627452665153484,0.5798918232321739,0.10623007725179466,0.31978774815797806,0.24501878046859127,0.4784623352905451,0.013311844961396578,0.008803025192143966,0.06617783506711324,0.2080378532409668,0.21989640593528748,0.16721774140993753,0.2499481737613678,0.31978774815797806,0.40840744227170944,0.2876719906926155,0.41743119806051254,0.26367665082216263,0.4418761357665062,0.3326730007926623,0.4549529179930687,0.32436379541953403,0.4815330132842064,0.31648792574803036,0.4696422442793846,0.38344405591487885,0.4839950427412987,0.46517807493607205,0.49657001346349716,0.4882815902431806,0.5262423977255821,0.23535692691802979,0.12391132874003911,0.11144559817799067,0.146205872297287,0.10432517528533936,0.27083471914132434,0.17705030739307404,0.23535692691802979,0.128285750746727,0.14280688762664795,0.12360755354166031,0.20849157869815826,0.11921852827072144,0.16895721604426703,0.11904527992010117,0.13650788615147272,0.10973504185676575,0.13017485539118448,0.08589249849319458,0.1331027870376905,0.10266531258821487,0.11181315779685974,0.10209687799215317,0.11992966135342915,0.11030402034521103
1992756749,qslstm_log,extrapolation,near_best,2000204,62,1,61,60,1,0.2300945208503726,0.46406689093958947,0.2898972107290234,0.5384210348129272,0.14800871986223285,0.38471901416778564,0.23144018971903063,0.465367675804701,0.01220737894376119,0.008667371102741786,0.06442111730575562,0.07853728532791138,0.07853728532791138,0.14970171451568604,0.14970171451568604,0.38471901416778564,0.38471901416778564,0.43682634830474854,0.43682634830474854,0.43573617935180664,0.43573617935180664,0.45964279770851135,0.45964279770851135,0.4904988408088684,0.4904988408088684,0.4753647446632385,0.4753647446632385,0.49435505270957947,0.49435505270957947,0.4527547359466553,0.4527547359466553,0.4750485420227051,0.4750485420227051,0.11802049726247787,0.17640439970571486,-0.05838390244323699,0.2840554118156433,0.2840554118156433,0.17424911260604858,0.17424911260604858,0.11802049726247787,0.11802049726247787,0.2183556705713272,0.2183556705713272,0.22664600610733032,0.22664600610733032,0.23406781256198883,0.23406781256198883,0.17043858766555786,0.17043858766555786,0.15086837112903595,0.15086837112903595,0.19297443330287933,0.19297443330287933,0.17033487558364868,0.17033487558364868,0.13724081218242645,0.13724081218242645
1992756749,qslstm_log,extrapolation,near_best,2000205,62,2,60,60,1,0.1804902455391187,0.41959779421167986,0.22930537808435147,0.47885841131210327,0.12142723381954046,0.3481621518731117,0.18245901259643796,0.42197898228963215,0.009205256899197897,0.005552740097045899,0.02563410997390747,0.3002055436372757,0.3002055436372757,0.2872268706560135,0.2872268706560135,0.3481621518731117,0.362665593624115,0.3206678405404091,0.35530418157577515,0.30688221007585526,0.37348610162734985,0.3399439826607704,0.37311142683029175,0.35428038984537125,0.37845033407211304,0.34418969601392746,0.41246500611305237,0.36513660103082657,0.4304739832878113,0.4004461467266083,0.4455881118774414,0.40821097791194916,0.4209887981414795,0.32517199218273163,0.13385998640830318,0.19131200577442845,0.10768456012010574,0.10768456012010574,0.1745789498090744,0.1745789498090744,0.32517199218273163,0.19565457105636597,0.22563962638378143,0.11402928829193115,0.22877073287963867,0.167525053024292,0.21673300117254257,0.1456688791513443,0.1466902419924736,0.09772604703903198,0.15558726340532303,0.09444651007652283,0.1261344701051712,0.1069183349609375,0.1102970726788044,0.10656485706567764,0.1354718990623951,0.14735880494117737
1992756749,qslstm_log,extrapolation,near_best,2000206,62,3,59,58,3,0.36020861162077605,0.5914396980116444,0.4047680869252668,0.63621386885643,0.14612834976185604,0.3322935613493125,0.37109404866445006,0.6046166202148139,0.011109395787633699,0.00922387567433444,0.07070483764012654,0.36078002490103245,0.36489713564515114,0.25633089368542034,0.3182168938219547,0.3322935613493125,0.5563433170318604,0.41134628901878995,0.5771293342113495,0.41502001136541367,0.569677859544754,0.4215858305493991,0.5816434621810913,0.48942669356862706,0.593719869852066,0.588537593682607,0.6188055872917175,0.5972500542799631,0.6163868308067322,0.6330822010835012,0.6573401689529419,0.6338173647721609,0.6115710735321045,0.277285173535347,0.12952990413217222,0.14775526940317477,0.27551091462373734,0.24882622063159943,0.2861986805995305,0.21349917352199554,0.277285173535347,0.22189630568027496,0.20893686016400656,0.16348795592784882,0.1948248346646627,0.13938361406326294,0.18801258007685342,0.10171234607696533,0.19030801951885223,0.1355285793542862,0.12345076352357864,0.06748072057962418,0.1163455272714297,0.11179565638303757,0.13971026986837387,0.10506635904312134,0.12445734192927678,0.15841124951839447
1992756749,qslstm_log,extrapolation,near_best,2000207,62,3,59,59,2,0.18633220285596222,0.4264679745801033,0.24782435662277535,0.49781960248947144,0.09446053071608367,0.2908948411544164,0.1910036438122272,0.43336152373734166,0.012256861238156334,0.011185602708296343,0.04562191665172577,0.2863904610276222,0.24155555665493011,0.2866678908467293,0.23376302421092987,0.2908948411544164,0.3917103409767151,0.32800983885924023,0.4112485945224762,0.3182328591744105,0.38136279582977295,0.3184568335612615,0.4076612889766693,0.34180905918280285,0.3726230263710022,0.39473000168800354,0.3848183751106262,0.38303230206171673,0.36781853437423706,0.38374197483062744,0.38939982652664185,0.3951257069905599,0.4002513885498047,0.2791326468189557,0.14213696557839037,0.13699568124056535,0.2523379251360893,0.15271563827991486,0.2216283679008484,0.16039282083511353,0.2791326468189557,0.11224133521318436,0.22332841157913208,0.1653093844652176,0.16692087426781654,0.05750588700175285,0.1994733934601148,0.2026934027671814,0.15031103789806366,0.13290809094905853,0.14493566999832788,0.11987227201461792,0.11784793809056282,0.1705082654953003,0.15521919230620065,0.16884176433086395,0.1595017413298289,0.17373834550380707
1992756749,qslstm_log,extrapolation,near_best,2000208,62,4,58,58,3,0.11099651473192503,0.323416855186224,0.12083793115961328,0.347617506980896,0.10403418378998298,0.29420693777501583,0.11147667548654171,0.32543133224906595,0.010174168594952288,0.006919276039555388,0.04174236456553141,0.30692960570255917,0.537948839366436,0.3702202911178271,0.5752832219004631,0.29420693777501583,0.12186771631240845,0.3261891044676304,0.12763172388076782,0.36316095665097237,0.16000491380691528,0.27218357287347317,0.18815022706985474,0.19957394897937775,0.2168518304824829,0.28532649390399456,0.2552019953727722,0.2132723033428192,0.2741890549659729,0.2692865803837776,0.30750712752342224,0.3090158849954605,0.3351338505744934,0.23746143281459808,0.15533902052918386,0.08212241228541423,0.2388129929701487,0.23641759157180786,0.16638428966204324,0.13624338805675507,0.23746143281459808,0.20923686027526855,0.23649783059954643,0.13966932892799377,0.20807956159114838,0.19243262708187103,0.18840251490473747,0.1953330636024475,0.17250441759824753,0.19099874794483185,0.1993078738451004,0.1730482131242752,0.1813279576599598,0.13636286556720734,0.16639770567417145,0.17874138057231903,0.16832411289215088,0.17708130180835724
1992756749,qslstm_log,extrapolation,near_best,2000209,62,3,59,59,2,0.021324167710260775,0.07701732939289462,0.0016686627317916702,0.040849268436431885,0.0836135906497703,0.25499024987220764,0.018156908916726392,0.06796785886004819,0.0128020017834033,0.008777861411754902,0.030563652515411377,0.38359062373638153,0.3815946578979492,0.39280442893505096,0.414878785610199,0.25499024987220764,0.0708131194114685,0.2580422858397166,0.09833067655563354,0.2877272665500641,0.07967782020568848,0.2850911517937978,0.054808080196380615,0.16511890292167664,0.05381351709365845,0.19585678974787393,0.09172576665878296,0.17595136165618896,0.05916178226470947,0.053964356581370033,0.04792320728302002,0.042796045541763306,0.006060928106307983,0.2752467294534047,0.12258078517802691,0.15266594427537783,0.23008893430233002,0.19288504123687744,0.14883023872971535,0.17609332501888275,0.2752467294534047,0.17077100276947021,0.19818759461243948,0.11168048530817032,0.19248347481091818,0.09978228807449341,0.18972205619017282,0.12578001618385315,0.15253712981939316,0.16527323424816132,0.11085783690214157,0.11122643947601318,0.1279174486796061,0.04238578677177429,0.09555280953645706,0.11849262565374374,0.1300493230422338,0.161582812666893
1992756749,qslstm_log,extrapolation,near_best,2000210,62,4,58,57,4,0.06771378218346161,0.25561930575678427,0.06142417180524351,0.24783900380134583,0.10829558278658108,0.30604667589068413,0.06491503731428096,0.2521415560923774,0.012124738149475633,0.00638060423792625,0.08351878076791763,0.3996838579575221,0.33138348162174225,0.24947363510727882,0.29069121181964874,0.30604667589068413,0.1674792468547821,0.2846295014023781,0.19075369834899902,0.2353706881403923,0.18370378017425537,0.2692352719604969,0.20149391889572144,0.27728070691227913,0.2120310664176941,0.29176395013928413,0.23507294058799744,0.24785838276147842,0.23676878213882446,0.21684083342552185,0.26308465003967285,0.23574593663215637,0.249588280916214,0.20307704992592335,0.14361476233421727,0.059462287591706076,0.24701589594284692,0.09602538496255875,0.28422728553414345,0.21365773677825928,0.20307704992592335,0.11676415055990219,0.23814285919070244,0.11817348003387451,0.15508279018104076,0.11920324712991714,0.18199696578085423,0.0948365107178688,0.17393779195845127,0.18062680959701538,0.15778601169586182,0.10304161161184311,0.15931785851716995,0.1012667641043663,0.13926455937325954,0.16342143714427948,0.13415701501071453,0.15745878219604492
1992756749,qslstm_log,extrapolation,near_best,2000211,62,1,61,61,0,0.17640139303907823,0.4178182006843628,0.18142235074736224,0.4259370267391205,0.06493359142156407,0.25482070446014404,0.17822873404920142,0.4204902907863992,0.01891162600673613,0.01891162600673613,,,,,,0.25482070446014404,0.25482070446014404,0.392551064491272,0.392551064491272,0.24307668209075928,0.24307668209075928,0.30440300703048706,0.30440300703048706,0.3698897957801819,0.3698897957801819,0.4003738760948181,0.4003738760948181,0.3911146819591522,0.3911146819591522,0.41764500737190247,0.41764500737190247,0.42996126413345337,0.42996126413345337,0.45262715220451355,0.15534496417299645,0.29728218803151707,,,,,0.45262715220451355,0.45262715220451355,0.32666558027267456,0.32666558027267456,0.15788085758686066,0.15788085758686066,0.27288323640823364,0.27288323640823364,0.21968095004558563,0.21968095004558563,0.22966039180755615,0.22966039180755615,0.23878271877765656,0.23878271877765656,0.11986323446035385,0.11986323446035385,0.20664240419864655,0.20664240419864655
1992756749,qslstm_log,extrapolation,near_best,2000212,62,2,60,59,2,0.3248969373567944,0.5604045741981075,0.42369817028318213,0.6509210169315338,0.13578539623325725,0.33304882794618607,0.3312006553942457,0.5679830990731716,0.011917891643815121,0.011143317712204797,0.06810390949249268,0.24571678787469864,0.17536599934101105,0.27740848809480667,0.175140842795372,0.33304882794618607,0.4907316565513611,0.35169003158807755,0.5282392203807831,0.5032045245170593,0.5156773924827576,0.5358185023069382,0.5433977842330933,0.5073472410440445,0.4990170896053314,0.5009001940488815,0.5027832984924316,0.5110786706209183,0.5193740427494049,0.5147482454776764,0.5104620456695557,0.5196105390787125,0.5315079987049103,0.24471841752529144,0.14889603884269795,0.0958223786825935,0.26928070932626724,0.2915724813938141,0.2528177872300148,0.19972597062587738,0.24471841752529144,0.1978643536567688,0.17763875424861908,0.15555153787136078,0.20730305463075638,0.21674175560474396,0.16807815432548523,0.18060477077960968,0.21445123106241226,0.21216070652008057,0.2006702944636345,0.18917988240718842,0.16031385958194733,0.13144783675670624,0.13550129532814026,0.10630512237548828,0.1639852151274681,0.20634056627750397
1992756749,qslstm_log,extrapolation,near_best,2000213,62,2,60,59,2,0.1947014809276123,0.4355090000937062,0.22271177607047243,0.47192348539829254,0.13395424781018062,0.3301563337445259,0.1967263886981934,0.4390207556386789,0.010597901829218461,0.006591889203763476,0.05585557222366333,0.33717870712280273,0.33717870712280273,0.24953849613666534,0.3196180462837219,0.3301563337445259,0.4881153255701065,0.37252766638994217,0.45992089807987213,0.3889457508921623,0.436931774020195,0.3771585449576378,0.4546786993741989,0.3825824484229088,0.4538014382123947,0.3742845878005028,0.43835924565792084,0.3989900127053261,0.47836197912693024,0.4612562954425812,0.46783389151096344,0.4548141062259674,0.4537614434957504,0.27916183322668076,0.12817324064671992,0.15098859257996083,0.1983203887939453,0.1983203887939453,0.2706945464015007,0.18619154393672943,0.27916183322668076,0.20051397383213043,0.2025902420282364,0.14768937230110168,0.15259942412376404,0.1181105375289917,0.19443073868751526,0.17736269533634186,0.17840741574764252,0.11756286025047302,0.1464376151561737,0.16570819914340973,0.11565513163805008,0.04511871933937073,0.14048390835523605,0.10360512137413025,0.1352744624018669,0.149963840842247
1992756749,qslstm_log,extrapolation,near_best,2000214,62,1,61,61,0,0.35211304287256084,0.5904732479924156,0.3516328984816902,0.592986423522234,0.046520430086336564,0.21568595245480537,0.35712275783626934,0.5966173020176223,0.014946043979926188,0.014946043979926188,,,,,,0.21568595245480537,0.21568595245480537,0.41076381877064705,0.41076381877064705,0.5194925256073475,0.5194925256073475,0.5448531098663807,0.5448531098663807,0.5740847773849964,0.5740847773849964,0.5921265073120594,0.5921265073120594,0.5358883328735828,0.5358883328735828,0.5688728876411915,0.5688728876411915,0.5798269100487232,0.5798269100487232,0.46280786395072937,0.14659319793591735,0.316214666014812,,,,,0.46280786395072937,0.46280786395072937,0.3386478126049042,0.3386478126049042,0.2789076268672943,0.2789076268672943,0.2594476342201233,0.2594476342201233,0.16904550790786743,0.16904550790786743,0.2205977439880371,0.2205977439880371,0.23218761384487152,0.23218761384487152,0.14060945808887482,0.14060945808887482,0.18210546672344208,0.18210546672344208
1992756749,qslstm_log,extrapolation,near_best,2000215,62,2,60,60,1,0.28125134629027454,0.5260196270481232,0.2665496496158539,0.5162844657897949,0.07757895572722084,0.27850571274757385,0.28804042597570967,0.5342700908581416,0.01562898655732473,0.01562898655732473,0.09574037790298462,,,0.2748282551765442,0.2748282551765442,0.27850571274757385,0.2821831703186035,0.33430778980255127,0.386432409286499,0.39279964566230774,0.39916688203811646,0.40907417237758636,0.4189814627170563,0.4502042382955551,0.48142701387405396,0.430040568113327,0.40602028369903564,0.43013541400432587,0.44788438081741333,0.5144252628087997,0.5277505218982697,0.5384372919797897,0.5365677773952484,0.3777780085802078,0.13425778361658255,0.24352022496362527,,,0.4256662428379059,0.4256662428379059,0.3777780085802078,0.32988977432250977,0.3051035553216934,0.2803173363208771,0.24411694705486298,0.20791655778884888,0.19515588879585266,0.18239521980285645,0.18261607736349106,0.18283693492412567,0.13682236894965172,0.16545172035694122,0.15855026990175247,0.15804438292980194,0.14112095534801483,0.12524674832820892,0.15724127367138863,0.10555776208639145
1992756749,qslstm_log,extrapolation,near_best,2000216,62,4,58,58,3,0.014233284091796122,0.0902900085333855,0.0008984039713055836,0.029973387718200684,0.04783562299394206,0.1908954307436943,0.011915881408889505,0.0833517035533642,0.01742315549274971,0.013539779644746047,0.022567421197891235,0.25924580295880634,0.33751747012138367,0.32519568999608356,0.3571762442588806,0.1908954307436943,0.09446913003921509,0.2594359964132309,0.11877173185348511,0.12145952880382538,0.14477455615997314,0.13784116506576538,0.1018897294998169,0.15650691092014313,0.12310773134231567,0.18907443434000015,0.0808916985988617,0.16320841759443283,0.0959939956665039,0.07643204182386398,0.053150027990341187,0.07830870151519775,0.0800018310546875,0.27284858748316765,0.12423024288025396,0.14861834460291368,0.2902321269114812,0.21918147802352905,0.18391708036263785,0.1339137703180313,0.27284858748316765,0.1552055925130844,0.16565015353262424,0.12329892069101334,0.19688832201063633,0.113625667989254,0.1623847931623459,0.0847887173295021,0.1611848883330822,0.08798215538263321,0.12704215571284294,0.06437111645936966,0.1295464187860489,0.19660186767578125,0.11177686415612698,0.16849125921726227,0.10885946452617645,0.1779327541589737
1992756749,qslstm_log,extrapolation,near_best,2000217,62,4,58,58,3,0.09253962950270964,0.2925358962628149,0.12443934042692112,0.35275960713624954,0.04158853971058164,0.19461161829531193,0.0960534977642357,0.2992892947433324,0.014274023216346214,0.010143846273422241,0.01989405353864034,0.2209641138712565,0.2362353801727295,0.2396748661994934,0.21218359470367432,0.19461161829531193,0.22539172321558,0.21245993860065937,0.2622894421219826,0.15851910039782524,0.2740759924054146,0.17123138532042503,0.28872115164995193,0.19003025069832802,0.319873608648777,0.23099597170948982,0.3125140145421028,0.2495778240263462,0.3159261420369148,0.27909412793815136,0.3254818990826607,0.32471222430467606,0.35428420454263687,0.2627284936606884,0.1288807205213555,0.1338477731393329,0.24043392141660055,0.12907354533672333,0.183512927343448,0.03550310805439949,0.2627284936606884,0.18408852815628052,0.1593730365857482,0.1038006916642189,0.21865499392151833,0.1481325775384903,0.13699901476502419,0.07752864807844162,0.19332504644989967,0.15471753478050232,0.16570362821221352,0.0832211822271347,0.12646077387034893,0.07132100313901901,0.12905538268387318,0.0916057825088501,0.15492312237620354,0.13700340688228607
1992756749,qslstm_log,extrapolation,near_best,2000218,62,3,59,59,2,0.3453861084797811,0.581224964150498,0.3868605434311121,0.621981143951416,0.14561003197012215,0.3580521618326505,0.35554421406501796,0.5925727337598801,0.010775579234301034,0.00971873914986326,0.1027643233537674,0.27816464751958847,0.27816464751958847,0.26607076451182365,0.23709093779325485,0.3580521618326505,0.5416585803031921,0.3434113413095474,0.5146220624446869,0.35886864364147186,0.5613503456115723,0.45439430822928745,0.5844334065914154,0.533518503109614,0.5442748665809631,0.5759212374687195,0.5819799602031708,0.562020609776179,0.5775437951087952,0.5813745558261871,0.5709747970104218,0.5871469179789225,0.5998761057853699,0.26861362159252167,0.13073481900333347,0.1378788025891882,0.33289939165115356,0.33289939165115356,0.2748686149716377,0.22676552832126617,0.26861362159252167,0.14640404284000397,0.2755417376756668,0.1572607010602951,0.23226035634676614,0.13711614906787872,0.18102426826953888,0.1699032336473465,0.1288821076353391,0.08298157900571823,0.15904900431632996,0.17012763023376465,0.14486100524663925,0.15331466495990753,0.15483523408571878,0.14455737173557281,0.1432252824306488,0.12581866979599
1992756749,qslstm_log,extrapolation,near_best,2000219,62,2,60,59,2,0.16664406727803496,0.40273306638963763,0.20855738441088434,0.4566808342933655,0.08605767321784619,0.27790144085884094,0.16933028041337458,0.4068941205739975,0.01176892195717763,0.008420088381137489,0.041022032499313354,0.21277032792568207,0.22016555070877075,0.2760980576276779,0.24412870407104492,0.27790144085884094,0.3718613386154175,0.3144338130950928,0.37757408618927,0.322471022605896,0.3980242609977722,0.3324747383594513,0.40654855966567993,0.3109601140022278,0.4017546772956848,0.38772428035736084,0.4035872220993042,0.3987478017807007,0.39947134256362915,0.41964277625083923,0.43569833040237427,0.42627736926078796,0.4160515069961548,0.2518189400434494,0.13143910250316063,0.12037983754028878,0.26459698379039764,0.20178741216659546,0.2398231402039528,0.16619496047496796,0.2518189400434494,0.2095050811767578,0.18104799091815948,0.1471642702817917,0.13288315013051033,0.12222742289304733,0.14179722219705582,0.10608547925949097,0.15419546887278557,0.10660352557897568,0.1983829066157341,0.1872607320547104,0.12395289167761803,0.12567836046218872,0.14207986742258072,0.09689900279045105,0.13101396337151527,0.16061793267726898
1992756749,qslstm_log,extrapolation,near_best,2000220,62,3,59,59,2,0.2245740770827954,0.4663317268413882,0.2885049291983535,0.5371265485882759,0.13492039694480287,0.3381795547902584,0.22913273878472717,0.4728479389795813,0.011649189359050686,0.007659446734648485,0.02965119481086731,0.3284438010305166,0.1163492202758789,0.3185714837163687,0.08784317970275879,0.3381795547902584,0.4681737497448921,0.3482028506696224,0.47386736422777176,0.3795999350647132,0.49874217063188553,0.48473068947593373,0.4823349192738533,0.5056989677250385,0.5026911571621895,0.3683517624934514,0.48429179936647415,0.35105741520722705,0.48209697753190994,0.4684458648165067,0.4621754363179207,0.46066147834062576,0.4516715481877327,0.26839276651541394,0.12250154430709653,0.1458912222083174,0.1623060554265976,0.14767415821552277,0.19303353875875473,0.15594957768917084,0.26839276651541394,0.1954759806394577,0.20976004004478455,0.14507077634334564,0.16328111290931702,0.1317816972732544,0.15392157435417175,0.11097964644432068,0.1475751226147016,0.1207166388630867,0.15512336293856302,0.18247735500335693,0.13845196863015494,0.1892954260110855,0.13961382706960043,0.17935492098331451,0.10522222518920898,0.10418804734945297
1992756749,qslstm_log,extrapolation,near_best,2000221,62,2,60,60,1,0.25685534457235726,0.505144240875398,0.2696612066979611,0.5192891359329224,0.10770629610801885,0.3281649500131607,0.2618269795211685,0.5110435505708059,0.010601342717806498,0.010601342717806498,0.14789998531341553,,,0.32441505789756775,0.32441505789756775,0.3281649500131607,0.33191484212875366,0.3511614203453064,0.37040799856185913,0.4095885008573532,0.4487690031528473,0.4575050622224808,0.46624112129211426,0.46663475036621094,0.4670283794403076,0.4892318546772003,0.46909478306770325,0.5030853003263474,0.5173205733299255,0.5367821156978607,0.5373841524124146,0.5084552019834518,0.5120083391666412,0.38086095452308655,0.13367038381596405,0.2471905707071225,,,0.39520612359046936,0.39520612359046936,0.38086095452308655,0.36651578545570374,0.30340296775102615,0.24029015004634857,0.2286788374185562,0.21706752479076385,0.19918321818113327,0.18129891157150269,0.19338323920965195,0.2054675668478012,0.19643348455429077,0.156185582280159,0.1772356554865837,0.16620218753814697,0.1223457045853138,0.12095171213150024,0.14949355274438858,0.15089139342308044
1992756749,qslstm_log,extrapolation,near_best,2000222,62,3,59,59,2,0.07782007007494234,0.2650530468972941,0.10446250856350403,0.3232066035270691,0.13519222493255703,0.3163194168979923,0.07490284186184329,0.2624462823209874,0.013404993687645864,0.012032121952090944,0.08983469009399414,0.4664475335739553,0.5853268504142761,0.44284881791099906,0.5919436812400818,0.3163194168979923,0.07272788882255554,0.34337292208025855,0.15103796124458313,0.4339858790238698,0.18135181069374084,0.2678302725156148,0.14543607831001282,0.3028811315695445,0.1656617522239685,0.15051363905270895,0.15506687760353088,0.1762603521347046,0.20389914512634277,0.1988788346449534,0.2010401487350464,0.20930038889249167,0.23201864957809448,0.2540779610474904,0.14154645412276357,0.11253150692472685,0.3269869312644005,0.2267717570066452,0.3093602731823921,0.2468997687101364,0.2540779610474904,0.12806789577007294,0.26172343889872235,0.18657778203487396,0.2189034273227056,0.20284663140773773,0.1876985877752304,0.20825611054897308,0.20387200017770132,0.17813844978809357,0.19439414143562317,0.18834853172302246,0.10609997188051541,0.047790318727493286,0.1690909763177236,0.1721106320619583,0.08896427974104881,0.1680462807416916
1992756749,qslstm_log,extrapolation,near_best,2000223,62,4,58,58,3,0.15950234119519305,0.38090678040058384,0.24156433794533744,0.4914919510483742,0.06888454549569259,0.2611689008772373,0.16575184434688275,0.38916456519529735,0.013461959773096544,0.00742882429337015,0.01657860477765401,0.2433750182390213,0.29849449545145035,0.2358917916814486,0.2520080506801605,0.2611689008772373,0.3005547598004341,0.26889035664498806,0.3140260949730873,0.22314679995179176,0.3037130907177925,0.25803608261048794,0.3327892795205116,0.2693211864680052,0.3277943506836891,0.28984141908586025,0.3394166901707649,0.3014723490923643,0.3648443892598152,0.3628983050584793,0.38845954090356827,0.38205820322036743,0.4074823632836342,0.21698505617678165,0.14635459031781245,0.0706304658589692,0.16766216109196344,0.20719937980175018,0.1554024244348208,0.06717272847890854,0.21698505617678165,0.18858902156352997,0.2194577418267727,0.19426320493221283,0.15389071591198444,0.13605503737926483,0.16161427646875381,0.15650703012943268,0.17974568903446198,0.18006063997745514,0.15351742506027222,0.1078520119190216,0.1296272585168481,0.12266876548528671,0.17389606684446335,0.1781572848558426,0.13581257686018944,0.16675353050231934
1992756749,qslstm_log,extrapolation,near_best,2000224,62,0,62,61,0,0.09195826595833888,0.3018160121094796,0.09880526722953054,0.3143330514431,,,0.09195826595833888,0.3018160121094796,0.010572155968087618,0.010572155968087618,,,,,,,,,,,,,,,,,,,,,,,,,0.1511292819594664,,,,,,,,,,,,,,,,,,,,,,,
1992756749,qslstm_log,extrapolation,near_best,2000225,62,0,62,61,0,0.010529339188612676,0.09706636253864534,0.0107437063018887,0.10365185141563416,,,0.010529339188612676,0.09706636253864534,0.01623831322935761,0.01623831322935761,,,,,,,,,,,,,,,,,,,,,,,,,0.13818711619223317,,,,,,,,,,,,,,,,,,,,,,,
1992756749,qslstm_log,extrapolation,near_best,2000226,62,0,62,61,0,0.2748232669537526,0.5209330810654548,0.28729000810314176,0.5359944105148315,,,0.2748232669537526,0.5209330810654548,0.012807922285111224,0.012807922285111224,,,,,,,,,,,,,,,,,,,,,,,,,0.13241491196376662,,,,,,,,,,,,,,,,,,,,,,,
1992756749,qslstm_log,extrapolation,near_best,2000227,62,5,57,57,4,0.11423884820248989,0.3344816565513611,0.1250340737701805,0.3536015748977661,0.07081115100435956,0.2521419942378998,0.1180482953251329,0.34170443394727873,0.007952540590052019,0.005027241301986406,0.05253288149833679,0.2815406819184621,0.1938590407371521,0.23481435328722,0.21499896049499512,0.2521419942378998,0.27034300565719604,0.25391209721565244,0.2910994291305542,0.2547567546367645,0.3109639286994934,0.29759266376495364,0.29678380489349365,0.26172769665718076,0.32637810707092285,0.2662171721458435,0.33434462547302246,0.30450775623321535,0.333581805229187,0.33571681976318357,0.3369063138961792,0.34382190704345705,0.35907626152038574,0.28448416888713834,0.11762230545935924,0.1668618634277791,0.22820982336997986,0.1645449548959732,0.25638052821159363,0.1822589784860611,0.28448416888713834,0.20855768024921417,0.20046699941158294,0.17104901373386383,0.18556348085403443,0.10505396127700806,0.2015196532011032,0.1463712751865387,0.192991179227829,0.1263515204191208,0.16205949783325196,0.14607326686382294,0.16047260612249375,0.09694670885801315,0.1424228861927986,0.09485269337892532,0.1208806350827217,0.08082830160856247
1992756749,qslstm_log,extrapolation,near_best,2000228,62,5,57,57,4,0.15321487101884657,0.3889068939813202,0.18895288168877844,0.4346871078014374,0.12197489140116184,0.34392659533768893,0.15595522010811722,0.39285253421321775,0.011842005608374612,0.007665361166000366,0.052818357944488525,0.35693128244020045,0.3031582236289978,0.3909170313272625,0.30490779876708984,0.34392659533768893,0.31746092438697815,0.36055850256234406,0.3250034749507904,0.3457421541213989,0.3390926420688629,0.342221611738205,0.3526155352592468,0.3615180917084217,0.33651992678642273,0.34503930881619455,0.32080015540122986,0.3202859699726105,0.3250826895236969,0.338116854429245,0.35470542311668396,0.350807923078537,0.38520053029060364,0.2369427502155304,0.14354494210790125,0.09339780810762915,0.2629987448453903,0.14093132317066193,0.25778917595744133,0.20394247770309448,0.2369427502155304,0.17472811043262482,0.2390493482351303,0.1892523318529129,0.18347205519676207,0.18434494733810425,0.1983771562576294,0.1853453516960144,0.20134126543998718,0.17528581619262695,0.17477357983589173,0.13384614884853363,0.1389079038053751,0.02629655785858631,0.1760726600885391,0.16797417402267456,0.11929293386638165,0.17501436173915863
1992756749,qslstm_log,extrapolation,near_best,2000229,62,0,62,61,0,0.3954009962102254,0.6273912449757899,0.34514946797468915,0.5874942280352116,,,0.3954009962102254,0.6273912449757899,0.01466504765338585,0.01466504765338585,,,,,,,,,,,,,,,,,,,,,,,,,0.15652985149814236,,,,,,,,,,,,,,,,,,,,,,,
1992756749,qslstm_log,extrapolation,near_best,2000230,62,3,59,59,2,0.1858388665729025,0.41774052429583763,0.24116242127553278,0.49108290672302246,0.09951395626385,0.3100249469280243,0.1902282687920068,0.42321758755182814,0.014977696588483908,0.009834387650092443,0.04110845923423767,0.3071604073047638,0.1866385042667389,0.2743188291788101,0.2187999188899994,0.3100249469280243,0.35643643140792847,0.3204517066478729,0.37855052947998047,0.30692221721013385,0.40161237120628357,0.2656795581181844,0.3777357339859009,0.23612123727798462,0.39546772837638855,0.2736826042334239,0.4288496971130371,0.2693637013435364,0.42561525106430054,0.36936308940251666,0.4876769781112671,0.4340941508611043,0.495697021484375,0.26174789170424145,0.14699342152324774,0.11475447018099372,0.2505916804075241,0.20321786403656006,0.19839390739798546,0.10092111676931381,0.26174789170424145,0.1556178480386734,0.2433126668135325,0.16202130913734436,0.20640208820501962,0.13945744931697845,0.18147714684406915,0.18448816239833832,0.19601006557544073,0.10360180586576462,0.15500032156705856,0.18784798681735992,0.1267014890909195,0.08753936737775803,0.14014254758755365,0.1800490766763687,0.17587672173976898,0.1552940160036087
1992756749,qslstm_log,extrapolation,near_best,2000231,62,4,58,57,4,0.2179880111244241,0.44531585708741217,0.28866352645983173,0.5372741632163525,0.1319512507513754,0.3135952418670058,0.223921580805324,0.45440003744744023,0.010860919952392578,0.006631011658526482,0.043448492884635925,0.19272072240710258,0.030988037586212158,0.20131419226527214,0.03500378131866455,0.3135952418670058,0.4877611808478832,0.31291336473077536,0.4968595914542675,0.312032557092607,0.49392442032694817,0.4213689733296633,0.4751236252486706,0.34824792109429836,0.4908364824950695,0.35034445486962795,0.5030811838805676,0.37469977233558893,0.4917346052825451,0.4996739439666271,0.5108962468802929,0.4984182231128216,0.49627963826060295,0.16746111027896404,0.139000927579814,0.028460182699150044,0.23005714267492294,0.17195801436901093,0.16392420791089535,0.11443796008825302,0.16746111027896404,0.1002795472741127,0.14004931040108204,0.15474005043506622,0.15817710384726524,0.11517787724733353,0.15695118717849255,0.19279845058918,0.13708030991256237,0.10919075459241867,0.14698371663689613,0.09922955185174942,0.15823806077241898,0.16409431397914886,0.15704196318984032,0.1362522542476654,0.1478739995509386,0.1433427333831787
1992756749,qslstm_log,extrapolation,near_best,2000232,62,2,60,59,2,0.23643734383271298,0.4801059538486815,0.3180152562946918,0.5639284141579424,0.17168694444700383,0.406588757421531,0.23859569047890325,0.48255652706291985,0.012848248926259704,0.0077271981442228275,0.03595873713493347,0.3477819114923477,0.3920537829399109,0.32446031272411346,0.3947674036026001,0.406588757421531,0.4864168651619707,0.39696351626113824,0.48174198346526964,0.3986568544168847,0.4792335219898973,0.41266187467769555,0.5028290041008745,0.4287961218614953,0.48537166791351183,0.4499845747013467,0.5079153664627825,0.49584059791953905,0.5052643306771074,0.4897035844841753,0.49403550105483873,0.5010625906506334,0.4968608506241594,0.20144765824079514,0.13953501014038922,0.06191264810040592,0.21245937049388885,0.1723639965057373,0.20518025010824203,0.16379213333129883,0.20144765824079514,0.15888643264770508,0.14606278017163277,0.11894670873880386,0.12031055241823196,0.09580007195472717,0.1666136458516121,0.1813654750585556,0.17283035442233086,0.12386060506105423,0.13243087753653526,0.09249775856733322,0.1296185962855816,0.1003507599234581,0.12204906716942787,0.12023752927780151,0.14529971405863762,0.19024866819381714
1992756749,qslstm_log,extrapolation,near_best,2000233,62,0,62,61,0,0.05630285903305166,0.2357269900460397,0.05148561674346386,0.22690442204475403,,,0.05630285903305166,0.2357269900460397,0.01757983985494395,0.01757983985494395,,,,,,,,,,,,,,,,,,,,,,,,,0.1425452276223129,,,,,,,,,,,,,,,,,,,,,,,
1992756749,qslstm_log,extrapolation,near_best,2000234,62,7,55,55,6,0.15920669785969901,0.39511421136558056,0.1735185292972341,0.4165555536746979,0.11407580017622708,0.33007148812924114,0.16495063029214094,0.4033923761411147,0.009910631721669977,0.007708564400672913,0.08867435654004414,0.3338538847863674,0.31047095358371735,0.32795087061822414,0.26422451436519623,0.33007148812924114,0.32486405968666077,0.31293896745358196,0.3508211076259613,0.2930222143019949,0.32903188467025757,0.2864975407719612,0.3424068093299866,0.2749764046498707,0.35109835863113403,0.3184781138386045,0.3892425298690796,0.3359572780983789,0.37100112438201904,0.3698819024222238,0.3992481529712677,0.3910512328147888,0.4294644594192505,0.2698502859898976,0.14971919784491713,0.12013108814498044,0.28470125794410706,0.15855160355567932,0.29434410234292346,0.21469618380069733,0.2698502859898976,0.1279812455177307,0.23806514271668025,0.15785253047943115,0.22304072550364903,0.10577446222305298,0.20686987893921988,0.1961117833852768,0.19401930698326655,0.10058030486106873,0.18249019128935678,0.16521191596984863,0.16384634162698472,0.1517438292503357,0.16654192762715475,0.18138734996318817,0.1678553181035178,0.17726796865463257
1992756749,qslstm_log,extrapolation,near_best,2000235,62,1,61,60,1,0.22460373982868914,0.46004594405812604,0.2572530746428617,0.5072012171149254,0.14231628706034677,0.3772483095526695,0.22595271446423573,0.46140328232870725,0.012201790014902751,0.010498824872468648,0.07842743396759033,0.01429450511932373,0.01429450511932373,0.04116225242614746,0.04116225242614746,0.3772483095526695,0.3772483095526695,0.41603072732686996,0.41603072732686996,0.4351446256041527,0.4351446256041527,0.45518865436315536,0.45518865436315536,0.476266048848629,0.476266048848629,0.4831087812781334,0.4831087812781334,0.4737565144896507,0.4737565144896507,0.4560500606894493,0.4560500606894493,0.4606471285223961,0.4606471285223961,0.24007117748260498,0.1318887149701353,0.10818246251246968,0.2120775729417801,0.2120775729417801,0.2731711268424988,0.2731711268424988,0.24007117748260498,0.24007117748260498,0.08375254273414612,0.08375254273414612,0.19933271408081055,0.19933271408081055,0.2265508621931076,0.2265508621931076,0.11950381845235825,0.11950381845235825,0.18114429712295532,0.18114429712295532,0.11976595968008041,0.11976595968008041,0.17132391035556793,0.17132391035556793,0.11331527680158615,0.11331527680158615
1992756749,qslstm_log,extrapolation,near_best,2000236,62,0,62,61,0,0.2766788202844674,0.5241795273557786,0.2599054163214056,0.5098091959953308,,,0.2766788202844674,0.5241795273557786,0.01452025722284786,0.01452025722284786,,,,,,,,,,,,,,,,,,,,,,,,,0.16357366079764982,,,,,,,,,,,,,,,,,,,,,,,
1992756749,qslstm_log,extrapolation,near_best,2000237,62,3,59,59,2,0.1371063216880602,0.36006998078477,0.17519454285508473,0.41856247186660767,0.12305065315202302,0.33281636734803516,0.13782101669836716,0.3614557577391802,0.015426515522649733,0.013458934484743605,0.038954079151153564,0.27000967413187027,0.1494218111038208,0.2523235157132149,0.13114821910858154,0.33281636734803516,0.40547066926956177,0.3010057061910629,0.37609225511550903,0.2922016630570094,0.40116769075393677,0.24414008855819702,0.41426724195480347,0.21507449944814047,0.3871843218803406,0.19706942637761435,0.3181178569793701,0.277420034011205,0.3067460358142853,0.36657553911209106,0.34939831495285034,0.3326575557390849,0.3770830035209656,0.21103103458881378,0.14730726119320273,0.06372377339561106,0.2555336579680443,0.17888297140598297,0.21044322103261948,0.12762750685214996,0.21103103458881378,0.065949946641922,0.2249240130186081,0.19293010234832764,0.210024264951547,0.11465347558259964,0.18034069736798605,0.16883593797683716,0.15938447415828705,0.1855456382036209,0.16045233607292175,0.14705988764762878,0.18562549849351248,0.1850634217262268,0.16131575157245,0.18418557941913605,0.14832724630832672,0.12950368225574493
1992756749,qslstm_log,extrapolation,near_best,2000238,62,2,60,59,2,0.07850492474469636,0.27687134377418027,0.08844849583642045,0.29740291833877563,0.13805105730373413,0.35648733377456665,0.0765200536593951,0.274217477440834,0.01056352712340274,0.00856446487861767,0.13178271055221558,0.39341700077056885,0.39341700077056885,0.2193697690963745,0.3261411786079407,0.35648733377456665,0.2517598867416382,0.322549432516098,0.2516818642616272,0.28168952465057373,0.2372378706932068,0.25275230407714844,0.2537447214126587,0.23160159587860107,0.21152132749557495,0.22850918769836426,0.20327365398406982,0.22869712114334106,0.21503329277038574,0.23653966188430786,0.23456573486328125,0.2590855658054352,0.2725236415863037,0.29420900344848633,0.1255052571495374,0.16870374629894894,0.22395814955234528,0.22395814955234528,0.23972829803824425,0.11582296341657639,0.29420900344848633,0.2532796561717987,0.18941137939691544,0.1548646092414856,0.16047948226332664,0.2051360011100769,0.23432259261608124,0.21536552906036377,0.18481746315956116,0.21477031707763672,0.1660064272582531,0.11664732545614243,0.1522706337273121,0.188365176320076,0.14180326834321022,0.185970738530159,0.1018764115869999,0.1046881452202797
1992756749,qslstm_log,extrapolation,near_best,2000239,62,2,60,60,1,0.07784833903018845,0.2772463002512532,0.09140113265311811,0.3023262023925781,0.11575348853342327,0.33035168051719666,0.07658483404674729,0.2754761209090551,0.009143869082132975,0.007398408348277464,0.09757524728775024,0.4117227792739868,0.4117227792739868,0.29959672689437866,0.29959672689437866,0.33035168051719666,0.2489805817604065,0.29496416449546814,0.2903316020965576,0.2435477375984192,0.23811489343643188,0.24970173835754395,0.20907187461853027,0.22872713208198547,0.21933937072753906,0.21318960189819336,0.20703983306884766,0.22546350955963135,0.24388718605041504,0.25030407309532166,0.2631041407585144,0.2681643068790436,0.2536936402320862,0.319364070892334,0.12649081666022538,0.1928732542321086,0.3634887635707855,0.3634887635707855,0.2521091103553772,0.2521091103553772,0.319364070892334,0.27523937821388245,0.22381331771612167,0.19551752507686615,0.2396654263138771,0.20409147441387177,0.16152269393205643,0.1275278627872467,0.1774732917547226,0.15085510909557343,0.1761886477470398,0.20152218639850616,0.16641418635845184,0.13130618631839752,0.13893994688987732,0.13877390325069427,0.10571282543241978,0.1767786145210266
1992756749,qslstm_log,extrapolation,near_best,2000240,62,4,58,58,3,0.10100074278665593,0.30980037164784247,0.11048765597700427,0.33239683508872986,0.10307150357137412,0.28206831123679876,0.10085793169805467,0.3117129275382593,0.014714857113772425,0.009085962176322937,0.02668328086535136,0.28605566297968227,0.45596712455153465,0.2868867504100005,0.42924683913588524,0.28206831123679876,0.21217817068099976,0.2458150601014495,0.23560869693756104,0.3726524319499731,0.24599194526672363,0.28698174469172955,0.2714191675186157,0.2889373432844877,0.24184966087341309,0.33056711219251156,0.25879645347595215,0.2817518403753638,0.25480416417121887,0.25400518625974655,0.27976593375205994,0.2699074372649193,0.28134095668792725,0.2040350455790758,0.14814560680553832,0.0558894387735375,0.2017602970202764,0.1340181678533554,0.18258400509754816,0.10498923808336258,0.2040350455790758,0.0686497911810875,0.21627623960375786,0.15788613259792328,0.18219567462801933,0.1874220371246338,0.21314970776438713,0.1948937624692917,0.16531133279204369,0.16944362223148346,0.1556085329502821,0.17876851558685303,0.1544018853455782,0.15861311554908752,0.13818212691694498,0.04663023725152016,0.12427673302590847,0.10241509228944778
1992756749,qslstm_log,extrapolation,near_best,2000241,62,4,58,58,3,0.04963498085897777,0.22070404839131139,0.05071693149609846,0.225204199552536,0.0550913591492288,0.2308116778731346,0.04925867890792598,0.22000697049601325,0.011001182013544542,0.011001182013544542,0.06824103991190593,0.24807828664779663,0.2108006477355957,0.2501022020975749,0.25415003299713135,0.2308116778731346,0.17294010519981384,0.19564509391784668,0.14468958973884583,0.1667153313755989,0.09508159756660461,0.13913598656654358,0.14383265376091003,0.13926275074481964,0.1734471619129181,0.1822677105665207,0.2169564664363861,0.20970338582992554,0.2169683873653412,0.2011808454990387,0.1816597282886505,0.19496548175811768,0.2037658989429474,0.29850443825125694,0.1168975218616683,0.18160691638958865,0.3527322858572006,0.3322077691555023,0.324393351872762,0.2677154839038849,0.29850443825125694,0.22083769738674164,0.2304662112146616,0.10110389441251755,0.19918212480843067,0.2070714235305786,0.18676280789077282,0.21803821623325348,0.18262742273509502,0.20429615676403046,0.1483724620193243,0.04960931837558746,0.1289732214063406,0.18039582669734955,0.10545358434319496,0.11504054069519043,0.08753994107246399,0.09186062961816788
1992756749,qslstm_log,extrapolation,near_best,2000242,62,2,60,60,1,0.19608788283062867,0.441631828104296,0.2174555172827164,0.46632125973701477,0.11932859960084174,0.34485067427158356,0.1986465256049549,0.44485786656538645,0.01379167636235555,0.006231934466260545,0.025854885578155518,0.4601038098335266,0.4601038098335266,0.4474826455116272,0.4474826455116272,0.34485067427158356,0.36501529812812805,0.42213664948940277,0.36238357424736023,0.45316603779792786,0.3717174828052521,0.4409504681825638,0.3969224989414215,0.428436741232872,0.4049958288669586,0.47948257625102997,0.44015952944755554,0.4471581131219864,0.44122573733329773,0.4566725045442581,0.4532411992549896,0.40097734332084656,0.43023720383644104,0.3039892390370369,0.1332206138720115,0.1707686251650254,0.100001759827137,0.100001759827137,0.1498497873544693,0.1498497873544693,0.3039892390370369,0.20942367613315582,0.22060327976942062,0.12889464199543,0.22928839176893234,0.1526002138853073,0.2054370418190956,0.13366322219371796,0.11070856265723705,0.039112698286771774,0.1163056455552578,0.13374735414981842,0.1444668397307396,0.08892330527305603,0.10238616168498993,0.10477056354284286,0.12922393158078194,0.10584764927625656
1992756749,qslstm_log,extrapolation,near_best,2000243,62,2,60,59,2,0.1437211548914593,0.372973149131623,0.18689237420448124,0.4323105067014694,0.09263340272124998,0.2969876602292061,0.14542407996379964,0.3755059987617036,0.014700107655282749,0.010135158896446228,0.037830352783203125,0.3414848865941167,0.3743889331817627,0.33105794806033373,0.3376060426235199,0.2969876602292061,0.230416402220726,0.3272552117705345,0.28362615406513214,0.3352898731827736,0.2961908131837845,0.31793905049562454,0.2982720583677292,0.2829686254262924,0.3355208486318588,0.321734219789505,0.3472776263952255,0.34124965965747833,0.34697847068309784,0.3667297512292862,0.38648103177547455,0.3863355964422226,0.38619016110897064,0.20814643800258636,0.15580430943518878,0.05234212856739759,0.21159359067678452,0.17173577845096588,0.11686135083436966,0.0791204571723938,0.20814643800258636,0.19888214766979218,0.20192928612232208,0.18204791843891144,0.18085969984531403,0.18998362123966217,0.13856671005487442,0.19801296293735504,0.17529842257499695,0.15171469748020172,0.18357668071985245,0.17716974020004272,0.1338927261531353,0.11607075482606888,0.13692126795649529,0.1577717810869217,0.16790732741355896,0.17804287374019623
1992756749,qslstm_log,extrapolation,near_best,2000244,62,4,58,57,4,0.24992786639226675,0.46584563678310764,0.34385926544929646,0.5863951444625854,0.1000179558786563,0.298851165920496,0.2602664809104468,0.47736249684259807,0.014268691079658374,0.009567426874282513,0.038632169365882874,0.1450358877579371,0.2873937338590622,0.24519305303692818,0.29832832515239716,0.298851165920496,0.4533156156539917,0.27730031311511993,0.4548754096031189,0.3208240456879139,0.4582439661026001,0.3816406801342964,0.46568912267684937,0.37106986343860626,0.4893060028553009,0.3759544938802719,0.494361937046051,0.39683812111616135,0.5235435366630554,0.4719484783709049,0.5317988693714142,0.5188466086983681,0.5457426607608795,0.21049407497048378,0.13771504931280326,0.07277902565768052,0.136321855088075,0.16041025519371033,0.22702449560165405,0.1511879861354828,0.21049407497048378,0.13861322402954102,0.15809324756264687,0.10444524884223938,0.16262044943869114,0.09143946319818497,0.13313071802258492,0.07911151647567749,0.14960536174476147,0.17071187496185303,0.1326077375560999,0.09905429929494858,0.12307492084801197,0.18071086704730988,0.12909012287855148,0.08683004975318909,0.09253612160682678,0.1117250993847847
1992756749,qslstm_log,extrapolation,near_best,2000245,62,2,60,59,2,0.10355908530469225,0.31329479813575745,0.10055637185359956,0.3171062469482422,0.04620733651927722,0.18985867500305176,0.10547081026420609,0.3174093355735143,0.012978032483892926,0.010402177680622448,0.06898583471775055,0.4563606083393097,0.4563606083393097,0.263339027762413,0.484244704246521,0.18985867500305176,0.08905678987503052,0.26164159178733826,0.15153944492340088,0.3042624890804291,0.17252182960510254,0.33549724519252777,0.21463388204574585,0.3357062339782715,0.18716776371002197,0.1890813410282135,0.22662323713302612,0.23329558968544006,0.2519572973251343,0.2711254358291626,0.31709712743759155,0.2961808741092682,0.29200607538223267,0.2540986090898514,0.12924075418462355,0.12485785490522783,0.2187298983335495,0.2187298983335495,0.29139144718647003,0.2562432289123535,0.2540986090898514,0.1854502558708191,0.19094886630773544,0.15770690143108368,0.16723711416125298,0.12457182258367538,0.18014538288116455,0.1415608674287796,0.18107559904456139,0.10590796917676926,0.15484130382537842,0.15197570621967316,0.16776548326015472,0.19397009909152985,0.08977824077010155,0.07876192778348923,0.12973876670002937,0.1742798238992691
1992756749,qslstm_log,extrapolation,near_best,2000246,62,3,59,59,2,0.16056321478077346,0.3967259425309397,0.19595039219368898,0.4426628425717354,0.079661771258816,0.2745312973856926,0.16467684750222894,0.4029392295722234,0.014215520377886497,0.005490344889620517,0.015394777059555054,0.3097083270549774,0.21878236532211304,0.3073931336402893,0.21918922662734985,0.2745312973856926,0.35738927870988846,0.3533889576792717,0.35975704342126846,0.32291849702596664,0.3475581184029579,0.3676993101835251,0.3668049946427345,0.3565987100203832,0.3778785541653633,0.3566209524869919,0.3874704912304878,0.3766067574421565,0.39009446650743484,0.33993572493394214,0.40651921182870865,0.39335616181294125,0.4159610942006111,0.27815864483515423,0.13453418354235464,0.1436244612927996,0.16370917484164238,0.11128159612417221,0.16721933335065842,0.14526987075805664,0.27815864483515423,0.12532706558704376,0.15572546422481537,0.09612738341093063,0.19446344673633575,0.13483430445194244,0.19367257754007974,0.1665818840265274,0.12806111946702003,0.0355103500187397,0.16737574338912964,0.17645002901554108,0.13654886931180954,0.0773594006896019,0.0956547607978185,0.10005789250135422,0.10993562017877896,0.06045181676745415
1992756749,qslstm_log,extrapolation,near_best,2000247,62,2,60,59,2,0.02720395490540291,0.15473114915432468,0.04082143280314998,0.20204314589500427,0.10758399517190043,0.25392264127731323,0.02452462022985299,0.1514247660835584,0.011838518461938632,0.008331141450948883,0.05343028903007507,0.13012279570102692,0.09145328402519226,0.2764994353055954,0.46154558658599854,0.25392264127731323,0.04629969596862793,0.04194158315658569,0.03758347034454346,0.0361747145652771,0.03476595878601074,0.0537213534116745,0.07267674803733826,0.0886998176574707,0.10472288727760315,0.1159040629863739,0.10477188229560852,0.12573575973510742,0.13865503668785095,0.10237598419189453,0.1090783178806305,0.13592183589935303,0.1367451250553131,0.22730465978384018,0.12722241884718338,0.1000822409366568,0.30760470032691956,0.23781496286392212,0.24825578927993774,0.25869661569595337,0.22730465978384018,0.195912703871727,0.18223264813423157,0.16855259239673615,0.1538364738225937,0.13912035524845123,0.12052476033568382,0.10192916542291641,0.10338754951953888,0.10484593361616135,0.12621940299868584,0.14284227788448334,0.1325990967452526,0.18466787040233612,0.10753883793950081,0.0765766128897667,0.10546890646219254,0.11076810210943222
1992756749,qslstm_log,extrapolation,near_best,2000248,62,1,61,60,1,0.15723568065677265,0.39298119389962766,0.1826112236855062,0.42733034491539,0.05699130781522399,0.23872852325439453,0.15887903103122428,0.3955099262052872,0.011169470846652985,0.008789644177470888,0.045060575008392334,0.5172041915357113,0.5172041915357113,0.5816119574010372,0.5816119574010372,0.23872852325439453,0.23872852325439453,0.2819123864173889,0.2819123864173889,0.3334987759590149,0.3334987759590149,0.36379390954971313,0.36379390954971313,0.32716143131256104,0.32716143131256104,0.33939605951309204,0.33939605951309204,0.34613656997680664,0.34613656997680664,0.35167592763900757,0.35167592763900757,0.3786233067512512,0.3786233067512512,0.20701931416988373,0.1345224229649442,0.07249689120493952,0.25115570425987244,0.25115570425987244,0.24898886680603027,0.24898886680603027,0.20701931416988373,0.20701931416988373,0.11816558241844177,0.11816558241844177,0.22580403089523315,0.22580403089523315,0.20776432752609253,0.20776432752609253,0.11056318879127502,0.11056318879127502,0.14963752031326294,0.14963752031326294,0.07201887667179108,0.07201887667179108,0.09769460558891296,0.09769460558891296,0.1118304505944252,0.1118304505944252
1992756749,qslstm_log,extrapolation,near_best,2000249,62,4,58,57,4,0.3013235634037911,0.5320277207440907,0.3348260246981596,0.5786415338516235,0.12224784807855132,0.3178470963612199,0.3136736127365663,0.5467987982877369,0.008697955754765292,0.007689560001546686,0.08751744031906128,0.14975959559281668,0.04358869791030884,0.17773606348782778,0.03484627604484558,0.3178470963612199,0.4981131851673126,0.24131205771118402,0.5435476899147034,0.1839466467499733,0.5496476590633392,0.2846478819847107,0.5620433688163757,0.41276373714208603,0.5745477974414825,0.564758725464344,0.6037961840629578,0.5712142735719681,0.5633192360401154,0.5731727033853531,0.58101686835289,0.5756390765309334,0.5765933692455292,0.201776385307312,0.1452141278262796,0.05656225748103241,0.30816083153088886,0.23884828388690948,0.29066693037748337,0.23490500450134277,0.201776385307312,0.13727279007434845,0.20827607810497284,0.17295776307582855,0.21848013624548912,0.22099749743938446,0.1687923576682806,0.0641433522105217,0.18532142043113708,0.19615012407302856,0.15729478187859058,0.17108051478862762,0.14061536267399788,0.11030028015375137,0.13070221804082394,0.18353329598903656,0.12896931171417236,0.16859494149684906
