Time,V1,V2,V3,V4,V5,ToutH2,TinAIR,ToutAIR,TinWAT,DoutH2,DoutAIR,TV
1,0.671260504,0.667184874,0.665277311,0.666621849,0.662016807,37.49252941,43.2057395,51.18604202,53.69205042,2.113554622,21.2952605,3.3323
2,0.671159664,0.66705042,0.665,0.666420168,0.661554622,37.71980672,43.19231933,51.1892437,53.6930084,2.111663866,21.27456303,3.331184874
3,0.671,0.667142857,0.664487395,0.66594958,0.661159664,37.65237815,43.19790756,51.2174958,53.70484874,2.108352941,21.28382353,3.329739496
4,0.670655462,0.666445378,0.663739496,0.665789916,0.660521008,37.64502521,43.18579832,51.20841176,53.68686555,2.109394958,21.27761345,3.327151261
5,0.670462185,0.666756303,0.663243697,0.66497479,0.659773109,37.60578992,43.20358824,51.19401681,53.70373109,2.108235294,21.27151261,3.325210084
6,0.670183333,0.66615,0.662491667,0.664658333,0.659475,37.75813333,43.19219167,51.26793333,53.73595833,2.106241667,21.28060833,3.322958333
7,0.669773109,0.66597479,0.661932773,0.66394958,0.65912605,37.76172269,43.17188235,51.27605882,53.72342017,2.10512605,21.28172269,3.320756303
8,0.669453782,0.665689076,0.661394958,0.663193277,0.658621849,37.73934454,43.18959664,51.2720084,53.72294118,2.104142857,21.28609244,3.318352941
9,0.669537815,0.665184874,0.66107563,0.663,0.658193277,37.72167227,43.26198319,51.2702605,53.71258824,2.10287395,21.29321008,3.316991597
10,0.669033613,0.664932773,0.660890756,0.662655462,0.658159664,37.79715126,43.28419328,51.26822689,53.71254622,2.104823529,21.28238655,3.315672269
11,0.668983333,0.66515,0.659583333,0.662191667,0.657716667,37.78083333,43.27348333,51.26594167,53.7197,2.104691667,21.28920833,3.313625
12,0.668991597,0.664689076,0.659831933,0.661605042,0.657647059,37.867,43.23496639,51.23227731,53.71926891,2.105672269,21.28784874,3.312764706
13,0.668663866,0.664470588,0.659411765,0.661714286,0.657310924,37.92719328,43.22865546,51.24131092,53.73705882,2.105647059,21.29265546,3.311571429
14,0.668529412,0.664453782,0.658630252,0.661470588,0.657016807,37.92710924,43.25568908,51.23431092,53.72443697,2.103991597,21.2859916,3.31010084
15,0.668571429,0.664310924,0.658764706,0.66089916,0.656815126,37.96805042,43.23515966,51.26784874,53.74238655,2.10292437,21.29484034,3.309361345
16,0.668375,0.663883333,0.658291667,0.661025,0.656516667,37.86419167,43.22240833,51.25281667,53.74258333,2.102633333,21.29901667,3.308091667
17,0.668243697,0.663857143,0.658235294,0.660151261,0.656260504,37.9397395,43.23460504,51.27734454,53.75537815,2.101487395,21.29688235,3.306747899
18,0.667957983,0.663815126,0.657277311,0.660268908,0.65592437,37.91942017,43.27104202,51.29963025,53.7719916,2.102218487,21.29543697,3.305243697
19,0.667941176,0.663462185,0.657159664,0.659722689,0.655747899,37.94721008,43.25585714,51.28792437,53.75051261,2.103487395,21.30102521,3.304033613
20,0.667840336,0.663369748,0.65689916,0.658865546,0.655663866,37.94719328,43.24559664,51.25684034,53.71859664,2.102285714,21.30202521,3.302638655
21,0.667258333,0.663158333,0.656566667,0.6589,0.655341667,37.9757,43.24035,51.2969,53.74895,2.098558333,21.30125833,3.301225
22,0.667142857,0.662815126,0.656302521,0.658705882,0.65512605,38.06285714,43.25291597,51.2912521,53.7452521,2.100815126,21.30181513,3.300092437
23,0.667067227,0.662831933,0.655638655,0.658537815,0.654815126,37.98763866,43.28940336,51.27869748,53.72196639,2.099512605,21.30533613,3.298890756
24,0.666882353,0.662647059,0.655529412,0.658235294,0.654680672,37.98757143,43.27895798,51.2955042,53.73910924,2.100016807,21.3022437,3.29797479
25,0.666731092,0.662747899,0.655134454,0.657781513,0.654453782,37.99959664,43.28278992,51.29659664,53.73752941,2.100848739,21.29708403,3.296848739
26,0.666441667,0.6622,0.654808333,0.657691667,0.654233333,38.09553333,43.27443333,51.30568333,53.73471667,2.101333333,21.30068333,3.295375
27,0.666268908,0.66192437,0.654512605,0.657462185,0.653865546,38.07381513,43.22161345,51.30158824,53.73514286,2.102915966,21.30497479,3.294033613
28,0.666,0.66187395,0.654302521,0.657294118,0.653815126,37.91041176,43.203,51.27712605,53.7344958,2.102201681,21.30989916,3.293285714
29,0.66592437,0.662184874,0.65389916,0.656915966,0.653689076,37.94303361,43.21852941,51.30362185,53.74934454,2.098218487,21.3087563,3.292613445
30,0.666,0.661756303,0.65412605,0.656764706,0.653722689,38.06951261,43.24695798,51.32996639,53.74610084,2.099411765,21.30058824,3.292369748
31,0.665882353,0.661739496,0.65412605,0.656588235,0.653630252,38.12087395,43.21992437,51.34788235,53.75059664,2.099806723,21.30042857,3.291966387
32,0.665783333,0.6617,0.654066667,0.657141667,0.653683333,38.12825833,43.228925,51.35829167,53.75798333,2.098458333,21.2994,3.292375
33,0.665815126,0.661663866,0.653445378,0.656512605,0.653529412,38.28864706,43.21979832,51.34958824,53.74444538,2.099630252,21.30640336,3.290966387
34,0.665773109,0.661268908,0.653428571,0.656680672,0.653411765,38.23129412,43.22752941,51.32513445,53.74628571,2.101344538,21.3012521,3.290563025
35,0.665537815,0.661285714,0.653605042,0.656495798,0.653403361,38.26094958,43.22491597,51.31870588,53.74278151,2.100495798,21.29787395,3.290327731
36,0.6757425,0.671295,0.66757,0.670165,0.666845,38.0000925,43.277165,50.889835,53.09426,2.0577225,21.6037125,3.29
37,0.667260623,0.662713881,0.658872521,0.661592068,0.657739377,37.89349008,43.307,51.26266006,53.75028612,2.121356941,21.29712748,3.30817847
38,0.667014164,0.662215297,0.658328612,0.661186969,0.657594901,37.82557507,43.23954108,51.28106799,53.72755241,2.123240793,21.29967989,3.306339943
39,0.667034091,0.661840909,0.658167614,0.660605114,0.657096591,37.75580966,43.28092898,51.26124148,53.73009659,2.124863636,21.29124716,3.304744318
40,0.666586402,0.661915014,0.657376771,0.660229462,0.656912181,37.85554674,43.27028612,51.28432011,53.73949858,2.125356941,21.29383003,3.30301983
41,0.666402266,0.661495751,0.657359773,0.659852691,0.656436261,37.86014448,43.24006799,51.26908215,53.74123796,2.127481586,21.29159773,3.301546742
42,0.665886686,0.661371105,0.65666289,0.659589235,0.656186969,37.86141926,43.25794051,51.24897734,53.72538244,2.127597734,21.2909915,3.299696884
43,0.665844193,0.661087819,0.656501416,0.659288952,0.655951841,37.83859773,43.26936261,51.27386119,53.74889235,2.127546742,21.29057507,3.298674221
44,0.66584136,0.661305949,0.655971671,0.658909348,0.655416431,37.79406232,43.2513881,51.24722946,53.71433711,2.127492918,21.28779603,3.297444759
45,0.665685552,0.660988669,0.655991501,0.658507082,0.655331445,37.87847592,43.28756657,51.27168839,53.72254674,2.126815864,21.28808782,3.296504249
46,0.665240793,0.660991501,0.655589235,0.65821813,0.655232295,37.89489235,43.24288385,51.27815864,53.72916431,2.126872521,21.29730595,3.295271955
47,0.665322946,0.660563739,0.655291785,0.65794051,0.654903683,37.9073966,43.28972805,51.22426346,53.71873088,2.126917847,21.28709915,3.294022663
48,0.665192635,0.660498584,0.654603399,0.657827195,0.654436261,37.82723513,43.28609632,51.22364306,53.72341076,2.125161473,21.30256657,3.292558074
49,0.664943343,0.660422096,0.654283286,0.657815864,0.654339943,38.02743343,43.31662323,51.26794334,53.73392918,2.12203966,21.3086204,3.291804533
50,0.664482955,0.660329545,0.654264205,0.657465909,0.65415625,38.19194318,43.28901705,51.30715057,53.74370739,2.119823864,21.31114489,3.290698864
51,0.664745042,0.66013881,0.653988669,0.657410765,0.653923513,38.12841076,43.23605099,51.23549008,53.71743059,2.123651558,21.31288669,3.290206799
52,0.6648017,0.660186969,0.653849858,0.657626062,0.65411898,37.96611615,43.25286969,51.21048442,53.74406799,2.126509915,21.31275354,3.290583569
53,0.664830028,0.660048159,0.653866856,0.657345609,0.653915014,37.95825496,43.26860057,51.22932295,53.74335694,2.125759207,21.30611615,3.290005666
54,0.6641983,0.660113314,0.654107649,0.65666289,0.653538244,38.04235127,43.31831161,51.22709348,53.73330595,2.125898017,21.30343909,3.288620397
55,0.664243626,0.659515581,0.653507082,0.656756374,0.653172805,37.92370255,43.265,51.19890085,53.7301728,2.12590085,21.29916714,3.287195467
56,0.664186969,0.659552408,0.653093484,0.656484419,0.653161473,37.88687819,43.26440793,51.20071671,53.73818697,2.126583569,21.29949008,3.286478754
57,0.663778656,0.659312253,0.65255336,0.656407115,0.652782609,37.90856522,43.26729249,51.17644269,53.72710672,2.125853755,21.29534783,3.284833992
58,0.663537815,0.658966387,0.652630252,0.655823529,0.652226891,38.17496639,43.33115966,51.26161345,53.74221849,2.122268908,21.31730252,3.283184874
59,0.663210084,0.658630252,0.652268908,0.655277311,0.652033613,38.12073109,43.3507479,51.25618487,53.74942857,2.12287395,21.31214286,3.281420168
60,0.66302521,0.658462185,0.650966387,0.655243697,0.651705882,38.09215126,43.31838655,51.24645378,53.73123529,2.121058824,21.31219328,3.279403361
61,0.662816667,0.658166667,0.651625,0.655116667,0.651666667,37.848825,43.29726667,51.18124167,53.73434167,2.122358333,21.3028,3.279391667
62,0.662857143,0.658369748,0.651117647,0.654714286,0.651537815,37.73846218,43.31982353,51.19518487,53.74377311,2.124537815,21.30357983,3.278596639
63,0.662957983,0.658168067,0.651697479,0.65492437,0.651495798,37.82006723,43.27915966,51.21414286,53.74489916,2.125831933,21.29531092,3.279243697
64,0.663092437,0.658495798,0.651521008,0.654966387,0.651512605,37.69355462,43.25769748,51.21983193,53.75431092,2.125226891,21.29490756,3.279588235
65,0.66312605,0.658117647,0.651806723,0.65502521,0.651462185,37.89742857,43.26446218,51.29492437,53.73705042,2.124915966,21.30998319,3.279537815
66,0.662916667,0.658516667,0.651533333,0.65495,0.651683333,38.06346667,43.28791667,51.32486667,53.741975,2.125016667,21.314975,3.2796
67,0.663302521,0.658420168,0.651672269,0.655016807,0.651705882,38.11591597,43.28994958,51.33194118,53.75241176,2.122731092,21.30047899,3.280117647
68,0.66305042,0.658470588,0.651420168,0.655008403,0.651411765,38.09621849,43.293,51.3212437,53.73372269,2.122184874,21.30368908,3.279361345
69,0.662957983,0.658109244,0.651563025,0.65507563,0.651546218,37.91433613,43.28827731,51.31127731,53.7559916,2.124571429,21.30337815,3.279252101
70,0.663058824,0.658546218,0.651310924,0.655201681,0.651344538,38.04846218,43.27530252,51.3057395,53.75128571,2.120983193,21.29677311,3.279462185
71,0.662891667,0.658191667,0.651275,0.654766667,0.651533333,38.04529167,43.306025,51.25551667,53.74591667,2.123783333,21.30788333,3.278658333
72,0.662957983,0.65794958,0.651268908,0.654890756,0.651235294,37.94538655,43.30431092,51.22042857,53.73491597,2.121806723,21.30776471,3.278302521
73,0.663,0.658058824,0.651252101,0.654697479,0.651218487,38.0452521,43.30376471,51.2659916,53.75742017,2.122571429,21.29809244,3.278226891
74,0.662815126,0.658184874,0.651470588,0.654613445,0.650840336,38.12165546,43.31086555,51.25614286,53.75231933,2.121033613,21.30655462,3.27792437
75,0.662680672,0.657865546,0.651210084,0.654680672,0.651117647,38.05589916,43.31142017,51.25105882,53.75,2.123151261,21.31455462,3.277554622
76,0.662491667,0.657675,0.65145,0.654733333,0.650866667,38.21970833,43.34640833,51.25141667,53.73996667,2.121091667,21.310925,3.277216667
77,0.662722689,0.65792437,0.651109244,0.654731092,0.650907563,37.97578151,43.35219328,51.2717479,53.76395798,2.118453782,21.308,3.277394958
78,0.662504202,0.657823529,0.651394958,0.654394958,0.650907563,38.05879832,43.34078992,51.28794958,53.78640336,2.119512605,21.32513445,3.27702521
79,0.662504202,0.657596639,0.651142857,0.654411765,0.650848739,38.04889916,43.34503361,51.27078992,53.75787395,2.120243697,21.31310924,3.276504202
80,0.662495798,0.657605042,0.651201681,0.654445378,0.650714286,38.08487395,43.33578151,51.27984034,53.76734454,2.12012605,21.31758824,3.276462185
81,0.662358333,0.657608333,0.651358333,0.654416667,0.65065,38.08835,43.31435833,51.23563333,53.75749167,2.1251,21.32494167,3.276391667
82,0.662352941,0.657697479,0.651067227,0.654411765,0.650386555,37.9865042,43.30537815,51.23340336,53.75255462,2.125983193,21.32133613,3.275915966
83,0.66210084,0.657386555,0.650596639,0.65394958,0.650008403,38.03354622,43.25541176,51.25988235,53.72237815,2.120151261,21.33142857,3.274042017
84,0.661529412,0.656823529,0.650252101,0.653663866,0.649697479,37.96178992,43.2477563,51.19104202,53.72264706,2.122344538,21.31745378,3.271966387
85,0.661478992,0.656428571,0.649756303,0.653117647,0.649092437,37.86780672,43.31477311,51.18905042,53.68610084,2.120571429,21.31381513,3.26987395
86,0.6606,0.655675,0.64935,0.65215,0.648491667,37.90021667,43.29409167,51.22745833,53.67858333,2.121891667,21.31168333,3.266266667
87,0.659739496,0.654798319,0.647932773,0.651554622,0.647571429,37.90660504,43.29268908,51.22893277,53.69582353,2.121991597,21.30837815,3.261596639
88,0.658865546,0.65410084,0.647008403,0.650865546,0.646445378,37.77518487,43.26336975,51.23653782,53.68009244,2.123168067,21.31521849,3.257285714
89,0.658084034,0.653201681,0.647310924,0.650067227,0.645932773,37.79794118,43.279,51.24341176,53.69663866,2.123647059,21.30389076,3.254596639
90,0.657941176,0.653008403,0.646537815,0.649680672,0.645563025,37.88923529,43.29420168,51.2757563,53.69610924,2.121084034,21.30815966,3.252731092
91,0.657647059,0.652512605,0.646117647,0.649596639,0.645092437,37.96735294,43.28109244,51.31228571,53.714,2.122201681,21.31178151,3.250966387
92,0.65675,0.651675,0.645333333,0.648425,0.644133333,38.09491667,43.23754167,51.29215833,53.7065,2.119541667,21.30160833,3.246316667
93,0.655739496,0.650411765,0.644336134,0.647554622,0.642781513,38.05706723,43.27093277,51.28269748,53.70393277,2.119428571,21.30142017,3.240823529
94,0.655201681,0.650436975,0.644310924,0.646764706,0.642563025,38.04695798,43.23105882,51.28135294,53.69408403,2.116697479,21.30636134,3.239277311
95,0.655378151,0.650689076,0.644453782,0.647268908,0.642823529,38.11706723,43.30285714,51.28872269,53.72766387,2.116621849,21.30808403,3.240613445
96,0.655529412,0.650798319,0.644403361,0.647613445,0.642806723,38.03436134,43.23301681,51.22570588,53.6927395,2.119596639,21.30564706,3.241151261
97,0.6554,0.650383333,0.644308333,0.647158333,0.64265,37.90168333,43.29219167,51.21885,53.688325,2.118875,21.29800833,3.2399
98,0.654260504,0.649394958,0.643546218,0.646033613,0.641378151,38.02621849,43.30285714,51.26487395,53.70632773,2.116781513,21.31652941,3.234613445
99,0.652252101,0.647563025,0.640352941,0.644168067,0.639067227,38.06181513,43.32326891,51.13494118,53.62257143,2.120470588,21.31447059,3.223403361
100,0.651504202,0.646478992,0.639546218,0.643134454,0.63787395,37.87531092,43.25828571,51.12384034,53.65903361,2.121764706,21.31742017,3.218537815
101,0.651142857,0.646403361,0.639798319,0.643201681,0.638151261,38.09107563,43.28739496,51.14268067,53.66107563,2.122352941,21.31803361,3.218697479
102,0.652275,0.647141667,0.6414,0.644258333,0.639166667,38.132175,43.26070833,51.15733333,53.6453,2.124025,21.327375,3.224241667
103,0.653605042,0.648630252,0.642689076,0.645798319,0.640487395,38.16872269,43.29601681,51.17280672,53.65328571,2.123672269,21.32242857,3.231210084
104,0.654529412,0.649957983,0.643848739,0.647092437,0.641823529,38.179,43.27589916,51.17489076,53.63810924,2.122142857,21.32584874,3.237252101
105,0.65587395,0.650596639,0.645487395,0.648344538,0.643235294,38.26416807,43.26535294,51.19695798,53.65212605,2.123663866,21.33130252,3.243537815
106,0.6564,0.651608333,0.645908333,0.648691667,0.643825,37.94923333,43.25989167,51.00305,53.436725,2.123658333,21.323275,3.246433333
107,0.656791667,0.652058333,0.646583333,0.649658333,0.644658333,38.06333333,43.24473333,51.15225,53.67105833,2.124758333,21.32391667,3.24975
108,0.656890756,0.652042017,0.646033613,0.649369748,0.643798319,37.99698319,43.24587395,51.15532773,53.70785714,2.122285714,21.31537815,3.248134454
109,0.655747899,0.650932773,0.645436975,0.648092437,0.642798319,37.91956303,43.27563025,51.18222689,53.70478992,2.118689076,21.3119916,3.243008403
110,0.65497479,0.64997479,0.644445378,0.646932773,0.641436975,37.87539496,43.22870588,51.17693277,53.67302521,2.119436975,21.30337815,3.237764706
111,0.654235294,0.649487395,0.643823529,0.646478992,0.641193277,37.76715126,43.20210084,51.2207479,53.66742857,2.121495798,21.30929412,3.235218487
112,0.654016667,0.649241667,0.643366667,0.646658333,0.641283333,37.88905,43.21855,51.25115,53.67338333,2.120308333,21.310775,3.234566667
113,0.654487395,0.649865546,0.643764706,0.647117647,0.641537815,37.90147059,43.24932773,51.27119328,53.68931933,2.119957983,21.29920168,3.236773109
114,0.655176471,0.650655462,0.644789916,0.647638655,0.642537815,38.12681513,43.24085714,51.33816807,53.71251261,2.120428571,21.31180672,3.240798319
115,0.655966387,0.65107563,0.645327731,0.648789916,0.64305042,38.28371429,43.26494958,51.35844538,53.71230252,2.119495798,21.31183193,3.244210084
116,0.656369748,0.65192437,0.646470588,0.648806723,0.643546218,38.18772269,43.23951261,51.34245378,53.70304202,2.115092437,21.31070588,3.247117647
117,0.656563025,0.651781513,0.646117647,0.649369748,0.643638655,38.32861345,43.27465546,51.33211765,53.69262185,2.113420168,21.3055042,3.247470588
118,0.6566,0.652041667,0.646916667,0.649608333,0.643758333,38.2925,43.25003333,51.35625,53.689125,2.115408333,21.30679167,3.248925
119,0.656815126,0.652168067,0.646647059,0.649336134,0.643815126,38.38333613,43.2659916,51.37884874,53.72063866,2.113697479,21.31091597,3.248781513
120,0.656857143,0.651966387,0.646798319,0.649621849,0.643806723,37.99228571,43.30957983,51.20190756,53.6650084,2.116201681,21.31261345,3.24905042
121,0.656579832,0.651747899,0.646596639,0.649369748,0.643563025,37.89010924,43.29831092,51.17788235,53.68295798,2.118193277,21.30490756,3.247857143
122,0.655546218,0.650756303,0.645436975,0.648571429,0.642243697,37.95481513,43.2910084,51.18594118,53.66822689,2.118789916,21.31519328,3.242554622
123,0.653883333,0.648716667,0.6437,0.64655,0.640141667,38.08901667,43.287225,51.19610833,53.67348333,2.117775,21.31885,3.232991667
124,0.652453782,0.647571429,0.641865546,0.644739496,0.638361345,38.12694118,43.30821008,51.0242437,53.35996639,2.121268908,21.32368067,3.224991597
125,0.652352941,0.647554622,0.641815126,0.644605042,0.638294118,37.84368908,43.27891597,51.13531933,53.65745378,2.117151261,21.33014286,3.224621849
126,0.651495798,0.646697479,0.641067227,0.64402521,0.637378151,37.9722605,43.24086555,51.16965546,53.65109244,2.118134454,21.32734454,3.220663866
127,0.651184874,0.646756303,0.640983193,0.643882353,0.637294118,38.17041176,43.35981513,51.19667227,53.67068067,2.12212605,21.32589076,3.22010084
128,0.650108333,0.6452,0.63935,0.641491667,0.635333333,37.43739167,43.40230833,49.729725,51.38734167,2.122641667,21.33375833,3.211483333
129,0.653344538,0.649193277,0.643134454,0.644722689,0.640193277,37.2725042,43.37180672,50.47916807,52.62768067,2.11994958,21.32869748,3.230588235
130,0.654808333,0.6509,0.645433333,0.647333333,0.641991667,37.868725,43.346425,51.1554,53.63991667,2.120091667,21.325,3.240466667
131,0.65592437,0.651731092,0.647168067,0.648605042,0.64305042,38.11836975,43.3165042,51.18954622,53.66547059,2.121647059,21.33081513,3.246478992
132,0.656991597,0.652890756,0.647890756,0.649722689,0.64412605,38.12077311,43.31,51.16987395,53.67277311,2.120453782,21.32816807,3.251621849
133,0.657891667,0.653625,0.649175,0.650516667,0.645316667,37.87165,43.32055833,51.10665833,53.66433333,2.119991667,21.32380833,3.256525
134,0.658537815,0.654176471,0.649596639,0.65089916,0.645705882,37.90027731,43.30212605,51.13737815,53.65295798,2.118445378,21.31028571,3.258915966
135,0.659151261,0.654537815,0.650252101,0.651857143,0.646361345,38.06038655,43.29580672,51.2462437,53.64590756,2.116756303,21.31105042,3.262159664
136,0.659369748,0.655159664,0.650714286,0.652134454,0.646756303,38.11023529,43.31832773,51.27867227,53.65860504,2.117033613,21.31994958,3.264134454
137,0.659679389,0.65559542,0.651358779,0.65210687,0.647366412,37.24061832,43.4060687,51.17619847,53.55796183,2.114778626,21.35466412,3.26610687
138,0.66045,0.655525,0.6513,0.651658333,0.647791667,37.33218333,43.41916667,51.31561667,53.642225,2.097116667,21.31835,3.266725
139,0.660983193,0.656134454,0.651739496,0.652235294,0.64789916,37.58789916,43.37505882,51.34505882,53.65606723,2.098453782,21.32842857,3.268991597
140,0.661176471,0.656487395,0.652394958,0.652546218,0.648176471,37.78555462,43.35,51.44102521,53.71521849,2.094680672,21.32433613,3.270781513
141,0.660983193,0.656327731,0.652579832,0.652445378,0.648201681,37.94385714,43.34165546,51.41857983,53.68923529,2.097285714,21.31922689,3.270537815
142,0.661109244,0.656294118,0.652193277,0.652890756,0.648193277,37.91215126,43.35987395,51.42082353,53.69823529,2.098857143,21.32815126,3.270680672
143,0.660775,0.655958333,0.6525,0.652283333,0.6478,37.70048333,43.38600833,51.425775,53.713075,2.097425,21.31693333,3.269316667
144,0.660563025,0.65605042,0.651453782,0.652638655,0.647588235,37.71435294,43.38777311,51.40666387,53.7189916,2.097588235,21.3082521,3.268294118
145,0.660033613,0.655109244,0.651848739,0.651739496,0.646915966,37.80527731,43.37796639,51.3950084,53.71506723,2.098773109,21.31006723,3.265647059
146,0.65994958,0.654831933,0.650983193,0.651672269,0.646647059,37.58858824,43.39736134,51.37142017,53.69011765,2.101252101,21.30883193,3.264084034
147,0.659243697,0.654789916,0.650546218,0.651268908,0.64605042,37.65959664,43.38342017,51.36912605,53.69729412,2.098966387,21.31448739,3.26189916
148,0.659516667,0.654566667,0.6503,0.650858333,0.645825,37.73819167,43.367,51.35541667,53.69915833,2.098825,21.3113,3.261066667
149,0.659159664,0.654243697,0.650235294,0.650714286,0.645521008,37.65357143,43.36484874,51.32968067,53.65487395,2.099428571,21.31327731,3.25987395
150,0.659445378,0.654445378,0.650638655,0.651159664,0.645806723,37.6857479,43.35244538,51.38742857,53.68886555,2.099453782,21.31490756,3.261495798
151,0.659588235,0.654436975,0.650142857,0.651042017,0.645798319,37.71663866,43.36038655,51.40244538,53.70792437,2.098470588,21.31221849,3.261008403
152,0.659453782,0.654411765,0.650831933,0.651369748,0.645537815,37.60297479,43.36189076,51.39151261,53.68164706,2.098571429,21.32078992,3.261605042
153,0.659638655,0.654638655,0.650495798,0.651462185,0.645831933,37.84498319,43.34403361,51.43664706,53.70239496,2.097285714,21.32176471,3.262067227
154,0.659516667,0.654425,0.6508,0.651016667,0.645733333,37.99431667,43.29838333,51.47311667,53.71805,2.096816667,21.32573333,3.261491667
155,0.659386555,0.654327731,0.650848739,0.651344538,0.645369748,37.92819328,43.29615966,51.44281513,53.70554622,2.09587395,21.31898319,3.261277311
156,0.659386555,0.654563025,0.650546218,0.651411765,0.645495798,37.89712605,43.37165546,51.4517563,53.71819328,2.097462185,21.31681513,3.261403361
157,0.659453782,0.654319328,0.650747899,0.65112605,0.645403361,37.91405042,43.34573109,51.45684034,53.73163025,2.095823529,21.31233613,3.26105042
158,0.659403361,0.654537815,0.650731092,0.651218487,0.645680672,37.95326891,43.3337479,51.4464958,53.73119328,2.096403361,21.31688235,3.261571429
159,0.658916667,0.6543,0.650975,0.651133333,0.645308333,37.82771667,43.31718333,51.40533333,53.69975833,2.097175,21.3096,3.260633333
160,0.659243697,0.654184874,0.650789916,0.651235294,0.645394958,37.74154622,43.3254958,51.38398319,53.68632773,2.09807563,21.31615966,3.260848739
161,0.659151261,0.654453782,0.650638655,0.651117647,0.645260504,37.86421008,43.25154622,51.39594118,53.68719328,2.099915966,21.30936975,3.260621849
162,0.659336134,0.654193277,0.650571429,0.651285714,0.645294118,37.7875042,43.25142017,51.39221849,53.69570588,2.099361345,21.31387395,3.260680672
163,0.659016807,0.654210084,0.651016807,0.650983193,0.645151261,37.7222437,43.32781513,51.39764706,53.68766387,2.097563025,21.31365546,3.260378151
164,0.659108333,0.65435,0.6508,0.651425,0.645325,37.766425,43.307625,51.4023,53.68530833,2.097066667,21.31734167,3.261008333
165,0.659092437,0.654109244,0.650084034,0.650621849,0.64502521,37.71383193,43.32363866,51.39297479,53.68052941,2.095201681,21.30969748,3.258932773
166,0.658907563,0.654033613,0.650386555,0.650857143,0.644831933,37.70096639,43.29432773,51.36636134,53.67508403,2.098260504,21.31277311,3.259016807
167,0.658857143,0.653764706,0.650285714,0.650495798,0.644781513,37.65622689,43.32227731,51.36916807,53.67760504,2.097504202,21.3092437,3.258184874
168,0.658336134,0.653739496,0.649840336,0.650680672,0.644336134,37.73665546,43.2859916,51.37016807,53.70269748,2.099378151,21.31634454,3.256932773
169,0.658366667,0.653525,0.649758333,0.650475,0.64415,37.69379167,43.27500833,51.38151667,53.69841667,2.0978,21.31280833,3.256275
170,0.658142857,0.653193277,0.649521008,0.650294118,0.644033613,37.71031092,43.22963025,51.38519328,53.68593277,2.099857143,21.30757143,3.255184874
171,0.658008403,0.653386555,0.649773109,0.649932773,0.643697479,37.73218487,43.26526891,51.4142521,53.70783193,2.098411765,21.31077311,3.254798319
172,0.657857143,0.653260504,0.649815126,0.650016807,0.643815126,37.79962185,43.25437815,51.39162185,53.70661345,2.097655462,21.30957983,3.254764706
173,0.658151261,0.652907563,0.649218487,0.65012605,0.643957983,37.86,43.24052941,51.38632773,53.69863025,2.09710084,21.30342017,3.254361345
174,0.658175,0.6534,0.649758333,0.650425,0.643891667,37.898825,43.213575,51.38143333,53.70548333,2.099533333,21.31575,3.25565
175,0.658201681,0.653142857,0.649983193,0.650613445,0.64392437,38.16644538,43.26616807,51.44619328,53.73265546,2.096495798,21.31182353,3.255865546
176,0.658067227,0.653302521,0.650058824,0.650336134,0.644109244,38.01057143,43.27894118,51.42642857,53.71940336,2.095915966,21.32059664,3.25587395
177,0.658294118,0.653386555,0.650008403,0.650722689,0.644092437,38.05394118,43.25203361,51.46478151,53.73167227,2.101109244,21.33019328,3.256504202
178,0.658210084,0.653504202,0.650277311,0.650235294,0.644033613,37.98504202,43.27982353,51.40305042,53.70752941,2.101722689,21.32794958,3.256260504
179,0.658158333,0.652925,0.649808333,0.650341667,0.643891667,37.53295833,43.32154167,51.236275,53.66311667,2.103166667,21.31359167,3.255125
180,0.658243697,0.65294958,0.649747899,0.650731092,0.643932773,37.5654958,43.28505882,51.24526891,53.65841176,2.103008403,21.3092437,3.255605042
181,0.65797479,0.653042017,0.65002521,0.650260504,0.643747899,37.5914958,43.28781513,51.24554622,53.67295798,2.104008403,21.30819328,3.25505042
182,0.690440909,0.686068182,0.685181818,0.685181818,0.679027273,39.29753636,43.32690455,50.89912727,53.43505,2.453495455,24.22674545,3.255
183,0.663621849,0.659218487,0.656991597,0.657184874,0.651109244,38.16714286,43.26084034,51.25052941,53.70870588,2.112605042,21.96627731,3.28812605
184,0.663605042,0.659159664,0.656773109,0.657302521,0.650638655,38.19864706,43.2614958,51.29570588,53.71401681,2.108680672,21.32145378,3.287478992
185,0.662991667,0.6586,0.656291667,0.656608333,0.650166667,38.03465,43.21081667,51.25905833,53.670525,2.108133333,21.3074,3.284658333
186,0.662605042,0.658277311,0.655815126,0.656537815,0.649714286,38.13814286,43.24615126,51.2477563,53.67956303,2.107378151,21.30910924,3.28294958
187,0.662184874,0.657840336,0.655613445,0.655865546,0.649151261,38.0182437,43.23482353,51.19967227,53.63877311,2.107857143,21.30131092,3.280655462
188,0.661672269,0.657445378,0.655302521,0.655571429,0.648647059,37.70005882,43.22341176,51.18901681,53.60646218,2.109806723,21.29687395,3.278638655
189,0.661411765,0.657445378,0.654991597,0.654815126,0.648268908,37.65406723,43.20559664,51.19759664,53.63704202,2.110680672,21.30162185,3.276932773
190,0.661277311,0.657159664,0.654865546,0.65497479,0.648,38.00264706,43.27413445,51.26459664,53.63717647,2.106142857,21.29664706,3.276277311
191,0.661,0.656983333,0.6542,0.654866667,0.647916667,38.10303333,43.30164167,51.271,53.65618333,2.100775,21.295825,3.274966667
192,0.660932773,0.656613445,0.653798319,0.654857143,0.647596639,38.11559664,43.22011765,51.28336134,53.67907563,2.103453782,21.29515966,3.273798319
193,0.660689076,0.656285714,0.654168067,0.654546218,0.647226891,38.12389076,43.24898319,51.31930252,53.69342017,2.102563025,21.28988235,3.272915966
194,0.660369748,0.656327731,0.653882353,0.654058824,0.64705042,38.21532773,43.24404202,51.30607563,53.67903361,2.103436975,21.29852101,3.271689076
195,0.660394958,0.656352941,0.653697479,0.653890756,0.647176471,38.11469748,43.22012605,51.28934454,53.66060504,2.103840336,21.30542017,3.271512605
196,0.660308333,0.656075,0.65335,0.653558333,0.646716667,38.15465833,43.27361667,51.281775,53.6667,2.102683333,21.29778333,3.270008333
197,0.660109244,0.655697479,0.652831933,0.653605042,0.646378151,38.10433613,43.24695798,51.30084874,53.6752605,2.103210084,21.30212605,3.268621849
198,0.660016807,0.655739496,0.653,0.653756303,0.646453782,38.07026891,43.23286555,51.29295798,53.66308403,2.102747899,21.30447059,3.268966387
199,0.659705882,0.655756303,0.653008403,0.653638655,0.646134454,38.10163866,43.26678151,51.30497479,53.67577311,2.10310084,21.30326891,3.268243697
200,0.659882353,0.655705882,0.652957983,0.653378151,0.646294118,38.16154622,43.2532521,51.30038655,53.67492437,2.102310924,21.29720168,3.268218487
201,0.659525,0.655258333,0.652883333,0.653008333,0.645816667,37.88344167,43.20180833,51.19835,53.66330833,2.098575,21.309425,3.266491667
202,0.659546218,0.655134454,0.652495798,0.653386555,0.645907563,37.83517647,43.1742521,51.20306723,53.66260504,2.084109244,21.33544538,3.266470588
203,0.659495798,0.655445378,0.652445378,0.65297479,0.645672269,37.98831933,43.15247899,51.25765546,53.67805882,2.077310924,21.34139496,3.266033613
204,0.659588235,0.655134454,0.652294118,0.653243697,0.645689076,38.31263866,43.18917647,51.33338655,53.70702521,2.078983193,21.34268908,3.26594958
205,0.659386555,0.654739496,0.651882353,0.652613445,0.645512605,38.10343697,43.20810084,51.28308403,53.71323529,2.094394958,21.31082353,3.264134454
206,0.658916667,0.654758333,0.651333333,0.652675,0.644958333,38.19325,43.25026667,51.31076667,53.7162,2.094408333,21.29868333,3.262641667
207,0.658546218,0.653915966,0.651453782,0.65207563,0.644613445,38.21809244,43.26240336,51.2835042,53.70073109,2.099638655,21.30365546,3.260605042
208,0.658352941,0.65397479,0.65087395,0.651991597,0.644235294,38.28041176,43.2499916,51.29863025,53.70301681,2.101739496,21.30169748,3.259428571
209,0.65792437,0.653470588,0.65089916,0.651697479,0.643907563,38.05507563,43.21186555,51.26688235,53.68115966,2.104008403,21.30813445,3.25789916
210,0.657697479,0.653226891,0.650168067,0.650756303,0.643411765,37.9517395,43.20357143,51.20353782,53.65754622,2.105445378,21.29953782,3.255260504
211,0.656925,0.652558333,0.649558333,0.650391667,0.642733333,37.8776,43.19946667,51.17576667,53.64683333,2.105941667,21.29805,3.252166667
212,0.656193277,0.652067227,0.648823529,0.649504202,0.642084034,37.79716807,43.19555462,51.19584874,53.65158824,2.106764706,21.29402521,3.248672269
213,0.656201681,0.651579832,0.648705882,0.649747899,0.641655462,37.73297479,43.20332773,51.18170588,53.62812605,2.107184874,21.29808403,3.247890756
214,0.655890756,0.651487395,0.648386555,0.649369748,0.641613445,38.09583193,43.22411765,51.28894118,53.65957983,2.103176471,21.31482353,3.246747899
215,0.65594958,0.651411765,0.648369748,0.649226891,0.641378151,38.11958824,43.20831092,51.30041176,53.66756303,2.103857143,21.29828571,3.246336134
216,0.655741667,0.651566667,0.648675,0.648516667,0.641533333,38.09865833,43.19284167,51.290525,53.64899167,2.101116667,21.291525,3.246033333
217,0.655882353,0.651462185,0.648369748,0.648630252,0.641630252,38.17348739,43.16671429,51.31253782,53.67542017,2.098781513,21.29445378,3.24597479
218,0.65597479,0.651268908,0.648672269,0.64907563,0.641462185,38.1340084,43.18159664,51.33613445,53.70742017,2.100008403,21.29443697,3.246453782
219,0.655579832,0.651563025,0.648504202,0.649210084,0.641521008,38.07066387,43.18118487,51.31194958,53.68304202,2.099319328,21.2932521,3.246378151
220,0.655655462,0.651260504,0.648394958,0.649478992,0.641504202,38.25487395,43.17951261,51.3672605,53.71517647,2.100697479,21.21034454,3.246294118
221,0.656008403,0.651647059,0.648336134,0.649252101,0.641705882,38.19286555,43.20364706,51.33951261,53.70627731,2.10094958,21.19916807,3.24694958
222,0.655908333,0.651658333,0.648316667,0.6495,0.641708333,38.09995833,43.21501667,51.31764167,53.70636667,2.100066667,21.24119167,3.247091667
223,0.655865546,0.651285714,0.649058824,0.649571429,0.641638655,38.14978151,43.20498319,51.32365546,53.71177311,2.101495798,21.24438655,3.247420168
224,0.655966387,0.651630252,0.648394958,0.649168067,0.641495798,38.26018487,43.27631092,51.31471429,53.70136134,2.103084034,21.26844538,3.246655462
225,0.655672269,0.651,0.648789916,0.649378151,0.641109244,38.31382353,43.22821008,51.32863025,53.70985714,2.102689076,21.29993277,3.24594958
226,0.655285714,0.651462185,0.648596639,0.649277311,0.641235294,38.33764706,43.19626891,51.37131092,53.717,2.104184874,21.31386555,3.245857143
227,0.655416667,0.6511,0.648308333,0.648958333,0.641,38.14279167,43.180125,51.275475,53.702625,2.108491667,21.30139167,3.244783333
228,0.655378151,0.650521008,0.648042017,0.648529412,0.640697479,38.10544538,43.17830252,51.27944538,53.70171429,2.107806723,21.30019328,3.243168067
229,0.655134454,0.650831933,0.648344538,0.648621849,0.640815126,38.15186555,43.20147899,51.29012605,53.70263866,2.108495798,21.30537815,3.243747899
230,0.654915966,0.650386555,0.648084034,0.648739496,0.640487395,37.88329412,43.17708403,51.24165546,53.6942437,2.112789916,21.29890756,3.242613445
231,0.655268908,0.650621849,0.647789916,0.648478992,0.640521008,37.99916807,43.17812605,51.30751261,53.73078992,2.10812605,21.29447899,3.242680672
232,0.655091667,0.650741667,0.647791667,0.648025,0.640483333,38.11229167,43.19749167,51.31779167,53.749875,2.1102,21.29385,3.242133333
233,0.654975,0.650316667,0.648091667,0.648608333,0.640533333,38.17938333,43.204025,51.35418333,53.75683333,2.111308333,21.31236667,3.242525
234,0.654529412,0.649983193,0.647462185,0.648361345,0.63989916,37.8822521,43.25143697,51.31256303,53.74843697,2.110462185,21.30118487,3.240235294
235,0.654554622,0.649722689,0.647176471,0.647806723,0.63994958,37.78430252,43.21031092,51.28093277,53.73845378,2.109655462,21.29187395,3.239210084
236,0.654210084,0.649907563,0.647327731,0.647722689,0.639630252,38.10179832,43.22590756,51.37734454,53.75690756,2.101621849,21.293,3.238798319
237,0.654083333,0.649325,0.647016667,0.647666667,0.63945,37.822525,43.285325,51.30250833,53.72046667,2.105133333,21.293425,3.237541667
238,0.653756303,0.649546218,0.647159664,0.647470588,0.639285714,37.66594118,43.28714286,51.27372269,53.7172521,2.109042017,21.28889916,3.237218487
239,0.653991597,0.649462185,0.646915966,0.647605042,0.639445378,37.8937563,43.22796639,51.28094958,53.71763866,2.10994958,21.2850084,3.237420168
240,0.654058824,0.649327731,0.647495798,0.647554622,0.639495798,38.14253782,43.17466387,51.34487395,53.7462437,2.105739496,21.29230252,3.237932773
241,0.654361345,0.649563025,0.647882353,0.647554622,0.639445378,38.11891597,43.21365546,51.37621849,53.73031092,2.104462185,21.28587395,3.238806723
242,0.65435,0.649758333,0.647825,0.647975,0.639791667,38.149,43.20430833,51.37885833,53.7357,2.099541667,21.29224167,3.2397
243,0.654436975,0.650067227,0.647361345,0.647605042,0.639571429,38.17509244,43.1757479,51.36432773,53.7250084,2.100117647,21.29030252,3.239042017
244,0.654672269,0.650033613,0.647478992,0.647806723,0.64,38.21897479,43.21515966,51.37080672,53.73784874,2.100016807,21.29288235,3.239991597
245,0.655016807,0.650176471,0.64797479,0.648033613,0.639882353,38.24480672,43.19860504,51.37496639,53.73565546,2.100672269,21.29352941,3.241084034
246,0.654941176,0.650235294,0.647680672,0.648361345,0.640008403,38.16904202,43.16088235,51.33921849,53.72915126,2.098184874,21.28554622,3.241226891
247,0.65492437,0.650428571,0.648218487,0.648,0.640310924,38.1677395,43.17206723,51.34964706,53.73778992,2.096596639,21.2945042,3.241882353
248,0.654883333,0.650241667,0.648033333,0.64835,0.640175,38.190325,43.19853333,51.35419167,53.74881667,2.100608333,21.296675,3.241683333
249,0.654764706,0.650008403,0.647756303,0.648,0.639823529,38.27061345,43.1932521,51.35603361,53.73531933,2.100789916,21.29168908,3.240352941
250,0.654201681,0.649806723,0.647621849,0.647848739,0.639680672,38.28298319,43.26979832,51.34042857,53.72692437,2.105008403,21.29342017,3.239159664
251,0.653815126,0.649344538,0.647563025,0.647529412,0.63912605,38.2022437,43.25726891,51.32578151,53.73121849,2.104630252,21.28915126,3.237378151
252,0.653689076,0.648890756,0.646647059,0.647268908,0.638731092,38.19895798,43.23389076,51.3282437,53.74252941,2.108495798,21.29468908,3.235226891
253,0.653,0.64875,0.646491667,0.646991667,0.638291667,38.36396667,43.19871667,51.35655833,53.74471667,2.105658333,21.24948333,3.233525
254,0.653134454,0.648142857,0.64589916,0.646243697,0.637747899,38.39128571,43.21484874,51.36311765,53.73720168,2.108184874,21.22936975,3.231168067
255,0.652529412,0.647613445,0.64589916,0.645739496,0.637378151,38.39345378,43.26618487,51.35643697,53.74657143,2.10507563,21.29135294,3.229159664
256,0.652134454,0.647310924,0.645109244,0.645117647,0.63689916,38.29052101,43.27178151,51.35240336,53.73740336,2.107193277,21.2982437,3.226571429
257,0.651638655,0.64705042,0.644378151,0.644915966,0.636512605,38.43228571,43.25547899,51.35661345,53.7422605,2.105739496,21.29093277,3.224495798
258,0.650925,0.646558333,0.644141667,0.64435,0.635808333,38.25839167,43.20763333,51.33444167,53.73386667,2.107541667,21.27869167,3.221783333
259,0.650991597,0.646067227,0.644109244,0.643714286,0.635487395,37.91452941,43.21664706,51.27938655,53.72076471,2.108773109,21.28978992,3.220369748
260,0.650781513,0.645781513,0.643991597,0.644151261,0.635537815,38.29619328,43.24831933,51.33295798,53.71411765,2.106857143,21.2937395,3.220243697
261,0.650453782,0.64597479,0.643537815,0.643756303,0.63502521,38.47417647,43.23059664,51.36976471,53.69862185,2.102294118,21.30108403,3.218747899
262,0.650495798,0.645957983,0.643815126,0.644336134,0.635563025,38.39992437,43.2660084,51.38951261,53.71441176,2.101268908,21.30270588,3.220168067
263,0.650791667,0.646233333,0.644083333,0.643975,0.635458333,38.39244167,43.24603333,51.36775833,53.70915,2.102083333,21.30766667,3.220541667
264,0.650831933,0.646277311,0.644420168,0.644672269,0.635781513,38.2607479,43.24280672,51.36721849,53.70863025,2.100966387,21.30062185,3.221983193
265,0.651252101,0.646571429,0.644428571,0.644193277,0.63602521,38.35109244,43.16478992,51.3667563,53.70540336,2.100781513,21.30876471,3.222470588
266,0.651210084,0.647042017,0.644722689,0.645033613,0.636092437,38.33122689,43.17865546,51.38571429,53.72468908,2.104798319,21.31344538,3.22410084
267,0.651638655,0.647268908,0.645117647,0.645428571,0.636705882,38.31522689,43.21806723,51.35491597,53.71402521,2.098621849,21.30701681,3.226159664
268,0.652241667,0.647283333,0.645675,0.645375,0.636808333,38.22201667,43.20430833,51.39558333,53.73875,2.101058333,21.30425,3.227383333
269,0.652327731,0.647621849,0.645554622,0.64592437,0.637067227,38.3582605,43.20995798,51.36738655,53.7149916,2.099848739,21.30002521,3.228495798
270,0.652512605,0.647705882,0.645991597,0.645739496,0.637067227,38.18853782,43.19135294,51.37363025,53.72462185,2.096957983,21.29215126,3.229016807
271,0.652563025,0.647663866,0.646042017,0.64610084,0.637193277,38.22434454,43.21163866,51.34561345,53.71698319,2.098302521,21.29252101,3.229563025
272,0.652563025,0.647504202,0.646352941,0.646218487,0.637310924,38.22989076,43.20888235,51.35069748,53.72914286,2.101168067,21.29962185,3.22994958
273,0.652525,0.647941667,0.646408333,0.646008333,0.636983333,38.21265,43.25528333,51.37936667,53.72284167,2.100625,21.29515833,3.229866667
274,0.651932773,0.647369748,0.645840336,0.646067227,0.636823529,38.2237479,43.25128571,51.33057983,53.70509244,2.101470588,21.29616807,3.228033613
275,0.652310924,0.647840336,0.645537815,0.645764706,0.636848739,38.38608403,43.20479832,51.35481513,53.71898319,2.106277311,21.29215126,3.228302521
276,0.652151261,0.647436975,0.645705882,0.645554622,0.63694958,38.452,43.21814286,51.36779832,53.7454958,2.105638655,21.29796639,3.227798319
277,0.652168067,0.647487395,0.646109244,0.645478992,0.636705882,38.28351261,43.19457983,51.35732773,53.73303361,2.107117647,21.30738655,3.22794958
278,0.652235294,0.647672269,0.645428571,0.64602521,0.636722689,38.23752941,43.1865042,51.33344538,53.73206723,2.106134454,21.30017647,3.228084034
279,0.652308333,0.64755,0.645733333,0.645266667,0.636808333,38.31475833,43.20064167,51.31091667,53.72640833,2.106841667,21.30766667,3.227666667
280,0.652210084,0.647731092,0.645882353,0.645521008,0.636504202,38.1982605,43.22377311,51.32403361,53.73395798,2.106369748,21.30235294,3.227848739
281,0.652369748,0.647058824,0.645630252,0.645798319,0.636613445,38.10766387,43.18820168,51.31055462,53.7125042,2.107705882,21.30278151,3.227470588
282,0.651991667,0.647133333,0.645983333,0.645291667,0.636133333,38.03391667,43.21050833,51.30319167,53.73206667,2.110816667,21.29030833,3.226533333
283,0.651504202,0.646865546,0.644823529,0.64502521,0.635932773,37.81881513,43.19368067,51.26061345,53.71362185,2.111008403,21.29167227,3.224151261
284,0.651575,0.646933333,0.645175,0.64485,0.635808333,38.11468333,43.19065833,51.36601667,53.71325833,2.106741667,21.28191667,3.224341667
285,0.651512605,0.646436975,0.645151261,0.644705882,0.635579832,38.35292437,43.22621849,51.41804202,53.71558824,2.101857143,21.29063025,3.223386555
286,0.651252101,0.646655462,0.644546218,0.64489916,0.635470588,38.24529412,43.2337479,51.41804202,53.73463866,2.100815126,21.28872269,3.222823529
287,0.65094958,0.646563025,0.64492437,0.644848739,0.635168067,38.26984874,43.21263025,51.40013445,53.7107563,2.101092437,21.28966387,3.222453782
288,0.651378151,0.646445378,0.645159664,0.64487395,0.635571429,38.13766387,43.16368908,51.3842521,53.7002605,2.097739496,21.28990756,3.223428571
289,0.651591667,0.6465,0.644941667,0.64545,0.635758333,38.229575,43.19315,51.37603333,53.72838333,2.100308333,21.29823333,3.224241667
290,0.651655462,0.646865546,0.645352941,0.645277311,0.635764706,38.21752941,43.19168908,51.38191597,53.71234454,2.096605042,21.28468067,3.224915966
291,0.651747899,0.646764706,0.646008403,0.645403361,0.635915966,38.31858824,43.17251261,51.37498319,53.72084034,2.100151261,21.29483193,3.225840336
292,0.652084034,0.647008403,0.645815126,0.645420168,0.636,38.31585714,43.18326891,51.38528571,53.71657143,2.097445378,21.28837815,3.226327731
293,0.651630252,0.647319328,0.645789916,0.645394958,0.636168067,38.22755462,43.15679832,51.3665042,53.71421008,2.100781513,21.2972521,3.226302521
294,0.65225,0.647008333,0.645791667,0.645475,0.63605,38.20841667,43.17600833,51.38239167,53.72185833,2.098308333,21.292275,3.226575
295,0.651966387,0.647630252,0.645571429,0.645630252,0.636302521,38.22489916,43.22594958,51.35715126,53.70237815,2.101033613,21.2912605,3.22710084
296,0.652142857,0.647319328,0.64589916,0.645689076,0.636117647,38.15729412,43.22557143,51.37768067,53.73031933,2.100756303,21.29686555,3.227168067
297,0.651865546,0.647462185,0.645512605,0.645840336,0.636277311,38.17943697,43.18489916,51.3764958,53.72452101,2.099193277,21.29212605,3.226957983
298,0.652319328,0.647168067,0.645941176,0.645546218,0.636092437,38.25384034,43.19309244,51.37780672,53.72543697,2.098865546,21.29179832,3.227067227
299,0.651891667,0.647241667,0.645666667,0.645566667,0.635875,38.34431667,43.24160833,51.40299167,53.72295833,2.098233333,21.29190833,3.226241667
300,0.652042017,0.647092437,0.645697479,0.645378151,0.63587395,38.36440336,43.24778151,51.45212605,53.74644538,2.097201681,21.29261345,3.226084034
301,0.651462185,0.646848739,0.645151261,0.645243697,0.635638655,38.46546218,43.16852941,51.42782353,53.71,2.099521008,21.29722689,3.224344538
302,0.651336134,0.64689916,0.645596639,0.645084034,0.635563025,38.04772269,43.13748739,51.36893277,53.72883193,2.096764706,21.29268067,3.224478992
303,0.651764706,0.64697479,0.645302521,0.644966387,0.635689076,38.17859664,43.17828571,51.39726891,53.73115126,2.099798319,21.28712605,3.224697479
304,0.651890756,0.646579832,0.645504202,0.645462185,0.635605042,38.49305882,43.18605882,51.47542857,53.7492521,2.096529412,21.29387395,3.225042017
305,0.651983333,0.646916667,0.645366667,0.645025,0.635366667,38.57133333,43.23653333,51.4479,53.73183333,2.095375,21.28899167,3.224658333
306,0.651579832,0.646403361,0.645235294,0.645176471,0.635226891,38.52094118,43.18303361,51.44171429,53.73303361,2.097563025,21.29039496,3.223621849
307,0.651310924,0.646798319,0.645159664,0.644747899,0.635336134,38.5727479,43.21506723,51.43305042,53.7117479,2.096521008,21.29512605,3.223352941
308,0.651445378,0.646579832,0.645310924,0.644789916,0.635117647,38.43940336,43.22021008,51.42215966,53.71385714,2.097268908,21.29321008,3.223243697
309,0.651378151,0.646428571,0.644941176,0.64494958,0.634957983,38.22116807,43.21586555,51.35121008,53.69866387,2.099983193,21.28943697,3.222655462
310,0.651241667,0.646516667,0.645133333,0.6451,0.635316667,38.30214167,43.20105,51.440225,53.72073333,2.0979,21.2851,3.223308333
311,0.651453782,0.646428571,0.645235294,0.644907563,0.63507563,38.54722689,43.20946218,51.44731092,53.74218487,2.094529412,21.28668067,3.22310084
312,0.651084034,0.646546218,0.645084034,0.644957983,0.63505042,38.4407395,43.22137815,51.44056303,53.72676471,2.09607563,21.28621008,3.222722689
313,0.651453782,0.646420168,0.645067227,0.644529412,0.63510084,38.5824958,43.19710084,51.43047059,53.73080672,2.097630252,21.28689916,3.222571429
314,0.651621849,0.646277311,0.645294118,0.645042017,0.63512605,38.51885714,43.19604202,51.43757983,53.74053782,2.097134454,21.28590756,3.223361345
315,0.651141667,0.646908333,0.645333333,0.644866667,0.634983333,38.51198333,43.23028333,51.42335,53.72881667,2.097766667,21.29181667,3.223233333
316,0.651453782,0.646352941,0.645512605,0.645159664,0.635184874,38.42847059,43.1895042,51.43169748,53.73254622,2.094882353,21.28116807,3.223663866
317,0.651705882,0.646495798,0.645428571,0.64502521,0.63510084,38.48003361,43.18336134,51.43422689,53.7192521,2.09797479,21.28459664,3.223756303
318,0.651563025,0.646739496,0.645285714,0.644966387,0.635117647,38.4352521,43.19462185,51.43669748,53.72757983,2.097067227,21.28729412,3.223672269
319,0.651655462,0.646680672,0.645470588,0.64510084,0.635058824,38.57532773,43.20158824,51.41752101,53.72302521,2.095831933,21.29394958,3.223966387
320,0.651675,0.646758333,0.64545,0.644941667,0.635175,38.51320833,43.22423333,51.43438333,53.74464167,2.097483333,21.284575,3.224
321,0.651596639,0.646840336,0.645596639,0.645285714,0.63502521,38.41889076,43.21408403,51.40021849,53.72057983,2.096932773,21.28504202,3.224344538
322,0.651420168,0.646470588,0.645453782,0.644983193,0.635134454,38.4804958,43.19201681,51.44894118,53.73476471,2.096201681,21.2807563,3.223462185
323,0.651327731,0.646352941,0.645428571,0.644773109,0.634680672,38.45416807,43.21292437,51.42980672,53.72736134,2.099319328,21.28342017,3.222563025
324,0.651218487,0.646336134,0.645243697,0.644697479,0.634529412,38.33957983,43.21496639,51.41554622,53.71935294,2.097168067,21.29482353,3.22202521
325,0.651241667,0.646066667,0.645108333,0.644733333,0.634825,38.41643333,43.19950833,51.42383333,53.73404167,2.097133333,21.29899167,3.221975
326,0.650957983,0.646168067,0.644630252,0.644815126,0.634428571,38.34513445,43.20601681,51.39989916,53.72182353,2.097537815,21.28598319,3.221
327,0.650789916,0.64602521,0.645058824,0.644554622,0.634277311,38.37616807,43.19943697,51.39561345,53.70720168,2.095411765,21.28060504,3.220705882
328,0.651159664,0.64610084,0.644957983,0.644176471,0.634294118,38.36440336,43.22706723,51.40603361,53.72215966,2.098252101,21.2874958,3.220689076
329,0.65087395,0.645907563,0.644781513,0.644613445,0.633957983,38.33868908,43.20979832,51.41039496,53.72434454,2.096512605,21.28371429,3.220134454
330,0.650458333,0.64595,0.644866667,0.644575,0.63405,38.32951667,43.20805833,51.400775,53.71190833,2.0999,21.29485,3.2199
331,0.650596639,0.645563025,0.644546218,0.644117647,0.63394958,38.27182353,43.21385714,51.34439496,53.67055462,2.09792437,21.29595798,3.218773109
332,0.650563025,0.645655462,0.64507563,0.644243697,0.633823529,38.3444958,43.2317395,51.37192437,53.67789076,2.09487395,21.29289916,3.219361345
333,0.650605042,0.645529412,0.644689076,0.644226891,0.633957983,38.21389076,43.21972269,51.35241176,53.69312605,2.098268908,21.28106723,3.219008403
334,0.650638655,0.645991597,0.644512605,0.644033613,0.633697479,38.22540336,43.20131092,51.32295798,53.6799916,2.096235294,21.2792521,3.21887395
335,0.650705882,0.645689076,0.644865546,0.643890756,0.633512605,38.23070588,43.21220168,51.34832773,53.6932437,2.097941176,21.28202521,3.218663866
336,0.650341667,0.645483333,0.644708333,0.644225,0.633583333,38.01978333,43.22280833,51.33490833,53.68861667,2.09695,21.28419167,3.218341667
337,0.650546218,0.645436975,0.644537815,0.644134454,0.633336134,38.21929412,43.23036134,51.34868908,53.7002605,2.09910084,21.28062185,3.217991597
338,0.650436975,0.645260504,0.644394958,0.643991597,0.633378151,38.20158824,43.21047899,51.33358824,53.67622689,2.098563025,21.2744958,3.217462185
339,0.650310924,0.645521008,0.644243697,0.643781513,0.633319328,38.1097563,43.21851261,51.32763025,53.67647899,2.097277311,21.27915126,3.217176471
340,0.650067227,0.645420168,0.644579832,0.64389916,0.633285714,38.13745378,43.18273109,51.35568067,53.6962437,2.098109244,21.28557143,3.217252101
341,0.650275,0.645258333,0.644316667,0.643783333,0.632825,38.17393333,43.151975,51.34063333,53.6721,2.0961,21.2872,3.216458333
342,0.650512605,0.645302521,0.644184874,0.643907563,0.633268908,38.14778151,43.19006723,51.32456303,53.69678992,2.099084034,21.28480672,3.217176471
343,0.660716667,0.65565,0.655258333,0.654125,0.6441,38.47704167,43.89205833,51.2428,53.63125833,2.180533333,21.37076667,3.26985
344,0.658327731,0.653084034,0.652151261,0.650882353,0.641285714,38.05190756,46.02753782,51.30367227,53.68742017,2.119193277,21.29272269,3.255731092
345,0.657663866,0.652663866,0.651672269,0.650369748,0.641067227,37.99261345,46.88457143,51.30768067,53.71333613,2.119184874,21.28442017,3.253436975
346,0.656891667,0.652008333,0.650883333,0.649408333,0.640125,37.70853333,46.59350833,51.24840833,53.67013333,2.121891667,21.28164167,3.249316667
347,0.656260504,0.651109244,0.650151261,0.648932773,0.639579832,37.89283193,46.7707395,51.28730252,53.66252941,2.115495798,21.28056303,3.246033613
348,0.655470588,0.650420168,0.649378151,0.648403361,0.638521008,38.03596639,46.71091597,51.35870588,53.69631933,2.115605042,21.2867395,3.242193277
349,0.65502521,0.649369748,0.648512605,0.647302521,0.637865546,37.9737395,46.79867227,51.32291597,53.68101681,2.115058824,21.2845042,3.23807563
350,0.654210084,0.64902521,0.647815126,0.646672269,0.637428571,37.84066387,46.65453782,51.32072269,53.68507563,2.115352941,21.27789916,3.235151261
351,0.653766667,0.648433333,0.647191667,0.646016667,0.636633333,37.91345,46.616475,51.29441667,53.69385833,2.115058333,21.28725833,3.232041667
352,0.653310924,0.647907563,0.646840336,0.645865546,0.636201681,37.99268908,46.54308403,51.31939496,53.67854622,2.112151261,21.27912605,3.23012605
353,0.653067227,0.647302521,0.646310924,0.645831933,0.635789916,38.04464706,46.55515126,51.3362437,53.70421849,2.110109244,21.28367227,3.228302521
354,0.653016807,0.646941176,0.646386555,0.645058824,0.635495798,38.05304202,46.59226891,51.30214286,53.68857143,2.110134454,21.29241176,3.22689916
355,0.652596639,0.647327731,0.64610084,0.644621849,0.635327731,37.99604202,46.58554622,51.32645378,53.71563025,2.110352941,21.28870588,3.22597479
356,0.652675,0.647366667,0.645941667,0.64495,0.635341667,38.05651667,46.52204167,51.32034167,53.71826667,2.110125,21.29286667,3.226275
357,0.652731092,0.646957983,0.64607563,0.645142857,0.635134454,38.08663025,46.53509244,51.3225042,53.69177311,2.109470588,21.28226891,3.226042017
358,0.65289916,0.647193277,0.646142857,0.645277311,0.635504202,38.02680672,46.55064706,51.32384874,53.72378992,2.10902521,21.28183193,3.227016807
359,0.652831933,0.647352941,0.646268908,0.645210084,0.635495798,38.00219328,46.41284034,51.31712605,53.69858824,2.107621849,21.28405882,3.227159664
360,0.652966387,0.646865546,0.646168067,0.645302521,0.635462185,38.21039496,46.50092437,51.34168067,53.7192437,2.10805042,21.28362185,3.226764706
361,0.652428571,0.646613445,0.646210084,0.644806723,0.635193277,38.30891597,46.60968067,51.37789916,53.68237815,2.108722689,21.28916807,3.225252101
362,0.652558333,0.64715,0.645883333,0.644925,0.635358333,38.10626667,46.39134167,51.32136667,53.66665,2.11525,21.26995833,3.225875
363,0.652521008,0.64707563,0.646260504,0.644966387,0.635159664,38.10231933,46.53548739,51.31387395,53.69969748,2.115336134,21.27067227,3.225983193
364,0.652789916,0.64694958,0.646361345,0.64502521,0.635268908,38.66228571,46.66055462,51.44563866,53.72489076,2.110848739,21.28318487,3.226394958
365,0.652554622,0.64687395,0.645857143,0.644848739,0.635067227,38.37611765,46.63754622,51.30976471,53.67313445,2.114554622,21.30059664,3.225201681
366,0.652625,0.646983333,0.645441667,0.644741667,0.634958333,38.16855833,46.527975,51.31139167,53.66895833,2.112591667,21.28570833,3.22475
367,0.652416667,0.646875,0.645708333,0.644575,0.634766667,38.213025,46.57056667,51.29943333,53.66825,2.114825,21.28673333,3.224341667
368,0.652067227,0.646168067,0.645369748,0.64392437,0.634445378,38.204,46.51516807,51.30223529,53.67884874,2.115697479,21.28226891,3.22197479
369,0.651260504,0.645840336,0.644411765,0.643420168,0.633764706,38.19206723,46.56444538,51.2902521,53.66769748,2.115411765,21.283,3.218697479
370,0.650747899,0.645151261,0.643957983,0.642739496,0.632915966,37.8742437,46.47156303,51.20996639,53.64848739,2.124420168,21.29134454,3.215512605
371,0.650512605,0.644663866,0.643647059,0.642218487,0.632689076,38.41548739,46.42776471,51.37337815,53.72032773,2.11189916,21.27969748,3.213731092
372,0.650441667,0.644375,0.643358333,0.642483333,0.632508333,38.19985833,46.47635833,51.30139167,53.692325,2.114933333,21.28194167,3.213166667
373,0.650915966,0.644798319,0.643781513,0.64305042,0.632915966,38.51581513,46.47841176,51.42227731,53.72894958,2.112352941,21.28077311,3.215462185
374,0.650663866,0.645,0.644235294,0.642798319,0.633084034,38.03457143,46.48890756,51.30892437,53.68607563,2.115310924,21.28859664,3.215781513
375,0.651243697,0.645042017,0.643773109,0.643277311,0.63307563,38.35307563,46.44207563,51.42442017,53.73852101,2.113462185,21.27413445,3.216411765
376,0.651218487,0.645084034,0.644344538,0.643084034,0.633378151,38.3042521,46.50290756,51.41914286,53.72636975,2.115184874,21.27857983,3.217109244
377,0.651191667,0.645366667,0.643725,0.6431,0.633633333,38.33063333,46.52049167,51.41941667,53.71939167,2.111808333,21.27743333,3.217016667
378,0.651243697,0.64510084,0.64410084,0.643084034,0.633235294,38.35445378,46.471,51.45007563,53.74189076,2.112033613,21.28422689,3.216764706
379,0.650932773,0.645168067,0.644,0.643067227,0.633470588,38.41701681,46.56185714,51.44816807,53.70884034,2.112428571,21.27707563,3.216638655
380,0.651294118,0.645436975,0.644504202,0.643193277,0.633571429,38.30797479,46.39979832,51.42926891,53.69538655,2.111689076,21.28365546,3.218
381,0.651084034,0.645176471,0.644294118,0.643117647,0.633537815,38.30185714,46.51448739,51.40752941,53.70386555,2.112361345,21.28687395,3.217210084
382,0.650925,0.645,0.643983333,0.6428,0.633191667,37.99811667,46.410175,51.28889167,53.648525,2.112875,21.28435,3.2159
383,0.650739496,0.644781513,0.643546218,0.642739496,0.632865546,38.02335294,46.40915966,51.31048739,53.65669748,2.111747899,21.29594958,3.214672269
384,0.650579832,0.644504202,0.643680672,0.642378151,0.632714286,38.13355462,46.4280084,51.32110924,53.66315126,2.110310924,21.28687395,3.213857143
385,0.650411765,0.644294118,0.643327731,0.642142857,0.632453782,38.04832773,46.49532773,51.23692437,53.62151261,2.114319328,21.28057143,3.212630252
386,0.650151261,0.644159664,0.643033613,0.641563025,0.632092437,37.87218487,46.53431092,51.18017647,53.6037563,2.115302521,21.27865546,3.211
387,0.649756303,0.643848739,0.642268908,0.641512605,0.631764706,38.01339496,46.54842017,51.29179832,53.64893277,2.112764706,21.28056303,3.209151261
388,0.64905,0.643366667,0.642033333,0.641425,0.631383333,38.02385833,46.69519167,51.258425,53.62595833,2.113483333,21.28705833,3.207258333
389,0.648840336,0.64289916,0.641336134,0.640915966,0.63094958,37.84542857,46.61465546,51.22573109,53.60623529,2.119630252,21.28064706,3.204941176
390,0.648697479,0.642428571,0.641168067,0.640554622,0.630655462,38.06837815,46.65179832,51.21652941,53.59869748,2.119436975,21.28419328,3.203504202
391,0.648731092,0.642831933,0.641084034,0.640495798,0.630823529,38.06501681,46.61831933,51.20802521,53.56717647,2.118411765,21.279,3.203966387
392,0.64907563,0.642907563,0.64189916,0.640638655,0.630890756,38.16744538,46.65,51.20564706,53.59152941,2.118521008,21.27757143,3.205411765
393,0.648433333,0.642491667,0.641275,0.640491667,0.630333333,38.14061667,46.55025,51.24204167,53.63519167,2.118258333,21.28145,3.203025
394,0.647630252,0.641537815,0.640369748,0.639470588,0.629521008,38.04962185,46.58716807,51.21708403,53.62131092,2.116428571,21.28021008,3.198529412
395,0.646310924,0.640084034,0.638991597,0.637731092,0.628201681,37.80123529,46.5540084,51.19693277,53.63182353,2.115260504,21.28809244,3.191319328
396,0.644848739,0.638647059,0.63697479,0.636302521,0.626378151,38.10012605,46.5617479,51.30707563,53.63236134,2.110470588,21.27963025,3.183151261
397,0.64389916,0.637605042,0.636352941,0.635647059,0.625689076,37.77940336,46.44143697,51.18629412,53.60160504,2.114697479,21.28311765,3.179193277
398,0.643708333,0.637566667,0.636075,0.635325,0.625616667,37.89670833,46.42546667,51.26923333,53.64338333,2.112308333,21.28630833,3.178291667
399,0.643201681,0.637084034,0.635033613,0.634915966,0.624823529,38.19645378,46.45559664,51.37444538,53.65938655,2.111235294,21.2792605,3.175058824
400,0.642621849,0.636521008,0.634907563,0.63405042,0.624336134,38.27454622,46.48921849,51.38290756,53.67036134,2.111764706,21.27968908,3.172436975
401,0.641436975,0.63494958,0.633327731,0.632840336,0.622806723,38.23364706,46.4927395,51.37481513,53.68781513,2.113445378,21.28284034,3.165361345
402,0.63994958,0.633739496,0.632260504,0.631764706,0.621378151,38.27098319,46.5147563,51.36737815,53.66921849,2.111882353,21.28289916,3.159092437
403,0.639683333,0.633616667,0.631916667,0.631666667,0.621166667,38.21890833,46.44268333,51.34394167,53.66049167,2.113908333,21.291775,3.15805
404,0.639756303,0.633563025,0.632378151,0.63187395,0.621260504,38.1532605,46.47360504,51.35715126,53.66877311,2.11194958,21.28536134,3.158831933
405,0.640378151,0.634277311,0.632596639,0.631747899,0.621890756,38.11352941,46.43838655,51.33331933,53.65220168,2.115168067,21.28245378,3.160890756
406,0.639941176,0.633941176,0.631857143,0.631697479,0.621521008,38.07491597,46.41185714,51.25808403,53.62778151,2.112201681,21.29084034,3.158957983
407,0.638512605,0.632445378,0.63089916,0.630277311,0.619882353,38.20130252,46.35686555,51.27521008,53.62520168,2.108352941,21.28757143,3.152016807
408,0.636291667,0.630591667,0.628733333,0.628308333,0.61745,38.1062,46.415675,51.22284167,53.618575,2.112441667,21.2843,3.141375
409,0.634806723,0.629453782,0.627546218,0.62697479,0.616042017,38.0060084,46.03702521,51.21247059,53.60078992,2.108478992,21.29088235,3.134823529
410,0.638016807,0.631789916,0.629781513,0.629605042,0.619151261,38.06805882,46.26093277,51.23281513,53.59830252,2.112151261,21.29293277,3.148344538
411,0.641041667,0.635016667,0.632833333,0.631941667,0.622733333,37.94644167,46.59139167,51.1635,53.57419167,2.112875,21.29411667,3.163566667
412,0.642554622,0.636579832,0.635042017,0.633983193,0.624638655,38.19454622,46.58157983,51.24131092,53.6130084,2.116008403,21.28588235,3.172798319
413,0.643891667,0.638275,0.636916667,0.635483333,0.626233333,38.17310833,46.68343333,51.21048333,53.630275,2.117608333,21.28119167,3.1808
414,0.645697479,0.639445378,0.63810084,0.637579832,0.627798319,38.24631933,46.68633613,51.22842857,53.63762185,2.114168067,21.28389076,3.188621849
415,0.646756303,0.64107563,0.638302521,0.637915966,0.628831933,38.26947059,46.64446218,51.24478992,53.63793277,2.117394958,21.27586555,3.192882353
416,0.647344538,0.641201681,0.639848739,0.63907563,0.629521008,38.40063866,46.82696639,51.25590756,53.63502521,2.118252101,21.2907395,3.196991597
417,0.648058824,0.641680672,0.63992437,0.63902521,0.629579832,38.30854622,46.78968908,51.22904202,53.63768908,2.118436975,21.29289076,3.198268908
418,0.646764706,0.640957983,0.639285714,0.638319328,0.62887395,38.12576471,46.72746218,51.17705042,53.63961345,2.118470588,21.29092437,3.194201681
419,0.64465,0.638458333,0.636308333,0.635725,0.626083333,38.03368333,46.68051667,51.17241667,53.617875,2.118675,21.27445833,3.181225
420,0.642260504,0.635865546,0.634,0.633210084,0.623394958,38.08663025,46.60623529,51.18283193,53.60889916,2.113470588,21.26247059,3.168731092
421,0.641319328,0.635016807,0.632907563,0.632277311,0.622403361,38.056,46.52288235,51.17909244,53.59087395,2.111563025,21.2647479,3.16392437
422,0.640647059,0.634504202,0.632588235,0.632193277,0.622067227,38.37793277,46.48618487,51.27627731,53.62652941,2.105605042,21.28381513,3.162
423,0.640613445,0.634815126,0.632966387,0.631848739,0.622151261,38.42304202,46.31861345,51.34464706,53.64041176,2.108831933,21.28348739,3.162394958
424,0.641041667,0.634991667,0.633316667,0.6324,0.622433333,38.2611,46.31104167,51.248875,53.58516667,2.109691667,21.2745,3.164183333
425,0.642058824,0.636142857,0.63389916,0.633235294,0.623672269,38.43387395,45.96363866,51.33930252,53.62580672,2.108378151,21.27237815,3.169008403
426,0.643134454,0.63710084,0.634571429,0.634319328,0.624764706,38.51265546,46.65331933,51.39241176,53.68053782,2.110268908,21.28278992,3.173890756
427,0.644142857,0.638134454,0.635957983,0.635462185,0.625798319,38.54338655,46.62259664,51.41013445,53.64685714,2.106966387,21.27705042,3.179495798
428,0.644983193,0.638781513,0.636378151,0.636386555,0.626655462,38.45309244,46.78265546,51.38484034,53.6387395,2.106806723,21.27416807,3.183184874
429,0.64545,0.639375,0.637833333,0.636575,0.627091667,38.46533333,46.73943333,51.33998333,53.63403333,2.106883333,21.28415,3.186325
430,0.645453782,0.639243697,0.636957983,0.636411765,0.626865546,38.30495798,46.60234454,51.2337395,53.61327731,2.10710084,21.27634454,3.184932773
431,0.644512605,0.638369748,0.636529412,0.635764706,0.626201681,38.19890756,46.53523529,51.20782353,53.60844538,2.108142857,21.27822689,3.181378151
432,0.64212605,0.63587395,0.633991597,0.633680672,0.623529412,38.19739496,46.46460504,51.18372269,53.58263866,2.108605042,21.26954622,3.169201681
433,0.639386555,0.633344538,0.631201681,0.630470588,0.620084034,38.30863866,46.44010924,51.20282353,53.61143697,2.108294118,21.27126891,3.154487395
434,0.636875,0.630533333,0.628558333,0.628333333,0.617366667,38.32330833,45.298175,51.20609167,53.57496667,2.110991667,21.27711667,3.141666667
435,0.634907563,0.629184874,0.627193277,0.625941176,0.615042017,38.34121008,46.42546218,51.21392437,53.56560504,2.108084034,21.28241176,3.132268908
436,0.635739496,0.629747899,0.627294118,0.62710084,0.616487395,38.41885714,46.2377563,51.21305882,53.54951261,2.110327731,21.28051261,3.136369748
437,0.63792437,0.631865546,0.63012605,0.62892437,0.61889916,38.39713445,45.82314286,51.21601681,53.58732773,2.110857143,21.28709244,3.147739496
438,0.639941176,0.633865546,0.632352941,0.631689076,0.621478992,38.44144538,46.472,51.26845378,53.61788235,2.109915966,21.2847563,3.159327731
439,0.642241667,0.636116667,0.634208333,0.632708333,0.62365,38.23606667,46.41403333,51.20300833,53.59053333,2.113833333,21.28650833,3.168925
440,0.644175,0.637775,0.635516667,0.635116667,0.625775,38.00458333,46.46444167,51.13745,53.575275,2.113391667,21.28815,3.178358333
441,0.645554622,0.639084034,0.637394958,0.636537815,0.627008403,38.19778151,46.15142857,51.18716807,53.60984874,2.112386555,21.281,3.185579832
442,0.646235294,0.640084034,0.63805042,0.637436975,0.627647059,38.05869748,45.7832437,51.16516807,53.59573109,2.112781513,21.27310084,3.189453782
443,0.647310924,0.640613445,0.63912605,0.63812605,0.628546218,38.08066387,46.23417647,51.19930252,53.62484874,2.111117647,21.26918487,3.193722689
444,0.647647059,0.641042017,0.639470588,0.638932773,0.629117647,38.24957983,45.53398319,51.26260504,53.62291597,2.108865546,21.27053782,3.196210084
445,0.648075,0.641816667,0.639258333,0.639258333,0.62945,38.28875,46.34485,51.28384167,53.62765833,2.111033333,21.27318333,3.197858333
446,0.648201681,0.64210084,0.640193277,0.639294118,0.629714286,38.29260504,46.24834454,51.27137815,53.64648739,2.111857143,21.27194958,3.199504202
447,0.648403361,0.642294118,0.64012605,0.639563025,0.629848739,38.24078151,45.68105042,51.27712605,53.62334454,2.108151261,21.26971429,3.200235294
448,0.648260504,0.642201681,0.640210084,0.639369748,0.629529412,38.25712605,46.29878151,51.25367227,53.5887395,2.110352941,21.2860084,3.199571429
449,0.648554622,0.641672269,0.640512605,0.639605042,0.629689076,38.45962185,45.65358824,51.35005042,53.67913445,2.107882353,21.28288235,3.200033613
450,0.648191667,0.642058333,0.639716667,0.6393,0.62965,38.20730833,46.26805833,51.24305833,53.627275,2.106991667,21.27433333,3.198916667
451,0.648453782,0.641941176,0.640285714,0.639731092,0.630067227,38.37040336,46.27871429,51.29663866,53.67155462,2.110605042,21.29780672,3.200478992
452,0.648386555,0.642521008,0.640655462,0.639428571,0.629966387,38.15944538,45.55813445,51.28329412,53.66021849,2.107890756,21.28397479,3.200957983
453,0.649016807,0.642352941,0.640848739,0.639478992,0.630168067,38.26402521,45.89148739,51.264,53.6632437,2.110504202,21.28337815,3.201865546
454,0.648815126,0.642831933,0.640495798,0.639831933,0.630352941,38.42694118,45.54963025,51.29645378,53.67428571,2.110596639,21.28963866,3.202327731
455,0.648991667,0.642583333,0.640766667,0.640125,0.63015,38.41583333,46.115275,51.30006667,53.66401667,2.107208333,21.2803,3.202616667
456,0.648445378,0.642,0.640521008,0.639378151,0.629798319,38.15111765,45.83963025,51.20001681,53.63412605,2.111319328,21.28394958,3.200142857
457,0.647554622,0.641394958,0.639563025,0.638848739,0.62905042,38.19046218,45.9407563,51.24046218,53.66034454,2.109764706,21.28912605,3.196411765
458,0.647226891,0.640857143,0.639235294,0.638159664,0.628302521,38.48365546,45.59221849,51.30798319,53.66462185,2.106722689,21.28286555,3.193781513
459,0.647176471,0.640504202,0.639277311,0.638369748,0.628168067,38.37076471,46.22807563,51.27332773,53.65633613,2.111890756,21.27796639,3.193495798
460,0.647616667,0.640891667,0.638916667,0.638441667,0.628458333,38.43245833,45.93095833,51.29366667,53.65295,2.109025,21.28070833,3.194325
461,0.647596639,0.641663866,0.639697479,0.638596639,0.62902521,38.40602521,46.03385714,51.30586555,53.64242857,2.110319328,21.27763866,3.196579832
462,0.64802521,0.641764706,0.639983193,0.639067227,0.629210084,38.11271429,45.54416807,51.22852941,53.64115126,2.114823529,21.26778151,3.19805042
463,0.648789916,0.642226891,0.63997479,0.639478992,0.629865546,38.50861345,46.09726891,51.34961345,53.65902521,2.107159664,21.28342017,3.200336134
464,0.648680672,0.642445378,0.640882353,0.639789916,0.629865546,38.48237815,45.89594958,51.33459664,53.65838655,2.110478992,21.28238655,3.201663866
465,0.648533333,0.642558333,0.641016667,0.639791667,0.629908333,38.15410833,45.48475,51.25406667,53.64341667,2.111191667,21.27133333,3.201808333
466,0.648714286,0.642193277,0.641193277,0.639722689,0.63002521,38.46029412,45.51709244,51.30862185,53.64907563,2.108176471,21.268,3.201848739
467,0.648521008,0.642386555,0.641294118,0.640067227,0.629966387,38.18696639,46.13857983,51.24358824,53.64886555,2.11302521,21.26821008,3.202235294
468,0.64910084,0.642663866,0.640428571,0.64007563,0.62992437,38.32262185,46.37105882,51.28507563,53.64481513,2.109243697,21.27210084,3.202193277
469,0.648882353,0.642613445,0.640739496,0.639798319,0.629689076,38.16630252,45.69327731,51.25694118,53.62773109,2.11,21.26284034,3.201722689
470,0.649158333,0.64225,0.640883333,0.640058333,0.630116667,38.406,46.42709167,51.29698333,53.660225,2.106966667,21.28075,3.202466667
471,0.649310924,0.643,0.641218487,0.639915966,0.630016807,38.47585714,46.4972605,51.31266387,53.6537395,2.109302521,21.27759664,3.203462185
472,0.64894958,0.642571429,0.641554622,0.640084034,0.630420168,38.52073109,46.57742017,51.31573109,53.65436134,2.107445378,21.26821849,3.203579832
473,0.648680672,0.642823529,0.64102521,0.640260504,0.630092437,38.17552941,46.52764706,51.23891597,53.62870588,2.108890756,21.26965546,3.202882353
474,0.648983193,0.642798319,0.641521008,0.639857143,0.630067227,38.49432773,46.5335042,51.39246218,53.69158824,2.106722689,21.27804202,3.203226891
475,0.648966387,0.642638655,0.640848739,0.64012605,0.630184874,38.09405042,46.5162521,51.25023529,53.65046218,2.107831933,21.25821849,3.202764706
476,0.648858333,0.6424,0.641008333,0.639791667,0.630175,38.37146667,46.48456667,51.35849167,53.680025,2.108525,21.28478333,3.202233333
477,0.648907563,0.642705882,0.640823529,0.639638655,0.629983193,38.51631933,46.54615966,51.36495798,53.66084874,2.106773109,21.27568908,3.202058824
478,0.648563025,0.642084034,0.640638655,0.639932773,0.629596639,38.47836975,46.50021849,51.35367227,53.66760504,2.105907563,21.27154622,3.200815126
479,0.648386555,0.642067227,0.640705882,0.639764706,0.629882353,38.25779832,46.36526891,51.25003361,53.64565546,2.109352941,21.26931933,3.200806723
480,0.648554622,0.642260504,0.640327731,0.639462185,0.629714286,38.21112605,46.35173109,51.27157143,53.64098319,2.110848739,21.26569748,3.200319328
481,0.648441667,0.642033333,0.640525,0.639466667,0.629466667,38.378525,46.36315,51.352425,53.65764167,2.106208333,21.264975,3.199933333
482,0.648705882,0.64207563,0.640218487,0.639714286,0.629579832,38.45980672,46.43321008,51.39244538,53.67984874,2.108033613,21.27441176,3.200294118
483,0.648764706,0.642226891,0.640529412,0.639621849,0.629680672,38.40622689,46.42258824,51.41581513,53.68831933,2.108117647,21.27205042,3.200823529
484,0.648705882,0.642277311,0.641109244,0.640067227,0.62987395,38.39626891,46.47266387,51.42494958,53.69173109,2.108764706,21.28035294,3.202033613
485,0.649176471,0.642403361,0.640630252,0.640193277,0.629848739,38.43872269,46.647,51.44264706,53.69930252,2.10592437,21.28453782,3.202252101
486,0.649033333,0.64265,0.640575,0.640075,0.630058333,38.51510833,46.7768,51.45541667,53.68,2.105891667,21.280725,3.202391667
487,0.649487395,0.64302521,0.641310924,0.640310924,0.630277311,38.57635294,46.83956303,51.44869748,53.6879916,2.102193277,21.28136134,3.204411765
488,0.649420168,0.64292437,0.641327731,0.640747899,0.630621849,38.48271429,46.85888235,51.44776471,53.69744538,2.104067227,21.28289076,3.205042017
489,0.649310924,0.643210084,0.641042017,0.640773109,0.630579832,38.43970588,46.75505882,51.4175042,53.68508403,2.103033613,21.28382353,3.204915966
490,0.649226891,0.642806723,0.641705882,0.640168067,0.629966387,38.30987395,46.69330252,51.40663025,53.67647899,2.102571429,21.27707563,3.20387395
491,0.648841667,0.642316667,0.641175,0.640083333,0.630033333,38.32326667,46.60843333,51.39980833,53.667925,2.102416667,21.27313333,3.20245
492,0.648689076,0.641915966,0.640201681,0.639302521,0.629470588,38.32034454,46.6432437,51.41857143,53.67256303,2.103268908,21.27015126,3.199579832
493,0.647462185,0.641344538,0.639647059,0.638546218,0.628495798,38.33060504,46.64312605,51.39917647,53.64307563,2.103336134,21.27566387,3.195495798
494,0.646697479,0.640243697,0.638815126,0.638067227,0.628033613,38.39346218,46.51163025,51.40733613,53.66138655,2.104092437,21.27010924,3.191857143
495,0.646462185,0.63997479,0.638403361,0.637218487,0.627252101,38.25057143,46.54297479,51.39871429,53.66063866,2.104058824,21.27215126,3.189310924
496,0.645891667,0.639816667,0.638516667,0.637233333,0.627108333,38.25755,46.50695833,51.39395833,53.67150833,2.10445,21.27578333,3.188566667
497,0.646478992,0.640226891,0.638016807,0.637176471,0.626907563,38.26905042,46.41691597,51.37139496,53.662,2.103680672,21.2782437,3.188806723
498,0.646554622,0.640428571,0.638638655,0.637495798,0.627445378,38.31388235,46.18941176,51.3739916,53.6432605,2.105731092,21.27764706,3.190563025
499,0.646529412,0.640184874,0.638815126,0.637789916,0.627596639,38.43881513,45.90827731,51.37721849,53.65498319,2.106630252,21.27565546,3.190915966
500,0.647302521,0.640361345,0.638840336,0.637857143,0.627579832,38.39123529,46.46068908,51.43842857,53.69116807,2.106689076,21.26968067,3.191941176
501,0.646907563,0.640747899,0.638512605,0.638176471,0.62787395,38.31992437,46.39597479,51.3792437,53.64120168,2.104210084,21.26532773,3.192218487
502,0.647091667,0.640466667,0.63895,0.6381,0.627916667,38.10300833,46.19755833,51.268825,53.65234167,2.106058333,21.2711,3.192525
503,0.646823529,0.640193277,0.639,0.638218487,0.627512605,38.02653782,45.76232773,51.25713445,53.67059664,2.108109244,21.2739916,3.191747899
504,0.645781513,0.63910084,0.637907563,0.636537815,0.626260504,38.15045378,46.02405882,51.25796639,53.68113445,2.109067227,21.26836975,3.185588235
505,0.643319328,0.637109244,0.634882353,0.634369748,0.623689076,38.21713445,45.96433613,51.25286555,53.62209244,2.109630252,21.28245378,3.173369748
506,0.698804627,0.694107969,0.693465296,0.693200514,0.682745501,40.04228021,46.73939332,50.77302057,53.47975321,2.502308483,21.40960668,3.18
507,0.653537815,0.64810084,0.648117647,0.646453782,0.635621849,39.58091597,46.8620084,51.05089916,53.60919328,2.108579832,21.27223529,3.231831933
508,0.653260504,0.648008403,0.647697479,0.646563025,0.635537815,39.47968067,46.98221849,51.0734958,53.59548739,2.106722689,21.26758824,3.231067227
509,0.653436975,0.64792437,0.648235294,0.646394958,0.635529412,39.38363866,46.91340336,51.05357983,53.64486555,2.104630252,21.27879832,3.231521008
510,0.653327731,0.647512605,0.647428571,0.646218487,0.635428571,39.23035294,46.79939496,51.07867227,53.60466387,2.103184874,21.27407563,3.229915966
511,0.653091667,0.647366667,0.647458333,0.6456,0.635083333,39.3009,46.95084167,51.09253333,53.59265,2.103666667,21.2667,3.2286
512,0.653403361,0.647453782,0.647386555,0.645739496,0.635478992,39.25927731,46.6422521,51.16426891,53.63265546,2.101705882,21.26984034,3.229462185
513,0.653260504,0.647932773,0.647739496,0.645882353,0.635571429,39.41938655,46.91789916,51.23439496,53.67396639,2.100193277,21.27634454,3.230386555
514,0.653428571,0.647798319,0.647638655,0.645915966,0.635554622,39.45707563,46.87187395,51.23131092,53.66497479,2.097117647,21.27101681,3.230336134
515,0.653731092,0.64794958,0.648378151,0.646260504,0.635907563,39.33873109,46.90185714,51.1957563,53.65008403,2.095915966,21.27521849,3.232226891
516,0.6538,0.648433333,0.64825,0.646233333,0.636108333,39.36975833,46.852375,51.20915833,53.65664167,2.095966667,21.28569167,3.232825
517,0.653957983,0.648327731,0.648285714,0.646546218,0.636403361,39.27231092,46.81742857,51.19226891,53.62561345,2.096109244,21.26713445,3.233521008
518,0.65412605,0.648462185,0.648705882,0.646453782,0.636462185,39.4062605,46.81157143,51.20372269,53.66052101,2.095512605,21.28337815,3.234210084
519,0.653831933,0.648621849,0.648487395,0.646134454,0.636378151,39.41063025,46.79279832,51.18180672,53.64483193,2.096621849,21.27546218,3.233453782
520,0.654042017,0.648621849,0.648142857,0.646386555,0.636411765,39.39609244,46.69310924,51.11705882,53.65921849,2.101689076,21.25905882,3.233605042
521,0.654033613,0.648470588,0.648529412,0.646294118,0.636739496,39.47393277,46.65705042,51.13710084,53.66415126,2.101117647,21.26617647,3.234067227
522,0.654166667,0.64855,0.64795,0.646325,0.636591667,39.52788333,46.586925,51.14329167,53.67466667,2.101925,21.28418333,3.233583333
523,0.65402521,0.648621849,0.64810084,0.64612605,0.636252101,39.6322521,46.6270084,51.14117647,53.65069748,2.103184874,21.28017647,3.23312605
524,0.653747899,0.648168067,0.648142857,0.645680672,0.636394958,39.63566387,46.57119328,51.1150084,53.63082353,2.102714286,21.27413445,3.232134454
525,0.653823529,0.648252101,0.64789916,0.646151261,0.63597479,39.50995798,46.50027731,51.11138655,53.63189076,2.102764706,21.27115966,3.23210084
526,0.653857143,0.647915966,0.647655462,0.645588235,0.636067227,39.68019328,45.90879832,51.11707563,53.61398319,2.112554622,21.2792605,3.231084034
527,0.653608333,0.648033333,0.647691667,0.6457,0.63585,39.63176667,46.58285,51.13815833,53.64634167,2.113108333,21.30265,3.230883333
528,0.653411765,0.648109244,0.647193277,0.645521008,0.635705882,39.55773109,46.49269748,51.13671429,53.64656303,2.116184874,21.2595042,3.229941176
529,0.653411765,0.647588235,0.647764706,0.645344538,0.63592437,39.65356303,45.95594118,51.11201681,53.65080672,2.116815126,21.26832773,3.230033613
530,0.653588235,0.647966387,0.647546218,0.645764706,0.636117647,39.59580672,46.24837815,51.1107479,53.65219328,2.116168067,21.26814286,3.230983193
531,0.653512605,0.64812605,0.647722689,0.645504202,0.636008403,39.68884034,46.55152101,51.11946218,53.64763025,2.116857143,21.2835042,3.23087395
532,0.653483333,0.648183333,0.647958333,0.645283333,0.635983333,39.56620833,46.52549167,51.12184167,53.67375,2.117533333,21.25973333,3.230891667
533,0.653310924,0.648226891,0.647638655,0.645176471,0.635890756,39.3614958,46.41788235,51.08431933,53.6722521,2.115672269,21.25058824,3.230243697
534,0.653218487,0.647436975,0.646991597,0.645033613,0.635210084,39.34426891,45.78531933,51.13196639,53.57997479,2.11089916,21.28415966,3.227890756
535,0.652252101,0.647252101,0.646478992,0.644016807,0.634823529,39.21783193,46.48436975,51.13947059,53.62393277,2.111176471,21.25242857,3.224823529
536,0.652773109,0.646890756,0.64689916,0.644529412,0.634932773,39.23926891,46.66676471,51.15777311,53.64720168,2.10902521,21.26465546,3.22602521
537,0.652775,0.647258333,0.646733333,0.644933333,0.635166667,39.29483333,46.68534167,51.163675,53.639275,2.110516667,21.27111667,3.226866667
538,0.653042017,0.647243697,0.647067227,0.644907563,0.635378151,39.23204202,46.75736134,51.16538655,53.63997479,2.111092437,21.2652605,3.227638655
539,0.653008403,0.647789916,0.646957983,0.645058824,0.635336134,39.2400084,46.76601681,51.19405042,53.66217647,2.109386555,21.26161345,3.228151261
540,0.653134454,0.647487395,0.647596639,0.644941176,0.635504202,39.31604202,46.82762185,51.21748739,53.6885042,2.10710084,21.25830252,3.228663866
541,0.652966387,0.647579832,0.64712605,0.645042017,0.635579832,39.24552101,46.80660504,51.20972269,53.67255462,2.10792437,21.25985714,3.228294118
542,0.653066667,0.6475,0.646841667,0.644866667,0.635183333,39.254775,46.760625,51.2272,53.691575,2.108433333,21.26228333,3.227458333
543,0.652781513,0.647218487,0.647033613,0.644235294,0.63494958,39.30984874,46.73667227,51.18038655,53.65576471,2.108663866,21.26072269,3.226218487
544,0.651857143,0.646151261,0.645882353,0.643647059,0.634067227,39.20487395,46.72912605,51.15763025,53.62146218,2.108932773,21.2519916,3.221605042
545,0.651378151,0.645680672,0.64512605,0.642714286,0.633319328,39.2464958,46.61287395,51.1534958,53.64612605,2.109865546,21.26317647,3.218218487
546,0.650689076,0.64487395,0.644882353,0.642428571,0.632806723,39.28240336,46.60810084,51.13580672,53.64031933,2.114294118,21.26073109,3.215680672
547,0.650033613,0.644957983,0.644134454,0.641840336,0.632226891,39.37447899,46.71290756,51.14101681,53.61417647,2.114344538,21.2695042,3.213193277
548,0.649808333,0.644516667,0.643991667,0.641808333,0.632158333,39.582425,46.77449167,51.124075,53.61408333,2.112158333,21.2724,3.212283333
549,0.650067227,0.644521008,0.643907563,0.641470588,0.63205042,39.50131933,46.75780672,51.14117647,53.63764706,2.111907563,21.26770588,3.212016807
550,0.64994958,0.644453782,0.644134454,0.641714286,0.63210084,39.57701681,46.80483193,51.14786555,53.63094958,2.112840336,21.26773109,3.212352941
551,0.650352941,0.644882353,0.644294118,0.641588235,0.632403361,39.66108403,46.80871429,51.15910924,53.65252941,2.112857143,21.2725042,3.213521008
552,0.650529412,0.645184874,0.644268908,0.641890756,0.632537815,39.63430252,46.80908403,51.15512605,53.67340336,2.110521008,21.26263866,3.214411765
553,0.6508,0.645275,0.6447,0.641908333,0.632858333,39.76504167,46.70488333,51.18498333,53.718875,2.112483333,21.260375,3.215541667
554,0.650361345,0.645176471,0.644596639,0.642159664,0.632663866,39.70293277,46.6352437,51.13993277,53.68947059,2.114428571,21.25426891,3.214957983
555,0.650672269,0.644932773,0.644647059,0.641890756,0.632621849,39.53301681,46.68809244,51.10452101,53.65242017,2.11394958,21.25440336,3.214764706
556,0.650554622,0.645277311,0.644605042,0.642033613,0.632563025,39.44552101,46.62703361,51.07835294,53.65421008,2.113285714,21.25343697,3.215033613
557,0.650663866,0.645521008,0.644563025,0.642462185,0.632747899,39.20094958,46.56635294,51.09206723,53.61538655,2.111756303,21.25066387,3.215957983
558,0.650808333,0.6455,0.6446,0.642516667,0.633141667,39.2079,46.52490833,51.12734167,53.58958333,2.108508333,21.24589167,3.216566667
559,0.651109244,0.64589916,0.645302521,0.642689076,0.633260504,39.32230252,46.56107563,51.16139496,53.62527731,2.107319328,21.25110924,3.218260504
560,0.651235294,0.645663866,0.645319328,0.642848739,0.633260504,39.21406723,46.4862437,51.18315966,53.64471429,2.107588235,21.25330252,3.218327731
561,0.651210084,0.646168067,0.645521008,0.642655462,0.633478992,39.1670084,46.40193277,51.14394118,53.60189916,2.112151261,21.2554958,3.219033613
562,0.651689076,0.646092437,0.645554622,0.64297479,0.633831933,39.24773109,46.5185042,51.17322689,53.65664706,2.109655462,21.25188235,3.220142857
563,0.651533333,0.64615,0.64555,0.643266667,0.63395,39.303,46.43305833,51.20540833,53.68131667,2.111708333,21.25816667,3.22045
564,0.651857143,0.646495798,0.645907563,0.643571429,0.634226891,39.27829412,46.35841176,51.22365546,53.69037815,2.109546218,21.25078992,3.222058824
565,0.651983193,0.646226891,0.645672269,0.643789916,0.634159664,39.21704202,45.86740336,51.22028571,53.66544538,2.109445378,21.26558824,3.221831933
566,0.651781513,0.646739496,0.645915966,0.643386555,0.634218487,39.32268067,46.16261345,51.22631933,53.66628571,2.108403361,21.25768067,3.222042017
567,0.651865546,0.646722689,0.646109244,0.643613445,0.634394958,39.38832773,46.61851261,51.23116807,53.66635294,2.103378151,21.25045378,3.222705882
568,0.652008333,0.64685,0.646125,0.643908333,0.634416667,39.30434167,46.590025,51.16999167,53.64425,2.106016667,21.24504167,3.223308333
569,0.652042017,0.64687395,0.645882353,0.643571429,0.634436975,39.26606723,46.5512605,51.13252101,53.63972269,2.108361345,21.2534958,3.222806723
570,0.651260504,0.646420168,0.644957983,0.643016807,0.633865546,39.25060504,46.535,51.14242017,53.63970588,2.109067227,21.25601681,3.219521008
571,0.650184874,0.644798319,0.644,0.64187395,0.632260504,39.34293277,46.51978151,51.16119328,53.64207563,2.109294118,21.25768067,3.213117647
572,0.649537815,0.64394958,0.643571429,0.641218487,0.631663866,39.51122689,46.40115126,51.1597563,53.60706723,2.111159664,21.25513445,3.209941176
573,0.649133333,0.644325,0.64305,0.641141667,0.631458333,39.61041667,46.5285,51.15809167,53.633525,2.113633333,21.25475833,3.209108333
574,0.649638655,0.644109244,0.642823529,0.641067227,0.631941176,39.58522689,46.52418487,51.14647899,53.61744538,2.114210084,21.26513445,3.209579832
575,0.649529412,0.644235294,0.643731092,0.641420168,0.631840336,39.6247479,46.50637815,51.16140336,53.64878151,2.112621849,21.25963866,3.210756303
576,0.649848739,0.644563025,0.644193277,0.641764706,0.63202521,39.64806723,46.42453782,51.15951261,53.66636134,2.112042017,21.2505042,3.212394958
577,0.64992437,0.644764706,0.644151261,0.641680672,0.632394958,39.51939496,45.90996639,51.15684034,53.65776471,2.113058824,21.25419328,3.212915966
578,0.649798319,0.644697479,0.644319328,0.64189916,0.632453782,39.67406723,46.27013445,51.1482437,53.65604202,2.113806723,21.25288235,3.213168067
579,0.650141667,0.644591667,0.643608333,0.641525,0.632325,39.62015,46.61120833,51.14575833,53.655175,2.11275,21.25625833,3.212191667
580,0.649789916,0.644042017,0.643672269,0.641294118,0.631840336,39.49390756,46.54298319,51.11795798,53.65858824,2.112806723,21.24956303,3.210638655
581,0.64925,0.643858333,0.642591667,0.640541667,0.631166667,39.42659167,46.53621667,51.113,53.64441667,2.110516667,21.248375,3.207408333
582,0.648781513,0.643319328,0.642470588,0.640403361,0.63094958,39.41102521,46.42689916,51.0709916,53.63789076,2.10797479,21.24176471,3.20592437
583,0.648403361,0.642848739,0.642344538,0.63994958,0.630663866,39.26706723,46.45347899,51.06280672,53.59943697,2.111764706,21.24379832,3.204210084
584,0.647833333,0.642866667,0.642358333,0.6399,0.630275,39.33510833,46.46616667,51.16025,53.598075,2.10555,21.25189167,3.203233333
585,0.648260504,0.642848739,0.642420168,0.640193277,0.630638655,39.51194118,46.5177479,51.19773109,53.63619328,2.101722689,21.24894958,3.204361345
586,0.648478992,0.642915966,0.642327731,0.640117647,0.630546218,39.43689916,46.55256303,51.19183193,53.58514286,2.103352941,21.25535294,3.204386555
587,0.648470588,0.643067227,0.642361345,0.640117647,0.630739496,39.38242017,46.44469748,51.21892437,53.63626891,2.102361345,21.25930252,3.204756303
588,0.648563025,0.643478992,0.642672269,0.640235294,0.631033613,39.27943697,46.42248739,51.2392605,53.65563866,2.102445378,21.25289076,3.205983193
589,0.649258333,0.643808333,0.642683333,0.640775,0.631308333,39.39420833,46.41170833,51.24148333,53.62038333,2.101441667,21.24783333,3.207833333
590,0.649613445,0.64392437,0.643142857,0.641319328,0.631731092,39.44715126,46.29156303,51.25613445,53.65659664,2.103882353,21.24783193,3.209731092
591,0.649462185,0.644436975,0.643529412,0.641226891,0.631957983,39.30106723,45.90390756,51.21563025,53.63167227,2.103,21.25036975,3.210613445
592,0.649714286,0.644411765,0.64387395,0.641420168,0.632159664,39.31348739,46.50431092,51.13142017,53.5947479,2.104806723,21.23303361,3.211579832
593,0.65012605,0.644445378,0.644310924,0.641848739,0.632369748,39.33615126,46.44587395,51.12108403,53.62459664,2.107285714,21.24928571,3.21310084
594,0.650491667,0.644583333,0.644025,0.642166667,0.632516667,39.2844,46.33650833,51.155275,53.64439167,2.110358333,21.247175,3.213783333
595,0.650159664,0.644831933,0.644193277,0.641638655,0.632630252,39.40515126,46.45310924,51.1707563,53.61767227,2.105344538,21.24993277,3.213453782
596,0.650445378,0.644714286,0.644084034,0.641983193,0.632537815,39.52877311,46.35336134,51.14442017,53.60511765,2.110655462,21.24605882,3.213764706
597,0.650470588,0.645159664,0.643773109,0.64205042,0.632529412,39.32957143,45.60112605,51.12786555,53.58857143,2.110478992,21.23373109,3.213983193
598,0.650605042,0.645159664,0.644151261,0.642378151,0.632605042,39.202,46.27572269,51.08521008,53.58303361,2.111840336,21.22378992,3.21489916
599,0.6506,0.645141667,0.644641667,0.642108333,0.632841667,39.25045833,46.28481667,51.105025,53.60084167,2.112916667,21.23480833,3.215333333
600,0.650588235,0.645277311,0.644420168,0.642302521,0.633042017,39.30392437,45.97127731,51.10376471,53.60184874,2.111697479,21.23864706,3.215630252
601,0.650361345,0.645495798,0.644588235,0.642588235,0.632882353,39.40806723,45.99952941,51.10301681,53.5910084,2.114571429,21.24717647,3.215915966
602,0.650705882,0.645420168,0.644420168,0.642243697,0.63292437,39.49043697,46.4302437,51.08981513,53.62862185,2.115756303,21.24092437,3.215714286
603,0.650613445,0.64510084,0.644882353,0.642277311,0.63289916,39.25894118,46.30987395,51.07277311,53.61456303,2.116689076,21.22887395,3.215773109
604,0.650621849,0.645378151,0.644058824,0.642092437,0.632857143,39.04068908,45.99139496,51.08235294,53.59129412,2.110092437,21.23092437,3.215008403
605,0.650516667,0.64505,0.644291667,0.642241667,0.632841667,39.05275,46.013325,51.10878333,53.61625,2.110091667,21.23071667,3.214941667
606,0.64994958,0.64497479,0.644210084,0.641697479,0.632361345,39.08820168,46.53277311,51.09548739,53.60060504,2.112058824,21.23190756,3.213193277
607,0.650033613,0.644285714,0.643798319,0.641647059,0.632142857,39.09253782,46.55778151,51.13857143,53.61517647,2.111016807,21.21929412,3.211907563
608,0.65,0.644521008,0.643445378,0.641453782,0.631991597,39.00831092,46.47952101,51.1187479,53.60190756,2.111302521,21.21901681,3.211411765
609,0.649529412,0.644546218,0.643453782,0.641201681,0.631781513,39.05430252,46.52358824,51.12093277,53.61809244,2.114294118,21.21977311,3.210512605
610,0.6498,0.644091667,0.64375,0.641525,0.632033333,39.3401,46.46360833,51.28733333,53.72089167,2.109041667,21.2272,3.2112
611,0.649915966,0.644184874,0.643605042,0.641252101,0.631983193,39.37228571,46.55747899,51.31212605,53.71378151,2.108268908,21.23876471,3.210941176
612,0.649857143,0.644504202,0.643403361,0.641302521,0.631764706,39.37580672,46.57512605,51.31257143,53.68929412,2.109235294,21.2257563,3.210831933
613,0.649554622,0.644159664,0.643394958,0.641344538,0.631890756,39.36239496,46.54745378,51.25485714,53.66008403,2.109579832,21.22856303,3.210344538
614,0.649579832,0.644571429,0.643462185,0.641235294,0.631831933,39.10909244,46.51984034,51.13702521,53.60182353,2.108957983,21.22444538,3.210680672
615,0.649466667,0.6442,0.643425,0.64155,0.631741667,38.93380833,46.44109167,51.089675,53.595275,2.107925,21.21954167,3.210383333
616,0.649680672,0.644638655,0.643067227,0.641084034,0.631957983,38.93507563,46.39634454,51.12193277,53.61906723,2.109672269,21.22519328,3.210428571
617,0.649319328,0.644193277,0.642453782,0.640882353,0.631394958,39.08159664,46.37352101,51.17815126,53.64318487,2.110235294,21.22668067,3.208243697
618,0.648546218,0.643294118,0.642142857,0.639663866,0.630697479,39.01161345,46.33181513,51.13410924,53.61312605,2.107462185,21.22041176,3.204344538
619,0.647420168,0.64210084,0.641571429,0.639579832,0.629764706,39.05931933,45.76510924,51.12460504,53.61165546,2.109084034,21.21768908,3.200436975
620,0.647241667,0.642225,0.641108333,0.639133333,0.629225,39.082075,46.38401667,51.157525,53.57993333,2.111558333,21.23560833,3.198933333
621,0.647117647,0.64194958,0.640546218,0.639243697,0.629579832,39.22436134,46.49308403,51.19646218,53.58657143,2.105638655,21.23687395,3.198436975
622,0.647336134,0.642193277,0.641042017,0.63912605,0.629663866,39.40485714,46.59506723,51.17322689,53.59051261,2.109747899,21.24472269,3.199361345
623,0.647588235,0.642495798,0.641773109,0.639277311,0.629798319,39.54647899,46.73776471,51.1480084,53.55421008,2.107890756,21.24236975,3.200932773
624,0.647915966,0.643016807,0.641789916,0.639596639,0.630218487,39.57864706,46.83810084,51.14578992,53.56654622,2.10702521,21.24363025,3.202537815
625,0.648466667,0.642866667,0.642025,0.639975,0.630491667,39.57726667,46.85528333,51.13825833,53.567125,2.108508333,21.24018333,3.203825
626,0.648529412,0.643344538,0.642428571,0.640327731,0.630756303,39.48252941,46.85080672,51.19234454,53.61756303,2.104815126,21.24469748,3.205386555
627,0.648394958,0.643033613,0.642344538,0.640621849,0.630655462,39.48169748,46.82902521,51.22571429,53.63918487,2.102840336,21.23883193,3.20505042
628,0.648260504,0.642983193,0.641789916,0.640218487,0.630588235,39.43610084,46.77984034,51.23438655,53.6470084,2.104739496,21.23946218,3.203840336
629,0.64789916,0.643310924,0.64202521,0.639655462,0.630327731,39.36220168,46.76860504,51.21030252,53.63786555,2.102579832,21.23334454,3.203218487
630,0.648183333,0.642775,0.642,0.640083333,0.630275,39.39298333,46.75674167,51.22315833,53.66414167,2.10205,21.23026667,3.203316667
631,0.648042017,0.642915966,0.64192437,0.639647059,0.630210084,39.42747059,46.63447059,51.2369916,53.65668067,2.105042017,21.23439496,3.202739496
632,0.648210084,0.643142857,0.641773109,0.64005042,0.630521008,39.42251261,46.65173109,51.25851261,53.69441176,2.105159664,21.2427479,3.203697479
633,0.648184874,0.643008403,0.642184874,0.64,0.630462185,39.41321849,46.73236134,51.23998319,53.67003361,2.102016807,21.23010084,3.203840336
634,0.648386555,0.643277311,0.641705882,0.640277311,0.630235294,39.42459664,46.60572269,51.2567563,53.66993277,2.104243697,21.23439496,3.203882353
635,0.648235294,0.643218487,0.641983193,0.639857143,0.630235294,39.47179832,46.57162185,51.29365546,53.6799916,2.101672269,21.23920168,3.203529412
636,0.648258333,0.642983333,0.642191667,0.639983333,0.630341667,39.28356667,46.525125,51.3158,53.69110833,2.105383333,21.22824167,3.203758333
637,0.648193277,0.643184874,0.642638655,0.639672269,0.630554622,39.1692437,46.56881513,51.2810084,53.66894118,2.104932773,21.23265546,3.204243697
638,0.648117647,0.64292437,0.642109244,0.640176471,0.630521008,39.30090756,46.43571429,51.27103361,53.67138655,2.103579832,21.23405882,3.203848739
639,0.648092437,0.643378151,0.642084034,0.639621849,0.630184874,39.25494958,46.44462185,51.26701681,53.67701681,2.100352941,21.23367227,3.203361345
640,0.647907563,0.642848739,0.642537815,0.63987395,0.630445378,39.44920168,46.4617479,51.27142017,53.67028571,2.101840336,21.24011765,3.203613445
641,0.648033333,0.642716667,0.641925,0.639166667,0.630183333,39.36829167,45.852275,51.26479167,53.68335,2.104841667,21.22788333,3.202025
642,0.648033613,0.642285714,0.641563025,0.639630252,0.629747899,39.42753782,46.53436975,51.24392437,53.64389076,2.105092437,21.22902521,3.201260504
643,0.648008403,0.642781513,0.641361345,0.639714286,0.62997479,39.47010084,46.74257143,51.27945378,53.6547479,2.099689076,21.23121849,3.201840336
644,0.64797479,0.642806723,0.641731092,0.639537815,0.630218487,39.46340336,46.6832521,51.27986555,53.65411765,2.103672269,21.22689076,3.202268908
645,0.648445378,0.64287395,0.641344538,0.640084034,0.630260504,39.38789076,46.59842017,51.23979832,53.65379832,2.102268908,21.21489916,3.203008403
646,0.64825,0.643083333,0.642083333,0.64015,0.630491667,39.50465833,46.52204167,51.27429167,53.654375,2.10415,21.224025,3.204058333
647,0.648579832,0.643378151,0.641983193,0.640268908,0.630605042,39.30781513,46.5182521,51.25943697,53.65068908,2.102168067,21.2247479,3.204815126
648,0.648571429,0.643495798,0.642462185,0.640327731,0.630831933,39.52260504,46.51727731,51.29302521,53.65815126,2.100966387,21.22535294,3.205689076
649,0.648697479,0.643596639,0.642478992,0.640697479,0.631042017,39.53919328,46.69528571,51.3185042,53.69933613,2.101394958,21.23261345,3.206512605
650,0.648705882,0.643487395,0.642907563,0.640268908,0.630966387,39.33967227,46.59803361,51.2834958,53.65502521,2.099512605,21.23178992,3.206336134
651,0.649116667,0.643583333,0.64235,0.640583333,0.631141667,39.308225,46.50514167,51.27578333,53.666325,2.102041667,21.22568333,3.206775
652,0.648882353,0.643386555,0.642445378,0.640966387,0.63110084,39.27314286,46.45637815,51.27439496,53.67378992,2.09987395,21.22281513,3.206781513
653,0.648781513,0.643722689,0.642495798,0.640420168,0.630932773,39.13482353,46.13307563,51.2629916,53.67608403,2.10194958,21.2225042,3.206352941
654,0.648840336,0.643529412,0.642420168,0.640243697,0.630865546,39.08794958,45.94844538,51.24844538,53.67722689,2.102739496,21.21757143,3.20589916
655,0.648596639,0.643336134,0.642697479,0.640386555,0.63092437,39.10496639,46.30010924,51.26240336,53.66895798,2.104084034,21.21662185,3.205941176
656,0.648733333,0.643316667,0.642375,0.640325,0.630725,39.093675,46.43756667,51.259925,53.679225,2.103208333,21.21900833,3.205475
657,0.648571429,0.643647059,0.64210084,0.64012605,0.63092437,39.10069748,46.50371429,51.24710924,53.67331092,2.105831933,21.21435294,3.205369748
658,0.648672269,0.643453782,0.642277311,0.640537815,0.630630252,39.10970588,46.42861345,51.22477311,53.65909244,2.105571429,21.21429412,3.205571429
659,0.648638655,0.643411765,0.642327731,0.640563025,0.630831933,39.20587395,46.14709244,51.21694118,53.66811765,2.105806723,21.21378992,3.205773109
660,0.648663866,0.643260504,0.642831933,0.640571429,0.63110084,39.21163866,45.83326891,51.23668067,53.67670588,2.105117647,21.21777311,3.206428571
661,0.648781513,0.643613445,0.642344538,0.640436975,0.630731092,39.12885714,46.31677311,51.2417395,53.68587395,2.105294118,21.21463866,3.205907563
662,0.648441667,0.64345,0.642591667,0.640275,0.630675,39.28961667,46.5066,51.26016667,53.6908,2.104016667,21.22369167,3.205433333
663,0.648705882,0.643058824,0.642016807,0.640210084,0.630739496,39.12006723,46.36814286,51.17677311,53.60982353,2.103932773,21.21462185,3.204731092
664,0.648285714,0.643193277,0.642739496,0.640067227,0.630630252,39.11053782,45.96388235,51.16552941,53.6117395,2.104857143,21.21358824,3.204915966
665,0.648302521,0.643218487,0.641831933,0.640042017,0.630613445,39.13273109,45.9987479,51.15969748,53.61158824,2.104638655,21.22840336,3.204008403
666,0.647806723,0.64310084,0.641739496,0.639697479,0.630336134,38.94097479,46.36746218,51.0915042,53.60840336,2.10887395,21.21598319,3.202680672
667,0.742995763,0.739720339,0.738567797,0.737067797,0.730559322,37.69615254,46.02588983,51.20907203,54.36950847,2.94290678,21.58373729,3.2
668,0.653275,0.648566667,0.647983333,0.645841667,0.636383333,39.6404,45.47836667,51.1981,53.73251667,2.112833333,21.22801667,3.23205
669,0.653554622,0.648134454,0.647672269,0.645546218,0.635882353,39.5984958,46.15269748,51.11958824,53.68005882,2.113168067,21.20036134,3.230789916
670,0.653151261,0.647756303,0.647588235,0.645352941,0.635915966,39.45919328,45.70878151,51.08042857,53.60368067,2.114352941,21.18533613,3.229764706
671,0.652991597,0.647865546,0.647268908,0.645218487,0.635739496,39.58386555,46.37676471,51.14991597,53.6717479,2.118613445,21.18889916,3.229084034
672,0.652504202,0.647613445,0.646941176,0.644865546,0.635436975,39.43823529,46.47492437,51.12656303,53.62021008,2.11789916,21.18640336,3.227361345
673,0.652408333,0.647191667,0.646475,0.644658333,0.63515,39.29051667,46.41965,51.0973,53.68051667,2.117966667,21.18395833,3.225883333
674,0.651756303,0.646361345,0.645907563,0.643991597,0.634336134,39.1217563,46.34821008,51.14163025,53.6987563,2.115184874,21.16969748,3.222352941
675,0.650983193,0.645857143,0.645117647,0.643218487,0.633705882,39.04709244,45.87678151,51.14091597,53.65740336,2.11707563,21.16336975,3.218882353
676,0.650705882,0.645084034,0.644588235,0.642756303,0.633134454,39.14987395,45.79055462,51.21504202,53.6915042,2.114226891,21.16497479,3.216268908
677,0.649932773,0.644739496,0.644285714,0.642210084,0.632638655,39.14905042,46.21473109,51.26441176,53.71139496,2.115554622,21.17478992,3.213806723
678,0.649554622,0.644344538,0.64389916,0.641546218,0.631890756,39.26661345,46.43558824,51.28597479,53.71597479,2.11089916,21.17626891,3.211235294
679,0.648858333,0.643825,0.643033333,0.640808333,0.6313,39.33245833,46.41860833,51.2825,53.71264167,2.1083,21.17480833,3.207825
680,0.648546218,0.643226891,0.642470588,0.640512605,0.630882353,39.29961345,46.36372269,51.27878151,53.70191597,2.109159664,21.18582353,3.205638655
681,0.648361345,0.643134454,0.642352941,0.640042017,0.630537815,39.29030252,45.93488235,51.27180672,53.70103361,2.110529412,21.17489916,3.204428571
682,0.648058824,0.64312605,0.642386555,0.64005042,0.630563025,39.19335294,46.20462185,51.26157983,53.67286555,2.110436975,21.18257143,3.204184874
683,0.648596639,0.643436975,0.642394958,0.640294118,0.630915966,39.2794958,46.21398319,51.22442857,53.68580672,2.111529412,21.18117647,3.205638655
684,0.648558333,0.643941667,0.642908333,0.640666667,0.631341667,39.27146667,46.40439167,51.136375,53.68701667,2.115683333,21.18246667,3.207416667
685,0.648630252,0.643806723,0.643117647,0.641218487,0.631352941,39.23705042,46.22958824,51.10684034,53.66361345,2.116067227,21.18394118,3.20812605
686,0.648932773,0.644134454,0.642857143,0.641336134,0.631638655,39.30818487,45.70891597,51.10938655,53.66465546,2.11502521,21.18259664,3.20889916
687,0.64910084,0.644193277,0.643142857,0.64105042,0.631588235,39.39539496,46.18512605,51.1249916,53.64861345,2.115159664,21.19434454,3.20907563
688,0.649344538,0.644268908,0.643386555,0.64102521,0.631831933,39.55994958,46.42742017,51.13404202,53.64122689,2.115983193,21.18269748,3.209857143
689,0.649183333,0.644191667,0.643366667,0.641466667,0.631883333,39.66865,46.38273333,51.14711667,53.65805,2.117008333,21.18981667,3.210091667
690,0.649403361,0.644084034,0.643462185,0.641226891,0.632008403,39.6935042,46.47657143,51.12907563,53.64907563,2.117117647,21.18705042,3.210184874
691,0.649512605,0.644327731,0.643663866,0.641352941,0.631983193,39.60442857,46.63231092,51.12510084,53.63177311,2.116857143,21.19636134,3.210840336
692,0.649705882,0.644638655,0.643462185,0.641495798,0.63212605,39.72037815,46.51048739,51.14245378,53.66683193,2.115319328,21.19657983,3.211428571
693,0.649327731,0.644226891,0.643689076,0.641327731,0.632210084,39.6569916,46.51305042,51.1447395,53.70597479,2.119168067,21.19341176,3.210781513
694,0.649083333,0.644241667,0.643108333,0.641091667,0.631641667,39.68784167,46.24926667,51.137725,53.70113333,2.116966667,21.18921667,3.209166667
695,0.649184874,0.64410084,0.64312605,0.641,0.631596639,39.71157143,45.9399916,51.15792437,53.7040084,2.120420168,21.19557983,3.209008403
696,0.648840336,0.64407563,0.643067227,0.641033613,0.631705882,39.64854622,46.31938655,51.13960504,53.72170588,2.115957983,21.18273109,3.208722689
697,0.648436975,0.643462185,0.642781513,0.640403361,0.630957983,39.50468908,46.26721849,51.12933613,53.71913445,2.118092437,21.17968067,3.206042017
698,0.647907563,0.643016807,0.641806723,0.640134454,0.630705882,39.39178992,45.85227731,51.12031933,53.73242017,2.117033613,21.16962185,3.203571429
699,0.647391667,0.642391667,0.641733333,0.639633333,0.630141667,39.178325,46.08813333,51.0818,53.68275833,2.116475,21.16821667,3.201291667
700,0.647529412,0.642403361,0.641571429,0.639058824,0.629764706,39.00123529,45.52867227,51.12605042,53.6282521,2.11397479,21.16580672,3.200327731
701,0.647336134,0.642689076,0.641344538,0.63910084,0.62987395,39.02886555,45.96343697,51.15435294,53.65521849,2.115781513,21.16302521,3.200344538
702,0.647252101,0.642268908,0.641529412,0.638966387,0.62987395,39.06518487,45.89316807,51.15082353,53.66322689,2.115369748,21.16003361,3.199890756
703,0.647310924,0.642058824,0.641806723,0.639529412,0.63010084,39.05281513,45.7815042,51.18781513,53.68102521,2.117596639,21.15646218,3.200806723
704,0.647508333,0.642591667,0.641458333,0.639141667,0.629908333,39.0289,46.16713333,51.16918333,53.66531667,2.118225,21.15889167,3.200608333
705,0.647537815,0.642621849,0.64189916,0.639344538,0.630033613,38.98640336,45.78920168,51.14529412,53.64430252,2.117084034,21.1570084,3.201436975
706,0.647655462,0.642394958,0.641680672,0.639865546,0.630462185,39.03795798,45.71014286,51.14397479,53.64757983,2.118361345,21.14723529,3.202058824
707,0.647798319,0.642722689,0.641487395,0.639546218,0.630403361,39.01201681,45.66915126,51.06956303,53.66202521,2.119084034,21.15729412,3.201957983
708,0.647630252,0.642663866,0.641638655,0.639722689,0.630336134,38.98905882,45.62282353,51.16684874,53.69307563,2.113890756,21.16183193,3.201991597
709,0.647638655,0.642647059,0.641756303,0.639739496,0.630352941,39.24416807,45.51482353,51.17443697,53.68342857,2.113714286,21.17185714,3.202134454
710,0.647458333,0.642625,0.641475,0.639175,0.630183333,39.44854167,46.04449167,51.095775,53.64115833,2.119666667,21.18638333,3.200916667
711,0.647218487,0.642369748,0.641647059,0.639294118,0.629714286,39.30246218,46.03747059,51.14107563,53.66309244,2.118235294,21.17492437,3.200243697
712,0.647033613,0.642016807,0.641470588,0.639226891,0.629840336,39.34590756,45.63345378,51.17021008,53.64519328,2.114445378,21.17407563,3.199588235
713,0.647142857,0.642294118,0.641403361,0.639042017,0.629781513,39.45587395,45.87645378,51.1622605,53.62068067,2.11597479,21.18210084,3.199663866
714,0.646991597,0.641630252,0.641260504,0.639151261,0.629781513,39.55798319,45.4517563,51.18878151,53.64026891,2.114781513,21.1740084,3.198815126
715,0.64715,0.642058333,0.641183333,0.6391,0.629858333,39.65276667,46.26235833,51.19611667,53.66426667,2.119483333,21.180675,3.19935
716,0.647285714,0.641831933,0.641445378,0.639260504,0.62989916,39.71435294,46.06729412,51.16644538,53.66682353,2.126781513,21.18056303,3.199722689
717,0.647033613,0.641991597,0.641319328,0.63894958,0.629596639,39.70873109,45.53185714,51.17268908,53.67615966,2.125319328,21.18309244,3.198890756
718,0.646966387,0.642369748,0.641092437,0.638907563,0.629621849,39.5894958,45.58278992,51.28077311,53.66565546,2.11994958,21.19540336,3.198957983
719,0.646915966,0.64202521,0.640310924,0.638991597,0.629361345,39.53447059,46.17463866,51.28442017,53.66491597,2.125117647,21.17827731,3.197605042
720,0.646558333,0.641591667,0.640483333,0.638716667,0.629133333,39.56446667,45.81088333,51.28030833,53.6538,2.130583333,21.18225833,3.196483333
721,0.646235294,0.641655462,0.640789916,0.638672269,0.629117647,39.41010084,45.75984034,51.25011765,53.67205882,2.131033613,21.17605882,3.196470588
722,0.646605042,0.641722689,0.640563025,0.638831933,0.629445378,39.37784034,45.60010084,51.28402521,53.653,2.127361345,21.17345378,3.197168067
723,0.646630252,0.641890756,0.640521008,0.638495798,0.629268908,39.46233613,45.35271429,51.29733613,53.67657143,2.123966387,21.16890756,3.196806723
724,0.646563025,0.641689076,0.640647059,0.63902521,0.629218487,39.54352101,45.97859664,51.39068067,53.70065546,2.115815126,21.18223529,3.197142857
725,0.646741667,0.6419,0.641083333,0.638558333,0.629291667,39.70166667,45.97870833,51.42315,53.6932,2.108241667,21.18420833,3.197575
726,0.646773109,0.641890756,0.640537815,0.639193277,0.629554622,39.84094958,46.42980672,51.44154622,53.70460504,2.106663866,21.18860504,3.19794958
727,0.647058824,0.64202521,0.640848739,0.63887395,0.629647059,39.85195798,46.42016807,51.43154622,53.70720168,2.102848739,21.18073109,3.198453782
728,0.647193277,0.64212605,0.640773109,0.639285714,0.629857143,39.8112437,46.47315126,51.44794118,53.71639496,2.103226891,21.18719328,3.199235294
729,0.64687395,0.642428571,0.641042017,0.639327731,0.62989916,39.77758824,46.46758824,51.42255462,53.71884874,2.10192437,21.17910084,3.199571429
730,0.647133333,0.642366667,0.640816667,0.639266667,0.629608333,39.804,46.63666667,51.44016667,53.70770833,2.105366667,21.17901667,3.199191667
731,0.646848739,0.642369748,0.641117647,0.639084034,0.629705882,39.65892437,46.4182605,51.38802521,53.67020168,2.109092437,21.17523529,3.19912605
732,0.647033613,0.641882353,0.641134454,0.639117647,0.629798319,39.41511765,46.40078992,51.22447899,53.61073109,2.119613445,21.17161345,3.198966387
733,0.646781513,0.642092437,0.640882353,0.638789916,0.629546218,39.35686555,45.56890756,51.28067227,53.63294958,2.122537815,21.16859664,3.198092437
734,0.646890756,0.642327731,0.640369748,0.639134454,0.629756303,39.45313445,46.18103361,51.29486555,53.64933613,2.119621849,21.18022689,3.198478992
735,0.646352941,0.64212605,0.640983193,0.638840336,0.629453782,39.41044538,46.04719328,51.27768067,53.62267227,2.122722689,21.17883193,3.197756303
736,0.646566667,0.641858333,0.6408,0.638891667,0.629291667,39.46029167,45.60933333,51.30310833,53.6506,2.125466667,21.18550833,3.197408333
737,0.646420168,0.641773109,0.640621849,0.638336134,0.629084034,39.62056303,46.38235294,51.32642857,53.64118487,2.129504202,21.18853782,3.196235294
738,0.646151261,0.641571429,0.640218487,0.638470588,0.629042017,39.72378992,45.77878151,51.29031092,53.65403361,2.130554622,21.18466387,3.195453782
739,0.64602521,0.641521008,0.640369748,0.638369748,0.629,39.63161345,46.14867227,51.26391597,53.65281513,2.129731092,21.19040336,3.195285714
740,0.64597479,0.641554622,0.640193277,0.638294118,0.62897479,39.84921849,45.72155462,51.31883193,53.64460504,2.128436975,21.19734454,3.194991597
741,0.646033333,0.640825,0.6401,0.638225,0.628766667,39.96058333,46.49340833,51.31266667,53.65854167,2.129566667,21.20446667,3.19395
742,0.646142857,0.641134454,0.639857143,0.638092437,0.628537815,39.66444538,46.23351261,51.24757143,53.65212605,2.131159664,21.19798319,3.193764706
743,0.646092437,0.641142857,0.640436975,0.637588235,0.628478992,39.58944538,45.93057143,51.20526891,53.63830252,2.132294118,21.18798319,3.193739496
744,0.645462185,0.640915966,0.639647059,0.637991597,0.628537815,39.37548739,45.76719328,51.17605042,53.65384034,2.133260504,21.17410084,3.192554622
745,0.645605042,0.640579832,0.639781513,0.637033613,0.627915966,39.2222521,45.91840336,51.18084874,53.62923529,2.132369748,21.16639496,3.190915966
746,0.645375,0.640366667,0.639016667,0.63725,0.6278,39.144025,45.678975,51.28625,53.659125,2.131808333,21.16613333,3.189808333
747,0.64512605,0.640176471,0.638991597,0.636857143,0.627663866,39.28539496,46.3117479,51.33601681,53.67929412,2.126739496,21.18176471,3.188815126
748,0.644815126,0.640252101,0.639201681,0.636983193,0.627865546,39.22861345,45.34302521,51.35869748,53.67319328,2.122848739,21.17368067,3.189117647
749,0.64489916,0.639848739,0.638857143,0.636672269,0.627605042,39.11790756,46.11045378,51.29536134,53.64078992,2.124966387,21.1677563,3.187882353
750,0.644848739,0.640495798,0.638966387,0.636798319,0.627672269,39.03188235,45.24090756,51.23827731,53.65622689,2.131991597,21.16247899,3.188781513
751,0.6452,0.640475,0.638691667,0.636908333,0.627491667,38.97589167,45.2868,51.178225,53.636425,2.132708333,21.15796667,3.188766667
752,0.645184874,0.640260504,0.639386555,0.637243697,0.628117647,38.95616807,45.5367563,51.24828571,53.65489076,2.12397479,21.15381513,3.190193277
753,0.645277311,0.640596639,0.639571429,0.637336134,0.627957983,39.22336975,45.41757143,51.31568908,53.69747899,2.121226891,21.16684034,3.190739496
754,0.645327731,0.640537815,0.639428571,0.637436975,0.628285714,39.10670588,46.00255462,51.31098319,53.68157983,2.118714286,21.16840336,3.191016807
755,0.645579832,0.640571429,0.639731092,0.637680672,0.628260504,39.15071429,45.66968067,51.2867563,53.67680672,2.113529412,21.16783193,3.191823529
756,0.64545,0.640441667,0.639225,0.637408333,0.628341667,38.90024167,45.69070833,51.180875,53.6651,2.1209,21.17493333,3.190866667
757,0.644991597,0.640084034,0.639151261,0.636907563,0.627815126,38.91939496,45.81722689,51.19021849,53.68622689,2.121512605,21.18397479,3.18894958
758,0.644008403,0.639117647,0.637941176,0.635705882,0.626529412,39.04745378,45.02368908,51.21106723,53.67813445,2.121344538,21.16305882,3.183302521
759,0.642428571,0.637798319,0.636831933,0.634605042,0.625235294,39.08780672,45.11695798,51.21934454,53.66631092,2.123058824,21.16911765,3.17689916
760,0.642091667,0.637583333,0.635783333,0.634108333,0.6246,39.13746667,45.01815,51.218925,53.68083333,2.126175,21.15746667,3.174166667
761,0.641866667,0.637416667,0.636008333,0.633858333,0.6246,39.25815,45.168725,51.20641667,53.673025,2.129816667,21.16638333,3.17375
762,0.642478992,0.637268908,0.63612605,0.634319328,0.624890756,39.34157143,45.46811765,51.19723529,53.68237815,2.13112605,21.17422689,3.175084034
763,0.642462185,0.637764706,0.636773109,0.634487395,0.625226891,39.36086555,46.00057143,51.20759664,53.69752941,2.128655462,21.17393277,3.176714286
764,0.643016807,0.638067227,0.636848739,0.63505042,0.625504202,39.58989076,45.77368908,51.16882353,53.69796639,2.133941176,21.18212605,3.178487395
765,0.643403361,0.638134454,0.636327731,0.635445378,0.625941176,39.67690756,46.38097479,51.21826891,53.67381513,2.125521008,21.19878151,3.179252101
766,0.643294118,0.638386555,0.63697479,0.635092437,0.625647059,39.52547899,46.34819328,51.14707563,53.64041176,2.120983193,21.1967479,3.179394958
767,0.643275,0.638225,0.637441667,0.634983333,0.625766667,39.29994167,46.53126667,51.11415,53.65213333,2.122391667,21.18505,3.179691667
768,0.64310084,0.638327731,0.637285714,0.635352941,0.625966387,39.0120084,46.33964706,51.11685714,53.65787395,2.118117647,21.17173109,3.180033613
769,0.643184874,0.638117647,0.637210084,0.634773109,0.625470588,39.10529412,46.39838655,51.14110084,53.67663025,2.115403361,21.15966387,3.178756303
770,0.642579832,0.637680672,0.636302521,0.634915966,0.625252101,38.9317395,46.26683193,51.13846218,53.68290756,2.116588235,21.15920168,3.176731092
771,0.641806723,0.63710084,0.635831933,0.633697479,0.624352941,38.95052101,45.43113445,51.10512605,53.65905042,2.115941176,21.15909244,3.172789916
772,0.6409,0.636366667,0.634825,0.632975,0.623366667,38.87748333,46.20464167,51.10739167,53.65545,2.11685,21.16214167,3.168433333
773,0.640117647,0.635655462,0.634268908,0.632361345,0.622848739,38.86462185,45.52970588,51.14661345,53.67934454,2.114201681,21.1575042,3.165252101
774,0.64010084,0.635487395,0.634201681,0.632117647,0.622462185,38.93510924,45.50103361,51.18790756,53.68414286,2.112705882,21.17896639,3.164369748
775,0.640210084,0.635672269,0.634319328,0.632470588,0.622714286,38.91168067,45.85405042,51.17761345,53.67916807,2.114991597,21.17063866,3.165386555
776,0.641008403,0.635932773,0.634680672,0.632655462,0.623310924,38.88595798,46.13384874,51.16984874,53.68823529,2.11297479,21.17610084,3.167588235
777,0.641066667,0.636675,0.635433333,0.632958333,0.623866667,38.82991667,45.217225,51.189525,53.68375,2.113275,21.15928333,3.17
778,0.641546218,0.636781513,0.635647059,0.633285714,0.624142857,38.88459664,45.97003361,51.20684034,53.69936134,2.112714286,21.18777311,3.171403361
779,0.641932773,0.637193277,0.636142857,0.634084034,0.624680672,38.87705882,45.16892437,51.18896639,53.70948739,2.113806723,21.16713445,3.174033613
780,0.642285714,0.637403361,0.636310924,0.634789916,0.625109244,38.88795798,45.72588235,51.17242857,53.72463866,2.111941176,21.16638655,3.17589916
781,0.642504202,0.638084034,0.636689076,0.634529412,0.625176471,38.87440336,45.18563025,51.21283193,53.73191597,2.113008403,21.15740336,3.176983193
782,0.642733333,0.63795,0.636566667,0.634833333,0.625633333,38.91096667,45.7514,51.19450833,53.719025,2.116166667,21.16061667,3.177716667
783,0.642890756,0.63794958,0.637361345,0.634697479,0.625596639,38.89211765,45.11035294,51.20564706,53.70547059,2.112697479,21.16464706,3.178495798
784,0.643218487,0.638352941,0.636722689,0.635067227,0.625731092,38.89787395,44.83047899,51.20168067,53.68745378,2.110134454,21.15366387,3.179092437
785,0.642957983,0.638386555,0.636705882,0.635336134,0.625781513,38.85218487,45.02605042,51.21958824,53.70278992,2.110168067,21.15684874,3.179168067
786,0.642848739,0.638033613,0.637277311,0.635235294,0.625605042,38.79691597,44.97013445,51.21104202,53.70431933,2.110546218,21.15734454,3.179
787,0.643291667,0.638491667,0.637166667,0.6343,0.625683333,38.85898333,45.05431667,51.210725,53.70681667,2.1116,21.15803333,3.178933333
788,0.643193277,0.638142857,0.637260504,0.635218487,0.625747899,38.99694118,45.59830252,51.23607563,53.68185714,2.110176471,21.15705042,3.179563025
789,0.643151261,0.638361345,0.636655462,0.635142857,0.625739496,39.10936975,45.56086555,51.1855042,53.65258824,2.111966387,21.15881513,3.17905042
790,0.643218487,0.638521008,0.636907563,0.634966387,0.625789916,38.8362605,46.09768908,51.12991597,53.65196639,2.113168067,21.15854622,3.179403361
791,0.643084034,0.638579832,0.637285714,0.635016807,0.62605042,38.97783193,45.44757143,51.19329412,53.66042857,2.111504202,21.15344538,3.180016807
792,0.643462185,0.638478992,0.636941176,0.63510084,0.626084034,38.92820168,45.90614286,51.17832773,53.62593277,2.114243697,21.15643697,3.180067227
793,0.643283333,0.638216667,0.637341667,0.635341667,0.625741667,38.91555833,45.27895833,51.194775,53.66273333,2.110025,21.14861667,3.179925
794,0.64307563,0.638655462,0.637294118,0.635294118,0.62597479,38.94529412,45.56447059,51.2320084,53.70410084,2.109235294,21.1510084,3.180294118
795,0.643352941,0.638478992,0.637453782,0.635184874,0.626033613,38.96289076,45.33620168,51.21490756,53.67889916,2.109394958,21.16356303,3.180504202
796,0.643336134,0.638596639,0.637655462,0.635445378,0.625991597,38.93706723,45.34503361,51.22672269,53.70219328,2.11107563,21.15309244,3.18102521
797,0.643546218,0.63894958,0.63707563,0.635235294,0.626151261,38.92746218,45.54326891,51.20010924,53.69191597,2.112294118,21.15660504,3.180957983
798,0.643208333,0.638725,0.637366667,0.63555,0.626133333,38.92974167,45.005925,51.21533333,53.68663333,2.1113,21.14076667,3.180983333
799,0.643302521,0.638529412,0.637487395,0.635159664,0.626033613,38.88853782,45.07710084,51.193,53.68216807,2.112815126,21.13888235,3.180512605
800,0.643268908,0.638865546,0.637252101,0.635420168,0.626,38.82468908,45.3807395,51.20603361,53.70085714,2.113319328,21.15063025,3.180806723
801,0.643756303,0.638596639,0.637697479,0.635647059,0.626428571,38.87736134,45.2467395,51.20089916,53.70716807,2.112529412,21.15346218,3.18212605
802,0.643521008,0.638705882,0.638042017,0.635411765,0.626226891,38.76221849,45.15863025,51.21005042,53.70701681,2.112084034,21.14963866,3.181907563
803,0.643433333,0.63855,0.6376,0.635333333,0.626283333,38.77186667,45.60651667,51.21253333,53.72393333,2.111183333,21.14549167,3.1812
804,0.643285714,0.638638655,0.637798319,0.635042017,0.626016807,38.90945378,45.07708403,51.20727731,53.67314286,2.112302521,21.1389916,3.180781513
805,0.643537815,0.638630252,0.637361345,0.635394958,0.626159664,38.844,45.12941176,51.21784034,53.70132773,2.113428571,21.13940336,3.181084034
806,0.643605042,0.638781513,0.637563025,0.635352941,0.626327731,38.93429412,45.20044538,51.23211765,53.70762185,2.112420168,21.14763866,3.181630252
807,0.643521008,0.638563025,0.637546218,0.635235294,0.626067227,38.97618487,45.16748739,51.20228571,53.68278151,2.11189916,21.14305042,3.180932773
808,0.643416667,0.638808333,0.637483333,0.635158333,0.626125,39.00090833,45.62440833,51.225825,53.707125,2.11175,21.13501667,3.180991667
809,0.642890756,0.638680672,0.637697479,0.635,0.625941176,39.01209244,44.84087395,51.22478151,53.68434454,2.113327731,21.14438655,3.180210084
810,0.643008403,0.638798319,0.637117647,0.635142857,0.626008403,39.03793277,44.99777311,51.2420084,53.68964706,2.112680672,21.14976471,3.18007563
811,0.643571429,0.638369748,0.637344538,0.635268908,0.62605042,39.15770588,45.0117563,51.26354622,53.72571429,2.113243697,21.14323529,3.180605042
812,0.643142857,0.638781513,0.637084034,0.635042017,0.62597479,39.46767227,45.49793277,51.27015966,53.68256303,2.111193277,21.15015126,3.18002521
813,0.642991667,0.638733333,0.637166667,0.634858333,0.625783333,39.29271667,45.14156667,51.241975,53.68159167,2.112775,21.14866667,3.179533333
814,0.64307563,0.638268908,0.636823529,0.635168067,0.62605042,39.43703361,45.82543697,51.23357983,53.6587563,2.111941176,21.15431933,3.179386555
815,0.642932773,0.638462185,0.637109244,0.634731092,0.625890756,38.89937815,45.31314286,51.18958824,53.67623529,2.106882353,21.1434958,3.17912605
816,0.643092437,0.638546218,0.637386555,0.634798319,0.625689076,39.01836975,45.47438655,51.24757143,53.7080084,2.110386555,21.1412437,3.179512605
817,0.642857143,0.638714286,0.63705042,0.634773109,0.625773109,39.00457983,44.94909244,51.26206723,53.70918487,2.110302521,21.13783193,3.179168067
818,0.642958333,0.638658333,0.637033333,0.6348,0.625891667,38.9655,45.11143333,51.24228333,53.70816667,2.110508333,21.13664167,3.179341667
819,0.64307563,0.638109244,0.637243697,0.635159664,0.625697479,39.02682353,45.11862185,51.24079832,53.70969748,2.108689076,21.13442857,3.179285714
820,0.643193277,0.638092437,0.637142857,0.634966387,0.625781513,38.91737815,45.20322689,51.216,53.71154622,2.108327731,21.13587395,3.179176471
821,0.642957983,0.638336134,0.636991597,0.634966387,0.625546218,38.85578992,45.13851261,51.20113445,53.70012605,2.109058824,21.13363866,3.178798319
822,0.642613445,0.638243697,0.636932773,0.634739496,0.625630252,38.91160504,44.98536134,51.20787395,53.70414286,2.108781513,21.13230252,3.178159664
823,0.642781513,0.638109244,0.63692437,0.634680672,0.625470588,38.87610924,45.31016807,51.19679832,53.68648739,2.111697479,21.1252521,3.177966387
824,0.6431,0.638316667,0.636483333,0.634658333,0.625608333,38.80753333,45.18785833,51.17754167,53.67191667,2.112658333,21.13525,3.178166667
825,0.642764706,0.638344538,0.63692437,0.634201681,0.625655462,38.8162521,45.25069748,51.19757983,53.70204202,2.111605042,21.1267479,3.177890756
826,0.642705882,0.637890756,0.63692437,0.634571429,0.625285714,38.78193277,45.18694958,51.18048739,53.69660504,2.110277311,21.13445378,3.177378151
827,0.642865546,0.63802521,0.636865546,0.634563025,0.625512605,38.83615966,45.18963025,51.19348739,53.69076471,2.111453782,21.14153782,3.177831933
828,0.642588235,0.638193277,0.63712605,0.634478992,0.625310924,38.8152605,45.00842017,51.17830252,53.70135294,2.10907563,21.13644538,3.177697479
829,0.642633333,0.637975,0.636358333,0.634916667,0.625591667,38.94505,45.43310833,51.20030833,53.708775,2.1101,21.134775,3.177475
830,0.642731092,0.638159664,0.636521008,0.634546218,0.625285714,38.9537479,45.41457143,51.22989076,53.69093277,2.107042017,21.13912605,3.177243697
831,0.709282258,0.706991935,0.706645161,0.703729839,0.697056452,35.03893952,45.35846774,51.25508065,54.32312903,2.667512097,21.37454435,3.17
832,0.653436975,0.649840336,0.647563025,0.645285714,0.636798319,39.20318487,46.51673109,51.30461345,53.72512605,2.111285714,21.14564706,3.23292437
833,0.652865546,0.649344538,0.648159664,0.644705882,0.636378151,39.44245378,46.58445378,51.24251261,53.69309244,2.115168067,21.14640336,3.231453782
834,0.652394958,0.64894958,0.647445378,0.644268908,0.635823529,39.42395798,46.543,51.21022689,53.69379832,2.118453782,21.14042857,3.228882353
835,0.652008333,0.648641667,0.646866667,0.644208333,0.635416667,39.4369,46.313275,51.200625,53.67855833,2.116116667,21.1458,3.227141667
836,0.651394958,0.647941176,0.646478992,0.643831933,0.635058824,39.4567563,46.38458824,51.17658824,53.68710084,2.119798319,21.13809244,3.224705882
837,0.651218487,0.647638655,0.646058824,0.643142857,0.634789916,38.99786555,46.36869748,51.19077311,53.71084874,2.112403361,21.13271429,3.222848739
838,0.651042017,0.647394958,0.645865546,0.642840336,0.634563025,39.08672269,46.04684034,51.22238655,53.68051261,2.10787395,21.12978151,3.221705882
839,0.651042017,0.647084034,0.645848739,0.642823529,0.634470588,39.03315126,45.81621849,51.15848739,53.7097395,2.112058824,21.12712605,3.221268908
840,0.650275,0.647016667,0.645541667,0.642741667,0.633941667,38.83738333,46.252875,51.125075,53.70769167,2.112841667,21.12478333,3.219516667
841,0.650563025,0.646840336,0.645361345,0.642521008,0.633907563,38.94521849,45.62404202,51.15994958,53.69318487,2.108932773,21.12627731,3.219193277
842,0.650386555,0.646823529,0.645184874,0.64207563,0.634008403,39.02131933,45.82463866,51.17505042,53.7147395,2.107117647,21.12536975,3.218478992
843,0.650529412,0.646470588,0.645134454,0.641915966,0.633756303,38.91963025,46.18306723,51.16472269,53.69011765,2.108504202,21.12910924,3.217806723
844,0.650193277,0.646403361,0.644848739,0.64189916,0.633638655,38.94147899,45.45221849,51.18115126,53.69867227,2.109226891,21.12164706,3.216983193
845,0.6501,0.646441667,0.644725,0.641816667,0.633641667,38.99268333,45.97286667,51.187325,53.70081667,2.107716667,21.12035,3.216725
846,0.649789916,0.646151261,0.644705882,0.641731092,0.633420168,39.02517647,45.26042017,51.17494118,53.67613445,2.109453782,21.12434454,3.215798319
847,0.649915966,0.646470588,0.644621849,0.641756303,0.633428571,38.92278992,45.86458824,51.17937815,53.68604202,2.108638655,21.1167563,3.216193277
848,0.649579832,0.646369748,0.644521008,0.641840336,0.633361345,38.91157983,45.24763866,51.18868908,53.69798319,2.111243697,21.12542857,3.215672269
849,0.649588235,0.646159664,0.644882353,0.641672269,0.633201681,39.00085714,46.15343697,51.19936134,53.73363025,2.107605042,21.12086555,3.215504202
850,0.64955,0.6461,0.6443,0.641475,0.633525,38.983,45.28555833,51.20406667,53.7257,2.110408333,21.132425,3.21495
851,0.649344538,0.64610084,0.643773109,0.641411765,0.633033613,39.17716807,45.84936134,51.23254622,53.72784034,2.109638655,21.1207479,3.213663866
852,0.649294118,0.645554622,0.643848739,0.64187395,0.633016807,39.31888235,46.08733613,51.25053782,53.75032773,2.110697479,21.12536134,3.213588235
853,0.649134454,0.645630252,0.644252101,0.641327731,0.632789916,39.27205882,45.30145378,51.24521008,53.73611765,2.115420168,21.12092437,3.213134454
854,0.649369748,0.645941176,0.64407563,0.640941176,0.632781513,39.34618487,46.03402521,51.26470588,53.76003361,2.115344538,21.12629412,3.213109244
855,0.649283333,0.645208333,0.643675,0.641025,0.6327,39.46460833,45.47245833,51.25919167,53.730375,2.117166667,21.127725,3.211891667
856,0.648932773,0.645226891,0.64392437,0.640789916,0.632504202,39.58140336,46.27990756,51.27021008,53.73266387,2.113142857,21.13331092,3.211378151
857,0.648789916,0.644764706,0.643554622,0.640756303,0.632420168,39.73435294,45.72271429,51.33176471,53.7182437,2.113453782,21.12852941,3.210285714
858,0.648310924,0.644806723,0.643672269,0.640470588,0.632033613,39.65370588,45.55293277,51.283,53.72666387,2.114705882,21.12907563,3.209294118
859,0.648470588,0.645092437,0.642823529,0.640588235,0.632159664,39.42929412,45.84393277,51.23252941,53.72566387,2.116537815,21.12972269,3.209134454
860,0.648067227,0.644773109,0.643319328,0.640352941,0.631571429,39.28605882,45.56019328,51.20294118,53.70447899,2.114092437,21.12678992,3.208084034
861,0.647991667,0.643991667,0.643241667,0.640425,0.63185,39.07389167,45.62000833,51.20254167,53.71884167,2.113691667,21.11041667,3.2075
862,0.647882353,0.644058824,0.642907563,0.639773109,0.631512605,39.15155462,45.66130252,51.23438655,53.71983193,2.110285714,21.1177479,3.206134454
863,0.647714286,0.644042017,0.642957983,0.639579832,0.631319328,39.15315966,45.51411765,51.26681513,53.73688235,2.110310924,21.11442857,3.205613445
864,0.647613445,0.64397479,0.642672269,0.639647059,0.631411765,39.0502437,45.28194958,51.23909244,53.73464706,2.115630252,21.11472269,3.205319328
865,0.647563025,0.643697479,0.642378151,0.639537815,0.631184874,39.13940336,45.43980672,51.23507563,53.73418487,2.115579832,21.11482353,3.204361345
866,0.647408333,0.6441,0.64215,0.639833333,0.631291667,39.06074167,45.66704167,51.20999167,53.72053333,2.11705,21.10166667,3.204783333
867,0.647697479,0.644058824,0.642252101,0.639915966,0.631226891,39.02265546,45.18176471,51.22080672,53.72289916,2.116705882,21.11515966,3.205151261
868,0.647613445,0.64394958,0.642504202,0.639344538,0.631369748,39.0514958,45.61087395,51.24740336,53.72844538,2.112428571,21.1147563,3.204781513
869,0.647789916,0.643823529,0.642478992,0.639394958,0.631142857,39.10952101,45.49194118,51.27126891,53.7277479,2.109294118,21.11030252,3.204630252
870,0.647537815,0.643915966,0.64205042,0.639310924,0.631218487,39.11486555,45.0652605,51.28834454,53.72040336,2.109857143,21.11065546,3.204033613
871,0.647516667,0.64375,0.642033333,0.639408333,0.63105,39.24506667,45.37488333,51.29191667,53.73060833,2.106541667,21.11753333,3.203758333
872,0.647420168,0.643621849,0.642243697,0.639596639,0.630957983,39.17915966,45.56142857,51.29620168,53.74153782,2.107159664,21.09704202,3.203840336
873,0.647411765,0.643747899,0.642352941,0.639327731,0.631151261,39.21591597,45.25306723,51.25704202,53.74526891,2.108168067,21.10986555,3.203991597
874,0.64707563,0.643638655,0.642016807,0.639294118,0.630840336,39.15657143,45.46419328,51.27104202,53.73131092,2.105655462,21.10891597,3.202865546
875,0.647151261,0.643773109,0.641815126,0.639310924,0.630865546,39.2145042,45.69687395,51.29065546,53.74459664,2.106815126,21.11168908,3.202915966
876,0.646966667,0.643208333,0.641791667,0.639433333,0.630691667,39.22170833,45.51975,51.22568333,53.738875,2.109883333,21.10851667,3.202091667
877,0.646680672,0.642941176,0.641697479,0.639,0.630436975,39.28378992,45.99608403,51.31852941,53.76141176,2.108478992,21.11540336,3.200756303
878,0.646386555,0.64305042,0.641495798,0.638369748,0.630403361,39.27581513,45.14634454,51.2935042,53.74794958,2.107722689,21.11126891,3.199705882
879,0.646487395,0.642495798,0.640941176,0.638134454,0.629831933,39.28637815,45.88559664,51.24111765,53.74776471,2.112285714,21.11530252,3.197890756
880,0.646210084,0.642714286,0.640731092,0.638495798,0.629907563,39.35704202,45.48079832,51.33731092,53.74853782,2.108705882,21.1107563,3.198058824
881,0.645941667,0.642583333,0.6407,0.638391667,0.629625,39.39493333,45.50018333,51.27224167,53.72976667,2.111858333,21.11686667,3.197241667
882,0.645680672,0.642529412,0.64005042,0.638226891,0.629563025,39.32404202,45.27069748,51.21571429,53.70947059,2.110915966,21.11326891,3.19605042
883,0.645739496,0.642428571,0.640420168,0.637789916,0.629310924,39.28605042,45.51063866,51.29884034,53.72851261,2.108327731,21.11116807,3.195689076
884,0.645428571,0.642462185,0.640016807,0.637756303,0.629487395,39.20413445,45.08152941,51.26477311,53.72746218,2.109352941,21.11419328,3.195151261
885,0.645319328,0.641361345,0.640478992,0.637453782,0.62907563,39.08388235,45.4052521,51.20431092,53.71982353,2.110495798,21.10140336,3.193689076
886,0.644966387,0.641672269,0.639647059,0.637193277,0.628504202,39.3030084,45.21642857,51.28081513,53.72032773,2.106680672,21.09753782,3.191983193
887,0.644858333,0.640958333,0.639391667,0.637066667,0.628558333,39.29653333,45.75885,51.2796,53.73549167,2.108775,21.11,3.190833333
888,0.644478992,0.641151261,0.639428571,0.63687395,0.627857143,39.07795798,45.4107479,51.22009244,53.70321008,2.114201681,21.10721008,3.189789916
889,0.644638655,0.640781513,0.639218487,0.636512605,0.628327731,39.18689076,45.30112605,51.24983193,53.72097479,2.108344538,21.10041176,3.189478992
890,0.644512605,0.641243697,0.639193277,0.636605042,0.628218487,39.09251261,46.16929412,51.25447059,53.73515966,2.108361345,21.1107563,3.189773109
891,0.644487395,0.640915966,0.639134454,0.636789916,0.628378151,38.99478151,45.5427563,51.24519328,53.7167563,2.105840336,21.10108403,3.189705882
892,0.644358333,0.641416667,0.639425,0.636841667,0.628183333,39.145825,46.22165,51.26939167,53.73630833,2.107716667,21.10714167,3.190225
893,0.644663866,0.640823529,0.638991597,0.636697479,0.628285714,39.12485714,46.19994118,51.24763866,53.73763866,2.103336134,21.08823529,3.189462185
894,0.644613445,0.64092437,0.638907563,0.636823529,0.628016807,39.10454622,45.6277479,51.26060504,53.72173109,2.105546218,21.10266387,3.189285714
895,0.644277311,0.640907563,0.639092437,0.636672269,0.628176471,39.04668067,46.29815966,51.27839496,53.74495798,2.102529412,21.1037479,3.18912605
896,0.644176471,0.640932773,0.638840336,0.636512605,0.627781513,38.90781513,45.978,51.22781513,53.70486555,2.103487395,21.09327731,3.188243697
897,0.643883333,0.640416667,0.638766667,0.63645,0.627883333,38.919325,45.45596667,51.20934167,53.70966667,2.104591667,21.10135,3.1874
898,0.643823529,0.640756303,0.638378151,0.636201681,0.627680672,38.91793277,46.2177563,51.21453782,53.73038655,2.106546218,21.10666387,3.186840336
899,0.643537815,0.640201681,0.637731092,0.635689076,0.627084034,39.05780672,45.51245378,51.22979832,53.70130252,2.105840336,21.09904202,3.184243697
900,0.643084034,0.639638655,0.637756303,0.635529412,0.626714286,39.37442017,46.2249916,51.29481513,53.71569748,2.105764706,21.10329412,3.182722689
901,0.642739496,0.639201681,0.637411765,0.635201681,0.626411765,39.40929412,46.23368067,51.23471429,53.71617647,2.10892437,21.10477311,3.180966387
902,0.642916667,0.639408333,0.636875,0.634775,0.626416667,39.19960833,45.85948333,51.240775,53.719825,2.10645,21.11175,3.180391667
903,0.642495798,0.63892437,0.63687395,0.634915966,0.626142857,39.40712605,46.06843697,51.21783193,53.70670588,2.109747899,21.10151261,3.179352941
904,0.642159664,0.639386555,0.637235294,0.634722689,0.625941176,39.22851261,46.31033613,51.26690756,53.73297479,2.108806723,21.10554622,3.179445378
905,0.642613445,0.638537815,0.637168067,0.634361345,0.625991597,39.31243697,45.94134454,51.19433613,53.67557983,2.109302521,21.10368067,3.178672269
906,0.642436975,0.639184874,0.637008403,0.634781513,0.626016807,39.2127563,45.5887563,51.18143697,53.70328571,2.10889916,21.09665546,3.179428571
907,0.642716667,0.639141667,0.636733333,0.634483333,0.625975,39.164,46.247725,51.25016667,53.72221667,2.1057,21.0981,3.17905
908,0.641714286,0.638445378,0.636,0.633773109,0.625420168,39.26880672,46.02051261,51.17531092,53.64018487,2.109756303,21.10562185,3.175352941
909,0.641521008,0.637747899,0.635890756,0.633403361,0.625067227,39.11614286,45.90176471,51.14068067,53.66446218,2.113134454,21.08684874,3.173630252
910,0.640806723,0.638008403,0.635235294,0.633445378,0.624529412,39.00667227,45.8194958,51.25818487,53.71466387,2.108731092,21.10108403,3.17202521
911,0.641016807,0.637193277,0.63492437,0.633042017,0.624478992,39.18317647,45.75291597,51.27686555,53.70239496,2.105806723,21.10077311,3.170655462
912,0.640487395,0.637655462,0.63489916,0.632773109,0.624016807,39.13163025,46.46238655,51.26717647,53.70495798,2.102915966,21.0997479,3.169831933
913,0.640683333,0.637216667,0.635258333,0.632858333,0.624425,39.17993333,46.20339167,51.27893333,53.72001667,2.102825,21.105925,3.170441667
914,0.640798319,0.637252101,0.635243697,0.633176471,0.624361345,39.28415966,45.86364706,51.27491597,53.7190084,2.101991597,21.1067395,3.170831933
915,0.640697479,0.637554622,0.635268908,0.633,0.624151261,39.16308403,45.78297479,51.30266387,53.729,2.101378151,21.09007563,3.170672269
916,0.640781513,0.637537815,0.634697479,0.632857143,0.624403361,39.1892437,46.43035294,51.30142857,53.72908403,2.101647059,21.10273109,3.170277311
917,0.640546218,0.637184874,0.634571429,0.632957983,0.62405042,39.20080672,46.00989076,51.27615126,53.72751261,2.104134454,21.08882353,3.169310924
918,0.640283333,0.636991667,0.635,0.632475,0.623808333,39.26959167,45.63585,51.27928333,53.72486667,2.099258333,21.09715,3.168558333
919,0.640571429,0.63692437,0.634680672,0.632579832,0.62402521,39.26519328,46.34604202,51.28836975,53.71505042,2.103302521,21.10316807,3.168781513
920,0.640084034,0.637008403,0.634285714,0.632613445,0.623705882,39.19594118,46.39168067,51.27033613,53.74054622,2.103151261,21.11012605,3.167697479
921,0.639672269,0.636621849,0.634344538,0.63212605,0.623159664,39.10996639,45.56977311,51.25868067,53.70291597,2.102109244,21.10031933,3.16592437
922,0.639386555,0.636193277,0.633529412,0.631798319,0.622882353,39.16060504,45.71870588,51.26315966,53.72679832,2.102352941,21.0942437,3.163789916
923,0.638458333,0.635125,0.633141667,0.631975,0.622141667,39.20756667,45.78873333,51.287425,53.72255,2.102866667,21.09093333,3.160841667
924,0.637983193,0.63489916,0.632352941,0.630361345,0.621361345,39.21748739,46.15468908,51.26954622,53.71415966,2.107159664,21.08569748,3.156957983
925,0.6381,0.634533333,0.631783333,0.630533333,0.62125,39.431325,46.05343333,51.207675,53.70833333,2.110591667,21.09718333,3.1562
926,0.637739496,0.635336134,0.632226891,0.630352941,0.621134454,39.3524958,45.69589076,51.17419328,53.6707479,2.113117647,21.10334454,3.156789916
927,0.637966667,0.6351,0.632325,0.630491667,0.621633333,39.2725,45.78356667,51.154375,53.67873333,2.115308333,21.08435,3.157516667
928,0.638210084,0.635033613,0.632537815,0.631117647,0.621655462,39.37963866,46.14997479,51.15062185,53.65885714,2.115983193,21.08836134,3.158554622
929,0.638689076,0.635689076,0.633235294,0.630890756,0.62212605,39.50155462,45.65863866,51.17916807,53.67671429,2.116966387,21.08907563,3.160630252
930,0.63889916,0.635403361,0.633067227,0.630823529,0.621991597,39.46202521,46.31353782,51.22233613,53.64862185,2.111394958,21.07184034,3.160184874
931,0.639319328,0.63587395,0.633042017,0.631453782,0.622445378,39.5575042,46.27808403,51.2047395,53.63814286,2.110563025,21.07092437,3.162134454
932,0.639091667,0.635908333,0.633333333,0.631658333,0.622425,39.4752,45.60335833,51.12645833,53.62684167,2.115375,21.07358333,3.162416667
933,0.639,0.635907563,0.632890756,0.631403361,0.622420168,39.30028571,45.91017647,51.11292437,53.61560504,2.115210084,21.07960504,3.161621849
934,0.638638655,0.63497479,0.632336134,0.630563025,0.621781513,39.2955042,45.49618487,51.21897479,53.6420084,2.115277311,21.07514286,3.158294118
935,0.63705042,0.633663866,0.630781513,0.629495798,0.620084034,39.53447059,46.2879916,51.33888235,53.67042017,2.111201681,21.07590756,3.15107563
936,0.635529412,0.632806723,0.629605042,0.627689076,0.618,39.37796639,45.47289076,51.30157983,53.65776471,2.110008403,21.0822437,3.143630252
937,0.634216667,0.631183333,0.628908333,0.627308333,0.617133333,39.526,46.27603333,51.30875,53.63073333,2.114608333,21.0878,3.13875
938,0.63402521,0.631243697,0.628579832,0.626823529,0.617109244,39.39257143,46.19904202,51.28641176,53.65830252,2.109722689,21.0705042,3.137781513
939,0.634428571,0.631655462,0.628521008,0.626697479,0.617193277,39.19389916,45.62003361,51.2609916,53.65421849,2.113806723,21.06812605,3.138495798
940,0.634168067,0.631394958,0.628781513,0.627336134,0.617268908,39.24384034,46.22731092,51.26754622,53.64155462,2.115705882,21.07890756,3.13894958
941,0.634563025,0.631462185,0.628176471,0.626756303,0.617151261,39.24131933,46.22655462,51.28642857,53.67184034,2.111201681,21.06515966,3.138109244
942,0.633841667,0.630866667,0.628358333,0.626575,0.616725,39.2357,45.36801667,51.28420833,53.65425833,2.1129,21.07145833,3.136366667
943,0.633596639,0.630764706,0.627798319,0.626243697,0.616369748,39.06556303,46.21128571,51.26484874,53.65344538,2.116058824,21.07495798,3.134773109
944,0.633462185,0.630563025,0.627865546,0.62605042,0.616252101,38.96136975,45.64848739,51.23595798,53.63242017,2.114512605,21.06593277,3.134193277
945,0.633647059,0.630806723,0.627310924,0.626151261,0.616378151,39.02660504,46.20960504,51.21647899,53.63615126,2.114193277,21.06978151,3.134294118
946,0.633369748,0.630680672,0.628268908,0.626033613,0.616470588,39.28055462,45.49162185,51.25593277,53.65592437,2.110764706,21.06909244,3.134823529
947,0.632798319,0.630084034,0.627344538,0.625554622,0.615546218,39.56667227,46.34863025,51.34504202,53.66360504,2.106890756,21.06880672,3.131327731
948,0.63255,0.6302,0.626441667,0.62525,0.614925,39.41373333,46.31045833,51.31091667,53.63829167,2.110408333,21.07520833,3.129366667
949,0.632184874,0.629512605,0.626731092,0.624596639,0.614714286,39.3967395,45.63715966,51.2397395,53.62287395,2.110151261,21.06452941,3.127739496
950,0.631966387,0.629638655,0.626285714,0.624831933,0.614579832,39.3834958,46.17196639,51.24453782,53.62513445,2.112378151,21.06912605,3.127302521
951,0.632689076,0.63007563,0.626781513,0.625184874,0.615277311,39.61589076,46.1947395,51.27616807,53.6277563,2.111033613,21.07401681,3.130008403
952,0.633344538,0.630714286,0.627983193,0.62605042,0.616302521,39.77496639,46.28595798,51.34717647,53.68618487,2.111537815,21.08017647,3.134394958
953,0.63465,0.631875,0.628183333,0.626666667,0.617175,39.68310833,45.68968333,51.33308333,53.68355,2.107608333,21.085525,3.13855
954,0.635403361,0.632478992,0.629647059,0.628,0.618504202,39.6485042,46.32634454,51.34806723,53.69768067,2.104470588,21.08970588,3.144033613
955,0.636369748,0.632815126,0.630151261,0.628680672,0.619344538,39.56051261,46.3642605,51.3449916,53.7042437,2.09992437,21.08652941,3.147361345
956,0.636806723,0.633831933,0.63105042,0.629201681,0.620336134,39.55204202,46.40122689,51.34393277,53.68617647,2.103453782,21.08671429,3.151226891
957,0.637714286,0.634117647,0.631319328,0.629848739,0.620815126,39.59943697,45.59483193,51.32316807,53.69992437,2.105420168,21.0817395,3.153815126
958,0.637708333,0.634491667,0.631941667,0.629941667,0.620708333,39.58484167,46.442675,51.34364167,53.699375,2.105166667,21.07643333,3.154791667
959,0.637546218,0.634319328,0.631630252,0.62994958,0.62094958,39.60313445,46.33763866,51.34391597,53.6887395,2.105529412,21.0770084,3.154394958
960,0.637537815,0.634210084,0.631596639,0.629705882,0.620823529,39.5827479,46.30736134,51.33528571,53.68662185,2.106134454,21.08208403,3.15387395
961,0.63689916,0.633756303,0.630815126,0.629756303,0.62002521,39.61798319,44.64754622,51.38603361,53.70683193,2.102546218,21.07735294,3.151252101
962,0.636386555,0.633260504,0.630537815,0.628781513,0.619260504,39.70215126,44.56659664,51.42159664,53.68766387,2.101915966,21.08273109,3.148226891
963,0.636091667,0.632475,0.629375,0.62805,0.618941667,39.76213333,44.49045833,51.42929167,53.69271667,2.100391667,21.08328333,3.144933333
964,0.635042017,0.632159664,0.629184874,0.627789916,0.617957983,39.82890756,44.45907563,51.44069748,53.70153782,2.096579832,21.07935294,3.142134454
965,0.63487395,0.63192437,0.628957983,0.626672269,0.617571429,39.80762185,44.4820084,51.46222689,53.71173109,2.09902521,21.08291597,3.14
966,0.634773109,0.631722689,0.628848739,0.62710084,0.617613445,39.81418487,44.41185714,51.45169748,53.68744538,2.097361345,21.07805042,3.140058824
967,0.634983193,0.631806723,0.628563025,0.62702521,0.617394958,39.64094958,44.43035294,51.42443697,53.6992605,2.096058824,21.07673109,3.139773109
968,0.63485,0.631616667,0.628958333,0.627241667,0.61795,39.66934167,44.36526667,51.43736667,53.6906,2.096975,21.0758,3.140616667
969,0.635117647,0.632252101,0.629411765,0.627218487,0.61789916,39.59238655,44.4349916,51.42305042,53.69135294,2.098310924,21.09858824,3.14189916
970,0.635184874,0.632403361,0.629159664,0.627798319,0.618226891,39.59656303,44.39442017,51.44243697,53.70548739,2.098294118,21.08993277,3.142773109
971,0.635705882,0.63207563,0.629184874,0.628117647,0.618302521,39.59055462,44.36545378,51.42289076,53.71723529,2.102478992,21.09292437,3.143386555
972,0.635941176,0.632478992,0.629722689,0.627789916,0.618344538,39.63341176,44.4619916,51.41986555,53.70948739,2.101890756,21.07943697,3.144277311
973,0.635741667,0.632658333,0.629708333,0.628,0.61865,39.58994167,44.43420833,51.42946667,53.73328333,2.099483333,21.07198333,3.144758333
974,0.635831933,0.633042017,0.629714286,0.627915966,0.618806723,39.53721008,44.37442857,51.43014286,53.71731933,2.097462185,21.07530252,3.145310924
975,0.636175,0.6332,0.630708333,0.6285,0.619441667,39.61430833,44.33838333,51.43488333,53.72695,2.09945,21.08325833,3.148025
976,0.636445378,0.633823529,0.629966387,0.628815126,0.619680672,39.5777479,44.47070588,51.43040336,53.7317563,2.100680672,21.07256303,3.148731092
977,0.63687395,0.633882353,0.630663866,0.629781513,0.620142857,39.51028571,44.38011765,51.42523529,53.73953782,2.101781513,21.08068908,3.151344538
978,0.637445378,0.634168067,0.631436975,0.629462185,0.620462185,39.55780672,44.46078151,51.40091597,53.73002521,2.101260504,21.08041176,3.15297479
979,0.637725,0.634516667,0.63155,0.629591667,0.620858333,39.467575,44.45295833,51.40954167,53.73888333,2.100675,21.08080833,3.154241667
980,0.63797479,0.634495798,0.631596639,0.630243697,0.621201681,39.44873109,44.33392437,51.36784034,53.72873109,2.100512605,21.07960504,3.155512605
981,0.638260504,0.63505042,0.631689076,0.629571429,0.620915966,39.50097479,44.31027731,51.38081513,53.72442017,2.098663866,21.07431933,3.155487395
982,0.637966387,0.635016807,0.631478992,0.629613445,0.620773109,39.48394958,44.40862185,51.37939496,53.73196639,2.102739496,21.06955462,3.154848739
983,0.637655462,0.634210084,0.631294118,0.62992437,0.620806723,39.49957983,44.42746218,51.37551261,53.71141176,2.099319328,21.07326891,3.153890756
984,0.637641667,0.634183333,0.631183333,0.62965,0.620741667,39.53810833,44.35694167,51.36720833,53.71881667,2.100758333,21.07709167,3.1534
985,0.637865546,0.634302521,0.630907563,0.629588235,0.620571429,39.55201681,44.30659664,51.41745378,53.71812605,2.102680672,21.07340336,3.153235294
986,0.637428571,0.634470588,0.630663866,0.629537815,0.620378151,39.60482353,44.41147899,51.41759664,53.711,2.099781513,21.06915966,3.152478992
987,0.637705882,0.634462185,0.631210084,0.629436975,0.620252101,39.70003361,44.34501681,51.41116807,53.70263866,2.101142857,21.0747563,3.153067227
988,0.637537815,0.634537815,0.630966387,0.629268908,0.620739496,39.70015966,44.31257143,51.42455462,53.71347899,2.101966387,21.07752941,3.15305042
989,0.637725,0.634366667,0.631141667,0.629566667,0.620775,39.673925,44.22919167,51.42465,53.73156667,2.100558333,21.07521667,3.153575
990,0.637882353,0.634176471,0.631361345,0.629621849,0.620848739,39.70981513,44.26669748,51.41708403,53.68311765,2.099428571,21.07910084,3.153890756
991,0.63805042,0.634630252,0.631529412,0.62989916,0.620823529,39.701,44.21918487,51.41079832,53.70419328,2.102142857,21.07739496,3.154932773
992,0.637991597,0.634571429,0.631218487,0.630067227,0.621016807,39.6365042,44.34569748,51.39440336,53.68180672,2.099647059,21.07810924,3.154865546
993,0.637991597,0.634478992,0.631773109,0.629773109,0.620705882,39.33664706,44.31647059,51.2492605,53.64704202,2.104915966,21.05258824,3.154722689
994,0.638091667,0.634591667,0.630916667,0.629808333,0.620808333,39.363975,44.25115,51.19851667,53.62238333,2.107191667,21.05010833,3.154216667
995,0.637773109,0.634521008,0.631378151,0.629781513,0.620907563,39.39678151,44.22868067,51.21211765,53.62479832,2.108193277,21.05567227,3.154361345
996,0.637579832,0.634386555,0.630991597,0.629697479,0.620436975,39.42234454,44.28238655,51.21393277,53.61943697,2.109504202,21.04516807,3.153092437
997,0.637428571,0.634235294,0.631386555,0.629705882,0.620193277,39.55335294,44.28262185,51.22973109,53.62666387,2.11,21.0525042,3.15294958
998,0.637411765,0.634058824,0.63102521,0.629529412,0.620478992,39.64651261,44.28994958,51.15105042,53.61061345,2.113621849,21.05644538,3.152504202
999,0.637141667,0.63415,0.631,0.629416667,0.6203,39.591225,44.34795833,51.13159167,53.61709167,2.115108333,21.0606,3.152008333
1000,0.637478992,0.63412605,0.63094958,0.629067227,0.620285714,39.5157479,44.33931933,51.13568908,53.58965546,2.114268908,21.06936975,3.151907563
1001,0.637394958,0.633781513,0.631428571,0.629605042,0.620571429,39.76329412,44.3040084,51.19831092,53.60164706,2.111613445,21.06063025,3.152781513
1002,0.637731092,0.634411765,0.631226891,0.629563025,0.620436975,39.68671429,44.31463025,51.10887395,53.60696639,2.113235294,21.06966387,3.153369748
1003,0.63794958,0.634563025,0.631470588,0.629739496,0.620890756,39.62808403,44.26311765,51.07127731,53.59711765,2.117739496,21.07561345,3.154613445
1004,0.637941176,0.634907563,0.631302521,0.629848739,0.621,39.51656303,44.28928571,51.11445378,53.60930252,2.113109244,21.05684034,3.155
1005,0.637991667,0.634658333,0.631558333,0.629733333,0.621116667,39.51720833,44.1898,51.19490833,53.605075,2.112116667,21.04700833,3.155058333
1006,0.637352941,0.634647059,0.631420168,0.629302521,0.620571429,39.47605882,44.3302437,51.19230252,53.60387395,2.111747899,21.04142017,3.153294118
1007,0.637546218,0.634403361,0.631218487,0.629504202,0.620394958,39.66002521,44.2269916,51.29834454,53.67818487,2.110571429,21.04870588,3.153067227
1008,0.636966387,0.633823529,0.631067227,0.62894958,0.620193277,39.75337815,44.10962185,51.33420168,53.70517647,2.110739496,21.04878992,3.151
1009,0.636,0.633403361,0.62992437,0.628168067,0.619058824,39.71846218,44.24815966,51.38135294,53.71769748,2.104672269,21.06184874,3.146554622
1010,0.635525,0.632316667,0.629358333,0.627316667,0.618266667,39.80188333,44.12213333,51.391725,53.71065833,2.0998,21.060875,3.142783333
1011,0.634420168,0.631184874,0.628714286,0.626529412,0.617319328,39.82544538,44.14826891,51.39997479,53.73491597,2.101823529,21.06848739,3.138168067
1012,0.633705882,0.630647059,0.627957983,0.626151261,0.616495798,39.8882437,44.1364958,51.40640336,53.71194118,2.098495798,21.06831933,3.134957983
1013,0.633941176,0.631042017,0.627268908,0.625957983,0.616563025,39.91983193,44.10936134,51.41282353,53.71819328,2.096184874,21.06066387,3.134773109
1014,0.633907563,0.631092437,0.628084034,0.626193277,0.616714286,39.92665546,44.18014286,51.39140336,53.69481513,2.096554622,21.06589076,3.135991597
1015,0.634433333,0.631575,0.628266667,0.627,0.617433333,39.8694,44.19231667,51.4061,53.718825,2.094183333,21.06355833,3.138708333
1016,0.63510084,0.631907563,0.628411765,0.627042017,0.61789916,39.9322521,44.17917647,51.37692437,53.6797563,2.096697479,21.05993277,3.140361345
1017,0.634831933,0.632336134,0.628487395,0.627201681,0.617747899,39.57210924,44.28557143,51.22904202,53.6272437,2.10587395,21.04030252,3.140605042
1018,0.635327731,0.632184874,0.628672269,0.62694958,0.618058824,39.39042017,44.30091597,51.10941176,53.58896639,2.109596639,21.02642017,3.141193277
1019,0.635378151,0.632512605,0.62912605,0.627470588,0.618378151,39.38679832,44.20173109,51.11501681,53.60473109,2.111168067,21.03898319,3.142865546
1020,0.635266667,0.632741667,0.629091667,0.627516667,0.618158333,39.35429167,44.25011667,51.0885,53.57031667,2.111408333,21.03800833,3.142775
1021,0.635359375,0.632421875,0.628921875,0.62803125,0.61846875,39.47107813,44.17675,51.12207813,53.6015625,2.11403125,21.040375,3.143203125
