run_seed,model,split,case_type,sequence_id,n_metric_steps,n_events,n_nonevents,n_drift_steps,n_revision_steps,mse,mae,final_mse,final_mae,event_mse,event_mae,nonevent_mse,nonevent_mae,drift_nonevent,drift_post_best,revision_gain,event_abs_err_lag_m2,best_abs_err_lag_m2,event_abs_err_lag_m1,best_abs_err_lag_m1,event_abs_err_lag_0,best_abs_err_lag_0,event_abs_err_lag_1,best_abs_err_lag_1,event_abs_err_lag_2,best_abs_err_lag_2,event_abs_err_lag_3,best_abs_err_lag_3,event_abs_err_lag_4,best_abs_err_lag_4,event_abs_err_lag_6,best_abs_err_lag_6,event_abs_err_lag_8,best_abs_err_lag_8,event_abs_err_lag_12,best_abs_err_lag_12,event_abs_err_lag_16,best_abs_err_lag_16,alpha_event,alpha_nonevent,alpha_contrast,event_alpha_lag_m2,best_alpha_lag_m2,event_alpha_lag_m1,best_alpha_lag_m1,event_alpha_lag_0,best_alpha_lag_0,event_alpha_lag_1,best_alpha_lag_1,event_alpha_lag_2,best_alpha_lag_2,event_alpha_lag_3,best_alpha_lag_3,event_alpha_lag_4,best_alpha_lag_4,event_alpha_lag_6,best_alpha_lag_6,event_alpha_lag_8,best_alpha_lag_8,event_alpha_lag_12,best_alpha_lag_12,event_alpha_lag_16,best_alpha_lag_16
1212609727,qlstm,extrapolation,iid,2000000,62,8,54,53,8,0.05318865454875001,0.20202321198678785,0.13265545459152173,0.36421896517276764,0.027595003201038276,0.12626596353948116,0.05698030660026285,0.2132465080530555,0.030598539226460008,0.02668845256169637,0.018849655985832214,0.07197619335991996,0.06799900531768799,0.0632425956428051,0.032813429832458496,0.12626596353948116,0.3888469487428665,0.11199108324944973,0.34619857370853424,0.11730519495904446,0.30672843754291534,0.10833419673144817,0.27159257233142853,0.15124428644776344,0.24966861307621002,0.13116341456770897,0.26157672703266144,0.1520787738263607,0.28088976442813873,0.2718721590936184,0.2965070754289627,0.26529789183820995,,0.4833211414515972,0.47163621694953356,0.011684924502063654,0.4896344244480133,0.4712495505809784,0.4902210906147957,0.48727989196777344,0.4833211414515972,0.48434412479400635,0.489336047321558,0.48607468605041504,0.47719478979706764,0.4572615325450897,0.48030636087059975,0.45509859919548035,0.47970012575387955,0.45095932483673096,0.4730536751449108,0.4745115339756012,0.46936268359422684,0.47373923659324646,0.47044848278164864,0.45661020278930664,0.4644746014050075,
1212609727,qlstm,extrapolation,iid,2000001,62,4,58,58,3,0.04613825408130451,0.20100887744657456,0.03207229699506797,0.17908740043640137,0.082145584708182,0.2827489525079727,0.043654989900140544,0.19537163089061604,0.03595659239538785,0.03510380609362733,0.053140064080556236,0.3340074419975281,0.2118479609489441,0.3123462398846944,0.19952380657196045,0.2827489525079727,0.2239784598350525,0.25176870822906494,0.21869289875030518,0.22184401750564575,0.1781017780303955,0.236811101436615,0.206981360912323,0.23821574449539185,0.19833630323410034,0.18930570781230927,0.1351466178894043,0.1710316389799118,0.08719545602798462,0.15494802594184875,0.19898158311843872,0.19515882432460785,0.24579668045043945,0.4986511990427971,0.46858266561195766,0.030068533430839428,0.4882379174232483,0.4734751284122467,0.46969608465830487,0.4484061896800995,0.4986511990427971,0.48311901092529297,0.47003109008073807,0.45534852147102356,0.4770430028438568,0.4751828610897064,0.4767833724617958,0.4746917188167572,0.4700320437550545,0.4831754267215729,0.47007185965776443,0.4878147542476654,0.4741024374961853,0.4730600416660309,0.47602084279060364,0.4850502908229828,0.47047076374292374,0.4679029881954193
1212609727,qlstm,extrapolation,iid,2000002,62,3,59,58,3,0.14198534195075438,0.36917968935543494,0.07699770089275049,0.27748459577560425,0.11801986935691773,0.33794557054837543,0.14320392530298337,0.37076786488799723,0.03639778186535013,0.038883044913008404,0.050573388735453285,0.40148994823296863,0.5079154968261719,0.365454542140166,0.4651307463645935,0.33794557054837543,0.3762515187263489,0.3633524974187215,0.293388307094574,0.39318301280339557,0.32978492975234985,0.3986266056696574,0.2870662212371826,0.4255295395851135,0.37850022315979004,0.3607029318809509,0.27472424507141113,0.39724963903427124,0.4095335602760315,0.4231684406598409,0.43085455894470215,0.42906556526819867,0.43707597255706787,0.4960814118385315,0.4739936181044174,0.02208779373411407,0.5170913835366567,0.4885353744029999,0.5030768513679504,0.47746217250823975,0.4960814118385315,0.4715855121612549,0.4777061939239502,0.46902546286582947,0.4714582959810893,0.4612743854522705,0.47790202498435974,0.4847874939441681,0.47091811895370483,0.47388243675231934,0.47606085737546283,0.4712280333042145,0.47550981243451435,0.4816330373287201,0.477295716603597,0.4557163417339325,0.46006251374880475,0.4377225935459137
1212609727,qlstm,extrapolation,iid,2000003,62,2,60,59,2,0.1656375761778967,0.4024107400928774,0.13527191645945202,0.3677933067083359,0.1207801982698744,0.3447641283273697,0.16713282210816416,0.40433229381839436,0.03162075099298509,0.031728787668820084,0.04602557420730591,0.3009703606367111,0.3009703606367111,0.31811346858739853,0.27561573684215546,0.3447641283273697,0.38855789601802826,0.31655512750148773,0.35749451816082,0.36409802734851837,0.3396381586790085,0.34622082114219666,0.3349471241235733,0.34735165536403656,0.35506515204906464,0.39192794263362885,0.42879073321819305,0.4005212336778641,0.3722517341375351,0.38529495894908905,0.3860848993062973,0.40430428087711334,0.4014824479818344,0.5136519968509674,0.47267446865638096,0.04097752819458644,0.5270352959632874,0.5270352959632874,0.5238935798406601,0.49587908387184143,0.5136519968509674,0.5002686977386475,0.4837082028388977,0.471537321805954,0.4861966520547867,0.4721246063709259,0.4778437465429306,0.4841501712799072,0.483094185590744,0.49406376481056213,0.47777944803237915,0.46149513125419617,0.4761933982372284,0.4908916652202606,0.4658452570438385,0.47763243317604065,0.4820858836174011,0.4732479751110077
1212609727,qlstm,extrapolation,iid,2000004,62,7,55,55,6,0.08017769017115513,0.23981513515595468,0.10783143031157238,0.32837696373462677,0.07911625975064207,0.24407672669206346,0.08031278131558406,0.23927275077863172,0.027213959260420365,0.028801222642262776,0.023411025603612263,0.2747390667597453,0.35222697257995605,0.27790402869383496,0.3876248598098755,0.24407672669206346,0.2706651836633682,0.2384499886206218,0.2760971933603287,0.23529959789344243,0.24970419704914093,0.25471803758825573,0.2971670776605606,0.2976869876895632,0.28377003967761993,0.24096811030592238,0.30125029385089874,0.2650506006819861,0.27594585716724396,0.1631725380818049,,0.08656770984331767,,0.48788420643125263,0.47178574800491335,0.01609845842633928,0.47599878410498303,0.4599021375179291,0.47526473303635913,0.4692385494709015,0.48788420643125263,0.4819523096084595,0.4894490582602365,0.4912961423397064,0.4809660187789372,0.4708167612552643,0.4691820314952305,0.479475736618042,0.464873377765928,0.46569040417671204,0.47169781156948637,0.4673211872577667,0.4716180903570993,0.464292049407959,0.4761323978503545,,0.467110350728035,
1212609727,qlstm,extrapolation,iid,2000005,62,3,59,58,3,0.22306044759435295,0.4558128257912974,0.1908198622700752,0.4368293285369873,0.1091217293730405,0.27058417598406476,0.22885394174119936,0.46523123171369907,0.02987856494969335,0.02964905547160728,0.04117482900619507,0.26393158733844757,0.5161216259002686,0.21100552876790366,0.5060203671455383,0.27058417598406476,0.4114980697631836,0.2734345694382985,0.43273890018463135,0.3085923095544179,0.4561281204223633,0.4612426161766052,0.502744734287262,0.4720778266588847,0.5242885947227478,0.46594659487406415,0.5028848052024841,0.49137069781621295,0.5119636058807373,0.4919782678286235,0.47030526399612427,0.47508203983306885,0.54017573595047,0.4882167875766754,0.46892339799363736,0.019293389583038056,0.457527220249176,0.44358906149864197,0.5003893375396729,0.4789693355560303,0.4882167875766754,0.46184754371643066,0.4652400314807892,0.44927898049354553,0.4787896970907847,0.48255398869514465,0.47145093480745953,0.4673898220062256,0.4624498188495636,0.4687846601009369,0.4589789807796478,0.45499303936958313,0.4758659203847249,0.4660744369029999,0.46850605805714923,0.48313531279563904,0.4783113996187846,0.4720397889614105
1212609727,qlstm,extrapolation,iid,2000006,62,1,61,61,0,0.019737424310561313,0.13086533546447754,0.02909736344776448,0.17057949304580688,0.02604761922185972,0.16139274835586548,0.019633978492343305,0.13036488607281543,0.029948642996490978,0.029948642996490978,,,,,,0.16139274835586548,0.16139274835586548,0.1716322898864746,0.1716322898864746,0.20468664169311523,0.20468664169311523,0.15691041946411133,0.15691041946411133,0.18661296367645264,0.18661296367645264,0.224614679813385,0.224614679813385,0.17718708515167236,0.17718708515167236,0.06762254238128662,0.06762254238128662,0.07261008024215698,0.07261008024215698,0.5695894956588745,0.4732659463999701,0.0963235492589044,,,,,0.5695894956588745,0.5695894956588745,0.4996080696582794,0.4996080696582794,0.4776933491230011,0.4776933491230011,0.48965176939964294,0.48965176939964294,0.48283252120018005,0.48283252120018005,0.4488505423069,0.4488505423069,0.48859843611717224,0.48859843611717224,0.4637681543827057,0.4637681543827057,0.480059951543808,0.480059951543808
1212609727,qlstm,extrapolation,iid,2000007,62,4,58,58,3,0.015379148875778155,0.07139741389020797,0.0006009298457962942,0.02451387047767639,0.10441722396518295,0.2557728309184313,0.009238591973060581,0.05868186788826153,0.030034831885633797,0.029827437230518887,0.03637111186981201,0.4463198073208332,0.37507784366607666,0.3011985744039218,0.3601836562156677,0.2557728309184313,0.0478118360042572,0.3546582870185375,0.08011552691459656,0.2335828635841608,0.050669580698013306,0.2235899567604065,0.07898280024528503,0.1309349462389946,0.06507471203804016,0.05271369218826294,0.014994949102401733,0.05691009759902954,0.06858792901039124,0.06021970510482788,0.026458173990249634,0.07803969085216522,0.09979912638664246,0.5139354020357132,0.4666958250876131,0.047239576948100104,0.5002381950616837,0.48524245619773865,0.5054854452610016,0.4596100151538849,0.5139354020357132,0.47999128699302673,0.47732897847890854,0.4528995752334595,0.47995201498270035,0.4730019271373749,0.4702533707022667,0.48326143622398376,0.47448767721652985,0.4853474795818329,0.46527885645627975,0.4498664438724518,0.4699970781803131,0.461512953042984,0.44919978082180023,0.4425971210002899,0.46359920501708984,0.473313570022583
1212609727,qlstm,extrapolation,iid,2000008,62,4,58,57,4,0.02281305127613089,0.1268558915584318,0.03704718434235943,0.19247645139694214,0.03315035266379329,0.14315731823444366,0.022100133939050724,0.12573165523594823,0.03183009436256007,0.03431128320239839,0.01647701859474182,0.19925612956285477,0.3346059322357178,0.20167148858308792,0.359824538230896,0.14315731823444366,0.0911223292350769,0.13869551569223404,0.046266019344329834,0.07328841835260391,0.040977537631988525,0.0638824999332428,0.10093182325363159,0.07048043608665466,0.07111155986785889,0.10716845095157623,0.10680890083312988,0.14655941724777222,0.12204676866531372,0.09152010083198547,0.12729281187057495,0.11453227698802948,0.0971943736076355,0.45847460627555847,0.4799298253552667,-0.02145521907970821,0.4727812632918358,0.4594224989414215,0.4882531613111496,0.49432364106178284,0.45847460627555847,0.4658716917037964,0.4868343248963356,0.49398207664489746,0.46614357829093933,0.48788294196128845,0.48170388489961624,0.4737640917301178,0.4755406677722931,0.46287932991981506,0.4703226387500763,0.47919678688049316,0.47865351289510727,0.4997294247150421,0.48112746328115463,0.46695399284362793,0.47873935103416443,0.47373175621032715
1212609727,qlstm,extrapolation,iid,2000009,62,1,61,60,1,0.06854082670348789,0.23181404413715487,0.30812584579337354,0.5550908446311951,0.2338727269792038,0.48360389471054077,0.06583046768257451,0.2276863416687387,0.036158307393391924,0.025534953389848982,0.06698334217071533,0.10395678877830505,0.10395678877830505,0.08465328812599182,0.08465328812599182,0.48360389471054077,0.48360389471054077,0.4862402081489563,0.4862402081489563,0.5146041512489319,0.5146041512489319,0.49515146017074585,0.49515146017074585,0.4609752893447876,0.4609752893447876,0.5341153144836426,0.5341153144836426,,,,,,,0.48623719811439514,0.47420457054357057,0.012032627570824572,0.46393975615501404,0.46393975615501404,0.4497328996658325,0.4497328996658325,0.48623719811439514,0.48623719811439514,0.4720437228679657,0.4720437228679657,0.4743167459964752,0.4743167459964752,0.4858202040195465,0.4858202040195465,0.4590266942977905,0.4590266942977905,0.4748489558696747,0.4748489558696747,,,,,,
1212609727,qlstm,extrapolation,iid,2000010,62,2,60,60,1,0.0627868107726124,0.2386281495132754,0.05064794621546653,0.22505098581314087,0.049079637484311434,0.21498453617095947,0.06324371654888909,0.23941626995801926,0.034950801730155946,0.033640680944218355,0.014640867710113525,0.242878258228302,0.242878258228302,0.27121108770370483,0.27121108770370483,0.21498453617095947,0.2684755325317383,0.2254355549812317,0.23171204328536987,0.21504470705986023,0.2621755599975586,0.21875089406967163,0.2948489785194397,0.26222142577171326,0.3328753709793091,0.2574441730976105,0.22242826223373413,0.3065805286169052,0.26442205905914307,0.3061877489089966,0.2836403250694275,0.21263638138771057,0.32664382457733154,0.5015760511159897,0.47074583371480305,0.030830217401186633,0.48112308979034424,0.48112308979034424,0.46769118309020996,0.46769118309020996,0.5015760511159897,0.46266427636146545,0.4647350162267685,0.4435184895992279,0.4887852519750595,0.4701670706272125,0.4766048640012741,0.47875046730041504,0.47652870416641235,0.46665677428245544,0.4601094424724579,0.4607817232608795,0.45689743757247925,0.4494807720184326,0.46922557055950165,0.48559272289276123,0.4796035885810852,0.47119390964508057
1212609727,qlstm,extrapolation,iid,2000011,62,6,56,56,5,0.1231650946225501,0.3412326833894176,0.09299454724312128,0.3049500733613968,0.10261909243901406,0.29828353474537533,0.12536645199935756,0.34583437788699356,0.03375075970377241,0.03703417778015137,0.04410023689270019,0.3005988076329231,0.2743925452232361,0.2813691318035126,0.2342800498008728,0.29828353474537533,0.4017142802476883,0.3488754853606224,0.36332060396671295,0.3511167988181114,0.34757401049137115,0.35652301957209903,0.3689299374818802,0.320030835767587,0.33793778717517853,0.2747196778655052,0.2686261087656021,0.30444174259901047,0.3078968673944473,0.3266613359252612,0.32361508905887604,0.35161107033491135,0.3972831517457962,0.4889694154262543,0.4721533102648599,0.016816105161394368,0.47348298877477646,0.4756813049316406,0.4877784073352814,0.4652289152145386,0.4889694154262543,0.4837740957736969,0.49279901882012683,0.49159732460975647,0.48053046067555744,0.46917155385017395,0.4692556709051132,0.46611812710762024,0.4670386165380478,0.4530174732208252,0.47518056631088257,0.4729379415512085,0.47550561527411145,0.48582562804222107,0.4646137257417043,0.44734063744544983,0.47104395429293316,0.48278582096099854
1212609727,qlstm,extrapolation,iid,2000012,62,2,60,59,2,0.0738817822656967,0.23127746197485155,0.0008239497003756924,0.028704524040222168,0.04025467244828462,0.1710907220840454,0.0750026859262771,0.2332836866378784,0.021932749424950552,0.016280120924899454,0.03375604748725891,0.34733496606349945,0.41484183073043823,0.31555241346359253,0.42938393354415894,0.1710907220840454,0.0662926435470581,0.1822625696659088,0.07005023956298828,0.19638676941394806,0.0760752260684967,0.18402329087257385,0.05446004867553711,0.15478429198265076,0.03325068950653076,0.18261587619781494,0.029457509517669678,0.18140941858291626,0.017894983291625977,0.16717469692230225,0.017476558685302734,0.2163526713848114,0.04169774055480957,0.4760109782218933,0.46645779261986414,0.009553185602029168,0.46196599304676056,0.4625432789325714,0.4535735845565796,0.4650455415248871,0.4760109782218933,0.46454429626464844,0.4593377262353897,0.455432653427124,0.4690641611814499,0.45549914240837097,0.462372288107872,0.46744394302368164,0.46793536841869354,0.4705136716365814,0.4567149579524994,0.45334139466285706,0.4765181690454483,0.481926828622818,0.46804775297641754,0.46443668007850647,0.4650432616472244,0.4630700647830963
1212609727,qlstm,extrapolation,iid,2000013,62,3,59,58,3,0.19564622946228213,0.4276618342245779,0.20107385730918637,0.44841259717941284,0.10616476422815335,0.3028835157553355,0.20019613447418697,0.4340064944857258,0.028389234995019847,0.02800002247095108,0.041280269622802734,0.3079238831996918,0.32010191679000854,0.32694193720817566,0.30498623847961426,0.3028835157553355,0.4281940460205078,0.30181071162223816,0.40662527084350586,0.30880791942278546,0.40372979640960693,0.3141634960969289,0.365878701210022,0.34093748529752094,0.42323434352874756,0.3987223605314891,0.503633975982666,0.4463707208633423,0.5421366989612579,0.36620189746220905,0.443167507648468,0.4429616530736287,0.4700168967247009,0.460653414328893,0.47088058368634367,-0.01022716935745066,0.500354011853536,0.48453035950660706,0.48749756813049316,0.4688187539577484,0.460653414328893,0.45020782947540283,0.4807121952374776,0.48020318150520325,0.4811503390471141,0.47180211544036865,0.4698534111181895,0.46592772006988525,0.47380997737248737,0.47552764415740967,0.46251773834228516,0.4566965103149414,0.4703827500343323,0.4510129690170288,0.4671772023042043,0.47394251823425293,0.4592212339242299,0.4492349326610565
1212609727,qlstm,extrapolation,iid,2000014,62,3,59,58,3,0.0768178472892408,0.2068768129233391,0.21345651359397166,0.4620135426521301,0.050268358870876106,0.18095194300015768,0.07816782127661528,0.20819502664824663,0.0225237854595842,0.02264560894532637,0.025093257427215576,0.17403055230776468,0.03908565640449524,0.16904877622922262,0.07007887959480286,0.18095194300015768,0.34661251306533813,0.19179839889208475,0.38727712631225586,0.21174898743629456,0.43493080139160156,0.17048360904057822,0.452775239944458,0.1507121721903483,0.41868555545806885,0.1897630294164022,0.4708576202392578,0.19948122898737589,0.4401956796646118,0.1632505257924398,0.37240880727767944,0.16706897815068564,0.45086121559143066,0.47729820013046265,0.4714761543071876,0.005822045823275057,0.4951865275700887,0.47754737734794617,0.48403923710187274,0.4632631540298462,0.47729820013046265,0.47004762291908264,0.4677123725414276,0.46641507744789124,0.47677653034528095,0.4716292917728424,0.4747621715068817,0.46698084473609924,0.46197744210561115,0.46206554770469666,0.4726814925670624,0.45149293541908264,0.4590621491273244,0.4682151973247528,0.4800441265106201,0.4646022319793701,0.45390257239341736,0.45575955510139465
1212609727,qlstm,extrapolation,iid,2000015,62,4,58,58,3,0.19346645424986494,0.42811680813470193,0.27515322446095425,0.5245504975318909,0.1151583682464259,0.28196038119494915,0.19886701190527453,0.43819656171675386,0.03307931998680378,0.03579533256982502,0.06261090437571208,0.2347523830831051,0.3487362787127495,0.19940882672866186,0.36834751814603806,0.28196038119494915,0.4841228127479553,0.28485612384974957,0.4188433885574341,0.2991246711462736,0.3967411518096924,0.3689279519021511,0.3939111828804016,0.4490898344665766,0.457933247089386,0.46860394813120365,0.4804303050041199,0.40928817726671696,0.4665796160697937,0.40306279994547367,0.5157029032707214,0.4276901353150606,0.5850066244602203,0.5129219219088554,0.4738960574413168,0.03902586446753864,0.4853157252073288,0.4717951714992523,0.49962135155995685,0.4734817445278168,0.5129219219088554,0.4888690710067749,0.49888645857572556,0.4975721836090088,0.48262598365545273,0.4887096881866455,0.4725940003991127,0.46504345536231995,0.47857096791267395,0.47732529044151306,0.47323494404554367,0.4932192265987396,0.469967357814312,0.46482324600219727,0.48011564463377,0.46471700072288513,0.47317954152822495,0.46156108379364014
1212609727,qlstm,extrapolation,iid,2000016,62,5,57,56,5,0.10385776006285352,0.26716126992922057,0.2658042210690723,0.5155620438599726,0.056184404102770105,0.18924643124628346,0.1080396333926854,0.27399590490140807,0.0343565217086247,0.029272664338350296,0.02214103937149048,0.19437502026557923,0.46614521741867065,0.19330158829689026,0.4286097288131714,0.18924643124628346,0.4401107294106623,0.17206029023218433,0.40314851827861276,0.15376509751367848,0.3956647974991938,0.1707756730465917,0.42428366966487374,0.17354386176157277,0.4098297817254206,0.1921771975903539,0.4159849745774409,0.23633522118616385,0.5120667678856989,0.27187280978250783,0.5451135499024531,0.3050686006841715,0.5155620438599726,0.48884151577949525,0.4749937470544848,0.013847768725010423,0.4712410271167755,0.46727657318115234,0.4815333068370819,0.4950513541698456,0.48884151577949525,0.481141060590744,0.472067654132843,0.4627971351146698,0.4728591084480286,0.4523372948169708,0.47720088362693786,0.4709887206554413,0.4695090472698212,0.4526863396167755,0.4756671726703644,0.4520644247531891,0.47306345105171205,0.44914281368255615,0.46816720962524416,0.458768367767334,0.4700828492641449,0.48532533645629883
1212609727,qlstm,extrapolation,iid,2000017,62,7,55,55,6,0.042400012802132576,0.1843996105655547,0.008845737004495646,0.0940517783164978,0.05738006685415721,0.19853729009628296,0.040493460468238526,0.1826002695343711,0.028224470940503208,0.03056385474545615,0.02743932604789734,0.20074842870235443,0.09057891368865967,0.17667108277479807,0.02763611078262329,0.19853729009628296,0.27734294533729553,0.18934518098831177,0.2305103838443756,0.1596333725111825,0.1824154555797577,0.17978320802961076,0.2204284965991974,0.23050369109426225,0.1715410053730011,0.16996919257300241,0.10294744372367859,0.16069382003375463,0.10642346739768982,0.23853505934987748,0.12720051407814026,0.18268161018689474,,0.4953478915350778,0.46872950792312623,0.026618383611951568,0.49024535218874615,0.4660271108150482,0.4727370887994766,0.47933506965637207,0.4953478915350778,0.4859217405319214,0.47775994879858835,0.46676135063171387,0.4702751934528351,0.4592115879058838,0.470337803874697,0.4827592372894287,0.46803748181888033,0.45717108249664307,0.46257698110171724,0.45621880888938904,0.46411970257759094,0.477780818939209,0.4618297219276428,0.4470731317996979,0.4704538732767105,
1212609727,qlstm,extrapolation,iid,2000018,62,0,62,61,0,0.026339367727992686,0.15869745035325328,0.023021522919325577,0.15172845125198364,,,0.026339367727992686,0.15869745035325328,0.029193733559280146,0.029193733559280146,,,,,,,,,,,,,,,,,,,,,,,,,0.47453706639428295,,,,,,,,,,,,,,,,,,,,,,,
1212609727,qlstm,extrapolation,iid,2000019,62,4,58,58,3,0.0884516662418565,0.28106621148124816,0.1226217953953892,0.3501739501953125,0.06502123661062353,0.2281288132071495,0.09006755794056223,0.2847170665346343,0.020506378905526524,0.016038447618484497,0.03655006488164266,0.11536113917827606,0.1849363148212433,0.1539286474386851,0.15853604674339294,0.2281288132071495,0.2938186526298523,0.17493876069784164,0.3271796703338623,0.16508028656244278,0.29545068740844727,0.20946073532104492,0.30855274200439453,0.2765760198235512,0.3315914273262024,0.26816003769636154,0.3608574867248535,0.2229207381606102,0.3777346611022949,0.19405963271856308,0.33522921800613403,0.2081632986664772,0.35067641735076904,0.4992734044790268,0.46747702462919827,0.03179637984982853,0.47952280938625336,0.4651014506816864,0.4980142414569855,0.4476774036884308,0.4992734044790268,0.4717525541782379,0.4844542294740677,0.47860050201416016,0.4729248583316803,0.45726215839385986,0.47122912108898163,0.4827619791030884,0.4713353142142296,0.4804256856441498,0.4589106813073158,0.4471999704837799,0.4748431667685509,0.47702649235725403,0.47668255865573883,0.48002657294273376,0.48410068452358246,0.4917602837085724
1212609727,qlstm,extrapolation,iid,2000020,62,7,55,55,6,0.12863842644412324,0.3431535632379593,0.14443569461128902,0.3800469636917114,0.07995440273030792,0.2637164869478771,0.13483457491679063,0.3532637365839698,0.02850955833088268,0.02615521550178528,0.03646397590637207,0.2846702218055725,0.39414459466934204,0.2779484912753105,0.3664245009422302,0.2637164869478771,0.22073328495025635,0.2613467403820583,0.18048524856567383,0.23779682389327458,0.14667201042175293,0.18563778485570634,0.14632636308670044,0.23591336182185582,0.23331224918365479,0.22923681991440908,0.3092689514160156,0.28941549573625835,0.37561291456222534,0.38180650983537945,0.3996158838272095,0.3518922712121691,0.4294886887073517,0.49225921290261404,0.468951739506288,0.02330747339632605,0.4827426910400391,0.46774813532829285,0.4837028880914052,0.4755057394504547,0.49225921290261404,0.47013357281684875,0.4797253523554121,0.46319568157196045,0.46984573772975374,0.4605042040348053,0.4763645572321756,0.4802413284778595,0.4696022059236254,0.45955899357795715,0.4782366624900273,0.4666666090488434,0.4693772622517177,0.4708915948867798,0.4703896641731262,0.46095848083496094,0.47094282507896423,0.4540564715862274
1212609727,qlstm,extrapolation,iid,2000021,62,6,56,56,5,0.02949708497177301,0.14437697202928604,0.0012401795077829902,0.035216182470321655,0.02072281478233995,0.12773187458515167,0.030437185349212265,0.14616037532687187,0.03416569530963898,0.01835620403289795,0.0008376717567443847,0.1350415050983429,0.23907899856567383,0.13630857467651367,0.05375170707702637,0.12773187458515167,0.02890583872795105,0.10257276892662048,0.017889171838760376,0.09273000558217366,0.03168633580207825,0.07114377617835999,0.016735166311264038,0.05836738149325053,0.028085678815841675,0.13034124175707498,0.032579392194747925,0.11387582619984944,0.014954715967178345,0.1067639410495758,,0.16967780888080597,,0.4933643738428752,0.47386271027582033,0.01950166356705485,0.472558356821537,0.4538430869579315,0.487572056055069,0.46687641739845276,0.4933643738428752,0.47760260105133057,0.4887452572584152,0.4807809889316559,0.48966996868451435,0.4978744685649872,0.4893935074408849,0.4828377962112427,0.4786054740349452,0.4700247347354889,0.4682619720697403,0.45874619483947754,0.46527762711048126,0.46603575348854065,0.4773949921131134,,0.46966128796339035,
1212609727,qlstm,extrapolation,iid,2000022,62,3,59,59,2,0.013335902558864144,0.0962975150154483,0.0010509507294642617,0.03241837024688721,0.010987340647347152,0.08385085066159566,0.01345532096114467,0.09693039625377978,0.03728951235948983,0.034833433106541634,0.020135194063186646,0.10130135715007782,0.19519397616386414,0.11963717639446259,0.21845373511314392,0.08385085066159566,0.0944245457649231,0.10813070336977641,0.08503663539886475,0.13421319921811423,0.10882651805877686,0.1457696259021759,0.13880938291549683,0.17511756221453348,0.14419960975646973,0.1753325859705607,0.16546446084976196,0.10361657540003459,0.07675963640213013,0.10855966806411743,0.0995979905128479,0.07778573036193848,0.021079599857330322,0.49939435720443726,0.47211477109941385,0.0272795861050234,0.4727490395307541,0.48383960127830505,0.4656304717063904,0.45753297209739685,0.49939435720443726,0.4677619934082031,0.48983309666315716,0.47527989745140076,0.47492648164431256,0.45294299721717834,0.48123642802238464,0.4829130172729492,0.482049157222112,0.46908697485923767,0.46543097496032715,0.4555746614933014,0.4598636329174042,0.48114264011383057,0.46006421248118085,0.4559091329574585,0.47657594084739685,0.46605396270751953
1212609727,qlstm,extrapolation,iid,2000023,62,4,58,58,3,0.0932875590019251,0.28101624951006904,0.16467102005935266,0.4057967718690634,0.09257210746571976,0.2887017554603517,0.09333690048718063,0.2804862146169461,0.031361522345707334,0.028651970274308148,0.027288238207499187,0.24627730747063956,0.18801134824752808,0.23567157487074533,0.12304341793060303,0.2887017554603517,0.44099861942231655,0.286195260938257,0.4278928693383932,0.3123073256574571,0.46969801746308804,0.27191140642389655,0.42247319780290127,0.267835923936218,0.3846976216882467,0.2484514801762998,0.39534462057054043,0.25853186240419745,0.39380854927003384,0.2997474460862577,0.41229367814958096,0.28170072427019477,0.4482650216668844,0.4870963767170906,0.4744127670238758,0.012683609693214803,0.4864579439163208,0.47111210227012634,0.48667868971824646,0.49371767044067383,0.4870963767170906,0.4674414396286011,0.49725480377674103,0.47505703568458557,0.4784891754388809,0.48160648345947266,0.4646475613117218,0.483072429895401,0.47253065556287766,0.479353666305542,0.47506804019212723,0.4831448793411255,0.4677570089697838,0.45527735352516174,0.48104024678468704,0.47213736176490784,0.4660846069455147,0.44813498854637146
1212609727,qlstm,extrapolation,iid,2000024,62,4,58,58,3,0.1196513526183062,0.3082360108533213,0.19161063111470278,0.4377335160970688,0.13879213039022847,0.34914134070277214,0.1183312989788633,0.30541495362232474,0.03582683719437698,0.04088791353361947,0.059219578901926674,0.30427026748657227,0.43202680349349976,0.2890153129895528,0.4206767678260803,0.34914134070277214,0.4361104220151901,0.3129998855292797,0.431349977850914,0.25028442963957787,0.46294938027858734,0.24409758672118187,0.4552137106657028,0.24761134013533592,0.41654442250728607,0.22674153372645378,0.3783253878355026,0.2513369135558605,0.47013555467128754,0.34871670231223106,0.5549075454473495,0.20360010862350464,,0.4945499449968338,0.4719036478420784,0.022646297154755413,0.5025455156962076,0.4791373312473297,0.48751359184583026,0.47579047083854675,0.4945499449968338,0.4710032045841217,0.48847105354070663,0.47368142008781433,0.4795980155467987,0.4907778203487396,0.4751294106245041,0.4755411148071289,0.47535455226898193,0.4668305218219757,0.4641205817461014,0.45069369673728943,0.4694453999400139,0.46592798829078674,0.4729178547859192,0.48355790972709656,0.4703165789445241,
1212609727,qlstm,extrapolation,iid,2000025,62,5,57,56,5,0.13237490114286518,0.34373979522816595,0.002486221753329687,0.049862027168273926,0.0811045981455874,0.2653285160660744,0.1368722961426264,0.3506179776108056,0.022961186511175975,0.03295818964640299,0.03192157745361328,0.24522461444139482,0.3781030550599098,0.2338685467839241,0.359332837164402,0.2653285160660744,0.10560834407806396,0.23036354929208755,0.051803410053253174,0.24859272986650466,0.07336753606796265,0.2175680950284004,0.049862027168273926,0.32235328294336796,,0.3182124365121126,,0.3291097767651081,,0.32972634583711624,,0.34683989733457565,,0.4753589928150177,0.4704356088972928,0.0049233839177248995,0.49345454573631287,0.4707811176776886,0.4764839351177216,0.46298685669898987,0.4753589928150177,0.4746924936771393,0.4763835549354553,0.4905792474746704,0.4675816178321838,0.46426403522491455,0.4676623404026031,0.4803372919559479,0.4700284078717232,,0.47148533165454865,,0.47234737128019333,,0.46333280950784683,,0.464767225086689,
1212609727,qlstm,extrapolation,iid,2000026,62,2,60,59,2,0.14320395374508335,0.3198566835734152,0.25067452329668427,0.5006740689277649,0.0788518059947485,0.22130614519119263,0.14534902533676117,0.3231417015194893,0.035732389506647144,0.03490462681142295,0.04702877998352051,0.012154728174209595,0.006296634674072266,0.03741651773452759,0.023081183433532715,0.22130614519119263,0.39415115118026733,0.19096243381500244,0.35206854343414307,0.15087345242500305,0.28540223836898804,0.13387811183929443,0.24488741159439087,0.14535844326019287,0.24998492002487183,0.16266286373138428,0.30807238817214966,0.17740774154663086,0.2944278120994568,0.33719390630722046,0.5013723373413086,0.25261735916137695,0.49893808364868164,0.4858677536249161,0.4757148414850235,0.010152912139892556,0.5131035298109055,0.4731246531009674,0.4772326797246933,0.4508499205112457,0.4858677536249161,0.4771617650985718,0.45949776470661163,0.45789292454719543,0.482772558927536,0.4812988340854645,0.4839240461587906,0.4932478666305542,0.459238201379776,0.46228936314582825,0.48219621181488037,0.48573294281959534,0.48756180703639984,0.483187198638916,0.4758627563714981,0.48532652854919434,0.4787847101688385,0.4844447672367096
1212609727,qlstm,extrapolation,iid,2000027,62,4,58,58,3,0.05300797898512449,0.20780008226152388,0.03669039265400986,0.19154736399650574,0.059046290637897306,0.21902883239090443,0.05259154369872637,0.20702568570087695,0.02768126798087153,0.02562327426055382,0.012700627247492472,0.1766793504357338,0.03048861026763916,0.21245569239060083,0.024010181427001953,0.21902883239090443,0.2634637653827667,0.20374729484319687,0.303859144449234,0.20218029618263245,0.27377113699913025,0.23554594814777374,0.2865997850894928,0.2528100162744522,0.2792762815952301,0.2297401875257492,0.21409323811531067,0.20281632244586945,0.15725019574165344,0.23942174017429352,0.24445930123329163,0.2845507636666298,0.2819136083126068,0.5080973580479622,0.47055072003397447,0.03754663801398772,0.46856796741485596,0.47503015398979187,0.4908190866311391,0.48100221157073975,0.5080973580479622,0.5028143525123596,0.4792143404483795,0.4704110622406006,0.4842546433210373,0.49148857593536377,0.47769543528556824,0.4769916534423828,0.4695662334561348,0.4684109687805176,0.4806932061910629,0.4671310484409332,0.46335553377866745,0.45175620913505554,0.4727652221918106,0.4702478349208832,0.467762790620327,0.4700343906879425
1212609727,qlstm,extrapolation,iid,2000028,62,7,55,54,7,0.1172632176021929,0.3299214447578115,0.14821540063664784,0.3849875330924988,0.11314238021171022,0.3097462212400777,0.11778768781552704,0.3324892004782503,0.03209971167423107,0.03522219566198496,0.03096733774457659,0.3100250940769911,0.4031689241528511,0.26300876321537153,0.35964394360780716,0.3097462212400777,0.44195568561553955,0.31637971848249435,0.3780500292778015,0.3694294361131532,0.37822097539901733,0.379504745560033,0.42728960514068604,0.382265998848847,0.45845508575439453,0.38626100548676084,0.40647321939468384,0.34889849381787436,0.39139533042907715,0.3370485060981342,0.3696172833442688,0.3490525496502717,,0.48246113317353384,0.4775928730314428,0.004868260142091019,0.5009898245334625,0.4800339639186859,0.49817017572266714,0.4858603775501251,0.48246113317353384,0.4673701226711273,0.4737120653901781,0.46803224086761475,0.47890728286334444,0.48276838660240173,0.4733441812651498,0.4736594259738922,0.4752857429640634,0.462131530046463,0.4771873482636043,0.46966955065727234,0.47251940199307035,0.4645472466945648,0.4833108569894518,0.4985080659389496,0.4740256816148758,
1212609727,qlstm,extrapolation,iid,2000029,62,3,59,59,2,0.020053302351091325,0.11777638956423729,0.009888522720075343,0.0994410514831543,0.01711727390733042,0.12921362121899924,0.020202591932977472,0.11719483541230023,0.030050450462405964,0.03204768399397532,0.021136730909347534,0.038195714354515076,0.013652831315994263,0.022940799593925476,0.03363028168678284,0.12921362121899924,0.119071364402771,0.13304468989372253,0.149580717086792,0.1491056481997172,0.22157639265060425,0.14073364933331808,0.18556642532348633,0.15240014592806497,0.2286062240600586,0.1282451053460439,0.17974746227264404,0.18893868724505106,0.3027557134628296,0.09814997514088948,0.15008318424224854,0.10010356704394023,0.07772403955459595,0.492579052845637,0.4752555479437618,0.01732350490187523,0.4879732131958008,0.47833046317100525,0.46500085294246674,0.4648619592189789,0.492579052845637,0.4661742150783539,0.4890785018603007,0.47820600867271423,0.4813476502895355,0.4758472740650177,0.47371654709180194,0.4796079695224762,0.48675992091496784,0.47679319977760315,0.4538760284582774,0.4436475336551666,0.4730643332004547,0.4807288944721222,0.4605850378672282,0.4470110237598419,0.4844367702802022,0.47718358039855957
1212609727,qlstm,extrapolation,iid,2000030,62,7,55,55,6,0.11387823470746754,0.3156286909455253,0.11542219986262481,0.3397384285926819,0.09945474470070516,0.30117859771209105,0.11571395161741913,0.3174677937206897,0.03572035702792081,0.005002379417419434,0.050629506508509316,0.3102135431642334,0.4354724120348692,0.3272171588614583,0.4416682552546263,0.30117859771209105,0.3442215323448181,0.276384155399033,0.33697760105133057,0.2863534068954842,0.3397384285926819,0.3064032467082143,,0.3183363676071167,,0.31205224990844727,,0.3112762331962585,,0.34167443178594115,,0.3940774168819189,,0.4914129929883139,0.4703710745681416,0.021041918420172334,0.4764677385489146,0.4562164843082428,0.4673982858657837,0.45378923416137695,0.4914129929883139,0.4841339588165283,0.4858060095991407,0.482919305562973,0.471610243831362,0.4539565145969391,0.47647977372010547,,0.473867525657018,,0.46323393285274506,,0.47462645173072815,,0.4741624653339386,,0.46359300017356875,
1212609727,qlstm,extrapolation,iid,2000031,62,2,60,60,1,0.10902739134777358,0.31862188010446485,0.17686904858377006,0.42055802047252655,0.04508500594014386,0.1730150207877159,0.11115880419469457,0.3234754420816898,0.028077825903892517,0.02796897241624735,0.03121316432952881,0.04992640018463135,0.04992640018463135,0.015426218509674072,0.015426218509674072,0.1730150207877159,0.2961036413908005,0.1446426436305046,0.27385906875133514,0.27905671298503876,0.26200978457927704,0.2607760578393936,0.2476930469274521,0.2882578819990158,0.3145059794187546,0.3086191266775131,0.30273227393627167,0.2756350189447403,0.24853776395320892,0.2311183512210846,0.22815664112567902,0.26451314985752106,0.26340751349925995,0.514575406908989,0.4679865414897601,0.04658886541922885,0.5638424754142761,0.5638424754142761,0.49518609046936035,0.49518609046936035,0.514575406908989,0.4653083384037018,0.47690220177173615,0.45861831307411194,0.4577503800392151,0.4501924216747284,0.4578489065170288,0.4570794999599457,0.4500795006752014,0.44996657967567444,0.4579998254776001,0.46603307127952576,0.46093980967998505,0.45584654808044434,0.4617183357477188,0.4757847785949707,0.4565194547176361,0.45118340849876404
1212609727,qlstm,extrapolation,iid,2000032,62,3,59,59,2,0.0679823390982551,0.1952477241716077,1.8836369832797573e-06,0.0013724565505981445,0.08942673687592399,0.27623510360717773,0.06689194599091601,0.19112972182742619,0.031074530997518765,0.03070031827495944,0.026974529027938843,0.37467247247695923,0.5033314228057861,0.4086768925189972,0.5322566032409668,0.27623510360717773,0.11805951595306396,0.21988348166147867,0.05673569440841675,0.20002605517705283,0.01426023244857788,0.16905327637990317,0.004445135593414307,0.20446989933649698,0.014870703220367432,0.21796643733978271,0.07167541980743408,0.19173254569371542,0.02313053607940674,0.2931938370068868,0.017763614654541016,0.32671163479487103,0.0759018063545227,0.49217363198598224,0.4780852405701653,0.014088391415816914,0.4739275127649307,0.46063876152038574,0.47800885140895844,0.4568490982055664,0.49217363198598224,0.44981423020362854,0.4957755009333293,0.4612509310245514,0.48508091767628986,0.4781835377216339,0.47893373171488446,0.4812273681163788,0.4881531298160553,0.5043124556541443,0.47458788752555847,0.47786417603492737,0.4710010588169098,0.4873913526535034,0.484940101703008,0.4928358495235443,0.4833727478981018,0.482318639755249
1212609727,qlstm,extrapolation,iid,2000033,62,3,59,58,3,0.18487897377070087,0.4181161066216807,0.2857082216380604,0.5345168113708496,0.11593283194224695,0.3333237022161484,0.18838470979587651,0.42242758481179254,0.025749400771897416,0.02620394960526497,0.030518134435017902,0.3005344172318776,0.33739353716373444,0.28886736432711285,0.37038733065128326,0.3333237022161484,0.424318790435791,0.3535060336192449,0.4639766216278076,0.3661825309197108,0.47589343786239624,0.35223569969336194,0.41474777460098267,0.36030253271261853,0.46188122034072876,0.387233426173528,0.5091049671173096,0.3823496798674266,0.543998122215271,0.42363829414049786,0.4856177568435669,0.373981108268102,0.4720555543899536,0.4873193899790446,0.47221795078051293,0.015101439198531685,0.5029797255992889,0.4729158580303192,0.4788990120093028,0.482328325510025,0.4873193899790446,0.49068546295166016,0.462074210246404,0.45975223183631897,0.4747624695301056,0.46825718879699707,0.4839627146720886,0.4782046973705292,0.49319111307462055,0.5037062764167786,0.4772457977135976,0.4656706750392914,0.462759534517924,0.44328251481056213,0.46622730294863385,0.4436980187892914,0.47482521335283917,0.4735209047794342
1212609727,qlstm,extrapolation,iid,2000034,62,4,58,58,3,0.18521638812418023,0.40278357027038453,0.19871872706051263,0.4457787871360779,0.04450059582097965,0.1613210365176201,0.19492092552440093,0.4194361588050579,0.02298318312085908,0.020783262049898187,0.027487913767496746,0.11055122315883636,0.16592934727668762,0.09609314799308777,0.12272676825523376,0.1613210365176201,0.39430588483810425,0.1727394461631775,0.38714271783828735,0.1695297434926033,0.3499789834022522,0.16864605993032455,0.3074181079864502,0.1679755374789238,0.25696617364883423,0.20409182459115982,0.361700177192688,0.2789956107735634,0.4693623185157776,0.2895999252796173,0.4754377007484436,0.3626403138041496,0.5361979901790619,0.5068085938692093,0.467615125508144,0.0391934683610653,0.4985199421644211,0.45960620045661926,0.5038796762625376,0.4731481373310089,0.5068085938692093,0.49876001477241516,0.4813250005245209,0.46481946110725403,0.47297552973032,0.47743943333625793,0.4662221223115921,0.4837679862976074,0.46051377058029175,0.46363016963005066,0.465896874666214,0.46638235449790955,0.46060191839933395,0.44392862915992737,0.4757130742073059,0.4713379442691803,0.46918997913599014,0.45192232728004456
1212609727,qlstm,extrapolation,iid,2000035,62,5,57,56,5,0.09698774406624201,0.25315496661970693,0.14231451631292558,0.3772459626197815,0.0772761312917126,0.22169342041015624,0.09871683290611302,0.2559147513749307,0.035501434334686825,0.043420990308125816,0.029788446426391602,0.158341184258461,0.10593616962432861,0.15399195551872252,0.12170493602752686,0.22169342041015624,0.46324318647384644,0.2163763999938965,0.48666226863861084,0.22713632583618165,0.5282679200172424,0.23480764627456666,0.4844887852668762,0.24811676740646363,0.5118147134780884,0.22310997247695924,0.393398642539978,0.24139645099639892,0.44138699769973755,0.25392946004867556,0.4485035538673401,0.2167879104614258,0.41388165950775146,0.486100959777832,0.471346761573825,0.01475419820400703,0.4821864664554596,0.4692020118236542,0.4831193149089813,0.4615534245967865,0.486100959777832,0.4728728234767914,0.46856968998909,0.46732214093208313,0.46888830661773684,0.4649841785430908,0.4698209583759308,0.4510078430175781,0.4704336166381836,0.4662020206451416,0.4639113783836365,0.4543973505496979,0.4632627606391907,0.4445722997188568,0.46287437081336974,0.46523627638816833,0.4761197090148926,0.4773768484592438
1212609727,qlstm,extrapolation,iid,2000036,62,5,57,56,5,0.044191932451490695,0.2030938073031364,0.03128505385956992,0.17687581479549408,0.044324116412770655,0.20638914704322814,0.044180337367167914,0.20280474241365465,0.027074337005615234,0.04070994257926941,0.01956496238708496,0.1855655275285244,0.13770341873168945,0.17701273858547212,0.1338735818862915,0.20638914704322814,0.1866830438375473,0.18503640294075013,0.17387716472148895,0.20388750433921815,0.25039343535900116,0.20019298195838928,0.2074780911207199,0.22424252331256866,0.17687581479549408,0.21879961341619492,,0.2200830653309822,,0.21091238409280777,,0.20902390405535698,,0.488712739944458,0.4732486783412465,0.01546406160321151,0.46946754306554794,0.47254201769828796,0.48558096289634706,0.48927751183509827,0.488712739944458,0.4782237112522125,0.4751584351062775,0.46139177680015564,0.4680428385734558,0.47075119614601135,0.4707506775856018,0.47176656126976013,0.47404916286468507,0.4720221757888794,0.474716380238533,,0.4617536813020706,,0.4529365971684456,,0.4695308580994606,
1212609727,qlstm,extrapolation,iid,2000037,62,8,54,53,8,0.0574181818640661,0.21259532916930415,0.040398282477301706,0.20099323987960815,0.041696342692692956,0.17473478242754936,0.05974734322278805,0.2182042990569715,0.020866668449257903,0.016561930378278095,0.02496793121099472,0.2578122913837433,0.18368494510650635,0.23431577906012535,0.2523539066314697,0.17473478242754936,0.07911825180053711,0.2204834334552288,0.10184913873672485,0.24769993498921394,0.08007627725601196,0.3140905536711216,0.1016276478767395,0.33831602707505226,0.13266605138778687,0.364597886800766,0.1397342085838318,0.27701953053474426,0.13074874877929688,0.23398704826831818,0.20099323987960815,0.1854283469063895,,0.47904840111732483,0.47132991364708654,0.007718487470238289,0.4777650497853756,0.47641444206237793,0.48081492632627487,0.4911735951900482,0.47904840111732483,0.4829133450984955,0.4788397364318371,0.47440198063850403,0.47595442458987236,0.45869866013526917,0.4759512208402157,0.45991504192352295,0.46520742774009705,0.44937169551849365,0.46943003311753273,0.4712226390838623,0.46941177919507027,0.4671265184879303,0.4646492600440979,0.4646531343460083,0.46856694562094553,
1212609727,qlstm,extrapolation,iid,2000038,62,5,57,56,5,0.024517106480702672,0.1368564453817183,0.062233643012095996,0.24946671724319458,0.05986918118525399,0.17848746478557587,0.021416047296092908,0.13320460157436237,0.029540272695677623,,0.03285834789276123,0.19139189422130584,0.06659653782844543,0.19193197190761566,0.05930468440055847,0.17848746478557587,0.24946671724319458,0.19072311744093895,,0.11148928105831146,,0.13439175486564636,,0.17342279106378555,,0.24005873501300812,,0.1179489294687907,,0.17528476317723593,,0.15574276447296143,,0.45991979241371156,0.4755746188916658,-0.015654826477954242,0.4717493414878845,0.49345889687538147,0.47352996468544006,0.47304368019104004,0.45991979241371156,0.4513993263244629,0.4810658022761345,,0.4744037538766861,,0.47965487092733383,,0.46999479830265045,,0.47051000595092773,,0.4735674361387889,,0.47401492794354755,,0.4635007083415985,
1212609727,qlstm,extrapolation,iid,2000039,62,3,59,59,2,0.10770476192556594,0.3155879289392502,0.14412230799252157,0.37963443994522095,0.0786598921258151,0.2691783557335536,0.10918161971199396,0.3179477377463195,0.033398902012129965,0.03192241418929327,0.02242162823677063,0.24100936204195023,0.16015881299972534,0.2319791093468666,0.16509872674942017,0.2691783557335536,0.3434469699859619,0.24816581110159555,0.2607995271682739,0.30455856025218964,0.20809507369995117,0.31132692595322925,0.25339484214782715,0.33981315791606903,0.3226644992828369,0.37736553450425464,0.3579738736152649,0.38601796329021454,0.2845783233642578,0.2819688369830449,0.28672271966934204,0.3051818460226059,0.3057399392127991,0.4885994593302409,0.4745734980550863,0.014025961275154597,0.46583881974220276,0.453029602766037,0.4759533405303955,0.4703918695449829,0.4885994593302409,0.4505252540111542,0.48551862438519794,0.4609746038913727,0.47770407795906067,0.49562013149261475,0.4741956889629364,0.4687822163105011,0.4751581350962321,0.4460282027721405,0.4590299030145009,0.47883501648902893,0.48178015152613324,0.46782493591308594,0.47345565756162006,0.46108582615852356,0.4732990264892578,0.4573343098163605
1212609727,qlstm,extrapolation,iid,2000040,62,5,57,57,4,0.1252959853617458,0.34320855861709965,0.057009095864035686,0.23876577615737915,0.1130987429088935,0.3247015208005905,0.12636591891024163,0.3448319829869689,0.024334148879636797,0.030153056606650352,0.026448741555213928,0.2739514037966728,0.4587198868393898,0.33768056705594063,0.4929486885666847,0.3247015208005905,0.3452364504337311,0.3101361125707626,0.3896385133266449,0.3082409828901291,0.345152348279953,0.3020784467458725,0.30211034417152405,0.3000020235776901,0.30174532532691956,0.32147112786769866,0.32728251814842224,0.32107501924037934,0.3323192298412323,0.35527508407831193,0.37411609292030334,0.35007025599479674,0.23876577615737915,0.49251375198364256,0.46828414107623856,0.024229610907403998,0.4861673613389333,0.48359009623527527,0.5096809044480324,0.5031565427780151,0.49251375198364256,0.47361549735069275,0.4622850358486176,0.4497680962085724,0.4613547265529633,0.47747674584388733,0.4607294023036957,0.4603395462036133,0.4564351081848145,0.44543060660362244,0.4766658127307892,0.48308444023132324,0.47743052840232847,0.48167291283607483,0.47372864484786986,0.4610244333744049,0.45922569632530214,0.4600582420825958
1212609727,qlstm,extrapolation,iid,2000041,62,2,60,59,2,0.14891866453127073,0.3824662395542668,0.24796207033824147,0.49795790016651154,0.14159671005334565,0.37542417272925377,0.14916272968053493,0.38270097511510054,0.02488762746422978,0.02025286853313446,0.06126534938812256,0.3856581822037697,0.3856581822037697,0.3179665394127369,0.36654040962457657,0.37542417272925377,0.3498624712228775,0.37578364834189415,0.39919300377368927,0.36899682506918907,0.4026704579591751,0.3555043898522854,0.38839830458164215,0.3367531858384609,0.36207689344882965,0.3844958506524563,0.35548247396945953,0.3919869624078274,0.31142647564411163,0.3342725299298763,0.31219781935214996,0.4319204352796078,0.36332930624485016,0.4770955890417099,0.4695440133412679,0.007551575700442015,0.4786379635334015,0.4786379635334015,0.5121621936559677,0.46966496109962463,0.4770955890417099,0.46073389053344727,0.4851020276546478,0.4829544126987457,0.4831785559654236,0.47668203711509705,0.48393864929676056,0.47395601868629456,0.4651443660259247,0.4596865475177765,0.4643213301897049,0.45671549439430237,0.4623764753341675,0.45942679047584534,0.4573683887720108,0.4691556990146637,0.46978938579559326,0.45865046977996826
1212609727,qlstm,extrapolation,iid,2000042,62,0,62,61,0,0.020490045233408406,0.13204331455692167,0.017902320360917656,0.13379955291748047,,,0.020490045233408406,0.13204331455692167,0.036910382450604046,0.036910382450604046,,,,,,,,,,,,,,,,,,,,,,,,,0.47546155222000613,,,,,,,,,,,,,,,,,,,,,,,
1212609727,qlstm,extrapolation,iid,2000043,62,4,58,58,3,0.03666095527618428,0.15011405656414648,0.006870767571687253,0.0828900933265686,0.06466885401721822,0.23987562209367752,0.0347293760526647,0.1439236037690064,0.03529543866371286,0.03466175845328798,0.0184461772441864,0.3418349623680115,0.43077102303504944,0.30895336469014484,0.39418795704841614,0.23987562209367752,0.09933602809906006,0.19948505610227585,0.062088191509246826,0.21144695580005646,0.01656794548034668,0.2470245063304901,0.03282266855239868,0.28310108929872513,0.10094445943832397,0.34538211673498154,0.12398284673690796,0.31875740736722946,0.07146704196929932,0.23346692323684692,0.04682052135467529,0.06321577727794647,0.09103816747665405,0.5118897184729576,0.4705486837132224,0.04134103475973522,0.4963280260562897,0.4875568151473999,0.49941757321357727,0.4611239433288574,0.5118897184729576,0.48724210262298584,0.4773426577448845,0.4689290225505829,0.47531769424676895,0.467046856880188,0.48165619373321533,0.48215869069099426,0.47208039462566376,0.48369303345680237,0.4804428964853287,0.47857388854026794,0.46592794358730316,0.4620046615600586,0.46518024802207947,0.44311121106147766,0.4730256497859955,0.4668254852294922
1212609727,qlstm,extrapolation,iid,2000044,62,4,58,58,3,0.10950957590573161,0.3106986178505805,0.023349504809644372,0.15280544757843018,0.059467389790169856,0.23664692789316177,0.1129607611550807,0.31580563095109215,0.0347394912407316,0.027375489473342896,0.021009385585784912,0.34203149378299713,0.43938779830932617,0.30501797795295715,0.45577776432037354,0.23664692789316177,0.18953591585159302,0.18913553655147552,0.13407188653945923,0.1761924773454666,0.11851203441619873,0.18863651156425476,0.13383865356445312,0.21700885891914368,0.15969491004943848,0.2265472710132599,0.15280544757843018,0.28802154461542767,,0.3155149420102437,,0.36080841223398846,,0.5108437240123749,0.46721573533682986,0.043627988675545015,0.45427049696445465,0.44597768783569336,0.4942644238471985,0.4500918388366699,0.5108437240123749,0.4646507203578949,0.48643968254327774,0.46484458446502686,0.47531862556934357,0.4613971412181854,0.4656829759478569,0.4510475695133209,0.4733870327472687,0.4627385139465332,0.4752340167760849,0.4719972312450409,0.4660161038239797,,0.4652267297108968,,0.4674096405506134,
1212609727,qlstm,extrapolation,iid,2000045,62,8,54,54,7,0.06672182555719305,0.24238056064613403,0.07303105568355428,0.2702425867319107,0.07916368773916288,0.2569153346121311,0.06487858671541974,0.24022726079931966,0.030056854089101154,0.027357831597328186,0.033995679446629117,0.29347705628190723,0.36978042125701904,0.3085408742938723,0.4540621042251587,0.2569153346121311,0.23603267967700958,0.2744600176811218,0.23213781416416168,0.24643112160265446,0.24363411962985992,0.24584742449223995,0.21395494043827057,0.22454212605953217,0.22005559504032135,0.2328286822885275,0.2438279539346695,0.24005119316279888,0.2276318222284317,0.2425901498645544,0.32615335285663605,0.2650670185685158,0.2456219345331192,0.49266934767365456,0.4705484128660626,0.022120934807591974,0.468910562140601,0.4606637954711914,0.4781497120857239,0.4663502871990204,0.49266934767365456,0.4811149537563324,0.4784986041486263,0.4739159643650055,0.4781235419213772,0.4633214473724365,0.47179311141371727,0.47120556235313416,0.4666287861764431,0.45674797892570496,0.4712138697504997,0.48963892459869385,0.46301761642098427,0.45641064643859863,0.4699980169534683,0.4595423638820648,0.4745362587273121,0.48614346981048584
1212609727,qlstm,extrapolation,iid,2000046,62,3,59,59,2,0.054285579318718157,0.2241033834795798,0.012921754540301755,0.11367389559745789,0.02411570571963188,0.1360077162583669,0.05581964068816322,0.22858282418574316,0.027354528843346288,0.022777257057336662,0.019810914993286133,0.25762802362442017,0.25762802362442017,0.1523284763097763,0.27463066577911377,0.1360077162583669,0.18746131658554077,0.2005950609842936,0.20374375581741333,0.2036390701929728,0.19367700815200806,0.191870907942454,0.17388999462127686,0.1739299496014913,0.15391159057617188,0.22578217585881552,0.2109285593032837,0.21865026156107584,0.1608409285545349,0.2201606829961141,0.10426092147827148,0.2845607101917267,,0.5129334429899851,0.4704435487924996,0.0424898941974855,0.4622994363307953,0.4622994363307953,0.5062612444162369,0.46219679713249207,0.5129334429899851,0.4681079089641571,0.49051421880722046,0.4651374816894531,0.4737839897473653,0.44806233048439026,0.47492197155952454,0.4480729401111603,0.47115039825439453,0.4639824330806732,0.48221906026204425,0.48792433738708496,0.48118841648101807,0.47518813610076904,0.4727074404557546,0.4797997772693634,0.468232125043869,
1212609727,qlstm,extrapolation,iid,2000047,62,5,57,57,4,0.08421642969448337,0.25835883425128076,0.0209061532804391,0.1445896029472351,0.03981788044154701,0.17589891701936722,0.08811103927807429,0.26559216032425564,0.029458400450254742,,0.008166611194610596,0.1994632308681806,0.07605117559432983,0.16473818756639957,0.02479761838912964,0.17589891701936722,0.1445896029472351,0.1640916559845209,,0.22885101661086082,,0.29983618669211864,,0.29690864495933056,,0.3007316719740629,,0.32517301850020885,,0.3153046350926161,,0.3306130897253752,,0.49657495617866515,0.4719739420372143,0.024601014141450828,0.48989688356717426,0.4642358124256134,0.5016324892640114,0.4820042848587036,0.49657495617866515,0.46916306018829346,0.49799493700265884,,0.49299487471580505,,0.4818960800766945,,0.47387733310461044,,0.4735783189535141,,0.47618284076452255,,0.47529974579811096,,0.4706520736217499,
1212609727,qlstm,extrapolation,iid,2000048,62,2,60,60,1,0.05247583068323393,0.22130920233265047,0.028491849119038903,0.16879528760910034,0.0855235548158082,0.286625400185585,0.05137423987881478,0.21913199573755265,0.038322379191716514,0.039157071657348094,0.03463023900985718,0.2921089231967926,0.2921089231967926,0.30693528056144714,0.30693528056144714,0.286625400185585,0.2285785675048828,0.28288088738918304,0.26042401790618896,0.29031966626644135,0.2885304093360901,0.2714541405439377,0.23597300052642822,0.2282962203025818,0.22801387310028076,0.2703147232532501,0.25209903717041016,0.24515846371650696,0.26230305433273315,0.2500915229320526,0.23787999153137207,0.22459456324577332,0.21130913496017456,0.5321282595396042,0.4763456016778946,0.055782657861709606,0.4843777120113373,0.4843777120113373,0.4820899963378906,0.4820899963378906,0.5321282595396042,0.4940846860408783,0.49495677649974823,0.4730563461780548,0.47067227959632874,0.4569668471813202,0.473851278424263,0.4656125605106354,0.48724065721035004,0.4803966283798218,0.46274976432323456,0.4685326814651489,0.4799834340810776,0.4795702397823334,0.47851985692977905,0.47746947407722473,0.47574271261692047,0.4740159511566162
1212609727,qlstm,extrapolation,iid,2000049,62,2,60,59,2,0.055944105693023584,0.22331939012773575,0.11037386308047203,0.33222562074661255,0.026636472945401835,0.15305489301681519,0.05692102678461097,0.2256615400314331,0.03297818414235519,0.02859724337054837,0.02543303370475769,0.14403775334358215,0.11922961473464966,0.14444687962532043,0.08915197849273682,0.15305489301681519,0.20971769094467163,0.17880651354789734,0.18857061862945557,0.18495959043502808,0.15064966678619385,0.1835673749446869,0.1681358814239502,0.22651386260986328,0.24331516027450562,0.2691362500190735,0.31774747371673584,0.27817943692207336,0.32537662982940674,0.21131670475006104,0.3206682801246643,0.173904687166214,0.2826773524284363,0.4804401695728302,0.47195291668176653,0.008487252891063668,0.4785112738609314,0.48162782192230225,0.45377685129642487,0.45839452743530273,0.4804401695728302,0.4789794981479645,0.4683735966682434,0.47119030356407166,0.48057013750076294,0.47749030590057373,0.4685170203447342,0.46126750111579895,0.4565162807703018,0.44780445098876953,0.4647465944290161,0.4638868272304535,0.4564976245164871,0.4704801142215729,0.4529423713684082,0.4548896253108978,0.4736318737268448,0.481595903635025
1212609727,qlstm,extrapolation,iid,2000050,62,5,57,56,5,0.13005401270711292,0.3403573087266376,0.18826198358723845,0.4338916726410389,0.09718699389052039,0.2745446540415287,0.1329370845331298,0.34613034861129627,0.032859399914741516,0.030182233452796935,0.05610229969024658,0.2614812389016151,0.3850161135196686,0.2707611098885536,0.4057954251766205,0.2745446540415287,0.41175873950123787,0.25736149325966834,0.37870200350880623,0.26937496438622477,0.39312799647450447,0.2820653058588505,0.38821663334965706,0.2833248473703861,0.3904779739677906,0.31643334999680517,0.39658554270863533,0.35544982329010966,0.46056045964360237,0.3419761575758457,0.47242607548832893,0.3212918795645237,0.4733492322266102,0.4630112886428833,0.473997458031303,-0.010986169388419675,0.49316989779472353,0.4802436828613281,0.4826777517795563,0.4627906084060669,0.4630112886428833,0.4432484805583954,0.4766917169094086,0.46777626872062683,0.47178826332092283,0.48559507727622986,0.47027269601821897,0.4668830931186676,0.4841481029987335,0.472700834274292,0.4697014272212982,0.47238966822624207,0.4579072117805481,0.4508303701877594,0.471558552980423,0.4829234778881073,0.4749573230743408,0.49551859498023987
1212609727,qlstm,extrapolation,iid,2000051,62,4,58,58,3,0.10404758649408734,0.29914854082369036,0.14330650528879474,0.3785584568977356,0.04625585228836382,0.16410638391971588,0.10803322333586136,0.3084617930239645,0.026860140520950843,0.02555947780609131,0.02047121524810791,0.01829567551612854,0.018650472164154053,0.08068821827570598,0.02839905023574829,0.16410638391971588,0.37842631340026855,0.20110027492046356,0.34906005859375,0.17678822576999664,0.3286382555961609,0.17223896086215973,0.3513149619102478,0.19732725620269775,0.3627603054046631,0.2350473552942276,0.3866422772407532,0.1692284643650055,0.33504927158355713,0.34734030067920685,0.3763219714164734,0.3701402097940445,0.33847343921661377,0.4963374733924866,0.47326336801052094,0.023074105381965637,0.4599483460187912,0.4684532582759857,0.4891953269640605,0.4556789696216583,0.4963374733924866,0.47139880061149597,0.4948520213365555,0.47970715165138245,0.48830021917819977,0.47511982917785645,0.47818970680236816,0.4710958003997803,0.4812242016196251,0.4874638020992279,0.4765562489628792,0.45496153831481934,0.4719697907567024,0.4962809979915619,0.47063662111759186,0.4742948114871979,0.47368643432855606,0.4802429676055908
1212609727,qlstm,extrapolation,iid,2000052,62,5,57,57,4,0.09775233021386212,0.2888897818423087,0.013034370382229099,0.11416816711425781,0.06613040479014605,0.2140490382909775,0.10052618332120562,0.29545475934681137,0.03134521580578988,0.01966378092765808,0.03391522169113159,0.3553553173939387,0.422196626663208,0.27877622470259666,0.45696908235549927,0.2140490382909775,0.13210797309875488,0.24997249543666838,0.14135444164276123,0.28269546926021577,0.19292080402374268,0.33483380973339083,0.2621150016784668,0.35316368043422697,0.2694427967071533,0.33663505017757417,0.23933786153793335,0.3019787400960922,0.21459561586380005,0.31887850165367126,0.20528119802474976,0.3020083487033844,0.12689656019210815,0.48975775241851804,0.4722344059693186,0.01752334644919945,0.48033207654953003,0.4912222921848297,0.4870772957801819,0.470089316368103,0.48975775241851804,0.4739483892917633,0.4717908024787903,0.446858286857605,0.4657544016838074,0.4786798059940338,0.4725214421749115,0.48774805665016174,0.47177077531814576,0.4719356596469879,0.47461840510368347,0.44917234778404236,0.4847207546234131,0.4731527864933014,0.4695290863513947,0.4787096083164215,0.46286351680755616,0.4663907587528229
1212609727,qlstm,extrapolation,iid,2000053,62,4,58,58,3,0.1423130080589281,0.33746207986147175,0.018034967358548926,0.134294331073761,0.10851900592861036,0.3106239251792431,0.14464362889550172,0.33931298708093577,0.024261134451833265,0.03493297100067139,0.03419766823450724,0.44326835374037427,0.46062999963760376,0.45298997064431507,0.47456789016723633,0.3106239251792431,0.15712958574295044,0.32084665820002556,0.1249505877494812,0.28540879115462303,0.06880348920822144,0.2919771932065487,0.09165042638778687,0.2914370261132717,0.07554382085800171,0.30178145691752434,0.04879552125930786,0.330295380204916,0.04835522174835205,0.20624539256095886,0.031327664852142334,0.3057985107103984,,0.4876914247870445,0.4668062863678768,0.020885138419167726,0.473050723473231,0.472581148147583,0.46653178334236145,0.45669710636138916,0.4876914247870445,0.44429993629455566,0.46773160994052887,0.4416245222091675,0.48590419441461563,0.48549675941467285,0.4628066197037697,0.4599978029727936,0.4658535271883011,0.47402632236480713,0.4758448898792267,0.45459094643592834,0.47275807708501816,0.45288753509521484,0.4678030237555504,0.4523092210292816,0.4660590390364329,
1212609727,qlstm,extrapolation,iid,2000054,62,2,60,59,2,0.07778136575614922,0.27133779083528825,0.07770060848141491,0.2787482887506485,0.1375471059644281,0.36105457693338394,0.07578917441587325,0.2683472312986851,0.03163312956438226,0.02837739793621764,0.039249926805496216,0.3539946377277374,0.378673255443573,0.40583905577659607,0.4316064715385437,0.36105457693338394,0.2762801796197891,0.34640348702669144,0.24451418220996857,0.3058294430375099,0.21760107576847076,0.286993570625782,0.19531388580799103,0.3386264517903328,0.2456464320421219,0.26625920832157135,0.28800423443317413,0.22903116047382355,0.26274843513965607,0.29278407990932465,0.3098027855157852,0.2862534373998642,0.23679079115390778,0.4590235948562622,0.4712642470995585,-0.01224065224329629,0.46118609607219696,0.4626680612564087,0.4730650931596756,0.47771623730659485,0.4590235948562622,0.4588347375392914,0.4789945185184479,0.47443124651908875,0.4558565467596054,0.45012423396110535,0.45844776928424835,0.454227477312088,0.48298420011997223,0.4882521629333496,0.46741145849227905,0.46039167046546936,0.4615136384963989,0.46879979968070984,0.472292959690094,0.4673909842967987,0.47484447062015533,0.46820345520973206
1212609727,qlstm,extrapolation,iid,2000055,62,0,62,61,0,0.03234889578021533,0.17023469940308603,0.06300278884154764,0.25100356340408325,,,0.03234889578021533,0.17023469940308603,0.034732468792649566,0.034732468792649566,,,,,,,,,,,,,,,,,,,,,,,,,0.47495243962733974,,,,,,,,,,,,,,,,,,,,,,,
1212609727,qlstm,extrapolation,iid,2000056,62,6,56,56,5,0.040275024456413636,0.15240450912425596,0.20934519512152022,0.4575425609946251,0.0754764340502845,0.2287392852207025,0.036503444857070334,0.1442257831139224,0.029067497168268477,0.026321545243263245,0.035658204555511476,0.1169481873512268,0.1688503623008728,0.2248748779296875,0.13623970746994019,0.2287392852207025,0.3473767265677452,0.11845605944593747,0.34909477084875107,0.1719354378680388,0.413635216653347,0.13252537325024605,0.45454951375722885,0.12345368539293607,0.42898084968328476,0.17647394413749376,0.43467213958501816,0.18628189836939177,0.4575425609946251,0.09667627215385437,,0.1038305103778839,,0.48360662659009296,0.4696525702519076,0.013954056338185361,0.5034531831741333,0.4677547216415405,0.488459312915802,0.46845901012420654,0.48360662659009296,0.4486701786518097,0.48085517187913257,0.4605771005153656,0.47489073872566223,0.48494505882263184,0.46689005692799884,0.4724853038787842,0.4730377395947774,0.48878350853919983,0.47178277870019275,0.4803219139575958,0.4598587403694789,0.47251424193382263,0.4690578281879425,,0.46856476068496705,
1212609727,qlstm,extrapolation,iid,2000057,62,4,58,57,4,0.16347817314075977,0.38469374899361886,0.32486211228042444,0.5699667641893029,0.08129050009966869,0.23963688337244093,0.169146288522904,0.39469767076059664,0.03431848684946696,0.03805006742477417,0.026364028453826904,0.19256535172462463,0.38415518403053284,0.19858772307634354,0.3449098765850067,0.23963688337244093,0.40694198105484247,0.2647941561881453,0.42403790447860956,0.34546597325243056,0.5076210210099816,0.38469901704229414,0.5695712873712182,0.391632184619084,0.6083406517282128,0.3625573667231947,0.4806067058816552,0.4027330132666975,0.5538907954469323,0.3453151290304959,0.46888640616089106,0.38581206696107984,0.40258333180099726,0.47435279935598373,0.47093530513089277,0.003417494225090967,0.47772760192553204,0.4503646790981293,0.5037282779812813,0.46842002868652344,0.47435279935598373,0.44668498635292053,0.4808626100420952,0.4659693241119385,0.4626394584774971,0.44694995880126953,0.46682487428188324,0.4697937071323395,0.4694048836827278,0.4941692054271698,0.46026958525180817,0.45518288016319275,0.47638630121946335,0.4753388464450836,0.4677974432706833,0.45942315459251404,0.47639384120702744,0.4636112153530121
1212609727,qlstm,extrapolation,iid,2000058,62,2,60,60,1,0.24417512575880576,0.488627779447744,0.33426881441076267,0.5781598519533873,0.17003736031975175,0.4121177326887846,0.2466463846067742,0.49117811433970926,0.030156509081522623,0.026061342521147293,0.05600160360336304,0.500607056543231,0.500607056543231,0.4864464830607176,0.4864464830607176,0.4121177326887846,0.4261296819895506,0.4428126644343138,0.4561986159533262,0.4607727061957121,0.4399192165583372,0.44518680684268475,0.4181395601481199,0.47208659164607525,0.39420012943446636,0.4415984880179167,0.3802031707018614,0.48477323167026043,0.4762555193156004,0.49548514001071453,0.4626076053828001,0.504283620044589,0.41443191282451153,0.5013968199491501,0.47142304529746376,0.029973774651686325,0.4617127478122711,0.4617127478122711,0.44920578598976135,0.44920578598976135,0.5013968199491501,0.4635712206363678,0.4892414063215256,0.46684011816978455,0.49828486144542694,0.4805201590061188,0.4808506667613983,0.48560580611228943,0.46881432831287384,0.4643152058124542,0.47537678480148315,0.4599142372608185,0.48062701523303986,0.4722788631916046,0.473579466342926,0.49102067947387695,0.4559618979692459,0.4516625702381134
1212609727,qlstm,extrapolation,iid,2000059,62,4,58,57,4,0.02840588149764072,0.15117883249636618,0.010869482172356726,0.10425680875778198,0.03875278481351985,0.18334511667490005,0.027692301958614576,0.14896046807026042,0.027536715331830476,0.026206466459458875,0.04390843212604523,0.09547502547502518,0.23948949575424194,0.14570990204811096,0.2753368616104126,0.18334511667490005,0.14679759740829468,0.1850445494055748,0.12006515264511108,0.19825872033834457,0.12314176559448242,0.2036934569478035,0.15126925706863403,0.19582616537809372,0.17984962463378906,0.17786545306444168,0.24397718906402588,0.13203079253435135,0.21773606538772583,0.15634452551603317,0.16094964742660522,0.20896312594413757,0.181479811668396,0.48027946054935455,0.4728639691040434,0.007415491445311173,0.4619280695915222,0.4626774489879608,0.4690358564257622,0.47913265228271484,0.48027946054935455,0.49306055903434753,0.46405430883169174,0.4637641906738281,0.44902071356773376,0.44551464915275574,0.4638977199792862,0.46546754240989685,0.4823516309261322,0.4904778003692627,0.47509872168302536,0.45114636421203613,0.46824200451374054,0.485315203666687,0.46140141785144806,0.4680078327655792,0.46930834650993347,0.45225319266319275
1212609727,qlstm,extrapolation,iid,2000060,62,6,56,56,5,0.18019234272823498,0.4104370912236552,0.15782356654472451,0.397270143032074,0.10611319566656381,0.30309555927912396,0.1881293941991283,0.42193796964628355,0.032005682587623596,0.02934297588136461,0.025914430618286133,0.27356640100479124,0.4120829701423645,0.3113184332847595,0.434689998626709,0.30309555927912396,0.46049731969833374,0.3096058964729309,0.46895986795425415,0.33942246437072754,0.48567819595336914,0.3508521020412445,0.4800470471382141,0.3608740568161011,0.43449097871780396,0.39642120401064557,0.4895930290222168,0.43420538306236267,0.5429099202156067,0.3941513995329539,0.38098281621932983,0.43132419884204865,0.47101378440856934,0.4755906015634537,0.47363596888525145,0.0019546326782022283,0.4804377257823944,0.4791264533996582,0.47603166103363037,0.4770207107067108,0.4755906015634537,0.4527631998062134,0.48625023663043976,0.47389256954193115,0.4764525492986043,0.482960969209671,0.47710054119427997,0.47684183716773987,0.47299369672934216,0.4603683054447174,0.4774485280116399,0.47364571690559387,0.47730113565921783,0.4588593542575836,0.4795814057191213,0.46203741431236267,0.47200004756450653,0.478814959526062
1212609727,qlstm,extrapolation,iid,2000061,62,2,60,59,2,0.0794150766816821,0.24744432347436104,0.08937154001643322,0.298950731754303,0.015275575238778316,0.08947038650512695,0.08155306006311223,0.25271012137333554,0.028514345823708227,0.02710387110710144,0.019500374794006348,0.1581503450870514,0.024143099784851074,0.18972602486610413,0.07849311828613281,0.08947038650512695,0.174738347530365,0.14701995253562927,0.26465755701065063,0.14002570509910583,0.2641769051551819,0.16037172079086304,0.3181948661804199,0.21062421798706055,0.3790096044540405,0.21141000092029572,0.41599830985069275,0.2166745960712433,0.406754732131958,0.28660669922828674,0.3984750509262085,0.33898016810417175,0.298950731754303,0.4688083976507187,0.4726439396540324,-0.0038355420033137078,0.46738995611667633,0.45404112339019775,0.4705229252576828,0.4744349420070648,0.4688083976507187,0.4890871047973633,0.46456053853034973,0.4717271625995636,0.4884643703699112,0.490847110748291,0.4763503074645996,0.4863893985748291,0.46339765191078186,0.46839872002601624,0.4741861820220947,0.4808889925479889,0.4619748294353485,0.445602685213089,0.4786820262670517,0.4682769477367401,0.475171834230423,0.4819449484348297
1212609727,qlstm,extrapolation,iid,2000062,62,7,55,55,6,0.10605632129416485,0.3087302042591956,0.0905975906683274,0.300994336605072,0.09869638825389059,0.29201524598257883,0.10699304004474522,0.3108575625853105,0.03151561021804809,0.038081357353612,0.054876635471979775,0.2568199535210927,0.39202064275741577,0.32161752382914227,0.3986341953277588,0.29201524598257883,0.21789616346359253,0.2668418458529881,0.2620444893836975,0.21446992669786727,0.27087128162384033,0.22414240666798182,0.23942524194717407,0.2516637444496155,0.26287704706192017,0.27280984606061665,0.23558783531188965,0.3349984458514622,0.2417590618133545,0.3234723380633763,0.2577803134918213,0.35785422154835295,0.2619144916534424,0.48552711946623667,0.4688308298587799,0.016696289607456782,0.4764232238133748,0.4750056266784668,0.47374121844768524,0.48090025782585144,0.48552711946623667,0.4877583980560303,0.4813752600124904,0.4951501786708832,0.4740458684308188,0.4721181392669678,0.47401380113192965,0.4977468252182007,0.4678058283669608,0.4656388461589813,0.4643476477691105,0.46968814730644226,0.4710680842399597,0.4727693498134613,0.469547267471041,0.4553753435611725,0.46059452635901316,0.46529677510261536
1212609727,qlstm,extrapolation,late,2000063,62,1,61,60,1,0.07183148840034843,0.2581689742303664,0.20025538792702946,0.44749903678894043,0.03784445260621183,0.1945365071296692,0.07238865292156378,0.25921212942873845,0.03472702254851659,0.027785274115475742,0.01641067862510681,0.35984188318252563,0.35984188318252563,0.37242260575294495,0.37242260575294495,0.1945365071296692,0.1945365071296692,0.18768084049224854,0.18768084049224854,0.19172310829162598,0.19172310829162598,0.20946013927459717,0.20946013927459717,0.20310428738594055,0.20310428738594055,0.1996590495109558,0.1996590495109558,0.2553776502609253,0.2553776502609253,,,,,0.45941397547721863,0.4717485059480198,-0.012334530470801186,0.4656473696231842,0.4656473696231842,0.4618227481842041,0.4618227481842041,0.45941397547721863,0.45941397547721863,0.4581707715988159,0.4581707715988159,0.46824774146080017,0.46824774146080017,0.46773815155029297,0.46773815155029297,0.4751110076904297,0.4751110076904297,0.47862717509269714,0.47862717509269714,0.4476900100708008,0.4476900100708008,,,,
1212609727,qlstm,extrapolation,late,2000064,62,2,60,59,2,0.07297411459535318,0.25972810075167685,0.0430315344407326,0.20744043588638306,0.05781543306687198,0.22250910848379135,0.07347940397963588,0.26096873382727304,0.03275738530239816,0.02535460392634074,0.03640282154083252,0.20567213743925095,0.2818545550107956,0.24045368283987045,0.31995366513729095,0.22250910848379135,0.13137662410736084,0.24348049610853195,0.15482181310653687,0.27978094667196274,0.16502785682678223,0.2638981267809868,0.20744043588638306,0.30406348407268524,,0.31159554421901703,,0.4228351563215256,,0.2916949838399887,,0.2140517681837082,,0.4691871851682663,0.47290078898270926,-0.0037136038144429673,0.4722938537597656,0.46665051579475403,0.4925207495689392,0.4914814233779907,0.4691871851682663,0.4659139811992645,0.45931053161621094,0.46093082427978516,0.462697297334671,0.4466085135936737,0.47156912088394165,0.4623221457004547,0.4706149995326996,,0.44088470935821533,,0.46558892726898193,,0.44922173023223877,,0.45995914936065674,
1212609727,qlstm,extrapolation,late,2000065,62,5,57,57,4,0.07203975646521706,0.24081858752235288,0.16014890795926906,0.40018609166145325,0.07776212404866296,0.27100982069969176,0.07153779439649374,0.23817023373486704,0.030433141871502523,0.03180703946522304,0.02552289515733719,0.23126256465911865,0.23446941375732422,0.25489331036806107,0.23198217153549194,0.27100982069969176,0.33867374062538147,0.22249675393104554,0.3966585695743561,0.19889193177223205,0.39506521821022034,0.2026335060596466,0.40649864077568054,0.1967214047908783,0.388418585062027,0.20414193272590636,0.4087516963481903,0.2296641230583191,0.45374181866645813,0.1953192174434662,0.3835400640964508,0.12360754609107971,,0.48031833171844485,0.46961074649241935,0.010707585226025496,0.4618485967318217,0.4702853858470917,0.48602496087551117,0.45646682381629944,0.48031833171844485,0.4393708407878876,0.4670964181423187,0.4550659656524658,0.4668826639652252,0.4734533727169037,0.4700890421867371,0.4645705223083496,0.46906197667121885,0.4466083347797394,0.4762565910816193,0.49330881237983704,0.4741338312625885,0.47379788756370544,0.45714454650878905,0.44047316908836365,0.47712501138448715,
1212609727,qlstm,extrapolation,late,2000066,62,5,57,56,5,0.09887197046917978,0.2866469702773517,0.004455091699639979,0.06674647331237793,0.08688611306646074,0.26607995145022867,0.0999233614694183,0.28845109473587127,0.029880903661251068,0.04213846392101712,0.03776968717575073,0.3004428087733686,0.3667746242135763,0.29681721441447734,0.3691144045442343,0.26607995145022867,0.1659826636314392,0.23427796475589274,0.1108086109161377,0.2484290074557066,0.12775593996047974,0.2625545751303434,0.14942723512649536,0.3145907770842314,0.14266973733901978,0.2944538902491331,0.004461467266082764,0.2914292704313993,0.09692490100860596,0.30421479046344757,,0.1623513326048851,,0.4843152821063995,0.475343594425603,0.008971687680796536,0.4708142504096031,0.48377272486686707,0.4826265811920166,0.4568413197994232,0.4843152821063995,0.4794270098209381,0.46987261176109313,0.45661500096321106,0.46899049282073973,0.4709533154964447,0.4727566421031952,0.4824460446834564,0.47173325419425965,0.4790053367614746,0.47896644473075867,0.48152270913124084,0.47183159589767454,0.4630490243434906,0.47085927426815033,,0.4748833104968071,
1212609727,qlstm,extrapolation,late,2000067,62,3,59,59,2,0.042712200373369355,0.18558875002687977,0.12172913924523515,0.3488970324397087,0.11193185682015226,0.31765743841727573,0.039192556825227855,0.17887339299007998,0.029644916623325673,0.029355764389038086,0.045730769634246826,0.1680261641740799,0.04337775707244873,0.17039357125759125,0.04890131950378418,0.31765743841727573,0.4372398182749748,0.30747128278017044,0.45177995413541794,0.2921431139111519,0.41576283425092697,0.2809470171729724,0.37209372967481613,0.24426255375146866,0.3488970324397087,0.1928991675376892,,0.20279434323310852,,0.20954445004463196,,0.16760346293449402,,0.5153314173221588,0.4764383344326989,0.03889308288945992,0.48719045519828796,0.47460541129112244,0.48488855361938477,0.47615936398506165,0.5153314173221588,0.47795572876930237,0.4834112524986267,0.4523118734359741,0.48142338792483014,0.48057040572166443,0.4874966541926066,0.4883601665496826,0.48625508944193524,0.4687999188899994,0.46998098492622375,,0.48959270119667053,,0.48453885316848755,,0.4788622111082077,
1212609727,qlstm,extrapolation,late,2000068,62,3,59,59,2,0.19683122085046462,0.4282700217539264,0.13036614818906855,0.36106252670288086,0.07487034823037113,0.231747438510259,0.20303262115318124,0.4382626954781807,0.03326801930443715,0.02903123838560922,0.00543704628944397,0.269034668803215,0.05395212769508362,0.29503776133060455,0.09101751446723938,0.231747438510259,0.32758063077926636,0.26246874531110126,0.3764685392379761,0.30264074603716534,0.36974895000457764,0.38681896527608234,0.3643627166748047,0.4029417435328166,0.3699014186859131,0.4419705867767334,0.5085161924362183,0.456801176071167,0.4370899200439453,0.45561031500498456,0.3792150616645813,0.48858246207237244,,0.5078862806161245,0.47356715596328347,0.03431912465284104,0.46235355734825134,0.47140422463417053,0.46922147274017334,0.45583996176719666,0.5078862806161245,0.4646652042865753,0.47962598005930585,0.4626864492893219,0.4796087145805359,0.4663700759410858,0.4719455341498057,0.4568599760532379,0.4600989917914073,0.4458869695663452,0.46182164549827576,0.4613790810108185,0.47510995467503864,0.46162495017051697,0.4692370593547821,0.47003480792045593,0.4715130031108856,
1212609727,qlstm,extrapolation,late,2000069,62,6,56,56,5,0.07663254144766377,0.2371542098060731,0.0004029933933447083,0.020074695348739624,0.0600068529930183,0.2164445420106252,0.0784138652106615,0.2393731027841568,0.03129397013357708,0.014581953485806784,0.03769158124923706,0.24959312081336976,0.35756754875183105,0.24888346791267396,0.37029945850372314,0.2164445420106252,0.029289036989212036,0.21369741360346475,0.04621294140815735,0.2328221003214518,0.05600336194038391,0.23440775275230408,0.027077287435531616,0.22385121385256448,0.009119361639022827,0.2516930550336838,0.004439979791641235,0.25025176505247754,0.005329102277755737,0.17513189216454825,0.020074695348739624,0.22357126474380493,,0.5013810147841772,0.4732282576816423,0.028152757102534898,0.47450787425041197,0.4764012396335602,0.4771515965461731,0.4558751583099365,0.5013810147841772,0.4769291877746582,0.4789666136105855,0.46136537194252014,0.48137640456358594,0.47769200801849365,0.4724443902571996,0.46146366000175476,0.48041216532389325,0.47336503863334656,0.4700736701488495,0.4747847616672516,0.4770173629124959,0.4852646291255951,0.4828986128171285,0.4849720895290375,0.47813894152641295,
1212609727,qlstm,extrapolation,late,2000070,62,7,55,54,7,0.13336105954094654,0.33530855818741745,0.00965167496875452,0.09824293851852417,0.12026753550309548,0.3217941280454397,0.13502750805485486,0.3370285765691237,0.030388736062579684,0.0281449372951801,0.05826875141688755,0.26975156606308054,0.4606487173587084,0.33516946993768215,0.4844604153186083,0.3217941280454397,0.15147119760513306,0.3190050819622619,0.0926399827003479,0.29445288037615164,0.08923870325088501,0.31448884547821115,0.12117433547973633,0.33574953276131836,0.12884783744812012,0.35383359901607037,0.17651581764221191,0.36355770512350966,0.14978450536727905,0.3765913165573563,0.08543866872787476,0.45898073942710954,,0.4864444434642792,0.4751438758590005,0.0113005676052787,0.48339908037866863,0.46209511160850525,0.48614869373185293,0.4773685038089752,0.4864444434642792,0.47753414511680603,0.4687450613294329,0.4562647342681885,0.47586940441812786,0.4512680470943451,0.47238307765551973,0.48144760727882385,0.475538615669523,0.4890330731868744,0.46843972376414705,0.4675023555755615,0.47833895683288574,0.4880899488925934,0.47726383805274963,0.47442910075187683,0.48416360716025036,
1212609727,qlstm,extrapolation,late,2000071,62,7,55,54,7,0.11487477270778948,0.3200628760481073,0.059881247597989073,0.24470645189285278,0.08189139765948739,0.2629665616633637,0.11907265680484612,0.32732967969707466,0.031961523824267916,0.06289705634117126,0.033762029239109585,0.3223307634304677,0.43699145317077637,0.33755818767739193,0.46249449253082275,0.2629665616633637,0.16800415515899658,0.2563798184107457,0.14345824718475342,0.31147025977926596,0.24470645189285278,0.35228855193903047,,0.3370164845449229,,0.3028663396835327,,0.28081350525220233,,0.27688545485337573,,0.3486353516578674,,0.4583453834056854,0.47160629413344646,-0.013260910727761033,0.4750625491142273,0.45471659302711487,0.4714893911566053,0.4684329032897949,0.4583453834056854,0.4481757581233978,0.4770143244947706,0.4831673800945282,0.47257956862449646,0.4706956148147583,0.46779561042785645,,0.4653531114260356,,0.4709036300579707,,0.46845875680446625,,0.46417464315891266,,0.4650515794754028,
1212609727,qlstm,extrapolation,late,2000072,62,5,57,57,4,0.09340862047948122,0.2805073631386603,0.3425833796075075,0.5853062272071838,0.10231592946125438,0.29717795848846434,0.09262727758634322,0.2790450302132389,0.031521077741656384,0.025867387652397156,0.05765947699546814,0.20727799832820892,0.04126623272895813,0.19770903885364532,0.04145899415016174,0.29717795848846434,0.4899996519088745,0.2665068030357361,0.48591816425323486,0.2727174162864685,0.5196781754493713,0.2709760308265686,0.5592131018638611,0.2911450505256653,0.5853062272071838,0.30638082325458527,,0.29813697934150696,,0.2939299941062927,,0.25589993596076965,,0.49968360662460326,0.4737804390882191,0.025903167536384164,0.46583523601293564,0.4650459289550781,0.47165580093860626,0.47534263134002686,0.49968360662460326,0.48914122581481934,0.4792437493801117,0.47908660769462585,0.47873337268829347,0.49080267548561096,0.46987313628196714,0.4718587398529053,0.47261798977851865,0.47736087441444397,0.47097012400627136,,0.4776505157351494,,0.47989287972450256,,0.470640887816747,
1212609727,qlstm,extrapolation,late,2000073,62,5,57,57,4,0.09511083280519769,0.26675800146955636,0.16681368551054732,0.4084283113479614,0.11724915616449902,0.31917169578373433,0.09316887461578531,0.2621603089858565,0.03573471098615412,0.03496283292770386,0.06315873563289642,0.24471599468961358,0.13989126682281494,0.2416140348650515,0.09594804048538208,0.31917169578373433,0.43768757581710815,0.2756100583821535,0.3807387351989746,0.23698753602802752,0.32876574993133545,0.27131442315876486,0.3767801523208618,0.2841672349721193,0.4032333493232727,0.3040476251393557,0.4583779573440552,0.2916929483413696,0.4593254327774048,0.2537558376789093,,0.2691302211023867,,0.47620182633399966,0.4709141306709825,0.005287695663017178,0.4624905660748482,0.466105580329895,0.46720917522907257,0.47456106543540955,0.47620182633399966,0.45749202370643616,0.49148738384246826,0.4920389652252197,0.4680033206939697,0.46020305156707764,0.47528737783432007,0.47274473309516907,0.46974340081214905,0.49042749404907227,0.4666527807712555,0.461067795753479,0.47476893067359927,0.4840846061706543,0.46773188561201096,,0.47593308985233307,
1212609727,qlstm,extrapolation,late,2000074,62,1,61,60,1,0.05509890488524774,0.22514168773927995,0.009906822358974665,0.09953302145004272,0.03844833613983667,0.1960824728012085,0.05537186502861514,0.22561806831203524,0.03270531992117564,0.03465470174948374,0.018773913383483887,0.2405354380607605,0.2405354380607605,0.22213709354400635,0.22213709354400635,0.1960824728012085,0.1960824728012085,0.24058866500854492,0.24058866500854492,0.2833288311958313,0.2833288311958313,0.3060620427131653,0.3060620427131653,0.3049657940864563,0.3049657940864563,0.2439841628074646,0.2439841628074646,0.26876896619796753,0.26876896619796753,0.09953302145004272,0.09953302145004272,,,0.44774284958839417,0.4749030978953252,-0.027160248306931034,0.46300408244132996,0.46300408244132996,0.46026289463043213,0.46026289463043213,0.44774284958839417,0.44774284958839417,0.4860421121120453,0.4860421121120453,0.4636889696121216,0.4636889696121216,0.4740205705165863,0.4740205705165863,0.46575650572776794,0.46575650572776794,0.46347805857658386,0.46347805857658386,0.48871323466300964,0.48871323466300964,0.48857930302619934,0.48857930302619934,,
1212609727,qlstm,extrapolation,late,2000075,62,6,56,56,5,0.14996001052552338,0.3473885734114916,0.004274868772199625,0.06538248062133789,0.0844612605384879,0.25390042054156464,0.15697773373842003,0.3574051612189838,0.03487794207675116,0.024348855018615723,0.01745173931121826,0.2650447227060795,0.38022464513778687,0.30047788843512535,0.40489649772644043,0.25390042054156464,0.04103362560272217,0.20197605031232038,0.06538248062133789,0.2123769037425518,,0.14605075120925903,,0.13790704011917115,,0.145037043094635,,0.13838839530944824,,0.16519087553024292,,0.3606907486915588,,0.495492363969485,0.4715555427329881,0.023936821236496875,0.5068191736936569,0.45141735672950745,0.49897947907447815,0.4635603129863739,0.495492363969485,0.4698857367038727,0.47545767823855084,0.4659973084926605,0.46741806268692015,,0.47133698463439944,,0.4770582318305969,,0.47748869061470034,,0.48138037919998167,,0.46877331137657163,,0.46532042026519777,
1212609727,qlstm,extrapolation,late,2000076,62,5,57,57,4,0.08573750017695908,0.24777537271861108,0.18212192528893922,0.42675745487213135,0.09412080655929142,0.27197199165821073,0.08500212242412292,0.24565286228531286,0.028388869344142444,0.029775142669677734,0.04752020537853241,0.23765626177191734,0.13280072808265686,0.26859018579125404,0.13749545812606812,0.27197199165821073,0.4565325975418091,0.2654638200998306,0.42675745487213135,0.2374108023941517,,0.27148062363266945,,0.28754446282982826,,0.2866324223577976,,0.29182277992367744,,0.29145878553390503,,0.2660295367240906,,0.4817667603492737,0.46628845888271664,0.015478301466557043,0.46010908484458923,0.45733776688575745,0.47646724432706833,0.46782901883125305,0.4817667603492737,0.44466838240623474,0.4933961808681488,0.4707363545894623,0.48950352519750595,,0.4693499803543091,,0.45544297248125076,,0.45747680962085724,,0.4678664654493332,,0.45633380115032196,,0.45593374222517014,
1212609727,qlstm,extrapolation,late,2000077,62,9,53,53,8,0.11106064541651878,0.3117933859748225,0.04108773260327325,0.20270109176635742,0.09474545267230185,0.2803589105606079,0.11383114984478204,0.317131315762142,0.030159484665348846,0.01647373040517171,0.035471536219120026,0.28938006503241404,0.2799099087715149,0.32342416793107986,0.24769771099090576,0.2803589105606079,0.25212228298187256,0.25990422897868687,0.2340754270553589,0.2751403914557563,0.22729140520095825,0.26994191606839496,0.20270109176635742,0.29900527372956276,,0.3561498858034611,,0.3863614425063133,,0.31570952385663986,,0.28744393587112427,,0.49489724304940963,0.47120511531829834,0.02369212773111129,0.47272548505238127,0.46869465708732605,0.479547668248415,0.46527567505836487,0.49489724304940963,0.4746560752391815,0.4826459189256032,0.4713679850101471,0.47750429643525016,0.47854748368263245,0.47335532307624817,0.45466193556785583,0.47108399868011475,,0.4691906198859215,,0.4710559509694576,,0.47266915813088417,,0.4668455608189106,
1212609727,qlstm,extrapolation,late,2000078,62,2,60,59,2,0.18523274335764944,0.4160110096056615,0.153125783519247,0.3913128972053528,0.16031387821845894,0.39525281451642513,0.18606337219562247,0.4167029494419694,0.033334848234208965,0.022986431916554768,0.055430591106414795,0.24442805908620358,0.4684440903365612,0.24512060545384884,0.4563499502837658,0.39525281451642513,0.3313068151473999,0.4408899452537298,0.38517773151397705,0.41477583907544613,0.3957895040512085,0.41966154240071774,0.3913128972053528,0.4961455874145031,,0.40113500878214836,,0.42138097807765007,,0.5196229629218578,,0.4585481695830822,,0.47714249789714813,0.4726008410255114,0.004541656871636712,0.48999714851379395,0.4829074442386627,0.47673505544662476,0.49113500118255615,0.47714249789714813,0.4725428521633148,0.47689440846443176,0.46310582756996155,0.45568253099918365,0.44424760341644287,0.4805438071489334,0.47600582242012024,0.45606517791748047,,0.46394944190979004,,0.47108325362205505,,0.49138346314430237,,0.4791697561740875,
1212609727,qlstm,extrapolation,late,2000079,62,6,56,56,5,0.09665920554876331,0.2948835875478483,0.12355675245983472,0.35150640457868576,0.12596127752703654,0.34023042892416316,0.09351969783680547,0.290024997400386,0.03462825609104974,0.018584320942560833,0.043518447875976564,0.3278617739677429,0.37787097692489624,0.306705242395401,0.4253283739089966,0.34023042892416316,0.3588809296488762,0.3079707510769367,0.33375053852796555,0.30286846434076625,0.3034292384982109,0.3233450936774413,0.2901345416903496,0.2881316679219405,0.28576796501874924,0.262533991287152,0.2807280942797661,0.33164521927634877,0.3259769007563591,0.30161553372939426,0.35150640457868576,0.2972230061888695,,0.49812788267930347,0.47087298227208,0.027254900407223448,0.4736311614513397,0.45326611399650574,0.48057066798210146,0.47472020983695984,0.49812788267930347,0.49360498785972595,0.4852867325146993,0.47215190529823303,0.4651688039302826,0.4561648368835449,0.47131112217903137,0.46565699577331543,0.4732705255349477,0.47632351517677307,0.4699716518322627,0.4706747531890869,0.46617674827575684,0.47120794653892517,0.4620552311340968,0.4652921259403229,0.47376943826675416,
1212609727,qlstm,extrapolation,late,2000080,62,5,57,57,4,0.16298601849353755,0.4008985064743507,0.1639311344006842,0.40488409996032715,0.13426915200321315,0.3625807259231806,0.16550504186988185,0.4042597152946288,0.02675574495081316,0.03864484363132053,0.02105650305747986,0.4132176754064858,0.4095627535134554,0.4165988084860146,0.4061171878129244,0.3625807259231806,0.4351435899734497,0.35870285965502263,0.3430599570274353,0.4027981851249933,0.37692248821258545,0.40579811073839667,0.33075273036956787,0.4207647893577814,0.3860015869140625,0.425334045663476,0.4511565566062927,0.4332697484642267,0.434346079826355,0.37962230714038014,,0.3925052252598107,,0.48063178062438966,0.4696466870475234,0.010985093576866278,0.4678981900215149,0.47312280535697937,0.47327209264039993,0.4890725910663605,0.48063178062438966,0.46711137890815735,0.4847059905529022,0.48821571469306946,0.4735429108142853,0.48688873648643494,0.4774049580097198,0.49201837182044983,0.4643452763557434,0.48017334938049316,0.45938265323638916,0.4455641210079193,0.4565787434577942,0.4531307518482208,0.46575700491666794,,0.46674128621816635,
1212609727,qlstm,extrapolation,late,2000081,62,5,57,57,4,0.10936289696526183,0.31888141410966075,0.02298413328520965,0.15160518884658813,0.09634174498154988,0.27093131840229034,0.11050510327962253,0.3230875628559213,0.031915714866236636,0.035250574350357056,0.03558124601840973,0.38206299021840096,0.3446611911058426,0.27700092270970345,0.33762575685977936,0.27093131840229034,0.19505774974822998,0.3489369809627533,0.2050270438194275,0.2833687126636505,0.15071898698806763,0.35084099471569063,0.19033914804458618,0.2695708960294724,0.23301994800567627,0.3193677067756653,0.22857707738876343,0.2671375036239624,0.14314007759094238,0.2911713272333145,,0.3027831166982651,,0.48541432023048403,0.46942917244476184,0.015985147785722187,0.48831985145807266,0.45189163088798523,0.46891841292381287,0.4407899081707001,0.48541432023048403,0.4806935787200928,0.46715447306632996,0.4594208896160126,0.46984279751777647,0.49413028359413147,0.4657429575920105,0.46995672583580017,0.46634254455566404,0.4497910439968109,0.4674169957637787,0.4414626657962799,0.47234382629394533,0.4365675151348114,0.4790496826171875,,0.4748597890138626,
1212609727,qlstm,extrapolation,late,2000082,62,4,58,57,4,0.13187318316867686,0.34803234641590425,0.05707289950989036,0.2388993501663208,0.10439204675925719,0.30118641443550587,0.13376843395553337,0.3512631003455869,0.025997808105067202,0.032989946695474476,0.04028606414794922,0.3435369301587343,0.39054685831069946,0.35149204917252064,0.4441562294960022,0.30118641443550587,0.11433964967727661,0.2958627361804247,0.09417521953582764,0.32263599522411823,0.16031646728515625,0.3387506026774645,0.2212458848953247,0.37608313746750355,0.26731544733047485,0.3832364995032549,0.29512834548950195,0.37821988947689533,0.26078975200653076,0.353934096172452,0.21899914741516113,0.2832526961962382,,0.4791000783443451,0.47629581905644514,0.0028042592878999573,0.4851158708333969,0.47860220074653625,0.4712538942694664,0.47576114535331726,0.4791000783443451,0.485675573348999,0.48521122336387634,0.48988404870033264,0.47534845024347305,0.46390509605407715,0.475103996694088,0.4733501374721527,0.47173114866018295,0.48298943042755127,0.46348389983177185,0.45075157284736633,0.46326612681150436,0.4364055097103119,0.47400644421577454,0.4544037878513336,0.4731333355108897,
1212609727,qlstm,extrapolation,late,2000083,62,4,58,57,4,0.1875045683408392,0.41146827350941395,0.0061564732449284065,0.07846319675445557,0.09287918134520123,0.2637086370959878,0.1940304570991591,0.42165859326206406,0.029788768605182047,0.03822548687458038,0.011554934084415436,0.38315019104629755,0.47281527891755104,0.360770502127707,0.43049419298768044,0.2637086370959878,0.1262771487236023,0.23186592105776072,0.08215123414993286,0.32378401048481464,0.07152003049850464,0.2990247029811144,0.025919198989868164,0.32364833634346724,0.07846319675445557,0.4181912976006667,,0.4244057573378086,,0.4272988475859165,,0.4888089932501316,,0.4614246338605881,0.4727938267691382,-0.011369192908550152,0.4620932638645172,0.4508444368839264,0.48079814016819,0.48627999424934387,0.4614246338605881,0.4627629816532135,0.4847496226429939,0.4951837360858917,0.4650864079594612,0.46794405579566956,0.47219807654619217,0.4593139588832855,0.4643452987074852,0.465009480714798,0.45999786257743835,,0.46360204617182416,,0.4744773209095001,,0.46342804034550983,
1212609727,qlstm,extrapolation,late,2000084,62,6,56,55,6,0.1127947267625611,0.3181384275517156,0.3141140099277573,0.5604587495326996,0.13958443468473414,0.3277588138977687,0.10992440091375684,0.31710767187178135,0.03565082604234869,0.03203168511390686,0.041976148883501686,0.3356418162584305,0.2788970470428467,0.3009120697776477,0.2401965856552124,0.3277588138977687,0.49639537930488586,0.3166679988304774,0.503736287355423,0.40411704778671265,0.5604587495326996,0.39437236189842223,,0.41752527356147767,,0.28890849351882936,,0.21961867213249206,,0.32902305722236636,,0.319766104221344,,0.48055676619211835,0.47061877112303463,0.009937995069083716,0.4756532708803813,0.45896634459495544,0.4780740787585576,0.46309205889701843,0.48055676619211835,0.4554729759693146,0.4681194672981898,0.4431765079498291,0.4676131258408229,0.47447502613067627,0.46434741616249087,,0.47673187255859373,,0.4758715808391571,,0.4671417236328125,,0.4786701321601868,,0.46576951146125795,
1212609727,qlstm,extrapolation,late,2000085,62,5,57,56,5,0.06785972974922543,0.2481794588027462,0.02391782167728085,0.1546538770198822,0.07127185337335114,0.259409511089325,0.06756042065938984,0.24719436649690596,0.03771985215800149,0.021821632981300354,0.03121870756149292,0.2842170238494873,0.3096414804458618,0.27549365162849426,0.3345128893852234,0.259409511089325,0.1493949592113495,0.2521503746509552,0.1386462152004242,0.2572471916675568,0.1787870228290558,0.23211843371391297,0.16339829564094543,0.22628522515296937,0.1880945861339569,0.2266960322856903,0.14772674441337585,0.2646488845348358,0.1546538770198822,0.3274145722389221,,0.19285215437412262,,0.44983863830566406,0.47527450061680976,-0.025435862311145696,0.4608677506446838,0.485024094581604,0.45844014286994933,0.46346306800842285,0.44983863830566406,0.4520540237426758,0.47378559708595275,0.47909459471702576,0.4707590460777283,0.45807766914367676,0.47924604415893557,0.4863334000110626,0.4698260843753815,0.4689812660217285,0.47689996361732484,0.47562769055366516,0.47875325083732606,0.4781390130519867,0.4742531180381775,,0.4643936976790428,
1212609727,qlstm,extrapolation,late,2000086,62,4,58,57,4,0.11160170768482552,0.3103206023093193,0.052119354709830645,0.22829663753509521,0.08045552857034366,0.2398623526096344,0.11374972003754841,0.3151797919437803,0.03008649746576945,0.013032689690589905,0.04562900960445404,0.18777268379926682,0.3740677833557129,0.2232755795121193,0.3344734311103821,0.2398623526096344,0.211323082447052,0.222869873046875,0.1979854702949524,0.2480708807706833,0.21054071187973022,0.14371686428785324,0.2325376272201538,0.23004822432994843,0.22829663753509521,0.21390841404596964,,0.31873661279678345,,0.33871644735336304,,0.3493114610513051,,0.48052334785461426,0.47010961791564676,0.010413729938967498,0.4769390970468521,0.4666394293308258,0.47140301764011383,0.46885451674461365,0.48052334785461426,0.46255555748939514,0.4739987328648567,0.461542010307312,0.46612124145030975,0.45458436012268066,0.4674390107393265,0.45874038338661194,0.4721057415008545,0.48004913330078125,0.4663042426109314,,0.46385180950164795,,0.45953600605328876,,0.45477919777234393,
1212609727,qlstm,extrapolation,late,2000087,62,3,59,58,3,0.13360340304329582,0.3531293075892233,0.24840425600860172,0.4984017014503479,0.09838067038729677,0.30942262212435406,0.13539438944953305,0.35535168142642004,0.03456169983436321,0.03199915091196696,0.046734889348347984,0.29152364532152814,0.41949209570884705,0.27158380548159283,0.34334322810173035,0.30942262212435406,0.37173038721084595,0.29091790318489075,0.3426398038864136,0.30787186821301776,0.4008038640022278,0.32813605666160583,0.4344189167022705,0.35613808035850525,0.48610496520996094,0.38353894154230755,0.5163161158561707,0.3567194143931071,0.3976109027862549,0.4022701183954875,0.45866334438323975,0.3815685510635376,,0.48489414652188617,0.4693174165184215,0.015576730003464656,0.4785279432932536,0.4819919168949127,0.45712634921073914,0.46393534541130066,0.48489414652188617,0.4933236539363861,0.46642452478408813,0.4834025204181671,0.4732455015182495,0.4625939428806305,0.473908652861913,0.47517073154449463,0.4730313917001088,0.4621805250644684,0.4627830783526103,0.4471639096736908,0.46674178044001263,0.44571277499198914,0.4659398098786672,0.45402994751930237,0.46806126832962036,
1212609727,qlstm,extrapolation,late,2000088,62,2,60,60,1,0.027463446426918607,0.10643359348778764,0.19215281717093818,0.4383523892611265,0.11293556349308456,0.2782208239659667,0.024614375858046413,0.10070735247184832,0.029064197341601053,0.01002149780591329,0.030468523502349854,0.08559972047805786,0.08559972047805786,0.043569326400756836,0.043569326400756836,0.2782208239659667,0.4667115043848753,0.2902405774220824,0.4759279917925596,0.23020791169255972,0.44895277731120586,0.22453766223043203,0.4406501483172178,0.23959796782582998,0.447318596765399,0.27507882472127676,0.4383523892611265,0.020368993282318115,,0.03446608781814575,,0.025211572647094727,,0.5128120481967926,0.4704041143258413,0.04240793387095132,0.483081579208374,0.483081579208374,0.45637133717536926,0.45637133717536926,0.5128120481967926,0.4765719175338745,0.48833782970905304,0.4761805236339569,0.483145534992218,0.4684278666973114,0.46670857071876526,0.4573500454425812,0.4909514933824539,0.4888669550418854,0.47340717911720276,0.47962889075279236,0.46197041869163513,,0.47214242815971375,,0.4627409279346466,
1212609727,qlstm,extrapolation,late,2000089,62,5,57,57,4,0.19538886013931359,0.3993771783632016,0.21008011911482868,0.45834497828036547,0.15701985748578756,0.3666257535107434,0.19875456212646495,0.40225011036780317,0.02399540522642303,0.036639947444200516,0.034543491899967194,0.39799117553047836,0.5559059381484985,0.35550192126538604,0.570232093334198,0.3666257535107434,0.3849930288270116,0.3173217927105725,0.3628335418179631,0.325032124388963,0.3941373946145177,0.3004281962290406,0.4697143854573369,0.2373100185766816,0.5099371494725347,0.2076536202803254,0.44505892414599657,0.1978248381987214,0.45834497828036547,0.15258436650037766,,0.4067641422152519,,0.4924949645996094,0.46711018995234843,0.025384774647260966,0.4829888567328453,0.46688246726989746,0.46986835449934006,0.4494740068912506,0.4924949645996094,0.44958487153053284,0.4797354280948639,0.4507216513156891,0.47433831691741946,0.45115622878074646,0.4685041904449463,0.45742034912109375,0.47114909887313844,0.4525231420993805,0.47469101548194886,0.4588488042354584,0.47471978068351744,0.4841555655002594,0.4644690454006195,,0.45797236263751984,
1212609727,qlstm,extrapolation,late,2000090,62,4,58,58,3,0.238868858466925,0.47644808696162316,0.016475624812528622,0.1283574104309082,0.08849456479954743,0.2820671945810318,0.24923949940950274,0.48985366574649153,0.030622272655881685,0.01140323281288147,0.060733258724212646,0.33077700932820636,0.4498979449272156,0.3347844084103902,0.5042058229446411,0.2820671945810318,0.15116387605667114,0.28229935467243195,0.14577466249465942,0.3173649460077286,0.1283574104309082,0.40316635370254517,,0.4245251417160034,,0.511547307173411,,0.5391734639803568,,0.5077806909879049,,0.5397271911303202,,0.4904022365808487,0.47245883376433934,0.017943402816509357,0.49302510420481366,0.4690512716770172,0.4807494481404622,0.4643842875957489,0.4904022365808487,0.4525314271450043,0.49427539110183716,0.4635179936885834,0.4806322157382965,0.45917871594429016,0.4841894805431366,,0.4768318335215251,,0.48540974656740826,,0.4760361711184184,,0.48147984345753986,,0.47537099321683246,
1212609727,qlstm,extrapolation,late,2000091,62,9,53,53,8,0.07894598869323545,0.24860059303201495,0.12875913552147578,0.3588302321732044,0.09792687077791161,0.28361400227165884,0.07572282003734705,0.2426549197649056,0.028124733915868796,0.01917824149131775,0.02199961245059967,0.3428622648352757,0.1953868865966797,0.31082800833974034,0.2414158582687378,0.28361400227165884,0.3971867151558399,0.30267919403397375,0.37658264115452766,0.2626420016297036,0.3588302321732044,0.2994791498640552,,0.32962327741552144,,0.2783755245618522,,0.2776206907417093,,0.2643289466698964,,0.23106509943803152,,0.4814474847581651,0.4704639343720562,0.010983550386108931,0.4869927391409874,0.4719581604003906,0.4766264893114567,0.45068255066871643,0.4814474847581651,0.46812841296195984,0.46442753076553345,0.46039435267448425,0.4735066261556413,0.4720095694065094,0.46873343363404274,,0.47527239471673965,,0.47257503494620323,,0.4728024346487863,,0.45905472338199615,,0.4730228583017985,
1212609727,qlstm,extrapolation,late,2000092,62,3,59,58,3,0.08768603275639221,0.28119086858726317,0.03910226992252319,0.19774293899536133,0.08924130704856664,0.264647680024306,0.08760695101272231,0.28203204766673556,0.027128736006802524,0.025429265366660223,0.028469115495681763,0.2815986747543017,0.4256439208984375,0.289266732831796,0.45012733340263367,0.264647680024306,0.0731266438961029,0.2566855922341347,0.11454373598098755,0.30091240008672077,0.17452716827392578,0.2693124810854594,0.15871238708496094,0.24879040320714316,0.1336216926574707,0.2547001242637634,0.18054091930389404,0.26591132084528607,0.20231080055236816,0.2584303915500641,,0.2074892222881317,,0.46962698300679523,0.47283984695450737,-0.0032128639477121412,0.47977109750111896,0.43710651993751526,0.46916401386260986,0.458644300699234,0.46962698300679523,0.4692845344543457,0.4692048927148183,0.4728185832500458,0.46788114309310913,0.46220219135284424,0.4757608075936635,0.4617287814617157,0.46933703621228534,0.46152010560035706,0.47650787234306335,0.4661937952041626,0.4714974065621694,0.4726954698562622,0.484458789229393,,0.46544376015663147,
1212609727,qlstm,extrapolation,late,2000093,62,7,55,55,6,0.14287430099670692,0.34256964327106554,0.013762171584027705,0.11731228232383728,0.09996196275308436,0.27909128314682413,0.14833587131862255,0.3506487072868781,0.025031957843086938,0.016703128814697266,0.035612781842549644,0.3863287173211575,0.5747055411338806,0.32360233552753925,0.5600768327713013,0.27909128314682413,0.1102929413318634,0.26189838562692913,0.09271225333213806,0.3032181816441672,0.09296610951423645,0.2976607584527561,0.08556041121482849,0.2762627622910908,0.07196196913719177,0.271698283297675,0.08496928215026855,0.26433041053158896,0.13420525193214417,0.2748864069581032,,0.30892905592918396,,0.49020525387355257,0.4726289277726954,0.017576326100857187,0.48453205823898315,0.45278024673461914,0.4879622161388397,0.4504484236240387,0.49020525387355257,0.4730710983276367,0.4802967437676021,0.4569534361362457,0.4823012777737209,0.47076860070228577,0.4784541938986097,0.47880053520202637,0.4783740554537092,0.48143982887268066,0.47937808292252676,0.47499439120292664,0.48103200112070355,0.47209838032722473,0.464115838209788,,0.4805371363957723,
1212609727,qlstm,extrapolation,late,2000094,62,4,58,58,3,0.17389173875836206,0.38535269482001183,0.02198958185273625,0.14828884601593018,0.1262374738940817,0.3142624069005251,0.17717823978348482,0.39025547329721777,0.02744874358177185,0.029631192033941097,0.051476081212361656,0.2689606969555219,0.2931526303291321,0.26165076345205307,0.2982557415962219,0.3142624069005251,0.2730180025100708,0.3070866484194994,0.1849554181098938,0.3048654589802027,0.13118362426757812,0.2786980886012316,0.13019883632659912,0.2806245405226946,0.1498904824256897,0.3240228593349457,0.21064221858978271,0.31760096549987793,0.1857035756111145,0.5338432788848877,,0.5283116102218628,,0.48306140303611755,0.47191825457688036,0.011143148459237195,0.4696637988090515,0.47266724705696106,0.488653967777888,0.49581167101860046,0.48306140303611755,0.4604710042476654,0.47712450474500656,0.46533438563346863,0.479093536734581,0.4624389708042145,0.47427837550640106,0.47357988357543945,0.48247766494750977,0.49320507049560547,0.4760746732354164,0.4730898141860962,0.4804065525531769,0.4842636287212372,0.4823625087738037,,0.4807647963364919,
1212609727,qlstm,extrapolation,late,2000095,62,7,55,55,6,0.05043380699718587,0.21458736350459437,0.010940838374441597,0.10459846258163452,0.05164526855874791,0.21425729138510569,0.050279620980259794,0.21462937268343837,0.03197922706604004,0.02598240226507187,0.0334260364373525,0.24114288886388144,0.27909356355667114,0.22435280680656433,0.22988396883010864,0.21425729138510569,0.1771831512451172,0.18803505386625016,0.13356441259384155,0.22394523450306483,0.133877694606781,0.21320222105298722,0.1963081955909729,0.22476718255451747,0.1824442744255066,0.2043687871524266,0.12050294876098633,0.22760119608470372,0.10459846258163452,0.22835847735404968,,0.21482680241266885,,0.4858713916369847,0.4763913317160173,0.009480059920967399,0.4879191766182582,0.46682801842689514,0.4815608908732732,0.47305533289909363,0.4858713916369847,0.48239314556121826,0.4799423771245139,0.48604920506477356,0.4718600000653948,0.46812164783477783,0.47009454454694477,0.481158584356308,0.4753741579396384,0.4803537428379059,0.4739616002355303,0.4754883050918579,0.47715313945497784,0.47296473383903503,0.4762565592924754,,0.4741858144601186,
1212609727,qlstm,extrapolation,late,2000096,62,3,59,59,2,0.23874413159541397,0.48048574399323235,0.033921577653529766,0.18417811393737793,0.1339456421445647,0.33955879881978035,0.24407286834715203,0.4876515208664587,0.02331362336368884,0.03767088055610657,0.0500616729259491,0.4613713603466749,0.5007482767105103,0.4390654843300581,0.45738673210144043,0.33955879881978035,0.14927154779434204,0.35615575189391774,0.20439571142196655,0.34271524225672084,0.18417811393737793,0.44442415051162243,,0.4492774587124586,,0.49870297126471996,,0.4991305749863386,,0.509730190038681,,0.5299906730651855,,0.49741654594739276,0.471159390978894,0.026257154968498786,0.4689527750015259,0.4632183611392975,0.4893375039100647,0.488644003868103,0.49741654594739276,0.4581601619720459,0.4926133056481679,0.4700808823108673,0.4885381559530894,0.47277283668518066,0.4706474542617798,,0.47919991612434387,,0.4690053164958954,,0.4770501106977463,,0.4661358743906021,,0.45944271981716156,
1212609727,qlstm,extrapolation,late,2000097,62,3,59,58,3,0.14973179784850218,0.37455773497781447,0.1769837371284666,0.42069435119628906,0.08732415601258747,0.27875245610872906,0.15290506777236224,0.37942918983556456,0.032312150659232305,0.04255236188570658,0.04323176542917887,0.3353556841611862,0.444048672914505,0.3275992075602214,0.5240094363689423,0.27875245610872906,0.1904941201210022,0.2537318368752797,0.17793715000152588,0.2434523602326711,0.25245219469070435,0.3393870194753011,0.30361849069595337,0.3478643496831258,0.3617532253265381,0.34308602412541706,0.42069435119628906,0.30659836530685425,,0.4077381193637848,,0.4917387068271637,,0.48274415731430054,0.4738970510030197,0.008847106311280828,0.4671107828617096,0.46056053042411804,0.49726536870002747,0.48297229409217834,0.48274415731430054,0.4826064109802246,0.46570725242296857,0.46211257576942444,0.46243374546368915,0.46935001015663147,0.46479923526446026,0.4606907069683075,0.479228397210439,0.48922523856163025,0.46495696902275085,0.47928139567375183,0.46220260858535767,,0.4766792058944702,,0.4883226007223129,
1212609727,qlstm,extrapolation,late,2000098,62,5,57,56,5,0.11067905057584537,0.2985271426939195,0.026923691868035782,0.16408440470695496,0.08588270524217574,0.2517325222492218,0.11285416858757077,0.30263193396099825,0.03198084927030972,0.023744602998097736,0.042361146211624144,0.2869569554924965,0.2165147066116333,0.28531223088502883,0.22801774740219116,0.2517325222492218,0.21869167685508728,0.23612502813339234,0.18428370356559753,0.26594974994659426,0.151251882314682,0.2675203323364258,0.14313176274299622,0.29361140727996826,0.17972049117088318,0.2759432315826416,0.16408440470695496,0.20676922798156738,,0.3590887784957886,,0.42418553680181503,,0.47788625955581665,0.47150836858833045,0.0063778909674861994,0.46881283521652223,0.4872097969055176,0.46468711495399473,0.4691697061061859,0.47788625955581665,0.46520134806632996,0.4639327466487885,0.4565143883228302,0.47718538641929625,0.4739668369293213,0.46898298859596255,0.44959697127342224,0.4754263639450073,0.4859555959701538,0.45710469484329225,0.4632163941860199,0.46926699578762054,,0.47304049134254456,,0.4541521668434143,
1212609727,qlstm,extrapolation,late,2000099,62,1,61,60,1,0.21281296060164914,0.4544329023168933,0.015198984375874858,0.12328416109085083,0.010940377022294001,0.10459625720977783,0.21612234721770412,0.4601679292858624,0.030141329765319823,0.018687903881072998,0.013452231884002686,0.4751647263765335,0.4751647263765335,0.5102133303880692,0.5102133303880692,0.10459625720977783,0.10459625720977783,0.12328416109085083,0.12328416109085083,,,,,,,,,,,,,,,0.4538626968860626,0.4710420844007711,-0.01717938751470849,0.4539526700973511,0.4539526700973511,0.47525927424430847,0.47525927424430847,0.4538626968860626,0.4538626968860626,0.48896265029907227,0.48896265029907227,,,,,,,,,,,,,,
1212609727,qlstm,extrapolation,late,2000100,62,4,58,57,4,0.07210749409967632,0.2441215022437034,0.03648946472054604,0.19102215766906738,0.08846043725500935,0.28460652753710747,0.07097970491654991,0.24132943153381348,0.031026701132456463,0.0572661558787028,0.02586902678012848,0.3111593797802925,0.33382388949394226,0.2649787478148937,0.3212597668170929,0.28460652753710747,0.3628206253051758,0.2569287344813347,0.3588672876358032,0.23603486269712448,0.28776103258132935,0.21474682539701462,0.19102215766906738,0.20297903815905252,,0.1912321150302887,,0.22885925571123758,,0.2478203276793162,,0.20659900705019632,,0.48667290806770325,0.47456097089011096,0.012111937177592291,0.48013782501220703,0.48554345965385437,0.4780837297439575,0.46132636070251465,0.48667290806770325,0.48459112644195557,0.47357650101184845,0.47069206833839417,0.46464868634939194,0.4732764661312103,0.4664648547768593,0.46352410316467285,0.4849345286687215,,0.4791540702184041,,0.46435001492500305,,0.4675061106681824,,0.474179486433665,
1212609727,qlstm,extrapolation,late,2000101,62,3,59,59,2,0.11954399922950208,0.30537994494361265,0.07492529569319473,0.27372485399246216,0.05767208091449453,0.20965054631233215,0.12269002897433298,0.3102475414841862,0.02830192194146625,0.053173601627349854,0.004253864288330078,0.3433198183774948,0.20614400506019592,0.29748187959194183,0.17641612887382507,0.20965054631233215,0.21327143907546997,0.21178379654884338,0.2966717481613159,0.1970638930797577,0.27372485399246216,0.19066758453845978,,0.2021539956331253,,0.27186696231365204,,0.30247409641742706,,0.30626048147678375,,0.29779152572155,,0.5052142242590586,0.47714328412282264,0.028070940136235956,0.4691804498434067,0.4678294360637665,0.4683447480201721,0.480541467666626,0.5052142242590586,0.4921826124191284,0.47507110238075256,0.4747879207134247,0.47859613100687665,0.46091708540916443,0.4809859097003937,,0.48546627163887024,,0.4739210158586502,,0.49041135609149933,,0.4901338815689087,,0.4769638180732727,
1212609727,qlstm,extrapolation,late,2000102,62,5,57,57,4,0.08993413957055531,0.2660343421082343,0.001166754125336844,0.034157782793045044,0.054920471556680006,0.20319437384605407,0.09300551395773735,0.2715466200259694,0.02964956718578673,0.022052394019232854,0.03164587914943695,0.2692735493183136,0.45433294773101807,0.2963060438632965,0.4628535509109497,0.20319437384605407,0.0238477885723114,0.19414437413215638,0.020945638418197632,0.21594685912132264,0.02907368540763855,0.23131516575813293,0.035230010747909546,0.23394768834114074,0.013364523649215698,0.2108409285545349,0.06766214966773987,0.2136281132698059,0.04716196656227112,0.3047700524330139,,0.27900270372629166,,0.49955314993858335,0.46936779220898944,0.03018535772959391,0.4760173559188843,0.4686760902404785,0.4803710952401161,0.482900470495224,0.49955314993858335,0.46714773774147034,0.47922368049621583,0.45970651507377625,0.46870840191841123,0.4470271170139313,0.4681991219520569,0.44541072845458984,0.47382022738456725,0.454988569021225,0.46432956457138064,0.4530629813671112,0.47496888041496277,0.4578235447406769,0.4675373435020447,,0.4677133932709694,
1212609727,qlstm,extrapolation,late,2000103,62,3,59,58,3,0.13063197034703422,0.3561215711937797,0.09928095726496977,0.31508880853652954,0.1511847109230491,0.3874974884092808,0.12958691574147413,0.3545261855726525,0.02747029374385702,0.026786386966705322,0.05060740311940511,0.32586988682548207,0.4322078339755535,0.32952192301551503,0.4141617529094219,0.3874974884092808,0.3719503879547119,0.390798373768727,0.3737495541572571,0.35675732294718426,0.36788350343704224,0.356013556321462,0.3799809217453003,0.3441028793652852,0.36611008644104004,0.3234170079231262,0.34716707468032837,0.3302905261516571,,0.3536375164985657,,0.2813917398452759,,0.4652259647846222,0.4741148771875996,-0.0088889124029774,0.4620548486709595,0.4617748260498047,0.47289764881134033,0.4883934259414673,0.4652259647846222,0.4617958068847656,0.48715094725290936,0.49428847432136536,0.4741740624109904,0.4838508069515228,0.4868077238400777,0.4698829650878906,0.47627536455790204,0.4621398448944092,0.47048572699228924,0.4668477475643158,0.45791172981262207,,0.47150614857673645,,0.4922027587890625,
1212609727,qlstm,extrapolation,late,2000104,62,3,59,58,3,0.07772256382960754,0.2715688136316115,0.07863915686954215,0.2804267406463623,0.04587869976960827,0.2044951319694519,0.07934174335808208,0.27497933981782297,0.033166321187183774,0.03484813372294108,0.025840083758036297,0.24779945611953735,0.29202789068222046,0.2647075653076172,0.3031647801399231,0.2044951319694519,0.17894673347473145,0.21449110905329385,0.2283846139907837,0.2553197940190633,0.1976528763771057,0.25621209541956586,0.2532697319984436,0.2535670797030131,0.259792685508728,0.25741010904312134,0.282295823097229,0.2954091231028239,0.3161207437515259,0.28386902809143066,,0.16918247938156128,,0.4704128901163737,0.4737208803831521,-0.00330799026677836,0.48589207728703815,0.5000198483467102,0.4690757195154826,0.4835374355316162,0.4704128901163737,0.4663369655609131,0.455011248588562,0.45669570565223694,0.46781232953071594,0.4604819715023041,0.4581323464711507,0.46159854531288147,0.4762766659259796,0.46991896629333496,0.47054169575373334,0.47250843048095703,0.4724551240603129,0.48010730743408203,0.4501258283853531,,0.4711981564760208,
1212609727,qlstm,extrapolation,late,2000105,62,3,59,58,3,0.0725177079610135,0.21895244284983603,0.0021425857078760657,0.04628807306289673,0.1176828446290387,0.31056105097134906,0.07022117558806308,0.2142943780300981,0.028472517071099115,0.03741741180419922,0.030684133370717365,0.2842210829257965,0.3598443567752838,0.30781546235084534,0.326606422662735,0.31056105097134906,0.1420418620109558,0.29747334122657776,0.14593881368637085,0.2631988028685252,0.0774921178817749,0.2558704713980357,0.027318894863128662,0.2356447478135427,0.003066420555114746,0.25591962536176044,0.029657423496246338,0.30535149574279785,,0.30218255519866943,,0.3136313855648041,,0.4840606153011322,0.4699202250626128,0.014140390238519429,0.46637957294782,0.49472776055336,0.4654913942019145,0.4685935080051422,0.4840606153011322,0.4760880470275879,0.4693041841189067,0.466467946767807,0.485789030790329,0.4824913442134857,0.4672299524148305,0.4767235517501831,0.46764002243677777,0.49789607524871826,0.4675566951433818,0.48887208104133606,0.4777016192674637,,0.45668894052505493,,0.4771703779697418,
1212609727,qlstm,extrapolation,late,2000106,62,7,55,55,6,0.06373980257599289,0.2399438504249819,0.045585148528638264,0.2135067880153656,0.0733837297793213,0.2548716366291046,0.06251239365920565,0.238043950362639,0.02695135311646895,0.026818261696742132,0.03422460953394572,0.3322385549545288,0.23512989282608032,0.29506521423657733,0.2669066786766052,0.2548716366291046,0.11449506878852844,0.26254272035190035,0.09084907174110413,0.25953959992953707,0.10950103402137756,0.2589167697089059,0.09994673728942871,0.2560666969844273,0.1103772222995758,0.26319884828158785,0.1497127115726471,0.26328577739851816,0.24876728653907776,0.2595168479851314,0.2042587697505951,0.260877658923467,,0.49467741165842327,0.4671810361472043,0.027496375511218973,0.4687295198440552,0.44265711307525635,0.4852919727563858,0.47206947207450867,0.49467741165842327,0.4851137101650238,0.4822894845690046,0.4672701358795166,0.4741378596850804,0.44675254821777344,0.47285582763808115,0.46490904688835144,0.46867065344538006,0.4761141836643219,0.469873594386237,0.4634529650211334,0.4720974564552307,0.4676058292388916,0.4683702715805599,0.4746566116809845,0.4608394652605057,
1212609727,qlstm,extrapolation,late,2000107,62,4,58,57,4,0.13447104393595385,0.35360831914529683,0.1757164495516328,0.41918545961380005,0.12029539937290892,0.339512528385967,0.13544867459547422,0.3545804426459403,0.026540641199078476,0.028936752251216342,0.03715302050113678,0.34581713067988556,0.4290271904319525,0.32152062794193625,0.4805272128432989,0.339512528385967,0.3260887861251831,0.35127772530540824,0.36629992723464966,0.38721433421596885,0.4153538942337036,0.3828593804500997,0.423011839389801,0.368385152425617,0.43604016304016113,0.3912440105341375,0.4679030179977417,0.397200387592117,,0.35334011415640515,,0.36476487418015796,,0.490043081343174,0.4717062572980749,0.018336824045099065,0.4694758454958598,0.4546259343624115,0.49154969304800034,0.4685164988040924,0.490043081343174,0.49530455470085144,0.4660038948059082,0.47172585129737854,0.47307053208351135,0.4693727493286133,0.46571995317935944,0.4857822358608246,0.4720941558480263,0.46748390793800354,0.46906252205371857,0.47149741649627686,0.4611300826072693,,0.47789081931114197,,0.47496241331100464,
1212609727,qlstm,extrapolation,late,2000108,62,5,57,57,4,0.06571437800242005,0.24451832617482833,0.13006271739678632,0.36064209043979645,0.0765476021114524,0.27120893001556395,0.06476409518583828,0.24217704513616728,0.030319295431438246,0.02945840358734131,0.039283692836761475,0.2593375047047933,0.38812655210494995,0.29347531124949455,0.4060328006744385,0.27120893001556395,0.35228992998600006,0.23819364607334137,0.32700760662555695,0.24609091579914094,0.36064209043979645,0.2645144462585449,,0.27199795842170715,,0.24990223348140717,,0.2864210605621338,,0.2962055094540119,,0.2701829671859741,,0.5020779490470886,0.46854185378342345,0.03353609526366513,0.4736851056416829,0.4802614450454712,0.4995182156562805,0.4717608690261841,0.5020779490470886,0.479436993598938,0.4799071192741394,0.4640027582645416,0.4705770254135132,0.47525835037231445,0.47120774537324905,,0.4715125933289528,,0.4710151180624962,,0.45320748537778854,,0.4752882272005081,,0.4715171158313751,
1212609727,qlstm,extrapolation,late,2000109,62,4,58,57,4,0.13953344999689882,0.3479633925242289,0.03981952566158853,0.19954830408096313,0.10347037670412196,0.2913167686201632,0.14202055849984896,0.3518700562417507,0.026652770084247254,0.01874340573946635,0.038503289222717285,0.37520579108968377,0.44740199483931065,0.3843694091774523,0.4681535307317972,0.2913167686201632,0.1747165322303772,0.28799725184217095,0.1957452893257141,0.28807671973481774,0.21562248468399048,0.2843297333456576,0.2178855538368225,0.30638141045346856,0.24296385049819946,0.31823072442784905,0.23806977272033691,0.3000996010378003,0.2406488060951233,0.3564316453412175,0.19954830408096313,0.44777655228972435,,0.47854989767074585,0.4726174283644249,0.005932469306320964,0.4983796775341034,0.458178848028183,0.4902111440896988,0.48931655287742615,0.47854989767074585,0.47255685925483704,0.47270942479372025,0.463268518447876,0.46861913800239563,0.4614673852920532,0.4661153703927994,0.4501379430294037,0.4783734902739525,0.46563681960105896,0.47018811851739883,0.48975610733032227,0.4630768746137619,0.47012218832969666,0.4704289510846138,0.4597320854663849,0.4688653349876404,
1212609727,qlstm,extrapolation,late,2000110,62,7,55,55,6,0.08639407986214126,0.2754651504989353,0.23171091731365673,0.48136360198259354,0.1219171281362058,0.3078428345865437,0.08187296462726032,0.27134435434233056,0.02507267648523504,0.02580142617225647,0.027969568967819214,0.31712865810841323,0.16539490222930908,0.2667155264255901,0.21555590629577637,0.3078428345865437,0.41499633342027664,0.283509193786553,0.38502538949251175,0.31396629767758505,0.4306783154606819,0.2977419729743685,0.4398011043667793,0.31307979034526007,0.42582572251558304,0.29512943646737505,0.39381498843431473,0.2210125039730753,0.3739485517144203,0.24175623059272766,,0.24207574129104614,,0.5026361431394305,0.4682662790471857,0.034369864092244795,0.4973544180393219,0.4774254262447357,0.5009364237387975,0.49369946122169495,0.5026361431394305,0.47437584400177,0.47919526270457674,0.46979764103889465,0.4826513486249106,0.4798280894756317,0.4735438014779772,0.46124589443206787,0.4746052197047642,0.4532519280910492,0.47547781467437744,0.4646497964859009,0.4711684584617615,0.450838178396225,0.46701276302337646,,0.4637362410624822,
1212609727,qlstm,extrapolation,late,2000111,62,5,57,56,5,0.10977022390962399,0.28607587324034783,0.002089586411102573,0.04571199417114258,0.058871430150869666,0.20158721804618834,0.11423503037969016,0.29348715878369513,0.03332896849938801,0.04239801565806071,0.03200141191482544,0.281951405107975,0.42379438877105713,0.2821365296840668,0.4453617334365845,0.20158721804618834,0.009467720985412598,0.1984146296977997,0.034371256828308105,0.1972499430179596,0.03265863656997681,0.2281715452671051,0.07771790027618408,0.2028103232383728,0.14769089221954346,0.13526811003684996,0.06558871269226074,0.11160939335823059,0.00939321517944336,0.2659314423799515,,0.33216486126184464,,0.4810666799545288,0.46673513504496794,0.014331544909560845,0.49749989807605743,0.48939409852027893,0.4964168548583984,0.4762875735759735,0.4810666799545288,0.47754228115081787,0.4691306293010712,0.4679267704486847,0.46414768099784853,0.47497597336769104,0.4708034753799438,0.4948526918888092,0.46844756603240967,0.4631347954273224,0.4585105538368225,0.4602685272693634,0.45365888476371763,0.4713951051235199,0.4620884135365486,,0.4642167016863823,
1212609727,qlstm,extrapolation,late,2000112,62,8,54,54,7,0.14006426106266173,0.33492152104454653,0.2601666277633399,0.5100653171539307,0.08463517035911161,0.2585231326520443,0.14827597820392843,0.34623980080639877,0.027637703551186457,0.01367718523198908,0.045825345175606866,0.2352398761681148,0.011823534965515137,0.2660500534943172,0.012756764888763428,0.2585231326520443,0.5008128881454468,0.273907657712698,0.5120789408683777,0.2694088742136955,0.4933561682701111,0.3019007630646229,0.48497241735458374,0.2784375436604023,0.4837133288383484,0.31387438252568245,0.5214401483535767,0.3850059397518635,0.5174105763435364,0.3964145907333919,,0.40238467710358755,,0.49241114780306816,0.47433739459073104,0.018073753212337118,0.47848124163491385,0.48628363013267517,0.47058948448726107,0.45725011825561523,0.49241114780306816,0.48145970702171326,0.46712829545140266,0.47116807103157043,0.4802499860525131,0.47711339592933655,0.4752684645354748,0.46308091282844543,0.47391702607274055,0.47817447781562805,0.4720817133784294,0.455969899892807,0.47657328844070435,0.49071088433265686,0.4758522255080087,,0.47723144718578886,
1212609727,qlstm,extrapolation,late,2000113,62,5,57,57,4,0.09900850519126124,0.3052675291415184,0.20070865871844035,0.44800519943237305,0.10442409869187678,0.31638182103633883,0.09853345312980374,0.3042925912560078,0.028989343266738087,0.009788855910301208,0.0460708886384964,0.22995582595467567,0.1284899115562439,0.24966424331068993,0.12306573987007141,0.31638182103633883,0.4088497757911682,0.31296461522579194,0.41644835472106934,0.3210426777601242,0.43109238147735596,0.3137440711259842,0.446261465549469,0.2935775607824326,0.44800519943237305,0.3315485455095768,,0.32413073256611824,,0.27498150368531543,,0.3255693515141805,,0.48478477597236636,0.47139733402352585,0.013387441948840506,0.46350109577178955,0.4591158330440521,0.4719134643673897,0.47111567854881287,0.48478477597236636,0.47721728682518005,0.48360576033592223,0.47942161560058594,0.474939638376236,0.47436583042144775,0.4711825609207153,0.4852183163166046,0.473481684923172,0.46786198019981384,0.47078434377908707,,0.47055188566446304,,0.46892120440800983,,0.4675803780555725,
1212609727,qlstm,extrapolation,late,2000114,62,3,59,58,3,0.14788211925730016,0.3651726601585265,0.0573683805924361,0.2395169734954834,0.10860124839169912,0.32548507023602724,0.14987945167419514,0.36719067320543325,0.025186219092073112,0.0250922292470932,0.034479737281799316,0.4182192678563297,0.5238769045099616,0.29989971686154604,0.5128471842035651,0.32548507023602724,0.28518444299697876,0.3062561747307579,0.30120760202407837,0.2841232217227419,0.3125351667404175,0.28078785507629317,0.2875736951828003,0.27194414505114156,0.2395169734954834,0.3607091004960239,,0.3304392392747104,,0.4340828056447208,,0.3621288235299289,,0.4710457722345988,0.4704132933737868,0.0006324788608120246,0.45907020568847656,0.47090697288513184,0.49829662839571637,0.459043949842453,0.4710457722345988,0.46981680393218994,0.4654439886411031,0.4686730206012726,0.47004316250483197,0.4550209939479828,0.46435075998306274,0.44764044880867004,0.46269648273785907,0.4422488510608673,0.46458014845848083,,0.4494381844997406,,0.4692653566598892,,0.47030316293239594,
1212609727,qlstm,extrapolation,late,2000115,62,3,59,59,2,0.07409882627638757,0.26609605262356417,0.03836053194433564,0.1958584487438202,0.06791801085221454,0.24612367153167725,0.07441310502676925,0.2671115974248466,0.023695414349184197,0.014332622289657593,0.022191375494003296,0.2582482844591141,0.14387249946594238,0.266078844666481,0.20534449815750122,0.24612367153167725,0.167193204164505,0.2536642750104268,0.17664632201194763,0.26530853907267254,0.1958584487438202,0.3321369141340256,,0.3053191751241684,,0.27784527838230133,,0.24991147220134735,,0.3464605063199997,,0.24280023574829102,,0.4924110770225525,0.473487232196129,0.018923844826423508,0.4659833014011383,0.46601149439811707,0.45438311994075775,0.4478691518306732,0.4924110770225525,0.45229363441467285,0.49085038900375366,0.4711655378341675,0.48801882068316144,0.48148810863494873,0.4840097725391388,,0.4844402074813843,,0.48263120651245117,,0.47779303789138794,,0.47491973638534546,,0.476925864815712,
1212609727,qlstm,extrapolation,late,2000116,62,6,56,56,5,0.04610523563946016,0.1471443973601826,0.11963254269690893,0.34587937593460083,0.11740782585517373,0.3270198709021012,0.03846567240206227,0.127872025194977,0.03372325748205185,0.020941277345021565,0.054956579208374025,0.3595213949680328,0.024256885051727295,0.3291689522564411,0.007988214492797852,0.3270198709021012,0.4087032079696655,0.29297051889201003,0.3864073157310486,0.3049414660781622,0.3757475018501282,0.27717791063090164,0.34587937593460083,0.20716261938214303,,0.15959020853042602,,0.15498842522501946,,0.07813286781311035,,0.025521445274353027,,0.5004854202270508,0.4769573227635452,0.023528097463505593,0.4796811580657959,0.47700560092926025,0.4864442527294159,0.4835893213748932,0.5004854202270508,0.4891127049922943,0.47758039832115173,0.46992889046669006,0.47958724697430927,0.4876096546649933,0.484065239628156,0.4706489145755768,0.48658327460289,,0.4786969840526581,,0.4777208030223846,,0.4803289771080017,,0.47573184967041016,
1212609727,qlstm,extrapolation,late,2000117,62,5,57,56,5,0.0939103650250959,0.27474329043780604,0.004851960348005946,0.06965601444244385,0.07484727726376474,0.25429747849702833,0.0955825657059144,0.27653678271331283,0.03583199105092457,0.02785201867421468,0.02439802885055542,0.3373617324978113,0.4028461202979088,0.3223227486014366,0.36588939279317856,0.25429747849702833,0.14748799800872803,0.2215527907013893,0.162986159324646,0.21250647455453872,0.1624598503112793,0.24268632680177687,0.14012199640274048,0.28551090508699417,0.13766008615493774,0.3246003583073616,0.1574399471282959,0.30874220877885816,0.08434784412384033,0.28649901896715163,0.1203266978263855,0.354555020108819,,0.48096303939819335,0.4732011540939933,0.007761885304200022,0.4728802815079689,0.4732194244861603,0.4887527167797089,0.46477675437927246,0.48096303939819335,0.48199591040611267,0.46071687936782835,0.4510614573955536,0.47418766617774966,0.4697006642818451,0.4646468639373779,0.444966584444046,0.4708568572998047,0.46906372904777527,0.46642104983329774,0.4776695966720581,0.4766377151012421,0.47104737162590027,0.47022870779037473,0.482711523771286,0.47093649208545685,
1212609727,qlstm,extrapolation,late,2000118,62,5,57,57,4,0.09894258321207555,0.28106513691525303,0.10181057887756229,0.3190777003765106,0.06467051235617025,0.2258901983499527,0.10194890521697952,0.2859050438069461,0.04033445161685609,0.07169681787490845,0.02951258420944214,0.33273832127451897,0.16769319772720337,0.33568955585360527,0.21573233604431152,0.2258901983499527,0.17568406462669373,0.23487642109394075,0.21595504879951477,0.2873992115259171,0.3190777003765106,0.32902657613158226,,0.3123616687953472,,0.32715972885489464,,0.3291293494403362,,0.2638949677348137,,0.22868872433900833,,0.484160315990448,0.47056300807417484,0.013597307916273171,0.46983275562524796,0.44748687744140625,0.46872489899396896,0.4701814353466034,0.484160315990448,0.45502543449401855,0.4686222732067108,0.45227622985839844,0.47480937242507937,0.49095961451530457,0.471813403069973,,0.4711857885122299,,0.46351534128189087,,0.47038234770298004,,0.475481316447258,,0.47088736295700073,
1212609727,qlstm,extrapolation,late,2000119,62,4,58,57,4,0.06488265114923861,0.23313049731716032,0.09020892034609518,0.3003479987382889,0.10248789385554696,0.30832837894558907,0.06228918613501046,0.22794443651519972,0.03910436964871591,0.028984089692433674,0.04145541787147522,0.19767315685749054,0.17919474840164185,0.24759820103645325,0.3731764554977417,0.30832837894558907,0.27477551996707916,0.28474821895360947,0.2596970349550247,0.30249784141778946,0.3159594088792801,0.27749063819646835,0.3003479987382889,0.2573914974927902,,0.3046007752418518,,0.22637870907783508,,0.1159856915473938,,0.19549089670181274,,0.47027530521154404,0.4777151402728311,-0.007439835061287037,0.4719650149345398,0.46605125069618225,0.47743576020002365,0.47153377532958984,0.47027530521154404,0.46067342162132263,0.45688527077436447,0.4426044225692749,0.4663901776075363,0.4746897220611572,0.4744006544351578,0.4662131369113922,0.46302656332651776,,0.48031528294086456,,0.48572367429733276,,0.4689895808696747,,0.46179719269275665,
1212609727,qlstm,extrapolation,late,2000120,62,4,58,58,3,0.11173097858618504,0.2967888545507805,0.15623610322394654,0.395267128944397,0.11682210737147164,0.30380591662833467,0.11137986625616526,0.29630491923508717,0.03359705929098458,0.02271433174610138,0.041301568349202476,0.2949501065692554,0.04857897758483887,0.31505630297275883,0.052426040172576904,0.30380591662833467,0.3844481110572815,0.30395950289675966,0.39910614490509033,0.28292351873824373,0.3590869903564453,0.28781209798762575,0.3909305930137634,0.26823817106196657,0.395267128944397,0.31605509800526005,,0.2466122309366862,,0.23605231444040933,,0.2727922201156616,,0.4958888217806816,0.47050912883774987,0.025379692942931742,0.48401427268981934,0.4913465082645416,0.4704902768135071,0.47935375571250916,0.4958888217806816,0.46837297081947327,0.4666203036904335,0.4547199308872223,0.4674290716648102,0.4734225273132324,0.46582118421792984,0.4714672565460205,0.4659641534090042,0.46084439754486084,0.4682612717151642,,0.46899916728337604,,0.46887954076131183,,0.47787485520044964,
1212609727,qlstm,extrapolation,late,2000121,62,5,57,57,4,0.14302339077514625,0.35241540761724593,0.19426236457235313,0.4407520443201065,0.10721194876963298,0.29220960214734076,0.14616474533703339,0.357696618623378,0.030736319851457028,0.033737778663635254,0.029233574867248535,0.33429014558593434,0.10056489706039429,0.3740104855969548,0.12034589052200317,0.29220960214734076,0.3713475614786148,0.28207009062170985,0.35372312366962433,0.30669936165213585,0.3968122750520706,0.2985637329518795,0.38166339695453644,0.32592742666602137,0.4407520443201065,0.28491927590221167,,0.29102209117263556,,0.3848369000479579,,0.45305794353286427,,0.4815116822719574,0.474236959428118,0.0072747228438393985,0.4691825807094574,0.48193517327308655,0.49621372669935226,0.48626217246055603,0.4815116822719574,0.46163034439086914,0.4674382030963898,0.4620145857334137,0.4651506781578064,0.46457386016845703,0.4639566481113434,0.46269845962524414,0.46742172837257384,0.46124592423439026,0.48087862879037857,,0.48273877799510956,,0.4762994349002838,,0.4707554678122203,
1212609727,qlstm,extrapolation,late,2000122,62,7,55,54,7,0.11230316584292438,0.31896203576076415,0.10722200437001916,0.32744771242141724,0.11674123029226227,0.30781987362674307,0.11173832127664499,0.3203801291232759,0.0374229070213106,0.037928951638085504,0.054077433688299995,0.3318993944142546,0.32416753470897675,0.35232854155557497,0.35300759971141815,0.30781987362674307,0.2666435241699219,0.30459302717021536,0.2131791114807129,0.36416666741882053,0.25349926948547363,0.270974483873163,0.2391837239265442,0.28682045957871843,0.31053996086120605,0.2687543784933431,0.2277100682258606,0.27841688479696003,0.24855655431747437,0.3589036874473095,0.3567507266998291,0.3563514134536187,,0.4684678145817348,0.47033852447162977,-0.0018707098898949615,0.46724607263292584,0.4697137176990509,0.47476920059749056,0.4933803975582123,0.4684678145817348,0.46639251708984375,0.47448902470724924,0.476434588432312,0.4708977086203439,0.4889872968196869,0.4766364480767931,0.4670840799808502,0.4710561845983778,0.46561041474342346,0.4723109134605953,0.47658857703208923,0.46816951036453247,0.46268415451049805,0.4678682131426675,0.45458289980888367,0.46823087334632874,
1212609727,qlstm,extrapolation,late,2000123,62,6,56,56,5,0.08790861612132968,0.2678808714112928,0.007902293299594021,0.08889484405517578,0.08280944396038975,0.25275987200438976,0.08845495599571611,0.26950097849060384,0.027716268386159624,0.031071695414456455,0.026398670673370362,0.26508635748177767,0.2742002010345459,0.27395140901207926,0.2693675756454468,0.25275987200438976,0.1506887674331665,0.2902114801108837,0.15260648727416992,0.2931379737953345,0.1607164740562439,0.28707948451240856,0.13853925466537476,0.28480348115166026,0.10457819700241089,0.30155951405564946,0.1437327265739441,0.25876577012240887,0.23221993446350098,0.2260573089122772,,0.24252305626869203,,0.5007990499337515,0.47573070760284153,0.025068342330909932,0.47825394570827484,0.4708615243434906,0.4894682586193085,0.4584405720233917,0.5007990499337515,0.4846762418746948,0.4713746855656306,0.4719583988189697,0.47412915031115216,0.4590948522090912,0.47343623638153076,0.44673752784729004,0.470254381497701,0.47316601872444153,0.4813991238673528,0.47850561141967773,0.4786354998747508,0.4852915108203888,0.47671304941177367,,0.4755220592021942,
1212609727,qlstm,extrapolation,late,2000124,62,4,58,57,4,0.175344793936792,0.4006958507722424,0.26310468127945796,0.5129373073577881,0.08815327034978293,0.2656402066349983,0.18135800246003403,0.4100100331265351,0.033426413410588315,0.026356836160024006,0.04484683275222778,0.3638194873929024,0.07101327180862427,0.39655620604753494,0.10545647144317627,0.2656402066349983,0.38574492931365967,0.2824637293815613,0.42929255962371826,0.3221844658255577,0.4566013216972351,0.3488781377673149,0.4411270022392273,0.4456494078040123,0.4606934189796448,0.45552945137023926,0.5129373073577881,0.47633592287699383,,0.48960378766059875,,0.458066463470459,,0.45963606983423233,0.4775529046510828,-0.01791683481685047,0.47471198439598083,0.4880730211734772,0.47823816537857056,0.4746457040309906,0.45963606983423233,0.45745038986206055,0.47127000987529755,0.45892906188964844,0.4690079391002655,0.4701354503631592,0.4704515188932419,0.4888809621334076,0.4740326553583145,0.46707212924957275,0.46775246411561966,0.4361075460910797,0.45845456918080646,,0.49043314158916473,,0.4798043519258499,
1212609727,qlstm,extrapolation,late,2000125,62,7,55,54,7,0.08922461475921997,0.2702562268222532,0.0650588961655707,0.255066454410553,0.10528301790996071,0.30977000083242145,0.08718081799458023,0.2652272010391409,0.02530890592822322,0.05085357278585434,0.053062541144234796,0.28130098680655163,0.3423389345407486,0.2863724870341165,0.3016280084848404,0.30977000083242145,0.2838284969329834,0.2939026781490871,0.2210407257080078,0.30342727048056467,0.28160619735717773,0.31027156114578247,0.33876878023147583,0.3338824851172311,0.37709617614746094,0.32558334938117434,0.28942304849624634,0.3209071329661778,0.255066454410553,0.3070736800630887,,0.2451716810464859,,0.47541297333581106,0.46750109033151105,0.007911883004300013,0.4856541007757187,0.4911012649536133,0.48668921419552397,0.4839972257614136,0.47541297333581106,0.46129310131073,0.48299690229552134,0.4792500436306,0.47412274139268057,0.4847634732723236,0.46847945025988985,0.4610770642757416,0.4712927256311689,0.4744669198989868,0.46343789781842915,0.4684164226055145,0.4719306528568268,0.4722755253314972,0.461009681224823,,0.45955352783203124,
1212609727,qlstm,extrapolation,early,2000126,62,1,61,61,0,0.13308517386847005,0.35911137682776295,0.1392691639125907,0.3731878399848938,0.11196236642294721,0.3346077799797058,0.13343144940036386,0.3595130751367475,0.025573687475235737,0.025573687475235737,,,,,,0.3346077799797058,0.3346077799797058,0.37073516845703125,0.37073516845703125,0.32756203413009644,0.32756203413009644,0.3547675609588623,0.3547675609588623,0.38471442461013794,0.38471442461013794,0.4158537983894348,0.4158537983894348,0.3629816174507141,0.3629816174507141,0.30204951763153076,0.30204951763153076,0.2839851975440979,0.2839851975440979,0.5483948588371277,0.47355421595886105,0.07484064287826664,,,,,0.5483948588371277,0.5483948588371277,0.5068069696426392,0.5068069696426392,0.49084922671318054,0.49084922671318054,0.4748038351535797,0.4748038351535797,0.4950825870037079,0.4950825870037079,0.46789082884788513,0.46789082884788513,0.45071732997894287,0.45071732997894287,0.47464561462402344,0.47464561462402344,0.4756699800491333,0.4756699800491333
1212609727,qlstm,extrapolation,early,2000127,62,1,61,61,0,0.04266776983622393,0.20217551579398493,0.038178271512151696,0.19539260864257812,0.05358072878203757,0.2314751148223877,0.04248886886989912,0.20169519449843734,0.030466610290965097,0.030466610290965097,,,,,,0.2314751148223877,0.2314751148223877,0.22588062286376953,0.22588062286376953,0.24702131748199463,0.24702131748199463,0.22543048858642578,0.22543048858642578,0.21244794130325317,0.21244794130325317,0.15891194343566895,0.15891194343566895,0.24272024631500244,0.24272024631500244,0.19759386777877808,0.19759386777877808,0.10612690448760986,0.10612690448760986,0.5513212084770203,0.47609668676970435,0.07522452170731592,,,,,0.5513212084770203,0.5513212084770203,0.49075496196746826,0.49075496196746826,0.4925559461116791,0.4925559461116791,0.4794447124004364,0.4794447124004364,0.5001552700996399,0.5001552700996399,0.49361565709114075,0.49361565709114075,0.46305063366889954,0.46305063366889954,0.4963432252407074,0.4963432252407074,0.47610989212989807,0.47610989212989807
1212609727,qlstm,extrapolation,early,2000128,62,2,60,60,1,0.07973666492640949,0.2747468589054,0.03915752048499499,0.19788259267807007,0.09228702487244059,0.3010835833847523,0.0793183195948751,0.27386896808942157,0.03144162098566691,0.03144162098566691,0.048986196517944336,,,0.34152738004922867,0.34152738004922867,0.3010835833847523,0.2606397867202759,0.23181775212287903,0.20299571752548218,0.1826193928718567,0.1622430682182312,0.12436550855636597,0.08648794889450073,0.12378686666488647,0.16108578443527222,0.18782082200050354,0.2005922794342041,0.2818024158477783,0.28934770822525024,0.19671466946601868,0.20436465740203857,0.3112373948097229,0.3259722590446472,0.5391680598258972,0.4697342763344447,0.06943378349145252,,,0.5576488375663757,0.5576488375663757,0.5391680598258972,0.5206872820854187,0.5100820362567902,0.4994767904281616,0.4918905347585678,0.484304279088974,0.4940381199121475,0.503771960735321,0.49104489386081696,0.47831782698631287,0.4588419646024704,0.4604226052761078,0.46172042191028595,0.47777214646339417,0.45779895782470703,0.45036402344703674,0.46213747560977936,0.4490685760974884
1212609727,qlstm,extrapolation,early,2000129,62,7,55,55,6,0.09179524344536817,0.29692775083165013,0.09094572210557317,0.3015720844268799,0.07567948400470183,0.26206156611442566,0.09384634010145297,0.301365265250206,0.023141700571233575,0.024404818914374526,0.01606796185175578,0.240948016444842,0.19974099099636078,0.24491906662782034,0.19249962270259857,0.26206156611442566,0.32827407121658325,0.23827696485178812,0.2937975525856018,0.27212498017719816,0.2292194962501526,0.29236469524247305,0.2419702410697937,0.2685043790510723,0.2858705520629883,0.27583835806165424,0.3437078595161438,0.2823466126407896,0.23953795433044434,0.29708867413657053,0.2912047505378723,0.27380662305014475,0.20910221338272095,0.48265361360141207,0.4698047031055797,0.012848910495832366,0.4796122411886851,0.46294379234313965,0.4752187778552373,0.47341492772102356,0.48265361360141207,0.45450493693351746,0.47786009311676025,0.4687930643558502,0.4742319243294852,0.48565301299095154,0.47199322070394245,0.4633166790008545,0.4715248303753989,0.4562631845474243,0.471707889011928,0.4730459153652191,0.4696955510548183,0.4776290953159332,0.46092488510268076,0.4594680070877075,0.4649732496057238,0.47597527503967285
1212609727,qlstm,extrapolation,early,2000130,62,2,60,59,2,0.13049132687431725,0.3482618086761044,0.21918017898519793,0.4681668281555176,0.05500856401295462,0.23399392515420914,0.133007418969696,0.35207073812683426,0.03542747740018166,0.03700756430625916,0.05089029669761658,0.21594847738742828,0.21594847738742828,0.2561783269047737,0.3127741366624832,0.23399392515420914,0.24997538328170776,0.27390534430742264,0.32827651500701904,0.2946350947022438,0.36160826683044434,0.30577320605516434,0.4120345711708069,0.2650001719594002,0.35098809003829956,0.22971264272928238,0.28031837940216064,0.24844754487276077,0.28094661235809326,0.347631573677063,0.33365488052368164,0.3056448996067047,0.3309714198112488,0.4902820289134979,0.47448840190966923,0.015793627003828692,0.47606778144836426,0.47606778144836426,0.5274159759283066,0.49932047724723816,0.4902820289134979,0.47486865520477295,0.48493218421936035,0.48918429017066956,0.4751398414373398,0.47424861788749695,0.4706062525510788,0.46561920642852783,0.4550095945596695,0.4544438421726227,0.47996246814727783,0.47858813405036926,0.4702467918395996,0.46442580223083496,0.4758237451314926,0.4773988723754883,0.48400433361530304,0.4894205331802368
1212609727,qlstm,extrapolation,early,2000131,62,2,60,60,1,0.18193233783931614,0.4203829034682243,0.20924783297591626,0.4574361518025398,0.10278767992459151,0.3106613792479038,0.1845704931031403,0.42404028760890167,0.031625428795814516,0.03149313441777633,0.035512328147888184,0.23143267631530762,0.23143267631530762,0.27086347341537476,0.27086347341537476,0.3106613792479038,0.38989008218050003,0.333286140114069,0.3957088068127632,0.38704872876405716,0.3842073753476143,0.39598170667886734,0.39625460654497147,0.3995567038655281,0.4149060323834419,0.4807315841317177,0.5465571358799934,0.5363555625081062,0.526153989136219,0.39597321301698685,0.3673842027783394,0.34176502376794815,0.34753865748643875,0.5293907076120377,0.4762517606218656,0.053138946990172076,0.5599271655082703,0.5599271655082703,0.510092556476593,0.510092556476593,0.5293907076120377,0.49885424971580505,0.4940473139286041,0.47800207138061523,0.48146361112594604,0.46407297253608704,0.47717636823654175,0.47635066509246826,0.47517623007297516,0.4862794876098633,0.48355497419834137,0.48083046078681946,0.4852542281150818,0.4896779954433441,0.4676084816455841,0.45265182852745056,0.4737083911895752,0.4896933138370514
1212609727,qlstm,extrapolation,early,2000132,62,3,59,59,2,0.09057037739019295,0.29129675481348266,0.13036860159502695,0.36106592416763306,0.11217500216056937,0.32276564463973045,0.08947183714763142,0.2896966417714701,0.028044542013588598,0.02853046178817749,0.041691750288009644,0.336781645193696,0.42846654728055,0.33131893910467625,0.42231856659054756,0.32276564463973045,0.25952261686325073,0.2882921261092027,0.2305281162261963,0.3018072011570136,0.19467687606811523,0.318308071543773,0.2418113350868225,0.3800308629870415,0.2506793737411499,0.3756490672628085,0.23898065090179443,0.29740796114007634,0.22151827812194824,0.24082609017690024,0.30237096548080444,0.20208253463109335,0.14621543884277344,0.5003881454467773,0.4673662983765036,0.033021847070273724,0.46645309031009674,0.44875776767730713,0.4712909758090973,0.45475664734840393,0.5003881454467773,0.4594837725162506,0.481097012758255,0.457836776971817,0.4871479272842407,0.49207401275634766,0.4863959054152171,0.4753657281398773,0.47823308904965717,0.4715196192264557,0.46849362055460614,0.46550285816192627,0.46202147006988525,0.46500253677368164,0.46896544098854065,0.47170862555503845,0.47936790188153583,0.4899238049983978
1212609727,qlstm,extrapolation,early,2000133,62,2,60,60,1,0.06236481314513056,0.24364151348990779,0.11674456406371192,0.34167903661727905,0.04024762832618656,0.20021411776542664,0.06310205263909535,0.24508909334739049,0.030728052059809368,0.030728052059809368,0.025802791118621826,,,0.21293950080871582,0.21293950080871582,0.20021411776542664,0.18748873472213745,0.19973033666610718,0.2119719386100769,0.20714545249938965,0.2023189663887024,0.22801002860069275,0.2537010908126831,0.28145632147789,0.3092115521430969,0.2661268413066864,0.24390369653701782,0.24819695949554443,0.23027384281158447,0.1753871738910675,0.16397017240524292,0.27815717458724976,0.2811622619628906,0.5449121296405792,0.475058584411939,0.06985354522864023,,,0.5758177042007446,0.5758177042007446,0.5449121296405792,0.5140065550804138,0.4936290681362152,0.4732515811920166,0.48468394577503204,0.4961163103580475,0.4919940382242203,0.48787176609039307,0.4800689071416855,0.4722660481929779,0.473143994808197,0.46538403630256653,0.48923616111278534,0.4960688352584839,0.4734276682138443,0.4656122922897339,0.47947221994400024,0.4797147512435913
1212609727,qlstm,extrapolation,early,2000134,62,3,59,59,2,0.048782568145897355,0.20998814101180724,0.06899185513204031,0.26266300678253174,0.08140263651547452,0.27908232311407727,0.047123920601681565,0.20647487751508165,0.02618392140178357,0.02551240774623135,0.029769569635391235,0.26204468309879303,0.26204468309879303,0.2753074839711189,0.22023732960224152,0.27908232311407727,0.19598788022994995,0.24922975897789001,0.17476314306259155,0.2284776270389557,0.20315086841583252,0.21109364926815033,0.21705573797225952,0.19396785895029703,0.2111525535583496,0.22441979249318442,0.2530527710914612,0.24174457788467407,0.29533421993255615,0.2781432370344798,0.2783854901790619,0.20829994479815164,0.08421647548675537,0.5118185579776764,0.46830372790158803,0.04351483007608836,0.501397967338562,0.501397967338562,0.5124986916780472,0.47592464089393616,0.5118185579776764,0.47430673241615295,0.498761107524236,0.4828091561794281,0.488685667514801,0.4887343943119049,0.4684965908527374,0.45525839924812317,0.47724180420239765,0.47460952401161194,0.46460506319999695,0.44982239603996277,0.470048467318217,0.46696242690086365,0.4739274779955546,0.48335397243499756,0.4747792383035024,0.4727437198162079
1212609727,qlstm,extrapolation,early,2000135,62,3,59,58,3,0.25388038308071076,0.4839914347375593,0.17695665680008688,0.42066216468811035,0.09394457026520696,0.2744794810811679,0.2620127125459059,0.4946445849234775,0.028094248525027572,0.02757679091559516,0.040263871351877846,0.20896797254681587,0.05166923999786377,0.1655188724398613,0.03268146514892578,0.2744794810811679,0.3755202293395996,0.28581056247154873,0.34087127447128296,0.16810897986094156,0.37100619077682495,0.170081357161204,0.3732036352157593,0.2982110381126404,0.46744364500045776,0.4335721731185913,0.5541900992393494,0.47340814272562665,0.5817745923995972,0.5568129618962606,0.5344741940498352,0.5345408121744791,0.5370023846626282,0.5013863543669382,0.4748158576124806,0.026570496754457662,0.5026561766862869,0.4803052842617035,0.5082071125507355,0.4981366693973541,0.5013863543669382,0.48609185218811035,0.46946321924527484,0.4647715091705322,0.4756360749403636,0.4535427987575531,0.4783697525660197,0.47316110134124756,0.4881503184636434,0.49805381894111633,0.47048476338386536,0.4718196392059326,0.473468154668808,0.4688078463077545,0.4725590944290161,0.4770497977733612,0.4770044187704722,0.46805229783058167
1212609727,qlstm,extrapolation,early,2000136,62,2,60,60,1,0.14156231242343187,0.3711941359985259,0.12843397422683722,0.3583768606185913,0.09703845335598882,0.31050092726945877,0.14304644105901332,0.3732172429561615,0.026007272799809775,0.026007272799809775,0.06605684757232666,,,0.3355534225702286,0.3355534225702286,0.31050092726945877,0.28544843196868896,0.3108508586883545,0.33625328540802,0.3570358455181122,0.37781840562820435,0.38332805037498474,0.38883769512176514,0.40090328454971313,0.41296887397766113,0.35354384779930115,0.32403385639190674,0.26598551869392395,0.27630919218063354,0.38283899426460266,0.38310420513153076,0.4222211241722107,0.4310131072998047,0.5292502343654633,0.4685034235318502,0.06074681083361305,,,0.5516590476036072,0.5516590476036072,0.5292502343654633,0.5068414211273193,0.49252207577228546,0.4782027304172516,0.4657854586839676,0.4533681869506836,0.4564424306154251,0.4595166742801666,0.4675314426422119,0.4755462110042572,0.46336087584495544,0.47552910447120667,0.4767635464668274,0.4765513241291046,0.4566107392311096,0.45376551151275635,0.45113256573677063,0.44360676407814026
1212609727,qlstm,extrapolation,early,2000137,62,2,60,60,1,0.17320100599335128,0.4122018376665731,0.13541676223507526,0.3679901659488678,0.1480206221651863,0.37546633183956146,0.17404035212095678,0.41342635452747345,0.027360038956006368,0.027831916298185076,0.0555039644241333,0.24282127618789673,0.24282127618789673,0.26358282566070557,0.26358282566070557,0.37546633183956146,0.45940473675727844,0.34585343301296234,0.40445855259895325,0.33948250114917755,0.38494327664375305,0.30387352406978607,0.3649257719516754,0.3111160844564438,0.358649343252182,0.4487673044204712,0.49307605624198914,0.4087556302547455,0.45258548855781555,0.4306306838989258,0.36166468262672424,0.3647686243057251,0.3532378375530243,0.5048792958259583,0.4682052910327911,0.036674004793167125,0.47182905673980713,0.47182905673980713,0.47332385182380676,0.47332385182380676,0.5048792958259583,0.46331357955932617,0.4899858087301254,0.46761515736579895,0.4765423834323883,0.4791940152645111,0.47254717350006104,0.47326529026031494,0.4811266362667084,0.48892942070961,0.4693533331155777,0.47109150886535645,0.4675467610359192,0.46182823181152344,0.471879705786705,0.47249147295951843,0.4558882862329483,0.4550611972808838
1212609727,qlstm,extrapolation,early,2000138,62,3,59,58,3,0.0997056419606764,0.30251723047225704,0.11670746078402772,0.34162473678588867,0.08408800234660181,0.28272052605946857,0.10049975922918866,0.3035238425610429,0.027182660226164192,0.02798408143063809,0.03412022193272909,0.3284677416086197,0.20121634006500244,0.22691397865613303,0.18779325485229492,0.28272052605946857,0.3360013961791992,0.2763398289680481,0.3131614327430725,0.2784070571263631,0.26337242126464844,0.2857256531715393,0.31195998191833496,0.36027101675669354,0.3667909502983093,0.35302505890528363,0.36677634716033936,0.3688708146413167,0.3455502390861511,0.2672497630119324,0.2684057950973511,0.31727294127146405,0.37145304679870605,0.4710740049680074,0.47058372830940504,0.000490276658602351,0.47060656547546387,0.4740312099456787,0.49635910987854004,0.4762427508831024,0.4710740049680074,0.47274044156074524,0.4693648119767507,0.4764604866504669,0.4840601881345113,0.4991993010044098,0.4735226035118103,0.47962722182273865,0.4659542540709178,0.473650187253952,0.4791312019030253,0.48269808292388916,0.4719310402870178,0.4720224142074585,0.47187991937001544,0.4673745930194855,0.4781200091044108,0.4873582124710083
1212609727,qlstm,extrapolation,early,2000139,62,2,60,59,2,0.01624510809931364,0.10947187196823858,0.02257350955439108,0.1502448320388794,0.0702382427114916,0.1959373652935028,0.014445336945574372,0.10658968885739645,0.028587742377135714,0.0283545615344212,0.03413441777229309,0.3743940591812134,0.3743940591812134,0.25928980112075806,0.416506290435791,0.1959373652935028,0.017480671405792236,0.22306418418884277,0.02962207794189453,0.04851984977722168,0.07955902814865112,0.07652026414871216,0.12341845035552979,0.11790469288825989,0.15625035762786865,0.13921093940734863,0.12217152118682861,0.0942642092704773,0.06635689735412598,0.0887453556060791,0.10804027318954468,0.08151325583457947,0.05603426694869995,0.4943474978208542,0.47008573363224665,0.024261764188607537,0.5097248554229736,0.5097248554229736,0.5140729248523712,0.47956860065460205,0.4943474978208542,0.47897014021873474,0.48903419077396393,0.4984997808933258,0.4777155965566635,0.4764610528945923,0.4934576749801636,0.48841556906700134,0.4732585549354553,0.47005605697631836,0.4695286601781845,0.46900126338005066,0.46352171897888184,0.458042174577713,0.47478391230106354,0.469797283411026,0.4654112607240677,0.4584357738494873
1212609727,qlstm,extrapolation,early,2000140,62,2,60,59,2,0.08308475551222902,0.2810642555836708,0.07970807008537606,0.28232617676258087,0.05049774709353294,0.21362317353487015,0.08417098912618555,0.2833122916519642,0.033668243278891355,0.033931964322140344,0.0447770357131958,0.10160034894943237,0.10160034894943237,0.1612652987241745,0.09158438444137573,0.21362317353487015,0.28335757553577423,0.17598629742860794,0.2503722459077835,0.1781698539853096,0.26475532352924347,0.2586665004491806,0.23397542536258698,0.22156871855258942,0.19276519119739532,0.24790962040424347,0.26184381544589996,0.24735601246356964,0.2935469299554825,0.2514662593603134,0.24129576981067657,0.27991195023059845,0.2985091954469681,0.5099377036094666,0.47249500105778375,0.037442702551682805,0.4731995761394501,0.4731995761394501,0.504303365945816,0.4805523157119751,0.5099377036094666,0.5018522143363953,0.4740985929965973,0.4749976098537445,0.48476432263851166,0.4889763295650482,0.48637208342552185,0.47089195251464844,0.47324612736701965,0.4714946448802948,0.47756047546863556,0.4842289984226227,0.464752659201622,0.4761119782924652,0.4805820733308792,0.4794274866580963,0.46469181776046753,0.4618842303752899
1212609727,qlstm,extrapolation,early,2000141,62,4,58,57,4,0.07597340439031519,0.26659087692537614,0.12738225219701693,0.3569065034389496,0.06558000049831425,0.24096649140119553,0.07669019086562559,0.2683580759270438,0.030651269251840155,0.03035564491382012,0.030723020434379578,0.30916770299275714,0.3424775004386902,0.20247479528188705,0.2827320694923401,0.24096649140119553,0.2621883451938629,0.3144129142165184,0.3321997821331024,0.28028305619955063,0.3958797752857208,0.363192580640316,0.44859179854393005,0.3446602001786232,0.4601092040538788,0.3074224218726158,0.29282405972480774,0.3259350061416626,0.1970801055431366,0.28521399199962616,0.1506633460521698,0.2049601823091507,0.3393881618976593,0.4989379793405533,0.4764993493926936,0.022438629947859667,0.5048255523045858,0.4839324951171875,0.5084312260150909,0.4732782542705536,0.4989379793405533,0.4883791208267212,0.48854605853557587,0.4758731424808502,0.4784602224826813,0.46041858196258545,0.4884224385023117,0.49708127975463867,0.4760526418685913,0.467788964509964,0.48282671719789505,0.4831221103668213,0.4816683158278465,0.4807942807674408,0.4762687087059021,0.47408172488212585,0.47844113409519196,0.4831490218639374
1212609727,qlstm,extrapolation,early,2000142,62,2,60,59,2,0.054970393385135166,0.22694917215454963,0.06664950672288583,0.2581656575202942,0.04629673831268244,0.21449841558933258,0.05525951522088359,0.2273641973733902,0.03512553037223169,0.03512553037223169,0.02360355854034424,0.33789747953414917,0.33789747953414917,0.28467096388339996,0.23144444823265076,0.21449841558933258,0.1975523829460144,0.18911510705947876,0.18067783117294312,0.21215388178825378,0.24362993240356445,0.26651251316070557,0.2893950939178467,0.28722628951072693,0.2850574851036072,0.3025225102901459,0.3064674735069275,0.3000199794769287,0.27871978282928467,0.1224527657032013,0.142303466796875,0.1944544017314911,0.21331465244293213,0.49504850804805756,0.4709191625316938,0.024129345516363754,0.5484983921051025,0.5484983921051025,0.5264716148376465,0.5044448375701904,0.49504850804805756,0.4856521785259247,0.48805277049541473,0.4904533624649048,0.4801385998725891,0.46982383728027344,0.46753042936325073,0.465237021446228,0.46693457663059235,0.46863213181495667,0.4700584411621094,0.48117104172706604,0.45209555327892303,0.44282960891723633,0.47500142455101013,0.4840414822101593,0.4771961569786072,0.47913873195648193
1212609727,qlstm,extrapolation,early,2000143,62,3,59,58,3,0.09501877169355566,0.3030581267610673,0.035750277153741905,0.1890774369239807,0.08996891315221123,0.2943693945805232,0.09527554416175961,0.3034999267024509,0.03325583297630836,0.03325925049958406,0.057625035444895424,0.34842463582754135,0.4098115414381027,0.2534758100907008,0.3447185605764389,0.2943693945805232,0.22779959440231323,0.3137342681487401,0.299457848072052,0.3723103106021881,0.3388485312461853,0.34181053439776105,0.3250836730003357,0.3193916827440262,0.3205639123916626,0.2692414919535319,0.24107635021209717,0.328783651192983,0.3269385099411011,0.29557522137959796,0.3187108039855957,0.3372683922449748,0.34058499336242676,0.5047391355037689,0.4725277095527972,0.032211425950971706,0.5086037665605545,0.4826754033565521,0.5111955006917318,0.4925084114074707,0.5047391355037689,0.4792586863040924,0.47542937596638996,0.45958027243614197,0.4844643473625183,0.47029104828834534,0.4865010182062785,0.4840101897716522,0.4766472975413005,0.46800780296325684,0.47519562641779584,0.4760371446609497,0.46816369891166687,0.46619224548339844,0.4762198825677236,0.48643025755882263,0.47417543331782025,0.45850539207458496
1212609727,qlstm,extrapolation,early,2000144,62,3,59,59,2,0.10117044180539486,0.3109874295130853,0.1301240633040699,0.36072713136672974,0.07634186447318576,0.2647685458262761,0.10243291183923602,0.31333754224292304,0.027112780486123037,0.029402385739719167,0.02718399465084076,0.21969474107027054,0.2189086228609085,0.22427617758512497,0.2211885303258896,0.2647685458262761,0.37080466747283936,0.22553261617819467,0.28262197971343994,0.2403684010108312,0.3106599450111389,0.2983604470888774,0.3105592727661133,0.28730344772338867,0.3507921099662781,0.2879927357037862,0.326055109500885,0.2970958004395167,0.3552265167236328,0.34711021184921265,0.395294189453125,0.3356315493583679,0.268531858921051,0.5031273066997528,0.47152155890303143,0.03160574779672137,0.46022188663482666,0.4525766372680664,0.45904476940631866,0.4681756794452667,0.5031273066997528,0.4887707233428955,0.48418187101682025,0.4899429380893707,0.47064398725827533,0.4735144078731537,0.4827246069908142,0.46987757086753845,0.47854950030644733,0.4806051254272461,0.46813177069028217,0.4846038818359375,0.46607720851898193,0.47208261489868164,0.4781635006268819,0.4814697206020355,0.48289533456166583,0.4891025722026825
1212609727,qlstm,extrapolation,early,2000145,62,1,61,61,0,0.19623269486225944,0.43833526235915,0.40019167530011446,0.6326070465147495,0.18276701447348342,0.42751258984208107,0.19645344372109183,0.4385126832200856,0.032050987736123505,0.032050987736123505,,,,,,0.42751258984208107,0.42751258984208107,0.5017546452581882,0.5017546452581882,0.51151979342103,0.51151979342103,0.5821573175489902,0.5821573175489902,0.5853703059256077,0.5853703059256077,0.5138680376112461,0.5138680376112461,0.45734668150544167,0.45734668150544167,0.3745257295668125,0.3745257295668125,0.34409407153725624,0.34409407153725624,0.542004406452179,0.4738762227238202,0.06812818372835877,,,,,0.542004406452179,0.542004406452179,0.5263107419013977,0.5263107419013977,0.5030326247215271,0.5030326247215271,0.4859820306301117,0.4859820306301117,0.4667868912220001,0.4667868912220001,0.45434334874153137,0.45434334874153137,0.4629121720790863,0.4629121720790863,0.46366190910339355,0.46366190910339355,0.47776469588279724,0.47776469588279724
1212609727,qlstm,extrapolation,early,2000146,62,4,58,58,3,0.1908501187559154,0.43060476693414873,0.19982720499263673,0.44702036306262016,0.11112990275749005,0.3150022951886058,0.19634806468684127,0.43857735119246205,0.02745244626341195,0.030433314911862637,0.017170608043670654,0.37952864170074463,0.46327710151672363,0.29148497184117633,0.45217621326446533,0.3150022951886058,0.37344009801745415,0.35251674335449934,0.3743565194308758,0.357541280798614,0.41749025508761406,0.36391118448227644,0.43616659566760063,0.3867175756022334,0.42204589769244194,0.4280677614733577,0.40770329162478447,0.41849646251648664,0.36844177171587944,0.45959202013909817,0.4867481701076031,0.4322042278945446,0.489646565169096,0.5066028982400894,0.473940578514132,0.0326623197259574,0.4568385034799576,0.4537273645401001,0.5035951832930247,0.4712776839733124,0.5066028982400894,0.46922770142555237,0.47847985476255417,0.45800328254699707,0.4617321640253067,0.4410001337528229,0.47498229146003723,0.47075948119163513,0.47258784621953964,0.4782041013240814,0.47269147634506226,0.48642826080322266,0.47114313393831253,0.4615364372730255,0.46841444820165634,0.47789326310157776,0.46886906027793884,0.4711023271083832
1212609727,qlstm,extrapolation,early,2000147,62,4,58,58,3,0.03562221425611062,0.13502447355178096,0.0019056816698190815,0.04365411400794983,0.12937396384679056,0.33522728085517883,0.029156576353305104,0.12121738339292593,0.021884636632327377,0.021945497164359458,0.037697553634643555,0.40946127971013385,0.47981101274490356,0.4219631254673004,0.4596331715583801,0.33522728085517883,0.11227431893348694,0.3384997770190239,0.09849503636360168,0.37214943766593933,0.0892283022403717,0.37279290705919266,0.10624608397483826,0.3828516826033592,0.10579898953437805,0.2788648158311844,0.06758454442024231,0.19137073308229446,0.11812642216682434,0.08953480422496796,0.09810188412666321,0.104998379945755,0.05682823061943054,0.4883071631193161,0.46901926089977397,0.01928790221954213,0.5010188519954681,0.46139273047447205,0.47225168347358704,0.44739389419555664,0.4883071631193161,0.4759702682495117,0.4719724506139755,0.47054198384284973,0.4693649858236313,0.4578061103820801,0.47694317251443863,0.4855072498321533,0.4684397205710411,0.45324501395225525,0.4720216989517212,0.47376689314842224,0.4609414041042328,0.4680236279964447,0.48099035024642944,0.48609986901283264,0.466425783932209,0.44957077503204346
1212609727,qlstm,extrapolation,early,2000148,62,3,59,59,2,0.19520190169609405,0.4313284980673944,0.16226125613685838,0.40281665325164795,0.18533190910832734,0.42417117456595105,0.19570376572598056,0.4316924297708576,0.02764302088042437,0.02896122097969055,0.035184890031814575,0.27068479359149933,0.27068479359149933,0.348031647503376,0.24899478256702423,0.42417117456595105,0.5006023645401001,0.3754543364048004,0.5151919722557068,0.35585638880729675,0.5232334136962891,0.3383091588815053,0.5079118013381958,0.3355912466843923,0.48123013973236084,0.35387882590293884,0.48953336477279663,0.3654663662115733,0.5293381810188293,0.5335286259651184,0.5621604919433594,0.4670793016751607,0.4440925121307373,0.5062727431456248,0.4722560325921592,0.03401671055346556,0.46582409739494324,0.46582409739494324,0.509333997964859,0.4477226734161377,0.5062727431456248,0.4453938901424408,0.472799410422643,0.44640257954597473,0.47302959362665814,0.4697187840938568,0.48513859510421753,0.4812072515487671,0.47704795002937317,0.4675908088684082,0.4718384842077891,0.45249292254447937,0.4797225892543793,0.4911394417285919,0.45915918548901874,0.46135619282722473,0.4700426161289215,0.4725930690765381
1212609727,qlstm,extrapolation,early,2000149,62,3,59,59,2,0.15188558043947753,0.38527198159886944,0.17841592334393758,0.4223930910229683,0.09066142528573778,0.2805037821332614,0.15499867307441342,0.39059917818186646,0.02981149645174964,0.030113028852563156,0.06983545422554016,0.27220433950424194,0.27220433950424194,0.22883032262325287,0.3095633387565613,0.2805037821332614,0.4161330536007881,0.3328215504686038,0.44897932559251785,0.32873086382945377,0.40442491322755814,0.3686375270287196,0.38021618872880936,0.42785055190324783,0.41843927651643753,0.40398262689510983,0.42730677872896194,0.4276060139139493,0.40533173829317093,0.393614041308562,0.3864244297146797,0.385427363216877,0.3943430855870247,0.5149203836917877,0.4680774575572903,0.04684292613449742,0.4907532036304474,0.4907532036304474,0.5277520716190338,0.4923527240753174,0.5149203836917877,0.47443947196006775,0.4898369312286377,0.47158733010292053,0.4829307794570923,0.4656864106655121,0.47670332590738934,0.46331778168678284,0.46678797403971356,0.45433712005615234,0.4724159936110179,0.48824378848075867,0.4538512130578359,0.4425555169582367,0.4636126359303792,0.4696700870990753,0.46075527866681415,0.46083876490592957
1212609727,qlstm,extrapolation,early,2000150,62,1,61,60,1,0.06470946918711906,0.2441661415561553,0.11981611623565502,0.3461446464061737,0.05107661113826456,0.22600135207176208,0.06493295866332979,0.24446392499032568,0.032034045457839964,0.031045719385147094,0.017146587371826172,0.38913798332214355,0.38913798332214355,0.35864001512527466,0.35864001512527466,0.22600135207176208,0.22600135207176208,0.2512611448764801,0.2512611448764801,0.21864739060401917,0.21864739060401917,0.1898449957370758,0.1898449957370758,0.17150983214378357,0.17150983214378357,0.20294108986854553,0.20294108986854553,0.19488605856895447,0.19488605856895447,0.39390698075294495,0.39390698075294495,0.3288167417049408,0.3288167417049408,0.4836917817592621,0.46722533370627733,0.01646644805298475,0.48556432127952576,0.48556432127952576,0.4638894498348236,0.4638894498348236,0.4836917817592621,0.4836917817592621,0.46098366379737854,0.46098366379737854,0.44961848855018616,0.44961848855018616,0.4379979372024536,0.4379979372024536,0.44269540905952454,0.44269540905952454,0.4578038156032562,0.4578038156032562,0.44909563660621643,0.44909563660621643,0.5013382434844971,0.5013382434844971,0.4596916139125824,0.4596916139125824
1212609727,qlstm,extrapolation,early,2000151,62,5,57,57,4,0.016349673607254294,0.09315696887431606,3.0547593929952654e-06,0.0017477869987487793,0.06955565815383728,0.2482767105102539,0.01168248198036105,0.07954997399397064,0.035668160831719115,0.03647959866422288,0.009313315153121948,0.24662559231122336,0.272624671459198,0.2917915880680084,0.3530403673648834,0.2482767105102539,0.12398934364318848,0.17052208185195922,0.08882403373718262,0.16362580060958862,0.04724776744842529,0.12845906019210815,0.00774228572845459,0.12810733914375305,0.04362410306930542,0.1301330327987671,0.026194989681243896,0.1564466178417206,0.0009094476699829102,0.15694474577903747,0.04340177774429321,0.03321702480316162,0.02117443084716797,0.4964787125587463,0.47541588335706475,0.021062829201681565,0.47580169637997943,0.45817461609840393,0.49131854623556137,0.46772995591163635,0.4964787125587463,0.47158923745155334,0.48706636428833006,0.47045764327049255,0.4731636464595795,0.45460620522499084,0.47611305117607117,0.4824284315109253,0.47972017526626587,0.46526166796684265,0.4773323118686676,0.4533090889453888,0.4673751652240753,0.4529746472835541,0.4763811528682709,0.48256099224090576,0.47378411889076233,0.47971463203430176
1212609727,qlstm,extrapolation,early,2000152,62,1,61,60,1,0.1719139590874702,0.40887123935164943,0.11473866904462288,0.33873096853494644,0.19055461737047136,0.4365256205201149,0.17160837452545383,0.40841788884069097,0.03309531410535176,0.03309531410535176,0.05574887990951538,,,0.2824785113334656,0.2824785113334656,0.4365256205201149,0.4365256205201149,0.4509892240166664,0.4509892240166664,0.40544531494379044,0.40544531494379044,0.36150334030389786,0.36150334030389786,0.3424091711640358,0.3424091711640358,0.3594786301255226,0.3594786301255226,0.36434469372034073,0.36434469372034073,0.35023341327905655,0.35023341327905655,0.4654010906815529,0.4654010906815529,0.5173536539077759,0.47463126944713907,0.04272238446063681,,,0.5369910597801208,0.5369910597801208,0.5173536539077759,0.5173536539077759,0.47389519214630127,0.47389519214630127,0.49470973014831543,0.49470973014831543,0.46570906043052673,0.46570906043052673,0.48892441391944885,0.48892441391944885,0.4542907178401947,0.4542907178401947,0.4850996732711792,0.4850996732711792,0.48080959916114807,0.48080959916114807,0.45904603600502014,0.45904603600502014
1212609727,qlstm,extrapolation,early,2000153,62,1,61,60,1,0.1980945385032588,0.4424338607538131,0.20205772018756818,0.44950830936431885,0.1413748249307254,0.37599843740463257,0.19902436987330033,0.4435229660546193,0.027937287092208864,0.02612093311768991,0.04554450511932373,0.39863069355487823,0.39863069355487823,0.36686117947101593,0.36686117947101593,0.37599843740463257,0.37599843740463257,0.41120249032974243,0.41120249032974243,0.41875970363616943,0.41875970363616943,0.451801061630249,0.451801061630249,0.4754790663719177,0.4754790663719177,0.48417115211486816,0.48417115211486816,0.46577197313308716,0.46577197313308716,0.4094386100769043,0.4094386100769043,0.44356769323349,0.44356769323349,0.4769848883152008,0.47600012040529094,0.0009847679099098672,0.47442880272865295,0.47442880272865295,0.49538561701774597,0.49538561701774597,0.4769848883152008,0.4769848883152008,0.46635326743125916,0.46635326743125916,0.4686582386493683,0.4686582386493683,0.4741446077823639,0.4741446077823639,0.4762590825557709,0.4762590825557709,0.46877121925354004,0.46877121925354004,0.47682276368141174,0.47682276368141174,0.4661104679107666,0.4661104679107666,0.45050048828125,0.45050048828125
1212609727,qlstm,extrapolation,early,2000154,62,3,59,58,3,0.04308264842809318,0.19908978621805867,0.004606307369513729,0.06786978244781494,0.07337773277567579,0.2660411099592845,0.04154222041041949,0.1956854816210472,0.029064703604270672,0.027533277577044917,0.04037465651830038,0.11596313118934631,0.15987780690193176,0.1869552731513977,0.15073618292808533,0.2660411099592845,0.2327527403831482,0.2187508543332418,0.19849920272827148,0.23600580294926962,0.21775740385055542,0.2640462915102641,0.2025521993637085,0.24242099126180014,0.12842315435409546,0.1671234369277954,0.1387426257133484,0.1949868897596995,0.201471745967865,0.1524150768915812,0.1262698769569397,0.19240591923395792,0.18687653541564941,0.4874529739220937,0.47274515386355126,0.014707820058542431,0.5194672793149948,0.47085729241371155,0.5173069834709167,0.4762924909591675,0.4874529739220937,0.4689415693283081,0.48159008224805194,0.4824802577495575,0.4651441077391307,0.4652148187160492,0.46682560443878174,0.4724818170070648,0.48076102137565613,0.4751911461353302,0.47657569249471027,0.4634222686290741,0.47370784481366474,0.4758894741535187,0.4717923402786255,0.46770405769348145,0.47862152258555096,0.47677716612815857
1212609727,qlstm,extrapolation,early,2000155,62,1,61,60,1,0.13459552460585336,0.36005003197539237,0.07646026479977192,0.2765144929289818,0.11315164302122366,0.3363802060484886,0.13494706364822437,0.3604380619086203,0.02845015227794647,0.02792677021863168,0.03981196880340576,0.4250231981277466,0.4250231981277466,0.455350399017334,0.455350399017334,0.3363802060484886,0.3363802060484886,0.31328489631414413,0.31328489631414413,0.33163460344076157,0.33163460344076157,0.3269495591521263,0.3269495591521263,0.32421644777059555,0.32421644777059555,0.34566666930913925,0.34566666930913925,0.30707743018865585,0.30707743018865585,0.3753334507346153,0.3753334507346153,0.3704765662550926,0.3704765662550926,0.4794318377971649,0.47289415314549305,0.006537684651671871,0.46901586651802063,0.46901586651802063,0.46819257736206055,0.46819257736206055,0.4794318377971649,0.4794318377971649,0.4689692258834839,0.4689692258834839,0.4639464318752289,0.4639464318752289,0.47588205337524414,0.47588205337524414,0.4829351007938385,0.4829351007938385,0.4862051010131836,0.4862051010131836,0.4697810709476471,0.4697810709476471,0.4660305678844452,0.4660305678844452,0.4878852367401123,0.4878852367401123
1212609727,qlstm,extrapolation,early,2000156,62,3,59,58,3,0.17275255988968946,0.40666188696219074,0.192902490007274,0.43920665979385376,0.09030501714466777,0.26825446883837384,0.17694480782587702,0.4136995522905204,0.03459916340893712,0.034574919513293674,0.03516417741775513,0.199442899475495,0.0712592601776123,0.32181664928793907,0.38082000613212585,0.26825446883837384,0.34618639945983887,0.2648833195368449,0.3772042989730835,0.372815877199173,0.36042332649230957,0.33878181378046673,0.3097357153892517,0.3611005942026774,0.396361768245697,0.4025435249010722,0.46234893798828125,0.4142170747121175,0.37336790561676025,0.4818887710571289,0.5262700319290161,0.5027340253194174,0.46924394369125366,0.49243103464444477,0.4709182533167176,0.02151278132772716,0.5143508911132812,0.46903419494628906,0.49281418323516846,0.4868417978286743,0.49243103464444477,0.4750840365886688,0.4695898691813151,0.4646513760089874,0.47496481736501056,0.47340127825737,0.4744159976641337,0.4747626781463623,0.47487332423528034,0.48520591855049133,0.4792548616727193,0.4873185455799103,0.483118732770284,0.47613728046417236,0.46666937073071796,0.4640029966831207,0.46461208661397296,0.48195454478263855
1212609727,qlstm,extrapolation,early,2000157,62,3,59,58,3,0.06666276977145374,0.24669941562798717,0.04055179767470918,0.20137476921081543,0.07284981055467916,0.2643844435612361,0.06634817447739143,0.24580017691951686,0.029502351736200267,0.026993177831172943,0.02995087703069051,0.4207703098654747,0.43999147415161133,0.37131358683109283,0.40192538499832153,0.2643844435612361,0.18973195552825928,0.24362923204898834,0.17511194944381714,0.2984396169583003,0.21401560306549072,0.3224768390258153,0.205161452293396,0.3402446061372757,0.24358099699020386,0.27931318680445355,0.20289939641952515,0.23016307751337686,0.15465736389160156,0.1938621997833252,0.15115928649902344,0.206679105758667,0.17748302221298218,0.48426154255867004,0.4733814364772732,0.010880106081396834,0.476597398519516,0.4699419438838959,0.5090238153934479,0.49114298820495605,0.48426154255867004,0.467052698135376,0.4715606172879537,0.4581654965877533,0.4688304861386617,0.44652852416038513,0.47500866651535034,0.4595186710357666,0.46927448113759357,0.47584640979766846,0.48723723491032916,0.48027822375297546,0.47325024008750916,0.47933074831962585,0.47226839264233905,0.4584224224090576,0.4679231544335683,0.4701941907405853
1212609727,qlstm,extrapolation,early,2000158,62,0,62,61,0,0.0364888495944553,0.177071153156219,0.06076888404141645,0.2465134561061859,,,0.0364888495944553,0.177071153156219,0.029562859261622193,0.029562859261622193,,,,,,,,,,,,,,,,,,,,,,,,,0.47846031669647465,,,,,,,,,,,,,,,,,,,,,,,
1212609727,qlstm,extrapolation,early,2000159,62,2,60,59,2,0.11225654211781333,0.32721217192949786,0.1652364566341602,0.4064928740262985,0.12930925937652848,0.343059204518795,0.1116881182091895,0.32668393750985464,0.03163148285978931,0.03218265090669904,0.057925522327423096,0.4943147301673889,0.4943147301673889,0.327655091881752,0.5134996175765991,0.343059204518795,0.23526476323604584,0.36612265557050705,0.2372390478849411,0.37022214382886887,0.24612955749034882,0.375584177672863,0.2376687377691269,0.22565849125385284,0.21605221927165985,0.2284659892320633,0.21080242097377777,0.2528560608625412,0.28965990245342255,0.28942538797855377,0.289190873503685,0.30477888882160187,0.32036690413951874,0.48651501536369324,0.4727930749456088,0.013721940418084444,0.4738072156906128,0.4738072156906128,0.5111428052186966,0.48266491293907166,0.48651501536369324,0.4818944036960602,0.48595547676086426,0.4901367127895355,0.47064192593097687,0.46747663617134094,0.46643659472465515,0.45020827651023865,0.48101188242435455,0.4801293611526489,0.46505075693130493,0.4626248776912689,0.46981656551361084,0.45950376987457275,0.4614075869321823,0.46331140398979187,0.46930328011512756,0.47529515624046326
1212609727,qlstm,extrapolation,early,2000160,62,2,60,60,1,0.0360937234048407,0.15880129606493057,0.005641971495663256,0.07511305809020996,0.06948004448846357,0.2472575455904007,0.034980846035386606,0.15585275441408158,0.02342405418554942,0.02495317906141281,0.0062323808670043945,0.31955114006996155,0.31955114006996155,0.3081900179386139,0.3081900179386139,0.2472575455904007,0.15591341257095337,0.2448098510503769,0.12811243534088135,0.20414109528064728,0.06753408908843994,0.16908292472362518,0.013376057147979736,0.18773241341114044,0.06755417585372925,0.1735452264547348,0.016015589237213135,0.20631800591945648,0.06091785430908203,0.1542774885892868,0.0003649592399597168,0.04346105456352234,0.07354605197906494,0.5003308951854706,0.46757938464482623,0.032751510540644346,0.4631069600582123,0.4631069600582123,0.482506662607193,0.482506662607193,0.5003308951854706,0.4598679542541504,0.5014603585004807,0.472982257604599,0.48256178200244904,0.47732579708099365,0.4661899358034134,0.4724830687046051,0.4517936557531357,0.4575866460800171,0.4746923893690109,0.4856378734111786,0.46837927401065826,0.4650794565677643,0.4669910669326782,0.45147547125816345,0.479666531085968,0.48684999346733093
1212609727,qlstm,extrapolation,early,2000161,62,3,59,59,2,0.22008639012401704,0.4536657305734773,0.20643381566874702,0.4543498824350536,0.1216813484677879,0.3069927132067581,0.22509003630992702,0.46112368060907316,0.025690576787722314,0.025621491128748113,0.013282984495162964,0.11365187168121338,0.11365187168121338,0.23686334677040577,0.06990188360214233,0.3069927132067581,0.4433004925958812,0.2241053405838708,0.503110236953944,0.24903547996655107,0.5265951226465404,0.2600461665230493,0.5413282583467662,0.24569899076595902,0.5535432170145214,0.4667559137257437,0.4538570116274059,0.5086104144963125,0.457907862495631,0.4385717978390555,0.3954966734163463,0.3945608109546204,0.38302770955488086,0.5212502082188925,0.47392918194754646,0.04732102627134599,0.49468037486076355,0.49468037486076355,0.5220363587141037,0.4759921729564667,0.5212502082188925,0.47583234310150146,0.49470143516858417,0.4689408838748932,0.47483651836713153,0.45771971344947815,0.4842597146828969,0.48663461208343506,0.47679027915000916,0.45969828963279724,0.47802842656771344,0.4893120527267456,0.4690937399864197,0.4629268944263458,0.4768188496430715,0.4756068289279938,0.4701248109340668,0.48103824257850647
1212609727,qlstm,extrapolation,early,2000162,62,4,58,58,3,0.2057337574361376,0.4504219327242144,0.17272609878876133,0.41560329496860504,0.15340332444350502,0.3864191919565201,0.2093427528149399,0.45483591484612435,0.03124272926100369,0.03124272926100369,0.04953116178512573,0.32358410209417343,0.31655947864055634,0.3704320142666499,0.4641278386116028,0.3864191919565201,0.4343807250261307,0.4084128327667713,0.41858328878879547,0.4382638745009899,0.4359636455774307,0.42619189620018005,0.41583992540836334,0.41562485694885254,0.3921125680208206,0.42656128108501434,0.4426208883523941,0.46768544614315033,0.47973163425922394,0.4843687415122986,0.4332924634218216,0.4709199368953705,0.5110031515359879,0.5083667263388634,0.4732908000206125,0.03507592631825085,0.5269027948379517,0.5137225985527039,0.5203355153401693,0.5072009563446045,0.5083667263388634,0.4724603593349457,0.4945284202694893,0.4847297668457031,0.48596759885549545,0.4794793128967285,0.47655370086431503,0.4695453643798828,0.47749655693769455,0.47623178362846375,0.47672102600336075,0.47366008162498474,0.4819710925221443,0.4972832202911377,0.4797653630375862,0.4824943244457245,0.47259242832660675,0.47331511974334717
1212609727,qlstm,extrapolation,early,2000163,62,0,62,61,0,0.03499355984630425,0.1785238067949972,0.021885355909180504,0.14793699979782104,,,0.03499355984630425,0.1785238067949972,0.038500083274528626,0.038500083274528626,,,,,,,,,,,,,,,,,,,,,,,,,0.4765417883473058,,,,,,,,,,,,,,,,,,,,,,,
1212609727,qlstm,extrapolation,early,2000164,62,4,58,58,3,0.1415971825021832,0.3501835104919249,0.07435928246992773,0.27268898487091064,0.07388126408811774,0.24448030814528465,0.14626724584108428,0.3574733865158311,0.03154825958712348,0.0352153904894565,0.025116364161173504,0.24047168344259262,0.11684709787368774,0.2319820672273636,0.1116834282875061,0.24448030814528465,0.3297407627105713,0.2858852371573448,0.3272973299026489,0.22527530416846275,0.3707505464553833,0.15589934587478638,0.3538627624511719,0.15732772648334503,0.32304316759109497,0.15074196457862854,0.298805832862854,0.14119495451450348,0.28438621759414673,0.25194890797138214,0.4519677758216858,0.36355410516262054,0.42135339975357056,0.4965840205550194,0.4665785231466951,0.030005497408324255,0.5030988603830338,0.47844287753105164,0.5025526483853658,0.474527508020401,0.4965840205550194,0.4583011567592621,0.4963928237557411,0.48196449875831604,0.4733830541372299,0.4664689004421234,0.4763832911849022,0.49626973271369934,0.46914298087358475,0.4690109193325043,0.4549429416656494,0.45291420817375183,0.4477117955684662,0.44865497946739197,0.47566305100917816,0.46771731972694397,0.47511202841997147,0.4694036543369293
1212609727,qlstm,extrapolation,early,2000165,62,4,58,58,3,0.1012215773603112,0.30877582007838833,0.10657917939769868,0.3264646679162979,0.08316133302759915,0.27908511087298393,0.1024671114522224,0.3108234551960024,0.02721832332939937,0.028398671240176795,0.03905876477559408,0.18597844243049622,0.20385810732841492,0.2663947443167369,0.36082541942596436,0.27908511087298393,0.33709634840488434,0.2449527010321617,0.2939015179872513,0.23459293693304062,0.3037029653787613,0.24746901541948318,0.3420778065919876,0.24828927963972092,0.3147575408220291,0.28845229744911194,0.3003164082765579,0.3326786756515503,0.3860587030649185,0.36307162046432495,0.38209839165210724,0.4052330255508423,0.38018859922885895,0.5097003057599068,0.46723128392778596,0.04246902183212081,0.46528051793575287,0.47121283411979675,0.5031570692857107,0.480731725692749,0.5097003057599068,0.4856129586696625,0.4885054975748062,0.46778711676597595,0.48230142891407013,0.4865530729293823,0.47195517271757126,0.45301637053489685,0.4622834026813507,0.47769129276275635,0.480090394616127,0.48947811126708984,0.47201989591121674,0.4571187198162079,0.4785461202263832,0.46219655871391296,0.46631020307540894,0.46436330676078796
1212609727,qlstm,extrapolation,early,2000166,62,1,61,60,1,0.09800120299268567,0.3041536428274647,0.15329133581588295,0.39152437448501587,0.07576542691458599,0.2752552032470703,0.09836572391199877,0.3046273877386187,0.028545897205670676,0.02834057302798255,0.03798389434814453,0.21314196288585663,0.21314196288585663,0.25380198657512665,0.25380198657512665,0.2752552032470703,0.2752552032470703,0.19441992044448853,0.19441992044448853,0.20747411251068115,0.20747411251068115,0.16190892457962036,0.16190892457962036,0.17000991106033325,0.17000991106033325,0.17023718357086182,0.17023718357086182,0.2566559314727783,0.2566559314727783,0.3569076657295227,0.3569076657295227,0.2955787181854248,0.2955787181854248,0.48100486397743225,0.468854620319898,0.012150243657534254,0.5689477920532227,0.5689477920532227,0.5224577188491821,0.5224577188491821,0.48100486397743225,0.48100486397743225,0.48652926087379456,0.48652926087379456,0.48260101675987244,0.48260101675987244,0.46746817231178284,0.46746817231178284,0.4836287796497345,0.4836287796497345,0.4725854694843292,0.4725854694843292,0.4720572531223297,0.4720572531223297,0.46682092547416687,0.46682092547416687,0.4685213267803192,0.4685213267803192
1212609727,qlstm,extrapolation,early,2000167,62,1,61,60,1,0.1404459119544438,0.36571001862325975,0.13932443950091905,0.3732618913054466,0.23951025182831703,0.4893978461623192,0.13882190638274094,0.36368234931934074,0.028499324123064676,0.02781628653154535,0.09174603223800659,0.20493841171264648,0.20493841171264648,0.1361398696899414,0.1361398696899414,0.4893978461623192,0.4893978461623192,0.4410502538084984,0.4410502538084984,0.46821673959493637,0.46821673959493637,0.46672841161489487,0.46672841161489487,0.40105583518743515,0.40105583518743515,0.45940008014440536,0.45940008014440536,0.3443317636847496,0.3443317636847496,0.4635118469595909,0.4635118469595909,0.4787335619330406,0.4787335619330406,0.49239516258239746,0.4734280045892372,0.01896715799316029,0.5451626181602478,0.5451626181602478,0.54010409116745,0.54010409116745,0.49239516258239746,0.49239516258239746,0.4605630934238434,0.4605630934238434,0.46398529410362244,0.46398529410362244,0.48971304297447205,0.48971304297447205,0.47091054916381836,0.47091054916381836,0.48091283440589905,0.48091283440589905,0.461286336183548,0.461286336183548,0.4617560803890228,0.4617560803890228,0.4772317409515381,0.4772317409515381
1212609727,qlstm,extrapolation,early,2000168,62,1,61,60,1,0.21287245820377765,0.454609084033197,0.26019952405068025,0.5100975632667542,0.1643824415878612,0.4054410457611084,0.2136673765089566,0.4554151174474935,0.032156172394752505,0.03235977781670434,0.0691269040107727,0.23617497086524963,0.23617497086524963,0.214773029088974,0.214773029088974,0.4054410457611084,0.4054410457611084,0.4677872061729431,0.4677872061729431,0.4759773015975952,0.4759773015975952,0.404141366481781,0.404141366481781,0.4759511947631836,0.4759511947631836,0.502396285533905,0.502396285533905,0.4966319799423218,0.4966319799423218,0.4657675623893738,0.4657675623893738,0.43559908866882324,0.43559908866882324,0.46825042366981506,0.4726176813977664,-0.004367257727951324,0.45850062370300293,0.45850062370300293,0.49237552285194397,0.49237552285194397,0.46825042366981506,0.46825042366981506,0.47440287470817566,0.47440287470817566,0.452702134847641,0.452702134847641,0.4857046604156494,0.4857046604156494,0.4604485034942627,0.4604485034942627,0.48550665378570557,0.48550665378570557,0.47653862833976746,0.47653862833976746,0.4597945511341095,0.4597945511341095,0.4546095132827759,0.4546095132827759
1212609727,qlstm,extrapolation,early,2000169,62,4,58,58,3,0.12010816357294378,0.33777808938776294,0.07840198670692189,0.28000354766845703,0.07287220510372536,0.24659449886530638,0.12336581588116574,0.3440666128720703,0.03162365124143403,0.032015570423059296,0.019572655359903973,0.39925209805369377,0.3946099691092968,0.2274643120666345,0.15096938610076904,0.24659449886530638,0.2947008013725281,0.3403358515352011,0.26813840866088867,0.27299440931528807,0.27825987339019775,0.24615541100502014,0.2606915831565857,0.2736857533454895,0.27121222019195557,0.27153463661670685,0.2783716917037964,0.2609013617038727,0.24338412284851074,0.33624666929244995,0.41146212816238403,0.4362199604511261,0.4801647663116455,0.5109734460711479,0.4698022300827092,0.0411712159884387,0.49322423338890076,0.4762554168701172,0.5118073423703512,0.4870566129684448,0.5109734460711479,0.47453412413597107,0.48343271762132645,0.4727482795715332,0.4789951741695404,0.4799203872680664,0.4798814579844475,0.4780147075653076,0.47236376255750656,0.46415793895721436,0.46774205565452576,0.46437957882881165,0.4655923768877983,0.4792225658893585,0.472253642976284,0.4597879648208618,0.4698195904493332,0.474234014749527
1212609727,qlstm,extrapolation,early,2000170,62,1,61,61,0,0.18027230455636575,0.4206560368259107,0.19050973406477834,0.4364742077887058,0.17128974238626338,0.4138716496527195,0.1804195596739084,0.4207672562877663,0.027395181968563893,0.027395181968563893,,,,,,0.4138716496527195,0.4138716496527195,0.3962814249098301,0.3962814249098301,0.4283296503126621,0.4283296503126621,0.4371374882757664,0.4371374882757664,0.4166691340506077,0.4166691340506077,0.5433897413313389,0.5433897413313389,0.44360489025712013,0.44360489025712013,0.45720839872956276,0.45720839872956276,0.4207846559584141,0.4207846559584141,0.5427810549736023,0.47119522827570554,0.07158582669789676,,,,,0.5427810549736023,0.5427810549736023,0.512677013874054,0.512677013874054,0.48160746693611145,0.48160746693611145,0.45607617497444153,0.45607617497444153,0.4704500734806061,0.4704500734806061,0.47200167179107666,0.47200167179107666,0.4773755967617035,0.4773755967617035,0.46612784266471863,0.46612784266471863,0.48049196600914,0.48049196600914
1212609727,qlstm,extrapolation,early,2000171,62,4,58,58,3,0.15816494104440523,0.39220125059927663,0.20358951573804518,0.4512089490890503,0.131608325055386,0.3511474709957838,0.15999643180226866,0.3950325457443451,0.03157338808322775,0.03209818759054508,0.049643377463022866,0.4252591207623482,0.4346773028373718,0.34208142509063083,0.19355246424674988,0.3511474709957838,0.4049760103225708,0.4184764828532934,0.3914775252342224,0.4075090792030096,0.41281747817993164,0.35395380668342113,0.4114307761192322,0.4155346155166626,0.4357125163078308,0.43606166541576385,0.45232266187667847,0.4462803602218628,0.45510733127593994,0.44871626794338226,0.46266090869903564,0.47962844371795654,0.49988532066345215,0.4989992082118988,0.4750227717490032,0.0239764364628956,0.48420820633570355,0.4728282392024994,0.4752686222394307,0.46534574031829834,0.4989992082118988,0.4741406738758087,0.47907401621341705,0.46231698989868164,0.4760197773575783,0.47111400961875916,0.47636778652668,0.48137950897216797,0.4846043512225151,0.48603448271751404,0.4672451689839363,0.45532259345054626,0.4687698259949684,0.47575807571411133,0.47818897664546967,0.4699043035507202,0.4717527851462364,0.478105753660202
1212609727,qlstm,extrapolation,early,2000172,62,3,59,58,3,0.07713161323187617,0.26508057285701075,0.07231316016472888,0.26891106367111206,0.15616490504910405,0.37313035503029823,0.07311297127506797,0.2595865161363351,0.02741272285066802,0.026666442914442583,0.052216529846191406,0.26600234769284725,0.4757785014808178,0.2566021221379439,0.43389729782938957,0.37313035503029823,0.2825273275375366,0.4539358491698901,0.3000427484512329,0.4323718224962552,0.3167530298233032,0.40394771844148636,0.3021673560142517,0.34175601974129677,0.3088434338569641,0.3140017588933309,0.32520949840545654,0.30131030082702637,0.2929201126098633,0.291922648747762,0.2905957102775574,0.25588597853978473,0.17443925142288208,0.4990444779396057,0.47691276568477436,0.02213171225483135,0.5107513517141342,0.47450020909309387,0.5247458517551422,0.49316027760505676,0.4990444779396057,0.47539880871772766,0.46610724925994873,0.45017755031585693,0.4651099542776744,0.4603452980518341,0.4814063608646393,0.4765585958957672,0.4826492667198181,0.4793887138366699,0.4595640301704407,0.468169242143631,0.4761280417442322,0.4724368155002594,0.48189958930015564,0.4803653955459595,0.47019856174786884,0.47288691997528076
1212609727,qlstm,extrapolation,early,2000173,62,3,59,59,2,0.07154382405573638,0.2616505065271931,0.025374296530689122,0.15929311513900757,0.10629820985146458,0.3167646825313568,0.06977665189663156,0.25884809079816784,0.02819201703798973,0.02824929466953984,0.028746813535690308,0.2803601026535034,0.28958839178085327,0.35701899230480194,0.4244495928287506,0.3167646825313568,0.24741452932357788,0.27496131261189777,0.2739700675010681,0.30308131376902264,0.3007877469062805,0.3159228563308716,0.3133697509765625,0.281552255153656,0.26015520095825195,0.2923109829425812,0.22832894325256348,0.22116426626841226,0.19329720735549927,0.21804291009902954,0.23696476221084595,0.2349625031153361,0.28162699937820435,0.49576908349990845,0.4660881545584081,0.029680928941500373,0.4697023630142212,0.46953049302101135,0.4644736647605896,0.45941683650016785,0.49576908349990845,0.4820686876773834,0.4909549554189046,0.47277745604515076,0.47869789600372314,0.45966777205467224,0.4666850070158641,0.46567630767822266,0.4647815426190694,0.45879408717155457,0.454926073551178,0.4465317726135254,0.47005905707677204,0.45442602038383484,0.4624670346577962,0.4584912359714508,0.469400018453598,0.48153436183929443
1212609727,qlstm,extrapolation,early,2000174,62,1,61,61,0,0.21900565165913946,0.46556666781825407,0.16594650566025848,0.4073653221130371,0.1059276367271913,0.32546526193618774,0.22085938960884355,0.4678634121769764,0.030020083560318243,0.030020083560318243,,,,,,0.32546526193618774,0.32546526193618774,0.4203193187713623,0.4203193187713623,0.42751115560531616,0.42751115560531616,0.4805781841278076,0.4805781841278076,0.4941830635070801,0.4941830635070801,0.46374082565307617,0.46374082565307617,0.39166343212127686,0.39166343212127686,0.5166494846343994,0.5166494846343994,0.5033742189407349,0.5033742189407349,0.5618276000022888,0.4718414852853681,0.0899861147169207,,,,,0.5618276000022888,0.5618276000022888,0.5041695237159729,0.5041695237159729,0.49446702003479004,0.49446702003479004,0.49249276518821716,0.49249276518821716,0.48035144805908203,0.48035144805908203,0.48585760593414307,0.48585760593414307,0.45692479610443115,0.45692479610443115,0.4645630121231079,0.4645630121231079,0.45969319343566895,0.45969319343566895
1212609727,qlstm,extrapolation,early,2000175,62,3,59,58,3,0.1321752703101063,0.3490337690999431,0.09806324203345818,0.3131505101919174,0.08307016503174298,0.24666558702786764,0.13467214007002312,0.35423893090021813,0.027630729921932877,0.028031784660962164,0.023065845171610515,0.16040984292825064,0.024793386459350586,0.18144100407759348,0.054876506328582764,0.24666558702786764,0.37242017686367035,0.254589448372523,0.349693700671196,0.24420711398124695,0.35926859080791473,0.2907428840796153,0.42186252772808075,0.3776017675797145,0.3816448897123337,0.2667469084262848,0.4037400335073471,0.2594885528087616,0.3720273822546005,0.3661440461874008,0.3671361654996872,0.39271601537863415,0.4072718471288681,0.49032747745513916,0.47726713045168734,0.013060347003451822,0.5119672417640686,0.4874754846096039,0.48711637655893963,0.4622822701931,0.49032747745513916,0.47656866908073425,0.45965757966041565,0.458519846200943,0.4875215192635854,0.47964611649513245,0.46200093626976013,0.46100476384162903,0.48806512355804443,0.49405884742736816,0.4846070110797882,0.4899481236934662,0.48991408944129944,0.48820793628692627,0.4851118822892507,0.48748159408569336,0.4905451536178589,0.4942057430744171
1212609727,qlstm,extrapolation,early,2000176,62,5,57,57,4,0.21773956782370824,0.45361097205069756,0.18571116058332393,0.430942177772522,0.09577482523728023,0.2457384705543518,0.22843822945409667,0.47184540200651737,0.02732344573004204,0.027006573401964627,0.0315321683883667,0.2955612937609355,0.033832013607025146,0.23318034410476685,0.030210018157958984,0.2457384705543518,0.4418215751647949,0.23633484840393065,0.44918131828308105,0.4046616077423096,0.5028621554374695,0.43360289335250857,0.5334732532501221,0.46888142824172974,0.5468471646308899,0.3259852409362793,0.5419515371322632,0.38849481344223025,0.479309618473053,0.5088454604148864,0.446990430355072,0.48773109912872314,0.5160398483276367,0.5051011979579926,0.4726730459614804,0.03242815199651217,0.5125436286131541,0.4934457242488861,0.505539745092392,0.4593547284603119,0.5051011979579926,0.48156294226646423,0.48272573947906494,0.46661174297332764,0.4808434009552002,0.4664844274520874,0.4797954857349396,0.46585991978645325,0.4798512816429138,0.47780051827430725,0.4783486306667328,0.47524890303611755,0.4747250139713287,0.49084675312042236,0.46435234546661375,0.4460005760192871,0.479533725976944,0.4789900481700897
1212609727,qlstm,extrapolation,early,2000177,62,2,60,60,1,0.013363095008596646,0.06144068366096866,0.00014085720609902097,0.011868327856063843,0.07302763184742267,0.19241472333669662,0.01137427711396911,0.05707488233844439,0.03444730043411255,0.0348678565861886,0.007631421089172363,0.44171471893787384,0.44171471893787384,0.4218967705965042,0.4218967705965042,0.19241472333669662,0.002666980028152466,0.22547712177038193,0.03028920292854309,0.22539599984884262,0.009077280759811401,0.2427910789847374,0.06368538737297058,0.06256970763206482,0.12247243523597717,0.008555680513381958,0.008034080266952515,0.06988316774368286,0.01729390025138855,0.011390715837478638,0.005487531423568726,0.0062340497970581055,0.006980568170547485,0.5320941060781479,0.4708356479803721,0.0612584580977758,0.5106133818626404,0.5106133818626404,0.4757098853588104,0.4757098853588104,0.5320941060781479,0.49454912543296814,0.4995134323835373,0.48437777161598206,0.49205294251441956,0.47349250316619873,0.4787925183773041,0.48187515139579773,0.4815615117549896,0.4685738980770111,0.4764203429222107,0.47934818267822266,0.46753546595573425,0.4664970338344574,0.45974455773830414,0.4529920816421509,0.463326171040535,0.47366026043891907
1212609727,qlstm,extrapolation,early,2000178,62,1,61,60,1,0.022837553512724564,0.12537379478735308,0.00659188223366769,0.08119040727615356,0.012120297496952759,0.11009222269058228,0.023013246234294595,0.12562431236271,0.03166166345278422,0.031469870421846034,0.02117103338241577,0.3993969149887562,0.3993969149887562,0.4423743672668934,0.4423743672668934,0.11009222269058228,0.11009222269058228,0.08191722631454468,0.08191722631454468,0.013502240180969238,0.013502240180969238,0.050137341022491455,0.050137341022491455,0.001497507095336914,0.001497507095336914,0.09743499755859375,0.09743499755859375,0.06750607490539551,0.06750607490539551,0.022067248821258545,0.022067248821258545,0.109028160572052,0.109028160572052,0.5132020711898804,0.476557086725704,0.036644984464176356,0.5414696335792542,0.5414696335792542,0.5154943466186523,0.5154943466186523,0.5132020711898804,0.5132020711898804,0.46991991996765137,0.46991991996765137,0.48068416118621826,0.48068416118621826,0.4855068624019623,0.4855068624019623,0.4562326967716217,0.4562326967716217,0.4971108138561249,0.4971108138561249,0.4773748815059662,0.4773748815059662,0.44500407576560974,0.44500407576560974,0.46057653427124023,0.46057653427124023
1212609727,qlstm,extrapolation,early,2000179,62,2,60,60,1,0.04585858236405529,0.2088068396814408,0.06824833358768956,0.2612438201904297,0.047838695991472946,0.2185039520263672,0.045792578576474695,0.20848360260327656,0.033919099966684976,0.03246420241416769,0.009144604206085205,0.23045188188552856,0.23045188188552856,0.18284547328948975,0.18284547328948975,0.2185039520263672,0.20877158641815186,0.2146768569946289,0.24067825078964233,0.19823327660560608,0.2518117427825928,0.17908665537834167,0.19333374500274658,0.15983223915100098,0.16773444414138794,0.17139533162117004,0.1619272232055664,0.21108734607696533,0.08771258592605591,0.22228214144706726,0.21411240100860596,0.23393672704696655,0.21606171131134033,0.5105174034833908,0.46631897340218226,0.04419843008120855,0.4593597948551178,0.4593597948551178,0.44582322239875793,0.44582322239875793,0.5105174034833908,0.47074809670448303,0.4954833984375,0.47638583183288574,0.46347324550151825,0.4491828680038452,0.4693700969219208,0.4748735725879669,0.47715549170970917,0.47096070647239685,0.47793422639369965,0.46676310896873474,0.4673084616661072,0.46560895442962646,0.45702965557575226,0.4546995162963867,0.44734376668930054,0.44550466537475586
1212609727,qlstm,extrapolation,early,2000180,62,2,60,59,2,0.06908239748878943,0.2489161717314874,0.06646903698555562,0.2578158974647522,0.095603862596914,0.23665519058704376,0.06819834865185195,0.24932487110296886,0.029738276691760046,0.026925273812734164,0.05459088087081909,0.35162095725536346,0.46538230776786804,0.37050561606884,0.5285664498806,0.23665519058704376,0.03766226768493652,0.20990844070911407,0.05785471200942993,0.2398683875799179,0.11601251363754272,0.29411764442920685,0.15867984294891357,0.34447048604488373,0.22355866432189941,0.06935688853263855,0.10105150938034058,0.1408519148826599,0.1656913161277771,0.16007354855537415,0.21909558773040771,0.2490955889225006,0.275276780128479,0.4700740575790405,0.47355536272128423,-0.003481305142243707,0.48870091140270233,0.4635063111782074,0.48850762844085693,0.4808751046657562,0.4700740575790405,0.4652848541736603,0.4889678955078125,0.48683929443359375,0.46834254264831543,0.45728158950805664,0.48441629111766815,0.4850403070449829,0.4752088487148285,0.4869113862514496,0.4748646020889282,0.48444435000419617,0.46584755182266235,0.47441351413726807,0.46689844131469727,0.44935253262519836,0.47630971670150757,0.47579488158226013
1212609727,qlstm,extrapolation,early,2000181,62,2,60,59,2,0.17477049601763073,0.410427211994125,0.12794620223557396,0.35769568383693695,0.12358888750492769,0.3054353967308998,0.17647654963472081,0.41392693916956586,0.030821021330558647,0.030747041620057206,0.06193011999130249,0.1313718855381012,0.1313718855381012,0.2265259176492691,0.16648373007774353,0.3054353967308998,0.4794989079236984,0.33327654749155045,0.5000693649053574,0.4636046141386032,0.447710320353508,0.4667947143316269,0.4335200637578964,0.47399385273456573,0.5002773851156235,0.5182049125432968,0.5361324399709702,0.5194799154996872,0.5028273910284042,0.508039191365242,0.4870450347661972,0.40535907447338104,0.4231374114751816,0.5075028091669083,0.47222733398278555,0.03527547518412272,0.5306375026702881,0.5306375026702881,0.5241195261478424,0.5001399517059326,0.5075028091669083,0.48436811566352844,0.48275913298130035,0.4653783142566681,0.4792111814022064,0.4740542471408844,0.4657096266746521,0.4660409390926361,0.4661607891321182,0.45826733112335205,0.45879894495010376,0.45933055877685547,0.4674864262342453,0.47564229369163513,0.466092973947525,0.45877256989479065,0.4856591820716858,0.4812239706516266
1212609727,qlstm,extrapolation,early,2000182,62,3,59,59,2,0.06713606885763305,0.2540982891955683,0.05817082695639275,0.24118629097938538,0.10714148401154804,0.32316958407560986,0.06510189520573907,0.2505861894559052,0.027452027393599688,0.02494417103854093,0.06229838728904724,0.3563053086400032,0.3440137505531311,0.34725872427225113,0.38551533222198486,0.32316958407560986,0.30220457911491394,0.32547564804553986,0.26381632685661316,0.3141156981388728,0.2478296458721161,0.32208051284154254,0.2693544924259186,0.2843406597773234,0.24519190192222595,0.2737149695555369,0.2495858371257782,0.2439430058002472,0.260605126619339,0.25810981790224713,0.2552114427089691,0.2765435477097829,0.2816719710826874,0.5115448037783304,0.47189828753471375,0.0396465162436167,0.479092538356781,0.4653381407260895,0.4786107689142227,0.46817710995674133,0.5115448037783304,0.4879890978336334,0.47385040918986004,0.46336615085601807,0.48087501525878906,0.48540350794792175,0.4812018970648448,0.4665955603122711,0.47127026319503784,0.485106498003006,0.48138094941775006,0.4895581901073456,0.4766674240430196,0.4713209569454193,0.47668739159901935,0.4821672737598419,0.4619373679161072,0.45610108971595764
1212609727,qlstm,extrapolation,early,2000183,62,4,58,58,3,0.051962895014189464,0.21954416363470017,0.03243741409222878,0.18010389804840088,0.049564485978796924,0.21008384227752686,0.052128302533871705,0.22019659959036728,0.03285250170477506,0.030632751328604563,0.023793280124664307,0.26150617003440857,0.1458304524421692,0.27122493584950763,0.20464950799942017,0.21008384227752686,0.153289794921875,0.21444542706012726,0.18398445844650269,0.2627726048231125,0.2709987163543701,0.2825196236371994,0.3206358551979065,0.29153187572956085,0.2868494987487793,0.14337126910686493,0.2269423007965088,0.16929082572460175,0.17553293704986572,0.18696388602256775,0.18363898992538452,0.23495352268218994,0.1976422667503357,0.501821331679821,0.4730750394278559,0.028746292251965122,0.4759841710329056,0.4769059717655182,0.5081997911135355,0.4785081148147583,0.501821331679821,0.4622679650783539,0.4926879033446312,0.48343953490257263,0.47524543851614,0.45353373885154724,0.48184873163700104,0.47965550422668457,0.48132050037384033,0.4812189042568207,0.47542141377925873,0.4578266441822052,0.47221648693084717,0.46624627709388733,0.46553580462932587,0.45860907435417175,0.46887899190187454,0.46210721135139465
1212609727,qlstm,extrapolation,early,2000184,62,2,60,59,2,0.15828425552423006,0.39278670169052576,0.0898400487530362,0.2997332960367203,0.15428030322001185,0.38561373203992844,0.15841772060103734,0.39302580067887904,0.030431253930269662,0.030130291581153868,0.029590725898742676,0.520409107208252,0.520409107208252,0.4491277216002345,0.5162144899368286,0.38561373203992844,0.3108985871076584,0.3823626860976219,0.35471419990062714,0.40897997468709946,0.38446299731731415,0.38932790607213974,0.3539411276578903,0.3479762598872185,0.32446514070034027,0.3893788084387779,0.320027694106102,0.4924631640315056,0.4645172208547592,0.4091302305459976,0.4337974637746811,0.3551773577928543,0.39032702147960663,0.49058906733989716,0.47079101850589117,0.019798048834005988,0.466081827878952,0.466081827878952,0.5049119293689728,0.4502986669540405,0.49058906733989716,0.4637984335422516,0.491537943482399,0.4729263484477997,0.49018681049346924,0.48316141963005066,0.46792733669281006,0.46535730361938477,0.45990876853466034,0.4610501229763031,0.4607795923948288,0.4692413806915283,0.4721050262451172,0.47812822461128235,0.4657370448112488,0.4483126699924469,0.4742145538330078,0.4791877269744873
1212609727,qlstm,extrapolation,early,2000185,62,1,61,61,0,0.19429259589882958,0.43722021916220266,0.18970871282036583,0.435555636882782,0.12768909116198657,0.3573361039161682,0.19538445663222045,0.4385297948219737,0.029955083229502695,0.029955083229502695,,,,,,0.3573361039161682,0.3573361039161682,0.30725836753845215,0.30725836753845215,0.2940775752067566,0.2940775752067566,0.37201881408691406,0.37201881408691406,0.4149715304374695,0.4149715304374695,0.4188780188560486,0.4188780188560486,0.46885502338409424,0.46885502338409424,0.43182557821273804,0.43182557821273804,0.4896186590194702,0.4896186590194702,0.5606417059898376,0.47053868897625656,0.09010301701358109,,,,,0.5606417059898376,0.5606417059898376,0.5181946754455566,0.5181946754455566,0.4946874678134918,0.4946874678134918,0.47344645857810974,0.47344645857810974,0.4846581518650055,0.4846581518650055,0.4619220793247223,0.4619220793247223,0.4765508472919464,0.4765508472919464,0.46316981315612793,0.46316981315612793,0.4518677890300751,0.4518677890300751
1212609727,qlstm,extrapolation,early,2000186,62,0,62,61,0,0.1248516813137847,0.3456938723402639,0.09962893100294323,0.31564050912857056,,,0.1248516813137847,0.3456938723402639,0.027758311052791407,0.027758311052791407,,,,,,,,,,,,,,,,,,,,,,,,,0.4720229194048912,,,,,,,,,,,,,,,,,,,,,,,
1212609727,qlstm,extrapolation,early,2000187,62,4,58,58,3,0.23527661364993566,0.4710448988142513,0.28582464878454417,0.5346257090568542,0.11743052748945887,0.2993171908892691,0.24340392993686508,0.48288818901597425,0.033192840629610525,0.03490736911881645,0.034120152393976845,0.23379341078301272,0.09420615434646606,0.2317090661575397,0.09297877550125122,0.2993171908892691,0.5246810913085938,0.3007839643396437,0.5244722962379456,0.3480028659105301,0.5507820844650269,0.35997647047042847,0.5818687081336975,0.49831903958693147,0.5329810380935669,0.4165397435426712,0.488189697265625,0.5084438920021057,0.4879237413406372,0.48455750942230225,0.4481840133666992,0.4955085217952728,0.5093355178833008,0.48116207867860794,0.4732577518142503,0.007904326864357658,0.4630526701609294,0.4626751244068146,0.4740943710009257,0.47788652777671814,0.48116207867860794,0.4598102867603302,0.4881637692451477,0.4792747497558594,0.47352390736341476,0.49256983399391174,0.4762343093752861,0.4774397611618042,0.46488550305366516,0.45971938967704773,0.4725456014275551,0.4752180576324463,0.46657364815473557,0.47154685854911804,0.47313933074474335,0.47272172570228577,0.47285544127225876,0.47297096252441406
1212609727,qlstm,extrapolation,near_best,2000188,62,4,58,58,3,0.08614012979803151,0.28449502730021076,0.07825893944988227,0.27974799275398254,0.08050261775723616,0.26911190641112626,0.08652892373187947,0.2855559321891131,0.03813599718028102,0.0381981372833252,0.042287230491638184,0.36813302151858807,0.47293650079518557,0.3282240197683374,0.25530266761779785,0.26911190641112626,0.1765989363193512,0.2639577810186893,0.21894177794456482,0.34541828418150544,0.27285388112068176,0.29385024053044617,0.2433868944644928,0.2691418875474483,0.18364521861076355,0.24315901100635529,0.27895382046699524,0.2534974366426468,0.22140660881996155,0.19462408125400543,0.17022249102592468,0.22559569776058197,0.3304748237133026,0.5079922750592232,0.4717150828961668,0.03627719216305636,0.5035680731137594,0.4803822338581085,0.49740121761957806,0.4927555024623871,0.5079922750592232,0.4811437427997589,0.4862334057688713,0.47565850615501404,0.4829603508114815,0.47898733615875244,0.47518082708120346,0.45991501212120056,0.46619177609682083,0.44332611560821533,0.47520095854997635,0.4712848663330078,0.4615100845694542,0.46222972869873047,0.4699992761015892,0.49028778076171875,0.4760594964027405,0.5003865957260132
1212609727,qlstm,extrapolation,near_best,2000189,62,3,59,59,2,0.021341139468526848,0.09515102688343294,0.015801186024710923,0.12570276856422424,0.06549889035293728,0.22160192330678305,0.019095830101522927,0.08872132028563548,0.040269046516741736,0.0401307767087763,0.041522055864334106,0.47088855504989624,0.47088855504989624,0.34468890726566315,0.4223901033401489,0.22160192330678305,0.047112077474594116,0.2874649663766225,0.08582016825675964,0.3004492223262787,0.038914889097213745,0.30702274044354755,0.013615638017654419,0.30531300107638043,0.02266034483909607,0.07072258989016215,0.07923552393913269,0.02186901370684306,0.01307651400566101,0.04436062773068746,0.028971582651138306,0.08943028251330058,0.21018454432487488,0.5090249280134836,0.4823098409984071,0.026715087015076522,0.4872586727142334,0.4872586727142334,0.5142048299312592,0.47624099254608154,0.5090249280134836,0.46130964159965515,0.5064269304275513,0.48308706283569336,0.4953722556432088,0.46810486912727356,0.4838544527689616,0.4688900411128998,0.4726918538411458,0.45457589626312256,0.4730979899565379,0.47489726543426514,0.47526732087135315,0.4888070523738861,0.47173821926116943,0.4649098813533783,0.4865544339021047,0.4842841625213623
1212609727,qlstm,extrapolation,near_best,2000190,62,2,60,59,2,0.11280438855328509,0.3311567037336288,0.14148970593243693,0.3761511743068695,0.07908738962377015,0.28046969324350357,0.11392828851760226,0.3328462707499663,0.0212834320836148,0.02043324880875074,0.020269542932510376,0.29756374657154083,0.29756374657154083,0.22605962306261063,0.2615146189928055,0.28046969324350357,0.3010643720626831,0.28012195974588394,0.30944085121154785,0.30596906691789627,0.32784855365753174,0.3237767592072487,0.3418998122215271,0.3526643291115761,0.357109010219574,0.32587186247110367,0.3541799783706665,0.30836787819862366,0.3156713843345642,0.36944207549095154,0.3817751407623291,0.26808324456214905,0.2204951047897339,0.48586077988147736,0.47832713623841605,0.007533643643061305,0.4742004871368408,0.4742004871368408,0.5254533737897873,0.475107342004776,0.48586077988147736,0.46438828110694885,0.4972572773694992,0.4840101897716522,0.48413263261318207,0.4800735414028168,0.47265249490737915,0.4834887981414795,0.477495938539505,0.4805940091609955,0.4724981039762497,0.47079572081565857,0.4654712975025177,0.46655431389808655,0.47978317737579346,0.47897234559059143,0.47479774057865143,0.4830411672592163
1212609727,qlstm,extrapolation,near_best,2000191,62,1,61,61,0,0.2509316810575968,0.4978541221109129,0.3086302205199809,0.5555449761450291,0.21774243104181146,0.4666287936270237,0.25147576712342934,0.4983660127417963,0.02713122133348809,0.02713122133348809,,,,,,0.4666287936270237,0.4666287936270237,0.4866013564169407,0.4866013564169407,0.5455888547003269,0.5455888547003269,0.5823112763464451,0.5823112763464451,0.59414017572999,0.59414017572999,0.5091223157942295,0.5091223157942295,0.4909430779516697,0.4909430779516697,0.5178349055349827,0.5178349055349827,0.43961650505661964,0.43961650505661964,0.5715858340263367,0.46864458332296277,0.1029412507033739,,,,,0.5715858340263367,0.5715858340263367,0.5203514099121094,0.5203514099121094,0.49409219622612,0.49409219622612,0.47751733660697937,0.47751733660697937,0.4741060435771942,0.4741060435771942,0.48447492718696594,0.48447492718696594,0.4559777081012726,0.4559777081012726,0.4416254460811615,0.4416254460811615,0.4492565095424652,0.4492565095424652
1212609727,qlstm,extrapolation,near_best,2000192,62,0,62,61,0,0.07786371561674783,0.2735994780255902,0.07345174088074202,0.2710198163986206,,,0.07786371561674783,0.2735994780255902,0.018427967048082194,0.018427967048082194,,,,,,,,,,,,,,,,,,,,,,,,,0.46232475100025056,,,,,,,,,,,,,,,,,,,,,,,
1212609727,qlstm,extrapolation,near_best,2000193,62,1,61,60,1,0.17329117155398518,0.41309814203170037,0.1690713611353658,0.41118288040161133,0.19472836052591447,0.4412803649902344,0.17293974222657651,0.4126361383766424,0.030300456285476684,0.030300456285476684,0.07810407876968384,,,0.29920095205307007,0.29920095205307007,0.4412803649902344,0.4412803649902344,0.39917880296707153,0.39917880296707153,0.39758437871932983,0.39758437871932983,0.46600109338760376,0.46600109338760376,0.5083349943161011,0.5083349943161011,0.489307701587677,0.489307701587677,0.3670271635055542,0.3670271635055542,0.43620264530181885,0.43620264530181885,0.34074676036834717,0.34074676036834717,0.5180220603942871,0.4761431231850483,0.0418789372092388,,,0.5480006337165833,0.5480006337165833,0.5180220603942871,0.5180220603942871,0.5118160247802734,0.5118160247802734,0.48192620277404785,0.48192620277404785,0.4943614900112152,0.4943614900112152,0.4896171987056732,0.4896171987056732,0.4994208514690399,0.4994208514690399,0.4623304605484009,0.4623304605484009,0.4641869068145752,0.4641869068145752,0.4585486352443695,0.4585486352443695
1212609727,qlstm,extrapolation,near_best,2000194,62,1,61,60,1,0.113364145791069,0.3326748220189925,0.13334971802674378,0.36517080664634705,0.08051118599361473,0.2837449312210083,0.11390271890250268,0.33347695137633654,0.016737997035185494,0.016737997035185494,0.04070478677749634,,,0.08512064814567566,0.08512064814567566,0.2837449312210083,0.2837449312210083,0.30326932668685913,0.30326932668685913,0.3284221887588501,0.3284221887588501,0.35176172852516174,0.35176172852516174,0.3702700138092041,0.3702700138092041,0.37485477328300476,0.37485477328300476,0.3835844397544861,0.3835844397544861,0.34715497493743896,0.34715497493743896,0.3685224652290344,0.3685224652290344,0.5032942295074463,0.4680457848017333,0.03524844470571298,,,0.5700579285621643,0.5700579285621643,0.5032942295074463,0.5032942295074463,0.4853436052799225,0.4853436052799225,0.4858696162700653,0.4858696162700653,0.48278966546058655,0.48278966546058655,0.4685424268245697,0.4685424268245697,0.47233009338378906,0.47233009338378906,0.4689881503582001,0.4689881503582001,0.4551583528518677,0.4551583528518677,0.47033724188804626,0.47033724188804626
1212609727,qlstm,extrapolation,near_best,2000195,62,2,60,60,1,0.28742392098912123,0.5329298016525084,0.29420474591610457,0.542406439781189,0.13936548545385286,0.36904075741767883,0.29235920217363015,0.5383927697936693,0.01775530676047007,0.017656519495207686,0.0640096664428711,0.33884090185165405,0.33884090185165405,0.3237426280975342,0.3237426280975342,0.36904075741767883,0.4253826141357422,0.4012640714645386,0.4636872410774231,0.4016854465007782,0.4796282649040222,0.4585355818271637,0.4916885495185852,0.4736619293689728,0.48363661766052246,0.5157601833343506,0.539831817150116,0.5518050193786621,0.5894148945808411,0.5564174950122833,0.5484306216239929,0.5668225437402725,0.5740020573139191,0.5251245498657227,0.4603125999371211,0.06481194992860156,0.49122968316078186,0.49122968316078186,0.5040703415870667,0.5040703415870667,0.5251245498657227,0.5040737986564636,0.48300454020500183,0.4747793972492218,0.48461535573005676,0.4651603698730469,0.4776412397623062,0.4512086808681488,0.4695685803890228,0.46435776352882385,0.4554791897535324,0.459749698638916,0.475214421749115,0.47992217540740967,0.47011272609233856,0.47369202971458435,0.4619421809911728,0.44265350699424744
1212609727,qlstm,extrapolation,near_best,2000196,62,0,62,61,0,0.05640127823767789,0.22637159016824537,0.0907710162454265,0.30128228664398193,,,0.05640127823767789,0.22637159016824537,0.032472173698612904,0.032472173698612904,,,,,,,,,,,,,,,,,,,,,,,,,0.4670686077687048,,,,,,,,,,,,,,,,,,,,,,,
1212609727,qlstm,extrapolation,near_best,2000197,62,3,59,59,2,0.24664292858053583,0.48181730793834093,0.3513228760754089,0.5927249582018703,0.09843828910963733,0.30114171211607754,0.25417875770617476,0.4910042026411679,0.0353629740618043,0.036799296736717224,0.018243223428726196,0.3043598234653473,0.31302130222320557,0.2973034679889679,0.3198814392089844,0.30114171211607754,0.4234892518725246,0.32741996948607266,0.460689285537228,0.3853100469180693,0.5444911511149257,0.3596795330910633,0.5423583181109279,0.3580611875125517,0.556078472873196,0.3672375808625172,0.5757121832575649,0.37305274217699963,0.4546870382037014,0.45113909849897027,0.47745738341473043,0.5333885541961839,0.6031203062739223,0.5054547588030497,0.47369944190574903,0.031755316897300656,0.4573243111371994,0.439384788274765,0.477765291929245,0.4678620994091034,0.5054547588030497,0.4841858446598053,0.4767064054807027,0.47429952025413513,0.4895644386609395,0.4942190647125244,0.47346146901448566,0.4767146110534668,0.47813371817270917,0.4922046959400177,0.45654407143592834,0.4689141809940338,0.47575769821802777,0.4746812880039215,0.4815179407596588,0.48448702692985535,0.4781903823216756,0.48317524790763855
1212609727,qlstm,extrapolation,near_best,2000198,62,2,60,60,1,0.0749627216467564,0.2683386793059687,0.033612150690381704,0.18333616852760315,0.06456651978147976,0.24658305943012238,0.07530926170893229,0.26906386663516363,0.038858050107955934,0.039036946781611036,0.04288792610168457,0.3079289197921753,0.3079289197921753,0.2796257734298706,0.2796257734298706,0.24658305943012238,0.18523719906806946,0.24033798277378082,0.20105019211769104,0.20298737287521362,0.2207375466823578,0.2411097288131714,0.28116926550865173,0.2719953954219818,0.32325324416160583,0.2955320179462433,0.26781079173088074,0.2347726821899414,0.20173457264900208,0.247575044631958,0.23110327124595642,0.18283739686012268,0.1845059096813202,0.5354954600334167,0.46948844293753306,0.06600701709588369,0.5608797073364258,0.5608797073364258,0.506232738494873,0.506232738494873,0.5354954600334167,0.5101112127304077,0.4960841089487076,0.4859354794025421,0.4902143329381943,0.47031745314598083,0.4779992699623108,0.47006306052207947,0.47112731635570526,0.4719371795654297,0.46339862048625946,0.45486006140708923,0.4638023376464844,0.4727446138858795,0.4705239534378052,0.4651179015636444,0.4661492109298706,0.48038992285728455
1212609727,qlstm,extrapolation,near_best,2000199,62,4,58,58,3,0.28238913544728733,0.5150658180636745,0.3068588325268138,0.5539484024047852,0.09389319608602098,0.2872825637459755,0.29538885540323667,0.5307750080166191,0.021333783864974976,0.017808304383204535,0.033375839392344155,0.223443865776062,0.2330249547958374,0.18178070584932962,0.178579181432724,0.2872825637459755,0.46135812997817993,0.38515084981918335,0.49793243408203125,0.37193937599658966,0.5128031373023987,0.34916234761476517,0.5346432328224182,0.4219660609960556,0.5581248998641968,0.47745558619499207,0.5664685964584351,0.4770643040537834,0.5886818766593933,0.586261510848999,0.6109815239906311,0.5993282198905945,0.6014993190765381,0.48606232553720474,0.4750554201931789,0.011006905344025819,0.4850347936153412,0.48008790612220764,0.47430222233136493,0.4603389799594879,0.48606232553720474,0.46648719906806946,0.48885577917099,0.4800180196762085,0.48334792256355286,0.4869399070739746,0.47337406128644943,0.45661744475364685,0.4703291282057762,0.47573208808898926,0.47879330813884735,0.45829951763153076,0.46962909400463104,0.4735686779022217,0.4728725999593735,0.4819253385066986,0.47464532405138016,0.4669448435306549
1212609727,qlstm,extrapolation,near_best,2000200,62,3,59,59,2,0.21138432059401846,0.41723810436744846,0.3236621940950917,0.5689131692051888,0.1161599815946423,0.304128460586071,0.21622623613635958,0.42298944218684054,0.034673012919345145,0.03486135105292002,0.03329145908355713,0.011008799076080322,0.011008799076080322,0.2641635090112686,0.07119452953338623,0.304128460586071,0.36157090216875076,0.15361410627762476,0.3605026677250862,0.13772126287221909,0.39954371005296707,0.1315311218301455,0.36881840974092484,0.1551381175716718,0.4132884219288826,0.18708284944295883,0.46565914899110794,0.20327993482351303,0.4852737858891487,0.3060421794652939,0.48536110669374466,0.41958575199047726,0.4766504243016243,0.5102441410223643,0.47790569824687507,0.032338442775489196,0.4646695554256439,0.4646695554256439,0.5203627794981003,0.4816305935382843,0.5102441410223643,0.477055162191391,0.49067750573158264,0.47236910462379456,0.48575952649116516,0.46887245774269104,0.4876146415869395,0.49638286232948303,0.48283305764198303,0.49032148718833923,0.47426068782806396,0.4777050018310547,0.47459957003593445,0.47643792629241943,0.48484687010447186,0.49585485458374023,0.48640743891398114,0.4725179672241211
1212609727,qlstm,extrapolation,near_best,2000201,62,3,59,59,2,0.24734882428187582,0.46532319185714566,0.19060688652928448,0.4365854859352112,0.12498587281848311,0.29881901293992996,0.2535706692715399,0.473789506039377,0.03491880631042739,0.035898711818915144,0.04010626673698425,0.022389233112335205,0.022389233112335205,0.233660738915205,0.08926671743392944,0.29881901293992996,0.48017823696136475,0.1772248943646749,0.43356114625930786,0.17505651712417603,0.43288832902908325,0.17184853553771973,0.4695512056350708,0.1703823208808899,0.4812907576560974,0.15713866551717123,0.4153100848197937,0.3546212514241536,0.49441879987716675,0.5255612929662069,0.6258419156074524,0.5399742325146993,0.6379961967468262,0.5017726322015127,0.47196660001399154,0.029806032187521148,0.46822190284729004,0.46822190284729004,0.5101938992738724,0.4814084470272064,0.5017726322015127,0.47087836265563965,0.4764968752861023,0.45760610699653625,0.46840744217236835,0.4548739492893219,0.47408536076545715,0.4721919298171997,0.480193167924881,0.4658567011356354,0.4715134898821513,0.46791133284568787,0.47555269797643024,0.4743712842464447,0.4724539319674174,0.4793131649494171,0.4747916062672933,0.4742352068424225
1212609727,qlstm,extrapolation,near_best,2000202,62,2,60,59,2,0.020975899181997746,0.10410550714380318,0.0027134632231460287,0.05209091305732727,0.11554656328208483,0.24351688427850604,0.017823543711994846,0.09945846123931308,0.05139215113752979,0.0518483827854025,0.023909032344818115,0.4806794663891196,0.4806794663891196,0.34875745279714465,0.45574875082820654,0.24351688427850604,0.006354302167892456,0.24515055818483233,0.03455236554145813,0.007813304662704468,0.00927230715751648,0.022934526205062866,0.011316686868667603,0.022468209266662598,0.035664111375808716,0.05188709497451782,0.06811007857322693,0.041674286127090454,0.01523849368095398,0.14234110713005066,0.2276318371295929,0.1018974781036377,0.16060617566108704,0.4919428676366806,0.47842278083165485,0.013520086805025755,0.5121160745620728,0.5121160745620728,0.5291884690523148,0.49812451004981995,0.4919428676366806,0.47176966071128845,0.4832201153039932,0.4683157205581665,0.47065484523773193,0.4695400297641754,0.47528569400310516,0.4822556674480438,0.4717121869325638,0.47388434410095215,0.4867473691701889,0.49961039423942566,0.4831112325191498,0.4666120707988739,0.47494523227214813,0.47180160880088806,0.48930077254772186,0.48384642601013184
1212609727,qlstm,extrapolation,near_best,2000203,62,2,60,59,2,0.19790905096597872,0.4099459080926834,0.2095123901421792,0.45772523432970047,0.09331827301827025,0.2406555749475956,0.20139541023090235,0.4155889191975196,0.027544332762896005,0.027768105268478394,0.023393571376800537,0.012844383716583252,0.012844383716583252,0.21753190830349922,0.04518699645996094,0.2406555749475956,0.4288128688931465,0.24195516481995583,0.4688878729939461,0.23275211825966835,0.4266597107052803,0.2339387871325016,0.4330838993191719,0.2567513920366764,0.4546317532658577,0.25566891208291054,0.5100790932774544,0.23498797789216042,0.4571315720677376,0.4378582611680031,0.44905681163072586,0.4951489642262459,0.4802188351750374,0.48866821825504303,0.48056952357292176,0.008098694682121266,0.48239824175834656,0.48239824175834656,0.5087737292051315,0.4570559561252594,0.48866821825504303,0.4729497730731964,0.5050493627786636,0.49458256363868713,0.48555898666381836,0.48755744099617004,0.46539340913295746,0.473124623298645,0.46901652216911316,0.4499545395374298,0.46663250029087067,0.47970521450042725,0.4719831943511963,0.461568146944046,0.47400952875614166,0.4604616165161133,0.4834279268980026,0.487150639295578
1212609727,qlstm,extrapolation,near_best,2000204,62,2,60,59,2,0.16278080782480855,0.38891129436031463,0.12303198032499552,0.3507591485977173,0.1393353757117044,0.3700586259365082,0.1635623222285787,0.3895397166411082,0.03112136408434076,0.032021190903403544,0.03303292393684387,0.23025864362716675,0.4189665913581848,0.21399185061454773,0.39458757638931274,0.3700586259365082,0.32115066051483154,0.3671194314956665,0.33965128660202026,0.3372751772403717,0.35339969396591187,0.3525802493095398,0.3655092120170593,0.34289786219596863,0.3323960304260254,0.3695378005504608,0.40667957067489624,0.3810732066631317,0.3554668426513672,0.45307934284210205,0.4633873701095581,0.510615885257721,0.48589378595352173,0.48285360634326935,0.46895167579253516,0.013901930550734187,0.498814195394516,0.486464262008667,0.4778289794921875,0.46281251311302185,0.48285360634326935,0.4792429506778717,0.4579714387655258,0.4531303644180298,0.483318567276001,0.48739418387413025,0.46453307569026947,0.47593578696250916,0.4754928797483444,0.4635915756225586,0.46934156119823456,0.4750915467739105,0.47804388403892517,0.4809962213039398,0.4577428996562958,0.4570324122905731,0.4588150680065155,0.4566827714443207
1212609727,qlstm,extrapolation,near_best,2000205,62,2,60,59,2,0.04022960361375078,0.1193199316340108,0.013765311331340513,0.11732566356658936,0.08580178475499345,0.2240370810031891,0.03871053090904269,0.11582935998837153,0.038277693724228165,0.040209565162658695,0.05019819736480713,0.5351583361625671,0.5351583361625671,0.24803610146045685,0.47580718994140625,0.2240370810031891,0.03533315658569336,0.23340466618537903,0.029850125312805176,0.22037968039512634,0.03686875104904175,0.2503455579280853,0.03338998556137085,0.24601632356643677,0.008793771266937256,0.25943443179130554,0.017351090908050537,0.2753086984157562,0.015459060668945312,0.02266824245452881,0.00846773386001587,0.04759344458580017,0.0778357982635498,0.5102586895227432,0.4646580293774605,0.045600660145282745,0.472385972738266,0.472385972738266,0.5060969144105911,0.4764048159122467,0.5102586895227432,0.4913111627101898,0.4882117807865143,0.4739114046096802,0.47057783603668213,0.4604160785675049,0.46326038241386414,0.4687689244747162,0.46726101636886597,0.4580520689487457,0.4612652361392975,0.4612564742565155,0.4744383990764618,0.4764908254146576,0.46001963317394257,0.45962318778038025,0.46002426743507385,0.4587920606136322
1212609727,qlstm,extrapolation,near_best,2000206,62,1,61,61,0,0.14258124814436593,0.37253739708854305,0.11133149587161939,0.333663746714592,0.1192076019755286,0.3452645391225815,0.1429644226717239,0.3729844931207719,0.027006263615655116,0.027006263615655116,,,,,,0.3452645391225815,0.3452645391225815,0.38684962689876556,0.38684962689876556,0.3986491411924362,0.3986491411924362,0.38992713391780853,0.38992713391780853,0.31962715089321136,0.31962715089321136,0.23373810946941376,0.23373810946941376,0.2309998720884323,0.2309998720884323,0.3199145048856735,0.3199145048856735,0.382477268576622,0.382477268576622,0.563051164150238,0.46378914645460784,0.0992620176956302,,,,,0.563051164150238,0.563051164150238,0.5000253319740295,0.5000253319740295,0.4711235761642456,0.4711235761642456,0.4817502200603485,0.4817502200603485,0.48873913288116455,0.48873913288116455,0.47472071647644043,0.47472071647644043,0.4546891748905182,0.4546891748905182,0.4445207417011261,0.4445207417011261,0.4541126787662506,0.4541126787662506
1212609727,qlstm,extrapolation,near_best,2000207,62,4,58,58,3,0.19536298611016956,0.42299269992978344,0.14550552155103724,0.3814518600702286,0.10705404646873636,0.29897900857031345,0.20145325780957873,0.43154536829940204,0.03111122805496742,0.03254356483618418,0.0241779883702596,0.32755283638834953,0.17283600568771362,0.2719050521651904,0.1263638138771057,0.29897900857031345,0.3722851425409317,0.3784700334072113,0.417909637093544,0.3783677816390991,0.41288991272449493,0.27982364036142826,0.39032699167728424,0.2141474224627018,0.42021770775318146,0.22667527571320534,0.40924836695194244,0.19766198471188545,0.35149677097797394,0.3551943264901638,0.5318013578653336,0.41938671469688416,0.47914864122867584,0.49249473959207535,0.47692703686911486,0.015567702722960486,0.4821997135877609,0.4623550474643707,0.4999343752861023,0.4786321222782135,0.49249473959207535,0.4612445831298828,0.4929739087820053,0.47194358706474304,0.4828652963042259,0.48954543471336365,0.465766966342926,0.45534029603004456,0.4657851308584213,0.4737032949924469,0.4628845751285553,0.4437282979488373,0.467058464884758,0.4762621223926544,0.47160952538251877,0.4912211000919342,0.46550633013248444,0.4545865058898926
1212609727,qlstm,extrapolation,near_best,2000208,62,5,57,57,4,0.15233340535127293,0.38195126143194014,0.23516777901591013,0.4849410057067871,0.07530016903137829,0.25101872980594636,0.15909070678284265,0.39343657122369396,0.023381516598818593,0.02432299852371216,0.0349997878074646,0.28613095978895825,0.24864709377288818,0.22789277508854866,0.2320476770401001,0.25101872980594636,0.2893298268318176,0.3189249336719513,0.31065088510513306,0.3086901754140854,0.3467022776603699,0.3073093891143799,0.3801630139350891,0.302183723449707,0.39851874113082886,0.3140029549598694,0.4355756640434265,0.3320239782333374,0.463525652885437,0.3994330883026123,0.46903902292251587,0.4354567646980286,0.43202662467956543,0.5064923465251923,0.4666558640045032,0.039836482520689054,0.4803277850151062,0.45721426606178284,0.4952338933944702,0.4721498191356659,0.5064923465251923,0.48878994584083557,0.48587613105773925,0.46545782685279846,0.4771536648273468,0.4485694468021393,0.475502610206604,0.4351077377796173,0.47055243849754336,0.4760936200618744,0.45786980390548704,0.4762308895587921,0.46576067209243777,0.44246092438697815,0.46770126223564146,0.47114643454551697,0.4600218772888184,0.45669007301330566
1212609727,qlstm,extrapolation,near_best,2000209,62,2,60,60,1,0.2793751768795438,0.5230944509648027,0.2584313694571444,0.5083614555187523,0.1292404638090974,0.33919018344022334,0.28437966731522535,0.529224593215622,0.028115699688593548,0.028429179878558142,0.03780221939086914,0.2200663685798645,0.2200663685798645,0.21044600009918213,0.21044600009918213,0.33919018344022334,0.45831399830058217,0.34551361040212214,0.48058122070506215,0.46869486244395375,0.47907572658732533,0.4703605738468468,0.4601399269886315,0.45636555226519704,0.43365537794306874,0.4481198755092919,0.46258437307551503,0.5167538491077721,0.5709233251400292,0.49687665374949574,0.4534931150265038,0.5120419231243432,0.5190255609340966,0.5085771232843399,0.4757855340838432,0.032791589200496685,0.5376312136650085,0.5376312136650085,0.5137835144996643,0.5137835144996643,0.5085771232843399,0.47952303290367126,0.4975971281528473,0.4814107418060303,0.4829919785261154,0.48646092414855957,0.4735063165426254,0.4656018912792206,0.481453612446785,0.4764463007450104,0.45813989639282227,0.43983349204063416,0.4560549855232239,0.4722764790058136,0.4666617810726166,0.4641444981098175,0.4554217606782913,0.4536632299423218
1212609727,qlstm,extrapolation,near_best,2000210,62,3,59,58,3,0.22621202485159786,0.4708962356371264,0.29776916020774863,0.5456822887063026,0.14158483866173402,0.37022950996955234,0.2305151021154892,0.47601488270496917,0.035010921544042124,0.03375715601677988,0.05245826641718546,0.3585745394229889,0.4848065972328186,0.34723658859729767,0.5167639851570129,0.37022950996955234,0.36157629638910294,0.41173717627922696,0.391415573656559,0.4358682955304782,0.4649343863129616,0.5006445571780205,0.5347064509987831,0.5180190329750379,0.5696600452065468,0.5253962203860283,0.5907060876488686,0.44002364575862885,0.44173065572977066,0.5216493581732115,0.46058157831430435,0.4675828590989113,0.4533297196030617,0.48483285307884216,0.47650367425659956,0.0083291788222426,0.5311392098665237,0.4856198728084564,0.5203625659147898,0.4759720265865326,0.48483285307884216,0.4711330831050873,0.48025771975517273,0.4720011055469513,0.48849251866340637,0.47669073939323425,0.4849610428015391,0.4811558723449707,0.4771665831406911,0.4821275770664215,0.4837767283121745,0.4827163517475128,0.47533944249153137,0.47891321778297424,0.4746001760164897,0.4605170786380768,0.4801072378953298,0.46410271525382996
1212609727,qlstm,extrapolation,near_best,2000211,62,2,60,59,2,0.19655143762668584,0.43998722155247966,0.20865762159259305,0.456790566444397,0.12140968942833341,0.3460867553949356,0.19905616256663095,0.44311723709106443,0.019889711323430984,0.019990290033406223,0.06428837776184082,0.3865051567554474,0.3865051567554474,0.29060690104961395,0.37244901061058044,0.3460867553949356,0.30566835403442383,0.3504988104104996,0.3285486102104187,0.33756572008132935,0.36946308612823486,0.3691060245037079,0.40966343879699707,0.385335236787796,0.4012073874473572,0.4094177484512329,0.41762810945510864,0.39542415738105774,0.37322020530700684,0.4262772798538208,0.43297338485717773,0.4561777114868164,0.4369449019432068,0.5049088150262833,0.4643335302670797,0.04057528475920358,0.5132046937942505,0.5132046937942505,0.5127036720514297,0.4861689507961273,0.5049088150262833,0.49661293625831604,0.47606252133846283,0.46595609188079834,0.49033382534980774,0.48405471444129944,0.4626573920249939,0.45935869216918945,0.46395112574100494,0.44384753704071045,0.4498838782310486,0.4559202194213867,0.44583749771118164,0.43575477600097656,0.46581757068634033,0.47075188159942627,0.45631518959999084,0.4657522737979889
1212609727,qlstm,extrapolation,near_best,2000212,62,1,61,60,1,0.2622772624013925,0.5059656332577428,0.2983672327160072,0.5462300181388855,0.2284589714381724,0.4779738187789917,0.2628316606139043,0.5064245154623126,0.01993392805258433,0.019691259696565825,0.040668606758117676,0.19666078686714172,0.19666078686714172,0.16465112566947937,0.16465112566947937,0.4779738187789917,0.4779738187789917,0.4872482419013977,0.4872482419013977,0.4987180829048157,0.4987180829048157,0.44438570737838745,0.44438570737838745,0.4698837995529175,0.4698837995529175,0.5421598553657532,0.5421598553657532,0.5683633089065552,0.5683633089065552,0.5278504490852356,0.5278504490852356,0.5749472379684448,0.5749472379684448,0.4787414073944092,0.46035107774812667,0.01839032964628251,0.5000675320625305,0.5000675320625305,0.49616774916648865,0.49616774916648865,0.4787414073944092,0.4787414073944092,0.4706708490848541,0.4706708490848541,0.44838130474090576,0.44838130474090576,0.4494434893131256,0.4494434893131256,0.48042285442352295,0.48042285442352295,0.4581160247325897,0.4581160247325897,0.4804682731628418,0.4804682731628418,0.47583261132240295,0.47583261132240295,0.44962990283966064,0.44962990283966064
1212609727,qlstm,extrapolation,near_best,2000213,62,2,60,59,2,0.06521592863233311,0.24136622874967514,0.05131989866046993,0.22653895616531372,0.08585697222432664,0.24442403763532639,0.06452789384593333,0.2412643017868201,0.026494406037411447,0.024653077125549316,0.04543313384056091,0.32226841151714325,0.32226841151714325,0.2741388604044914,0.38171856105327606,0.24442403763532639,0.08282619714736938,0.23483004420995712,0.08192408084869385,0.21036585420370102,0.07689636945724487,0.21631743758916855,0.14614450931549072,0.22934480756521225,0.19914031028747559,0.29162000864744186,0.2609716057777405,0.1636652648448944,0.24450433254241943,0.22454750537872314,0.2499547004699707,0.14756006002426147,0.050615787506103516,0.49194012582302094,0.45943817496299744,0.0325019508600235,0.4909015893936157,0.4909015893936157,0.5358998626470566,0.495199590921402,0.49194012582302094,0.47267040610313416,0.46651439368724823,0.4652888774871826,0.4728394150733948,0.4643751382827759,0.4675089716911316,0.453389972448349,0.47091297805309296,0.4493013322353363,0.46687787771224976,0.4428541660308838,0.46570953726768494,0.4587486684322357,0.44484424591064453,0.44038715958595276,0.4540281295776367,0.4493075907230377
1212609727,qlstm,extrapolation,near_best,2000214,62,2,60,59,2,0.21476797298297934,0.43334016828767713,0.2877076530608633,0.536383867263794,0.11594826861068741,0.2953605502843857,0.21806196312872242,0.4379394888877869,0.02435159683227539,0.02256736035148303,0.038412630558013916,0.06377986073493958,0.06377986073493958,0.1866939216852188,0.04650476574897766,0.2953605502843857,0.4648020267486572,0.3213545233011246,0.4572184085845947,0.3029809445142746,0.4707956314086914,0.33921508491039276,0.5092262029647827,0.3256290405988693,0.5377395153045654,0.3402344733476639,0.5368659496307373,0.3237147778272629,0.5541375875473022,0.5142249464988708,0.5636478662490845,0.4927671551704407,0.4477947950363159,0.4825761169195175,0.4631525968511899,0.019423520068327593,0.48383036255836487,0.48383036255836487,0.4983087629079819,0.4541362226009369,0.4825761169195175,0.4768478572368622,0.46680058538913727,0.46452152729034424,0.4653114080429077,0.46114158630371094,0.4678735136985779,0.4573213756084442,0.472324475646019,0.4585735499858856,0.46747225522994995,0.4473150670528412,0.4598803073167801,0.4356698989868164,0.4684095084667206,0.459971159696579,0.47253477573394775,0.4864960014820099
1212609727,qlstm,extrapolation,near_best,2000215,62,5,57,57,4,0.14681470590414347,0.3780920968781556,0.15009453245520277,0.3874203562736511,0.10737936921730111,0.32429744824767115,0.1502739459643928,0.38281092570539105,0.022206738852618032,0.02004177451133728,0.038606978952884674,0.25713854655623436,0.302546426653862,0.27948211412876844,0.27750225365161896,0.32429744824767115,0.3681457042694092,0.28109943568706514,0.3386526107788086,0.2890958935022354,0.36119669675827026,0.3198355667293072,0.38922709226608276,0.31103818118572235,0.38244521617889404,0.30946735143661497,0.31589412689208984,0.35677638947963713,0.3615404963493347,0.3665810823440552,0.4086902141571045,0.3825218915939331,0.41888368129730225,0.4955355107784271,0.4666171377165276,0.02891837306189954,0.49521470069885254,0.4925977289676666,0.48381510376930237,0.4796910285949707,0.4955355107784271,0.46620985865592957,0.49176580309867857,0.48210588097572327,0.47678733468055723,0.4742566645145416,0.46398561596870425,0.45731666684150696,0.47742202281951907,0.4697504937648773,0.4698375701904297,0.4673927128314972,0.47131001353263857,0.4411889612674713,0.46947773098945617,0.46275594830513,0.46229940056800845,0.46767815947532654
1212609727,qlstm,extrapolation,near_best,2000216,62,3,59,59,2,0.2793840042072697,0.5128135340468537,0.33187471840177807,0.5760856866836548,0.13449055895229667,0.3427649823327859,0.2867514675253192,0.5214600705746877,0.0186622627710892,0.017009960145366435,0.05591917037963867,0.2868474256247282,0.46114614233374596,0.2538671623915434,0.4250107668340206,0.3427649823327859,0.4443127512931824,0.3423653331895669,0.4865826368331909,0.3488222447534402,0.5040822625160217,0.3210604079067707,0.4586394429206848,0.3317626006901264,0.48635607957839966,0.4523022348682086,0.5279552340507507,0.4799155282477538,0.5611708760261536,0.5134886701901754,0.5918874740600586,0.5460397104422251,0.5655743479728699,0.4869616627693176,0.4697608745704263,0.017200788198891315,0.47150400280952454,0.47266367077827454,0.4671109914779663,0.45316195487976074,0.4869616627693176,0.442545622587204,0.48667415976524353,0.46468523144721985,0.469464768966039,0.4593086242675781,0.46645646293958026,0.4774749279022217,0.4686959385871887,0.47528937458992004,0.4719354013601939,0.4798809587955475,0.4712616602579753,0.4975496232509613,0.458723783493042,0.4553779661655426,0.4686332643032074,0.46308884024620056
1212609727,qlstm,extrapolation,near_best,2000217,62,1,61,61,0,0.1582499556975105,0.38943514948891056,0.11500899470190817,0.3391297608613968,0.1102004343718479,0.33196450769901276,0.15903765276842302,0.3903772911575974,0.030944467568006673,0.030944467568006673,,,,,,0.33196450769901276,0.33196450769901276,0.29513128101825714,0.29513128101825714,0.32049138844013214,0.32049138844013214,0.33915115892887115,0.33915115892887115,0.3152558356523514,0.3152558356523514,0.2516513019800186,0.2516513019800186,0.2642056494951248,0.2642056494951248,0.27080996334552765,0.27080996334552765,0.29210348427295685,0.29210348427295685,0.5599415898323059,0.4635126678670039,0.096428921965302,,,,,0.5599415898323059,0.5599415898323059,0.5011425018310547,0.5011425018310547,0.4705759286880493,0.4705759286880493,0.4616217613220215,0.4616217613220215,0.4545930325984955,0.4545930325984955,0.4513860046863556,0.4513860046863556,0.47426846623420715,0.47426846623420715,0.4659713804721832,0.4659713804721832,0.4551585614681244,0.4551585614681244
1212609727,qlstm,extrapolation,near_best,2000218,62,3,59,58,3,0.165842615515319,0.38513892119930637,0.18274304650134554,0.42748455703258514,0.10915659592981362,0.2581571862101555,0.16872495549424302,0.39159561958858524,0.03155763601434642,0.031286779642105106,0.03624804814656576,0.3283548913896084,0.15111106634140015,0.2604970907171567,0.15755081176757812,0.2581571862101555,0.26802800595760345,0.30978937198718387,0.290226086974144,0.1482325146595637,0.32851897180080414,0.17950736979643503,0.3592706173658371,0.19589570661385855,0.38399188220500946,0.19501965741316477,0.3455864042043686,0.29112475117047626,0.45423518121242523,0.3858413944641749,0.4450133293867111,0.39653683205445606,0.3897889107465744,0.4982100526491801,0.46510673276448655,0.03310331988469356,0.4987585246562958,0.4699544906616211,0.5024888614813486,0.47654974460601807,0.4982100526491801,0.4686533212661743,0.46818622946739197,0.4611406624317169,0.4837339123090108,0.4766869843006134,0.46553143858909607,0.47100314497947693,0.4752432405948639,0.46894022822380066,0.47617045044898987,0.47786784172058105,0.46649542450904846,0.46087846159935,0.46950504183769226,0.4628879129886627,0.4713448186715444,0.47528815269470215
1212609727,qlstm,extrapolation,near_best,2000219,62,2,60,59,2,0.03263269381482327,0.15174371580923757,0.012238516776822195,0.11062783002853394,0.07571929771406083,0.23421838879585266,0.03119647368484868,0.14899456004301706,0.029112976486400023,0.025850828813046824,0.03708916902542114,0.2975265383720398,0.3227927088737488,0.3591859042644501,0.3346359133720398,0.23421838879585266,0.08978486061096191,0.18953976035118103,0.037285566329956055,0.20042464137077332,0.008952677249908447,0.2062324583530426,0.021806001663208008,0.21052029728889465,0.07257115840911865,0.20086252689361572,0.06708914041519165,0.08426856994628906,0.13125157356262207,0.10620814561843872,0.10614097118377686,0.07941362261772156,0.08271753787994385,0.4849800020456314,0.46645620415608086,0.018523797889550553,0.48419395089149475,0.47980985045433044,0.48125214874744415,0.48031115531921387,0.4849800020456314,0.4845200777053833,0.4553120285272598,0.45646488666534424,0.47253096103668213,0.47546863555908203,0.49044258892536163,0.49500715732574463,0.47936803102493286,0.48028764128685,0.4665166586637497,0.4527221620082855,0.45125843584537506,0.4460519850254059,0.4523036479949951,0.450319766998291,0.4603865146636963,0.48645880818367004
1212609727,qlstm,extrapolation,near_best,2000220,62,1,61,61,0,0.20276806685635165,0.4398872597563651,0.19262053009912372,0.43888555467128754,0.10123290502305182,0.3181711882352829,0.2044325777060779,0.441882605191137,0.0358593219616374,0.0358593219616374,,,,,,0.3181711882352829,0.3181711882352829,0.35380564630031586,0.35380564630031586,0.41711239516735077,0.41711239516735077,0.3561815470457077,0.3561815470457077,0.35530464351177216,0.35530464351177216,0.3336562365293503,0.3336562365293503,0.31205223500728607,0.31205223500728607,0.3797603100538254,0.3797603100538254,0.3561113327741623,0.3561113327741623,0.5788125991821289,0.4763816043001706,0.10243099488195828,,,,,0.5788125991821289,0.5788125991821289,0.5247002840042114,0.5247002840042114,0.49000704288482666,0.49000704288482666,0.4725230634212494,0.4725230634212494,0.49399247765541077,0.49399247765541077,0.4634105861186981,0.4634105861186981,0.4545992910861969,0.4545992910861969,0.4935358464717865,0.4935358464717865,0.4747934639453888,0.4747934639453888
1212609727,qlstm,extrapolation,near_best,2000221,62,2,60,60,1,0.17078560385541283,0.4077303279792109,0.14172079715365626,0.37645822763442993,0.07659789262858974,0.27564360201358795,0.17392519422964028,0.41213321884473164,0.01874124805132548,0.018367065672288862,0.03925049304962158,0.19787433743476868,0.19787433743476868,0.22252681851387024,0.22252681851387024,0.27564360201358795,0.30051320791244507,0.2837541848421097,0.3557053804397583,0.2783593684434891,0.3588443994522095,0.27958907186985016,0.3366513252258301,0.32599443197250366,0.35147565603256226,0.3423592448234558,0.32587409019470215,0.379855751991272,0.4082358479499817,0.3816773295402527,0.3551188111305237,0.3684725761413574,0.38182634115219116,0.5148594677448273,0.4589843193689982,0.055875148375829076,0.5139977335929871,0.5139977335929871,0.49088168144226074,0.49088168144226074,0.5148594677448273,0.4711381196975708,0.48802734911441803,0.4508022964000702,0.48104776442050934,0.4480977952480316,0.4790545701980591,0.4672274589538574,0.46729807555675507,0.46345803141593933,0.4643685072660446,0.4806392192840576,0.4515542685985565,0.4396505057811737,0.4550422430038452,0.4704339802265167,0.4739571213722229,0.4774802625179291
1212609727,qlstm,extrapolation,near_best,2000222,62,0,62,61,0,0.22713985535398973,0.4746559819867534,0.2591731504173902,0.5090905129909515,,,0.22713985535398973,0.4746559819867534,0.01728594645124967,0.01728594645124967,,,,,,,,,,,,,,,,,,,,,,,,,0.4696123499062754,,,,,,,,,,,,,,,,,,,,,,,
1212609727,qlstm,extrapolation,near_best,2000223,62,1,61,61,0,0.1455033012315092,0.3770729548508121,0.184636329101471,0.4296932965517044,0.07369840172333775,0.2714744955301285,0.1466804307316432,0.3788040771347577,0.045036021803246166,0.045036021803246166,,,,,,0.2714744955301285,0.2714744955301285,0.3280625492334366,0.3280625492334366,0.3598947674036026,0.3598947674036026,0.41951145231723785,0.41951145231723785,0.42428816854953766,0.42428816854953766,0.3496004492044449,0.3496004492044449,0.3822052627801895,0.3822052627801895,0.30735059082508087,0.30735059082508087,0.37812598049640656,0.37812598049640656,0.5499587655067444,0.4703995189705833,0.07955924653616109,,,,,0.5499587655067444,0.5499587655067444,0.5018839240074158,0.5018839240074158,0.48579561710357666,0.48579561710357666,0.47839486598968506,0.47839486598968506,0.4610517919063568,0.4610517919063568,0.46307358145713806,0.46307358145713806,0.45262908935546875,0.45262908935546875,0.495343416929245,0.495343416929245,0.4645138680934906,0.4645138680934906
1212609727,qlstm,extrapolation,near_best,2000224,62,1,61,60,1,0.09189244150047372,0.29640219096214543,0.13072730520520182,0.3615623116493225,0.07204317468350396,0.2684085965156555,0.09221783931714536,0.2968611023465141,0.03641597926616669,0.03601155240656966,0.046379685401916504,0.19914555549621582,0.19914555549621582,0.13886839151382446,0.13886839151382446,0.2684085965156555,0.2684085965156555,0.30987441539764404,0.30987441539764404,0.35664331912994385,0.35664331912994385,0.312991201877594,0.312991201877594,0.22948700189590454,0.22948700189590454,0.18556684255599976,0.18556684255599976,0.18014073371887207,0.18014073371887207,0.2826452851295471,0.2826452851295471,0.3466850519180298,0.3466850519180298,0.49101579189300537,0.47771356193745723,0.01330222995554814,0.5769912600517273,0.5769912600517273,0.5192422866821289,0.5192422866821289,0.49101579189300537,0.49101579189300537,0.49393391609191895,0.49393391609191895,0.46487656235694885,0.46487656235694885,0.4780648648738861,0.4780648648738861,0.4740225076675415,0.4740225076675415,0.46860918402671814,0.46860918402671814,0.4859793186187744,0.4859793186187744,0.5011679530143738,0.5011679530143738,0.4557593762874603,0.4557593762874603
1212609727,qlstm,extrapolation,near_best,2000225,62,2,60,59,2,0.024726741758075335,0.1332920283199318,0.03384942558164994,0.18398213386535645,0.10735161130251292,0.28416083566844463,0.021972579439927416,0.12826306807498136,0.027542457742206122,0.026719182187860662,0.022692501544952393,0.24979071132838726,0.4721331261098385,0.23295019380748272,0.43325093016028404,0.28416083566844463,0.1210528016090393,0.28461326472461224,0.09709340333938599,0.23505179397761822,0.03685265779495239,0.09799355268478394,0.07493430376052856,0.08030739426612854,0.0635213851928711,0.10373836755752563,0.1325424313545227,0.12113744020462036,0.1444089412689209,0.1678752452135086,0.17597690224647522,0.15004116296768188,0.13234752416610718,0.46875597536563873,0.47841289391120273,-0.009656918545563997,0.5070005804300308,0.49264171719551086,0.48638278245925903,0.4767666757106781,0.46875597536563873,0.4581226110458374,0.4877849221229553,0.4829281270503998,0.4688066095113754,0.46084654331207275,0.4618454575538635,0.46556830406188965,0.4867761582136154,0.49062418937683105,0.46414434909820557,0.4627203941345215,0.4673977494239807,0.4721187651157379,0.477066770195961,0.480123907327652,0.4889558255672455,0.4885697662830353
1212609727,qlstm,extrapolation,near_best,2000226,62,2,60,59,2,0.04519647063633202,0.19490513782347402,0.04328031878401717,0.20803922414779663,0.09655856945962649,0.2690334767103195,0.04348440067555554,0.1924341931939125,0.025254173804137667,0.02225088631665265,0.02960336208343506,0.3724317103624344,0.4245312511920929,0.31232161819934845,0.3393295109272003,0.2690334767103195,0.11353570222854614,0.2402978092432022,0.1412661075592041,0.14495417475700378,0.17637264728546143,0.17560657858848572,0.20994704961776733,0.20164582133293152,0.2269189953804016,0.23298415541648865,0.23904931545257568,0.24523738026618958,0.25142544507980347,0.23014748096466064,0.21744614839553833,0.21004652976989746,0.21582841873168945,0.4890420138835907,0.47491507828235624,0.014126935601234458,0.4989100843667984,0.4922334849834442,0.4756162464618683,0.47972485423088074,0.4890420138835907,0.4858505427837372,0.47236961126327515,0.46501436829566956,0.47475312650203705,0.4636557102203369,0.46587494015693665,0.46673551201820374,0.46395450830459595,0.464253306388855,0.46948832273483276,0.47472333908081055,0.4682217687368393,0.46172019839286804,0.4681956619024277,0.46514639258384705,0.47554005682468414,0.4790014326572418
1212609727,qlstm,extrapolation,near_best,2000227,62,2,60,60,1,0.058745779297915204,0.2316792568101758,0.046922454760590426,0.21661591529846191,0.10804328251674204,0.29247934045270085,0.05710252919062097,0.22965258735542496,0.018076620499293008,0.017733056997430736,0.02469390630722046,0.41165942791849375,0.41165942791849375,0.43692237976938486,0.43692237976938486,0.29247934045270085,0.14248228073120117,0.28967974008992314,0.16770005226135254,0.3062942367978394,0.17566609382629395,0.16655641794204712,0.19063055515289307,0.19383783638477325,0.21997562050819397,0.21257445216178894,0.23451834917068481,0.23233386874198914,0.22368234395980835,0.24226263165473938,0.2404559850692749,0.24783052504062653,0.26033005118370056,0.5212530940771103,0.46834377547105155,0.05290931860605874,0.5127506852149963,0.5127506852149963,0.47402989864349365,0.47402989864349365,0.5212530940771103,0.4809763729572296,0.49670298397541046,0.4806552827358246,0.4689911752939224,0.4639524519443512,0.4867791533470154,0.49258193373680115,0.4815977215766907,0.48254016041755676,0.47716161608695984,0.46174129843711853,0.4837210476398468,0.48936906456947327,0.46289753913879395,0.4587796628475189,0.46833527088165283,0.47091245651245117
1212609727,qlstm,extrapolation,near_best,2000228,62,2,60,60,1,0.23642526752389229,0.47578762099146843,0.2254479574653972,0.4748136028647423,0.12587925508892164,0.30421125516295433,0.24011013460505795,0.4815068331857522,0.02439147432645162,0.024048657252870757,0.05081343650817871,0.08103129267692566,0.08103129267692566,0.10909578204154968,0.10909578204154968,0.30421125516295433,0.48678936809301376,0.26865920051932335,0.45628710836172104,0.28412896022200584,0.459162138402462,0.46982457488775253,0.4528597816824913,0.4572763070464134,0.4582655057311058,0.46400781720876694,0.47515585273504257,0.5120603367686272,0.588605485856533,0.6055631563067436,0.6012614592909813,0.540648840367794,0.5056610926985741,0.523178368806839,0.4765186940630277,0.046659674743811275,0.5210832953453064,0.5210832953453064,0.5161474347114563,0.5161474347114563,0.523178368806839,0.49519407749176025,0.5040837973356247,0.487084299325943,0.49871285259723663,0.48127827048301697,0.4883248209953308,0.48145556449890137,0.4796103835105896,0.4721364676952362,0.46566241979599,0.4498692750930786,0.473498597741127,0.46809783577919006,0.48158542811870575,0.48373734951019287,0.4853001534938812,0.4776438772678375
1212609727,qlstm,extrapolation,near_best,2000229,62,4,58,57,4,0.23471159780773074,0.4648804275258895,0.2858570257356554,0.5346559882164001,0.08463771040637913,0.2683403119444847,0.24506152107678947,0.47843491825564155,0.026516014023831014,0.026859393119812013,0.05195589363574982,0.26599280039469403,0.32021164894104004,0.1861116960644722,0.11289647221565247,0.2683403119444847,0.39037126302719116,0.3135680854320526,0.355130672454834,0.31563936173915863,0.40547001361846924,0.2832610234618187,0.46679937839508057,0.3787200301885605,0.5265557765960693,0.4674399644136429,0.5513393878936768,0.48906347155570984,0.5457744002342224,0.5333216637372971,0.5979514122009277,0.5476054251194,0.5257286429405212,0.48028814792633057,0.4767699698949682,0.00351817803136234,0.4708484709262848,0.4557007849216461,0.4899805560708046,0.46651390194892883,0.48028814792633057,0.4787008762359619,0.48509974032640457,0.4805840253829956,0.4748111069202423,0.4877518117427826,0.4785202443599701,0.48367491364479065,0.48153508454561234,0.4847685396671295,0.47662749886512756,0.4768253266811371,0.48077359050512314,0.4984600841999054,0.48403336107730865,0.47777435183525085,0.4850584790110588,0.48380956053733826
1212609727,qlstm,extrapolation,near_best,2000230,62,4,58,57,4,0.2442723184391126,0.4831449214008547,0.3595128361553679,0.5995938926935196,0.14207113994900916,0.3716237060725689,0.2513206755763611,0.49083603969935713,0.0330495510184974,0.03297220543026924,0.06525327265262604,0.29653145869572956,0.3242008090019226,0.35811030864715576,0.4100043773651123,0.3716237060725689,0.4553641825914383,0.3358001299202442,0.4271983653306961,0.34784117713570595,0.438916876912117,0.3671394921839237,0.4604368954896927,0.37217366322875023,0.42643870413303375,0.3453706242144108,0.3894058018922806,0.3713774010539055,0.4514729529619217,0.44233642518520355,0.48809714615345,0.46547843515872955,0.6131228357553482,0.4802847281098366,0.478879238510954,0.0014054895988825922,0.4984342356522878,0.45972537994384766,0.5027324110269547,0.48372188210487366,0.4802847281098366,0.47741255164146423,0.4769208952784538,0.47775840759277344,0.4774928316473961,0.48408421874046326,0.4734693840146065,0.4764190912246704,0.46801602095365524,0.48788395524024963,0.4751911535859108,0.4743407666683197,0.4683588966727257,0.4690992832183838,0.4809534251689911,0.5040954351425171,0.483648918569088,0.48551952838897705
1212609727,qlstm,extrapolation,near_best,2000231,62,2,60,60,1,0.1425910732173048,0.369244864871425,0.0580481078418984,0.24093174934387207,0.047719273548839425,0.2125251293182373,0.14575346653958698,0.3744688560565313,0.019467039903004964,0.01862020764434547,0.050413668155670166,0.12041032314300537,0.12041032314300537,0.14159083366394043,0.14159083366394043,0.2125251293182373,0.2630458474159241,0.24393808841705322,0.3039237856864929,0.22476720809936523,0.3291240930557251,0.230645090341568,0.31969934701919556,0.2873999774456024,0.31175410747528076,0.3501664996147156,0.37120890617370605,0.3343302011489868,0.35690629482269287,0.361579567193985,0.3662528395652771,0.36520278453826904,0.364152729511261,0.5095814764499664,0.47502085715532305,0.03456061929464338,0.46720004081726074,0.46720004081726074,0.4772416055202484,0.4772416055202484,0.5095814764499664,0.4638112783432007,0.49111752212047577,0.48151734471321106,0.47008807957172394,0.47297611832618713,0.47563236951828003,0.47402313351631165,0.46760226786136627,0.47139325737953186,0.4805332124233246,0.48809030652046204,0.46955230832099915,0.46771135926246643,0.4755910187959671,0.4834706783294678,0.48065614700317383,0.4778416156768799
1212609727,qlstm,extrapolation,near_best,2000232,62,3,59,58,3,0.23294223248901674,0.47554363730934357,0.35702035782416314,0.5975118055939674,0.10761704497301659,0.31239115446805954,0.23931469965084726,0.483839526267375,0.025247150454027898,0.025247150454027898,0.04834949970245361,0.22183620929718018,0.25179511308670044,0.22516814867655435,0.23183202743530273,0.31239115446805954,0.45354632288217545,0.38933007419109344,0.48261187225580215,0.46811753263076145,0.4681944027543068,0.46647123247385025,0.4486074224114418,0.4578172142306964,0.4566498175263405,0.46710806836684543,0.4949633255600929,0.5138389244675636,0.5328008905053139,0.4762100353837013,0.44766250997781754,0.5088765596350034,0.5281546488404274,0.49422680338223773,0.4775231793775397,0.016703624004698048,0.5329685807228088,0.5086982250213623,0.5199967126051585,0.4940529763698578,0.49422680338223773,0.47992920875549316,0.4843941032886505,0.4792001247406006,0.47943174839019775,0.4791659116744995,0.484264999628067,0.49442896246910095,0.4773186246554057,0.4583609998226166,0.4753094216187795,0.49080660939216614,0.4848812023798625,0.4824025332927704,0.4703692893187205,0.4750814735889435,0.4795212646325429,0.4881899058818817
1212609727,qlstm,extrapolation,near_best,2000233,62,2,60,59,2,0.25387347042450314,0.4837698893200967,0.3212174421476597,0.5667604804039001,0.15651607937447842,0.3688229024410248,0.2571187167928373,0.48760145554939904,0.021420804120726503,0.021036720524231594,0.05583122372627258,0.27393221855163574,0.16923826932907104,0.25655320286750793,0.14765256643295288,0.3688229024410248,0.5119513273239136,0.34659022092819214,0.46593141555786133,0.3457212746143341,0.4874780774116516,0.33260613679885864,0.4720533490180969,0.34527868032455444,0.5010690689086914,0.3664332926273346,0.5545244812965393,0.36487385630607605,0.5820951461791992,0.5227701961994171,0.5734870433807373,0.5934786200523376,0.6085225939750671,0.44744956493377686,0.4767890080809593,-0.029339443147182453,0.45968908071517944,0.4524071216583252,0.45512424409389496,0.4501560628414154,0.44744956493377686,0.43565645813941956,0.47860753536224365,0.4706200659275055,0.45853108167648315,0.45925894379615784,0.477043554186821,0.49029669165611267,0.4644211679697037,0.4603646993637085,0.47872427105903625,0.4844030439853668,0.4653472900390625,0.4805385172367096,0.4733656346797943,0.45643457770347595,0.47719259560108185,0.4755355417728424
1212609727,qlstm,extrapolation,near_best,2000234,62,4,58,58,3,0.20779007073351766,0.4420720867572292,0.13803409532343736,0.37152940034866333,0.10028939612720533,0.2940824329853058,0.21520391036153919,0.45227826977598257,0.022885076958557654,0.02205597847066027,0.050743699073791504,0.20420684417088827,0.18685194849967957,0.2342540224393209,0.2137657105922699,0.2940824329853058,0.40654122829437256,0.27350547909736633,0.41569429636001587,0.32199469953775406,0.46289342641830444,0.3137698099017143,0.4921855926513672,0.3138018026947975,0.5154215097427368,0.3905586004257202,0.5515603423118591,0.38073915243148804,0.5072944164276123,0.41453684121370316,0.40829581022262573,0.45505182445049286,0.4217575192451477,0.49918123334646225,0.4621886929561352,0.03699254039032707,0.4758348266283671,0.4674490690231323,0.46742357810338336,0.4712550938129425,0.49918123334646225,0.4690209925174713,0.4725315570831299,0.47144898772239685,0.4740227460861206,0.46826043725013733,0.473272480070591,0.45894789695739746,0.4632037952542305,0.4532501697540283,0.46358228474855423,0.436918169260025,0.46395617723464966,0.4691190719604492,0.45996925234794617,0.4729038178920746,0.4723999723792076,0.4818953573703766
1212609727,qlstm,extrapolation,near_best,2000235,62,1,61,60,1,0.1977082071969185,0.4053575111733329,0.3279957029228769,0.5727090910077095,0.11701330592843556,0.3420720770955086,0.19903107443082804,0.40639497730575624,0.0316043625275294,0.03103921055793762,0.04423588514328003,0.012863397598266602,0.012863397598266602,0.054180145263671875,0.054180145263671875,0.3420720770955086,0.3420720770955086,0.34871114045381546,0.34871114045381546,0.40180516988039017,0.40180516988039017,0.4401072934269905,0.4401072934269905,0.4450874999165535,0.4450874999165535,0.48821914941072464,0.48821914941072464,0.4452369883656502,0.4452369883656502,0.46165359765291214,0.46165359765291214,0.5460697486996651,0.5460697486996651,0.4823451042175293,0.4751727991416806,0.007172305075848706,0.4693671762943268,0.4693671762943268,0.47990331053733826,0.47990331053733826,0.4823451042175293,0.4823451042175293,0.47442832589149475,0.47442832589149475,0.4684981405735016,0.4684981405735016,0.4693230092525482,0.4693230092525482,0.4689178764820099,0.4689178764820099,0.46541664004325867,0.46541664004325867,0.46078789234161377,0.46078789234161377,0.4706546366214752,0.4706546366214752,0.4619307219982147,0.4619307219982147
1212609727,qlstm,extrapolation,near_best,2000236,62,3,59,58,3,0.18381936559931938,0.4189526638196361,0.25017580499397596,0.5001757740974426,0.08260533402549562,0.27393438667058945,0.18896584178103923,0.42632647452212996,0.0314199462019164,0.03342278177539507,0.020329991976420086,0.2889356041948001,0.1656460165977478,0.2929219827055931,0.17014080286026,0.27393438667058945,0.2775498628616333,0.2681744123498599,0.2856709361076355,0.3086930140852928,0.30538254976272583,0.340640626847744,0.37901049852371216,0.34494340668121976,0.37009119987487793,0.3269917964935303,0.4452381730079651,0.4082922736803691,0.5020887851715088,0.4547778367996216,0.4976314902305603,0.4864746729532878,0.5370879173278809,0.4694119989871979,0.4762921323210506,-0.006880133333852734,0.47400976220766705,0.4725470244884491,0.46480541427930194,0.4762873947620392,0.4694119989871979,0.46326422691345215,0.4748995502789815,0.4713142216205597,0.47175896167755127,0.49238982796669006,0.47278762857119244,0.46455636620521545,0.47706746061642963,0.47299131751060486,0.4731074273586273,0.473783940076828,0.4653630554676056,0.4590409994125366,0.4784185290336609,0.484323114156723,0.4717698295911153,0.47303542494773865
1212609727,qlstm,extrapolation,near_best,2000237,62,1,61,60,1,0.07687648791294537,0.2605884363574366,0.0976566970353474,0.3125007152557373,0.005312132967137728,0.07288438081741333,0.07804967405959794,0.2636655520220272,0.03953250050544739,0.03790735636117323,0.0188601016998291,0.3600110411643982,0.3600110411643982,0.3859606981277466,0.3859606981277466,0.07288438081741333,0.07288438081741333,0.058530449867248535,0.058530449867248535,0.045252323150634766,0.045252323150634766,0.0760309100151062,0.0760309100151062,0.08691149950027466,0.08691149950027466,0.22426068782806396,0.22426068782806396,0.22474563121795654,0.22474563121795654,0.3838779330253601,0.3838779330253601,0.2536354064941406,0.2536354064941406,0.4755706489086151,0.4796284637490257,-0.004057814840410567,0.46162107586860657,0.46162107586860657,0.4704452455043793,0.4704452455043793,0.4755706489086151,0.4755706489086151,0.47713732719421387,0.47713732719421387,0.47690972685813904,0.47690972685813904,0.47911688685417175,0.47911688685417175,0.49732255935668945,0.49732255935668945,0.47753095626831055,0.47753095626831055,0.48645034432411194,0.48645034432411194,0.4829747676849365,0.4829747676849365,0.4787660539150238,0.4787660539150238
1212609727,qlstm,extrapolation,near_best,2000238,62,1,61,61,0,0.12884102554592042,0.35583014353629083,0.15258453788214865,0.39062070846557617,0.07431836171253181,0.2726139426231384,0.12973483970712352,0.3571943435512605,0.019943182585669347,0.019943182585669347,,,,,,0.2726139426231384,0.2726139426231384,0.29173368215560913,0.29173368215560913,0.31694912910461426,0.31694912910461426,0.2820795774459839,0.2820795774459839,0.2749914526939392,0.2749914526939392,0.30702638626098633,0.30702638626098633,0.2748011350631714,0.2748011350631714,0.36094290018081665,0.36094290018081665,0.331912636756897,0.331912636756897,0.5542775988578796,0.4734256067236916,0.08085199213418803,,,,,0.5542775988578796,0.5542775988578796,0.5111223459243774,0.5111223459243774,0.496572881937027,0.496572881937027,0.47700047492980957,0.47700047492980957,0.4877711534500122,0.4877711534500122,0.4751272201538086,0.4751272201538086,0.48113951086997986,0.48113951086997986,0.4794122874736786,0.4794122874736786,0.4564760625362396,0.4564760625362396
1212609727,qlstm,extrapolation,near_best,2000239,62,1,61,60,1,0.23731060804008028,0.4604445623173829,0.30333950340367277,0.5507626561447978,0.15754659702338136,0.3969213990494609,0.23861821477805897,0.4614859256496439,0.027735627690951028,0.029213606142530255,0.005785524845123291,0.16711729764938354,0.16711729764938354,0.14459604024887085,0.14459604024887085,0.3969213990494609,0.3969213990494609,0.4142373828217387,0.4142373828217387,0.4244806198403239,0.4244806198403239,0.47190654557198286,0.47190654557198286,0.5423277644440532,0.5423277644440532,0.44404351990669966,0.44404351990669966,0.4463719157502055,0.4463719157502055,0.47618168871849775,0.47618168871849775,0.5863366154953837,0.5863366154953837,0.4728856086730957,0.47727295316633633,-0.00438734449324063,0.48236051201820374,0.48236051201820374,0.48492804169654846,0.48492804169654846,0.4728856086730957,0.4728856086730957,0.47391271591186523,0.47391271591186523,0.46671247482299805,0.46671247482299805,0.4502551257610321,0.4502551257610321,0.46862176060676575,0.46862176060676575,0.48130711913108826,0.48130711913108826,0.4826391935348511,0.4826391935348511,0.4783151149749756,0.4783151149749756,0.46366068720817566,0.46366068720817566
1212609727,qlstm,extrapolation,near_best,2000240,62,0,62,61,0,0.014008935648720959,0.11041133874847044,0.014550165153423222,0.12062406539916992,,,0.014008935648720959,0.11041133874847044,0.022214760545824396,0.022214760545824396,,,,,,,,,,,,,,,,,,,,,,,,,0.474582425528957,,,,,,,,,,,,,,,,,,,,,,,
1212609727,qlstm,extrapolation,near_best,2000241,62,3,59,59,2,0.23688137385110314,0.47792688108259634,0.22597437116111296,0.47536761686205864,0.0972199138775693,0.3042925335466862,0.24398280401924893,0.4867557462115409,0.031690237885814605,0.03241243579170921,0.029163599014282227,0.26338978111743927,0.330344021320343,0.24668113887310028,0.3153444528579712,0.3042925335466862,0.3885738365352154,0.307148490101099,0.3946659080684185,0.3005637663106124,0.4083290211856365,0.367737777531147,0.4123447649180889,0.40142425646384555,0.4792628400027752,0.43289829418063164,0.4977762810885906,0.48298437520861626,0.5186661593616009,0.5146793040136496,0.5375507585704327,0.5432371807595094,0.5693267695605755,0.49669744571050006,0.4766663176528478,0.02003112805765228,0.5009260028600693,0.46990832686424255,0.48205961287021637,0.4726921319961548,0.49669744571050006,0.4600279629230499,0.4917946259180705,0.4735318720340729,0.4796662429968516,0.47487950325012207,0.4690554638703664,0.48209086060523987,0.4788815975189209,0.49320459365844727,0.46953048308690387,0.4664726257324219,0.4763440191745758,0.4815536439418793,0.46071187655131024,0.46240636706352234,0.4737602372964223,0.4739879369735718
1212609727,qlstm,extrapolation,near_best,2000242,62,1,61,60,1,0.05499929945687069,0.21312458278431046,0.024906113351708115,0.15781670808792114,0.000427231516951565,0.02066957950592041,0.055893923521459526,0.21627958283805457,0.02452911635239919,0.02141681542763343,-0.0022246241569519043,0.4492112658917904,0.4492112658917904,0.5170239470899105,0.5170239470899105,0.02066957950592041,0.02066957950592041,0.0407487154006958,0.0407487154006958,0.04120039939880371,0.04120039939880371,0.10756510496139526,0.10756510496139526,0.05107879638671875,0.05107879638671875,0.1143234372138977,0.1143234372138977,0.13772881031036377,0.13772881031036377,0.21304908394813538,0.21304908394813538,0.16976892948150635,0.16976892948150635,0.46983790397644043,0.47071466143014,-0.0008767574536995837,0.49102187156677246,0.49102187156677246,0.46597257256507874,0.46597257256507874,0.46983790397644043,0.46983790397644043,0.4736924171447754,0.4736924171447754,0.49643412232398987,0.49643412232398987,0.4824564456939697,0.4824564456939697,0.464827299118042,0.464827299118042,0.4857720136642456,0.4857720136642456,0.4788997173309326,0.4788997173309326,0.46962571144104004,0.46962571144104004,0.47587570548057556,0.47587570548057556
1212609727,qlstm,extrapolation,near_best,2000243,62,2,60,60,1,0.07918616186874503,0.2755478120619251,0.08055347283431047,0.28381943702697754,0.05258873911946127,0.205228790640831,0.08007274262705448,0.2778917794426282,0.02390961746374766,0.023534539800423842,0.017831623554229736,0.3892815411090851,0.3892815411090851,0.42073163390159607,0.42073163390159607,0.205228790640831,0.10290634632110596,0.2290874570608139,0.16804105043411255,0.2873973995447159,0.215609610080719,0.302978053689003,0.24839657545089722,0.31767307221889496,0.2703409790992737,0.33910925686359406,0.3069223165512085,0.36972740292549133,0.3187231719493866,0.2885555326938629,0.3287144899368286,0.28364820778369904,0.25844138860702515,0.5112131088972092,0.47343613555034003,0.037776973346869136,0.45842185616493225,0.45842185616493225,0.4716494083404541,0.4716494083404541,0.5112131088972092,0.4585907757282257,0.5045674592256546,0.4742957055568695,0.48665353655815125,0.4674133062362671,0.48800650238990784,0.47677096724510193,0.47594721615314484,0.4790302813053131,0.465350404381752,0.47282925248146057,0.4620034843683243,0.45235756039619446,0.4748788923025131,0.4729868173599243,0.4560451805591583,0.46503421664237976
1212609727,qlstm,extrapolation,near_best,2000244,62,3,59,58,3,0.22643810693029978,0.4655159519564721,0.19839655774605092,0.44541728496551514,0.12910827215977516,0.35055920481681824,0.2313870815796485,0.471361210285607,0.020428262907883216,0.020240374185420847,0.06485140323638916,0.2910742610692978,0.1935833990573883,0.2129899263381958,0.17711421847343445,0.35055920481681824,0.422338604927063,0.34992467363675434,0.4531782269477844,0.29754334688186646,0.4582727551460266,0.2964533567428589,0.4760158061981201,0.37176186839739483,0.49936360120773315,0.46481358011563617,0.513829380273819,0.4984730084737142,0.5377826690673828,0.5320848127206167,0.5446423888206482,0.5457076629002889,0.5483177900314331,0.4710506995519002,0.4735090833599285,-0.002458383808028264,0.49453891813755035,0.4826517403125763,0.5067504247029623,0.4664231836795807,0.4710506995519002,0.4444113075733185,0.47797168294588727,0.46986767649650574,0.47429558634757996,0.4779203236103058,0.4631668229897817,0.45061978697776794,0.4654998580614726,0.46943652629852295,0.4625449279944102,0.4653031527996063,0.4695920944213867,0.4614194333553314,0.4718342324097951,0.48878011107444763,0.47695255279541016,0.4638340473175049
1212609727,qlstm,extrapolation,near_best,2000245,62,3,59,59,2,0.18177363344602665,0.4138076764441306,0.16902930119366216,0.41113173216581345,0.09919109350318717,0.31213758637507755,0.18597274564650995,0.41897734204086207,0.03126720957836862,0.03393464519622478,0.018551796674728394,0.3162941709160805,0.2853180170059204,0.29738570004701614,0.27268338203430176,0.31213758637507755,0.33704905956983566,0.3067140405376752,0.3573184534907341,0.30933259179194766,0.42016874998807907,0.28931321452061337,0.43359266966581345,0.27368765821059543,0.39538436383008957,0.2925921455025673,0.4763482138514519,0.3321526423096657,0.5046524330973625,0.3692549616098404,0.46512841433286667,0.445334089299043,0.5188676044344902,0.5147014856338501,0.46573916986837227,0.048962315765477826,0.4990174472332001,0.48465096950531006,0.4836251586675644,0.4662032425403595,0.5147014856338501,0.4721458852291107,0.47725021839141846,0.4559324085712433,0.4734039107958476,0.4416409730911255,0.48687251408894855,0.47383368015289307,0.4722420970598857,0.467276006937027,0.46913155913352966,0.4495261013507843,0.47489507993062335,0.4560997486114502,0.4671870271364848,0.460977703332901,0.45873748262723285,0.46722960472106934
1212609727,qlstm,extrapolation,near_best,2000246,62,2,60,59,2,0.04127533050356739,0.1445705768682303,0.004685611107916543,0.06845152378082275,0.09633432094924288,0.26780301332473755,0.03944003082204487,0.1404628289863467,0.03748929399555012,0.037580439200003944,0.07451078295707703,0.32295745611190796,0.32295745611190796,0.3539681378751993,0.3113022446632385,0.26780301332473755,0.11090856790542603,0.26416122913360596,0.15628546476364136,0.2360386848449707,0.05616199970245361,0.2725258767604828,0.0889279842376709,0.2567765414714813,0.016947925090789795,0.26826179027557373,0.07098281383514404,0.2196160852909088,0.058030664920806885,0.06422191858291626,0.017535269260406494,0.02266979217529297,0.028391659259796143,0.5161549150943756,0.47510079443454745,0.041054120659828164,0.4826138913631439,0.4826138913631439,0.5201292783021927,0.4839385449886322,0.5161549150943756,0.501171350479126,0.493830144405365,0.49301621317863464,0.49313056468963623,0.4811258316040039,0.47810623049736023,0.4840101897716522,0.46698565781116486,0.47713208198547363,0.4726402163505554,0.46610382199287415,0.46836912631988525,0.4736458361148834,0.4860899895429611,0.47100862860679626,0.4712739437818527,0.4654158055782318
1212609727,qlstm,extrapolation,near_best,2000247,62,2,60,60,1,0.23810270513772774,0.48551089725186747,0.28595770554866196,0.5347501337528229,0.11075172637655983,0.33236418664455414,0.24234773776310004,0.4906157876054446,0.01998231460650762,0.01998231460650762,0.06357204914093018,,,0.31545934081077576,0.31545934081077576,0.33236418664455414,0.3492690324783325,0.3740983307361603,0.39892762899398804,0.411533921957016,0.42414021492004395,0.4411216974258423,0.4581031799316406,0.4608723223209381,0.4636414647102356,0.48801544308662415,0.49975311756134033,0.47651219367980957,0.4846577048301697,0.5322566032409668,0.5290036201477051,0.5439079403877258,0.5479830503463745,0.53702512383461,0.46413321743408836,0.07289190640052162,,,0.5640106797218323,0.5640106797218323,0.53702512383461,0.5100395679473877,0.49579648673534393,0.48155340552330017,0.47751790285110474,0.4734824001789093,0.46860821545124054,0.4637340307235718,0.4553964138031006,0.4470587968826294,0.4760255068540573,0.47446656227111816,0.45702409744262695,0.45895299315452576,0.4544808268547058,0.47138795256614685,0.46235838532447815,0.47707399725914
1212609727,qlstm,extrapolation,near_best,2000248,62,3,59,59,2,0.07094835727507248,0.26053393848480716,0.08602483920418535,0.29329991340637207,0.045188188708312614,0.19168761869271597,0.07225819635473824,0.2640345988132186,0.020190039933738062,0.018385638083730425,0.02408847212791443,0.343362495303154,0.343362495303154,0.2832719013094902,0.40105073153972626,0.19168761869271597,0.09455126523971558,0.2836136321226756,0.1546676754951477,0.3091355860233307,0.2028895616531372,0.32461018363634747,0.2294173240661621,0.2402442047993342,0.2251306176185608,0.18056766192118326,0.1841457486152649,0.21392552057902017,0.18722862005233765,0.1949042280515035,0.2374247908592224,0.22643188635508218,0.18148964643478394,0.5124276479085287,0.47366887432033733,0.03875877358819135,0.4907495081424713,0.4907495081424713,0.5218485444784164,0.4850192368030548,0.5124276479085287,0.478780597448349,0.4969998796780904,0.4822840988636017,0.4883166750272115,0.4653094708919525,0.48849979043006897,0.4897306263446808,0.48236188292503357,0.4832858145236969,0.47436317801475525,0.47549596428871155,0.47982202967007953,0.46644964814186096,0.47021262844403583,0.4745109975337982,0.47600380579630536,0.4745190143585205
1212609727,qlstm,extrapolation,near_best,2000249,62,2,60,59,2,0.09417230497541233,0.2948121500592078,0.11524153946498306,0.3394724428653717,0.059085159718103686,0.2221926599740982,0.09534187648398929,0.29723279972871147,0.029025887028645662,0.026445259831168435,0.056575387716293335,0.20586584508419037,0.25458216667175293,0.2701166123151779,0.33970385789871216,0.2221926599740982,0.1236250102519989,0.20413391292095184,0.15368565917015076,0.28245262801647186,0.22520139813423157,0.2114790380001068,0.2993330657482147,0.21104592084884644,0.2684061825275421,0.2448546588420868,0.19037625193595886,0.22322949767112732,0.2702071964740753,0.19261318445205688,0.1919938027858734,0.29033368825912476,0.3304099142551422,0.4759882688522339,0.483289597928524,-0.007301329076290108,0.5087112635374069,0.49184349179267883,0.49582600593566895,0.4830808639526367,0.4759882688522339,0.4839582145214081,0.48432818055152893,0.47681286931037903,0.48501192033290863,0.48694297671318054,0.48282472789287567,0.48169124126434326,0.47894032299518585,0.4810677766799927,0.4752405881881714,0.4687899351119995,0.48852206766605377,0.48960185050964355,0.4694177508354187,0.4465305805206299,0.48268455266952515,0.49491822719573975
