timestamp_utc,shortwave_radiation,direct_radiation,diffuse_radiation,cloud_cover,temperature_2m,relative_humidity_2m,wind_speed_10m,precipitation
2024-01-01T06:00:00Z,0,0,0,96,-5.8,69,6.9,0
2024-01-01T07:00:00Z,0,0,0,94,-6,71,6.4,0
2024-01-01T08:00:00Z,0,0,0,83,-6.7,76,7.2,0
2024-01-01T09:00:00Z,0,0,0,36,-6.8,79,7.5,0
2024-01-01T10:00:00Z,0,0,0,60,-7.1,82,8.6,0
2024-01-01T11:00:00Z,0,0,0,46,-7.3,84,8,0
2024-01-01T12:00:00Z,0,0,0,61,-7.2,83,7.3,0
2024-01-01T13:00:00Z,1,0,1,85,-7.3,82,8,0
2024-01-01T14:00:00Z,64,33,31,89,-6.7,76,9.1,0
2024-01-01T15:00:00Z,158,102,56,100,-5.9,69,7.6,0
2024-01-01T16:00:00Z,220,124,96,100,-5.6,65,7.2,0
2024-01-01T17:00:00Z,212,65,147,100,-5.3,62,7.5,0
2024-01-01T18:00:00Z,224,70,154,100,-4.9,61,8.2,0
2024-01-01T19:00:00Z,195,44,151,97,-4.7,60,8,0
2024-01-01T20:00:00Z,149,40,109,94,-4.6,59,8,0
2024-01-01T21:00:00Z,77,28,49,39,-4.6,59,8.7,0
2024-01-01T22:00:00Z,6,1,5,31,-5.5,62,7.9,0
2024-01-01T23:00:00Z,0,0,0,34,-6.3,69,7.4,0
2024-01-02T00:00:00Z,0,0,0,19,-6.8,74,7.2,0
2024-01-02T01:00:00Z,0,0,0,2,-6.8,78,8.4,0
2024-01-02T02:00:00Z,0,0,0,3,-6.4,79,9.2,0
2024-01-02T03:00:00Z,0,0,0,18,-6,79,9.4,0
2024-01-02T04:00:00Z,0,0,0,51,-5.7,78,10.2,0
2024-01-02T05:00:00Z,0,0,0,61,-5.5,79,10.7,0
2024-01-02T06:00:00Z,0,0,0,83,-5.4,80,10.9,0
2024-01-02T07:00:00Z,0,0,0,98,-5.5,81,11.5,0
2024-01-02T08:00:00Z,0,0,0,97,-5.4,82,11.5,0
2024-01-02T09:00:00Z,0,0,0,96,-5.1,83,11.5,0
2024-01-02T10:00:00Z,0,0,0,79,-5.1,84,11.5,0
2024-01-02T11:00:00Z,0,0,0,77,-4.6,85,10.9,0
2024-01-02T12:00:00Z,0,0,0,64,-4.2,87,11.7,0
2024-01-02T13:00:00Z,1,0,1,78,-3.5,87,12.2,0
2024-01-02T14:00:00Z,48,22,26,79,-2.6,83,11.5,0
2024-01-02T15:00:00Z,142,83,59,84,-1.4,78,13.2,0
2024-01-02T16:00:00Z,187,83,104,98,-0.6,74,15.4,0
2024-01-02T17:00:00Z,234,119,115,100,-0.1,71,15.8,0
2024-01-02T18:00:00Z,284,179,105,93,0.5,69,15.1,0
2024-01-02T19:00:00Z,204,107,97,55,0.7,67,14.8,0
2024-01-02T20:00:00Z,169,89,80,54,1.1,64,14.3,0
2024-01-02T21:00:00Z,85,48,37,24,0.8,66,11,0
2024-01-02T22:00:00Z,7,3,4,19,-0.3,72,11.6,0
2024-01-02T23:00:00Z,0,0,0,31,-0.4,73,12.5,0
2024-01-03T00:00:00Z,0,0,0,56,-0.3,73,13.5,0
2024-01-03T01:00:00Z,0,0,0,69,-0.1,71,14.5,0
2024-01-03T02:00:00Z,0,0,0,96,0.1,70,14.3,0
2024-01-03T03:00:00Z,0,0,0,99,0.1,71,13.8,0
2024-01-03T04:00:00Z,0,0,0,100,0.2,71,13.3,0
2024-01-03T05:00:00Z,0,0,0,100,0.2,73,13,0
2024-01-03T06:00:00Z,0,0,0,100,0.3,74,12.7,0
2024-01-03T07:00:00Z,0,0,0,100,0.4,75,12.5,0
2024-01-03T08:00:00Z,0,0,0,98,0.3,77,12.1,0
2024-01-03T09:00:00Z,0,0,0,93,0.3,79,11.4,0
2024-01-03T10:00:00Z,0,0,0,98,0.3,81,11.1,0
2024-01-03T11:00:00Z,0,0,0,96,0.2,84,10.1,0
2024-01-03T12:00:00Z,0,0,0,91,0.3,86,9.6,0
2024-01-03T13:00:00Z,1,0,1,84,0.3,87,8.8,0
2024-01-03T14:00:00Z,35,6,29,83,0.6,86,9.1,0
2024-01-03T15:00:00Z,112,34,78,80,1.3,83,9.7,0
2024-01-03T16:00:00Z,161,36,125,88,1.7,83,9.7,0
2024-01-03T17:00:00Z,177,43,134,91,2.2,81,11.1,0
2024-01-03T18:00:00Z,191,66,125,100,2.7,77,11.4,0
2024-01-03T19:00:00Z,157,54,103,98,2.9,75,11.5,0.1
2024-01-03T20:00:00Z,105,33,72,98,2.3,81,9.7,0
2024-01-03T21:00:00Z,48,4,44,100,2.1,84,9,0
2024-01-03T22:00:00Z,5,0,5,99,1.4,87,9.7,0
2024-01-03T23:00:00Z,0,0,0,98,1,89,10,0
2024-01-04T00:00:00Z,0,0,0,97,1.1,91,11.7,0.1
2024-01-04T01:00:00Z,0,0,0,99,0.9,91,13,0.1
2024-01-04T02:00:00Z,0,0,0,97,1.3,90,12.5,0.1
2024-01-04T03:00:00Z,0,0,0,100,1.2,91,11.8,0.1
2024-01-04T04:00:00Z,0,0,0,99,0.7,92,11,0.1
2024-01-04T05:00:00Z,0,0,0,99,0.5,94,10.3,0.1
2024-01-04T06:00:00Z,0,0,0,100,0.6,96,12.1,0.2
2024-01-04T07:00:00Z,0,0,0,100,0.1,91,18.4,0.1
2024-01-04T08:00:00Z,0,0,0,98,-2,72,21.3,0
2024-01-04T09:00:00Z,0,0,0,98,-3.8,64,21.7,0
2024-01-04T10:00:00Z,0,0,0,91,-5.4,63,22.1,0
2024-01-04T11:00:00Z,0,0,0,8,-6.5,63,21.7,0
2024-01-04T12:00:00Z,0,0,0,0,-7.6,61,21.6,0
2024-01-04T13:00:00Z,1,0,1,0,-8.5,60,21.7,0
2024-01-04T14:00:00Z,78,52,26,13,-8.5,59,21.3,0
2024-01-04T15:00:00Z,207,158,49,0,-8.5,56,19,0
2024-01-04T16:00:00Z,312,253,59,0,-8.3,54,18,0
2024-01-04T17:00:00Z,372,309,63,0,-8.2,53,16.9,0
2024-01-04T18:00:00Z,379,315,64,0,-7.8,52,15.7,0
2024-01-04T19:00:00Z,332,271,61,0,-7.5,51,15,0
2024-01-04T20:00:00Z,237,185,52,0,-7.6,51,13.8,0
2024-01-04T21:00:00Z,110,76,34,0,-8.2,53,12.7,0
2024-01-04T22:00:00Z,9,5,4,0,-9.5,58,11.9,0
2024-01-04T23:00:00Z,0,0,0,4,-10.1,60,11.5,0
2024-01-05T00:00:00Z,0,0,0,10,-10.4,63,10.8,0
2024-01-05T01:00:00Z,0,0,0,0,-10.7,65,9.5,0
2024-01-05T02:00:00Z,0,0,0,0,-11.2,67,9.2,0
2024-01-05T03:00:00Z,0,0,0,59,-11.3,68,9,0
2024-01-05T04:00:00Z,0,0,0,93,-11.8,71,8.2,0
2024-01-05T05:00:00Z,0,0,0,98,-11.8,71,7.4,0
2024-01-05T06:00:00Z,0,0,0,86,-11.3,71,8.1,0
2024-01-05T07:00:00Z,0,0,0,31,-11.5,73,7.3,0
2024-01-05T08:00:00Z,0,0,0,25,-12.1,77,5.8,0
2024-01-05T09:00:00Z,0,0,0,40,-11.8,78,6.2,0
2024-01-05T10:00:00Z,0,0,0,63,-12,74,8,0
2024-01-05T11:00:00Z,0,0,0,40,-12.1,76,5.1,0
2024-01-05T12:00:00Z,0,0,0,61,-12.2,77,5.1,0
2024-01-05T13:00:00Z,1,0,1,74,-11.7,77,6.4,0
2024-01-05T14:00:00Z,66,32,34,71,-10.3,74,7.2,0
2024-01-05T15:00:00Z,188,125,63,74,-8.2,71,8.7,0
2024-01-05T16:00:00Z,248,138,110,87,-7,73,9.7,0
2024-01-05T17:00:00Z,298,164,134,96,-5.5,69,11.3,0
2024-01-05T18:00:00Z,254,120,134,100,-4.6,68,11.2,0
2024-01-05T19:00:00Z,159,46,113,100,-3.7,69,11.4,0
2024-01-05T20:00:00Z,97,14,83,100,-3.3,72,12.4,0
2024-01-05T21:00:00Z,32,0,32,99,-3.1,75,11.1,0
2024-01-05T22:00:00Z,3,0,3,96,-2.7,78,10.1,0
2024-01-05T23:00:00Z,0,0,0,96,-2.6,79,11.8,0
2024-01-06T00:00:00Z,0,0,0,99,-2.2,79,12.9,0
2024-01-06T01:00:00Z,0,0,0,95,-2,77,13.2,0
2024-01-06T02:00:00Z,0,0,0,98,-2,77,11.9,0
2024-01-06T03:00:00Z,0,0,0,89,-2,77,11.9,0
2024-01-06T04:00:00Z,0,0,0,86,-2.1,78,10.5,0
2024-01-06T05:00:00Z,0,0,0,71,-2.4,77,9.2,0
2024-01-06T06:00:00Z,0,0,0,95,-3.2,77,10.9,0
2024-01-06T07:00:00Z,0,0,0,100,-3.8,72,12.9,0
2024-01-06T08:00:00Z,0,0,0,56,-5.2,66,12.7,0
2024-01-06T09:00:00Z,0,0,0,1,-6.7,64,13.8,0
2024-01-06T10:00:00Z,0,0,0,65,-8.5,60,12,0
2024-01-06T11:00:00Z,0,0,0,100,-9.1,61,10.7,0
2024-01-06T12:00:00Z,0,0,0,99,-9.3,62,11.8,0
2024-01-06T13:00:00Z,1,0,1,100,-9.5,64,12.7,0
2024-01-06T14:00:00Z,49,5,44,100,-9,63,16,0
2024-01-06T15:00:00Z,120,10,110,100,-8.5,58,14.1,0
2024-01-06T16:00:00Z,188,46,142,100,-8.2,56,15.2,0
2024-01-06T17:00:00Z,199,31,168,100,-8.2,55,15.5,0
2024-01-06T18:00:00Z,191,19,172,100,-8.1,56,15.2,0
2024-01-06T19:00:00Z,145,9,136,99,-8.1,57,16.6,0.1
2024-01-06T20:00:00Z,103,4,99,100,-8.4,60,16.7,0.1
2024-01-06T21:00:00Z,49,2,47,100,-8.7,62,15.9,0.1
2024-01-06T22:00:00Z,4,0,4,100,-9.1,65,14.4,0.2
2024-01-06T23:00:00Z,0,0,0,100,-9.4,68,15.1,0.2
2024-01-07T00:00:00Z,0,0,0,100,-9.7,71,16.9,0.2
2024-01-07T01:00:00Z,0,0,0,100,-10,75,15.6,0.2
2024-01-07T02:00:00Z,0,0,0,100,-10,76,15.7,0.4
2024-01-07T03:00:00Z,0,0,0,100,-9.7,83,16.2,0.5
2024-01-07T04:00:00Z,0,0,0,100,-9.6,84,15.1,0.5
2024-01-07T05:00:00Z,0,0,0,100,-9.4,85,14.7,0.4
2024-01-07T06:00:00Z,0,0,0,98,-9.1,86,14.4,0.4
2024-01-07T07:00:00Z,0,0,0,100,-8.8,88,14.7,0.4
2024-01-07T08:00:00Z,0,0,0,100,-8.4,89,17.7,0.4
2024-01-07T09:00:00Z,0,0,0,100,-8.1,90,17.7,0.4
2024-01-07T10:00:00Z,0,0,0,100,-7.6,91,13.6,0.4
2024-01-07T11:00:00Z,0,0,0,100,-7.8,89,11.6,0.4
2024-01-07T12:00:00Z,0,0,0,100,-7.7,89,11.2,0.5
2024-01-07T13:00:00Z,0,0,0,100,-7.7,89,11.5,0.5
2024-01-07T14:00:00Z,15,0,15,100,-7.6,89,12.5,0.6
2024-01-07T15:00:00Z,48,0,48,100,-7.2,89,10.6,0.6
2024-01-07T16:00:00Z,74,0,74,100,-6.9,88,9,0.6
2024-01-07T17:00:00Z,117,0,117,100,-6.5,88,7.7,0.5
2024-01-07T18:00:00Z,109,0,109,100,-6.2,87,7.1,0.4
2024-01-07T19:00:00Z,130,0,130,100,-6,87,6.9,0.2
2024-01-07T20:00:00Z,87,1,86,100,-5.9,87,6.5,0.1
2024-01-07T21:00:00Z,59,0,59,100,-5.7,86,7.2,0.1
2024-01-07T22:00:00Z,7,0,7,100,-5.6,87,6,0
2024-01-07T23:00:00Z,0,0,0,95,-5.8,87,6.4,0
2024-01-08T00:00:00Z,0,0,0,98,-5.6,86,7.5,0
2024-01-08T01:00:00Z,0,0,0,91,-5.4,86,7.9,0
2024-01-08T02:00:00Z,0,0,0,96,-5.5,86,8.5,0
2024-01-08T03:00:00Z,0,0,0,94,-5.7,86,8.9,0
2024-01-08T04:00:00Z,0,0,0,88,-6.5,86,7.6,0
2024-01-08T05:00:00Z,0,0,0,85,-6.3,86,8.4,0
2024-01-08T06:00:00Z,0,0,0,90,-5.7,85,9,0
2024-01-08T07:00:00Z,0,0,0,90,-6,86,9.8,0
2024-01-08T08:00:00Z,0,0,0,88,-5.8,86,9.5,0
2024-01-08T09:00:00Z,0,0,0,93,-5.8,86,8.4,0
2024-01-08T10:00:00Z,0,0,0,92,-6.1,87,5.8,0
2024-01-08T11:00:00Z,0,0,0,93,-5.6,86,6,0
2024-01-08T12:00:00Z,0,0,0,97,-5.7,86,7.4,0
2024-01-08T13:00:00Z,1,0,1,84,-5.7,86,7.4,0
2024-01-08T14:00:00Z,41,11,30,93,-5.5,85,6.2,0
2024-01-08T15:00:00Z,103,14,89,90,-4.3,83,6.5,0
2024-01-08T16:00:00Z,182,57,125,97,-3.4,83,8.3,0
2024-01-08T17:00:00Z,245,84,161,96,-2.2,81,10,0
2024-01-08T18:00:00Z,207,49,158,100,-1.7,78,10.6,0
2024-01-08T19:00:00Z,171,20,151,100,-1.5,76,12.9,0
2024-01-08T20:00:00Z,109,3,106,100,-1.5,74,12,0
2024-01-08T21:00:00Z,49,4,45,98,-1.8,76,8,0
2024-01-08T22:00:00Z,7,1,6,100,-2.8,80,5.4,0
2024-01-08T23:00:00Z,0,0,0,90,-3.5,81,6.6,0
2024-01-09T00:00:00Z,0,0,0,81,-3.5,82,6,0
2024-01-09T01:00:00Z,0,0,0,87,-3.5,80,6.8,0
2024-01-09T02:00:00Z,0,0,0,71,-3.8,81,7.1,0
2024-01-09T03:00:00Z,0,0,0,83,-5.2,84,5.7,0
2024-01-09T04:00:00Z,0,0,0,89,-4.2,83,6.8,0
2024-01-09T05:00:00Z,0,0,0,91,-5.2,85,6.6,0
2024-01-09T06:00:00Z,0,0,0,100,-4.6,81,7.8,0
2024-01-09T07:00:00Z,0,0,0,100,-4.8,80,9.5,0
2024-01-09T08:00:00Z,0,0,0,100,-4.4,78,10,0
2024-01-09T09:00:00Z,0,0,0,100,-4.6,77,10.4,0
2024-01-09T10:00:00Z,0,0,0,100,-4.3,77,12.8,0
2024-01-09T11:00:00Z,0,0,0,100,-4.5,76,13.7,0
2024-01-09T12:00:00Z,0,0,0,100,-4.5,77,14.8,0
2024-01-09T13:00:00Z,1,0,1,100,-4.5,78,14.5,0
2024-01-09T14:00:00Z,30,0,30,100,-4.7,79,16.6,0
2024-01-09T15:00:00Z,78,0,78,100,-4.7,79,18.4,0
2024-01-09T16:00:00Z,102,1,101,100,-4.7,80,19.5,0.1
2024-01-09T17:00:00Z,120,5,115,100,-5,82,18.4,0.1
2024-01-09T18:00:00Z,117,3,114,100,-5.1,83,19.5,0.2
2024-01-09T19:00:00Z,71,0,71,100,-5.6,86,19.8,1
2024-01-09T20:00:00Z,39,0,39,100,-5.8,89,20.2,1
2024-01-09T21:00:00Z,18,0,18,100,-6,91,22.8,1.4
2024-01-09T22:00:00Z,2,0,2,100,-5.4,95,24.5,1.4
2024-01-09T23:00:00Z,0,0,0,100,-4.6,95,24.6,1.7
2024-01-10T00:00:00Z,0,0,0,100,-4.1,96,27.2,2.2
2024-01-10T01:00:00Z,0,0,0,100,-3.3,96,28.2,2.5
2024-01-10T02:00:00Z,0,0,0,100,-2.1,96,28.5,3
2024-01-10T03:00:00Z,0,0,0,100,-1.4,95,28.3,2.5
2024-01-10T04:00:00Z,0,0,0,100,-0.8,95,28.9,1.6
2024-01-10T05:00:00Z,0,0,0,100,-0.1,94,27.9,0.7
2024-01-10T06:00:00Z,0,0,0,100,0.7,92,27.1,0.5
2024-01-10T07:00:00Z,0,0,0,100,1.4,90,26,1.5
2024-01-10T08:00:00Z,0,0,0,100,2.6,88,22.8,1.1
2024-01-10T09:00:00Z,0,0,0,100,2.6,89,16.1,2.4
2024-01-10T10:00:00Z,0,0,0,100,2.8,89,14.5,3.1
2024-01-10T11:00:00Z,0,0,0,100,2.6,93,10.1,1.4
2024-01-10T12:00:00Z,0,0,0,98,2.7,97,8.2,0.3
2024-01-10T13:00:00Z,1,0,1,60,3.1,96,9.8,0.2
2024-01-10T14:00:00Z,25,1,24,56,3.5,92,12.1,0
2024-01-10T15:00:00Z,75,2,73,65,3.8,87,13,0
2024-01-10T16:00:00Z,132,10,122,97,4.1,82,13.2,0
2024-01-10T17:00:00Z,192,32,160,53,4.4,79,19.2,0
2024-01-10T18:00:00Z,276,178,98,91,4.7,75,17.8,0
2024-01-10T19:00:00Z,176,59,117,93,4.7,74,15.6,0
2024-01-10T20:00:00Z,116,50,66,94,4,77,13.9,0
2024-01-10T21:00:00Z,73,14,59,87,2.9,80,14.7,0
2024-01-10T22:00:00Z,9,2,7,100,2.7,82,15.3,0.1
2024-01-10T23:00:00Z,0,0,0,99,2.4,86,16.9,0.1
2024-01-11T00:00:00Z,0,0,0,98,1,87,20.5,0.1
2024-01-11T01:00:00Z,0,0,0,100,-1.1,78,22.7,0
2024-01-11T02:00:00Z,0,0,0,98,-2.6,75,20.6,0
2024-01-11T03:00:00Z,0,0,0,100,-3.7,71,19.2,0
2024-01-11T04:00:00Z,0,0,0,100,-4.4,68,19.6,0
2024-01-11T05:00:00Z,0,0,0,97,-5.1,68,19,0
2024-01-11T06:00:00Z,0,0,0,97,-5.4,67,17.2,0
2024-01-11T07:00:00Z,0,0,0,100,-6,71,15.9,0
2024-01-11T08:00:00Z,0,0,0,99,-6.2,73,14.8,0
2024-01-11T09:00:00Z,0,0,0,99,-6.6,74,13.8,0
2024-01-11T10:00:00Z,0,0,0,65,-7.9,84,10.1,0
2024-01-11T11:00:00Z,0,0,0,41,-8.3,84,10.4,0
2024-01-11T12:00:00Z,0,0,0,25,-9,85,9,0
2024-01-11T13:00:00Z,2,0,2,94,-9.5,85,7.5,0
2024-01-11T14:00:00Z,73,34,39,96,-9,84,7.4,0
2024-01-11T15:00:00Z,198,128,70,99,-7.7,77,6.4,0
2024-01-11T16:00:00Z,285,160,125,100,-6.9,72,5.2,0
2024-01-11T17:00:00Z,304,121,183,99,-6.4,71,6,0
2024-01-11T18:00:00Z,194,26,168,100,-6.3,71,6,0.1
2024-01-11T19:00:00Z,120,0,120,100,-6.2,76,5.7,0.3
2024-01-11T20:00:00Z,90,0,90,100,-6.1,79,4.9,0.3
2024-01-11T21:00:00Z,40,0,40,100,-6.1,82,4.1,0.3
2024-01-11T22:00:00Z,7,0,7,100,-6.4,86,4.6,0.2
2024-01-11T23:00:00Z,0,0,0,100,-6.5,88,4.8,0.1
2024-01-12T00:00:00Z,0,0,0,100,-6.8,88,4.9,0
2024-01-12T01:00:00Z,0,0,0,100,-7,88,4.3,0
2024-01-12T02:00:00Z,0,0,0,100,-7.1,88,5.4,0
2024-01-12T03:00:00Z,0,0,0,78,-7.5,90,6.1,0
2024-01-12T04:00:00Z,0,0,0,28,-8.5,90,8,0
2024-01-12T05:00:00Z,0,0,0,50,-7.8,90,8.5,0
2024-01-12T06:00:00Z,0,0,0,5,-7.5,88,8.4,0
2024-01-12T07:00:00Z,0,0,0,0,-7.8,86,8.9,0
2024-01-12T08:00:00Z,0,0,0,59,-9.2,86,7.9,0
2024-01-12T09:00:00Z,0,0,0,58,-10.1,86,7.1,0
2024-01-12T10:00:00Z,0,0,0,57,-13.3,91,9.8,0
2024-01-12T11:00:00Z,0,0,0,57,-14.8,93,9.5,0
2024-01-12T12:00:00Z,0,0,0,60,-15.9,94,8.1,0
2024-01-12T13:00:00Z,2,1,1,60,-15.7,93,8.9,0
2024-01-12T14:00:00Z,82,50,32,65,-13.8,88,5.2,0
2024-01-12T15:00:00Z,209,142,67,60,-10.2,83,3.1,0
2024-01-12T16:00:00Z,323,245,78,10,-8.4,74,2.3,0
2024-01-12T17:00:00Z,396,323,73,100,-7,70,0.4,0
2024-01-12T18:00:00Z,407,335,72,0,-6.3,65,5.8,0
2024-01-12T19:00:00Z,358,291,67,100,-5.8,63,10.3,0
2024-01-12T20:00:00Z,250,173,77,100,-5.8,64,10.5,0
2024-01-12T21:00:00Z,113,48,65,100,-6.7,71,8.8,0
2024-01-12T22:00:00Z,12,1,11,100,-6.7,74,13.3,0
2024-01-12T23:00:00Z,0,0,0,100,-6.7,72,16.1,0
2024-01-13T00:00:00Z,0,0,0,100,-6.8,73,17.7,0
2024-01-13T01:00:00Z,0,0,0,100,-6.6,74,21.3,0
2024-01-13T02:00:00Z,0,0,0,100,-6.5,74,22.9,0
2024-01-13T03:00:00Z,0,0,0,100,-6,73,24.1,0
2024-01-13T04:00:00Z,0,0,0,100,-6.2,78,28.1,0.5
2024-01-13T05:00:00Z,0,0,0,98,-5.8,83,31,1
2024-01-13T06:00:00Z,0,0,0,100,-5.2,86,30,0.8
2024-01-13T07:00:00Z,0,0,0,100,-4.6,86,29.3,1.4
2024-01-13T08:00:00Z,0,0,0,99,-4.2,91,26.7,1.7
2024-01-13T09:00:00Z,0,0,0,96,-3.7,92,22.7,1.7
2024-01-13T10:00:00Z,0,0,0,100,-2.7,94,20.7,1.5
2024-01-13T11:00:00Z,0,0,0,100,-2.2,94,21.2,1.3
2024-01-13T12:00:00Z,0,0,0,100,-1.7,94,22.4,2.6
2024-01-13T13:00:00Z,1,0,1,98,-1.4,95,22.1,2.9
2024-01-13T14:00:00Z,42,16,26,97,-0.8,94,20.2,0.8
2024-01-13T15:00:00Z,69,9,60,100,-0.2,94,18.5,1.2
2024-01-13T16:00:00Z,115,26,89,100,0.2,95,15.9,1.3
2024-01-13T17:00:00Z,124,28,96,100,0.3,95,10.7,1.1
2024-01-13T18:00:00Z,86,2,84,100,0.6,96,12.4,0.8
2024-01-13T19:00:00Z,99,4,95,95,1.4,92,14.9,0.3
2024-01-13T20:00:00Z,140,55,85,89,1.8,84,18.4,0
2024-01-13T21:00:00Z,65,22,43,97,1.3,75,20.4,0
2024-01-13T22:00:00Z,7,0,7,99,0.6,76,21.2,0.1
2024-01-13T23:00:00Z,0,0,0,100,0,79,20.7,0.1
2024-01-14T00:00:00Z,0,0,0,100,-0.3,81,19.6,0.2
2024-01-14T01:00:00Z,0,0,0,100,-0.4,83,20.2,0.2
2024-01-14T02:00:00Z,0,0,0,100,-0.6,81,22.9,0.1
2024-01-14T03:00:00Z,0,0,0,99,-1.9,74,24.7,0
2024-01-14T04:00:00Z,0,0,0,100,-2.9,70,23.4,0
2024-01-14T05:00:00Z,0,0,0,89,-3.7,72,22.8,0
2024-01-14T06:00:00Z,0,0,0,93,-4.2,71,22.1,0
2024-01-14T07:00:00Z,0,0,0,95,-4.4,71,22.1,0.1
2024-01-14T08:00:00Z,0,0,0,85,-4.9,72,21.7,0
2024-01-14T09:00:00Z,0,0,0,89,-5,71,20.7,0
2024-01-14T10:00:00Z,0,0,0,91,-4.8,70,18.4,0
2024-01-14T11:00:00Z,0,0,0,91,-4.9,71,18.6,0
2024-01-14T12:00:00Z,0,0,0,86,-5,73,19.6,0
2024-01-14T13:00:00Z,2,1,1,49,-5.4,75,19.1,0
2024-01-14T14:00:00Z,65,30,35,58,-5.2,73,17.4,0
2024-01-14T15:00:00Z,173,91,82,85,-4.6,71,20,0
2024-01-14T16:00:00Z,257,123,134,88,-3.9,66,20.7,0.1
2024-01-14T17:00:00Z,278,105,173,95,-3.8,66,21.4,0.1
2024-01-14T18:00:00Z,293,109,184,95,-3.8,68,20.2,0.1
2024-01-14T19:00:00Z,265,83,182,98,-4.1,65,21.9,0
2024-01-14T20:00:00Z,170,35,135,100,-4.7,66,19.8,0
2024-01-14T21:00:00Z,77,6,71,100,-5.3,68,20.9,0
2024-01-14T22:00:00Z,12,0,12,99,-5.7,71,19.7,0
2024-01-14T23:00:00Z,0,0,0,98,-6.5,72,20.5,0
2024-01-15T00:00:00Z,0,0,0,68,-7.4,73,20,0
2024-01-15T01:00:00Z,0,0,0,56,-8,71,19.3,0
2024-01-15T02:00:00Z,0,0,0,77,-8.7,74,17.5,0
2024-01-15T03:00:00Z,0,0,0,29,-9.3,74,15.4,0
2024-01-15T04:00:00Z,0,0,0,25,-9.6,77,13.6,0
2024-01-15T05:00:00Z,0,0,0,35,-9.9,78,11.3,0
2024-01-15T06:00:00Z,0,0,0,48,-10.1,79,12.3,0
2024-01-15T07:00:00Z,0,0,0,35,-10.1,77,14.8,0
2024-01-15T08:00:00Z,0,0,0,31,-9.7,77,15.8,0
2024-01-15T09:00:00Z,0,0,0,4,-9.4,77,15.3,0
2024-01-15T10:00:00Z,0,0,0,34,-10,77,14,0
2024-01-15T11:00:00Z,0,0,0,63,-10.4,78,14.3,0
2024-01-15T12:00:00Z,0,0,0,67,-10.8,79,14.1,0
2024-01-15T13:00:00Z,2,1,1,66,-11,79,14.1,0
2024-01-15T14:00:00Z,76,37,39,70,-10.8,79,13.6,0
2024-01-15T15:00:00Z,205,123,82,76,-9.9,75,15.3,0
2024-01-15T16:00:00Z,326,240,86,73,-8.9,70,16,0
2024-01-15T17:00:00Z,408,326,82,54,-7.9,67,16.3,0
2024-01-15T18:00:00Z,416,333,83,46,-7.2,64,18.1,0
2024-01-15T19:00:00Z,354,254,100,56,-6.8,61,17.8,0
2024-01-15T20:00:00Z,269,191,78,66,-6.8,59,17.4,0
2024-01-15T21:00:00Z,138,85,53,24,-7.5,63,14,0
2024-01-15T22:00:00Z,21,11,10,18,-8.7,70,12.9,0
2024-01-15T23:00:00Z,0,0,0,15,-9.4,72,13,0
2024-01-16T00:00:00Z,0,0,0,14,-9.6,73,11.9,0
2024-01-16T01:00:00Z,0,0,0,9,-10.3,75,11.5,0
2024-01-16T02:00:00Z,0,0,0,57,-11,76,10.2,0
2024-01-16T03:00:00Z,0,0,0,99,-11.8,76,8.7,0
2024-01-16T04:00:00Z,0,0,0,100,-12.5,77,6.4,0
2024-01-16T05:00:00Z,0,0,0,100,-14.3,79,6.6,0
2024-01-16T06:00:00Z,0,0,0,100,-14.5,81,7.3,0
2024-01-16T07:00:00Z,0,0,0,100,-14.6,83,5.7,0
2024-01-16T08:00:00Z,0,0,0,100,-13.1,83,5.6,0
2024-01-16T09:00:00Z,0,0,0,100,-13,84,6.7,0
2024-01-16T10:00:00Z,0,0,0,100,-12.8,86,5.7,0
2024-01-16T11:00:00Z,0,0,0,100,-12.6,87,5.1,0.1
2024-01-16T12:00:00Z,0,0,0,100,-12.1,89,7,0.1
2024-01-16T13:00:00Z,2,0,2,100,-11.9,90,8.2,0.1
2024-01-16T14:00:00Z,37,2,35,100,-11,90,6.1,0.2
2024-01-16T15:00:00Z,84,6,78,100,-9.9,90,5.2,0.3
2024-01-16T16:00:00Z,135,8,127,100,-8.9,91,4.2,0.3
2024-01-16T17:00:00Z,157,2,155,100,-8.5,91,3.2,0.3
2024-01-16T18:00:00Z,176,10,166,100,-8,88,2.1,0.3
2024-01-16T19:00:00Z,151,2,149,100,-7.7,87,1.8,0.3
2024-01-16T20:00:00Z,126,3,123,99,-7.5,86,3.7,0.2
2024-01-16T21:00:00Z,72,2,70,100,-7.6,86,3.6,0.1
2024-01-16T22:00:00Z,13,1,12,100,-9.1,87,1.5,0
2024-01-16T23:00:00Z,0,0,0,74,-10.3,88,4.7,0
2024-01-17T00:00:00Z,0,0,0,75,-12.1,88,5.2,0
2024-01-17T01:00:00Z,0,0,0,25,-13.9,88,8.3,0
2024-01-17T02:00:00Z,0,0,0,0,-14.9,89,7.8,0
2024-01-17T03:00:00Z,0,0,0,1,-15.3,87,8.9,0
2024-01-17T04:00:00Z,0,0,0,7,-14.9,84,9.3,0
2024-01-17T05:00:00Z,0,0,0,0,-14.7,82,9.5,0
2024-01-17T06:00:00Z,0,0,0,0,-14.9,83,9.7,0
2024-01-17T07:00:00Z,0,0,0,0,-16.1,83,8.6,0
2024-01-17T08:00:00Z,0,0,0,1,-17.6,85,8.6,0
2024-01-17T09:00:00Z,0,0,0,1,-18.8,86,8.5,0
2024-01-17T10:00:00Z,0,0,0,75,-19.3,87,9.7,0
2024-01-17T11:00:00Z,0,0,0,69,-19.4,87,8.4,0
2024-01-17T12:00:00Z,0,0,0,86,-19.1,87,8.7,0
2024-01-17T13:00:00Z,3,1,2,99,-17.9,85,8.4,0
2024-01-17T14:00:00Z,76,25,51,96,-15.7,82,9.7,0
2024-01-17T15:00:00Z,207,121,86,90,-13.9,77,10,0
2024-01-17T16:00:00Z,319,216,103,90,-11.7,70,12.5,0
2024-01-17T17:00:00Z,369,241,128,95,-10.3,65,15,0
2024-01-17T18:00:00Z,346,171,175,100,-9.6,63,16.3,0
2024-01-17T19:00:00Z,295,113,182,91,-9.4,63,17.7,0
2024-01-17T20:00:00Z,222,85,137,79,-9.1,61,18.9,0
2024-01-17T21:00:00Z,131,64,67,80,-9.1,61,15.8,0
2024-01-17T22:00:00Z,23,9,14,80,-9.9,63,15.8,0
2024-01-17T23:00:00Z,0,0,0,96,-10.4,65,17.3,0
2024-01-18T00:00:00Z,0,0,0,81,-10.6,66,17.5,0
2024-01-18T01:00:00Z,0,0,0,62,-10.6,66,16.8,0
2024-01-18T02:00:00Z,0,0,0,54,-10.5,66,16.8,0
2024-01-18T03:00:00Z,0,0,0,59,-10.5,68,17.1,0
2024-01-18T04:00:00Z,0,0,0,98,-10.9,70,16,0
2024-01-18T05:00:00Z,0,0,0,100,-11,71,14.2,0
2024-01-18T06:00:00Z,0,0,0,49,-11.1,73,12.4,0
2024-01-18T07:00:00Z,0,0,0,93,-11.7,73,11.6,0
2024-01-18T08:00:00Z,0,0,0,93,-11.7,74,11.6,0
2024-01-18T09:00:00Z,0,0,0,3,-11.9,75,10.4,0
2024-01-18T10:00:00Z,0,0,0,12,-12.6,77,11.3,0
2024-01-18T11:00:00Z,0,0,0,40,-13,78,9,0
2024-01-18T12:00:00Z,0,0,0,17,-13.2,78,9,0
2024-01-18T13:00:00Z,3,1,2,74,-13.9,80,8,0
2024-01-18T14:00:00Z,82,35,47,81,-13.4,78,7.2,0
2024-01-18T15:00:00Z,198,102,96,93,-11.1,76,5.9,0
2024-01-18T16:00:00Z,304,172,132,95,-8.8,71,6.8,0
2024-01-18T17:00:00Z,364,216,148,81,-7.5,68,5.8,0
2024-01-18T18:00:00Z,391,236,155,69,-6.7,63,8.2,0
2024-01-18T19:00:00Z,320,178,142,100,-6.2,62,9.7,0
2024-01-18T20:00:00Z,220,82,138,100,-6.2,64,9.4,0.1
2024-01-18T21:00:00Z,91,10,81,98,-6.3,69,5.1,0.1
2024-01-18T22:00:00Z,24,8,16,97,-6.2,67,3.4,0
2024-01-18T23:00:00Z,0,0,0,92,-8.5,76,4,0
2024-01-19T00:00:00Z,0,0,0,92,-9.6,81,5.9,0
2024-01-19T01:00:00Z,0,0,0,100,-11,84,6.9,0
2024-01-19T02:00:00Z,0,0,0,89,-10.5,83,7.2,0
2024-01-19T03:00:00Z,0,0,0,57,-11,80,9.4,0
2024-01-19T04:00:00Z,0,0,0,50,-10.5,79,10.8,0
2024-01-19T05:00:00Z,0,0,0,74,-10.8,78,11.2,0
2024-01-19T06:00:00Z,0,0,0,42,-12.4,79,11.9,0
2024-01-19T07:00:00Z,0,0,0,73,-13.5,78,13,0
2024-01-19T08:00:00Z,0,0,0,53,-14.7,76,11.9,0
2024-01-19T09:00:00Z,0,0,0,97,-15.7,77,11.2,0
2024-01-19T10:00:00Z,0,0,0,100,-17.2,77,11.9,0
2024-01-19T11:00:00Z,0,0,0,96,-18.3,77,11.2,0
2024-01-19T12:00:00Z,0,0,0,89,-19.2,76,10.8,0
2024-01-19T13:00:00Z,3,1,2,94,-19.9,75,10.4,0
2024-01-19T14:00:00Z,78,37,41,96,-18.8,70,10.1,0
2024-01-19T15:00:00Z,225,144,81,75,-17.4,62,10.4,0
2024-01-19T16:00:00Z,344,250,94,99,-16.4,56,9.8,0
2024-01-19T17:00:00Z,410,299,111,100,-15.4,53,9.4,0
2024-01-19T18:00:00Z,411,283,128,100,-14.4,51,9.8,0
2024-01-19T19:00:00Z,357,220,137,100,-13.8,51,10.7,0
2024-01-19T20:00:00Z,281,186,95,91,-13.5,53,11.1,0
2024-01-19T21:00:00Z,165,118,47,74,-13.6,56,10.2,0
2024-01-19T22:00:00Z,31,17,14,91,-15.1,64,8.7,0
2024-01-19T23:00:00Z,0,0,0,97,-16,68,10.7,0
2024-01-20T00:00:00Z,0,0,0,100,-16.3,70,12.2,0
2024-01-20T01:00:00Z,0,0,0,100,-16.6,71,13.5,0
2024-01-20T02:00:00Z,0,0,0,100,-16.7,72,14.3,0
2024-01-20T03:00:00Z,0,0,0,97,-17,73,14.3,0
2024-01-20T04:00:00Z,0,0,0,98,-17.3,73,13.5,0
2024-01-20T05:00:00Z,0,0,0,98,-17.6,73,13,0
2024-01-20T06:00:00Z,0,0,0,98,-17.8,74,13.1,0
2024-01-20T07:00:00Z,0,0,0,99,-17.9,74,12.7,0
2024-01-20T08:00:00Z,0,0,0,99,-17.7,75,12.3,0
2024-01-20T09:00:00Z,0,0,0,99,-17.2,75,12.6,0
2024-01-20T10:00:00Z,0,0,0,96,-16,74,10.5,0
2024-01-20T11:00:00Z,0,0,0,100,-15.6,74,11.9,0
2024-01-20T12:00:00Z,0,0,0,94,-15.4,75,12.4,0
2024-01-20T13:00:00Z,3,0,3,97,-14.9,74,12.3,0
2024-01-20T14:00:00Z,63,11,52,94,-14.4,73,12.2,0
2024-01-20T15:00:00Z,152,28,124,98,-13.5,71,14,0.1
2024-01-20T16:00:00Z,245,77,168,100,-12.8,69,14.8,0.1
2024-01-20T17:00:00Z,300,87,213,100,-12.2,68,14.8,0.1
2024-01-20T18:00:00Z,313,100,213,100,-11.7,68,15.3,0
2024-01-20T19:00:00Z,270,92,178,99,-11.4,68,16.1,0
2024-01-20T20:00:00Z,186,34,152,100,-11.3,69,16.1,0
2024-01-20T21:00:00Z,95,9,86,99,-11.3,69,15.3,0
2024-01-20T22:00:00Z,20,2,18,100,-11.7,71,11.3,0
2024-01-20T23:00:00Z,0,0,0,100,-12,71,12.3,0
2024-01-21T00:00:00Z,0,0,0,98,-12,70,13.6,0
2024-01-21T01:00:00Z,0,0,0,99,-12.2,69,13.8,0
2024-01-21T02:00:00Z,0,0,0,100,-12.3,69,13.5,0
2024-01-21T03:00:00Z,0,0,0,68,-12.5,70,13,0
2024-01-21T04:00:00Z,0,0,0,7,-13,71,12.3,0
2024-01-21T05:00:00Z,0,0,0,9,-13.6,72,11.9,0
2024-01-21T06:00:00Z,0,0,0,7,-14,74,12,0
2024-01-21T07:00:00Z,0,0,0,12,-14.2,74,13.1,0
2024-01-21T08:00:00Z,0,0,0,3,-14.5,75,13.1,0
2024-01-21T09:00:00Z,0,0,0,27,-14.9,76,12.1,0
2024-01-21T10:00:00Z,0,0,0,40,-15.5,77,9.3,0
2024-01-21T11:00:00Z,0,0,0,76,-15.8,77,9.9,0
2024-01-21T12:00:00Z,0,0,0,82,-15.7,77,10.2,0
2024-01-21T13:00:00Z,4,2,2,90,-16.2,78,10.2,0
2024-01-21T14:00:00Z,98,62,36,35,-15.2,75,10.4,0
2024-01-21T15:00:00Z,237,174,63,45,-13.8,70,11.9,0
2024-01-21T16:00:00Z,346,253,93,100,-12.9,66,12.1,0
2024-01-21T17:00:00Z,396,262,134,100,-11.9,64,11.8,0
2024-01-21T18:00:00Z,402,265,137,37,-11.1,63,12,0
2024-01-21T19:00:00Z,391,308,83,0,-10.4,60,11.3,0
2024-01-21T20:00:00Z,300,231,69,7,-9.8,57,10.6,0
2024-01-21T21:00:00Z,171,124,47,0,-9.7,59,7.9,0
2024-01-21T22:00:00Z,35,22,13,0,-12.4,69,6.1,0
2024-01-21T23:00:00Z,0,0,0,2,-13,69,7,0
2024-01-22T00:00:00Z,0,0,0,65,-14.5,70,8.4,0
2024-01-22T01:00:00Z,0,0,0,2,-14.7,70,9.5,0
2024-01-22T02:00:00Z,0,0,0,7,-14.4,71,9.7,0
2024-01-22T03:00:00Z,0,0,0,11,-14.2,73,9.4,0
2024-01-22T04:00:00Z,0,0,0,4,-13.4,76,9.2,0
2024-01-22T05:00:00Z,0,0,0,26,-12.8,79,9,0
2024-01-22T06:00:00Z,0,0,0,39,-12.3,82,9.2,0
2024-01-22T07:00:00Z,0,0,0,95,-12,83,10.3,0
2024-01-22T08:00:00Z,0,0,0,93,-10.9,81,10.9,0
2024-01-22T09:00:00Z,0,0,0,91,-9.4,80,11.9,0
2024-01-22T10:00:00Z,0,0,0,91,-8.4,79,13.5,0
2024-01-22T11:00:00Z,0,0,0,62,-7.5,76,14,0
2024-01-22T12:00:00Z,0,0,0,36,-6.9,74,14.3,0
2024-01-22T13:00:00Z,4,1,3,42,-6.7,73,14.8,0
2024-01-22T14:00:00Z,89,59,30,69,-6.2,70,15,0
2024-01-22T15:00:00Z,233,160,73,99,-4.6,65,14.8,0
2024-01-22T16:00:00Z,262,114,148,99,-3.4,66,16.5,0
2024-01-22T17:00:00Z,215,37,178,100,-2.7,67,18.6,0
2024-01-22T18:00:00Z,206,10,196,100,-2,69,18.4,0
2024-01-22T19:00:00Z,175,8,167,100,-1.5,70,21.1,0.1
2024-01-22T20:00:00Z,99,1,98,100,-1.8,78,15,0.4
2024-01-22T21:00:00Z,46,0,46,100,-2,83,13.8,0.5
2024-01-22T22:00:00Z,9,0,9,100,-2.4,88,14.2,0.6
2024-01-22T23:00:00Z,0,0,0,100,-2.3,90,14.4,0.6
2024-01-23T00:00:00Z,0,0,0,100,-2,91,15,0.4
2024-01-23T01:00:00Z,0,0,0,100,-1.7,89,15.2,0.2
2024-01-23T02:00:00Z,0,0,0,100,-1.5,86,15.2,0
2024-01-23T03:00:00Z,0,0,0,99,-1.3,83,14.8,0
2024-01-23T04:00:00Z,0,0,0,91,-1.4,83,13.7,0
2024-01-23T05:00:00Z,0,0,0,86,-1.4,82,14.1,0
2024-01-23T06:00:00Z,0,0,0,93,-1.5,82,14.7,0
2024-01-23T07:00:00Z,0,0,0,100,-1.7,84,12.6,0
2024-01-23T08:00:00Z,0,0,0,99,-2,86,10.6,0
2024-01-23T09:00:00Z,0,0,0,100,-1.9,86,10.2,0
2024-01-23T10:00:00Z,0,0,0,100,-2.3,86,9,0
2024-01-23T11:00:00Z,0,0,0,100,-2.2,86,8.8,0
2024-01-23T12:00:00Z,0,0,0,100,-1.9,87,8.1,0
2024-01-23T13:00:00Z,3,0,3,100,-2,87,7.6,0
2024-01-23T14:00:00Z,48,2,46,100,-1.6,83,9.1,0
2024-01-23T15:00:00Z,123,0,123,100,-1.8,73,11.2,0
2024-01-23T16:00:00Z,176,3,173,100,-2.3,70,11.7,0
2024-01-23T17:00:00Z,256,43,213,100,-2.5,67,11.4,0
2024-01-23T18:00:00Z,259,50,209,100,-2.8,63,10.9,0
2024-01-23T19:00:00Z,286,82,204,100,-3.2,60,9.5,0
2024-01-23T20:00:00Z,203,41,162,100,-3.6,58,8,0
2024-01-23T21:00:00Z,115,18,97,100,-4.2,61,6.2,0
2024-01-23T22:00:00Z,26,3,23,100,-5,67,8,0
2024-01-23T23:00:00Z,0,0,0,100,-5.5,68,9,0
2024-01-24T00:00:00Z,0,0,0,100,-5.8,68,9.4,0
2024-01-24T01:00:00Z,0,0,0,100,-6.1,69,10.8,0
2024-01-24T02:00:00Z,0,0,0,100,-6.2,71,12.3,0
2024-01-24T03:00:00Z,0,0,0,100,-6.8,71,13.3,0.1
2024-01-24T04:00:00Z,0,0,0,100,-7.6,69,14.4,0.1
2024-01-24T05:00:00Z,0,0,0,100,-8.6,70,14.4,0.3
2024-01-24T06:00:00Z,0,0,0,100,-9.3,72,14.1,0.4
2024-01-24T07:00:00Z,0,0,0,100,-9.6,75,13.8,0.4
2024-01-24T08:00:00Z,0,0,0,100,-10,77,13.1,0.4
2024-01-24T09:00:00Z,0,0,0,100,-10.2,80,12.5,0.3
2024-01-24T10:00:00Z,0,0,0,98,-10.2,80,12,0.3
2024-01-24T11:00:00Z,0,0,0,100,-10.3,81,10.5,0.1
2024-01-24T12:00:00Z,0,0,0,100,-10.1,82,9.4,0
2024-01-24T13:00:00Z,1,0,1,100,-10.1,84,8.7,0
2024-01-24T14:00:00Z,30,2,28,100,-9.8,83,7.5,0
2024-01-24T15:00:00Z,79,5,74,99,-9.2,82,6.9,0
2024-01-24T16:00:00Z,83,0,83,100,-9,82,6.9,0
2024-01-24T17:00:00Z,108,7,101,100,-8.6,82,4.7,0
2024-01-24T18:00:00Z,90,4,86,100,-8.4,83,4,0
2024-01-24T19:00:00Z,136,9,127,100,-8.1,85,4.9,0
2024-01-24T20:00:00Z,76,1,75,100,-7.6,87,4.7,0
2024-01-24T21:00:00Z,50,1,49,100,-7.4,90,5,0.1
2024-01-24T22:00:00Z,9,0,9,100,-7,92,4,0.2
2024-01-24T23:00:00Z,0,0,0,100,-6.9,93,4.8,0.3
2024-01-25T00:00:00Z,0,0,0,100,-6.7,94,5.5,0.4
2024-01-25T01:00:00Z,0,0,0,100,-6.1,93,5,0.7
2024-01-25T02:00:00Z,0,0,0,100,-5.4,93,4.6,0.7
2024-01-25T03:00:00Z,0,0,0,100,-4.6,93,3.7,1
2024-01-25T04:00:00Z,0,0,0,100,-3.8,93,4.9,1.1
2024-01-25T05:00:00Z,0,0,0,100,-3.4,94,3.7,0.9
2024-01-25T06:00:00Z,0,0,0,100,-2.8,94,4.3,0.6
2024-01-25T07:00:00Z,0,0,0,100,-2.4,94,4.8,0.5
2024-01-25T08:00:00Z,0,0,0,96,-2.2,95,5.9,0.2
2024-01-25T09:00:00Z,0,0,0,59,-2,95,6.8,0
2024-01-25T10:00:00Z,0,0,0,79,-3.1,94,8.4,0
2024-01-25T11:00:00Z,0,0,0,100,-3.4,94,7.4,0
2024-01-25T12:00:00Z,0,0,0,79,-3.4,93,7,0
2024-01-25T13:00:00Z,4,1,3,91,-3.3,93,7.1,0
2024-01-25T14:00:00Z,64,15,49,51,-2.7,90,8.4,0
2024-01-25T15:00:00Z,187,92,95,72,-1.5,85,8.8,0
2024-01-25T16:00:00Z,281,151,130,69,-0.3,83,7.9,0
2024-01-25T17:00:00Z,319,163,156,72,0.5,82,7.2,0
2024-01-25T18:00:00Z,341,181,160,86,1,83,5.9,0
2024-01-25T19:00:00Z,245,98,147,71,1.6,81,4.7,0
2024-01-25T20:00:00Z,210,97,113,59,1.6,80,4.8,0
2024-01-25T21:00:00Z,128,55,73,66,2.5,77,4,0
2024-01-25T22:00:00Z,19,2,17,95,0.7,87,4.2,0
2024-01-25T23:00:00Z,0,0,0,86,0.7,88,4.1,0
2024-01-26T00:00:00Z,0,0,0,59,1.3,84,5.1,0
2024-01-26T01:00:00Z,0,0,0,64,1.1,85,3.8,0
2024-01-26T02:00:00Z,0,0,0,100,-0.2,90,5.4,0
2024-01-26T03:00:00Z,0,0,0,100,0.7,91,6.2,0
2024-01-26T04:00:00Z,0,0,0,100,0.4,91,7.6,0
2024-01-26T05:00:00Z,0,0,0,100,0.4,92,7.6,0
2024-01-26T06:00:00Z,0,0,0,100,0.3,93,7.3,0
2024-01-26T07:00:00Z,0,0,0,100,0.2,93,9.3,0
2024-01-26T08:00:00Z,0,0,0,100,0.2,92,10.6,0
2024-01-26T09:00:00Z,0,0,0,100,0.1,91,8.4,0
2024-01-26T10:00:00Z,0,0,0,100,-0.4,93,8.5,0.1
2024-01-26T11:00:00Z,0,0,0,100,-0.3,93,11.8,0.3
2024-01-26T12:00:00Z,0,0,0,100,-0.2,93,10.2,0.2
2024-01-26T13:00:00Z,1,0,1,100,-0.1,93,11,0.6
2024-01-26T14:00:00Z,11,0,11,100,0.1,94,10.2,1.3
2024-01-26T15:00:00Z,25,0,25,100,0.4,94,10.3,1.6
2024-01-26T16:00:00Z,43,0,43,100,0.7,93,10.8,1.6
2024-01-26T17:00:00Z,43,0,43,100,1,94,10.7,1.4
2024-01-26T18:00:00Z,66,0,66,100,1.3,93,12.8,1.3
2024-01-26T19:00:00Z,110,0,110,100,1.2,93,14.1,0.6
2024-01-26T20:00:00Z,189,39,150,99,1.7,89,12.9,0.2
2024-01-26T21:00:00Z,117,21,96,98,1.9,88,9.4,0
2024-01-26T22:00:00Z,28,5,23,79,1.5,89,7.5,0
2024-01-26T23:00:00Z,0,0,0,92,1.4,89,9.1,0
2024-01-27T00:00:00Z,0,0,0,71,1.1,91,6.5,0
2024-01-27T01:00:00Z,0,0,0,99,0.9,92,6.2,0
2024-01-27T02:00:00Z,0,0,0,92,0.9,93,7.3,0
2024-01-27T03:00:00Z,0,0,0,96,0.7,94,7.2,0
2024-01-27T04:00:00Z,0,0,0,98,0.6,94,7.4,0
2024-01-27T05:00:00Z,0,0,0,100,0,95,7,0
2024-01-27T06:00:00Z,0,0,0,98,-0.1,96,6,0
2024-01-27T07:00:00Z,0,0,0,98,-0.4,95,5.6,0
2024-01-27T08:00:00Z,0,0,0,93,-0.7,95,4.8,0
2024-01-27T09:00:00Z,0,0,0,90,-0.6,94,4.3,0
2024-01-27T10:00:00Z,0,0,0,98,-0.6,95,1.8,0
2024-01-27T11:00:00Z,0,0,0,93,-0.5,95,1.4,0
2024-01-27T12:00:00Z,0,0,0,92,-0.8,95,1.6,0
2024-01-27T13:00:00Z,4,0,4,92,-0.5,94,1.5,0
2024-01-27T14:00:00Z,46,5,41,94,0.2,91,0.5,0
2024-01-27T15:00:00Z,87,3,84,93,0.8,88,2.4,0
2024-01-27T16:00:00Z,172,24,148,99,1.1,89,4.6,0
2024-01-27T17:00:00Z,185,32,153,100,1.4,86,2.7,0
2024-01-27T18:00:00Z,223,44,179,100,1.7,84,4.4,0
2024-01-27T19:00:00Z,188,30,158,100,2,84,4.6,0
2024-01-27T20:00:00Z,99,2,97,100,1.7,85,3.7,0
2024-01-27T21:00:00Z,75,1,74,99,1.6,85,3.2,0
2024-01-27T22:00:00Z,17,1,16,99,1.8,85,1.5,0
2024-01-27T23:00:00Z,0,0,0,100,1.4,87,3.4,0
2024-01-28T00:00:00Z,0,0,0,98,0.9,91,4.5,0
2024-01-28T01:00:00Z,0,0,0,100,1.1,91,6.3,0
2024-01-28T02:00:00Z,0,0,0,99,1,92,4,0
2024-01-28T03:00:00Z,0,0,0,99,0.6,94,3.1,0
2024-01-28T04:00:00Z,0,0,0,99,0.5,95,3.2,0
2024-01-28T05:00:00Z,0,0,0,99,0.3,95,2.4,0
2024-01-28T06:00:00Z,0,0,0,85,-0,96,3.4,0
2024-01-28T07:00:00Z,0,0,0,100,-0.2,96,2.1,0
2024-01-28T08:00:00Z,0,0,0,100,-0,97,1.6,0
2024-01-28T09:00:00Z,0,0,0,100,-0.2,97,1.8,0
2024-01-28T10:00:00Z,0,0,0,100,-0.9,99,1.9,0
2024-01-28T11:00:00Z,0,0,0,100,-0.7,98,4.8,0
2024-01-28T12:00:00Z,0,0,0,99,-0.5,97,6.4,0
2024-01-28T13:00:00Z,4,0,4,100,-0.2,96,3.7,0
2024-01-28T14:00:00Z,59,9,50,100,-0.1,96,4,0
2024-01-28T15:00:00Z,148,46,102,100,0.7,92,7.4,0
2024-01-28T16:00:00Z,239,63,176,99,1.4,87,7.6,0
2024-01-28T17:00:00Z,310,99,211,100,2.1,81,8.4,0
2024-01-28T18:00:00Z,317,118,199,100,2.8,73,10,0
2024-01-28T19:00:00Z,194,53,141,100,2.8,72,10.5,0
2024-01-28T20:00:00Z,153,19,134,100,2.8,72,10.5,0
2024-01-28T21:00:00Z,72,4,68,100,2.3,75,6.2,0
2024-01-28T22:00:00Z,24,2,22,100,1.7,79,5.6,0
2024-01-28T23:00:00Z,0,0,0,100,1.7,79,8.3,0
2024-01-29T00:00:00Z,0,0,0,99,1.6,80,10.1,0
2024-01-29T01:00:00Z,0,0,0,94,1.5,79,9.7,0
2024-01-29T02:00:00Z,0,0,0,86,1.4,79,9.7,0
2024-01-29T03:00:00Z,0,0,0,86,1.1,80,11.2,0
2024-01-29T04:00:00Z,0,0,0,87,0.9,82,11.9,0
2024-01-29T05:00:00Z,0,0,0,90,0.5,81,11.9,0
2024-01-29T06:00:00Z,0,0,0,90,0.5,80,11.9,0
2024-01-29T07:00:00Z,0,0,0,92,-0.1,82,12.2,0
2024-01-29T08:00:00Z,0,0,0,93,-0.6,82,11.5,0
2024-01-29T09:00:00Z,0,0,0,100,-1.1,83,11.3,0
2024-01-29T10:00:00Z,0,0,0,100,-1.5,81,10.5,0
2024-01-29T11:00:00Z,0,0,0,100,-1.6,80,11.3,0
2024-01-29T12:00:00Z,0,0,0,99,-1.8,80,12,0
2024-01-29T13:00:00Z,6,1,5,100,-2,80,11.5,0
2024-01-29T14:00:00Z,80,24,56,99,-1.9,79,12.3,0
2024-01-29T15:00:00Z,164,43,121,100,-1.6,73,12.6,0
2024-01-29T16:00:00Z,259,87,172,100,-1.6,72,11.3,0
2024-01-29T17:00:00Z,273,77,196,100,-1.5,71,11.1,0
2024-01-29T18:00:00Z,313,121,192,100,-1.2,69,10.7,0
2024-01-29T19:00:00Z,239,41,198,100,-1.1,68,10.2,0
2024-01-29T20:00:00Z,174,27,147,100,-1,68,8.7,0
2024-01-29T21:00:00Z,106,18,88,100,-1,67,7.2,0
2024-01-29T22:00:00Z,32,3,29,94,-2.2,76,4,0
2024-01-29T23:00:00Z,0,0,0,96,-2.6,80,4.2,0
2024-01-30T00:00:00Z,0,0,0,89,-3.4,83,5.6,0
2024-01-30T01:00:00Z,0,0,0,82,-4.1,87,5.6,0
2024-01-30T02:00:00Z,0,0,0,69,-4.3,88,5.9,0
2024-01-30T03:00:00Z,0,0,0,68,-4.9,89,6.1,0
2024-01-30T04:00:00Z,0,0,0,74,-6.2,89,5.8,0
2024-01-30T05:00:00Z,0,0,0,84,-6.6,90,8,0
2024-01-30T06:00:00Z,0,0,0,90,-5.9,89,10.3,0
2024-01-30T07:00:00Z,0,0,0,85,-5.8,89,10.4,0
2024-01-30T08:00:00Z,0,0,0,82,-5.3,89,11.1,0
2024-01-30T09:00:00Z,0,0,0,95,-5.3,89,11.4,0
2024-01-30T10:00:00Z,0,0,0,100,-6,87,11.5,0
2024-01-30T11:00:00Z,0,0,0,100,-6.3,85,11.7,0
2024-01-30T12:00:00Z,0,0,0,99,-7,84,12.3,0
2024-01-30T13:00:00Z,7,1,6,99,-7.6,83,12.7,0
2024-01-30T14:00:00Z,87,26,61,98,-8.1,80,12.8,0
2024-01-30T15:00:00Z,200,80,120,99,-7.4,76,12.8,0
2024-01-30T16:00:00Z,298,127,171,99,-6.8,72,12.4,0
2024-01-30T17:00:00Z,371,177,194,100,-6.1,70,11.6,0
2024-01-30T18:00:00Z,345,140,205,100,-5.7,69,11.3,0
2024-01-30T19:00:00Z,306,89,217,100,-5.2,69,11.4,0
2024-01-30T20:00:00Z,240,80,160,100,-5.2,69,11.8,0
2024-01-30T21:00:00Z,127,13,114,99,-5.4,69,11,0
2024-01-30T22:00:00Z,40,6,34,97,-5.8,70,8,0
2024-01-30T23:00:00Z,0,0,0,95,-6.3,73,9,0
2024-01-31T00:00:00Z,0,0,0,94,-6.6,74,8.7,0
2024-01-31T01:00:00Z,0,0,0,82,-7.1,75,8,0
2024-01-31T02:00:00Z,0,0,0,73,-7.2,75,7.3,0
2024-01-31T03:00:00Z,0,0,0,74,-7.5,77,7.1,0
2024-01-31T04:00:00Z,0,0,0,74,-7.2,77,6.7,0
2024-01-31T05:00:00Z,0,0,0,79,-7.4,78,6,0
2024-01-31T06:00:00Z,0,0,0,86,-7,79,5.6,0
2024-01-31T07:00:00Z,0,0,0,91,-7.1,81,4.8,0
2024-01-31T08:00:00Z,0,0,0,89,-6.5,82,5.2,0
2024-01-31T09:00:00Z,0,0,0,91,-6.3,82,5.2,0
2024-01-31T10:00:00Z,0,0,0,96,-6.5,85,4.2,0
2024-01-31T11:00:00Z,0,0,0,99,-6.2,85,2.9,0
2024-01-31T12:00:00Z,0,0,0,99,-6.1,87,2.6,0
2024-01-31T13:00:00Z,4,0,4,100,-5.8,85,2.5,0
2024-01-31T14:00:00Z,30,0,30,100,-5.6,86,2.9,0
2024-01-31T15:00:00Z,99,2,97,100,-4.5,84,2.5,0
2024-01-31T16:00:00Z,158,8,150,100,-3.4,83,4,0
2024-01-31T17:00:00Z,190,12,178,100,-2.2,83,5.9,0
2024-01-31T18:00:00Z,276,92,184,94,-0.9,82,7.3,0
2024-01-31T19:00:00Z,280,100,180,90,0.2,81,10.1,0
2024-01-31T20:00:00Z,132,16,116,97,1.1,80,10.3,0
2024-01-31T21:00:00Z,59,1,58,100,1.7,80,9,0
2024-01-31T22:00:00Z,20,4,16,97,1.5,82,7.8,0
2024-01-31T23:00:00Z,0,0,0,99,1.5,83,8.4,0
2024-02-01T00:00:00Z,0,0,0,98,1.4,84,10.2,0
2024-02-01T01:00:00Z,0,0,0,94,1.2,86,11,0
2024-02-01T02:00:00Z,0,0,0,99,1.4,87,12,0
2024-02-01T03:00:00Z,0,0,0,99,1.4,88,12.9,0
2024-02-01T04:00:00Z,0,0,0,100,1.5,88,12.6,0
2024-02-01T05:00:00Z,0,0,0,100,1.8,87,12.6,0
2024-02-01T06:00:00Z,0,0,0,100,2,87,12.2,0
2024-02-01T07:00:00Z,0,0,0,100,2.1,88,12.8,0
2024-02-01T08:00:00Z,0,0,0,100,2.1,88,12.6,0
2024-02-01T09:00:00Z,0,0,0,100,1.9,89,13,0
2024-02-01T10:00:00Z,0,0,0,100,1.7,91,13.2,0
2024-02-01T11:00:00Z,0,0,0,100,1.6,93,12.7,0.1
2024-02-01T12:00:00Z,0,0,0,100,1.6,94,12.9,0.1
2024-02-01T13:00:00Z,2,0,2,100,1.6,94,12.6,0.1
2024-02-01T14:00:00Z,21,0,21,100,1.9,93,11.4,0.1
2024-02-01T15:00:00Z,71,1,70,100,2.3,92,12.7,0.1
2024-02-01T16:00:00Z,136,27,109,99,2.8,89,11.5,0.1
2024-02-01T17:00:00Z,166,25,141,99,3.3,86,10.2,0.1
2024-02-01T18:00:00Z,115,3,112,99,3.1,87,11.3,0.2
2024-02-01T19:00:00Z,152,14,138,100,3,90,10.5,0.2
2024-02-01T20:00:00Z,78,0,78,100,2.9,90,7.7,0.3
2024-02-01T21:00:00Z,45,1,44,100,2.7,91,7.2,0.3
2024-02-01T22:00:00Z,17,0,17,99,2.1,94,6,0.2
2024-02-01T23:00:00Z,0,0,0,90,1.8,95,5.9,0.1
2024-02-02T00:00:00Z,0,0,0,97,1.8,95,6.1,0
2024-02-02T01:00:00Z,0,0,0,100,1.4,95,7.1,0
2024-02-02T02:00:00Z,0,0,0,100,0.8,95,8.2,0
2024-02-02T03:00:00Z,0,0,0,98,1,94,8.9,0
2024-02-02T04:00:00Z,0,0,0,100,0.9,94,9.5,0
2024-02-02T05:00:00Z,0,0,0,98,0.6,94,10.1,0
2024-02-02T06:00:00Z,0,0,0,97,0.3,94,10.9,0
2024-02-02T07:00:00Z,0,0,0,93,0.3,93,11.5,0
2024-02-02T08:00:00Z,0,0,0,90,0.4,92,12.5,0
2024-02-02T09:00:00Z,0,0,0,100,0.4,92,13.8,0
2024-02-02T10:00:00Z,0,0,0,100,1.3,86,13.3,0
2024-02-02T11:00:00Z,0,0,0,98,1.1,83,15,0
2024-02-02T12:00:00Z,0,0,0,99,0.8,82,15.9,0
2024-02-02T13:00:00Z,7,1,6,100,0.5,81,15.6,0
2024-02-02T14:00:00Z,75,17,58,98,0.3,79,16.6,0
2024-02-02T15:00:00Z,189,84,105,100,0.2,77,17,0
2024-02-02T16:00:00Z,243,54,189,97,-0.1,76,16.6,0
2024-02-02T17:00:00Z,312,112,200,99,-0.3,75,16.2,0
2024-02-02T18:00:00Z,349,149,200,96,-0.5,74,15.8,0
2024-02-02T19:00:00Z,318,116,202,92,-0.8,74,15.1,0
2024-02-02T20:00:00Z,213,44,169,92,-0.9,73,14.1,0
2024-02-02T21:00:00Z,136,24,112,90,-1,71,13.4,0
2024-02-02T22:00:00Z,45,10,35,78,-1.1,71,10.5,0
2024-02-02T23:00:00Z,0,0,0,52,-1.6,74,10.5,0
2024-02-03T00:00:00Z,0,0,0,10,-2.7,80,9.1,0
2024-02-03T01:00:00Z,0,0,0,0,-3.3,81,9,0
2024-02-03T02:00:00Z,0,0,0,0,-4.4,81,9.4,0
2024-02-03T03:00:00Z,0,0,0,6,-5,82,9,0
2024-02-03T04:00:00Z,0,0,0,8,-5.8,82,9.1,0
2024-02-03T05:00:00Z,0,0,0,1,-6.5,81,8.3,0
2024-02-03T06:00:00Z,0,0,0,19,-7.1,82,8.6,0
2024-02-03T07:00:00Z,0,0,0,60,-7.7,83,7.9,0
2024-02-03T08:00:00Z,0,0,0,66,-8.1,84,6.9,0
2024-02-03T09:00:00Z,0,0,0,42,-9.3,85,6.5,0
2024-02-03T10:00:00Z,0,0,0,27,-9.5,87,7.2,0
2024-02-03T11:00:00Z,0,0,0,41,-10.6,89,6.5,0
2024-02-03T12:00:00Z,0,0,0,4,-10.3,90,6.6,0
2024-02-03T13:00:00Z,15,8,7,97,-10.4,91,5.2,0
2024-02-03T14:00:00Z,127,75,52,100,-8.2,84,4,0
2024-02-03T15:00:00Z,218,85,133,100,-5.8,76,1.3,0
2024-02-03T16:00:00Z,224,18,206,100,-4.7,73,1.5,0
2024-02-03T17:00:00Z,234,20,214,99,-3.9,72,2.2,0
2024-02-03T18:00:00Z,252,33,219,100,-3,67,2.3,0
2024-02-03T19:00:00Z,162,12,150,99,-2.8,67,2.6,0.1
2024-02-03T20:00:00Z,135,5,130,85,-2.2,64,3.1,0.1
2024-02-03T21:00:00Z,96,24,72,78,-2.2,66,4.1,0
2024-02-03T22:00:00Z,39,11,28,84,-2.6,74,5.9,0
2024-02-03T23:00:00Z,0,0,0,90,-2.9,78,6.2,0
2024-02-04T00:00:00Z,0,0,0,67,-3,79,5.4,0
2024-02-04T01:00:00Z,0,0,0,52,-3.4,81,4.2,0
2024-02-04T02:00:00Z,0,0,0,24,-3.8,82,4.1,0
2024-02-04T03:00:00Z,0,0,0,17,-5.1,84,8.2,0
2024-02-04T04:00:00Z,0,0,0,14,-6.2,86,9,0
2024-02-04T05:00:00Z,0,0,0,18,-6.9,88,9,0
2024-02-04T06:00:00Z,0,0,0,12,-7.1,90,9.3,0
2024-02-04T07:00:00Z,0,0,0,11,-7.5,91,7.8,0
2024-02-04T08:00:00Z,0,0,0,8,-8.1,93,5.8,0
2024-02-04T09:00:00Z,0,0,0,17,-9.1,94,4.7,0
2024-02-04T10:00:00Z,0,0,0,39,-10.5,97,5.5,0
2024-02-04T11:00:00Z,0,0,0,63,-12,98,6.3,0
2024-02-04T12:00:00Z,0,0,0,71,-11.5,98,3.9,0
2024-02-04T13:00:00Z,14,6,8,79,-9.8,97,5,0
2024-02-04T14:00:00Z,109,55,54,86,-7.5,93,4.3,0
2024-02-04T15:00:00Z,250,152,98,84,-5.4,86,3.2,0
2024-02-04T16:00:00Z,302,166,136,76,-3.8,80,2.9,0
2024-02-04T17:00:00Z,335,169,166,78,-2.3,75,2.5,0
2024-02-04T18:00:00Z,365,199,166,86,-1,70,1.5,0
2024-02-04T19:00:00Z,248,91,157,77,-0.2,68,1.3,0
2024-02-04T20:00:00Z,181,39,142,74,0.4,69,2.1,0
2024-02-04T21:00:00Z,126,46,80,82,0.5,73,2.6,0
2024-02-04T22:00:00Z,45,18,27,72,0.1,72,4.2,0
2024-02-04T23:00:00Z,0,0,0,79,-0.5,77,4.5,0
2024-02-05T00:00:00Z,0,0,0,82,-1.2,81,5.4,0
2024-02-05T01:00:00Z,0,0,0,78,-1.2,83,6.1,0
2024-02-05T02:00:00Z,0,0,0,75,-1,84,7.2,0
2024-02-05T03:00:00Z,0,0,0,76,-1.1,83,8.3,0
2024-02-05T04:00:00Z,0,0,0,72,-1.5,84,9.1,0
2024-02-05T05:00:00Z,0,0,0,69,-1.7,85,9.1,0
2024-02-05T06:00:00Z,0,0,0,67,-1.9,84,8.7,0
2024-02-05T07:00:00Z,0,0,0,57,-2.8,84,8.8,0
2024-02-05T08:00:00Z,0,0,0,42,-3.1,84,9.2,0
2024-02-05T09:00:00Z,0,0,0,28,-3.8,84,9.2,0
2024-02-05T10:00:00Z,0,0,0,18,-5.1,86,8.4,0
2024-02-05T11:00:00Z,0,0,0,10,-6.2,86,8.2,0
2024-02-05T12:00:00Z,0,0,0,14,-7.2,86,8.1,0
2024-02-05T13:00:00Z,18,9,9,1,-7,86,8,0
2024-02-05T14:00:00Z,141,92,49,0,-5.2,76,7.2,0
2024-02-05T15:00:00Z,298,235,63,0,-3.2,64,6.2,0
2024-02-05T16:00:00Z,422,347,75,0,-1.3,56,5.4,0
2024-02-05T17:00:00Z,497,415,82,0,0.3,48,5.8,0
2024-02-05T18:00:00Z,514,431,83,0,1.3,45,7.8,0
2024-02-05T19:00:00Z,472,393,79,0,2.1,43,9.5,0
2024-02-05T20:00:00Z,377,307,70,0,2.4,43,10.5,0
2024-02-05T21:00:00Z,239,183,56,0,2.4,44,9.1,0
2024-02-05T22:00:00Z,84,56,28,0,0.5,56,8.4,0
2024-02-05T23:00:00Z,1,0,1,0,-1.3,68,11.4,0
2024-02-06T00:00:00Z,0,0,0,0,-2.2,72,12.3,0
2024-02-06T01:00:00Z,0,0,0,0,-3.4,74,11.6,0
2024-02-06T02:00:00Z,0,0,0,0,-4.5,76,10.9,0
2024-02-06T03:00:00Z,0,0,0,0,-5.4,76,10.6,0
2024-02-06T04:00:00Z,0,0,0,0,-6.2,76,10.1,0
2024-02-06T05:00:00Z,0,0,0,0,-7.2,77,9.1,0
2024-02-06T06:00:00Z,0,0,0,0,-8.1,77,7.5,0
2024-02-06T07:00:00Z,0,0,0,0,-9.1,79,6.2,0
2024-02-06T08:00:00Z,0,0,0,0,-11,81,8,0
2024-02-06T09:00:00Z,0,0,0,0,-11.7,82,8.5,0
2024-02-06T10:00:00Z,0,0,0,0,-13.5,87,8.2,0
2024-02-06T11:00:00Z,0,0,0,0,-13.9,88,6.9,0
2024-02-06T12:00:00Z,0,0,0,0,-14.1,89,5.4,0
2024-02-06T13:00:00Z,20,11,9,0,-13.5,88,4.3,0
2024-02-06T14:00:00Z,152,108,44,0,-9,77,4.7,0
2024-02-06T15:00:00Z,305,241,64,0,-4.1,63,1.8,0
2024-02-06T16:00:00Z,426,350,76,0,-1.8,58,2.4,0
2024-02-06T17:00:00Z,498,416,82,1,-0.7,56,2.3,0
2024-02-06T18:00:00Z,514,431,83,0,0.2,52,0.5,0
2024-02-06T19:00:00Z,473,393,80,7,1.3,49,0.4,0
2024-02-06T20:00:00Z,379,307,72,33,1.7,55,2.7,0
2024-02-06T21:00:00Z,241,183,58,24,1.5,54,3.1,0
2024-02-06T22:00:00Z,83,48,35,53,-0.3,57,5.8,0
2024-02-06T23:00:00Z,1,0,1,83,-2.4,67,6.8,0
2024-02-07T00:00:00Z,0,0,0,67,-2.6,69,6.2,0
2024-02-07T01:00:00Z,0,0,0,19,-3.4,73,5.7,0
2024-02-07T02:00:00Z,0,0,0,1,-4,76,5.1,0
2024-02-07T03:00:00Z,0,0,0,0,-4.4,78,5.1,0
2024-02-07T04:00:00Z,0,0,0,1,-5.3,82,5.1,0
2024-02-07T05:00:00Z,0,0,0,25,-6.8,87,7.8,0
2024-02-07T06:00:00Z,0,0,0,66,-8.7,90,9.2,0
2024-02-07T07:00:00Z,0,0,0,96,-9,91,8,0
2024-02-07T08:00:00Z,0,0,0,55,-8.8,91,3,0
2024-02-07T09:00:00Z,0,0,0,56,-9.3,91,2.3,0
2024-02-07T10:00:00Z,0,0,0,94,-9.1,91,3.6,0
2024-02-07T11:00:00Z,0,0,0,99,-8.5,90,5.4,0
2024-02-07T12:00:00Z,0,0,0,99,-9.5,90,5.9,0
2024-02-07T13:00:00Z,14,2,12,98,-8.9,89,4.9,0
2024-02-07T14:00:00Z,80,15,65,100,-6.9,85,3.8,0
2024-02-07T15:00:00Z,189,45,144,96,-4.3,76,3.7,0
2024-02-07T16:00:00Z,214,15,199,99,-2.9,72,3.9,0.1
2024-02-07T17:00:00Z,299,62,237,95,-1.3,66,4.2,0.3
2024-02-07T18:00:00Z,238,34,204,93,-0.4,62,4.8,0
2024-02-07T19:00:00Z,236,47,189,93,0,61,4.8,0
2024-02-07T20:00:00Z,181,31,150,92,0.5,62,5,0
2024-02-07T21:00:00Z,175,67,108,57,0.6,64,5.2,0
2024-02-07T22:00:00Z,69,27,42,100,0,68,5,0
2024-02-07T23:00:00Z,2,0,2,98,-0.2,72,7.8,0
2024-02-08T00:00:00Z,0,0,0,77,-0.8,74,7.4,0
2024-02-08T01:00:00Z,0,0,0,74,-2.1,76,5.2,0
2024-02-08T02:00:00Z,0,0,0,89,-2.6,77,6.2,0
2024-02-08T03:00:00Z,0,0,0,78,-3.1,80,6,0
2024-02-08T04:00:00Z,0,0,0,80,-3.5,80,5.2,0
2024-02-08T05:00:00Z,0,0,0,77,-2.6,80,4.7,0
2024-02-08T06:00:00Z,0,0,0,68,-2.4,82,5.1,0
2024-02-08T07:00:00Z,0,0,0,29,-3,84,4.7,0
2024-02-08T08:00:00Z,0,0,0,27,-3.8,86,5.8,0
2024-02-08T09:00:00Z,0,0,0,89,-4.5,87,7.6,0
2024-02-08T10:00:00Z,0,0,0,2,-6.1,88,7.8,0
2024-02-08T11:00:00Z,0,0,0,1,-5.8,88,6.7,0
2024-02-08T12:00:00Z,0,0,0,0,-6.5,88,7.8,0
2024-02-08T13:00:00Z,23,13,10,22,-6.1,87,6.7,0
2024-02-08T14:00:00Z,155,110,45,88,-3,78,7.6,0
2024-02-08T15:00:00Z,306,242,64,76,0,66,6.5,0
2024-02-08T16:00:00Z,422,343,79,60,2.2,57,7.1,0
2024-02-08T17:00:00Z,483,376,107,97,3.7,51,6.8,0
2024-02-08T18:00:00Z,508,416,92,100,4.8,47,7.7,0
2024-02-08T19:00:00Z,448,322,126,100,5.3,47,9.4,0
2024-02-08T20:00:00Z,333,189,144,100,5.2,48,10,0
2024-02-08T21:00:00Z,180,54,126,100,5,51,8.7,0
2024-02-08T22:00:00Z,65,10,55,100,3.5,59,8.6,0
2024-02-08T23:00:00Z,2,0,2,100,2.8,63,12,0
2024-02-09T00:00:00Z,0,0,0,92,2.3,66,12.7,0
2024-02-09T01:00:00Z,0,0,0,97,1.3,71,13.5,0
2024-02-09T02:00:00Z,0,0,0,98,0.7,74,13.9,0
2024-02-09T03:00:00Z,0,0,0,99,0.6,77,13.2,0
2024-02-09T04:00:00Z,0,0,0,94,0.5,78,13.1,0
2024-02-09T05:00:00Z,0,0,0,97,0.4,79,12.8,0
2024-02-09T06:00:00Z,0,0,0,100,0.5,78,10.8,0
2024-02-09T07:00:00Z,0,0,0,100,0.5,78,10,0
2024-02-09T08:00:00Z,0,0,0,100,0.5,78,11.4,0
2024-02-09T09:00:00Z,0,0,0,100,0.5,79,11.2,0
2024-02-09T10:00:00Z,0,0,0,100,0.7,79,10.2,0
2024-02-09T11:00:00Z,0,0,0,96,0.6,80,10.1,0
2024-02-09T12:00:00Z,0,0,0,92,0.4,81,11.3,0
2024-02-09T13:00:00Z,7,0,7,24,1.4,79,12.4,0
2024-02-09T14:00:00Z,106,58,48,37,2.7,74,13,0
2024-02-09T15:00:00Z,206,107,99,46,4.5,69,13,0
2024-02-09T16:00:00Z,300,173,127,53,5.5,67,14.4,0
2024-02-09T17:00:00Z,424,300,124,55,6.9,62,14.4,0
2024-02-09T18:00:00Z,475,342,133,71,8,61,15.7,0
2024-02-09T19:00:00Z,375,237,138,37,8.6,61,15.4,0.1
2024-02-09T20:00:00Z,321,220,101,7,8.7,63,15.7,0
2024-02-09T21:00:00Z,239,180,59,17,8.2,67,14.1,0
2024-02-09T22:00:00Z,87,56,31,31,7.3,73,16.7,0
2024-02-09T23:00:00Z,2,1,1,64,7,77,15.4,0
2024-02-10T00:00:00Z,0,0,0,99,7.5,78,15.3,0.2
2024-02-10T01:00:00Z,0,0,0,79,6.9,83,13,0.2
2024-02-10T02:00:00Z,0,0,0,95,6.1,88,11.3,0.4
2024-02-10T03:00:00Z,0,0,0,37,5.1,92,11.8,0.8
2024-02-10T04:00:00Z,0,0,0,32,4.7,92,12.1,0.4
2024-02-10T05:00:00Z,0,0,0,6,4.8,94,11.8,0
2024-02-10T06:00:00Z,0,0,0,26,4.8,95,12.6,0
2024-02-10T07:00:00Z,0,0,0,10,4.8,94,13.2,0
2024-02-10T08:00:00Z,0,0,0,4,4.4,93,13.2,0
2024-02-10T09:00:00Z,0,0,0,1,4.4,92,12.4,0
2024-02-10T10:00:00Z,0,0,0,7,3.8,90,11,0
2024-02-10T11:00:00Z,0,0,0,9,3.3,90,9.7,0
2024-02-10T12:00:00Z,0,0,0,15,3,90,8.8,0
2024-02-10T13:00:00Z,26,15,11,10,3.1,89,9.9,0
2024-02-10T14:00:00Z,161,114,47,9,4.3,85,10.5,0
2024-02-10T15:00:00Z,314,250,64,12,5.6,78,10.2,0
2024-02-10T16:00:00Z,422,337,85,12,6.7,71,12.2,0
2024-02-10T17:00:00Z,457,347,110,47,6.4,68,17.4,0
2024-02-10T18:00:00Z,444,315,129,94,6.5,65,17.3,0
2024-02-10T19:00:00Z,292,109,183,98,6.3,65,17.3,0
2024-02-10T20:00:00Z,234,92,142,98,5.9,66,13.8,0
2024-02-10T21:00:00Z,141,59,82,100,5.3,68,12.1,0
2024-02-10T22:00:00Z,45,15,30,95,4.9,71,8.5,0
2024-02-10T23:00:00Z,2,0,2,100,4.3,75,9,0
2024-02-11T00:00:00Z,0,0,0,100,3.6,78,10.4,0
2024-02-11T01:00:00Z,0,0,0,100,3.4,80,12.8,0
2024-02-11T02:00:00Z,0,0,0,100,3.8,78,14.1,0
2024-02-11T03:00:00Z,0,0,0,97,4.1,75,14.1,0
2024-02-11T04:00:00Z,0,0,0,100,3.9,75,13.3,0
2024-02-11T05:00:00Z,0,0,0,99,3.5,76,12.2,0
2024-02-11T06:00:00Z,0,0,0,99,3.2,78,13.1,0
2024-02-11T07:00:00Z,0,0,0,100,2.9,79,12.8,0.1
2024-02-11T08:00:00Z,0,0,0,99,2.7,79,12.3,0.1
2024-02-11T09:00:00Z,0,0,0,98,2.5,79,12.6,0
2024-02-11T10:00:00Z,0,0,0,99,1.7,81,12.1,0
2024-02-11T11:00:00Z,0,0,0,99,1.7,80,12.8,0
2024-02-11T12:00:00Z,0,0,0,96,1.7,80,12.7,0
2024-02-11T13:00:00Z,14,2,12,94,1.5,80,13,0
2024-02-11T14:00:00Z,99,26,73,69,1.6,77,14.8,0
2024-02-11T15:00:00Z,227,86,141,90,2.1,74,15.9,0
2024-02-11T16:00:00Z,320,152,168,100,2.5,71,14.8,0
2024-02-11T17:00:00Z,313,84,229,100,2.5,70,13.8,0
2024-02-11T18:00:00Z,312,85,227,100,2.7,69,13.5,0
2024-02-11T19:00:00Z,249,46,203,100,2.6,68,13.8,0
2024-02-11T20:00:00Z,168,13,155,100,2.6,67,13.7,0
2024-02-11T21:00:00Z,81,5,76,100,2.5,69,10.5,0
2024-02-11T22:00:00Z,36,1,35,100,2.2,71,7,0
2024-02-11T23:00:00Z,2,0,2,100,1.6,74,8,0
2024-02-12T00:00:00Z,0,0,0,93,1.4,76,7.8,0
2024-02-12T01:00:00Z,0,0,0,100,1.3,76,7.2,0
2024-02-12T02:00:00Z,0,0,0,100,1.2,77,6.6,0
2024-02-12T03:00:00Z,0,0,0,100,1.1,77,7.9,0
2024-02-12T04:00:00Z,0,0,0,98,1,77,7.4,0
2024-02-12T05:00:00Z,0,0,0,99,0.9,78,8.2,0
2024-02-12T06:00:00Z,0,0,0,96,0.7,79,8.3,0.1
2024-02-12T07:00:00Z,0,0,0,95,0.5,80,9.1,0
2024-02-12T08:00:00Z,0,0,0,93,0.2,81,10.3,0
2024-02-12T09:00:00Z,0,0,0,54,0.3,79,10.5,0
2024-02-12T10:00:00Z,0,0,0,75,-0.3,80,9,0
2024-02-12T11:00:00Z,0,0,0,96,-0.5,80,8.3,0
2024-02-12T12:00:00Z,0,0,0,87,-0.6,77,8.3,0
2024-02-12T13:00:00Z,21,5,16,96,-0.6,75,8.3,0
2024-02-12T14:00:00Z,96,17,79,94,-0.5,72,10,0
2024-02-12T15:00:00Z,160,9,151,98,-0.3,71,9.2,0
2024-02-12T16:00:00Z,237,41,196,93,0.1,69,8.7,0
2024-02-12T17:00:00Z,319,79,240,100,0.6,65,8.7,0
2024-02-12T18:00:00Z,335,86,249,100,1.2,61,8.7,0
2024-02-12T19:00:00Z,271,65,206,100,1.5,60,9.1,0
2024-02-12T20:00:00Z,193,37,156,100,1.9,56,9,0
2024-02-12T21:00:00Z,115,17,98,92,1.8,54,6.9,0
2024-02-12T22:00:00Z,58,16,42,94,0.9,62,4.3,0
2024-02-12T23:00:00Z,4,1,3,37,1.2,51,5.6,0
2024-02-13T00:00:00Z,0,0,0,7,0.4,56,7.6,0
2024-02-13T01:00:00Z,0,0,0,0,-0.9,73,6.9,0
2024-02-13T02:00:00Z,0,0,0,0,-1.8,74,8.5,0
2024-02-13T03:00:00Z,0,0,0,0,-2.3,76,8.9,0
2024-02-13T04:00:00Z,0,0,0,0,-3.8,79,7.9,0
2024-02-13T05:00:00Z,0,0,0,0,-5.3,82,8.8,0
2024-02-13T06:00:00Z,0,0,0,55,-5.8,85,7.1,0
2024-02-13T07:00:00Z,0,0,0,98,-5.5,84,5.1,0
2024-02-13T08:00:00Z,0,0,0,95,-5.6,84,3.3,0
2024-02-13T09:00:00Z,0,0,0,92,-5.3,85,3.4,0
2024-02-13T10:00:00Z,0,0,0,99,-4.4,83,2.4,0
2024-02-13T11:00:00Z,0,0,0,93,-4.5,83,3.9,0
2024-02-13T12:00:00Z,0,0,0,83,-4.3,82,4.4,0
2024-02-13T13:00:00Z,29,9,20,32,-4.2,82,5.2,0
2024-02-13T14:00:00Z,147,57,90,40,-3.2,84,2.6,0
2024-02-13T15:00:00Z,298,170,128,55,-0.7,76,0.7,0
2024-02-13T16:00:00Z,400,227,173,88,0.8,71,1.5,0
2024-02-13T17:00:00Z,452,273,179,99,1.6,64,1.1,0
2024-02-13T18:00:00Z,387,221,166,98,1.1,72,3.1,0.1
2024-02-13T19:00:00Z,272,68,204,98,1.1,69,6.5,0.3
2024-02-13T20:00:00Z,232,63,169,100,0.5,75,9.5,0.2
2024-02-13T21:00:00Z,127,27,100,98,-0.2,81,10.6,0.4
2024-02-13T22:00:00Z,60,6,54,93,-0.5,78,11.3,0.2
2024-02-13T23:00:00Z,4,0,4,99,-1.3,81,14.7,0.1
2024-02-14T00:00:00Z,0,0,0,100,-2,75,19.3,0.1
2024-02-14T01:00:00Z,0,0,0,100,-3.3,70,20.8,0.1
2024-02-14T02:00:00Z,0,0,0,100,-4.2,70,22.2,0
2024-02-14T03:00:00Z,0,0,0,100,-6.1,70,23.3,0
2024-02-14T04:00:00Z,0,0,0,100,-7.8,70,23.5,0
2024-02-14T05:00:00Z,0,0,0,97,-9.5,67,22.6,0
2024-02-14T06:00:00Z,0,0,0,99,-10.1,65,21.4,0
2024-02-14T07:00:00Z,0,0,0,100,-10.4,64,20.7,0
2024-02-14T08:00:00Z,0,0,0,98,-10.6,65,18.8,0
2024-02-14T09:00:00Z,0,0,0,99,-10.7,67,16.4,0
2024-02-14T10:00:00Z,0,0,0,100,-11,70,11.8,0
2024-02-14T11:00:00Z,0,0,0,14,-11.1,72,10.4,0
2024-02-14T12:00:00Z,0,0,0,63,-11.5,73,12.9,0
2024-02-14T13:00:00Z,36,20,16,99,-11.4,73,13.6,0
2024-02-14T14:00:00Z,182,118,64,100,-10.7,69,18,0
2024-02-14T15:00:00Z,301,168,133,100,-9.7,65,18,0
2024-02-14T16:00:00Z,430,275,155,93,-8.8,61,18.4,0
2024-02-14T17:00:00Z,530,413,117,35,-7.4,56,19.8,0
2024-02-14T18:00:00Z,550,431,119,10,-6.5,54,21.3,0
2024-02-14T19:00:00Z,526,441,85,0,-5.4,51,21.6,0
2024-02-14T20:00:00Z,432,357,75,4,-4.7,49,23.6,0
2024-02-14T21:00:00Z,291,232,59,0,-4.5,48,22.6,0
2024-02-14T22:00:00Z,124,87,37,0,-4.4,46,15.5,0
2024-02-14T23:00:00Z,8,4,4,0,-5.3,48,13.9,0
2024-02-15T00:00:00Z,0,0,0,3,-6,51,15,0
2024-02-15T01:00:00Z,0,0,0,13,-6.6,54,15.9,0
2024-02-15T02:00:00Z,0,0,0,51,-7.3,57,15.7,0
2024-02-15T03:00:00Z,0,0,0,69,-7.9,59,14.2,0
2024-02-15T04:00:00Z,0,0,0,52,-8.7,62,13.3,0
2024-02-15T05:00:00Z,0,0,0,18,-9.9,65,11.8,0
2024-02-15T06:00:00Z,0,0,0,0,-10.6,66,10.5,0
2024-02-15T07:00:00Z,0,0,0,0,-11.1,67,7.1,0
2024-02-15T08:00:00Z,0,0,0,3,-12.3,69,8.9,0
2024-02-15T09:00:00Z,0,0,0,54,-13.7,72,7.4,0
2024-02-15T10:00:00Z,0,0,0,6,-12.8,76,5,0
2024-02-15T11:00:00Z,0,0,0,0,-12.8,77,5.9,0
2024-02-15T12:00:00Z,0,0,0,0,-12.7,79,3.7,0
2024-02-15T13:00:00Z,41,26,15,11,-11.7,76,2.4,0
2024-02-15T14:00:00Z,195,147,48,12,-10.2,75,3.7,0
2024-02-15T15:00:00Z,335,259,76,100,-7.5,65,5.9,0
2024-02-15T16:00:00Z,470,383,87,100,-6,59,7.6,0
2024-02-15T17:00:00Z,499,322,177,100,-4.6,53,8.6,0
2024-02-15T18:00:00Z,404,129,275,100,-3.9,52,9,0
2024-02-15T19:00:00Z,279,40,239,100,-3.4,52,9.4,0
2024-02-15T20:00:00Z,210,12,198,100,-3.3,54,9.2,0.1
2024-02-15T21:00:00Z,107,1,106,100,-3.5,57,10.5,0.1
2024-02-15T22:00:00Z,44,0,44,100,-3.9,64,9.8,0.2
2024-02-15T23:00:00Z,2,0,2,100,-4.3,70,9.1,0.5
2024-02-16T00:00:00Z,0,0,0,100,-5.1,78,11.3,0.9
2024-02-16T01:00:00Z,0,0,0,100,-5.9,81,13.4,1
2024-02-16T02:00:00Z,0,0,0,100,-6.3,85,14,0.9
2024-02-16T03:00:00Z,0,0,0,100,-6.6,87,13.2,0.7
2024-02-16T04:00:00Z,0,0,0,100,-6.7,88,11.5,0.6
2024-02-16T05:00:00Z,0,0,0,100,-6.7,89,9.5,0.5
2024-02-16T06:00:00Z,0,0,0,100,-6.7,89,10,0.5
2024-02-16T07:00:00Z,0,0,0,100,-6.9,90,11.1,0.3
2024-02-16T08:00:00Z,0,0,0,100,-6.9,91,11.2,0.2
2024-02-16T09:00:00Z,0,0,0,100,-6.8,90,10.7,0.1
2024-02-16T10:00:00Z,0,0,0,100,-7,91,10.3,0.1
2024-02-16T11:00:00Z,0,0,0,100,-7.1,91,9.2,0.1
2024-02-16T12:00:00Z,0,0,0,98,-7.4,93,8.5,0
2024-02-16T13:00:00Z,31,4,27,95,-7,92,9.1,0
2024-02-16T14:00:00Z,151,48,103,98,-5.8,88,10.4,0
2024-02-16T15:00:00Z,281,123,158,97,-4.2,82,15.7,0
2024-02-16T16:00:00Z,379,149,230,100,-2.7,72,18.9,0
2024-02-16T17:00:00Z,335,65,270,94,-2.2,67,19.2,0.1
2024-02-16T18:00:00Z,361,134,227,59,-2,67,18.7,0.1
2024-02-16T19:00:00Z,448,279,169,44,-2.1,68,17.7,0
2024-02-16T20:00:00Z,403,282,121,52,-2.2,67,16.3,0
2024-02-16T21:00:00Z,265,154,111,12,-2.4,65,13.7,0
2024-02-16T22:00:00Z,130,89,41,35,-3.9,64,10.8,0
2024-02-16T23:00:00Z,10,4,6,60,-5.7,73,9.5,0
2024-02-17T00:00:00Z,0,0,0,83,-7,76,9.4,0
2024-02-17T01:00:00Z,0,0,0,91,-8.2,78,10.4,0
2024-02-17T02:00:00Z,0,0,0,98,-8.9,79,10.5,0
2024-02-17T03:00:00Z,0,0,0,96,-9.9,80,10.7,0
2024-02-17T04:00:00Z,0,0,0,96,-10.5,79,9.6,0
2024-02-17T05:00:00Z,0,0,0,100,-10.2,78,9.1,0
2024-02-17T06:00:00Z,0,0,0,97,-10.3,78,8.2,0
2024-02-17T07:00:00Z,0,0,0,96,-10.4,79,8.2,0
2024-02-17T08:00:00Z,0,0,0,100,-11.3,79,7.9,0
2024-02-17T09:00:00Z,0,0,0,99,-12.2,80,7.4,0
2024-02-17T10:00:00Z,0,0,0,98,-13.4,80,7.4,0
2024-02-17T11:00:00Z,0,0,0,63,-14.2,80,7.6,0
2024-02-17T12:00:00Z,0,0,0,4,-15.2,80,8.5,0
2024-02-17T13:00:00Z,48,29,19,10,-15.2,80,9.7,0
2024-02-17T14:00:00Z,211,156,55,2,-12.8,72,8.9,0
2024-02-17T15:00:00Z,344,271,73,50,-11,65,13.2,0
2024-02-17T16:00:00Z,496,400,96,100,-10.1,59,14,0
2024-02-17T17:00:00Z,532,353,179,95,-9.5,55,16.9,0
2024-02-17T18:00:00Z,524,302,222,100,-9,52,18.7,0
2024-02-17T19:00:00Z,453,210,243,100,-8.9,51,20.2,0
2024-02-17T20:00:00Z,369,162,207,100,-9.1,48,19.1,0
2024-02-17T21:00:00Z,273,156,117,94,-9,46,16.9,0
2024-02-17T22:00:00Z,122,65,57,2,-9.9,52,9.2,0
2024-02-17T23:00:00Z,11,5,6,5,-12.8,65,8.2,0
2024-02-18T00:00:00Z,0,0,0,0,-15.1,68,9.4,0
2024-02-18T01:00:00Z,0,0,0,5,-17.1,73,11.3,0
2024-02-18T02:00:00Z,0,0,0,89,-17.9,75,11.6,0
2024-02-18T03:00:00Z,0,0,0,100,-18.5,78,9,0
2024-02-18T04:00:00Z,0,0,0,100,-18.3,79,8.9,0
2024-02-18T05:00:00Z,0,0,0,100,-17.8,81,8.2,0
2024-02-18T06:00:00Z,0,0,0,100,-16.5,82,6.2,0
2024-02-18T07:00:00Z,0,0,0,100,-15.7,85,8.1,0.1
2024-02-18T08:00:00Z,0,0,0,100,-14.2,86,10.4,0.2
2024-02-18T09:00:00Z,0,0,0,99,-13.1,86,11.7,0.2
2024-02-18T10:00:00Z,0,0,0,100,-11.9,88,11.2,0.2
2024-02-18T11:00:00Z,0,0,0,99,-11.2,90,10.9,0.1
2024-02-18T12:00:00Z,0,0,0,95,-10.8,91,11.3,0.1
2024-02-18T13:00:00Z,30,5,25,100,-9,89,10.9,0
2024-02-18T14:00:00Z,113,10,103,100,-6.9,84,11,0.1
2024-02-18T15:00:00Z,176,17,159,92,-5.4,82,16.1,0.1
2024-02-18T16:00:00Z,244,35,209,100,-3.9,78,23.8,0.1
2024-02-18T17:00:00Z,218,12,206,100,-3.4,78,19.9,0.1
2024-02-18T18:00:00Z,211,7,204,99,-2.8,78,20.6,0.2
2024-02-18T19:00:00Z,237,17,220,99,-2.5,78,23.4,0.3
2024-02-18T20:00:00Z,171,8,163,99,-2.2,77,23.3,0.3
2024-02-18T21:00:00Z,130,7,123,97,-2.2,78,20.9,0.5
2024-02-18T22:00:00Z,64,6,58,90,-2,81,20.3,0.2
2024-02-18T23:00:00Z,8,1,7,91,-2.1,81,18.7,0.2
2024-02-19T00:00:00Z,0,0,0,84,-2.8,88,18.7,0.5
2024-02-19T01:00:00Z,0,0,0,44,-3.5,84,15.1,0.2
2024-02-19T02:00:00Z,0,0,0,83,-4.5,80,14,0.1
2024-02-19T03:00:00Z,0,0,0,97,-5.9,71,16.3,0.1
2024-02-19T04:00:00Z,0,0,0,61,-7.2,61,18.9,0.1
2024-02-19T05:00:00Z,0,0,0,76,-8.6,59,19.6,0
2024-02-19T06:00:00Z,0,0,0,6,-10,63,18.2,0
2024-02-19T07:00:00Z,0,0,0,2,-11.3,64,16.8,0
2024-02-19T08:00:00Z,0,0,0,6,-12.4,67,16.2,0
2024-02-19T09:00:00Z,0,0,0,1,-13.7,70,14.9,0
2024-02-19T10:00:00Z,0,0,0,2,-15,72,14.5,0
2024-02-19T11:00:00Z,0,0,0,0,-15.9,74,12.9,0
2024-02-19T12:00:00Z,0,0,0,0,-16.8,75,11.4,0
2024-02-19T13:00:00Z,56,36,20,0,-15.8,73,12,0
2024-02-19T14:00:00Z,223,168,55,11,-13.9,66,13,0
2024-02-19T15:00:00Z,392,320,72,70,-12,57,12.9,0
2024-02-19T16:00:00Z,506,397,109,66,-11.2,52,12.7,0
2024-02-19T17:00:00Z,586,487,99,74,-10.4,50,13.6,0
2024-02-19T18:00:00Z,603,495,108,82,-9.7,49,13.8,0
2024-02-19T19:00:00Z,561,460,101,65,-9.2,48,14,0
2024-02-19T20:00:00Z,458,364,94,32,-8.9,48,14.1,0
2024-02-19T21:00:00Z,312,233,79,5,-8.8,46,14.5,0
2024-02-19T22:00:00Z,146,101,45,0,-9.7,53,5.8,0
2024-02-19T23:00:00Z,14,8,6,0,-12.8,63,8.7,0
2024-02-20T00:00:00Z,0,0,0,0,-12.6,61,8,0
2024-02-20T01:00:00Z,0,0,0,25,-12.6,63,6.6,0
2024-02-20T02:00:00Z,0,0,0,90,-13.2,68,4.8,0
2024-02-20T03:00:00Z,0,0,0,99,-14,74,4.3,0
2024-02-20T04:00:00Z,0,0,0,100,-15.1,78,7,0
2024-02-20T05:00:00Z,0,0,0,100,-13.8,78,5.4,0
2024-02-20T06:00:00Z,0,0,0,100,-13.5,77,6,0.1
2024-02-20T07:00:00Z,0,0,0,100,-13.1,78,6.4,0.1
2024-02-20T08:00:00Z,0,0,0,100,-12.4,76,6.6,0.1
2024-02-20T09:00:00Z,0,0,0,96,-11.8,75,5.9,0.1
2024-02-20T10:00:00Z,0,0,0,96,-11.9,77,7.1,0.1
2024-02-20T11:00:00Z,0,0,0,93,-12,78,6.6,0.1
2024-02-20T12:00:00Z,0,0,0,86,-12.1,79,5.4,0
2024-02-20T13:00:00Z,36,11,25,89,-11.9,76,5.4,0
2024-02-20T14:00:00Z,146,49,97,84,-11.2,69,5.2,0
2024-02-20T15:00:00Z,283,147,136,80,-9.6,62,5.6,0
2024-02-20T16:00:00Z,411,234,177,62,-8.2,60,4.7,0
2024-02-20T17:00:00Z,495,297,198,81,-6.9,58,4.1,0
2024-02-20T18:00:00Z,498,313,185,79,-6,57,3.9,0
2024-02-20T19:00:00Z,367,136,231,84,-5,57,4.1,0
2024-02-20T20:00:00Z,339,170,169,82,-4.4,58,4.5,0
2024-02-20T21:00:00Z,233,94,139,60,-4.1,63,5.1,0
2024-02-20T22:00:00Z,114,55,59,48,-5.4,66,4.7,0
2024-02-20T23:00:00Z,12,4,8,41,-6.7,74,8.4,0
2024-02-21T00:00:00Z,0,0,0,62,-7.4,78,10,0
2024-02-21T01:00:00Z,0,0,0,65,-8.3,80,9.6,0
2024-02-21T02:00:00Z,0,0,0,39,-9.3,82,9.3,0
2024-02-21T03:00:00Z,0,0,0,35,-10.2,84,9.4,0
2024-02-21T04:00:00Z,0,0,0,16,-10.9,85,9.3,0
2024-02-21T05:00:00Z,0,0,0,10,-11.6,86,9.2,0
2024-02-21T06:00:00Z,0,0,0,17,-12.1,88,9,0
2024-02-21T07:00:00Z,0,0,0,24,-12.8,88,9,0
2024-02-21T08:00:00Z,0,0,0,33,-13.4,88,9.8,0
2024-02-21T09:00:00Z,0,0,0,71,-13.3,87,9.9,0
2024-02-21T10:00:00Z,0,0,0,94,-13.7,86,8.7,0
2024-02-21T11:00:00Z,0,0,0,97,-13.8,85,8.9,0
2024-02-21T12:00:00Z,0,0,0,71,-13.3,84,9.1,0
2024-02-21T13:00:00Z,53,22,31,32,-12.1,81,9,0
2024-02-21T14:00:00Z,203,119,84,16,-8.3,73,8.9,0
2024-02-21T15:00:00Z,383,303,80,9,-4.6,65,10.8,0
2024-02-21T16:00:00Z,510,424,86,1,-1.6,61,13,0
2024-02-21T17:00:00Z,585,494,91,0,0.8,58,15.5,0
2024-02-21T18:00:00Z,601,510,91,3,2.1,57,16.7,0
2024-02-21T19:00:00Z,548,440,108,7,3.1,55,16.6,0
2024-02-21T20:00:00Z,459,380,79,55,3.8,54,16.6,0
2024-02-21T21:00:00Z,309,233,76,80,4,55,14.6,0
2024-02-21T22:00:00Z,133,71,62,81,3.6,58,12.7,0
2024-02-21T23:00:00Z,14,4,10,98,2.6,63,12.6,0
2024-02-22T00:00:00Z,0,0,0,85,2.5,65,13.6,0
2024-02-22T01:00:00Z,0,0,0,100,2.2,67,14.2,0
2024-02-22T02:00:00Z,0,0,0,100,2.7,66,14.8,0
2024-02-22T03:00:00Z,0,0,0,100,3.1,64,15.2,0
2024-02-22T04:00:00Z,0,0,0,99,3.1,66,15.4,0.1
2024-02-22T05:00:00Z,0,0,0,98,3.3,70,15.5,0.1
2024-02-22T06:00:00Z,0,0,0,99,3.2,72,15.9,0.1
2024-02-22T07:00:00Z,0,0,0,97,2.9,74,16.2,0.5
2024-02-22T08:00:00Z,0,0,0,100,2.7,74,15.8,0.5
2024-02-22T09:00:00Z,0,0,0,98,2.7,74,16.2,0.4
2024-02-22T10:00:00Z,0,0,0,85,1.9,75,14.4,0.6
2024-02-22T11:00:00Z,0,0,0,82,1.8,76,12.6,0.7
2024-02-22T12:00:00Z,0,0,0,94,1.6,79,10.8,0.3
2024-02-22T13:00:00Z,29,11,18,62,1.7,78,10.4,0
2024-02-22T14:00:00Z,131,58,73,47,2.2,76,8.7,0
2024-02-22T15:00:00Z,262,148,114,46,2.9,74,10.4,0
2024-02-22T16:00:00Z,372,201,171,52,4,71,10.9,0
2024-02-22T17:00:00Z,459,259,200,36,5,69,11.5,0
2024-02-22T18:00:00Z,511,368,143,60,6.1,66,12,0
2024-02-22T19:00:00Z,488,376,112,93,6.9,65,11.7,0
2024-02-22T20:00:00Z,384,258,126,98,7.3,65,10.5,0
2024-02-22T21:00:00Z,253,127,126,98,5.6,72,8.3,0
2024-02-22T22:00:00Z,119,53,66,100,4.7,76,8.7,0
2024-02-22T23:00:00Z,13,3,10,100,3.2,85,10,0
2024-02-23T00:00:00Z,0,0,0,100,1.9,91,9.9,0
2024-02-23T01:00:00Z,0,0,0,94,1.5,95,8.6,0
2024-02-23T02:00:00Z,0,0,0,72,1,97,9.7,0
2024-02-23T03:00:00Z,0,0,0,100,0.8,99,10.5,0
2024-02-23T04:00:00Z,0,0,0,100,1.1,99,10.1,0
2024-02-23T05:00:00Z,0,0,0,100,1.1,100,10.5,0
2024-02-23T06:00:00Z,0,0,0,100,1,99,9.9,0
2024-02-23T07:00:00Z,0,0,0,100,0.6,100,8.8,0
2024-02-23T08:00:00Z,0,0,0,87,0.5,99,7.7,0
2024-02-23T09:00:00Z,0,0,0,89,0,98,6.6,0
2024-02-23T10:00:00Z,0,0,0,91,0.2,98,6.2,0
2024-02-23T11:00:00Z,0,0,0,91,0.2,97,7.6,0
2024-02-23T12:00:00Z,0,0,0,100,-1.1,97,7.1,0
2024-02-23T13:00:00Z,54,27,27,77,0.1,95,6.1,0
2024-02-23T14:00:00Z,191,108,83,99,1.9,87,7.4,0
2024-02-23T15:00:00Z,302,156,146,96,3.1,81,7.4,0
2024-02-23T16:00:00Z,305,143,162,100,3.5,80,7.7,0
2024-02-23T17:00:00Z,280,98,182,99,3.7,79,9.1,0
2024-02-23T18:00:00Z,342,178,164,97,4.4,76,11.5,0
2024-02-23T19:00:00Z,211,22,189,100,3.9,75,13.8,0.1
2024-02-23T20:00:00Z,100,0,100,100,1.7,79,19.5,0.1
2024-02-23T21:00:00Z,84,8,76,94,-1.2,76,21.1,0
2024-02-23T22:00:00Z,60,9,51,82,-3.1,62,19.3,0
2024-02-23T23:00:00Z,10,3,7,72,-4.7,57,19.7,0
2024-02-24T00:00:00Z,0,0,0,49,-6.2,56,20.4,0
2024-02-24T01:00:00Z,0,0,0,18,-7.7,54,20.6,0
2024-02-24T02:00:00Z,0,0,0,6,-9.4,54,20.3,0
2024-02-24T03:00:00Z,0,0,0,24,-11.4,55,20.3,0
2024-02-24T04:00:00Z,0,0,0,68,-12.6,56,20.5,0
2024-02-24T05:00:00Z,0,0,0,41,-13.7,57,19.7,0
2024-02-24T06:00:00Z,0,0,0,5,-14.7,59,19.3,0
2024-02-24T07:00:00Z,0,0,0,1,-15.5,61,18.3,0
2024-02-24T08:00:00Z,0,0,0,0,-16.1,62,17.5,0
2024-02-24T09:00:00Z,0,0,0,2,-16.6,63,16,0
2024-02-24T10:00:00Z,0,0,0,38,-17.6,66,15.5,0
2024-02-24T11:00:00Z,0,0,0,4,-18,68,12.6,0
2024-02-24T12:00:00Z,0,0,0,0,-18.3,68,12.2,0
2024-02-24T13:00:00Z,78,52,26,12,-17.9,64,13.9,0
2024-02-24T14:00:00Z,253,194,59,0,-16.8,58,13.4,0
2024-02-24T15:00:00Z,420,345,75,0,-15.1,52,12.6,0
2024-02-24T16:00:00Z,549,465,84,0,-13.9,48,12.7,0
2024-02-24T17:00:00Z,626,536,90,0,-12.7,46,12.8,0
2024-02-24T18:00:00Z,643,552,91,0,-11.5,44,11.9,0
2024-02-24T19:00:00Z,599,511,88,0,-10.6,43,11.5,0
2024-02-24T20:00:00Z,499,418,81,0,-9.6,42,12.2,0
2024-02-24T21:00:00Z,351,282,69,0,-9.3,42,11.5,0
2024-02-24T22:00:00Z,174,127,47,0,-9.2,43,7.6,0
2024-02-24T23:00:00Z,24,14,10,0,-10.5,48,8.7,0
2024-02-25T00:00:00Z,0,0,0,0,-12.1,54,7.6,0
2024-02-25T01:00:00Z,0,0,0,0,-11.3,54,6.5,0
2024-02-25T02:00:00Z,0,0,0,0,-11.9,58,6.3,0
2024-02-25T03:00:00Z,0,0,0,7,-12.5,59,7.3,0
2024-02-25T04:00:00Z,0,0,0,50,-13.2,59,9.9,0
2024-02-25T05:00:00Z,0,0,0,13,-15.3,64,11.8,0
2024-02-25T06:00:00Z,0,0,0,30,-14.7,64,12.1,0
2024-02-25T07:00:00Z,0,0,0,32,-13.7,66,11.6,0
2024-02-25T08:00:00Z,0,0,0,23,-13.7,70,12.1,0
2024-02-25T09:00:00Z,0,0,0,23,-14,74,11.9,0
2024-02-25T10:00:00Z,0,0,0,5,-14.6,77,10.7,0
2024-02-25T11:00:00Z,0,0,0,7,-13.7,77,9.7,0
2024-02-25T12:00:00Z,0,0,0,1,-13,76,9.5,0
2024-02-25T13:00:00Z,80,53,27,13,-11.9,74,9,0
2024-02-25T14:00:00Z,252,194,58,22,-9.1,70,10.5,0
2024-02-25T15:00:00Z,414,339,75,20,-5.3,64,12.7,0
2024-02-25T16:00:00Z,538,457,81,51,-2.5,63,17.2,0
2024-02-25T17:00:00Z,604,505,99,46,-0.6,61,17.9,0
2024-02-25T18:00:00Z,623,534,89,46,0.7,59,18.5,0
2024-02-25T19:00:00Z,490,304,186,47,1.5,58,19.9,0
2024-02-25T20:00:00Z,411,280,131,75,1.8,57,19.9,0
2024-02-25T21:00:00Z,318,231,87,95,1.6,57,18.8,0
2024-02-25T22:00:00Z,134,54,80,100,1.4,56,14,0
2024-02-25T23:00:00Z,16,3,13,100,1,57,14.8,0
2024-02-26T00:00:00Z,0,0,0,100,1,56,14.1,0
2024-02-26T01:00:00Z,0,0,0,100,0.9,59,12.4,0.1
2024-02-26T02:00:00Z,0,0,0,100,0.5,67,10.3,0.3
2024-02-26T03:00:00Z,0,0,0,99,0.1,71,7.3,0.4
2024-02-26T04:00:00Z,0,0,0,100,-0.3,77,8.7,0.2
2024-02-26T05:00:00Z,0,0,0,100,0,77,9.9,0.2
2024-02-26T06:00:00Z,0,0,0,100,0.1,77,9.7,0
2024-02-26T07:00:00Z,0,0,0,78,0.3,75,10.7,0
2024-02-26T08:00:00Z,0,0,0,100,0.7,75,10.9,0
2024-02-26T09:00:00Z,0,0,0,69,0.7,76,9.9,0.2
2024-02-26T10:00:00Z,0,0,0,49,-0.8,80,8.1,0.1
2024-02-26T11:00:00Z,0,0,0,48,-1,81,9.8,0.1
2024-02-26T12:00:00Z,0,0,0,78,-0.7,86,9.8,0.3
2024-02-26T13:00:00Z,37,10,27,80,-0.1,87,11.2,0.1
2024-02-26T14:00:00Z,109,33,76,79,0.8,84,11.5,0
2024-02-26T15:00:00Z,333,197,136,61,2.2,73,13.4,0
2024-02-26T16:00:00Z,447,254,193,31,2.8,67,14.8,0
2024-02-26T17:00:00Z,555,380,175,68,2.9,60,14.4,0
2024-02-26T18:00:00Z,610,482,128,69,3.4,51,14,0
2024-02-26T19:00:00Z,551,397,154,98,3.6,47,12.6,0
2024-02-26T20:00:00Z,454,329,125,28,4.1,43,12,0
2024-02-26T21:00:00Z,340,256,84,9,3.8,43,10.9,0
2024-02-26T22:00:00Z,176,127,49,35,2.2,51,6.8,0
2024-02-26T23:00:00Z,27,16,11,78,2.2,49,4.1,0
2024-02-27T00:00:00Z,0,0,0,100,-0.7,60,7.1,0
2024-02-27T01:00:00Z,0,0,0,99,-2.3,65,7.6,0
2024-02-27T02:00:00Z,0,0,0,92,-0.8,62,8.8,0
2024-02-27T03:00:00Z,0,0,0,99,-0.5,61,11.2,0
2024-02-27T04:00:00Z,0,0,0,100,-0.6,62,12.4,0.1
2024-02-27T05:00:00Z,0,0,0,99,-0.4,63,12.1,0
2024-02-27T06:00:00Z,0,0,0,98,-0.3,63,12.6,0
2024-02-27T07:00:00Z,0,0,0,97,-0.9,64,12.9,0
2024-02-27T08:00:00Z,0,0,0,93,-1.2,65,12.7,0
2024-02-27T09:00:00Z,0,0,0,78,-1.2,66,11.8,0
2024-02-27T10:00:00Z,0,0,0,60,-1.3,70,10.4,0
2024-02-27T11:00:00Z,0,0,0,25,-1.1,73,9.8,0
2024-02-27T12:00:00Z,1,0,1,58,-1.1,76,9,0
2024-02-27T13:00:00Z,81,47,34,85,-0.5,76,9.5,0
2024-02-27T14:00:00Z,221,124,97,30,2,69,11.1,0
2024-02-27T15:00:00Z,400,315,85,50,5.3,61,13,0
2024-02-27T16:00:00Z,514,409,105,59,7.9,56,14.6,0
2024-02-27T17:00:00Z,557,394,163,85,9.6,53,14.9,0
2024-02-27T18:00:00Z,546,342,204,99,10.8,52,15.1,0
2024-02-27T19:00:00Z,544,404,140,100,15.2,42,16.2,0
2024-02-27T20:00:00Z,421,310,111,100,16,41,14.7,0
2024-02-27T21:00:00Z,304,201,103,100,15.4,44,14.2,0
2024-02-27T22:00:00Z,133,69,64,98,10,60,9.6,0
2024-02-27T23:00:00Z,19,5,14,76,8.5,68,7.5,0
2024-02-28T00:00:00Z,0,0,0,99,7.8,71,8.3,0
2024-02-28T01:00:00Z,0,0,0,99,7.6,72,11.7,0
2024-02-28T02:00:00Z,0,0,0,100,7.7,71,15.5,0
2024-02-28T03:00:00Z,0,0,0,96,7.5,74,16.6,0
2024-02-28T04:00:00Z,0,0,0,78,8.2,77,14.1,0
2024-02-28T05:00:00Z,0,0,0,51,8.4,79,12.3,0
2024-02-28T06:00:00Z,0,0,0,100,8.1,84,11.2,0.4
2024-02-28T07:00:00Z,0,0,0,49,7.8,86,10.2,0
2024-02-28T08:00:00Z,0,0,0,78,7.8,88,11.7,0
2024-02-28T09:00:00Z,0,0,0,100,8.1,89,10.9,0
2024-02-28T10:00:00Z,0,0,0,99,8.1,90,12.7,0
2024-02-28T11:00:00Z,0,0,0,100,8.2,91,10.8,0
2024-02-28T12:00:00Z,0,0,0,100,8.3,91,13,0
2024-02-28T13:00:00Z,18,0,18,100,8.7,91,15,0.2
2024-02-28T14:00:00Z,45,0,45,99,9,92,17.1,1.2
2024-02-28T15:00:00Z,51,0,51,100,9.6,93,19,1.2
2024-02-28T16:00:00Z,43,0,43,100,10.1,91,19.4,1
2024-02-28T17:00:00Z,108,15,93,100,10.9,90,19.4,0.7
2024-02-28T18:00:00Z,133,18,115,100,11.8,90,22.1,0.3
2024-02-28T19:00:00Z,138,10,128,95,13,86,26.4,0.1
2024-02-28T20:00:00Z,108,11,97,94,14.5,81,29.8,0.1
2024-02-28T21:00:00Z,89,11,78,99,13.4,85,30.4,0.2
2024-02-28T22:00:00Z,14,0,14,95,7.8,85,27.9,0.9
2024-02-28T23:00:00Z,8,0,8,90,2.9,78,24.6,0.7
2024-02-29T00:00:00Z,0,0,0,96,1.5,69,23.1,0.2
2024-02-29T01:00:00Z,0,0,0,98,-2.9,58,25.8,0.1
2024-02-29T02:00:00Z,0,0,0,97,-7.1,53,32.2,0
2024-02-29T03:00:00Z,0,0,0,90,-9.8,48,32.4,0
2024-02-29T04:00:00Z,0,0,0,93,-11.3,47,31.3,0
2024-02-29T05:00:00Z,0,0,0,94,-11.6,47,28.6,0
2024-02-29T06:00:00Z,0,0,0,88,-11.7,47,25.7,0
2024-02-29T07:00:00Z,0,0,0,86,-11.7,50,23.6,0
2024-02-29T08:00:00Z,0,0,0,65,-12,52,21.5,0
2024-02-29T09:00:00Z,0,0,0,58,-12.3,53,20,0
2024-02-29T10:00:00Z,0,0,0,83,-12.5,53,17.8,0
2024-02-29T11:00:00Z,0,0,0,76,-12.7,53,18.8,0
2024-02-29T12:00:00Z,2,1,1,92,-12.7,53,19.7,0
2024-02-29T13:00:00Z,100,64,36,68,-12.5,52,19.8,0
2024-02-29T14:00:00Z,283,222,61,52,-11.6,43,24.8,0
2024-02-29T15:00:00Z,448,368,80,71,-10.5,37,27.3,0
2024-02-29T16:00:00Z,577,482,95,70,-9.8,33,30.3,0
2024-02-29T17:00:00Z,635,506,129,75,-9.2,30,31.6,0
2024-02-29T18:00:00Z,648,513,135,71,-8.5,27,32.3,0
2024-02-29T19:00:00Z,614,493,121,75,-8.2,26,32,0
2024-02-29T20:00:00Z,501,379,122,93,-7.9,25,31.3,0
2024-02-29T21:00:00Z,356,252,104,75,-8.2,24,30.2,0
2024-02-29T22:00:00Z,186,122,64,1,-8.8,30,23.5,0
2024-02-29T23:00:00Z,36,22,14,0,-9.6,32,19.1,0
2024-03-01T00:00:00Z,0,0,0,0,-10,34,16.3,0
2024-03-01T01:00:00Z,0,0,0,1,-10.6,37,15.4,0
2024-03-01T02:00:00Z,0,0,0,0,-11.3,43,12.1,0
2024-03-01T03:00:00Z,0,0,0,0,-11.6,46,7.8,0
2024-03-01T04:00:00Z,0,0,0,8,-11.6,48,8.4,0
2024-03-01T05:00:00Z,0,0,0,35,-11.6,51,8.2,0
2024-03-01T06:00:00Z,0,0,0,64,-11.5,52,8.2,0
2024-03-01T07:00:00Z,0,0,0,68,-11.2,56,8.4,0
2024-03-01T08:00:00Z,0,0,0,43,-10.8,58,8.4,0
2024-03-01T09:00:00Z,0,0,0,6,-10.1,61,8.9,0
2024-03-01T10:00:00Z,0,0,0,2,-10.8,72,6.1,0
2024-03-01T11:00:00Z,0,0,0,14,-10.9,74,6.8,0
2024-03-01T12:00:00Z,3,1,2,10,-10.5,74,7.2,0
2024-03-01T13:00:00Z,99,62,37,16,-8.2,66,4.9,0
2024-03-01T14:00:00Z,266,199,67,29,-6.1,59,6.7,0
2024-03-01T15:00:00Z,431,355,76,42,-3.6,52,7.1,0
2024-03-01T16:00:00Z,521,404,117,57,-1.7,49,7.6,0
2024-03-01T17:00:00Z,604,498,106,54,-0.2,47,10.5,0
2024-03-01T18:00:00Z,607,495,112,62,1.4,46,11.5,0
2024-03-01T19:00:00Z,461,302,159,12,2.9,45,11.7,0
2024-03-01T20:00:00Z,471,360,111,6,4.2,44,13,0
2024-03-01T21:00:00Z,352,285,67,18,4.7,44,14,0
2024-03-01T22:00:00Z,184,136,48,14,4.4,47,9.1,0
2024-03-01T23:00:00Z,34,20,14,4,2.4,56,13,0
2024-03-02T00:00:00Z,0,0,0,0,1.1,62,13.3,0
2024-03-02T01:00:00Z,0,0,0,0,-0.1,66,11.7,0
2024-03-02T02:00:00Z,0,0,0,0,-0.9,70,9.8,0
2024-03-02T03:00:00Z,0,0,0,0,-1,72,10.1,0
2024-03-02T04:00:00Z,0,0,0,0,-1.2,73,10.8,0
2024-03-02T05:00:00Z,0,0,0,12,-0.9,72,11.5,0
2024-03-02T06:00:00Z,0,0,0,39,-0.8,72,11.2,0
2024-03-02T07:00:00Z,0,0,0,31,-1.4,74,10.8,0
2024-03-02T08:00:00Z,0,0,0,29,-1.4,74,10.5,0
2024-03-02T09:00:00Z,0,0,0,40,-1.5,75,10.6,0
2024-03-02T10:00:00Z,0,0,0,20,-2.3,81,10.2,0
2024-03-02T11:00:00Z,0,0,0,46,-2.3,81,10.1,0
2024-03-02T12:00:00Z,3,1,2,69,-2,81,10.8,0
2024-03-02T13:00:00Z,75,33,42,80,0.1,74,11.2,0
2024-03-02T14:00:00Z,145,39,106,72,2,71,10.8,0
2024-03-02T15:00:00Z,178,42,136,90,3.3,72,13.1,0
2024-03-02T16:00:00Z,209,27,182,93,4.1,75,11.9,0
2024-03-02T17:00:00Z,374,185,189,98,5.2,75,10.9,0.1
2024-03-02T18:00:00Z,204,42,162,100,4.8,81,10.1,0.1
2024-03-02T19:00:00Z,133,5,128,100,4,89,8.3,0.1
2024-03-02T20:00:00Z,100,5,95,100,4,92,6.6,0.1
2024-03-02T21:00:00Z,35,0,35,100,3.9,95,5.7,0.2
2024-03-02T22:00:00Z,20,0,20,100,3.5,94,5.4,0.1
2024-03-02T23:00:00Z,5,0,5,100,3.4,94,6.1,0.1
2024-03-03T00:00:00Z,0,0,0,100,3,96,5.5,0
2024-03-03T01:00:00Z,0,0,0,100,2.8,97,5.4,0
2024-03-03T02:00:00Z,0,0,0,100,2.7,97,4.3,0
2024-03-03T03:00:00Z,0,0,0,100,2.3,98,4.9,0
2024-03-03T04:00:00Z,0,0,0,100,2.5,98,3.1,0
2024-03-03T05:00:00Z,0,0,0,100,2.4,98,4,0
2024-03-03T06:00:00Z,0,0,0,100,2.4,98,4.6,0
2024-03-03T07:00:00Z,0,0,0,100,2.1,98,3.6,0
2024-03-03T08:00:00Z,0,0,0,100,2.2,98,5.8,0
2024-03-03T09:00:00Z,0,0,0,100,2.1,98,6.5,0
2024-03-03T10:00:00Z,0,0,0,100,2.4,98,6.8,0
2024-03-03T11:00:00Z,0,0,0,100,2.4,98,5.8,0
2024-03-03T12:00:00Z,1,0,1,100,2.5,98,6.2,0
2024-03-03T13:00:00Z,21,0,21,100,3,98,6.5,0
2024-03-03T14:00:00Z,69,3,66,100,3.8,97,5.9,0
2024-03-03T15:00:00Z,104,3,101,100,4.8,96,5.2,0
2024-03-03T16:00:00Z,139,16,123,100,5.5,93,4.2,0
2024-03-03T17:00:00Z,115,3,112,98,6.1,89,2.8,0
2024-03-03T18:00:00Z,194,22,172,100,7.1,84,2.5,0
2024-03-03T19:00:00Z,240,26,214,100,7.8,80,2,0
2024-03-03T20:00:00Z,249,63,186,100,8.2,78,2.2,0
2024-03-03T21:00:00Z,166,32,134,100,8.1,78,2.9,0
2024-03-03T22:00:00Z,101,18,83,93,8.4,81,3.3,0
2024-03-03T23:00:00Z,21,5,16,44,6.8,83,4.4,0
2024-03-04T00:00:00Z,0,0,0,25,5.4,89,6.1,0
2024-03-04T01:00:00Z,0,0,0,27,5.2,92,7.3,0
2024-03-04T02:00:00Z,0,0,0,43,4.5,94,7.3,0
2024-03-04T03:00:00Z,0,0,0,80,4.4,96,6.8,0
2024-03-04T04:00:00Z,0,0,0,100,2.9,97,4,0
2024-03-04T05:00:00Z,0,0,0,100,3.8,97,5.4,0
2024-03-04T06:00:00Z,0,0,0,100,3.7,97,6.9,0
2024-03-04T07:00:00Z,0,0,0,100,3.4,98,7.3,0
2024-03-04T08:00:00Z,0,0,0,100,3.3,98,8.6,0
2024-03-04T09:00:00Z,0,0,0,96,3.4,98,10.4,0
2024-03-04T10:00:00Z,0,0,0,99,2.4,98,11.1,0
2024-03-04T11:00:00Z,0,0,0,98,2.4,98,12.5,0
2024-03-04T12:00:00Z,3,0,3,100,2.7,98,12.8,0
2024-03-04T13:00:00Z,56,9,47,100,3,98,10.9,0
2024-03-04T14:00:00Z,123,7,116,100,3.5,97,10.3,0
2024-03-04T15:00:00Z,201,18,183,100,4.8,94,10.4,0
2024-03-04T16:00:00Z,349,131,218,96,6.7,86,11.3,0
2024-03-04T17:00:00Z,409,194,215,99,8.2,80,11.1,0
2024-03-04T18:00:00Z,534,384,150,93,9.6,75,12,0
2024-03-04T19:00:00Z,557,409,148,95,11.2,70,13.3,0
2024-03-04T20:00:00Z,485,380,105,91,12.5,68,14.3,0
2024-03-04T21:00:00Z,362,290,72,91,13.1,66,13.2,0
2024-03-04T22:00:00Z,187,130,57,73,12.5,70,7.6,0
2024-03-04T23:00:00Z,39,22,17,45,9,81,11.7,0
2024-03-05T00:00:00Z,0,0,0,25,6.9,87,12,0
2024-03-05T01:00:00Z,0,0,0,15,5.7,90,11.5,0
2024-03-05T02:00:00Z,0,0,0,9,5.2,90,10.9,0
2024-03-05T03:00:00Z,0,0,0,12,5.5,89,10.8,0
2024-03-05T04:00:00Z,0,0,0,20,5.7,89,11.5,0
2024-03-05T05:00:00Z,0,0,0,8,5.8,88,12.7,0
2024-03-05T06:00:00Z,0,0,0,8,5.3,88,13.4,0
2024-03-05T07:00:00Z,0,0,0,7,5.2,89,12.2,0
2024-03-05T08:00:00Z,0,0,0,11,5.3,90,11.2,0
2024-03-05T09:00:00Z,0,0,0,16,4.9,91,12.1,0
2024-03-05T10:00:00Z,0,0,0,39,4.7,92,11.5,0
2024-03-05T11:00:00Z,0,0,0,78,5.2,92,11.3,0
2024-03-05T12:00:00Z,5,2,3,63,5.2,93,12.2,0
2024-03-05T13:00:00Z,84,38,46,82,7,91,13.7,0
2024-03-05T14:00:00Z,199,105,94,68,9.4,84,12.9,0
2024-03-05T15:00:00Z,247,97,150,40,11.5,77,14.9,0
2024-03-05T16:00:00Z,394,203,191,15,13.8,68,16.2,0
2024-03-05T17:00:00Z,424,212,212,42,15.1,62,16.2,0
2024-03-05T18:00:00Z,502,251,251,53,16.5,57,15.1,0
2024-03-05T19:00:00Z,561,436,125,91,17.2,56,14.5,0
2024-03-05T20:00:00Z,454,304,150,82,15.9,59,13.5,0
2024-03-05T21:00:00Z,300,185,115,59,15.5,61,10.7,0
2024-03-05T22:00:00Z,150,92,58,92,15.6,64,8.2,0
2024-03-05T23:00:00Z,17,3,14,98,13.4,74,8,0.1
2024-03-06T00:00:00Z,0,0,0,100,12.5,80,9.3,0.3
2024-03-06T01:00:00Z,0,0,0,100,10.8,88,8,0.2
2024-03-06T02:00:00Z,0,0,0,100,9.6,92,13.4,0.1
2024-03-06T03:00:00Z,0,0,0,100,8.1,94,15.3,0
2024-03-06T04:00:00Z,0,0,0,100,6.9,93,14,0.1
2024-03-06T05:00:00Z,0,0,0,100,6.1,94,13,0.1
2024-03-06T06:00:00Z,0,0,0,100,5.5,94,13.1,0.2
2024-03-06T07:00:00Z,0,0,0,100,5.3,94,13.3,0.7
2024-03-06T08:00:00Z,0,0,0,100,5.2,94,13,0.7
2024-03-06T09:00:00Z,0,0,0,100,4.9,94,13.4,0.4
2024-03-06T10:00:00Z,0,0,0,100,4.7,94,12.4,0.2
2024-03-06T11:00:00Z,0,0,0,100,4.6,95,11.7,0.1
2024-03-06T12:00:00Z,2,0,2,100,4.5,94,11.5,0.1
2024-03-06T13:00:00Z,18,0,18,100,4.6,94,11.9,0
2024-03-06T14:00:00Z,35,0,35,100,4.5,95,11.8,0
2024-03-06T15:00:00Z,52,0,52,100,4.5,93,11.9,0
2024-03-06T16:00:00Z,82,0,82,100,4.8,89,10.8,0.1
2024-03-06T17:00:00Z,78,0,78,100,5,84,11.4,0
2024-03-06T18:00:00Z,69,0,69,100,5,80,11.4,0
2024-03-06T19:00:00Z,99,0,99,100,5.1,76,10,0
2024-03-06T20:00:00Z,59,0,59,100,5.4,74,10.8,0
2024-03-06T21:00:00Z,44,0,44,100,5.6,67,11.8,0
2024-03-06T22:00:00Z,22,0,22,100,5.8,69,9.8,0
2024-03-06T23:00:00Z,9,0,9,100,5.5,68,11,0
2024-03-07T00:00:00Z,0,0,0,100,5.5,64,13,0
2024-03-07T01:00:00Z,0,0,0,100,5.3,60,13,0
2024-03-07T02:00:00Z,0,0,0,100,5.2,57,12.7,0.1
2024-03-07T03:00:00Z,0,0,0,100,5.1,53,12.9,0
2024-03-07T04:00:00Z,0,0,0,100,4.8,49,13.2,0
2024-03-07T05:00:00Z,0,0,0,100,4.7,48,13.8,0
2024-03-07T06:00:00Z,0,0,0,100,4.6,46,14.3,0
2024-03-07T07:00:00Z,0,0,0,100,4.1,46,15.5,0
2024-03-07T08:00:00Z,0,0,0,100,3.4,48,16.5,0
2024-03-07T09:00:00Z,0,0,0,100,2.8,50,16.6,0
2024-03-07T10:00:00Z,0,0,0,100,2,55,14.4,0
2024-03-07T11:00:00Z,0,0,0,100,1.6,57,15.4,0
2024-03-07T12:00:00Z,6,0,6,99,1.2,58,15.8,0
2024-03-07T13:00:00Z,104,35,69,100,2.2,53,14.1,0
2024-03-07T14:00:00Z,280,169,111,92,4,45,14.9,0
2024-03-07T15:00:00Z,427,270,157,66,5.8,40,14.1,0
2024-03-07T16:00:00Z,558,399,159,15,7.5,37,13.9,0
2024-03-07T17:00:00Z,648,532,116,1,8.8,33,13.7,0
2024-03-07T18:00:00Z,689,601,88,0,9.9,29,13.6,0
2024-03-07T19:00:00Z,647,565,82,0,10.6,26,12.9,0
2024-03-07T20:00:00Z,546,469,77,0,11.2,23,12.6,0
2024-03-07T21:00:00Z,399,331,68,0,11.1,22,12.1,0
2024-03-07T22:00:00Z,221,170,51,0,9.9,23,6.9,0
2024-03-07T23:00:00Z,52,34,18,0,7,30,8.8,0
2024-03-08T00:00:00Z,0,0,0,0,4,39,11.2,0
2024-03-08T01:00:00Z,0,0,0,0,2.7,45,11.9,0
2024-03-08T02:00:00Z,0,0,0,0,1.5,50,11.8,0
2024-03-08T03:00:00Z,0,0,0,0,0.5,56,11.2,0
2024-03-08T04:00:00Z,0,0,0,6,0.1,58,9.4,0
2024-03-08T05:00:00Z,0,0,0,49,-0.7,61,8.9,0
2024-03-08T06:00:00Z,0,0,0,63,-0.7,60,8.9,0
2024-03-08T07:00:00Z,0,0,0,6,-1,61,9.2,0
2024-03-08T08:00:00Z,0,0,0,22,-1.5,61,9.2,0
2024-03-08T09:00:00Z,0,0,0,9,-1.9,62,8.7,0
2024-03-08T10:00:00Z,0,0,0,0,-2.8,66,7.6,0
2024-03-08T11:00:00Z,0,0,0,0,-3.1,67,7.6,0
2024-03-08T12:00:00Z,11,6,5,0,-2.6,64,8,0
2024-03-08T13:00:00Z,140,100,40,34,-0.4,59,9.1,0
2024-03-08T14:00:00Z,318,252,66,3,1.5,55,10.7,0
2024-03-08T15:00:00Z,473,383,90,26,3.8,49,10.1,0
2024-03-08T16:00:00Z,604,518,86,86,5.4,46,10,0
2024-03-08T17:00:00Z,672,576,96,82,6.9,41,11,0
2024-03-08T18:00:00Z,674,549,125,94,8.1,38,12,0
2024-03-08T19:00:00Z,605,447,158,88,9,34,12.2,0
2024-03-08T20:00:00Z,484,311,173,32,9.4,33,12.6,0
2024-03-08T21:00:00Z,387,303,84,94,9.2,34,13.7,0
2024-03-08T22:00:00Z,220,165,55,89,7.4,38,9.3,0
2024-03-08T23:00:00Z,54,35,19,100,5.6,46,12.7,0
2024-03-09T00:00:00Z,0,0,0,100,4.5,51,15.8,0
2024-03-09T01:00:00Z,0,0,0,100,3.5,57,16.9,0
2024-03-09T02:00:00Z,0,0,0,100,3,61,17,0
2024-03-09T03:00:00Z,0,0,0,100,2.8,63,16.9,0
2024-03-09T04:00:00Z,0,0,0,100,2.5,65,16.1,0
2024-03-09T05:00:00Z,0,0,0,100,2.4,65,16.6,0
2024-03-09T06:00:00Z,0,0,0,100,2.1,65,15.6,0
2024-03-09T07:00:00Z,0,0,0,100,2.1,64,14.9,0
2024-03-09T08:00:00Z,0,0,0,100,2.3,63,14.5,0
2024-03-09T09:00:00Z,0,0,0,99,2.3,64,14.7,0
2024-03-09T10:00:00Z,0,0,0,100,2.3,65,15.1,0
2024-03-09T11:00:00Z,0,0,0,100,2.5,66,14.5,0
2024-03-09T12:00:00Z,7,0,7,100,3.5,63,15,0
2024-03-09T13:00:00Z,45,0,45,100,4.6,56,16.2,0
2024-03-09T14:00:00Z,132,12,120,96,6.2,51,15,0
2024-03-09T15:00:00Z,271,57,214,100,7.8,49,16.8,0.1
2024-03-09T16:00:00Z,229,36,193,100,7.5,54,17.9,0.2
2024-03-09T17:00:00Z,140,1,139,100,6.5,66,18.9,0.7
2024-03-09T18:00:00Z,90,0,90,100,5,83,18.4,0.9
2024-03-09T19:00:00Z,46,0,46,100,4.5,88,16.9,0.9
2024-03-09T20:00:00Z,78,1,77,100,5.3,91,18.7,1.4
2024-03-09T21:00:00Z,55,0,55,100,5.3,91,20.1,1.7
2024-03-09T22:00:00Z,26,0,26,100,5.7,91,20,1.4
2024-03-09T23:00:00Z,4,0,4,100,5.7,94,19.8,1.1
2024-03-10T00:00:00Z,0,0,0,100,5.7,94,18.9,1
2024-03-10T01:00:00Z,0,0,0,100,5.5,95,17.2,0.9
2024-03-10T02:00:00Z,0,0,0,100,5.4,95,16.5,0.8
2024-03-10T03:00:00Z,0,0,0,100,5.2,95,16.7,0.7
2024-03-10T04:00:00Z,0,0,0,100,5.1,95,16.3,0.7
2024-03-10T05:00:00Z,0,0,0,100,5.1,95,15.1,0.8
2024-03-10T06:00:00Z,0,0,0,100,4.8,96,14.7,0.9
2024-03-10T07:00:00Z,0,0,0,100,4.2,97,14.2,1.5
2024-03-10T08:00:00Z,0,0,0,100,3.5,98,11.6,1.3
2024-03-10T09:00:00Z,0,0,0,100,2.6,98,8.7,1.5
2024-03-10T10:00:00Z,0,0,0,100,2.4,98,2.6,1.5
2024-03-10T11:00:00Z,0,0,0,100,2.1,98,0.7,1.3
2024-03-10T12:00:00Z,2,0,2,100,2,99,5.2,1
2024-03-10T13:00:00Z,25,0,25,100,2,100,11.6,0.7
2024-03-10T14:00:00Z,60,0,60,100,1.8,99,16.8,0.6
2024-03-10T15:00:00Z,125,2,123,100,1.6,94,19.6,0.4
2024-03-10T16:00:00Z,147,1,146,100,1,89,19.7,0.3
2024-03-10T17:00:00Z,134,23,111,100,-0.1,85,20.8,0.3
2024-03-10T18:00:00Z,141,3,138,100,-0.8,83,21.3,0.4
2024-03-10T19:00:00Z,192,9,183,100,-1.3,83,21.5,0.1
2024-03-10T20:00:00Z,156,2,154,100,-1.6,82,21.7,0.1
2024-03-10T21:00:00Z,134,5,129,100,-1.9,80,21.9,0.1
2024-03-10T22:00:00Z,86,11,75,100,-2.6,73,19.9,0.1
2024-03-10T23:00:00Z,23,1,22,100,-2.9,73,21.2,0
2024-03-11T00:00:00Z,0,0,0,100,-3,73,22.2,0
2024-03-11T01:00:00Z,0,0,0,100,-3.1,73,23.2,0
2024-03-11T02:00:00Z,0,0,0,100,-3.2,74,23.9,0
2024-03-11T03:00:00Z,0,0,0,100,-3.3,74,24.2,0
2024-03-11T04:00:00Z,0,0,0,100,-3.3,74,27.7,0.1
2024-03-11T05:00:00Z,0,0,0,100,-3.2,75,28.8,0.1
2024-03-11T06:00:00Z,0,0,0,100,-3.1,74,26.7,0
2024-03-11T07:00:00Z,0,0,0,99,-3,74,28,0
2024-03-11T08:00:00Z,0,0,0,100,-2.9,72,27.1,0.1
2024-03-11T09:00:00Z,0,0,0,100,-2.9,71,27.2,0.1
2024-03-11T10:00:00Z,0,0,0,100,-2.6,67,23.7,0
2024-03-11T11:00:00Z,0,0,0,100,-2.7,67,25.6,0
2024-03-11T12:00:00Z,11,2,9,99,-2.7,65,24.2,0
2024-03-11T13:00:00Z,109,40,69,100,-2.1,61,27.4,0
2024-03-11T14:00:00Z,237,106,131,98,-1.5,57,28.3,0
2024-03-11T15:00:00Z,396,247,149,82,-0,52,29,0
2024-03-11T16:00:00Z,547,394,153,17,1.2,47,27.5,0
2024-03-11T17:00:00Z,696,586,110,0,2.9,40,26.6,0
2024-03-11T18:00:00Z,726,634,92,1,4.2,35,25.7,0
2024-03-11T19:00:00Z,678,590,88,1,4.9,33,25.6,0
2024-03-11T20:00:00Z,577,499,78,3,5.4,31,24.5,0
2024-03-11T21:00:00Z,420,347,73,3,5.6,29,24.1,0
2024-03-11T22:00:00Z,243,189,54,18,5,30,18.1,0
2024-03-11T23:00:00Z,65,43,22,24,3.7,34,15.5,0
2024-03-12T00:00:00Z,0,0,0,15,2.8,39,14.9,0
2024-03-12T01:00:00Z,0,0,0,50,2,42,14.8,0
2024-03-12T02:00:00Z,0,0,0,68,1.7,44,14.2,0
2024-03-12T03:00:00Z,0,0,0,79,1.3,47,13.2,0
2024-03-12T04:00:00Z,0,0,0,68,1.3,48,12.8,0
2024-03-12T05:00:00Z,0,0,0,76,1,51,12.1,0
2024-03-12T06:00:00Z,0,0,0,28,0.3,55,11.3,0
2024-03-12T07:00:00Z,0,0,0,4,-0.5,59,9.9,0
2024-03-12T08:00:00Z,0,0,0,10,-1.3,63,9.2,0
2024-03-12T09:00:00Z,0,0,0,2,-1.6,66,8.7,0
2024-03-12T10:00:00Z,0,0,0,3,-2.2,70,7.6,0
2024-03-12T11:00:00Z,0,0,0,0,-2.5,72,7.5,0
2024-03-12T12:00:00Z,18,10,8,0,-1.7,71,7.1,0
2024-03-12T13:00:00Z,158,113,45,0,1.3,61,7.2,0
2024-03-12T14:00:00Z,338,272,66,0,3.3,54,6.8,0
2024-03-12T15:00:00Z,499,421,78,0,5.4,47,6.4,0
2024-03-12T16:00:00Z,621,536,85,0,6.9,43,7.6,0
2024-03-12T17:00:00Z,692,604,88,0,8.6,39,9.6,0
2024-03-12T18:00:00Z,705,617,88,0,10.1,37,11.2,0
2024-03-12T19:00:00Z,659,574,85,2,11.1,35,12.1,0
2024-03-12T20:00:00Z,558,479,79,25,12.1,32,12.4,0
2024-03-12T21:00:00Z,410,337,73,40,12.6,28,11.4,0
2024-03-12T22:00:00Z,237,182,55,33,10.6,37,4.6,0
2024-03-12T23:00:00Z,66,44,22,2,8.3,43,6.4,0
2024-03-13T00:00:00Z,0,0,0,20,6.8,47,4.8,0
2024-03-13T01:00:00Z,0,0,0,17,4.7,56,7.3,0
2024-03-13T02:00:00Z,0,0,0,3,2.1,71,5.9,0
2024-03-13T03:00:00Z,0,0,0,14,1.3,73,6.9,0
2024-03-13T04:00:00Z,0,0,0,15,1,72,8.4,0
2024-03-13T05:00:00Z,0,0,0,99,0.7,71,9.1,0
2024-03-13T06:00:00Z,0,0,0,100,0.8,68,9.7,0
2024-03-13T07:00:00Z,0,0,0,99,0.9,64,12.6,0
2024-03-13T08:00:00Z,0,0,0,96,0.9,61,14.2,0
2024-03-13T09:00:00Z,0,0,0,92,0.4,60,14.5,0
2024-03-13T10:00:00Z,0,0,0,43,-0,63,14.2,0
2024-03-13T11:00:00Z,0,0,0,44,0,63,13.7,0
2024-03-13T12:00:00Z,14,7,7,43,0.3,64,14.1,0
2024-03-13T13:00:00Z,114,61,53,88,1.5,62,14.8,0
2024-03-13T14:00:00Z,219,138,81,87,3.2,56,14.8,0
2024-03-13T15:00:00Z,384,257,127,78,5.2,49,14.2,0
2024-03-13T16:00:00Z,439,226,213,55,6.7,46,14.4,0
2024-03-13T17:00:00Z,529,350,179,6,8,45,13.6,0
2024-03-13T18:00:00Z,676,578,98,9,10.1,42,12.6,0
2024-03-13T19:00:00Z,637,530,107,53,10.6,45,11.4,0
2024-03-13T20:00:00Z,536,434,102,80,12,44,10.3,0
2024-03-13T21:00:00Z,387,275,112,27,12.2,44,9.5,0
2024-03-13T22:00:00Z,229,161,68,37,10.3,46,9.5,0
2024-03-13T23:00:00Z,62,37,25,69,8.4,50,12.1,0
2024-03-14T00:00:00Z,0,0,0,67,6.3,56,11.7,0
2024-03-14T01:00:00Z,0,0,0,86,5.5,57,10.1,0
2024-03-14T02:00:00Z,0,0,0,97,4.7,60,8.7,0
2024-03-14T03:00:00Z,0,0,0,92,3.9,63,7,0
2024-03-14T04:00:00Z,0,0,0,98,3.2,65,4.9,0
2024-03-14T05:00:00Z,0,0,0,92,2.2,71,4.3,0
2024-03-14T06:00:00Z,0,0,0,97,1.2,76,4.9,0
2024-03-14T07:00:00Z,0,0,0,98,0.5,79,4.2,0
2024-03-14T08:00:00Z,0,0,0,95,-0.3,82,5.1,0
2024-03-14T09:00:00Z,0,0,0,94,-0.6,84,5.9,0
2024-03-14T10:00:00Z,0,0,0,75,-0.7,85,6.4,0
2024-03-14T11:00:00Z,0,0,0,43,-1,86,6.6,0
2024-03-14T12:00:00Z,22,10,12,46,-0.6,87,7.1,0
2024-03-14T13:00:00Z,158,100,58,95,2.7,75,6.4,0
2024-03-14T14:00:00Z,346,277,69,63,5.5,62,5,0
2024-03-14T15:00:00Z,505,426,79,12,8.2,51,4.7,0
2024-03-14T16:00:00Z,627,543,84,8,10,45,4.1,0
2024-03-14T17:00:00Z,689,597,92,100,11.6,42,3.2,0
2024-03-14T18:00:00Z,687,562,125,100,12.6,40,3.6,0
2024-03-14T19:00:00Z,588,372,216,100,13.6,37,2.5,0
2024-03-14T20:00:00Z,447,193,254,100,14.3,33,1.1,0
2024-03-14T21:00:00Z,239,35,204,100,13.9,32,3,0
2024-03-14T22:00:00Z,115,6,109,100,12.4,46,2.5,0
2024-03-14T23:00:00Z,25,0,25,100,11.1,50,3.7,0
2024-03-15T00:00:00Z,0,0,0,100,9.9,57,5.1,0
2024-03-15T01:00:00Z,0,0,0,100,8.9,62,6.5,0.1
2024-03-15T02:00:00Z,0,0,0,100,8.4,67,6.4,0.2
2024-03-15T03:00:00Z,0,0,0,100,7.1,77,6.9,0.4
2024-03-15T04:00:00Z,0,0,0,100,6.6,80,7.5,0.6
2024-03-15T05:00:00Z,0,0,0,100,5.9,85,4.4,1.1
2024-03-15T06:00:00Z,0,0,0,87,5.7,87,4,1.3
2024-03-15T07:00:00Z,0,0,0,82,5.4,88,4.8,0.2
2024-03-15T08:00:00Z,0,0,0,93,5.2,89,8.6,0.2
2024-03-15T09:00:00Z,0,0,0,100,5.1,91,9.2,0.3
2024-03-15T10:00:00Z,0,0,0,99,4.2,92,5.8,0.2
2024-03-15T11:00:00Z,0,0,0,92,3.8,92,4.6,0
2024-03-15T12:00:00Z,16,2,14,92,3.6,93,6.1,0
2024-03-15T13:00:00Z,128,46,82,93,5.1,91,5.4,0
2024-03-15T14:00:00Z,282,157,125,73,7,82,4,0
2024-03-15T15:00:00Z,460,347,113,39,9.6,67,2.5,0
2024-03-15T16:00:00Z,562,416,146,57,11,58,5.6,0.1
2024-03-15T17:00:00Z,535,370,165,47,11.9,53,6.1,0.1
2024-03-15T18:00:00Z,435,224,211,42,11.9,58,6.3,0.1
2024-03-15T19:00:00Z,441,257,184,72,11.9,59,7.6,0
2024-03-15T20:00:00Z,328,178,150,75,11.1,61,8.6,0.3
2024-03-15T21:00:00Z,332,229,103,57,10,61,11.2,0.1
2024-03-15T22:00:00Z,168,85,83,48,9.6,57,5.3,0
2024-03-15T23:00:00Z,50,26,24,44,8.6,63,7.3,0.1
2024-03-16T00:00:00Z,0,0,0,53,6.7,77,10.4,0.3
2024-03-16T01:00:00Z,0,0,0,45,5.5,84,11.5,0.2
2024-03-16T02:00:00Z,0,0,0,40,5.1,84,11.4,0
2024-03-16T03:00:00Z,0,0,0,61,4,86,11.1,0
2024-03-16T04:00:00Z,0,0,0,90,3,87,11.1,0
2024-03-16T05:00:00Z,0,0,0,98,2.7,86,10.7,0
2024-03-16T06:00:00Z,0,0,0,99,2.1,86,11.5,0
2024-03-16T07:00:00Z,0,0,0,100,1.6,84,11.2,0
2024-03-16T08:00:00Z,0,0,0,99,0.9,82,10.2,0
2024-03-16T09:00:00Z,0,0,0,100,0.4,82,8.2,0
2024-03-16T10:00:00Z,0,0,0,97,-1,90,6.4,0
2024-03-16T11:00:00Z,0,0,0,97,-1.1,89,5.7,0
2024-03-16T12:00:00Z,23,5,18,99,-0.8,87,7.2,0
2024-03-16T13:00:00Z,142,49,93,99,0.7,82,6.5,0
2024-03-16T14:00:00Z,266,97,169,98,2,75,7.2,0
2024-03-16T15:00:00Z,331,100,231,100,3.4,67,8.5,0
2024-03-16T16:00:00Z,342,45,297,99,4.1,62,8.2,0
2024-03-16T17:00:00Z,384,67,317,100,4.9,56,7.9,0
2024-03-16T18:00:00Z,447,135,312,100,5.6,54,10.5,0
2024-03-16T19:00:00Z,324,52,272,100,6.3,51,13.9,0
2024-03-16T20:00:00Z,225,25,200,100,6.7,52,15.2,0
2024-03-16T21:00:00Z,157,4,153,100,6.2,59,16.9,0
2024-03-16T22:00:00Z,104,10,94,100,5,72,14.8,0.1
2024-03-16T23:00:00Z,22,0,22,100,4.4,75,11.9,0.1
2024-03-17T00:00:00Z,0,0,0,100,3.3,87,11.5,0.7
2024-03-17T01:00:00Z,0,0,0,99,2.8,91,11.6,0.4
2024-03-17T02:00:00Z,0,0,0,96,2.9,92,11.5,0.2
2024-03-17T03:00:00Z,0,0,0,100,2.9,94,10.9,0.4
2024-03-17T04:00:00Z,0,0,0,100,2.9,94,11,0.7
2024-03-17T05:00:00Z,0,0,0,100,2.5,94,10.2,0.9
2024-03-17T06:00:00Z,0,0,0,100,2.4,95,8.9,0.7
2024-03-17T07:00:00Z,0,0,0,100,2.4,96,6,1.1
2024-03-17T08:00:00Z,0,0,0,100,2.6,96,4.3,1
2024-03-17T09:00:00Z,0,0,0,100,2.7,94,3.3,0.6
2024-03-17T10:00:00Z,0,0,0,95,2.2,98,5,0.1
2024-03-17T11:00:00Z,0,0,0,96,2.6,97,9.1,0
2024-03-17T12:00:00Z,11,1,10,97,2.9,94,10.7,0
2024-03-17T13:00:00Z,62,11,51,73,3.2,94,12.4,0
2024-03-17T14:00:00Z,185,80,105,61,3.5,91,13,0
2024-03-17T15:00:00Z,388,249,139,35,4.3,75,11.9,0.1
2024-03-17T16:00:00Z,379,156,223,61,5.5,65,12.1,0.1
2024-03-17T17:00:00Z,501,278,223,76,5.2,65,13.6,0.3
2024-03-17T18:00:00Z,560,348,212,90,6.1,65,15.3,0.1
2024-03-17T19:00:00Z,448,217,231,71,6.4,68,15.9,0.1
2024-03-17T20:00:00Z,474,279,195,65,6.5,68,15.6,0.1
2024-03-17T21:00:00Z,337,194,143,48,5.3,76,15.7,0.3
2024-03-17T22:00:00Z,228,144,84,65,5.4,67,9.7,0.1
2024-03-17T23:00:00Z,68,33,35,61,4.6,71,12.1,0
2024-03-18T00:00:00Z,1,0,1,69,3.8,76,14,0.1
2024-03-18T01:00:00Z,0,0,0,51,3.3,74,14.5,0
2024-03-18T02:00:00Z,0,0,0,5,3,71,14,0
2024-03-18T03:00:00Z,0,0,0,6,2.5,69,13,0
2024-03-18T04:00:00Z,0,0,0,6,1.5,70,12.8,0
2024-03-18T05:00:00Z,0,0,0,23,0.8,71,13.7,0
2024-03-18T06:00:00Z,0,0,0,52,0.5,72,13.7,0
2024-03-18T07:00:00Z,0,0,0,94,0.2,73,13.7,0
2024-03-18T08:00:00Z,0,0,0,97,0.2,76,14,0.1
2024-03-18T09:00:00Z,0,0,0,100,0.2,80,12.8,0.1
2024-03-18T10:00:00Z,0,0,0,86,0.1,85,12.7,0.2
2024-03-18T11:00:00Z,0,0,0,86,0.2,87,13.5,0.1
2024-03-18T12:00:00Z,17,3,14,89,0.5,87,13.1,0.1
2024-03-18T13:00:00Z,119,49,70,98,1,85,16,0.1
2024-03-18T14:00:00Z,193,50,143,98,1.5,83,18.4,0.1
2024-03-18T15:00:00Z,272,83,189,97,1.9,80,15.7,0.2
2024-03-18T16:00:00Z,255,75,180,98,1.9,80,14.6,0.1
2024-03-18T17:00:00Z,375,156,219,92,2.1,76,14,0.3
2024-03-18T18:00:00Z,496,285,211,79,2.5,78,14.6,0.2
2024-03-18T19:00:00Z,506,270,236,90,3.1,76,16.4,0.1
2024-03-18T20:00:00Z,506,322,184,86,1.8,73,17.9,0.3
2024-03-18T21:00:00Z,338,189,149,90,2,67,20.5,0.2
2024-03-18T22:00:00Z,178,76,102,99,1.7,62,16.6,0
2024-03-18T23:00:00Z,57,14,43,94,0.9,62,16.1,0
2024-03-19T00:00:00Z,1,0,1,94,0.1,64,17.3,0
2024-03-19T01:00:00Z,0,0,0,95,-0.8,65,18.1,0
2024-03-19T02:00:00Z,0,0,0,98,-1.5,66,18.3,0
2024-03-19T03:00:00Z,0,0,0,100,-2.1,66,18.3,0
2024-03-19T04:00:00Z,0,0,0,100,-2.5,64,18.1,0
2024-03-19T05:00:00Z,0,0,0,99,-2.8,63,17.8,0
2024-03-19T06:00:00Z,0,0,0,98,-3.1,61,17.6,0
2024-03-19T07:00:00Z,0,0,0,100,-3.4,61,16.6,0
2024-03-19T08:00:00Z,0,0,0,94,-3.7,59,16,0
2024-03-19T09:00:00Z,0,0,0,98,-3.8,60,15.2,0
2024-03-19T10:00:00Z,0,0,0,57,-4.8,60,13.2,0
2024-03-19T11:00:00Z,0,0,0,52,-5.1,62,11.4,0
2024-03-19T12:00:00Z,37,19,18,91,-4.9,62,11.9,0
2024-03-19T13:00:00Z,182,103,79,98,-4.2,59,13.7,0
2024-03-19T14:00:00Z,324,173,151,100,-3.2,55,13.3,0
2024-03-19T15:00:00Z,441,206,235,100,-2,56,13.1,0
2024-03-19T16:00:00Z,446,138,308,100,-1.5,58,12.8,0
2024-03-19T17:00:00Z,442,80,362,100,-0.7,58,11.9,0
2024-03-19T18:00:00Z,504,142,362,100,0.4,56,11.3,0
2024-03-19T19:00:00Z,497,189,308,100,0.7,57,9.9,0
2024-03-19T20:00:00Z,296,39,257,100,0.7,60,11.4,0.1
2024-03-19T21:00:00Z,169,8,161,99,0.3,70,11.7,0.1
2024-03-19T22:00:00Z,124,17,107,99,-0.3,80,8.7,0.2
2024-03-19T23:00:00Z,48,6,42,100,-0.6,82,9.3,0.4
2024-03-20T00:00:00Z,1,0,1,99,-0.5,87,10.1,0.1
2024-03-20T01:00:00Z,0,0,0,100,-0.7,95,10.4,0
2024-03-20T02:00:00Z,0,0,0,100,-0.8,99,10,0
2024-03-20T03:00:00Z,0,0,0,99,-1,99,10.2,0
2024-03-20T04:00:00Z,0,0,0,100,-1.1,99,10.6,0
2024-03-20T05:00:00Z,0,0,0,99,-1.2,98,11.5,0
2024-03-20T06:00:00Z,0,0,0,100,-0.9,96,11.6,0
2024-03-20T07:00:00Z,0,0,0,99,-0.9,95,12.2,0.2
2024-03-20T08:00:00Z,0,0,0,98,-1,95,12.6,0.1
2024-03-20T09:00:00Z,0,0,0,90,-0.8,94,12.9,0.1
2024-03-20T10:00:00Z,0,0,0,78,-0.3,87,15.1,0.1
2024-03-20T11:00:00Z,0,0,0,21,-0.4,81,15.8,0
2024-03-20T12:00:00Z,35,17,18,29,-0.3,76,15.8,0
2024-03-20T13:00:00Z,186,113,73,23,0.4,70,19.2,0.1
2024-03-20T14:00:00Z,352,254,98,35,1,64,18,0.1
2024-03-20T15:00:00Z,503,369,134,64,1.8,58,16.8,0
2024-03-20T16:00:00Z,580,383,197,46,1.9,59,15.8,0.1
2024-03-20T17:00:00Z,618,398,220,65,2.2,56,15.4,0.1
2024-03-20T18:00:00Z,702,534,168,82,2.4,54,15.3,0.1
2024-03-20T19:00:00Z,581,360,221,66,1.8,49,17,0
2024-03-20T20:00:00Z,517,328,189,78,0.8,44,21.3,0.4
2024-03-20T21:00:00Z,382,251,131,67,0.4,45,22,0
2024-03-20T22:00:00Z,243,146,97,63,-0.5,44,19.8,0
2024-03-20T23:00:00Z,92,53,39,61,-1.9,53,20.3,0
2024-03-21T00:00:00Z,2,0,2,0,-2.9,58,22.2,0
2024-03-21T01:00:00Z,0,0,0,26,-3.7,60,22.3,0
2024-03-21T02:00:00Z,0,0,0,93,-4.3,61,21.9,0
2024-03-21T03:00:00Z,0,0,0,96,-5,59,21.4,0
2024-03-21T04:00:00Z,0,0,0,100,-5.4,58,21.9,0
2024-03-21T05:00:00Z,0,0,0,100,-6,57,22.7,0
2024-03-21T06:00:00Z,0,0,0,95,-6.3,57,24.2,0
2024-03-21T07:00:00Z,0,0,0,93,-7,56,25.8,0
2024-03-21T08:00:00Z,0,0,0,99,-7.5,55,24.9,0
2024-03-21T09:00:00Z,0,0,0,94,-8,55,23.6,0
2024-03-21T10:00:00Z,0,0,0,98,-9.4,56,19.7,0
2024-03-21T11:00:00Z,0,0,0,100,-9.9,56,20.5,0
2024-03-21T12:00:00Z,40,19,21,71,-10.1,53,22.1,0
2024-03-21T13:00:00Z,204,132,72,68,-9.8,52,22.4,0
2024-03-21T14:00:00Z,391,289,102,100,-9.2,50,21.7,0
2024-03-21T15:00:00Z,566,460,106,94,-8.1,45,21.5,0
2024-03-21T16:00:00Z,695,582,113,98,-6.9,41,21.9,0
2024-03-21T17:00:00Z,770,664,106,33,-5.5,39,21,0
2024-03-21T18:00:00Z,778,664,114,59,-4.2,37,21.2,0
2024-03-21T19:00:00Z,704,554,150,91,-3.5,35,23.9,0
2024-03-21T20:00:00Z,577,405,172,100,-2.8,33,23.7,0
2024-03-21T21:00:00Z,409,247,162,82,-2.8,33,23.7,0
2024-03-21T22:00:00Z,238,123,115,45,-3.8,34,19.5,0
2024-03-21T23:00:00Z,105,73,32,0,-4.8,35,19.2,0
2024-03-22T00:00:00Z,2,1,1,0,-5.5,36,19.4,0
2024-03-22T01:00:00Z,0,0,0,0,-6.3,37,20.3,0
2024-03-22T02:00:00Z,0,0,0,0,-7.2,39,19.4,0
2024-03-22T03:00:00Z,0,0,0,0,-8.2,41,17.8,0
2024-03-22T04:00:00Z,0,0,0,0,-9,42,15.8,0
2024-03-22T05:00:00Z,0,0,0,0,-9.7,45,14,0
2024-03-22T06:00:00Z,0,0,0,0,-10.5,47,13.7,0
2024-03-22T07:00:00Z,0,0,0,0,-11.2,50,12.8,0
2024-03-22T08:00:00Z,0,0,0,0,-12,53,12.1,0
2024-03-22T09:00:00Z,0,0,0,0,-12.3,53,10.9,0
2024-03-22T10:00:00Z,0,0,0,0,-13.1,60,9.4,0
2024-03-22T11:00:00Z,0,0,0,99,-13.3,60,8,0
2024-03-22T12:00:00Z,52,32,20,100,-12,56,6,0
2024-03-22T13:00:00Z,179,72,107,100,-10.6,48,5.2,0
2024-03-22T14:00:00Z,262,52,210,100,-9.5,41,5.6,0
2024-03-22T15:00:00Z,347,72,275,100,-8.1,37,4.6,0
2024-03-22T16:00:00Z,424,88,336,100,-7.1,35,3.9,0
2024-03-22T17:00:00Z,464,103,361,100,-6.2,35,4.7,0
2024-03-22T18:00:00Z,481,110,371,95,-5.3,36,5,0
2024-03-22T19:00:00Z,566,290,276,94,-4.8,37,6.2,0
2024-03-22T20:00:00Z,432,196,236,99,-4.2,37,6.6,0
2024-03-22T21:00:00Z,304,117,187,100,-4,38,5.4,0
2024-03-22T22:00:00Z,190,67,123,100,-4.1,41,3.4,0
2024-03-22T23:00:00Z,63,13,50,99,-4.4,42,4.5,0
2024-03-23T00:00:00Z,2,0,2,100,-5.1,46,5.1,0
2024-03-23T01:00:00Z,0,0,0,99,-5.2,49,4.7,0
2024-03-23T02:00:00Z,0,0,0,92,-5.4,53,4.5,0
2024-03-23T03:00:00Z,0,0,0,96,-5.8,58,4.7,0
2024-03-23T04:00:00Z,0,0,0,96,-6.3,62,5.4,0
2024-03-23T05:00:00Z,0,0,0,91,-6.7,64,5.8,0
2024-03-23T06:00:00Z,0,0,0,94,-6.6,64,7.4,0.1
2024-03-23T07:00:00Z,0,0,0,95,-6.6,67,9.5,0.1
2024-03-23T08:00:00Z,0,0,0,92,-6.8,70,10,0.2
2024-03-23T09:00:00Z,0,0,0,96,-7.1,72,11.6,0.2
2024-03-23T10:00:00Z,0,0,0,99,-7.7,74,12.2,0.2
2024-03-23T11:00:00Z,0,0,0,100,-7.7,75,12.6,0.1
2024-03-23T12:00:00Z,20,5,15,100,-7.4,74,13.3,0.2
2024-03-23T13:00:00Z,81,18,63,100,-5.9,70,13.8,0.1
2024-03-23T14:00:00Z,149,14,135,100,-5.3,64,14.3,0.1
2024-03-23T15:00:00Z,163,0,163,100,-4.8,61,13.7,0.1
2024-03-23T16:00:00Z,304,65,239,100,-3.9,57,12.5,0.1
2024-03-23T17:00:00Z,390,140,250,100,-3,54,11.8,0.1
2024-03-23T18:00:00Z,345,91,254,100,-2.4,53,11,0
2024-03-23T19:00:00Z,435,174,261,90,-1.7,51,9,0
2024-03-23T20:00:00Z,331,124,207,77,-0.9,49,7.9,0
2024-03-23T21:00:00Z,413,254,159,87,-0.6,48,9.1,0
2024-03-23T22:00:00Z,265,171,94,10,-0,41,5.8,0
2024-03-23T23:00:00Z,81,45,36,1,-2,49,4.2,0
2024-03-24T00:00:00Z,3,1,2,0,-2.8,53,4.9,0
2024-03-24T01:00:00Z,0,0,0,0,-3.6,57,7.9,0
2024-03-24T02:00:00Z,0,0,0,2,-4.8,62,7.5,0
2024-03-24T03:00:00Z,0,0,0,1,-5.7,65,5.9,0
2024-03-24T04:00:00Z,0,0,0,0,-7.4,71,5.3,0
2024-03-24T05:00:00Z,0,0,0,5,-6.6,65,8,0
2024-03-24T06:00:00Z,0,0,0,49,-6.3,65,13.5,0
2024-03-24T07:00:00Z,0,0,0,93,-6.3,72,15.8,0
2024-03-24T08:00:00Z,0,0,0,6,-6.5,74,15.4,0
2024-03-24T09:00:00Z,0,0,0,22,-6.9,73,16.1,0
2024-03-24T10:00:00Z,0,0,0,47,-8.2,70,15.6,0
2024-03-24T11:00:00Z,0,0,0,93,-9.3,70,14.4,0
2024-03-24T12:00:00Z,60,36,24,96,-8.7,65,14.9,0
2024-03-24T13:00:00Z,244,187,57,78,-7.2,57,14,0
2024-03-24T14:00:00Z,438,366,72,0,-5.6,46,12,0
2024-03-24T15:00:00Z,606,524,82,0,-4,36,11.1,0
2024-03-24T16:00:00Z,727,638,89,0,-2.5,30,11.2,0
2024-03-24T17:00:00Z,795,702,93,0,-1.1,28,10.5,0
2024-03-24T18:00:00Z,802,710,92,0,-0.1,26,9.2,0
2024-03-24T19:00:00Z,747,658,89,0,0.7,24,8.4,0
2024-03-24T20:00:00Z,639,555,84,0,1.1,23,6.8,0
2024-03-24T21:00:00Z,485,410,75,0,1.4,22,6.8,0
2024-03-24T22:00:00Z,300,239,61,0,1.2,19,6.5,0
2024-03-24T23:00:00Z,111,77,34,0,0.6,18,5.5,0
2024-03-25T00:00:00Z,4,1,3,9,-0.2,24,6,0
2024-03-25T01:00:00Z,0,0,0,3,-1.9,33,3.8,0
2024-03-25T02:00:00Z,0,0,0,0,-3.4,43,2.6,0
2024-03-25T03:00:00Z,0,0,0,0,-3.4,43,4.7,0
2024-03-25T04:00:00Z,0,0,0,5,-3.8,42,5.4,0
2024-03-25T05:00:00Z,0,0,0,88,-4.1,41,6.6,0
2024-03-25T06:00:00Z,0,0,0,1,-3.5,40,6.7,0
2024-03-25T07:00:00Z,0,0,0,2,-3.9,41,6.5,0
2024-03-25T08:00:00Z,0,0,0,0,-4.2,42,8.3,0
2024-03-25T09:00:00Z,0,0,0,0,-4.4,45,10.5,0
2024-03-25T10:00:00Z,0,0,0,0,-5,49,12,0
2024-03-25T11:00:00Z,0,0,0,0,-5,51,13.8,0
2024-03-25T12:00:00Z,63,41,22,0,-3.3,49,12.7,0
2024-03-25T13:00:00Z,235,181,54,0,-0.8,45,14.3,0
2024-03-25T14:00:00Z,419,348,71,0,1.5,39,16.5,0
2024-03-25T15:00:00Z,579,500,79,9,3.6,33,16.7,0
2024-03-25T16:00:00Z,701,621,80,36,5.3,29,15.7,0
2024-03-25T17:00:00Z,762,670,92,98,7.1,25,14.2,0
2024-03-25T18:00:00Z,767,671,96,97,8.3,22,15.1,0
2024-03-25T19:00:00Z,681,520,161,96,9.4,21,15.8,0
2024-03-25T20:00:00Z,562,393,169,94,10,20,15.5,0
2024-03-25T21:00:00Z,425,293,132,51,9.7,22,15.2,0
2024-03-25T22:00:00Z,283,217,66,21,8.5,25,14.1,0
2024-03-25T23:00:00Z,107,71,36,28,6.8,31,17.3,0
2024-03-26T00:00:00Z,4,2,2,0,4.9,37,18.4,0
2024-03-26T01:00:00Z,0,0,0,1,3.8,41,18.3,0
2024-03-26T02:00:00Z,0,0,0,0,3.1,45,16.3,0
2024-03-26T03:00:00Z,0,0,0,0,2.3,50,14,0
2024-03-26T04:00:00Z,0,0,0,1,1.6,53,13.7,0
2024-03-26T05:00:00Z,0,0,0,68,1.4,53,13.1,0
2024-03-26T06:00:00Z,0,0,0,63,1.2,54,12,0
2024-03-26T07:00:00Z,0,0,0,13,1,55,10.9,0
2024-03-26T08:00:00Z,0,0,0,0,0.9,57,12.3,0
2024-03-26T09:00:00Z,0,0,0,24,1,56,14.1,0
2024-03-26T10:00:00Z,0,0,0,99,1.2,55,13,0
2024-03-26T11:00:00Z,0,0,0,100,1.2,55,13,0
2024-03-26T12:00:00Z,57,23,34,100,1.8,51,14.4,0
2024-03-26T13:00:00Z,175,55,120,100,2.9,45,15.5,0
2024-03-26T14:00:00Z,330,142,188,100,4.5,38,15.6,0
2024-03-26T15:00:00Z,413,140,273,100,6.6,33,13.4,0
2024-03-26T16:00:00Z,455,131,324,100,8.2,31,13.7,0
2024-03-26T17:00:00Z,631,329,302,100,10.4,31,13.6,0
2024-03-26T18:00:00Z,616,289,327,100,11.6,32,14.1,0
2024-03-26T19:00:00Z,271,12,259,100,11.4,36,15.8,0
2024-03-26T20:00:00Z,348,61,287,100,11.2,40,20.6,0
2024-03-26T21:00:00Z,187,11,176,100,10.4,44,21.6,0
2024-03-26T22:00:00Z,77,0,77,100,10.2,50,19.4,0
2024-03-26T23:00:00Z,38,1,37,100,10.2,54,17.9,0
2024-03-27T00:00:00Z,2,0,2,100,9.9,58,17.3,0
2024-03-27T01:00:00Z,0,0,0,100,9.8,62,18.6,0
2024-03-27T02:00:00Z,0,0,0,100,9.5,66,18.6,0
2024-03-27T03:00:00Z,0,0,0,99,9.1,70,16.5,0
2024-03-27T04:00:00Z,0,0,0,99,8.7,73,16.5,0
2024-03-27T05:00:00Z,0,0,0,95,8.3,77,15.5,0
2024-03-27T06:00:00Z,0,0,0,93,7.5,81,13.2,0
2024-03-27T07:00:00Z,0,0,0,100,6.8,84,14.3,0.6
2024-03-27T08:00:00Z,0,0,0,100,6.2,87,13,1
2024-03-27T09:00:00Z,0,0,0,100,5.9,90,14.1,1.5
2024-03-27T10:00:00Z,0,0,0,100,6.2,92,12.1,0.2
2024-03-27T11:00:00Z,0,0,0,97,6.3,93,12.2,0
2024-03-27T12:00:00Z,13,0,13,49,6.7,93,11.8,0
2024-03-27T13:00:00Z,76,6,70,71,7.7,92,11.8,0
2024-03-27T14:00:00Z,119,18,101,79,9,88,18.8,0
2024-03-27T15:00:00Z,127,9,118,85,9.7,85,20.1,0
2024-03-27T16:00:00Z,387,254,133,99,12.5,70,20.3,0
2024-03-27T17:00:00Z,523,272,251,100,14.2,61,21.1,0
2024-03-27T18:00:00Z,558,295,263,98,15.5,59,19.4,0.1
2024-03-27T19:00:00Z,431,201,230,38,14.8,60,20,0.1
2024-03-27T20:00:00Z,378,244,134,81,14.8,58,21.2,0
2024-03-27T21:00:00Z,177,53,124,83,14.4,59,15,0
2024-03-27T22:00:00Z,118,49,69,47,12.9,61,14,0
2024-03-27T23:00:00Z,49,18,31,74,11.5,65,11.7,0.1
2024-03-28T00:00:00Z,2,0,2,93,10.5,67,10.2,0.1
2024-03-28T01:00:00Z,0,0,0,95,9.4,71,11,0
2024-03-28T02:00:00Z,0,0,0,81,8.1,76,10.5,0
2024-03-28T03:00:00Z,0,0,0,77,6.7,82,8.2,0
2024-03-28T04:00:00Z,0,0,0,100,5.7,83,8.2,0
2024-03-28T05:00:00Z,0,0,0,98,5,79,9.8,0
2024-03-28T06:00:00Z,0,0,0,93,4.5,73,9.3,0
2024-03-28T07:00:00Z,0,0,0,91,4.2,71,10.2,0
2024-03-28T08:00:00Z,0,0,0,78,3.8,70,10.2,0
2024-03-28T09:00:00Z,0,0,0,76,3.2,71,8.7,0
2024-03-28T10:00:00Z,0,0,0,68,3.1,72,7.2,0
2024-03-28T11:00:00Z,0,0,0,68,2.6,73,7.9,0
2024-03-28T12:00:00Z,66,41,25,34,3.1,71,6.5,0
2024-03-28T13:00:00Z,229,164,65,35,4.2,62,8,0
2024-03-28T14:00:00Z,386,290,96,76,4.9,52,11.3,0
2024-03-28T15:00:00Z,479,303,176,99,5.6,49,10.5,0
2024-03-28T16:00:00Z,619,420,199,97,6.5,46,9.2,0
2024-03-28T17:00:00Z,715,518,197,95,7.3,44,9,0
2024-03-28T18:00:00Z,753,591,162,100,8.1,42,11.1,0
2024-03-28T19:00:00Z,560,238,322,46,8.6,38,10.6,0
2024-03-28T20:00:00Z,587,468,119,45,9.2,36,10.1,0
2024-03-28T21:00:00Z,434,327,107,90,9.4,35,9,0
2024-03-28T22:00:00Z,239,110,129,98,8.9,34,6.3,0
2024-03-28T23:00:00Z,102,49,53,73,7.6,47,4.3,0
2024-03-29T00:00:00Z,6,1,5,87,5.3,51,8.3,0
2024-03-29T01:00:00Z,0,0,0,100,4.2,56,10.1,0
2024-03-29T02:00:00Z,0,0,0,100,3.4,63,10.3,0
2024-03-29T03:00:00Z,0,0,0,100,3,66,9.3,0
2024-03-29T04:00:00Z,0,0,0,100,2.4,63,12.1,0
2024-03-29T05:00:00Z,0,0,0,100,1.8,60,15.6,0
2024-03-29T06:00:00Z,0,0,0,100,0.7,63,15,0
2024-03-29T07:00:00Z,0,0,0,100,-0.1,66,13.3,0
2024-03-29T08:00:00Z,0,0,0,73,-1.1,71,11.5,0
2024-03-29T09:00:00Z,0,0,0,2,-1.3,72,10.4,0
2024-03-29T10:00:00Z,0,0,0,1,-2.1,76,10.6,0
2024-03-29T11:00:00Z,1,0,1,1,-2.2,75,11.6,0
2024-03-29T12:00:00Z,81,51,30,0,-0.6,70,11.4,0
2024-03-29T13:00:00Z,260,198,62,8,1.3,60,13.3,0
2024-03-29T14:00:00Z,449,377,72,81,2.6,48,13,0
2024-03-29T15:00:00Z,588,473,115,98,4,45,14,0
2024-03-29T16:00:00Z,656,472,184,100,4.9,44,14,0
2024-03-29T17:00:00Z,651,443,208,100,5.2,43,15.6,0
2024-03-29T18:00:00Z,534,229,305,100,5.5,43,17.9,0
2024-03-29T19:00:00Z,428,122,306,100,6,41,19,0
2024-03-29T20:00:00Z,352,58,294,100,6.2,41,19.5,0
2024-03-29T21:00:00Z,262,47,215,100,6,41,19.2,0
2024-03-29T22:00:00Z,126,3,123,89,5.2,43,15.6,0
2024-03-29T23:00:00Z,49,6,43,91,4.3,46,15.2,0
2024-03-30T00:00:00Z,3,0,3,87,3.4,49,16.4,0
2024-03-30T01:00:00Z,0,0,0,96,2.8,51,18,0
2024-03-30T02:00:00Z,0,0,0,99,2.6,51,18.9,0
2024-03-30T03:00:00Z,0,0,0,98,2.4,52,18.7,0
2024-03-30T04:00:00Z,0,0,0,99,2,52,17.9,0
2024-03-30T05:00:00Z,0,0,0,100,1.8,52,18.2,0
2024-03-30T06:00:00Z,0,0,0,79,1.5,51,18.4,0
2024-03-30T07:00:00Z,0,0,0,83,1.1,49,18.4,0
2024-03-30T08:00:00Z,0,0,0,99,0.6,49,17.9,0
2024-03-30T09:00:00Z,0,0,0,96,0.2,49,17.8,0
2024-03-30T10:00:00Z,0,0,0,96,-0.2,50,16.1,0
2024-03-30T11:00:00Z,1,0,1,90,-0.8,51,15.3,0
2024-03-30T12:00:00Z,72,33,39,90,-0.5,51,17,0
2024-03-30T13:00:00Z,214,111,103,100,0.1,50,17.2,0
2024-03-30T14:00:00Z,362,171,191,100,0.8,48,18.8,0
2024-03-30T15:00:00Z,515,280,235,100,1.8,46,19.3,0
2024-03-30T16:00:00Z,635,392,243,36,2.9,43,17.6,0
2024-03-30T17:00:00Z,777,626,151,0,4,39,14.6,0
2024-03-30T18:00:00Z,813,719,94,0,5.2,36,13.5,0
2024-03-30T19:00:00Z,762,673,89,0,6,35,13.2,0
2024-03-30T20:00:00Z,655,571,84,0,6.5,32,13.4,0
2024-03-30T21:00:00Z,502,428,74,17,6.9,30,13.3,0
2024-03-30T22:00:00Z,317,253,64,91,6.4,30,8.8,0
2024-03-30T23:00:00Z,119,69,50,79,5.5,33,6.3,0
2024-03-31T00:00:00Z,8,3,5,97,3.9,39,8,0
2024-03-31T01:00:00Z,0,0,0,100,3.2,43,9.1,0
2024-03-31T02:00:00Z,0,0,0,98,2.9,45,8.6,0
2024-03-31T03:00:00Z,0,0,0,96,2.1,49,8.7,0
2024-03-31T04:00:00Z,0,0,0,100,2.2,49,8.8,0
2024-03-31T05:00:00Z,0,0,0,99,2.5,50,10.3,0
2024-03-31T06:00:00Z,0,0,0,95,2.5,51,10.1,0
2024-03-31T07:00:00Z,0,0,0,92,2.1,53,10,0
2024-03-31T08:00:00Z,0,0,0,77,1.8,54,10.5,0
2024-03-31T09:00:00Z,0,0,0,57,1.1,57,10.3,0
2024-03-31T10:00:00Z,0,0,0,1,0.8,59,10.3,0
2024-03-31T11:00:00Z,1,0,1,10,0.4,61,10.7,0
2024-03-31T12:00:00Z,87,52,35,1,1.7,56,10.3,0
2024-03-31T13:00:00Z,276,214,62,1,3.1,49,11.8,0
2024-03-31T14:00:00Z,463,391,72,0,4.3,43,13.8,0
2024-03-31T15:00:00Z,611,507,104,11,6.1,35,13.7,0
2024-03-31T16:00:00Z,705,559,146,67,6.9,35,13.1,0
2024-03-31T17:00:00Z,732,510,222,76,7.8,34,15.2,0
2024-03-31T18:00:00Z,711,531,180,95,8.4,35,17.3,0
2024-03-31T19:00:00Z,605,319,286,83,9,34,18.5,0
2024-03-31T20:00:00Z,515,278,237,85,9.5,33,19.1,0
2024-03-31T21:00:00Z,391,183,208,78,10.3,30,18.1,0
2024-03-31T22:00:00Z,286,180,106,5,10.1,30,9.2,0
2024-03-31T23:00:00Z,118,66,52,0,8.8,37,6.4,0
2024-04-01T00:00:00Z,9,4,5,0,6.2,45,1.1,0
2024-04-01T01:00:00Z,0,0,0,9,5.2,46,3.7,0
2024-04-01T02:00:00Z,0,0,0,5,4.4,48,7.3,0
2024-04-01T03:00:00Z,0,0,0,6,2.2,64,5,0
2024-04-01T04:00:00Z,0,0,0,53,1.5,67,4.1,0
2024-04-01T05:00:00Z,0,0,0,93,1.4,67,5.1,0
2024-04-01T06:00:00Z,0,0,0,18,1.8,65,5.3,0
2024-04-01T07:00:00Z,0,0,0,75,1,70,3.1,0
2024-04-01T08:00:00Z,0,0,0,98,0.6,72,2.9,0
2024-04-01T09:00:00Z,0,0,0,91,1.1,71,2.5,0
2024-04-01T10:00:00Z,0,0,0,91,-0.1,79,4.3,0
2024-04-01T11:00:00Z,2,0,2,63,-0.7,85,5.4,0
2024-04-01T12:00:00Z,86,43,43,8,1.2,78,4.7,0
2024-04-01T13:00:00Z,260,169,91,42,3.6,67,3.3,0
2024-04-01T14:00:00Z,441,328,113,58,5.6,58,2.9,0
2024-04-01T15:00:00Z,542,414,128,56,7.6,50,5.4,0
2024-04-01T16:00:00Z,621,485,136,61,8.7,44,8.6,0
2024-04-01T17:00:00Z,671,496,175,90,9.5,40,13.1,0
2024-04-01T18:00:00Z,712,556,156,75,9.8,39,12.9,0
2024-04-01T19:00:00Z,491,236,255,70,9,43,13.7,0
2024-04-01T20:00:00Z,530,333,197,70,8.5,46,13.6,0
2024-04-01T21:00:00Z,403,249,154,72,8.6,46,12.7,0
2024-04-01T22:00:00Z,249,144,105,69,8.4,42,10.1,0
2024-04-01T23:00:00Z,97,51,46,91,7.6,45,7.2,0
2024-04-02T00:00:00Z,9,3,6,100,5.3,56,6.5,0
2024-04-02T01:00:00Z,0,0,0,100,4.3,58,7.5,0
2024-04-02T02:00:00Z,0,0,0,100,3.6,59,8.7,0
2024-04-02T03:00:00Z,0,0,0,53,2.6,62,11.2,0
2024-04-02T04:00:00Z,0,0,0,96,1.9,66,8,0
2024-04-02T05:00:00Z,0,0,0,50,0.9,71,8.8,0
2024-04-02T06:00:00Z,0,0,0,51,-0.1,77,9.4,0
2024-04-02T07:00:00Z,0,0,0,100,-1,83,8.4,0
2024-04-02T08:00:00Z,0,0,0,99,-1.8,86,7.2,0
2024-04-02T09:00:00Z,0,0,0,0,-1.5,89,8.6,0
2024-04-02T10:00:00Z,0,0,0,89,-2.1,90,8,0
2024-04-02T11:00:00Z,3,1,2,99,-1.8,89,10.5,0
2024-04-02T12:00:00Z,94,50,44,100,0.2,84,9.5,0
2024-04-02T13:00:00Z,269,184,85,100,2.4,71,12.4,0
2024-04-02T14:00:00Z,447,327,120,99,6.8,51,14.7,0
2024-04-02T15:00:00Z,628,539,89,100,7.1,49,17.1,0
2024-04-02T16:00:00Z,751,664,87,92,8.6,42,19.1,0
2024-04-02T17:00:00Z,816,727,89,93,9.9,35,19.1,0
2024-04-02T18:00:00Z,825,737,88,60,10.8,30,19.9,0
2024-04-02T19:00:00Z,771,683,88,77,11.4,27,21,0
2024-04-02T20:00:00Z,642,512,130,16,11.6,26,20.9,0
2024-04-02T21:00:00Z,513,439,74,5,11.5,25,20.9,0
2024-04-02T22:00:00Z,319,243,76,80,10.5,29,15.1,0
2024-04-02T23:00:00Z,110,65,45,93,9.6,33,17,0
2024-04-03T00:00:00Z,7,1,6,100,8.8,36,14.8,0
2024-04-03T01:00:00Z,0,0,0,93,7.9,39,18.8,0
2024-04-03T02:00:00Z,0,0,0,67,7.4,40,17.3,0
2024-04-03T03:00:00Z,0,0,0,91,7.1,40,17.7,0
2024-04-03T04:00:00Z,0,0,0,96,6.8,38,18.4,0
2024-04-03T05:00:00Z,0,0,0,98,6.8,37,18.8,0
2024-04-03T06:00:00Z,0,0,0,95,6.2,40,18,0
2024-04-03T07:00:00Z,0,0,0,77,5.9,44,20.3,0
2024-04-03T08:00:00Z,0,0,0,54,5.4,48,20.9,0
2024-04-03T09:00:00Z,0,0,0,100,5.2,50,20.5,0
2024-04-03T10:00:00Z,0,0,0,100,5.6,51,19.9,0
2024-04-03T11:00:00Z,1,0,1,100,5.5,51,21.6,0
2024-04-03T12:00:00Z,20,0,20,100,5.2,56,24.5,0.4
2024-04-03T13:00:00Z,63,1,62,100,5.8,54,23.1,0.3
2024-04-03T14:00:00Z,105,3,102,100,6.2,51,24.2,0.1
2024-04-03T15:00:00Z,186,10,176,100,6.9,50,23.1,0.1
2024-04-03T16:00:00Z,136,0,136,100,6.7,53,23.4,0.2
2024-04-03T17:00:00Z,109,0,109,100,5.7,62,24.5,0.6
2024-04-03T18:00:00Z,141,1,140,100,4.7,74,25.7,1.2
2024-04-03T19:00:00Z,181,7,174,100,4.2,81,24.4,0.6
2024-04-03T20:00:00Z,103,3,100,100,3.2,87,22.3,0.8
2024-04-03T21:00:00Z,47,0,47,100,2.7,90,20.8,1.4
2024-04-03T22:00:00Z,25,0,25,100,2.3,94,18.2,1.5
2024-04-03T23:00:00Z,11,0,11,100,1.9,97,22.4,1.8
2024-04-04T00:00:00Z,1,0,1,100,1.9,98,24.1,2.4
2024-04-04T01:00:00Z,0,0,0,100,1.9,95,25.6,2.8
2024-04-04T02:00:00Z,0,0,0,99,1.7,94,27,2.9
2024-04-04T03:00:00Z,0,0,0,100,1.1,95,27,2.9
2024-04-04T04:00:00Z,0,0,0,100,1,95,26.3,3
2024-04-04T05:00:00Z,0,0,0,100,0.9,96,27.1,3
2024-04-04T06:00:00Z,0,0,0,100,1,95,27.1,2.2
2024-04-04T07:00:00Z,0,0,0,100,0.9,93,25.6,0.8
2024-04-04T08:00:00Z,0,0,0,100,0.8,92,24.9,0.7
2024-04-04T09:00:00Z,0,0,0,100,0.8,91,24.6,0.7
2024-04-04T10:00:00Z,0,0,0,100,0.3,93,19.8,0.6
2024-04-04T11:00:00Z,1,0,1,100,0.1,92,20.5,0.7
2024-04-04T12:00:00Z,22,1,21,100,-0.2,92,18.6,0.8
2024-04-04T13:00:00Z,74,0,74,100,-0.5,91,21.9,0.7
2024-04-04T14:00:00Z,118,0,118,100,-0.7,91,23.4,0.7
2024-04-04T15:00:00Z,145,0,145,100,-0.7,91,23.9,0.7
2024-04-04T16:00:00Z,184,0,184,100,-0.5,91,26,0.8
2024-04-04T17:00:00Z,256,3,253,100,-0,87,25.3,0.6
2024-04-04T18:00:00Z,278,11,267,100,0.3,86,24.2,0.5
2024-04-04T19:00:00Z,252,4,248,100,0.5,88,27.1,0.3
2024-04-04T20:00:00Z,250,11,239,100,0.8,88,25.9,0.3
2024-04-04T21:00:00Z,204,9,195,100,1,89,20.9,0.3
2024-04-04T22:00:00Z,99,0,99,100,1,90,19.5,0.2
2024-04-04T23:00:00Z,42,0,42,100,1,86,14.8,0.2
2024-04-05T00:00:00Z,4,0,4,100,1.1,86,14,0.2
2024-04-05T01:00:00Z,0,0,0,100,1,87,12.4,0.2
2024-04-05T02:00:00Z,0,0,0,100,0.9,88,11.5,0.2
2024-04-05T03:00:00Z,0,0,0,100,0.9,90,11.6,0.3
2024-04-05T04:00:00Z,0,0,0,100,0.9,91,11.9,0.3
2024-04-05T05:00:00Z,0,0,0,100,0.9,90,12.7,0.2
2024-04-05T06:00:00Z,0,0,0,100,1,90,13,0.2
2024-04-05T07:00:00Z,0,0,0,100,0.9,90,13.4,0.2
2024-04-05T08:00:00Z,0,0,0,100,0.8,90,13.4,0.2
2024-04-05T09:00:00Z,0,0,0,100,0.9,90,13.4,0.3
2024-04-05T10:00:00Z,0,0,0,100,0.8,92,13.6,0.3
2024-04-05T11:00:00Z,2,0,2,100,0.8,92,12.5,0.2
2024-04-05T12:00:00Z,42,2,40,98,1.2,92,11.5,0.1
2024-04-05T13:00:00Z,131,7,124,100,1.8,90,12.3,0.1
2024-04-05T14:00:00Z,278,43,235,99,3,85,12.9,0.1
2024-04-05T15:00:00Z,330,61,269,100,4.1,81,11.3,0.1
2024-04-05T16:00:00Z,329,63,266,99,4.2,81,10.8,0.2
2024-04-05T17:00:00Z,312,24,288,98,4.6,80,14.2,0.3
2024-04-05T18:00:00Z,446,120,326,100,5.2,79,11.9,0.2
2024-04-05T19:00:00Z,314,52,262,100,5.5,78,14.9,0.2
2024-04-05T20:00:00Z,271,34,237,100,5.9,79,13.5,0.2
2024-04-05T21:00:00Z,199,17,182,100,5.9,81,10.8,0.2
2024-04-05T22:00:00Z,155,31,124,99,5.2,88,10.4,0.2
2024-04-05T23:00:00Z,55,3,52,97,4.5,92,9.6,0.2
2024-04-06T00:00:00Z,7,1,6,99,3.9,94,11.2,0.1
2024-04-06T01:00:00Z,0,0,0,98,3.7,93,12.8,0
2024-04-06T02:00:00Z,0,0,0,98,4,88,13.8,0
2024-04-06T03:00:00Z,0,0,0,99,3.8,86,14.2,0
2024-04-06T04:00:00Z,0,0,0,93,3.5,86,14.5,0
2024-04-06T05:00:00Z,0,0,0,13,3.3,86,14.3,0
2024-04-06T06:00:00Z,0,0,0,42,3,88,14.4,0
2024-04-06T07:00:00Z,0,0,0,97,2.9,87,14.2,0
2024-04-06T08:00:00Z,0,0,0,100,2.8,87,14.1,0
2024-04-06T09:00:00Z,0,0,0,98,2.7,86,13.9,0
2024-04-06T10:00:00Z,0,0,0,26,2.9,84,12.9,0
2024-04-06T11:00:00Z,6,2,4,19,2.5,84,13.5,0
2024-04-06T12:00:00Z,112,68,44,7,3.6,80,13.8,0
2024-04-06T13:00:00Z,300,230,70,0,5.2,73,14.1,0
2024-04-06T14:00:00Z,466,363,103,1,6.5,62,14.9,0
2024-04-06T15:00:00Z,606,467,139,25,7.5,56,16.2,0
2024-04-06T16:00:00Z,668,455,213,92,8.5,52,20.4,0
2024-04-06T17:00:00Z,463,164,299,100,9,50,19.8,0
2024-04-06T18:00:00Z,410,92,318,100,9.5,47,17.5,0
2024-04-06T19:00:00Z,342,77,265,100,10.5,44,16.6,0
2024-04-06T20:00:00Z,334,126,208,98,11,42,14.7,0
2024-04-06T21:00:00Z,244,63,181,88,10.7,44,11.8,0
2024-04-06T22:00:00Z,130,18,112,80,10.8,44,10,0
2024-04-06T23:00:00Z,72,28,44,63,10.2,47,5.1,0
2024-04-07T00:00:00Z,11,3,8,60,8.2,58,5.9,0
2024-04-07T01:00:00Z,0,0,0,82,6.5,65,7,0
2024-04-07T02:00:00Z,0,0,0,88,5.7,68,6.5,0
2024-04-07T03:00:00Z,0,0,0,56,5.1,70,7.7,0
2024-04-07T04:00:00Z,0,0,0,27,4.4,70,7.3,0
2024-04-07T05:00:00Z,0,0,0,5,3.6,72,8,0
2024-04-07T06:00:00Z,0,0,0,3,2.8,76,6.9,0
2024-04-07T07:00:00Z,0,0,0,0,2.5,77,5.8,0
2024-04-07T08:00:00Z,0,0,0,0,1.4,81,5.7,0
2024-04-07T09:00:00Z,0,0,0,0,0.6,84,6.1,0
2024-04-07T10:00:00Z,0,0,0,0,-0.4,91,6.8,0
2024-04-07T11:00:00Z,8,3,5,0,-0.3,90,8,0
2024-04-07T12:00:00Z,126,87,39,0,2.6,81,8.3,0
2024-04-07T13:00:00Z,315,252,63,0,6,64,6.5,0
2024-04-07T14:00:00Z,501,425,76,0,9.3,49,5.2,0
2024-04-07T15:00:00Z,660,574,86,0,12.4,35,5.2,0
2024-04-07T16:00:00Z,775,684,91,0,14,30,6.9,0
2024-04-07T17:00:00Z,837,743,94,0,15,28,8.8,0
2024-04-07T18:00:00Z,841,747,94,0,16.2,26,9.8,0
2024-04-07T19:00:00Z,788,698,90,0,16.8,25,10.1,0
2024-04-07T20:00:00Z,681,596,85,0,17,24,9.4,0
2024-04-07T21:00:00Z,530,453,77,0,17,24,8.6,0
2024-04-07T22:00:00Z,349,285,64,0,16.6,24,5,0
2024-04-07T23:00:00Z,159,116,43,0,15,35,5.1,0
2024-04-08T00:00:00Z,18,10,8,0,11.7,38,7.6,0
2024-04-08T01:00:00Z,0,0,0,0,8.6,47,8.8,0
2024-04-08T02:00:00Z,0,0,0,0,7.4,51,8.7,0
2024-04-08T03:00:00Z,0,0,0,0,6,57,9.4,0
2024-04-08T04:00:00Z,0,0,0,0,4.8,63,9.4,0
2024-04-08T05:00:00Z,0,0,0,0,3.6,67,9,0
2024-04-08T06:00:00Z,0,0,0,0,3,68,8.8,0
2024-04-08T07:00:00Z,0,0,0,0,1.9,71,7.4,0
2024-04-08T08:00:00Z,0,0,0,0,1.2,74,6,0
2024-04-08T09:00:00Z,0,0,0,0,0.3,78,5.2,0
2024-04-08T10:00:00Z,0,0,0,0,-0.9,86,6,0
2024-04-08T11:00:00Z,9,5,4,9,-1,88,7.2,0
2024-04-08T12:00:00Z,136,97,39,67,2.5,78,6.4,0
2024-04-08T13:00:00Z,317,242,75,89,6.8,62,4.1,0
2024-04-08T14:00:00Z,475,358,117,100,10.7,47,3.9,0
2024-04-08T15:00:00Z,635,485,150,100,14,34,5.1,0
2024-04-08T16:00:00Z,710,484,226,100,16,28,6.9,0
2024-04-08T17:00:00Z,720,431,289,100,17.6,24,8,0
2024-04-08T18:00:00Z,698,372,326,100,18.7,21,8,0
2024-04-08T19:00:00Z,666,370,296,100,18.1,22,7.6,0
2024-04-08T20:00:00Z,528,237,291,100,16.8,27,6.8,0
2024-04-08T21:00:00Z,364,123,241,99,18,23,7.7,0
2024-04-08T22:00:00Z,262,108,154,87,17.4,24,6.1,0
2024-04-08T23:00:00Z,133,62,71,52,15.9,30,6.1,0
2024-04-09T00:00:00Z,18,8,10,9,12.6,43,8.7,0
2024-04-09T01:00:00Z,0,0,0,0,10.8,49,9.4,0
2024-04-09T02:00:00Z,0,0,0,6,10.4,49,10,0
2024-04-09T03:00:00Z,0,0,0,3,7.4,59,8.9,0
2024-04-09T04:00:00Z,0,0,0,10,6.1,63,8.6,0
2024-04-09T05:00:00Z,0,0,0,31,5.6,64,7.2,0
2024-04-09T06:00:00Z,0,0,0,59,4.3,70,6.8,0
2024-04-09T07:00:00Z,0,0,0,53,3.1,74,6.8,0
2024-04-09T08:00:00Z,0,0,0,20,2.6,78,5.8,0
2024-04-09T09:00:00Z,0,0,0,7,2.3,80,5.5,0
2024-04-09T10:00:00Z,0,0,0,1,1.9,78,3.6,0
2024-04-09T11:00:00Z,10,5,5,0,1.7,81,2.5,0
2024-04-09T12:00:00Z,134,94,40,5,5.6,68,2.9,0
2024-04-09T13:00:00Z,321,259,62,4,9.1,53,3.6,0
2024-04-09T14:00:00Z,503,427,76,0,12.8,40,6.8,0
2024-04-09T15:00:00Z,658,575,83,2,15.9,32,7.7,0
2024-04-09T16:00:00Z,771,682,89,7,17.9,27,8.4,0
2024-04-09T17:00:00Z,803,708,95,30,19.5,23,9.2,0
2024-04-09T18:00:00Z,824,702,122,35,20.4,23,9.7,0
2024-04-09T19:00:00Z,780,690,90,16,21.2,23,11,0
2024-04-09T20:00:00Z,672,581,91,61,21.8,24,11.3,0
2024-04-09T21:00:00Z,504,399,105,77,21.7,25,11.7,0
2024-04-09T22:00:00Z,330,245,85,40,20.8,26,8.9,0
2024-04-09T23:00:00Z,139,87,52,46,18.9,32,11.5,0
2024-04-10T00:00:00Z,19,9,10,6,16.7,38,15,0
2024-04-10T01:00:00Z,0,0,0,68,14.8,41,16.2,0
2024-04-10T02:00:00Z,0,0,0,62,13.9,44,15.7,0
2024-04-10T03:00:00Z,0,0,0,58,12.9,50,15.1,0
2024-04-10T04:00:00Z,0,0,0,61,11.9,52,15.5,0
2024-04-10T05:00:00Z,0,0,0,78,11,52,17.7,0
2024-04-10T06:00:00Z,0,0,0,94,9.6,58,13.1,0.4
2024-04-10T07:00:00Z,0,0,0,78,8.3,65,9.8,0.4
2024-04-10T08:00:00Z,0,0,0,14,7.8,62,10.9,0
2024-04-10T09:00:00Z,0,0,0,52,7.2,62,10,0
2024-04-10T10:00:00Z,0,0,0,66,7.6,54,10.2,0
2024-04-10T11:00:00Z,9,2,7,74,7.1,58,9.4,0
2024-04-10T12:00:00Z,115,62,53,31,8.5,55,8.4,0
2024-04-10T13:00:00Z,260,167,93,23,10.6,52,6.7,0
2024-04-10T14:00:00Z,387,263,124,51,12.3,54,8,0
2024-04-10T15:00:00Z,595,475,120,64,15,53,9,0
2024-04-10T16:00:00Z,647,470,177,36,17.2,51,11,0
2024-04-10T17:00:00Z,756,614,142,16,19.4,45,12.4,0
2024-04-10T18:00:00Z,750,617,133,34,20.8,40,15.3,0
2024-04-10T19:00:00Z,658,508,150,36,21.3,39,15.1,0
2024-04-10T20:00:00Z,557,447,110,27,21.3,38,13.9,0
2024-04-10T21:00:00Z,478,375,103,37,20.8,36,12.1,0
2024-04-10T22:00:00Z,297,231,66,42,20.3,34,9.4,0
2024-04-10T23:00:00Z,141,95,46,45,18.6,38,8.4,0
2024-04-11T00:00:00Z,19,10,9,52,16.1,45,9.3,0
2024-04-11T01:00:00Z,0,0,0,64,13.7,52,10,0
2024-04-11T02:00:00Z,0,0,0,97,11.6,58,9.2,0
2024-04-11T03:00:00Z,0,0,0,97,10.5,63,8.4,0
2024-04-11T04:00:00Z,0,0,0,85,8.9,68,6.8,0
2024-04-11T05:00:00Z,0,0,0,100,7.9,72,7.4,0
2024-04-11T06:00:00Z,0,0,0,97,7.4,75,6.3,0
2024-04-11T07:00:00Z,0,0,0,79,6.2,81,5.8,0
2024-04-11T08:00:00Z,0,0,0,89,6,81,5.1,0
2024-04-11T09:00:00Z,0,0,0,100,5.2,86,4.1,0
2024-04-11T10:00:00Z,0,0,0,100,5.5,89,6,0
2024-04-11T11:00:00Z,7,0,7,100,5.9,89,7.6,0
2024-04-11T12:00:00Z,71,4,67,100,7.6,86,8.5,0
2024-04-11T13:00:00Z,127,3,124,100,8.9,82,9.2,0
2024-04-11T14:00:00Z,177,4,173,100,10.6,79,9.3,0
2024-04-11T15:00:00Z,143,7,136,100,11.2,81,11.1,0.8
2024-04-11T16:00:00Z,85,0,85,100,10.5,93,15.3,1.9
2024-04-11T17:00:00Z,107,0,107,100,11.1,94,16,1.4
2024-04-11T18:00:00Z,103,0,103,100,11.3,96,17.3,0.4
2024-04-11T19:00:00Z,127,3,124,100,11.1,98,18.4,0.6
2024-04-11T20:00:00Z,85,0,85,98,11.8,96,16.2,0.5
2024-04-11T21:00:00Z,114,17,97,100,12.1,97,15.5,0.3
2024-04-11T22:00:00Z,67,10,57,100,12.9,96,15.5,0.1
2024-04-11T23:00:00Z,61,12,49,100,13.5,95,17.1,0
2024-04-12T00:00:00Z,8,0,8,100,14,91,17.9,0.1
2024-04-12T01:00:00Z,0,0,0,100,13.9,90,18.4,1.1
2024-04-12T02:00:00Z,0,0,0,100,13.6,90,18.3,1.4
2024-04-12T03:00:00Z,0,0,0,100,13.1,92,17.4,2
2024-04-12T04:00:00Z,0,0,0,100,12.8,93,16.2,2.8
2024-04-12T05:00:00Z,0,0,0,100,12.4,94,19.6,3.3
2024-04-12T06:00:00Z,0,0,0,100,12.3,95,20.7,2.1
2024-04-12T07:00:00Z,0,0,0,100,12.2,94,20.7,1.1
2024-04-12T08:00:00Z,0,0,0,100,12.4,94,20.3,0.7
2024-04-12T09:00:00Z,0,0,0,100,12.8,94,20,1.1
2024-04-12T10:00:00Z,0,0,0,99,13.5,92,20.1,1.5
2024-04-12T11:00:00Z,4,0,4,92,14,92,20.8,0.8
2024-04-12T12:00:00Z,33,8,25,65,14.6,93,21.6,0.2
2024-04-12T13:00:00Z,92,22,70,100,15.2,91,24.2,0.1
2024-04-12T14:00:00Z,150,52,98,93,16.1,87,24.2,0.2
2024-04-12T15:00:00Z,308,157,151,96,17.2,81,24.6,0.2
2024-04-12T16:00:00Z,216,29,187,88,17.3,80,23.7,0.3
2024-04-12T17:00:00Z,430,197,233,100,18.7,74,24.7,0.3
2024-04-12T18:00:00Z,293,87,206,100,18.1,72,21.6,2.1
2024-04-12T19:00:00Z,305,55,250,100,12.4,92,23,0
2024-04-12T20:00:00Z,315,49,266,100,9.2,88,23.4,0
2024-04-12T21:00:00Z,217,20,197,100,9.7,82,23.2,0
2024-04-12T22:00:00Z,108,11,97,100,10.7,73,18.4,0
2024-04-12T23:00:00Z,46,1,45,100,10.4,75,19.1,0
2024-04-13T00:00:00Z,8,0,8,100,9.9,77,19.6,0
2024-04-13T01:00:00Z,0,0,0,100,9.5,76,18.5,0
2024-04-13T02:00:00Z,0,0,0,100,9.2,77,18.2,0
2024-04-13T03:00:00Z,0,0,0,100,8.8,78,17.7,0
2024-04-13T04:00:00Z,0,0,0,100,8.4,80,17.3,0.1
2024-04-13T05:00:00Z,0,0,0,100,7.6,84,17.3,0.3
2024-04-13T06:00:00Z,0,0,0,100,6.9,87,17.3,0.4
2024-04-13T07:00:00Z,0,0,0,100,6,90,17,0.8
2024-04-13T08:00:00Z,0,0,0,100,5.2,91,16.7,0.6
2024-04-13T09:00:00Z,0,0,0,100,4.6,93,16.3,0.6
2024-04-13T10:00:00Z,0,0,0,100,5.3,94,11.8,0.7
2024-04-13T11:00:00Z,2,0,2,100,4.9,93,12.9,0.7
2024-04-13T12:00:00Z,15,0,15,100,4.1,91,15.4,0.6
2024-04-13T13:00:00Z,37,0,37,100,3.6,93,15.9,0.6
2024-04-13T14:00:00Z,71,0,71,100,3.8,94,18.6,0.6
2024-04-13T15:00:00Z,127,21,106,100,3.9,93,22.3,0.6
2024-04-13T16:00:00Z,176,3,173,100,4,93,23.4,0.5
2024-04-13T17:00:00Z,205,3,202,100,4.3,86,22.1,0.4
2024-04-13T18:00:00Z,217,13,204,100,4.8,86,23.7,0.4
2024-04-13T19:00:00Z,186,17,169,100,5.3,80,22.7,0.3
2024-04-13T20:00:00Z,181,12,169,100,5.7,72,24.7,0.2
2024-04-13T21:00:00Z,133,2,131,100,6,72,23,0.1
2024-04-13T22:00:00Z,130,6,124,100,5.9,71,23,0.1
2024-04-13T23:00:00Z,77,0,77,100,5.8,72,19.3,0.1
2024-04-14T00:00:00Z,13,0,13,100,5.6,73,17.9,0
2024-04-14T01:00:00Z,0,0,0,96,5.5,73,17.6,0
2024-04-14T02:00:00Z,0,0,0,29,5.3,73,16.6,0
2024-04-14T03:00:00Z,0,0,0,11,4.8,74,15.9,0
2024-04-14T04:00:00Z,0,0,0,0,4.1,75,15.3,0
2024-04-14T05:00:00Z,0,0,0,1,3.4,80,14,0
2024-04-14T06:00:00Z,0,0,0,0,2.9,83,12.5,0
2024-04-14T07:00:00Z,0,0,0,6,2.5,85,9.7,0
2024-04-14T08:00:00Z,0,0,0,11,2.1,87,8.5,0
2024-04-14T09:00:00Z,0,0,0,36,1.7,90,6.3,0
2024-04-14T10:00:00Z,0,0,0,17,0.9,93,7,0
2024-04-14T11:00:00Z,18,8,10,58,1.8,94,7.1,0
2024-04-14T12:00:00Z,139,73,66,76,3.6,88,5.9,0
2024-04-14T13:00:00Z,318,221,97,96,5.5,79,5.8,0
2024-04-14T14:00:00Z,498,381,117,45,7.7,72,7.4,0
2024-04-14T15:00:00Z,600,435,165,89,9.5,65,10.3,0
2024-04-14T16:00:00Z,477,244,233,100,9.8,61,13.4,0
2024-04-14T17:00:00Z,259,64,195,100,8.8,68,11,0.1
2024-04-14T18:00:00Z,188,7,181,100,8,77,9.5,0.3
2024-04-14T19:00:00Z,172,17,155,100,8,83,11.4,0.8
2024-04-14T20:00:00Z,273,70,203,100,8.4,80,10.9,0.1
2024-04-14T21:00:00Z,190,22,168,100,8.4,81,9.8,0.1
2024-04-14T22:00:00Z,81,0,81,100,8,81,8,0.1
2024-04-14T23:00:00Z,61,10,51,100,8,83,5.8,0
2024-04-15T00:00:00Z,11,3,8,100,7.5,88,5.1,0
2024-04-15T01:00:00Z,0,0,0,88,7.2,91,4.8,0
2024-04-15T02:00:00Z,0,0,0,70,6.4,93,4.6,0
2024-04-15T03:00:00Z,0,0,0,96,6.2,95,4.1,0
2024-04-15T04:00:00Z,0,0,0,100,6.5,94,4.7,0
2024-04-15T05:00:00Z,0,0,0,100,6.8,95,6.6,0
2024-04-15T06:00:00Z,0,0,0,100,7,95,7.6,0.2
2024-04-15T07:00:00Z,0,0,0,97,6.8,96,8,0
2024-04-15T08:00:00Z,0,0,0,91,6.4,95,8.7,0
2024-04-15T09:00:00Z,0,0,0,77,6.1,93,9.6,0
2024-04-15T10:00:00Z,0,0,0,30,4.7,93,9.3,0
2024-04-15T11:00:00Z,15,7,8,2,4.2,93,9.2,0
2024-04-15T12:00:00Z,130,77,53,22,5.1,88,10,0
2024-04-15T13:00:00Z,327,246,81,36,6.7,80,9.4,0
2024-04-15T14:00:00Z,487,344,143,15,8.6,69,9.3,0
2024-04-15T15:00:00Z,693,590,103,20,10.8,55,9.7,0
2024-04-15T16:00:00Z,775,651,124,34,12,46,10.8,0
2024-04-15T17:00:00Z,807,678,129,65,13,43,13.2,0
2024-04-15T18:00:00Z,658,392,266,82,13.4,41,13.3,0
2024-04-15T19:00:00Z,654,418,236,92,12.8,44,14.5,0.1
2024-04-15T20:00:00Z,536,292,244,90,13,47,16,0
2024-04-15T21:00:00Z,313,127,186,48,12.4,51,16.4,0
2024-04-15T22:00:00Z,253,142,111,72,12.5,50,11.4,0
2024-04-15T23:00:00Z,171,111,60,69,11.8,55,9.2,0
2024-04-16T00:00:00Z,22,10,12,49,10.3,63,8.2,0.1
2024-04-16T01:00:00Z,0,0,0,45,8.9,78,7.6,0.3
2024-04-16T02:00:00Z,0,0,0,29,7.8,85,8.6,0.1
2024-04-16T03:00:00Z,0,0,0,2,6.5,90,8.3,0
2024-04-16T04:00:00Z,0,0,0,0,5.9,91,8.9,0
2024-04-16T05:00:00Z,0,0,0,1,5.3,92,10.1,0
2024-04-16T06:00:00Z,0,0,0,0,4,94,10.8,0
2024-04-16T07:00:00Z,0,0,0,0,3.1,92,10.8,0
2024-04-16T08:00:00Z,0,0,0,0,2.5,90,9.8,0
2024-04-16T09:00:00Z,0,0,0,0,1.7,91,9.5,0
2024-04-16T10:00:00Z,0,0,0,0,1.6,85,10,0
2024-04-16T11:00:00Z,24,13,11,1,2.2,83,11.2,0
2024-04-16T12:00:00Z,169,123,46,0,4,75,11.7,0
2024-04-16T13:00:00Z,360,294,66,4,4.5,71,13.2,0
2024-04-16T14:00:00Z,535,446,89,0,5.1,66,13.2,0
2024-04-16T15:00:00Z,697,605,92,0,8.6,52,14.3,0
2024-04-16T16:00:00Z,807,695,112,34,9.9,49,16.3,0
2024-04-16T17:00:00Z,801,638,163,39,11,46,16.3,0
2024-04-16T18:00:00Z,776,619,157,81,11.7,45,18.7,0
2024-04-16T19:00:00Z,583,274,309,86,12.6,42,19.6,0
2024-04-16T20:00:00Z,496,217,279,81,13,39,18.2,0
2024-04-16T21:00:00Z,404,173,231,78,12.8,39,16.8,0
2024-04-16T22:00:00Z,213,57,156,62,11.5,40,11.8,0
2024-04-16T23:00:00Z,142,59,83,34,10.6,40,9.7,0
2024-04-17T00:00:00Z,33,18,15,5,8.9,46,11.5,0
2024-04-17T01:00:00Z,0,0,0,1,7.5,48,13.7,0
2024-04-17T02:00:00Z,0,0,0,1,5.9,54,13.4,0
2024-04-17T03:00:00Z,0,0,0,10,4.6,59,10.5,0
2024-04-17T04:00:00Z,0,0,0,12,3.3,66,7.6,0
2024-04-17T05:00:00Z,0,0,0,47,2.4,71,7.2,0
2024-04-17T06:00:00Z,0,0,0,74,2.1,72,9.3,0
2024-04-17T07:00:00Z,0,0,0,78,1.4,73,10,0
2024-04-17T08:00:00Z,0,0,0,30,1.1,73,9.6,0
2024-04-17T09:00:00Z,0,0,0,22,0.2,75,10,0
2024-04-17T10:00:00Z,0,0,0,40,0.5,75,10.9,0
2024-04-17T11:00:00Z,27,15,12,43,0.7,73,11.8,0
2024-04-17T12:00:00Z,165,103,62,37,2,68,12.2,0
2024-04-17T13:00:00Z,341,235,106,58,3.4,60,12.9,0
2024-04-17T14:00:00Z,520,383,137,98,5.1,52,11.6,0
2024-04-17T15:00:00Z,658,481,177,100,7,48,11.3,0
2024-04-17T16:00:00Z,666,404,262,100,7.9,45,11.3,0
2024-04-17T17:00:00Z,678,307,371,100,9.3,42,11.5,0
2024-04-17T18:00:00Z,605,201,404,99,10.1,40,12.3,0
2024-04-17T19:00:00Z,628,294,334,100,10.8,39,13,0
2024-04-17T20:00:00Z,540,216,324,100,11,38,14.1,0
2024-04-17T21:00:00Z,399,149,250,100,10.8,39,16.2,0
2024-04-17T22:00:00Z,226,40,186,100,10.4,41,14.1,0
2024-04-17T23:00:00Z,93,8,85,100,9.6,43,16.3,0
2024-04-18T00:00:00Z,17,0,17,100,8.7,47,18.4,0
2024-04-18T01:00:00Z,0,0,0,100,8.2,50,19.1,0
2024-04-18T02:00:00Z,0,0,0,99,8,52,18.5,0
2024-04-18T03:00:00Z,0,0,0,92,7.3,54,19.1,0
2024-04-18T04:00:00Z,0,0,0,87,7.4,54,19.5,0
2024-04-18T05:00:00Z,0,0,0,86,7.1,55,19.5,0.3
2024-04-18T06:00:00Z,0,0,0,85,6.7,58,19.4,0
2024-04-18T07:00:00Z,0,0,0,70,6.8,56,20.2,0.6
2024-04-18T08:00:00Z,0,0,0,75,6.5,59,20.2,0
2024-04-18T09:00:00Z,0,0,0,96,6.3,58,20.2,0
2024-04-18T10:00:00Z,0,0,0,100,6.9,55,17.6,0
2024-04-18T11:00:00Z,3,0,3,100,7,56,18,0
2024-04-18T12:00:00Z,19,0,19,100,6.9,63,19.2,0.1
2024-04-18T13:00:00Z,27,0,27,100,6.4,78,17.7,0.7
2024-04-18T14:00:00Z,39,0,39,100,6.5,87,18.2,1.2
2024-04-18T15:00:00Z,33,0,33,100,6.1,94,18,1.7
2024-04-18T16:00:00Z,48,0,48,100,6.4,98,18.3,1.7
2024-04-18T17:00:00Z,62,0,62,100,6.9,99,17.4,1.2
2024-04-18T18:00:00Z,99,2,97,100,7.6,98,15.9,1
2024-04-18T19:00:00Z,63,0,63,100,8.2,98,13.9,1
2024-04-18T20:00:00Z,76,3,73,100,8.5,98,12,0.5
2024-04-18T21:00:00Z,46,0,46,100,8.6,100,10.2,0.1
2024-04-18T22:00:00Z,39,2,37,100,8.3,98,4.8,0
2024-04-18T23:00:00Z,21,0,21,100,8.2,100,3.9,0.1
2024-04-19T00:00:00Z,3,0,3,100,8.2,100,3.8,0
2024-04-19T01:00:00Z,0,0,0,100,8,100,3.9,0
2024-04-19T02:00:00Z,0,0,0,100,8.1,100,5.4,0
2024-04-19T03:00:00Z,0,0,0,100,8.1,99,5.2,0
2024-04-19T04:00:00Z,0,0,0,100,8.4,99,5.2,0
2024-04-19T05:00:00Z,0,0,0,100,8.3,99,4.9,0
2024-04-19T06:00:00Z,0,0,0,100,8.5,100,5.1,0
2024-04-19T07:00:00Z,0,0,0,100,8.5,99,6.1,0
2024-04-19T08:00:00Z,0,0,0,100,8.4,99,6.5,0
2024-04-19T09:00:00Z,0,0,0,100,8.3,99,8.1,0
2024-04-19T10:00:00Z,0,0,0,100,8.2,100,7.3,0
2024-04-19T11:00:00Z,5,0,5,100,8.4,99,8.2,0
2024-04-19T12:00:00Z,45,1,44,100,8.7,98,9,0
2024-04-19T13:00:00Z,125,17,108,100,9.2,95,11,0
2024-04-19T14:00:00Z,109,9,100,100,9.5,93,11.1,0
2024-04-19T15:00:00Z,120,0,120,100,10,93,10.8,0.1
2024-04-19T16:00:00Z,221,5,216,100,11.1,87,14,0.1
2024-04-19T17:00:00Z,256,6,250,100,12.2,81,16.2,0.2
2024-04-19T18:00:00Z,164,1,163,100,11.9,88,11.5,2.3
2024-04-19T19:00:00Z,109,1,108,100,12.1,92,12.5,0.9
2024-04-19T20:00:00Z,62,0,62,100,11.9,93,16.2,1.2
2024-04-19T21:00:00Z,43,0,43,100,11.4,95,19.3,1.2
2024-04-19T22:00:00Z,27,0,27,100,11.6,92,17,0.3
2024-04-19T23:00:00Z,37,5,32,42,11.7,91,16.6,0
2024-04-20T00:00:00Z,21,8,13,35,11,90,17.4,0
2024-04-20T01:00:00Z,0,0,0,7,9.6,81,20.3,0
2024-04-20T02:00:00Z,0,0,0,5,8.8,71,20.7,0
2024-04-20T03:00:00Z,0,0,0,32,8.2,63,19.5,0
2024-04-20T04:00:00Z,0,0,0,11,7.6,58,17.3,0
2024-04-20T05:00:00Z,0,0,0,18,7.2,54,16.6,0
2024-04-20T06:00:00Z,0,0,0,17,6.4,52,17.1,0
2024-04-20T07:00:00Z,0,0,0,21,5.6,52,16.6,0
2024-04-20T08:00:00Z,0,0,0,25,5,53,16.2,0
2024-04-20T09:00:00Z,0,0,0,1,4.4,54,15,0
2024-04-20T10:00:00Z,0,0,0,0,3.6,56,12.6,0
2024-04-20T11:00:00Z,35,22,13,0,3.5,59,12.6,0
2024-04-20T12:00:00Z,193,144,49,7,5.1,57,11.1,0
2024-04-20T13:00:00Z,387,322,65,70,6.4,57,13.8,0
2024-04-20T14:00:00Z,508,376,132,91,7.1,53,17,0
2024-04-20T15:00:00Z,441,240,201,93,6.9,55,16.4,0
2024-04-20T16:00:00Z,446,161,285,87,6.7,56,16.2,0.1
2024-04-20T17:00:00Z,674,392,282,69,7.2,57,16.3,0.1
2024-04-20T18:00:00Z,815,632,183,81,8,54,16.1,0.2
2024-04-20T19:00:00Z,723,469,254,92,8.5,48,15.2,0
2024-04-20T20:00:00Z,557,286,271,95,8.8,45,15.9,0.1
2024-04-20T21:00:00Z,381,147,234,68,8.8,47,15.8,0.3
2024-04-20T22:00:00Z,272,137,135,38,7.8,63,14,0
2024-04-20T23:00:00Z,180,119,61,30,7.9,58,16.4,0
2024-04-21T00:00:00Z,38,22,16,21,7,58,15.1,0
2024-04-21T01:00:00Z,0,0,0,5,6.1,60,14.8,0
2024-04-21T02:00:00Z,0,0,0,3,5.6,61,15.5,0
2024-04-21T03:00:00Z,0,0,0,2,4.8,62,15.9,0
2024-04-21T04:00:00Z,0,0,0,5,4,64,15.7,0
2024-04-21T05:00:00Z,0,0,0,32,3.5,66,14.5,0
2024-04-21T06:00:00Z,0,0,0,19,2.9,68,13,0
2024-04-21T07:00:00Z,0,0,0,26,2.5,70,11.3,0
2024-04-21T08:00:00Z,0,0,0,47,2.1,73,10.5,0
2024-04-21T09:00:00Z,0,0,0,71,1.9,73,11.1,0
2024-04-21T10:00:00Z,0,0,0,40,2.4,73,10.9,0
2024-04-21T11:00:00Z,14,2,12,42,2.7,72,11.1,0
2024-04-21T12:00:00Z,62,0,62,66,3.1,73,12.5,0
2024-04-21T13:00:00Z,143,0,143,93,3.5,73,15.9,0
2024-04-21T14:00:00Z,260,31,229,92,3.9,72,14,0.1
2024-04-21T15:00:00Z,448,231,217,72,5.1,62,14.9,0.3
2024-04-21T16:00:00Z,649,398,251,77,6.5,52,16.9,0.2
2024-04-21T17:00:00Z,593,315,278,73,7.7,43,20.2,0
2024-04-21T18:00:00Z,548,219,329,100,7.9,44,22.5,0
2024-04-21T19:00:00Z,516,224,292,86,8.3,44,21.7,0
2024-04-21T20:00:00Z,517,252,265,65,8,44,20.9,0.1
2024-04-21T21:00:00Z,527,383,144,86,8.5,42,21.2,0
2024-04-21T22:00:00Z,293,154,139,79,8.3,45,17.5,0
2024-04-21T23:00:00Z,128,55,73,84,7.6,47,17.7,0
2024-04-22T00:00:00Z,37,18,19,84,6.8,49,18.1,0.2
2024-04-22T01:00:00Z,0,0,0,100,4.8,69,22.3,0.2
2024-04-22T02:00:00Z,0,0,0,67,2.7,84,15.1,0.3
2024-04-22T03:00:00Z,0,0,0,1,1.3,83,14.2,0
2024-04-22T04:00:00Z,0,0,0,0,0.6,78,14.7,0
2024-04-22T05:00:00Z,0,0,0,0,-0.3,71,12.1,0
2024-04-22T06:00:00Z,0,0,0,0,-1.5,70,7.3,0
2024-04-22T07:00:00Z,0,0,0,0,-2.5,69,5.7,0
2024-04-22T08:00:00Z,0,0,0,0,-3.5,74,5.4,0
2024-04-22T09:00:00Z,0,0,0,0,-3.6,75,6.6,0
2024-04-22T10:00:00Z,0,0,0,0,-4.9,88,4.5,0
2024-04-22T11:00:00Z,41,25,16,0,-3.1,82,6,0
2024-04-22T12:00:00Z,206,154,52,3,-0.6,60,6.8,0
2024-04-22T13:00:00Z,402,332,70,27,0.3,48,10,0
2024-04-22T14:00:00Z,588,507,81,54,1.3,46,11.6,0
2024-04-22T15:00:00Z,742,652,90,64,2.9,43,12.1,0
2024-04-22T16:00:00Z,855,763,92,63,4,40,13.8,0
2024-04-22T17:00:00Z,906,785,121,77,6.1,36,14.8,0
2024-04-22T18:00:00Z,894,754,140,82,8.1,33,16.3,0
2024-04-22T19:00:00Z,760,500,260,84,9.7,32,16.6,0
2024-04-22T20:00:00Z,609,340,269,95,10.9,31,17.8,0
2024-04-22T21:00:00Z,416,179,237,90,11.3,29,18.4,0
2024-04-22T22:00:00Z,265,92,173,32,10.8,33,12.7,0
2024-04-22T23:00:00Z,164,74,90,2,10.4,35,11.9,0
2024-04-23T00:00:00Z,45,27,18,0,9.3,39,16.1,0
2024-04-23T01:00:00Z,0,0,0,0,7.6,48,18.9,0
2024-04-23T02:00:00Z,0,0,0,3,6.6,55,18.2,0
2024-04-23T03:00:00Z,0,0,0,38,5.3,61,16.3,0
2024-04-23T04:00:00Z,0,0,0,70,4.7,63,15,0
2024-04-23T05:00:00Z,0,0,0,36,4.2,62,15.1,0
2024-04-23T06:00:00Z,0,0,0,63,4.1,58,15.5,0
2024-04-23T07:00:00Z,0,0,0,84,3.9,58,15.5,0
2024-04-23T08:00:00Z,0,0,0,48,3.9,59,15.4,0
2024-04-23T09:00:00Z,0,0,0,67,4.3,61,15.6,0
2024-04-23T10:00:00Z,0,0,0,69,4.3,65,16.9,0
2024-04-23T11:00:00Z,40,20,20,48,5.5,61,17.7,0
2024-04-23T12:00:00Z,193,136,57,69,8.2,52,15.7,0
2024-04-23T13:00:00Z,383,307,76,99,11,44,18.9,0
2024-04-23T14:00:00Z,494,317,177,100,12.9,40,19.8,0
2024-04-23T15:00:00Z,477,189,288,98,14.1,38,20.8,0
2024-04-23T16:00:00Z,448,91,357,96,15.2,35,21.7,0
2024-04-23T17:00:00Z,658,308,350,80,16.8,32,23.7,0
2024-04-23T18:00:00Z,628,306,322,100,16.9,33,27.1,0
2024-04-23T19:00:00Z,502,200,302,96,16,35,27.3,1.4
2024-04-23T20:00:00Z,366,133,233,100,15.6,39,23.2,0.6
2024-04-23T21:00:00Z,340,135,205,100,15.4,45,20.9,0.2
2024-04-23T22:00:00Z,124,6,118,100,15.6,38,17.4,0
2024-04-23T23:00:00Z,51,2,49,100,15.1,40,17.8,0
2024-04-24T00:00:00Z,9,0,9,100,14.4,47,15.7,0.1
2024-04-24T01:00:00Z,0,0,0,100,12.7,63,17.1,0.8
2024-04-24T02:00:00Z,0,0,0,100,11.3,77,16.6,0.5
2024-04-24T03:00:00Z,0,0,0,100,10.4,85,15.9,0.6
2024-04-24T04:00:00Z,0,0,0,100,9.6,91,14.6,0.7
2024-04-24T05:00:00Z,0,0,0,100,9.4,92,11.2,0.7
2024-04-24T06:00:00Z,0,0,0,100,9.1,94,8.9,1.2
2024-04-24T07:00:00Z,0,0,0,100,8.9,95,6.9,0.9
2024-04-24T08:00:00Z,0,0,0,100,8.8,96,6.9,1
2024-04-24T09:00:00Z,0,0,0,100,7.6,97,15,1
2024-04-24T10:00:00Z,0,0,0,100,5.2,93,20.9,0.7
2024-04-24T11:00:00Z,7,0,7,100,3,92,22.2,0.5
2024-04-24T12:00:00Z,51,9,42,99,2,87,22.2,0.3
2024-04-24T13:00:00Z,105,17,88,96,1.8,77,25,0.1
2024-04-24T14:00:00Z,207,46,161,96,1.4,64,25.6,0
2024-04-24T15:00:00Z,354,127,227,64,1.2,57,24.6,0
2024-04-24T16:00:00Z,574,278,296,0,1.6,49,24.1,0
2024-04-24T17:00:00Z,828,613,215,35,2.9,41,24,0
2024-04-24T18:00:00Z,891,771,120,5,4,37,24.1,0
2024-04-24T19:00:00Z,882,789,93,0,4.3,34,23.2,0
2024-04-24T20:00:00Z,770,681,89,0,4.3,34,21.7,0
2024-04-24T21:00:00Z,614,533,81,0,4.4,32,19.9,0
2024-04-24T22:00:00Z,427,357,70,0,4.1,31,16.2,0
2024-04-24T23:00:00Z,229,176,53,0,3.4,32,14.5,0
2024-04-25T00:00:00Z,55,35,20,0,2.1,36,10.2,0
2024-04-25T01:00:00Z,0,0,0,0,0.9,40,10,0
2024-04-25T02:00:00Z,0,0,0,0,0.1,45,9.6,0
2024-04-25T03:00:00Z,0,0,0,0,-1,50,9,0
2024-04-25T04:00:00Z,0,0,0,0,-1.7,54,9.4,0
2024-04-25T05:00:00Z,0,0,0,0,-2.3,57,8.8,0
2024-04-25T06:00:00Z,0,0,0,0,-2.6,58,7.6,0
2024-04-25T07:00:00Z,0,0,0,0,-3,60,6.6,0
2024-04-25T08:00:00Z,0,0,0,0,-3.5,63,5.8,0
2024-04-25T09:00:00Z,0,0,0,0,-4.1,66,5.2,0
2024-04-25T10:00:00Z,0,0,0,0,-4.8,73,7.6,0
2024-04-25T11:00:00Z,51,32,19,0,-3.4,66,7.1,0
2024-04-25T12:00:00Z,220,167,53,0,-1.4,53,7.3,0
2024-04-25T13:00:00Z,416,344,72,0,-0,48,5.2,0
2024-04-25T14:00:00Z,600,517,83,0,1.2,44,4.3,0
2024-04-25T15:00:00Z,753,663,90,0,3.1,40,5.5,0
2024-04-25T16:00:00Z,864,769,95,0,4.4,38,6.5,0
2024-04-25T17:00:00Z,922,824,98,0,5.6,36,7.2,0
2024-04-25T18:00:00Z,922,825,97,0,6.7,33,7.6,0
2024-04-25T19:00:00Z,868,781,87,2,7.6,31,8.2,0
2024-04-25T20:00:00Z,753,662,91,35,8.3,30,10.7,0
2024-04-25T21:00:00Z,579,465,114,80,8.6,30,12.4,0
2024-04-25T22:00:00Z,387,276,111,0,8.6,29,9.5,0
2024-04-25T23:00:00Z,223,168,55,0,7.9,31,6.9,0
2024-04-26T00:00:00Z,55,35,20,0,5.7,39,7.9,0
2024-04-26T01:00:00Z,0,0,0,0,3.1,52,8.3,0
2024-04-26T02:00:00Z,0,0,0,0,1.4,59,7.9,0
2024-04-26T03:00:00Z,0,0,0,0,-0.1,65,7.1,0
2024-04-26T04:00:00Z,0,0,0,0,-1.2,70,7.2,0
2024-04-26T05:00:00Z,0,0,0,0,-1.8,75,7.2,0
2024-04-26T06:00:00Z,0,0,0,0,-2.3,80,6.7,0
2024-04-26T07:00:00Z,0,0,0,0,-2.5,81,5.7,0
2024-04-26T08:00:00Z,0,0,0,12,-1.7,80,3.6,0
2024-04-26T09:00:00Z,0,0,0,0,-2,84,3.1,0
2024-04-26T10:00:00Z,0,0,0,0,-1.9,83,2,0
2024-04-26T11:00:00Z,52,33,19,0,-1.6,83,1.9,0
2024-04-26T12:00:00Z,220,167,53,0,2.5,65,1.9,0
2024-04-26T13:00:00Z,413,342,71,4,6.6,42,3.1,0
2024-04-26T14:00:00Z,595,513,82,14,9,27,5.2,0
2024-04-26T15:00:00Z,747,658,89,18,10.9,23,5.8,0
2024-04-26T16:00:00Z,855,761,94,0,11.8,23,6.4,0
2024-04-26T17:00:00Z,912,815,97,0,12.7,23,7.1,0
2024-04-26T18:00:00Z,912,816,96,0,13.8,23,6.5,0
2024-04-26T19:00:00Z,857,763,94,0,14.2,23,6.2,0
2024-04-26T20:00:00Z,750,660,90,0,14.7,23,6.1,0
2024-04-26T21:00:00Z,599,517,82,0,14.7,23,6.2,0
2024-04-26T22:00:00Z,418,347,71,0,14.4,24,7.2,0
2024-04-26T23:00:00Z,226,172,54,0,13.6,27,7.1,0
2024-04-27T00:00:00Z,57,37,20,0,9.8,40,8,0
2024-04-27T01:00:00Z,0,0,0,0,7.5,47,8.4,0
2024-04-27T02:00:00Z,0,0,0,0,6.5,51,8.9,0
2024-04-27T03:00:00Z,0,0,0,0,6.2,49,10.7,0
2024-04-27T04:00:00Z,0,0,0,36,4.9,52,13,0
2024-04-27T05:00:00Z,0,0,0,62,4,59,13.6,0
2024-04-27T06:00:00Z,0,0,0,100,3.5,62,12.6,0
2024-04-27T07:00:00Z,0,0,0,100,2.4,67,11.4,0
2024-04-27T08:00:00Z,0,0,0,1,1.4,71,10.5,0
2024-04-27T09:00:00Z,0,0,0,37,1.3,73,10.4,0
2024-04-27T10:00:00Z,0,0,0,88,2,69,10.9,0
2024-04-27T11:00:00Z,47,19,28,92,3.6,63,11.3,0
2024-04-27T12:00:00Z,178,80,98,97,6.5,54,10.7,0
2024-04-27T13:00:00Z,358,215,143,100,9.7,45,10,0
2024-04-27T14:00:00Z,501,344,157,99,12.3,41,13,0
2024-04-27T15:00:00Z,680,463,217,100,15,38,15.7,0
2024-04-27T16:00:00Z,730,424,306,100,16.6,35,17.1,0
2024-04-27T17:00:00Z,733,391,342,100,17.7,34,19.1,0
2024-04-27T18:00:00Z,703,338,365,100,18.5,33,19.5,0
2024-04-27T19:00:00Z,502,118,384,100,17.3,38,19.4,0
2024-04-27T20:00:00Z,181,10,171,100,13.8,62,15.5,0.6
2024-04-27T21:00:00Z,64,1,63,100,11.7,77,11.7,1.6
2024-04-27T22:00:00Z,34,0,34,100,11.6,80,13,1.4
2024-04-27T23:00:00Z,17,0,17,100,11.2,83,15.8,0.8
2024-04-28T00:00:00Z,8,0,8,70,11.2,85,15.5,0.3
2024-04-28T01:00:00Z,0,0,0,66,11,86,14.2,0
2024-04-28T02:00:00Z,0,0,0,100,10.8,86,13.3,0
2024-04-28T03:00:00Z,0,0,0,100,10.8,86,12.2,0
2024-04-28T04:00:00Z,0,0,0,96,10.2,86,12.2,0
2024-04-28T05:00:00Z,0,0,0,100,9.8,86,13.3,0
2024-04-28T06:00:00Z,0,0,0,100,9.7,86,11.5,0.5
2024-04-28T07:00:00Z,0,0,0,100,9.6,86,11.5,1.8
2024-04-28T08:00:00Z,0,0,0,100,9.5,88,12.3,0
2024-04-28T09:00:00Z,0,0,0,96,9.3,91,11.2,0
2024-04-28T10:00:00Z,0,0,0,97,9,95,9.9,0
2024-04-28T11:00:00Z,36,12,24,92,9.3,95,10.6,0
2024-04-28T12:00:00Z,115,38,77,91,10.5,94,9.7,0
2024-04-28T13:00:00Z,227,91,136,59,12,89,9.6,0
2024-04-28T14:00:00Z,330,164,166,66,14.3,84,13,0
2024-04-28T15:00:00Z,375,123,252,67,17,78,10.3,0
2024-04-28T16:00:00Z,373,43,330,100,19,71,15.1,0
2024-04-28T17:00:00Z,257,15,242,100,19.5,72,13.1,0
2024-04-28T18:00:00Z,241,43,198,100,20.9,69,14.4,0.1
2024-04-28T19:00:00Z,345,143,202,98,21.2,68,11.5,0.7
2024-04-28T20:00:00Z,228,76,152,93,20.2,67,11.3,0.1
2024-04-28T21:00:00Z,213,67,146,97,19.6,62,14.2,0
2024-04-28T22:00:00Z,143,41,102,92,18.4,63,14.8,0
2024-04-28T23:00:00Z,158,97,61,68,15.9,66,15.3,0
2024-04-29T00:00:00Z,52,25,27,98,14,68,16,0
2024-04-29T01:00:00Z,0,0,0,82,12.8,67,17,0
2024-04-29T02:00:00Z,0,0,0,93,11.8,66,17.6,0
2024-04-29T03:00:00Z,0,0,0,100,10.5,65,18.4,0
2024-04-29T04:00:00Z,0,0,0,100,9.1,67,17.6,0
2024-04-29T05:00:00Z,0,0,0,100,8.2,69,15.9,0
2024-04-29T06:00:00Z,0,0,0,100,7.1,71,14.8,0
2024-04-29T07:00:00Z,0,0,0,96,6.2,74,13.9,0
2024-04-29T08:00:00Z,0,0,0,62,5.5,76,11.9,0
2024-04-29T09:00:00Z,0,0,0,97,5.2,77,11.6,0
2024-04-29T10:00:00Z,0,0,0,98,5,73,10.5,0
2024-04-29T11:00:00Z,48,16,32,100,5.2,72,10.4,0
2024-04-29T12:00:00Z,119,25,94,100,5.6,69,10.1,0
2024-04-29T13:00:00Z,246,95,151,100,6.1,67,10.5,0
2024-04-29T14:00:00Z,284,97,187,100,6.3,70,11.7,0.9
2024-04-29T15:00:00Z,163,34,129,100,7.1,69,11.6,0.9
2024-04-29T16:00:00Z,146,1,145,94,8,65,8.2,0.1
2024-04-29T17:00:00Z,127,0,127,98,8.6,68,7.6,0
2024-04-29T18:00:00Z,175,9,166,96,9.4,64,10,0
2024-04-29T19:00:00Z,820,703,117,98,11.5,56,10.3,0
2024-04-29T20:00:00Z,712,592,120,100,12.3,52,9.5,0
2024-04-29T21:00:00Z,425,240,185,100,12.1,60,8.9,0
2024-04-29T22:00:00Z,244,79,165,100,13.5,49,7.6,0
2024-04-29T23:00:00Z,123,18,105,100,13.1,51,8.4,0
2024-04-30T00:00:00Z,28,2,26,100,12.3,54,9.4,0
2024-04-30T01:00:00Z,0,0,0,100,11.6,59,13,0
2024-04-30T02:00:00Z,0,0,0,99,11,63,15.5,0.1
2024-04-30T03:00:00Z,0,0,0,100,10.5,65,17.5,0.1
2024-04-30T04:00:00Z,0,0,0,100,9.6,71,18.4,1.1
2024-04-30T05:00:00Z,0,0,0,100,8.5,80,18.1,1.8
2024-04-30T06:00:00Z,0,0,0,100,8,85,18.2,0.7
2024-04-30T07:00:00Z,0,0,0,100,7.5,86,18,2.4
2024-04-30T08:00:00Z,0,0,0,100,7.3,89,18.4,3
2024-04-30T09:00:00Z,0,0,0,100,7.3,89,18.6,2.6
2024-04-30T10:00:00Z,0,0,0,100,7.6,88,16.7,1.8
2024-04-30T11:00:00Z,7,0,7,100,7.4,89,17.5,1.4
2024-04-30T12:00:00Z,27,0,27,100,7.4,89,14.6,0.8
2024-04-30T13:00:00Z,38,0,38,100,7.5,88,13.7,0.8
2024-04-30T14:00:00Z,51,0,51,100,7.4,87,14.7,0.7
2024-04-30T15:00:00Z,46,0,46,100,7.4,87,15,0.4
2024-04-30T16:00:00Z,108,1,107,100,7.5,87,13.4,0.2
2024-04-30T17:00:00Z,89,0,89,100,7.6,86,12.1,0.2
2024-04-30T18:00:00Z,140,7,133,99,7.3,87,12,0.1
2024-04-30T19:00:00Z,252,18,234,100,7.4,86,12.4,0
2024-04-30T20:00:00Z,348,119,229,100,8.2,81,11.6,0
2024-04-30T21:00:00Z,230,23,207,100,8.1,81,11.3,0
2024-04-30T22:00:00Z,194,47,147,100,8.5,78,9.3,0
2024-04-30T23:00:00Z,154,67,87,99,8.2,78,8.3,0
2024-05-01T00:00:00Z,36,11,25,92,7.7,80,6.5,0
2024-05-01T01:00:00Z,0,0,0,95,7.1,84,6.2,0
2024-05-01T02:00:00Z,0,0,0,97,7,84,7.3,0
2024-05-01T03:00:00Z,0,0,0,95,6.6,85,6.5,0
2024-05-01T04:00:00Z,0,0,0,93,6.4,83,5.8,0
2024-05-01T05:00:00Z,0,0,0,100,6.3,83,5,0
2024-05-01T06:00:00Z,0,0,0,100,6.2,84,3.5,0
2024-05-01T07:00:00Z,0,0,0,100,6.4,84,0.7,0
2024-05-01T08:00:00Z,0,0,0,100,6.4,84,1.8,0
2024-05-01T09:00:00Z,0,0,0,100,6.7,83,2.6,0.1
2024-05-01T10:00:00Z,0,0,0,99,7,83,3.4,0
2024-05-01T11:00:00Z,6,0,6,100,6.8,85,4,0.1
2024-05-01T12:00:00Z,38,13,25,100,6.8,86,3.7,0.1
2024-05-01T13:00:00Z,77,16,61,100,7.1,84,3.1,0.1
2024-05-01T14:00:00Z,128,39,89,100,7.6,83,5.2,0
2024-05-01T15:00:00Z,296,177,119,100,8.8,80,6.1,0
2024-05-01T16:00:00Z,506,354,152,97,10.6,79,5,0
2024-05-01T17:00:00Z,486,193,293,100,12.9,74,4.4,0
2024-05-01T18:00:00Z,354,93,261,99,14.1,70,5.4,0
2024-05-01T19:00:00Z,376,105,271,100,15,68,6.1,0
2024-05-01T20:00:00Z,335,57,278,95,15.5,65,7.4,0
2024-05-01T21:00:00Z,354,121,233,82,15.5,64,10.2,0
2024-05-01T22:00:00Z,209,81,128,44,15.7,63,9.7,0
2024-05-01T23:00:00Z,182,116,66,30,15.6,63,11.6,0
2024-05-02T00:00:00Z,50,27,23,51,14.4,71,10.5,0
2024-05-02T01:00:00Z,0,0,0,47,13.7,77,11,0
2024-05-02T02:00:00Z,0,0,0,42,13.1,80,10.8,0
2024-05-02T03:00:00Z,0,0,0,48,12.3,86,9.5,0.2
2024-05-02T04:00:00Z,0,0,0,27,11.4,89,7.3,1.3
2024-05-02T05:00:00Z,0,0,0,37,11.5,89,8.1,1.3
2024-05-02T06:00:00Z,0,0,0,31,10.7,92,4,0.6
2024-05-02T07:00:00Z,0,0,0,22,9.6,93,2.4,0.4
2024-05-02T08:00:00Z,0,0,0,3,8.7,96,4.7,0
2024-05-02T09:00:00Z,0,0,0,41,9.1,96,6.4,0
2024-05-02T10:00:00Z,0,0,0,38,8.5,95,6.8,0
2024-05-02T11:00:00Z,51,24,27,58,10,94,9.8,0
2024-05-02T12:00:00Z,120,31,89,80,10.8,94,11.2,0
2024-05-02T13:00:00Z,198,63,135,78,11.4,88,14.5,0.1
2024-05-02T14:00:00Z,139,27,112,84,11.6,89,17.8,0.1
2024-05-02T15:00:00Z,159,14,145,95,12.3,85,16.3,0
2024-05-02T16:00:00Z,148,5,143,94,12.8,84,14.3,0
2024-05-02T17:00:00Z,224,21,203,100,13.8,81,14.2,0
2024-05-02T18:00:00Z,358,49,309,100,15.3,75,14.4,0.2
2024-05-02T19:00:00Z,290,59,231,100,16.4,69,13.8,0
2024-05-02T20:00:00Z,234,52,182,99,16.9,69,14.3,0
2024-05-02T21:00:00Z,240,57,183,89,17.1,68,12,0
2024-05-02T22:00:00Z,258,129,129,67,17.2,64,10.7,0
2024-05-02T23:00:00Z,181,110,71,25,17,64,8.5,0
2024-05-03T00:00:00Z,61,33,28,29,15.1,74,6.4,0
2024-05-03T01:00:00Z,0,0,0,26,13,82,6.2,0
2024-05-03T02:00:00Z,0,0,0,52,12.4,84,5.6,0
2024-05-03T03:00:00Z,0,0,0,94,11.7,86,9.7,0
2024-05-03T04:00:00Z,0,0,0,99,10.3,90,11.8,0
2024-05-03T05:00:00Z,0,0,0,95,9.2,90,10.3,0
2024-05-03T06:00:00Z,0,0,0,95,8.7,91,8.7,0
2024-05-03T07:00:00Z,0,0,0,43,8.1,91,7.9,0
2024-05-03T08:00:00Z,0,0,0,67,7.7,91,9.1,0
2024-05-03T09:00:00Z,0,0,0,82,7.7,92,9.9,0
2024-05-03T10:00:00Z,0,0,0,95,7.9,93,8.9,0
2024-05-03T11:00:00Z,59,29,30,97,8.8,91,8.6,0
2024-05-03T12:00:00Z,169,85,84,98,10.2,88,10.1,0
2024-05-03T13:00:00Z,285,125,160,100,11.2,83,10.8,0
2024-05-03T14:00:00Z,413,174,239,100,12.3,78,10.9,0
2024-05-03T15:00:00Z,521,214,307,100,13.9,73,11,0
2024-05-03T16:00:00Z,571,219,352,99,14.9,70,11.2,0
2024-05-03T17:00:00Z,719,352,367,90,16.6,66,10.6,0
2024-05-03T18:00:00Z,629,276,353,78,17.5,62,9.8,0
2024-05-03T19:00:00Z,545,238,307,87,18.7,56,9.8,0
2024-05-03T20:00:00Z,548,285,263,87,18.8,55,8.9,0
2024-05-03T21:00:00Z,420,196,224,79,19,54,9.6,0
2024-05-03T22:00:00Z,285,167,118,99,18.4,54,6.1,0.2
2024-05-03T23:00:00Z,181,98,83,99,17.6,60,8,0.2
2024-05-04T00:00:00Z,34,3,31,100,16.8,68,9.7,0.2
2024-05-04T01:00:00Z,0,0,0,99,15.9,72,9.2,0
2024-05-04T02:00:00Z,0,0,0,97,15.6,73,8.8,0.1
2024-05-04T03:00:00Z,0,0,0,100,14.9,76,8.8,1
2024-05-04T04:00:00Z,0,0,0,100,14.1,81,9.3,0.4
2024-05-04T05:00:00Z,0,0,0,100,13.7,82,10,0.4
2024-05-04T06:00:00Z,0,0,0,100,13,84,10.2,0.3
2024-05-04T07:00:00Z,0,0,0,100,12.4,86,9.6,0.4
2024-05-04T08:00:00Z,0,0,0,97,12.1,87,8.9,0
2024-05-04T09:00:00Z,0,0,0,99,11.7,89,8.1,0
2024-05-04T10:00:00Z,0,0,0,100,12.1,79,7.2,0
2024-05-04T11:00:00Z,24,4,20,100,12.2,81,7.9,0
2024-05-04T12:00:00Z,87,23,64,100,13,79,8.2,0
2024-05-04T13:00:00Z,182,57,125,100,14.6,74,8.4,0
2024-05-04T14:00:00Z,253,107,146,100,15.5,73,9,0
2024-05-04T15:00:00Z,288,120,168,100,16.8,71,8,0
2024-05-04T16:00:00Z,464,160,304,96,18.9,67,9.4,0
2024-05-04T17:00:00Z,552,263,289,93,20.5,62,10.6,0
2024-05-04T18:00:00Z,636,269,367,74,21.9,57,10.9,0
2024-05-04T19:00:00Z,746,556,190,95,22.2,56,12.3,0
2024-05-04T20:00:00Z,683,558,125,86,22.1,56,12.7,0
2024-05-04T21:00:00Z,522,399,123,91,21.8,55,12.1,0
2024-05-04T22:00:00Z,333,214,119,68,21.3,50,8.5,0
2024-05-04T23:00:00Z,199,123,76,74,20.4,52,6.9,0
2024-05-05T00:00:00Z,64,38,26,70,19.3,59,8.4,0
2024-05-05T01:00:00Z,1,0,1,72,18.2,65,9.8,0
2024-05-05T02:00:00Z,0,0,0,76,17.2,69,11.5,0
2024-05-05T03:00:00Z,0,0,0,88,16.3,75,12.1,0
2024-05-05T04:00:00Z,0,0,0,91,15.6,78,12.1,0
2024-05-05T05:00:00Z,0,0,0,92,15.6,77,13,0
2024-05-05T06:00:00Z,0,0,0,82,15.8,72,14.3,0
2024-05-05T07:00:00Z,0,0,0,69,15.4,70,14.3,0
2024-05-05T08:00:00Z,0,0,0,88,14.9,70,13.6,0
2024-05-05T09:00:00Z,0,0,0,100,14.6,69,13.1,0
2024-05-05T10:00:00Z,0,0,0,100,13.6,75,12.5,1.1
2024-05-05T11:00:00Z,10,2,8,100,12.4,87,12.1,1.6
2024-05-05T12:00:00Z,18,0,18,100,12.2,90,13.1,1
2024-05-05T13:00:00Z,23,0,23,100,11.9,92,14.9,1.1
2024-05-05T14:00:00Z,49,0,49,100,11.8,94,14.7,2.2
2024-05-05T15:00:00Z,68,0,68,100,11.9,95,14.8,1.2
2024-05-05T16:00:00Z,91,1,90,100,12,95,15.2,1.1
2024-05-05T17:00:00Z,77,0,77,100,12.2,95,14,1
2024-05-05T18:00:00Z,94,4,90,100,12.5,95,12.6,0.9
2024-05-05T19:00:00Z,75,6,69,100,12.9,95,12.2,0.2
2024-05-05T20:00:00Z,91,6,85,100,13,94,13,0.2
2024-05-05T21:00:00Z,92,2,90,100,13.1,95,11.6,0
2024-05-05T22:00:00Z,67,0,67,100,13.1,96,9.9,0
2024-05-05T23:00:00Z,35,1,34,100,13.3,96,10,0
2024-05-06T00:00:00Z,11,0,11,100,13.3,96,9.3,0
2024-05-06T01:00:00Z,0,0,0,79,13.3,96,8.2,0
2024-05-06T02:00:00Z,0,0,0,78,13.4,95,9.5,0
2024-05-06T03:00:00Z,0,0,0,100,12.9,96,10.2,0
2024-05-06T04:00:00Z,0,0,0,100,12.6,97,9.8,0
2024-05-06T05:00:00Z,0,0,0,100,12,98,10,0
2024-05-06T06:00:00Z,0,0,0,100,12.1,99,9.7,0
2024-05-06T07:00:00Z,0,0,0,97,11.9,100,9,0
2024-05-06T08:00:00Z,0,0,0,37,11.3,100,7.5,0
2024-05-06T09:00:00Z,0,0,0,8,10.6,100,7.4,0
2024-05-06T10:00:00Z,1,0,1,98,9.2,99,6.8,0
2024-05-06T11:00:00Z,72,44,28,39,10,97,7.9,0
2024-05-06T12:00:00Z,243,179,64,23,11.9,88,8.1,0
2024-05-06T13:00:00Z,431,349,82,7,13.8,78,8.6,0
2024-05-06T14:00:00Z,602,508,94,6,15.7,70,8.9,0
2024-05-06T15:00:00Z,769,680,89,1,17.8,61,9.7,0
2024-05-06T16:00:00Z,861,765,96,15,19,55,10.9,0
2024-05-06T17:00:00Z,913,810,103,20,19.9,47,12.6,0
2024-05-06T18:00:00Z,873,743,130,22,20.5,44,14,0
2024-05-06T19:00:00Z,793,624,169,24,21.1,41,14.8,0
2024-05-06T20:00:00Z,731,621,110,15,21.5,37,15.3,0
2024-05-06T21:00:00Z,599,507,92,13,21.6,34,14.8,0
2024-05-06T22:00:00Z,430,353,77,11,21.4,29,12.5,0
2024-05-06T23:00:00Z,248,191,57,7,20.5,31,9.8,0
2024-05-07T00:00:00Z,78,48,30,5,18.1,39,10,0
2024-05-07T01:00:00Z,1,0,1,2,15.2,48,10.5,0
2024-05-07T02:00:00Z,0,0,0,10,13.4,53,10.5,0
2024-05-07T03:00:00Z,0,0,0,2,12.1,58,12.2,0
2024-05-07T04:00:00Z,0,0,0,0,10.8,62,12.3,0
2024-05-07T05:00:00Z,0,0,0,0,9.6,68,10.3,0
2024-05-07T06:00:00Z,0,0,0,0,8,76,8.4,0
2024-05-07T07:00:00Z,0,0,0,0,7,80,7.6,0
2024-05-07T08:00:00Z,0,0,0,0,6.1,83,7.4,0
2024-05-07T09:00:00Z,0,0,0,0,5.6,85,7.2,0
2024-05-07T10:00:00Z,2,0,2,0,5.3,88,7,0
2024-05-07T11:00:00Z,83,53,30,0,7.3,84,7.9,0
2024-05-07T12:00:00Z,254,196,58,0,11.2,70,4.7,0
2024-05-07T13:00:00Z,441,367,74,0,14.8,53,3.8,0
2024-05-07T14:00:00Z,617,532,85,0,16.9,42,5.4,0
2024-05-07T15:00:00Z,764,672,92,0,18.4,38,8.2,0
2024-05-07T16:00:00Z,873,779,94,4,19.2,37,10.3,0
2024-05-07T17:00:00Z,921,821,100,8,20.4,36,11.1,0
2024-05-07T18:00:00Z,869,707,162,23,21.4,33,11.6,0
2024-05-07T19:00:00Z,822,654,168,26,22,30,11.2,0
2024-05-07T20:00:00Z,685,484,201,32,22.6,28,10,0
2024-05-07T21:00:00Z,579,446,133,76,22.8,27,9.8,0
2024-05-07T22:00:00Z,409,317,92,22,22.4,26,6.7,0
2024-05-07T23:00:00Z,226,147,79,56,21.5,30,3.5,0
2024-05-08T00:00:00Z,79,46,33,87,19.1,44,5.3,0
2024-05-08T01:00:00Z,2,0,2,95,16.7,49,2.3,0
2024-05-08T02:00:00Z,0,0,0,100,14.7,61,3.4,0
2024-05-08T03:00:00Z,0,0,0,99,13.1,69,5.8,0
2024-05-08T04:00:00Z,0,0,0,100,12.7,69,8.2,0
2024-05-08T05:00:00Z,0,0,0,96,12.6,65,10.4,0
2024-05-08T06:00:00Z,0,0,0,100,12.6,59,11.1,0
2024-05-08T07:00:00Z,0,0,0,99,12.7,56,12.4,0
2024-05-08T08:00:00Z,0,0,0,67,12.5,54,14.8,0
2024-05-08T09:00:00Z,0,0,0,96,12,55,15.5,0
2024-05-08T10:00:00Z,1,0,1,87,11.3,56,15.9,0.6
2024-05-08T11:00:00Z,35,2,33,97,10.5,63,16.2,1.8
2024-05-08T12:00:00Z,96,30,66,96,9.8,71,15.2,1.4
2024-05-08T13:00:00Z,211,128,83,99,10.1,70,14.9,0.3
2024-05-08T14:00:00Z,174,43,131,100,9.2,80,11.8,1.2
2024-05-08T15:00:00Z,276,90,186,95,9.4,85,13.4,1.7
2024-05-08T16:00:00Z,364,146,218,100,9.8,87,15.1,1.5
2024-05-08T17:00:00Z,368,150,218,100,10.2,87,15.4,1.4
2024-05-08T18:00:00Z,243,36,207,100,9.8,91,11.1,1.2
2024-05-08T19:00:00Z,113,2,111,100,10.3,94,10.8,0.4
2024-05-08T20:00:00Z,120,0,120,100,10.7,96,12,0.3
2024-05-08T21:00:00Z,160,5,155,100,10.7,96,12.7,0.2
2024-05-08T22:00:00Z,166,43,123,100,11,86,13.6,0.1
2024-05-08T23:00:00Z,107,20,87,57,10.9,85,12.1,0
2024-05-09T00:00:00Z,72,35,37,91,10.5,84,9.4,0
2024-05-09T01:00:00Z,2,0,2,94,9.4,87,9.2,0
2024-05-09T02:00:00Z,0,0,0,94,8.8,88,8.9,0
2024-05-09T03:00:00Z,0,0,0,91,7.8,88,9,0
2024-05-09T04:00:00Z,0,0,0,15,7.4,87,8.4,0
2024-05-09T05:00:00Z,0,0,0,15,6.8,90,7.4,0
2024-05-09T06:00:00Z,0,0,0,12,6.2,89,8.4,0
2024-05-09T07:00:00Z,0,0,0,3,5.9,90,8.2,0
2024-05-09T08:00:00Z,0,0,0,1,5.8,89,7.7,0
2024-05-09T09:00:00Z,0,0,0,2,5.8,86,8.2,0
2024-05-09T10:00:00Z,2,1,1,8,4.9,93,8.2,0
2024-05-09T11:00:00Z,86,53,33,9,6.8,88,8,0
2024-05-09T12:00:00Z,212,138,74,13,9,80,6.2,0
2024-05-09T13:00:00Z,388,264,124,20,11.6,71,5.4,0
2024-05-09T14:00:00Z,564,436,128,33,13.1,61,5.4,0
2024-05-09T15:00:00Z,734,592,142,54,15.1,51,9.5,0
2024-05-09T16:00:00Z,643,320,323,70,15.9,46,8.7,0
2024-05-09T17:00:00Z,485,124,361,80,15.7,45,8.7,0
2024-05-09T18:00:00Z,466,142,324,81,16,44,9.1,0
2024-05-09T19:00:00Z,540,267,273,90,15.9,44,9.3,0
2024-05-09T20:00:00Z,443,165,278,90,15.7,46,9.2,0
2024-05-09T21:00:00Z,374,169,205,100,15.8,44,8.4,0
2024-05-09T22:00:00Z,230,99,131,100,16.1,44,5.4,0
2024-05-09T23:00:00Z,107,26,81,100,15.9,47,1.6,0
2024-05-10T00:00:00Z,46,12,34,100,14.4,61,5.1,0
2024-05-10T01:00:00Z,2,0,2,97,12.4,67,7.7,0
2024-05-10T02:00:00Z,0,0,0,100,11,71,11.5,0
2024-05-10T03:00:00Z,0,0,0,100,9.7,80,9.7,0
2024-05-10T04:00:00Z,0,0,0,100,8.2,88,7.6,0
2024-05-10T05:00:00Z,0,0,0,100,7.4,91,7.5,0
2024-05-10T06:00:00Z,0,0,0,99,6.9,93,7.6,0
2024-05-10T07:00:00Z,0,0,0,100,6.6,93,6.9,0
2024-05-10T08:00:00Z,0,0,0,100,6.1,93,6.9,0
2024-05-10T09:00:00Z,0,0,0,100,6,93,7.4,0
2024-05-10T10:00:00Z,3,0,3,99,6.5,90,5.6,0
2024-05-10T11:00:00Z,84,39,45,65,7.7,87,6.4,0
2024-05-10T12:00:00Z,250,171,79,83,9.7,78,6.4,0
2024-05-10T13:00:00Z,420,280,140,94,11.6,66,8.6,0
2024-05-10T14:00:00Z,564,396,168,82,12.9,58,10,0
2024-05-10T15:00:00Z,577,403,174,84,14.3,52,10.2,0
2024-05-10T16:00:00Z,677,415,262,96,15.4,46,10.2,0
2024-05-10T17:00:00Z,651,368,283,80,16.2,39,8.5,0.1
2024-05-10T18:00:00Z,585,281,304,78,16.6,40,8,0.1
2024-05-10T19:00:00Z,605,408,197,85,16.5,39,6.8,0
2024-05-10T20:00:00Z,512,275,237,89,16.8,37,5.1,0
2024-05-10T21:00:00Z,413,220,193,88,16.8,37,4.1,0
2024-05-10T22:00:00Z,258,115,143,78,16.8,38,1.8,0
2024-05-10T23:00:00Z,159,74,85,4,16,44,2.9,0
2024-05-11T00:00:00Z,65,25,40,3,15,51,6.1,0
2024-05-11T01:00:00Z,3,0,3,3,13.3,59,7.3,0
2024-05-11T02:00:00Z,0,0,0,1,10.9,71,6.6,0
2024-05-11T03:00:00Z,0,0,0,1,9.1,75,7.5,0
2024-05-11T04:00:00Z,0,0,0,2,8.8,74,6.6,0
2024-05-11T05:00:00Z,0,0,0,1,9.2,71,6,0
2024-05-11T06:00:00Z,0,0,0,0,9.1,70,5.9,0
2024-05-11T07:00:00Z,0,0,0,1,7.6,75,4.7,0
2024-05-11T08:00:00Z,0,0,0,1,5.2,86,2.6,0
2024-05-11T09:00:00Z,0,0,0,0,5,87,4.5,0
2024-05-11T10:00:00Z,3,1,2,17,5.5,93,4.3,0
2024-05-11T11:00:00Z,87,53,34,31,7.7,89,3.6,0
2024-05-11T12:00:00Z,220,158,62,35,10.1,79,2.3,0
2024-05-11T13:00:00Z,337,209,128,45,12.2,68,4.2,0
2024-05-11T14:00:00Z,493,338,155,61,14.2,59,7.2,0
2024-05-11T15:00:00Z,567,328,239,98,15.5,49,9.7,0.1
2024-05-11T16:00:00Z,706,459,247,98,16.3,50,10.2,0.1
2024-05-11T17:00:00Z,763,516,247,96,17.1,50,9.7,0.1
2024-05-11T18:00:00Z,744,458,286,91,17.4,52,8.9,0
2024-05-11T19:00:00Z,635,383,252,94,18.2,51,8.9,0
2024-05-11T20:00:00Z,571,330,241,91,17.4,55,8.4,0
2024-05-11T21:00:00Z,419,220,199,97,17.8,51,9.6,0.6
2024-05-11T22:00:00Z,308,162,146,99,14.7,65,8.1,0.2
2024-05-11T23:00:00Z,122,28,94,100,14,69,6.9,0.4
2024-05-12T00:00:00Z,35,6,29,99,13,80,4.9,0.8
2024-05-12T01:00:00Z,2,0,2,95,12.1,85,5.1,0.8
2024-05-12T02:00:00Z,0,0,0,83,11.6,88,5,0.6
2024-05-12T03:00:00Z,0,0,0,96,11.4,90,6.2,0.3
2024-05-12T04:00:00Z,0,0,0,100,11.1,91,6,0.2
2024-05-12T05:00:00Z,0,0,0,100,10.5,93,4.9,0.1
2024-05-12T06:00:00Z,0,0,0,100,10.2,94,4.3,0.2
2024-05-12T07:00:00Z,0,0,0,100,10.1,94,4.8,0
2024-05-12T08:00:00Z,0,0,0,100,9.8,95,5.4,0.1
2024-05-12T09:00:00Z,0,0,0,100,9.8,94,6.1,0.1
2024-05-12T10:00:00Z,3,0,3,100,9.6,95,5.8,0
2024-05-12T11:00:00Z,82,37,45,99,10.3,95,5.4,0
2024-05-12T12:00:00Z,238,150,88,99,11.4,91,3.3,0
2024-05-12T13:00:00Z,432,329,103,94,12.4,84,2.8,0
2024-05-12T14:00:00Z,451,259,192,85,13.2,81,3.8,0.1
2024-05-12T15:00:00Z,683,508,175,54,15.4,72,5.4,0.1
2024-05-12T16:00:00Z,819,657,162,58,16.4,68,5.7,0.2
2024-05-12T17:00:00Z,853,696,157,53,17.1,62,6.5,0.2
2024-05-12T18:00:00Z,658,421,237,92,16.5,59,6.9,0.2
2024-05-12T19:00:00Z,439,193,246,78,15.8,65,9.7,1.2
2024-05-12T20:00:00Z,487,223,264,57,17,61,6.2,0.2
2024-05-12T21:00:00Z,428,225,203,45,17.7,59,7.5,0.1
2024-05-12T22:00:00Z,291,135,156,89,16.8,60,9.5,0.1
2024-05-12T23:00:00Z,169,108,61,34,16.5,58,8.9,0
2024-05-13T00:00:00Z,70,40,30,30,15.3,65,7.6,0
2024-05-13T01:00:00Z,2,1,1,26,13.8,74,8.7,0
2024-05-13T02:00:00Z,0,0,0,45,13.2,77,9.7,0
2024-05-13T03:00:00Z,0,0,0,89,12.1,83,9.7,0
2024-05-13T04:00:00Z,0,0,0,9,11.3,86,9.4,0
2024-05-13T05:00:00Z,0,0,0,19,10.5,90,9.4,0
2024-05-13T06:00:00Z,0,0,0,40,10.2,92,9.2,0
2024-05-13T07:00:00Z,0,0,0,83,10,93,8.8,0
2024-05-13T08:00:00Z,0,0,0,94,9.6,95,8.8,0.2
2024-05-13T09:00:00Z,0,0,0,90,9.4,95,7.6,1
2024-05-13T10:00:00Z,3,0,3,100,9.6,94,9.3,0.4
2024-05-13T11:00:00Z,51,13,38,100,10.1,93,10.9,0.5
2024-05-13T12:00:00Z,104,22,82,88,10.8,90,11.7,0
2024-05-13T13:00:00Z,305,147,158,69,12,85,13.3,0
2024-05-13T14:00:00Z,481,284,197,68,14.2,77,13.7,0
2024-05-13T15:00:00Z,627,405,222,98,16.2,67,15.5,0
2024-05-13T16:00:00Z,623,352,271,92,16.6,63,16.6,0.1
2024-05-13T17:00:00Z,610,288,322,87,16.8,67,20.2,0.7
2024-05-13T18:00:00Z,598,383,215,49,17.8,58,22.8,0.1
2024-05-13T19:00:00Z,660,451,209,100,19.6,51,24.3,0
2024-05-13T20:00:00Z,329,94,235,100,19.9,52,19.7,0
2024-05-13T21:00:00Z,260,74,186,98,19.3,59,15.4,0
2024-05-13T22:00:00Z,187,25,162,93,18.1,65,14.2,0
2024-05-13T23:00:00Z,142,66,76,87,18,68,12,0
2024-05-14T00:00:00Z,60,32,28,71,17.3,72,13.3,0
2024-05-14T01:00:00Z,3,1,2,69,16.3,77,14.4,0.5
2024-05-14T02:00:00Z,0,0,0,100,15.6,84,13.9,1.6
2024-05-14T03:00:00Z,0,0,0,100,15.2,87,12.8,1.7
2024-05-14T04:00:00Z,0,0,0,100,15.2,86,12.4,0.5
2024-05-14T05:00:00Z,0,0,0,100,14.6,90,13,1.4
2024-05-14T06:00:00Z,0,0,0,100,14.7,91,11.8,2.8
2024-05-14T07:00:00Z,0,0,0,100,14.4,93,10,0.8
2024-05-14T08:00:00Z,0,0,0,100,14.1,95,9.2,0.6
2024-05-14T09:00:00Z,0,0,0,98,13.8,97,7.9,0.4
2024-05-14T10:00:00Z,2,0,2,97,13.8,97,6.5,0.2
2024-05-14T11:00:00Z,33,2,31,100,14.4,97,5.7,0.1
2024-05-14T12:00:00Z,141,36,105,99,16.1,91,7.4,0
2024-05-14T13:00:00Z,256,133,123,78,16.9,86,8.9,0
2024-05-14T14:00:00Z,399,232,167,71,17.7,79,9.6,0
2024-05-14T15:00:00Z,619,459,160,69,18.9,72,9,0
2024-05-14T16:00:00Z,696,488,208,52,19.4,66,8.9,0
2024-05-14T17:00:00Z,821,625,196,33,20.8,59,8.8,0
2024-05-14T18:00:00Z,840,662,178,69,22,53,9.4,0
2024-05-14T19:00:00Z,485,267,218,76,22.7,49,7,0.1
2024-05-14T20:00:00Z,436,230,206,72,22.7,47,6.6,0
2024-05-14T21:00:00Z,464,290,174,58,22.7,46,4.3,0.1
2024-05-14T22:00:00Z,323,225,98,43,22.1,53,3.2,0
2024-05-14T23:00:00Z,204,125,79,4,21.2,56,4,0
2024-05-15T00:00:00Z,86,48,38,0,19.8,65,6.3,0
2024-05-15T01:00:00Z,4,1,3,4,17.2,73,9.4,0
2024-05-15T02:00:00Z,0,0,0,9,15.6,73,13.5,0.3
2024-05-15T03:00:00Z,0,0,0,18,14.9,75,13.7,0.1
2024-05-15T04:00:00Z,0,0,0,41,14.1,74,13.8,0
2024-05-15T05:00:00Z,0,0,0,30,13.7,74,13.4,0
2024-05-15T06:00:00Z,0,0,0,28,12.9,74,12.8,0
2024-05-15T07:00:00Z,0,0,0,12,12.2,76,12.4,0
2024-05-15T08:00:00Z,0,0,0,24,11.7,77,12,0
2024-05-15T09:00:00Z,0,0,0,52,11.2,79,11.8,0
2024-05-15T10:00:00Z,3,1,2,70,11.4,75,11.6,0
2024-05-15T11:00:00Z,56,25,31,87,11.8,75,10.5,0
2024-05-15T12:00:00Z,151,72,79,88,13,70,10,0
2024-05-15T13:00:00Z,176,55,121,85,13.7,66,9.5,0
2024-05-15T14:00:00Z,295,96,199,84,15,62,9.5,0
2024-05-15T15:00:00Z,344,148,196,84,16.5,57,8.3,0
2024-05-15T16:00:00Z,394,188,206,80,17.3,56,7.4,0.1
2024-05-15T17:00:00Z,592,288,304,83,19,54,6.7,0.4
2024-05-15T18:00:00Z,602,371,231,64,20.4,50,6.2,0
2024-05-15T19:00:00Z,683,505,178,58,21.5,47,6,0.5
2024-05-15T20:00:00Z,394,220,174,73,20.9,51,5.8,0.1
2024-05-15T21:00:00Z,410,222,188,68,21.4,52,6.4,0
2024-05-15T22:00:00Z,367,266,101,68,21.6,45,0.7,0
2024-05-15T23:00:00Z,202,127,75,72,21,49,1.4,0
2024-05-16T00:00:00Z,77,39,38,99,19.6,55,2.7,0
2024-05-16T01:00:00Z,4,1,3,99,16.5,67,3.5,0
2024-05-16T02:00:00Z,0,0,0,100,16.4,62,4,0
2024-05-16T03:00:00Z,0,0,0,100,15.8,61,5.4,0
2024-05-16T04:00:00Z,0,0,0,96,14.3,62,7.6,0
2024-05-16T05:00:00Z,0,0,0,92,13.6,64,10.1,0
2024-05-16T06:00:00Z,0,0,0,63,13.3,64,11.2,0
2024-05-16T07:00:00Z,0,0,0,60,12.6,68,11.6,0.3
2024-05-16T08:00:00Z,0,0,0,71,12.5,69,10.9,0.2
2024-05-16T09:00:00Z,0,0,0,74,12,73,10.3,0.2
2024-05-16T10:00:00Z,3,1,2,96,12.4,75,9.9,0
2024-05-16T11:00:00Z,55,23,32,96,13,75,9.6,0
2024-05-16T12:00:00Z,143,64,79,98,14.5,72,9,0
2024-05-16T13:00:00Z,294,190,104,90,15.9,66,8.2,0
2024-05-16T14:00:00Z,401,228,173,79,17.2,62,7.7,0
2024-05-16T15:00:00Z,553,416,137,10,19.3,58,6.8,0
2024-05-16T16:00:00Z,683,513,170,9,20.7,56,6.8,0
2024-05-16T17:00:00Z,806,598,208,27,22.5,52,7.6,0
2024-05-16T18:00:00Z,784,632,152,31,23.3,51,7.6,0
2024-05-16T19:00:00Z,653,445,208,26,24.3,48,6.2,0
2024-05-16T20:00:00Z,538,359,179,47,24.9,45,7,0
2024-05-16T21:00:00Z,389,251,138,43,25,44,7.3,0.1
2024-05-16T22:00:00Z,313,198,115,66,23.8,51,6,0
2024-05-16T23:00:00Z,154,87,67,75,23.4,52,4.6,0
2024-05-17T00:00:00Z,51,27,24,83,21.7,62,6.1,0
2024-05-17T01:00:00Z,3,1,2,94,20.2,67,6.4,0
2024-05-17T02:00:00Z,0,0,0,100,18.8,72,7.4,0
2024-05-17T03:00:00Z,0,0,0,97,17.8,76,10.4,0
2024-05-17T04:00:00Z,0,0,0,100,16.6,80,9.1,0
2024-05-17T05:00:00Z,0,0,0,100,15.9,83,8.4,0
2024-05-17T06:00:00Z,0,0,0,99,15.4,86,8,0
2024-05-17T07:00:00Z,0,0,0,100,14.8,88,7.3,0
2024-05-17T08:00:00Z,0,0,0,100,14.4,91,5.5,0
2024-05-17T09:00:00Z,0,0,0,100,14,92,5.5,0
2024-05-17T10:00:00Z,4,1,3,100,14.1,91,5.2,0
2024-05-17T11:00:00Z,53,7,46,98,14.9,91,5.1,0.2
2024-05-17T12:00:00Z,123,25,98,100,16.1,90,5.2,0.2
2024-05-17T13:00:00Z,270,109,161,100,18,82,6.3,0.1
2024-05-17T14:00:00Z,315,83,232,100,19.3,77,7.1,0
2024-05-17T15:00:00Z,404,138,266,97,21,70,8.4,0
2024-05-17T16:00:00Z,542,212,330,99,21.9,63,9.5,0
2024-05-17T17:00:00Z,632,300,332,100,23.1,57,10.1,0
2024-05-17T18:00:00Z,684,324,360,100,23.7,54,10.2,0
2024-05-17T19:00:00Z,497,110,387,100,24,52,10.9,0
2024-05-17T20:00:00Z,410,88,322,100,24.1,51,10.5,0
2024-05-17T21:00:00Z,248,21,227,100,24.1,50,7.6,0
2024-05-17T22:00:00Z,176,13,163,100,23.5,52,4.6,0
2024-05-17T23:00:00Z,106,3,103,100,23,54,3.7,0
2024-05-18T00:00:00Z,25,0,25,100,21.6,64,3,0
2024-05-18T01:00:00Z,2,0,2,97,19.3,74,3.2,0.1
2024-05-18T02:00:00Z,0,0,0,95,18.7,77,2.7,0.4
2024-05-18T03:00:00Z,0,0,0,100,17.2,84,5.9,0.7
2024-05-18T04:00:00Z,0,0,0,100,16.7,86,6.9,0.7
2024-05-18T05:00:00Z,0,0,0,100,16.4,87,6.1,0.5
2024-05-18T06:00:00Z,0,0,0,100,15.9,88,5.2,0.3
2024-05-18T07:00:00Z,0,0,0,100,15.7,88,3.7,0.2
2024-05-18T08:00:00Z,0,0,0,92,15.4,89,5.6,0
2024-05-18T09:00:00Z,0,0,0,21,14.8,90,6.4,0
2024-05-18T10:00:00Z,4,0,4,55,15.5,87,6.5,0.1
2024-05-18T11:00:00Z,66,26,40,40,16.2,87,7.2,0.2
2024-05-18T12:00:00Z,186,108,78,41,17.5,84,6.9,0.1
2024-05-18T13:00:00Z,229,113,116,30,18.4,81,7.1,0
2024-05-18T14:00:00Z,507,396,111,14,20.1,74,6.2,0
2024-05-18T15:00:00Z,703,572,131,21,22.2,66,8.4,0
2024-05-18T16:00:00Z,735,594,141,40,23,61,11.8,0.1
2024-05-18T17:00:00Z,547,401,146,35,23.6,57,12,0
2024-05-18T18:00:00Z,651,494,157,24,23.9,53,11.2,0
2024-05-18T19:00:00Z,592,444,148,32,24.3,50,10.6,0
2024-05-18T20:00:00Z,465,329,136,39,24.6,49,8.7,0
2024-05-18T21:00:00Z,345,196,149,28,25,46,6.6,0
2024-05-18T22:00:00Z,276,154,122,64,25.1,47,3.9,0
2024-05-18T23:00:00Z,140,71,69,76,24.2,51,4.3,0
2024-05-19T00:00:00Z,78,39,39,76,22.5,59,5.4,0
2024-05-19T01:00:00Z,5,1,4,67,20.5,63,7.6,0
2024-05-19T02:00:00Z,0,0,0,43,19.1,66,10.5,0
2024-05-19T03:00:00Z,0,0,0,12,17.2,72,10.8,0
2024-05-19T04:00:00Z,0,0,0,1,15.9,78,11.2,0
2024-05-19T05:00:00Z,0,0,0,0,14.7,84,9.4,0
2024-05-19T06:00:00Z,0,0,0,1,13.7,88,7.1,0
2024-05-19T07:00:00Z,0,0,0,2,13.2,90,6.5,0
2024-05-19T08:00:00Z,0,0,0,1,12.7,92,6.8,0
2024-05-19T09:00:00Z,0,0,0,1,12.4,93,7.3,0
2024-05-19T10:00:00Z,8,3,5,0,12.5,93,6.7,0
2024-05-19T11:00:00Z,106,67,39,3,14.4,91,6.3,0
2024-05-19T12:00:00Z,270,202,68,4,16.4,86,5.6,0
2024-05-19T13:00:00Z,435,348,87,3,18.4,78,5.8,0
2024-05-19T14:00:00Z,595,487,108,1,20.6,72,4.5,0
2024-05-19T15:00:00Z,720,595,125,1,22.5,64,4.6,0
2024-05-19T16:00:00Z,842,735,107,14,24.1,57,6.7,0
2024-05-19T17:00:00Z,904,800,104,45,25.8,51,7.1,0
2024-05-19T18:00:00Z,822,638,184,72,26.7,46,7.6,0
2024-05-19T19:00:00Z,499,241,258,100,26.8,46,7.6,0
2024-05-19T20:00:00Z,509,261,248,92,26.8,47,8.4,0
2024-05-19T21:00:00Z,442,223,219,73,27.4,42,9.3,0
2024-05-19T22:00:00Z,392,293,99,39,27.5,40,7.1,0
2024-05-19T23:00:00Z,212,134,78,5,26.5,45,7.8,0
2024-05-20T00:00:00Z,101,63,38,4,24.8,51,9.7,0
2024-05-20T01:00:00Z,7,3,4,1,22.2,61,10.9,0
2024-05-20T02:00:00Z,0,0,0,5,20.5,67,10.5,0
2024-05-20T03:00:00Z,0,0,0,29,19.7,73,11,0
2024-05-20T04:00:00Z,0,0,0,34,18.6,79,11,0
2024-05-20T05:00:00Z,0,0,0,38,17.9,83,10.6,0
2024-05-20T06:00:00Z,0,0,0,35,17,88,8.9,0
2024-05-20T07:00:00Z,0,0,0,67,16.5,91,7.6,0
2024-05-20T08:00:00Z,0,0,0,7,15.6,94,7,0
2024-05-20T09:00:00Z,0,0,0,2,15,96,7.9,0
2024-05-20T10:00:00Z,8,3,5,22,15.1,96,6.3,0
2024-05-20T11:00:00Z,108,69,39,92,16.3,94,4,0
2024-05-20T12:00:00Z,272,192,80,88,18.4,86,3.1,0
2024-05-20T13:00:00Z,406,244,162,98,20.2,77,3.9,0
2024-05-20T14:00:00Z,553,321,232,99,21.9,66,4.5,0
2024-05-20T15:00:00Z,657,351,306,95,23.8,58,6.9,0
2024-05-20T16:00:00Z,709,352,357,100,25.2,51,8.3,0
2024-05-20T17:00:00Z,814,493,321,100,26.7,44,8.4,0
2024-05-20T18:00:00Z,835,618,217,100,27.7,40,7.7,0
2024-05-20T19:00:00Z,864,711,153,93,28.3,36,8.4,0
2024-05-20T20:00:00Z,789,696,93,39,28.8,33,8.7,0
2024-05-20T21:00:00Z,621,497,124,79,29.1,31,8.3,0
2024-05-20T22:00:00Z,424,307,117,96,28.7,30,5.1,0
2024-05-20T23:00:00Z,236,133,103,98,27.7,36,5.3,0
2024-05-21T00:00:00Z,96,46,50,53,25.2,50,7.1,0
2024-05-21T01:00:00Z,8,2,6,85,23,53,8.8,0
2024-05-21T02:00:00Z,0,0,0,100,21.4,60,10,0
2024-05-21T03:00:00Z,0,0,0,100,20.1,63,9,0
2024-05-21T04:00:00Z,0,0,0,99,18.7,67,9.3,0
2024-05-21T05:00:00Z,0,0,0,100,17.6,71,8.7,0
2024-05-21T06:00:00Z,0,0,0,98,16.8,73,7.3,0
2024-05-21T07:00:00Z,0,0,0,100,16.3,75,7,0
2024-05-21T08:00:00Z,0,0,0,95,16.3,77,6.6,0
2024-05-21T09:00:00Z,0,0,0,100,16.2,81,6.5,0
2024-05-21T10:00:00Z,7,0,7,100,16.4,85,6.8,0
2024-05-21T11:00:00Z,65,6,59,100,18,82,10.6,0
2024-05-21T12:00:00Z,101,6,95,100,18.9,77,10.5,0
2024-05-21T13:00:00Z,147,0,147,100,18.7,72,9.1,0
2024-05-21T14:00:00Z,293,29,264,100,19.8,69,8,0
2024-05-21T15:00:00Z,423,80,343,99,21.2,67,1.1,0
2024-05-21T16:00:00Z,514,146,368,100,22,68,1.6,0.2
2024-05-21T17:00:00Z,590,251,339,97,23.1,66,3,0
2024-05-21T18:00:00Z,607,288,319,94,24.3,64,3.8,0
2024-05-21T19:00:00Z,489,131,358,92,24.8,63,4.7,0.2
2024-05-21T20:00:00Z,499,278,221,87,25.4,61,4.8,0.2
2024-05-21T21:00:00Z,285,107,178,91,24.5,69,5,0.6
2024-05-21T22:00:00Z,209,76,133,81,22.9,78,4.7,1.2
2024-05-21T23:00:00Z,129,62,67,90,21.9,85,3,1.7
2024-05-22T00:00:00Z,23,2,21,98,20.3,90,5.2,1.6
2024-05-22T01:00:00Z,3,0,3,100,19.3,94,3.3,1.2
2024-05-22T02:00:00Z,0,0,0,99,18.8,97,5.2,0.8
2024-05-22T03:00:00Z,0,0,0,79,18.3,98,5.8,0.4
2024-05-22T04:00:00Z,0,0,0,83,18,99,6.7,0
2024-05-22T05:00:00Z,0,0,0,85,17.4,100,6.9,0
2024-05-22T06:00:00Z,0,0,0,93,16.6,100,5.5,0
2024-05-22T07:00:00Z,0,0,0,96,17,99,4.7,0
2024-05-22T08:00:00Z,0,0,0,98,16.9,99,2.5,0
2024-05-22T09:00:00Z,0,0,0,100,16.7,100,2.1,0
2024-05-22T10:00:00Z,7,1,6,100,16,100,0.5,0
2024-05-22T11:00:00Z,69,24,45,100,17.4,99,2.2,0
2024-05-22T12:00:00Z,139,40,99,100,18.3,97,4.8,0
2024-05-22T13:00:00Z,244,68,176,100,19.4,94,5,0
2024-05-22T14:00:00Z,387,103,284,100,21.1,88,5.9,0
2024-05-22T15:00:00Z,550,239,311,82,23.6,79,7.9,0
2024-05-22T16:00:00Z,770,557,213,20,26,70,8.8,0
2024-05-22T17:00:00Z,878,716,162,4,28.1,64,12,0
2024-05-22T18:00:00Z,906,798,108,22,29.8,56,15.1,0
2024-05-22T19:00:00Z,722,606,116,36,31.4,47,20.3,0
2024-05-22T20:00:00Z,556,404,152,89,30.7,45,19.6,0.8
2024-05-22T21:00:00Z,465,301,164,66,30.1,48,15.8,0
2024-05-22T22:00:00Z,389,271,118,99,27.9,60,13.2,0
2024-05-22T23:00:00Z,206,84,122,100,26.8,62,8.9,0
2024-05-23T00:00:00Z,76,10,66,100,25.1,69,7.2,0
2024-05-23T01:00:00Z,8,1,7,100,23.5,72,11.2,0
2024-05-23T02:00:00Z,0,0,0,100,22.9,72,14.5,0
2024-05-23T03:00:00Z,0,0,0,50,22.4,74,15,0
2024-05-23T04:00:00Z,0,0,0,31,21.3,78,14,0
2024-05-23T05:00:00Z,0,0,0,91,20.8,81,13.5,0
2024-05-23T06:00:00Z,0,0,0,94,20.8,81,14,0
2024-05-23T07:00:00Z,0,0,0,97,20.6,80,12,0.2
2024-05-23T08:00:00Z,0,0,0,100,19.7,83,10.8,0
2024-05-23T09:00:00Z,0,0,0,100,19.1,83,11.4,0.1
2024-05-23T10:00:00Z,4,0,4,100,18.1,81,12.1,0.3
2024-05-23T11:00:00Z,65,7,58,33,17.9,75,13.4,0
2024-05-23T12:00:00Z,208,94,114,0,18.8,65,14.8,0
2024-05-23T13:00:00Z,436,346,90,19,19.7,58,16.6,0
2024-05-23T14:00:00Z,652,570,82,16,20.6,57,16.3,0
2024-05-23T15:00:00Z,760,639,121,31,21.7,53,15.4,0
2024-05-23T16:00:00Z,885,782,103,29,22.9,48,16.8,0
2024-05-23T17:00:00Z,945,847,98,20,24,42,19.4,0
2024-05-23T18:00:00Z,949,853,96,28,24.7,37,22.4,0
2024-05-23T19:00:00Z,816,632,184,24,25.2,33,23,0
2024-05-23T20:00:00Z,710,532,178,44,25.4,32,24.5,0
2024-05-23T21:00:00Z,515,320,195,60,25.2,31,23.3,0
2024-05-23T22:00:00Z,376,222,154,73,24.3,34,20.8,0
2024-05-23T23:00:00Z,242,179,63,83,23.4,36,18,0
2024-05-24T00:00:00Z,115,70,45,75,22.4,39,16.5,0
2024-05-24T01:00:00Z,10,3,7,64,20.9,42,16.1,0
2024-05-24T02:00:00Z,0,0,0,36,19.6,44,15.3,0
2024-05-24T03:00:00Z,0,0,0,15,18.1,48,14,0
2024-05-24T04:00:00Z,0,0,0,3,17.5,52,14.5,0
2024-05-24T05:00:00Z,0,0,0,0,16.7,56,15.6,0
2024-05-24T06:00:00Z,0,0,0,0,15.9,61,14,0
2024-05-24T07:00:00Z,0,0,0,0,15.3,64,10.7,0
2024-05-24T08:00:00Z,0,0,0,15,14.9,64,13.8,0
2024-05-24T09:00:00Z,0,0,0,43,14.8,63,17.6,0
2024-05-24T10:00:00Z,10,3,7,84,15.1,60,19.3,0
2024-05-24T11:00:00Z,86,37,49,89,15.7,57,18.8,0
2024-05-24T12:00:00Z,164,85,79,27,14.8,52,20.9,0
2024-05-24T13:00:00Z,365,227,138,24,14.5,51,20.1,0
2024-05-24T14:00:00Z,499,362,137,60,14.6,51,19.8,0
2024-05-24T15:00:00Z,548,309,239,74,14.9,52,18.3,0
2024-05-24T16:00:00Z,550,226,324,100,15.1,52,17.7,0
2024-05-24T17:00:00Z,523,140,383,100,15.5,52,17.9,0
2024-05-24T18:00:00Z,502,147,355,93,16.1,50,17.5,0
2024-05-24T19:00:00Z,645,277,368,100,16.6,49,17.2,0
2024-05-24T20:00:00Z,478,167,311,100,17,47,16.9,0
2024-05-24T21:00:00Z,468,261,207,89,17.5,44,17.1,0
2024-05-24T22:00:00Z,374,237,137,23,17.4,44,11.8,0
2024-05-24T23:00:00Z,285,212,73,11,17.2,43,10.2,0
2024-05-25T00:00:00Z,119,77,42,2,16,48,7.3,0
2024-05-25T01:00:00Z,11,5,6,0,13.1,62,6.5,0
2024-05-25T02:00:00Z,0,0,0,0,11.1,71,5.4,0
2024-05-25T03:00:00Z,0,0,0,1,10,79,5.4,0
2024-05-25T04:00:00Z,0,0,0,16,9.2,82,5.8,0
2024-05-25T05:00:00Z,0,0,0,21,8.7,84,6.7,0
2024-05-25T06:00:00Z,0,0,0,25,7.6,88,6.2,0
2024-05-25T07:00:00Z,0,0,0,3,6.8,90,5.8,0
2024-05-25T08:00:00Z,0,0,0,44,6.3,92,5.4,0
2024-05-25T09:00:00Z,0,0,0,25,5.9,93,5.5,0
2024-05-25T10:00:00Z,12,5,7,66,6.3,94,6.5,0
2024-05-25T11:00:00Z,113,60,53,65,8.8,87,5.2,0
2024-05-25T12:00:00Z,287,211,76,81,11.8,75,4.6,0
2024-05-25T13:00:00Z,455,335,120,70,14.2,63,4.3,0
2024-05-25T14:00:00Z,609,471,138,97,16,55,1.6,0
2024-05-25T15:00:00Z,721,521,200,99,17,52,2.1,0
2024-05-25T16:00:00Z,765,477,288,100,17.7,51,2.8,0
2024-05-25T17:00:00Z,802,468,334,100,18.5,49,4.3,0
2024-05-25T18:00:00Z,735,373,362,100,19,49,6.2,0
2024-05-25T19:00:00Z,425,141,284,100,19.6,48,4.7,0
2024-05-25T20:00:00Z,257,49,208,100,19.2,51,4.4,0
2024-05-25T21:00:00Z,208,3,205,100,17.8,56,3.8,0.1
2024-05-25T22:00:00Z,58,0,58,100,16.5,70,2.3,0.3
2024-05-25T23:00:00Z,43,0,43,99,16.2,73,3.2,0.1
2024-05-26T00:00:00Z,37,5,32,100,16,77,5.2,0
2024-05-26T01:00:00Z,5,1,4,95,15.1,82,6.8,0
2024-05-26T02:00:00Z,0,0,0,68,14.3,87,5.8,0
2024-05-26T03:00:00Z,0,0,0,47,14.2,87,6.5,0
2024-05-26T04:00:00Z,0,0,0,44,13.8,89,7.8,0
2024-05-26T05:00:00Z,0,0,0,49,12.5,92,6.8,0
2024-05-26T06:00:00Z,0,0,0,40,12.2,94,5.4,0
2024-05-26T07:00:00Z,0,0,0,53,11.7,95,4.9,0
2024-05-26T08:00:00Z,0,0,0,73,11.4,95,4.2,0
2024-05-26T09:00:00Z,0,0,0,88,11.5,96,4.7,0
2024-05-26T10:00:00Z,9,2,7,100,12,92,4.3,0
2024-05-26T11:00:00Z,67,14,53,100,13.4,87,0.7,0
2024-05-26T12:00:00Z,168,57,111,99,14.8,81,1.4,0
2024-05-26T13:00:00Z,348,184,164,96,16.3,73,1.5,0
2024-05-26T14:00:00Z,550,339,211,94,18.2,67,1.8,0
2024-05-26T15:00:00Z,742,597,145,91,19.9,60,2.1,0
2024-05-26T16:00:00Z,670,450,220,87,20.6,56,1,0
2024-05-26T17:00:00Z,586,236,350,76,21.2,53,2.1,0
2024-05-26T18:00:00Z,579,244,335,98,21.8,51,2.6,0
2024-05-26T19:00:00Z,399,69,330,85,22.9,46,4.6,0
2024-05-26T20:00:00Z,419,179,240,79,23.5,44,1.5,0
2024-05-26T21:00:00Z,405,187,218,100,23.8,42,2.9,0
2024-05-26T22:00:00Z,315,144,171,69,22.5,51,2.4,0
2024-05-26T23:00:00Z,216,123,93,84,22.2,53,4.1,0
2024-05-27T00:00:00Z,101,54,47,100,20.6,62,4.6,0
2024-05-27T01:00:00Z,10,1,9,99,18.6,68,7.4,0
2024-05-27T02:00:00Z,0,0,0,100,18.1,70,9.9,0
2024-05-27T03:00:00Z,0,0,0,100,17.6,71,11.3,0
2024-05-27T04:00:00Z,0,0,0,100,17.8,68,12.7,0
2024-05-27T05:00:00Z,0,0,0,100,17.7,68,16.2,0
2024-05-27T06:00:00Z,0,0,0,100,17.4,69,17.6,0
2024-05-27T07:00:00Z,0,0,0,100,17.1,68,16.2,0
2024-05-27T08:00:00Z,0,0,0,100,16.9,70,16.6,0
2024-05-27T09:00:00Z,0,0,0,100,16.8,70,16.6,0
2024-05-27T10:00:00Z,6,0,6,100,17,70,15.5,0
2024-05-27T11:00:00Z,61,6,55,99,17.9,75,15.6,0.8
2024-05-27T12:00:00Z,79,11,68,100,18,86,17.5,2.5
2024-05-27T13:00:00Z,59,0,59,100,19.1,87,19.2,3.7
2024-05-27T14:00:00Z,97,2,95,100,19.8,88,17.7,1.8
2024-05-27T15:00:00Z,133,3,130,100,20.1,90,15.8,0.7
2024-05-27T16:00:00Z,302,88,214,98,21.8,87,16.1,0.2
2024-05-27T17:00:00Z,387,100,287,100,22.5,84,13.9,0.3
2024-05-27T18:00:00Z,234,20,214,100,22.2,86,14.1,2.8
2024-05-27T19:00:00Z,277,32,245,100,21.3,88,17.2,5.9
2024-05-27T20:00:00Z,170,16,154,100,21,88,25.2,10.4
2024-05-27T21:00:00Z,190,65,125,100,20.7,89,26.3,4.7
2024-05-27T22:00:00Z,108,2,106,98,20.2,91,21.1,1.6
2024-05-27T23:00:00Z,61,1,60,100,19.8,92,14.1,0.8
2024-05-28T00:00:00Z,59,28,31,92,19.8,93,13.7,0
2024-05-28T01:00:00Z,8,2,6,73,19.2,94,14.4,0
2024-05-28T02:00:00Z,0,0,0,74,19,92,15.2,0
2024-05-28T03:00:00Z,0,0,0,84,18.7,91,15,0
2024-05-28T04:00:00Z,0,0,0,83,18.2,91,16.4,0
2024-05-28T05:00:00Z,0,0,0,93,17.9,90,17.1,0
2024-05-28T06:00:00Z,0,0,0,99,17.7,90,17.5,0
2024-05-28T07:00:00Z,0,0,0,100,17.3,89,17.1,0.2
2024-05-28T08:00:00Z,0,0,0,99,17,89,16.5,0.4
2024-05-28T09:00:00Z,0,0,0,62,16.6,87,15.1,0.1
2024-05-28T10:00:00Z,5,1,4,97,15.9,89,14,0
2024-05-28T11:00:00Z,59,22,37,87,16,87,13.2,0
2024-05-28T12:00:00Z,134,52,82,100,16.4,87,12.4,0
2024-05-28T13:00:00Z,260,131,129,88,17.1,83,13.3,0
2024-05-28T14:00:00Z,363,213,150,57,18.1,76,16.5,0.1
2024-05-28T15:00:00Z,287,91,196,74,17.6,73,17.8,0.5
2024-05-28T16:00:00Z,348,176,172,89,16.7,84,15.8,1.7
2024-05-28T17:00:00Z,188,46,142,98,16.5,85,15.9,0.6
2024-05-28T18:00:00Z,268,31,237,87,17.2,85,17.5,0.4
2024-05-28T19:00:00Z,543,262,281,80,18.4,79,18.7,0.5
2024-05-28T20:00:00Z,370,188,182,75,18.1,75,19.5,0.4
2024-05-28T21:00:00Z,197,25,172,80,17.3,76,19,0.1
2024-05-28T22:00:00Z,276,95,181,95,17.2,74,10.7,0.1
2024-05-28T23:00:00Z,125,14,111,87,16.5,75,12.2,0.2
2024-05-29T00:00:00Z,46,4,42,85,15.5,79,10.4,0.2
2024-05-29T01:00:00Z,5,0,5,100,14.7,82,10.7,0.1
2024-05-29T02:00:00Z,0,0,0,98,14.5,81,11.5,0.1
2024-05-29T03:00:00Z,0,0,0,99,13.9,80,11.3,0
2024-05-29T04:00:00Z,0,0,0,98,13,81,11.8,0
2024-05-29T05:00:00Z,0,0,0,100,12.5,84,12.6,0
2024-05-29T06:00:00Z,0,0,0,100,12,85,12.9,0
2024-05-29T07:00:00Z,0,0,0,98,10.9,81,12.4,0
2024-05-29T08:00:00Z,0,0,0,100,10,75,12.1,0
2024-05-29T09:00:00Z,0,0,0,100,9,74,12.4,0
2024-05-29T10:00:00Z,11,2,9,99,8.5,75,13.7,0
2024-05-29T11:00:00Z,98,29,69,99,8.8,73,13.6,0
2024-05-29T12:00:00Z,231,96,135,100,9.6,70,13.6,0
2024-05-29T13:00:00Z,304,169,135,100,10.1,69,12.6,0
2024-05-29T14:00:00Z,484,276,208,98,11.1,67,11.9,0
2024-05-29T15:00:00Z,543,297,246,98,12.4,63,11.2,0
2024-05-29T16:00:00Z,732,473,259,99,13.8,58,11.1,0
2024-05-29T17:00:00Z,708,382,326,99,14.7,54,11.8,0
2024-05-29T18:00:00Z,693,356,337,98,15.5,50,12.1,0
2024-05-29T19:00:00Z,740,386,354,98,16.3,46,12.3,0
2024-05-29T20:00:00Z,690,399,291,100,16.8,43,12.4,0
2024-05-29T21:00:00Z,569,323,246,99,16.9,41,12.6,0
2024-05-29T22:00:00Z,465,329,136,96,16.8,43,11.6,0
2024-05-29T23:00:00Z,286,187,99,95,15.9,44,9,0
2024-05-30T00:00:00Z,121,63,58,94,14.6,47,9,0
2024-05-30T01:00:00Z,14,5,9,88,12.2,57,10.1,0
2024-05-30T02:00:00Z,0,0,0,94,10.7,63,11.2,0
2024-05-30T03:00:00Z,0,0,0,8,9.1,69,11.8,0
2024-05-30T04:00:00Z,0,0,0,2,8,72,11.8,0
2024-05-30T05:00:00Z,0,0,0,10,6.9,77,12.3,0
2024-05-30T06:00:00Z,0,0,0,9,6.3,78,13.1,0
2024-05-30T07:00:00Z,0,0,0,1,5.8,79,13.1,0
2024-05-30T08:00:00Z,0,0,0,0,5.4,81,12.9,0
2024-05-30T09:00:00Z,0,0,0,1,5,82,12.5,0
2024-05-30T10:00:00Z,15,7,8,0,5.8,80,13.4,0
2024-05-30T11:00:00Z,134,91,43,0,7.7,76,13.1,0
2024-05-30T12:00:00Z,308,244,64,0,10.2,67,14.2,0
2024-05-30T13:00:00Z,492,413,79,0,12.5,60,13,0
2024-05-30T14:00:00Z,664,576,88,0,14.7,52,12,0
2024-05-30T15:00:00Z,807,711,96,6,16.8,45,12.6,0
2024-05-30T16:00:00Z,909,811,98,25,17.8,38,12.7,0
2024-05-30T17:00:00Z,830,612,218,74,18.2,36,12.6,0
2024-05-30T18:00:00Z,925,780,145,95,19.1,33,12.8,0
2024-05-30T19:00:00Z,608,216,392,98,19.7,32,12.9,0
2024-05-30T20:00:00Z,563,286,277,94,20,29,12.2,0
2024-05-30T21:00:00Z,492,219,273,90,20.2,29,11.2,0
2024-05-30T22:00:00Z,346,148,198,59,20.3,29,9.4,0
2024-05-30T23:00:00Z,222,117,105,26,19.6,35,7.9,0
2024-05-31T00:00:00Z,134,88,46,14,18.2,39,8.6,0
2024-05-31T01:00:00Z,16,8,8,0,14.4,56,9.4,0
2024-05-31T02:00:00Z,0,0,0,0,12.7,63,10.3,0
2024-05-31T03:00:00Z,0,0,0,0,10.5,72,11.3,0
2024-05-31T04:00:00Z,0,0,0,2,9.8,72,12.2,0
2024-05-31T05:00:00Z,0,0,0,13,8.9,75,11.7,0
2024-05-31T06:00:00Z,0,0,0,47,8,77,11,0
2024-05-31T07:00:00Z,0,0,0,78,7.6,77,10.2,0
2024-05-31T08:00:00Z,0,0,0,83,7.4,77,9.7,0
2024-05-31T09:00:00Z,0,0,0,3,6.9,79,8.7,0
2024-05-31T10:00:00Z,15,6,9,45,7,85,9.8,0
2024-05-31T11:00:00Z,133,91,42,80,9.6,78,10.1,0
2024-05-31T12:00:00Z,302,232,70,43,12.4,67,8.5,0
2024-05-31T13:00:00Z,478,383,95,87,15.3,54,9.7,0
2024-05-31T14:00:00Z,578,382,196,87,17.5,47,10.1,0
2024-05-31T15:00:00Z,761,606,155,84,19.7,38,10.9,0
2024-05-31T16:00:00Z,876,711,165,86,21.2,33,12.9,0
2024-05-31T17:00:00Z,954,832,122,71,22.4,30,14.2,0
2024-05-31T18:00:00Z,957,844,113,24,23.5,29,14.8,0
2024-05-31T19:00:00Z,902,803,99,34,24.2,28,15,0
2024-05-31T20:00:00Z,798,701,97,46,24.8,28,15,0
2024-05-31T21:00:00Z,649,554,95,29,25.4,27,14.8,0
2024-05-31T22:00:00Z,485,407,78,58,25.4,26,10.1,0
2024-05-31T23:00:00Z,304,239,65,0,24.6,28,9.1,0
2024-06-01T00:00:00Z,134,91,43,0,22.6,35,10,0
2024-06-01T01:00:00Z,17,8,9,0,19.3,45,11.2,0
2024-06-01T02:00:00Z,0,0,0,0,17.6,51,13,0
2024-06-01T03:00:00Z,0,0,0,0,16.3,54,14.7,0
2024-06-01T04:00:00Z,0,0,0,0,15.1,57,15.1,0
2024-06-01T05:00:00Z,0,0,0,0,13.7,62,15.2,0
2024-06-01T06:00:00Z,0,0,0,19,12.6,65,14.9,0
2024-06-01T07:00:00Z,0,0,0,60,11.9,66,13.7,0
2024-06-01T08:00:00Z,0,0,0,77,10.6,71,12.5,0
2024-06-01T09:00:00Z,0,0,0,13,9.7,75,11,0
2024-06-01T10:00:00Z,16,7,9,0,10,76,10.2,0
2024-06-01T11:00:00Z,134,92,42,0,12.4,70,9.8,0
2024-06-01T12:00:00Z,309,245,64,0,15,61,6.7,0
2024-06-01T13:00:00Z,492,414,78,18,17.4,56,4.8,0
2024-06-01T14:00:00Z,663,576,87,99,19.5,51,4.3,0
2024-06-01T15:00:00Z,805,711,94,98,21.9,46,5.3,0
2024-06-01T16:00:00Z,903,795,108,76,23.7,40,6.6,0
2024-06-01T17:00:00Z,954,840,114,81,25.2,34,8.9,0
2024-06-01T18:00:00Z,951,840,111,85,26.1,30,10.5,0
2024-06-01T19:00:00Z,892,756,136,83,26.7,27,10.7,0
2024-06-01T20:00:00Z,774,606,168,96,26.8,27,10.8,0
2024-06-01T21:00:00Z,585,365,220,95,26.8,28,10,0
2024-06-01T22:00:00Z,411,218,193,100,26.2,30,7.7,0
2024-06-01T23:00:00Z,263,156,107,100,25.7,34,7.1,0
2024-06-02T00:00:00Z,113,42,71,99,23.6,46,9.2,0
2024-06-02T01:00:00Z,15,3,12,99,20.4,54,11.4,0
2024-06-02T02:00:00Z,0,0,0,58,18.3,61,12.1,0
2024-06-02T03:00:00Z,0,0,0,94,16.7,67,10.8,0
2024-06-02T04:00:00Z,0,0,0,97,14.9,72,8.2,0
2024-06-02T05:00:00Z,0,0,0,100,13.7,75,5.9,0
2024-06-02T06:00:00Z,0,0,0,98,12.8,79,5.7,0
2024-06-02T07:00:00Z,0,0,0,100,11.8,83,6.6,0
2024-06-02T08:00:00Z,0,0,0,100,11.4,85,4.7,0
2024-06-02T09:00:00Z,0,0,0,98,10.7,89,4.7,0
2024-06-02T10:00:00Z,14,3,11,100,11.3,88,4.4,0
2024-06-02T11:00:00Z,103,33,70,100,13.2,82,3.5,0
2024-06-02T12:00:00Z,168,20,148,100,15,75,1.4,0
2024-06-02T13:00:00Z,279,41,238,100,17,64,2.2,0
2024-06-02T14:00:00Z,481,196,285,100,19.6,54,2.6,0
2024-06-02T15:00:00Z,543,185,358,99,21.9,44,2.9,0
2024-06-02T16:00:00Z,681,310,371,100,23.7,36,3.7,0
2024-06-02T17:00:00Z,701,316,385,100,25,30,5.4,0
2024-06-02T18:00:00Z,555,218,337,100,25.1,30,5.8,0
2024-06-02T19:00:00Z,504,103,401,100,25.2,31,4.6,0
2024-06-02T20:00:00Z,326,4,322,99,25.2,33,4.3,0
2024-06-02T21:00:00Z,358,119,239,88,25,35,4.6,0
2024-06-02T22:00:00Z,238,64,174,73,24.6,37,6.1,0
2024-06-02T23:00:00Z,111,16,95,91,23.8,46,5.9,0
2024-06-03T00:00:00Z,55,14,41,80,22.2,60,6,0
2024-06-03T01:00:00Z,8,2,6,85,20.1,66,6.8,0
2024-06-03T02:00:00Z,0,0,0,70,19,73,6.3,0
2024-06-03T03:00:00Z,0,0,0,46,18.8,71,6.1,0
2024-06-03T04:00:00Z,0,0,0,19,17,78,4.7,0
2024-06-03T05:00:00Z,0,0,0,2,16,83,3,0
2024-06-03T06:00:00Z,0,0,0,2,15,88,3.9,0
2024-06-03T07:00:00Z,0,0,0,1,13.6,92,4.3,0
2024-06-03T08:00:00Z,0,0,0,3,13.4,93,5.2,0
2024-06-03T09:00:00Z,0,0,0,4,13.1,93,6.1,0
2024-06-03T10:00:00Z,16,7,9,2,13.2,90,7.6,0
2024-06-03T11:00:00Z,126,85,41,2,15.7,83,7.6,0
2024-06-03T12:00:00Z,296,235,61,6,18.7,72,2.9,0
2024-06-03T13:00:00Z,476,395,81,5,21.3,63,2.3,0
2024-06-03T14:00:00Z,641,545,96,1,23.5,55,2.2,0
2024-06-03T15:00:00Z,782,682,100,1,25.5,47,0,0
2024-06-03T16:00:00Z,879,775,104,1,26.7,42,2.6,0
2024-06-03T17:00:00Z,931,828,103,0,27.8,36,2.8,0
2024-06-03T18:00:00Z,911,793,118,3,28.4,33,2.3,0
2024-06-03T19:00:00Z,724,589,135,6,28.8,31,1.9,0
2024-06-03T20:00:00Z,728,592,136,7,29,30,2.2,0
2024-06-03T21:00:00Z,568,448,120,7,29.2,28,2.9,0
2024-06-03T22:00:00Z,440,316,124,11,28.5,33,4.8,0
2024-06-03T23:00:00Z,277,194,83,15,28,34,4.3,0
2024-06-04T00:00:00Z,137,94,43,2,25.4,53,4.9,0
2024-06-04T01:00:00Z,19,9,10,18,22.1,59,6.7,0
2024-06-04T02:00:00Z,0,0,0,49,19.5,69,7.3,0
2024-06-04T03:00:00Z,0,0,0,19,17.5,77,6.5,0
2024-06-04T04:00:00Z,0,0,0,66,16.1,83,5.4,0
2024-06-04T05:00:00Z,0,0,0,86,15.1,85,5.8,0
2024-06-04T06:00:00Z,0,0,0,95,14.4,88,4.2,0
2024-06-04T07:00:00Z,0,0,0,98,13.7,89,4.5,0
2024-06-04T08:00:00Z,0,0,0,100,13.6,90,2.9,0
2024-06-04T09:00:00Z,0,0,0,100,13.8,88,2.2,0
2024-06-04T10:00:00Z,12,2,10,100,14.4,89,2.8,0
2024-06-04T11:00:00Z,85,18,67,100,16.2,86,3.3,0
2024-06-04T12:00:00Z,212,85,127,100,18.8,80,0.8,0
2024-06-04T13:00:00Z,400,247,153,100,21.3,70,1.5,0
2024-06-04T14:00:00Z,594,449,145,100,23.7,61,2.4,0
2024-06-04T15:00:00Z,731,557,174,96,26,53,3.3,0
2024-06-04T16:00:00Z,820,620,200,48,27,48,5.4,0
2024-06-04T17:00:00Z,851,656,195,17,27.9,46,6.7,0
2024-06-04T18:00:00Z,629,420,209,27,28.3,44,7,0
2024-06-04T19:00:00Z,713,533,180,27,28.9,42,7.7,0
2024-06-04T20:00:00Z,597,438,159,61,29.1,42,9,0
2024-06-04T21:00:00Z,490,353,137,43,29.7,38,7.9,0
2024-06-04T22:00:00Z,377,238,139,50,29.2,40,7.9,0
2024-06-04T23:00:00Z,244,174,70,47,28.2,43,4.3,0
2024-06-05T00:00:00Z,112,67,45,51,27.1,49,5.6,0
2024-06-05T01:00:00Z,17,7,10,53,25.1,53,7,0
2024-06-05T02:00:00Z,0,0,0,71,22.3,66,7.2,0
2024-06-05T03:00:00Z,0,0,0,42,20.5,74,6.2,0
2024-06-05T04:00:00Z,0,0,0,19,19.4,77,6.6,0
2024-06-05T05:00:00Z,0,0,0,16,17.9,83,7.5,0
2024-06-05T06:00:00Z,0,0,0,28,17.9,82,5.3,0
2024-06-05T07:00:00Z,0,0,0,46,17.9,83,3.6,0
2024-06-05T08:00:00Z,0,0,0,45,17.6,85,2.9,0
2024-06-05T09:00:00Z,0,0,0,62,16.3,92,2.1,0
2024-06-05T10:00:00Z,11,4,7,50,17.8,87,5.2,0
2024-06-05T11:00:00Z,88,44,44,25,19.1,85,4.2,0
2024-06-05T12:00:00Z,268,179,89,6,21.5,77,3.8,0
2024-06-05T13:00:00Z,442,358,84,0,23.6,70,5.6,0
2024-06-05T14:00:00Z,595,503,92,0,25.1,65,7.1,0
2024-06-05T15:00:00Z,744,624,120,0,27.2,58,8.4,0
2024-06-05T16:00:00Z,854,750,104,14,28.2,55,9.2,0
2024-06-05T17:00:00Z,916,817,99,23,29.6,52,8.6,0
2024-06-05T18:00:00Z,915,813,102,44,30.3,50,9,0
2024-06-05T19:00:00Z,785,665,120,64,30.7,48,9.7,0
2024-06-05T20:00:00Z,739,641,98,74,30.7,47,10.9,0
2024-06-05T21:00:00Z,531,424,107,78,30.6,45,11.6,0
2024-06-05T22:00:00Z,376,273,103,95,30.1,45,11.7,0
2024-06-05T23:00:00Z,212,137,75,99,29.1,49,8.3,0
2024-06-06T00:00:00Z,110,40,70,97,27.6,54,8.4,0
2024-06-06T01:00:00Z,15,2,13,96,25.8,60,10.4,0
2024-06-06T02:00:00Z,0,0,0,100,24.7,66,10.1,0
2024-06-06T03:00:00Z,0,0,0,97,23.8,72,10.1,0
2024-06-06T04:00:00Z,0,0,0,97,22.5,79,10.1,0
2024-06-06T05:00:00Z,0,0,0,98,21.9,83,10.1,0
2024-06-06T06:00:00Z,0,0,0,100,21.4,86,10.4,0
2024-06-06T07:00:00Z,0,0,0,100,21.1,88,10,0
2024-06-06T08:00:00Z,0,0,0,100,21,88,9.4,0
2024-06-06T09:00:00Z,0,0,0,100,20.9,88,8.8,0.3
2024-06-06T10:00:00Z,3,0,3,100,20.8,89,9,0.7
2024-06-06T11:00:00Z,22,0,22,100,20.5,93,7.6,0.7
2024-06-06T12:00:00Z,44,0,44,100,20.6,94,5.9,1
2024-06-06T13:00:00Z,72,0,72,100,20.7,95,7.9,1.8
2024-06-06T14:00:00Z,100,3,97,100,21.1,95,8.2,2.4
2024-06-06T15:00:00Z,105,1,104,100,20.9,97,9.2,0.9
2024-06-06T16:00:00Z,104,0,104,100,21,95,10.4,1
2024-06-06T17:00:00Z,130,0,130,100,21.2,94,9.4,0.7
2024-06-06T18:00:00Z,148,0,148,100,21.9,93,11.1,2
2024-06-06T19:00:00Z,181,6,175,98,22,93,20.9,2.6
2024-06-06T20:00:00Z,152,3,149,100,21.1,93,14.8,6.1
2024-06-06T21:00:00Z,61,0,61,92,19.9,91,15.5,9.4
2024-06-06T22:00:00Z,152,68,84,53,18.2,87,5.2,1.3
2024-06-06T23:00:00Z,175,112,63,52,18.4,83,4.9,0
2024-06-07T00:00:00Z,127,79,48,47,18.2,84,6,0
2024-06-07T01:00:00Z,18,9,9,40,16.5,89,8.5,0
2024-06-07T02:00:00Z,0,0,0,57,15.9,94,7.9,0
2024-06-07T03:00:00Z,0,0,0,57,15.6,95,8,0
2024-06-07T04:00:00Z,0,0,0,62,15.6,96,8.2,0.1
2024-06-07T05:00:00Z,0,0,0,47,15.8,96,8.5,0
2024-06-07T06:00:00Z,0,0,0,38,15.6,96,9,0
2024-06-07T07:00:00Z,0,0,0,16,15,96,8.4,0
2024-06-07T08:00:00Z,0,0,0,6,13.6,96,6.5,0
2024-06-07T09:00:00Z,0,0,0,17,14.3,95,4.6,0
2024-06-07T10:00:00Z,15,5,10,85,14.5,98,3.6,0
2024-06-07T11:00:00Z,93,47,46,69,15.2,96,1.8,0
2024-06-07T12:00:00Z,178,86,92,63,16.3,94,3,0.1
2024-06-07T13:00:00Z,324,173,151,66,17.3,89,3.2,0.2
2024-06-07T14:00:00Z,370,195,175,62,17.7,85,5.2,0.2
2024-06-07T15:00:00Z,585,370,215,70,19.1,79,4.5,0.3
2024-06-07T16:00:00Z,547,242,305,82,17.8,78,5.7,1.4
2024-06-07T17:00:00Z,548,307,241,98,15.9,91,9.4,4.5
2024-06-07T18:00:00Z,526,260,266,45,17.9,84,8.4,0.3
2024-06-07T19:00:00Z,625,412,213,44,18.9,77,9.9,0.1
2024-06-07T20:00:00Z,675,448,227,64,19.7,71,9.5,0.1
2024-06-07T21:00:00Z,485,291,194,92,19.4,69,7.9,0.9
2024-06-07T22:00:00Z,256,103,153,97,16.7,83,10.6,3.6
2024-06-07T23:00:00Z,111,12,99,99,16.2,89,10.5,0.5
2024-06-08T00:00:00Z,60,10,50,100,15.8,91,7.7,0.2
2024-06-08T01:00:00Z,13,1,12,100,14.9,95,7.9,0
2024-06-08T02:00:00Z,0,0,0,100,14.7,96,8.4,0
2024-06-08T03:00:00Z,0,0,0,100,14.6,95,8.1,0
2024-06-08T04:00:00Z,0,0,0,98,14.4,94,9.9,0
2024-06-08T05:00:00Z,0,0,0,100,14.3,93,11.6,0.1
2024-06-08T06:00:00Z,0,0,0,92,14.2,92,10.9,0
2024-06-08T07:00:00Z,0,0,0,78,13.7,93,9.9,0.2
2024-06-08T08:00:00Z,0,0,0,66,13.5,94,10,0
2024-06-08T09:00:00Z,0,0,0,81,13.4,94,10.1,0
2024-06-08T10:00:00Z,12,3,9,81,13.7,94,8.9,0
2024-06-08T11:00:00Z,55,7,48,79,14.4,93,10.2,0
2024-06-08T12:00:00Z,119,14,105,86,15.2,87,10.7,0.1
2024-06-08T13:00:00Z,257,81,176,88,16.3,81,12.8,0.2
2024-06-08T14:00:00Z,298,75,223,93,17,79,15.4,0.1
2024-06-08T15:00:00Z,501,338,163,100,18.6,76,15.1,0.1
2024-06-08T16:00:00Z,391,139,252,96,18.8,75,15.1,0.2
2024-06-08T17:00:00Z,471,190,281,93,18.4,81,14.4,2.1
2024-06-08T18:00:00Z,495,269,226,97,19.1,79,16.9,0.2
2024-06-08T19:00:00Z,321,55,266,72,20.4,70,16.2,1.2
2024-06-08T20:00:00Z,519,325,194,62,19.5,76,15.9,1.1
2024-06-08T21:00:00Z,488,377,111,99,18,83,14.8,0.1
2024-06-08T22:00:00Z,394,251,143,100,18.7,77,14.1,1.1
2024-06-08T23:00:00Z,188,70,118,100,17.9,81,11.9,0.4
2024-06-09T00:00:00Z,54,0,54,100,17.8,78,11.9,0
2024-06-09T01:00:00Z,11,0,11,100,17.2,76,14.5,0
2024-06-09T02:00:00Z,0,0,0,59,16.9,74,15.6,0
2024-06-09T03:00:00Z,0,0,0,98,16.4,72,15.5,0
2024-06-09T04:00:00Z,0,0,0,99,15.8,72,13,0
2024-06-09T05:00:00Z,0,0,0,87,15.5,73,12.2,0
2024-06-09T06:00:00Z,0,0,0,69,15.2,77,11.4,0
2024-06-09T07:00:00Z,0,0,0,75,14.8,79,11.9,0.1
2024-06-09T08:00:00Z,0,0,0,95,14.2,83,11.9,0.1
2024-06-09T09:00:00Z,0,0,0,100,13.6,88,11.1,0.3
2024-06-09T10:00:00Z,4,0,4,88,13.8,90,9.7,1.1
2024-06-09T11:00:00Z,36,5,31,74,13.7,90,9.7,0.4
2024-06-09T12:00:00Z,152,65,87,58,14.2,92,9.6,0.4
2024-06-09T13:00:00Z,331,186,145,53,15.4,90,9.6,0.2
2024-06-09T14:00:00Z,447,281,166,89,16.3,86,11.7,0.3
2024-06-09T15:00:00Z,620,374,246,67,17.1,82,13.4,0.4
2024-06-09T16:00:00Z,649,279,370,62,17.4,77,14.2,0.4
2024-06-09T17:00:00Z,637,300,337,81,17.3,75,13.2,0.4
2024-06-09T18:00:00Z,639,349,290,85,17.1,74,16.4,0.4
2024-06-09T19:00:00Z,613,344,269,80,15.2,79,12.8,0.1
2024-06-09T20:00:00Z,574,336,238,92,16.4,73,13.7,0.8
2024-06-09T21:00:00Z,442,268,174,87,17.1,70,12.4,0.1
2024-06-09T22:00:00Z,392,296,96,72,17.7,75,12.5,0.1
2024-06-09T23:00:00Z,229,161,68,92,16.4,82,10.2,0.8
2024-06-10T00:00:00Z,102,62,40,95,15.9,83,10.8,0
2024-06-10T01:00:00Z,16,6,10,82,15.1,84,12.7,0
2024-06-10T02:00:00Z,0,0,0,88,15,83,12.1,0
2024-06-10T03:00:00Z,0,0,0,99,14.7,86,11.8,0
2024-06-10T04:00:00Z,0,0,0,100,14.2,89,11.7,0
2024-06-10T05:00:00Z,0,0,0,94,13.9,92,13.2,0
2024-06-10T06:00:00Z,0,0,0,100,13.6,92,14.7,0
2024-06-10T07:00:00Z,0,0,0,100,13.3,92,15.3,0.1
2024-06-10T08:00:00Z,0,0,0,100,13.2,90,15.9,0
2024-06-10T09:00:00Z,0,0,0,100,12.6,89,15.3,0.1
2024-06-10T10:00:00Z,4,1,3,100,11.7,93,14.2,0.3
2024-06-10T11:00:00Z,22,0,22,100,10.9,94,14.6,0.2
2024-06-10T12:00:00Z,50,0,50,100,10.6,91,16.1,0.3
2024-06-10T13:00:00Z,67,0,67,100,10.6,87,16.3,0.1
2024-06-10T14:00:00Z,105,0,105,100,10.8,85,16.1,0
2024-06-10T15:00:00Z,136,4,132,100,11.3,82,15.4,0
2024-06-10T16:00:00Z,166,19,147,100,11.6,81,15.4,0
2024-06-10T17:00:00Z,146,9,137,100,12.1,80,15.6,0
2024-06-10T18:00:00Z,134,6,128,100,12.5,78,17.1,0
2024-06-10T19:00:00Z,220,26,194,100,12.5,78,17.8,0
2024-06-10T20:00:00Z,191,2,189,100,12.5,78,17.1,0
2024-06-10T21:00:00Z,155,5,150,100,12.5,77,14.8,0
2024-06-10T22:00:00Z,113,8,105,99,12.7,75,13,0
2024-06-10T23:00:00Z,53,0,53,100,12,76,14,0
2024-06-11T00:00:00Z,30,2,28,100,11.6,76,14.5,0
2024-06-11T01:00:00Z,5,0,5,100,11.1,77,13.2,0
2024-06-11T02:00:00Z,0,0,0,100,10.8,78,13.3,0
2024-06-11T03:00:00Z,0,0,0,100,10.5,79,12.1,0
2024-06-11T04:00:00Z,0,0,0,100,10.2,80,11,0
2024-06-11T05:00:00Z,0,0,0,100,9.9,82,9.7,0
2024-06-11T06:00:00Z,0,0,0,100,9.7,84,8.9,0
2024-06-11T07:00:00Z,0,0,0,100,9.6,85,7.9,0
2024-06-11T08:00:00Z,0,0,0,98,9.6,86,7.9,0
2024-06-11T09:00:00Z,0,0,0,93,9.7,87,7.7,0
2024-06-11T10:00:00Z,9,1,8,100,9.9,87,7.2,0
2024-06-11T11:00:00Z,58,12,46,100,10.2,87,6.6,0
2024-06-11T12:00:00Z,110,16,94,100,10.7,86,6.4,0
2024-06-11T13:00:00Z,232,89,143,100,11.3,84,4.8,0
2024-06-11T14:00:00Z,350,113,237,100,12.3,80,4.1,0
2024-06-11T15:00:00Z,418,151,267,100,13.5,76,3.8,0
2024-06-11T16:00:00Z,418,84,334,100,14,74,3.6,0
2024-06-11T17:00:00Z,451,123,328,100,14.9,70,3.9,0
2024-06-11T18:00:00Z,377,32,345,100,15.5,70,4,0
2024-06-11T19:00:00Z,334,51,283,100,16.1,68,3.7,0
2024-06-11T20:00:00Z,262,38,224,100,16.8,66,2.9,0
2024-06-11T21:00:00Z,270,53,217,100,16.9,67,3.3,0
2024-06-11T22:00:00Z,143,17,126,100,16.4,72,3.7,0
2024-06-11T23:00:00Z,74,1,73,96,15.9,73,4.2,0
2024-06-12T00:00:00Z,42,7,35,96,15.5,76,5.2,0
2024-06-12T01:00:00Z,9,3,6,90,14.7,80,6.2,0
2024-06-12T02:00:00Z,0,0,0,90,14.3,83,6.3,0
2024-06-12T03:00:00Z,0,0,0,92,13.6,85,6.5,0
2024-06-12T04:00:00Z,0,0,0,90,13.1,87,5.8,0
2024-06-12T05:00:00Z,0,0,0,80,12.8,88,5,0
2024-06-12T06:00:00Z,0,0,0,57,12.2,91,5.1,0
2024-06-12T07:00:00Z,0,0,0,83,11.8,91,5.8,0
2024-06-12T08:00:00Z,0,0,0,73,11.5,91,5.8,0
2024-06-12T09:00:00Z,0,0,0,83,11.4,92,6.1,0
2024-06-12T10:00:00Z,11,3,8,95,11.8,93,7,0
2024-06-12T11:00:00Z,49,6,43,97,12.5,92,6,0
2024-06-12T12:00:00Z,130,33,97,100,13.7,90,7.5,0
2024-06-12T13:00:00Z,202,47,155,100,14.7,86,7.7,0
2024-06-12T14:00:00Z,203,21,182,100,15.3,83,7.1,0
2024-06-12T15:00:00Z,279,47,232,100,16.7,77,6.8,0
2024-06-12T16:00:00Z,338,30,308,100,17.5,74,7.6,0
2024-06-12T17:00:00Z,451,115,336,100,18.5,68,8.9,0.1
2024-06-12T18:00:00Z,549,176,373,100,19.6,64,9.7,0
2024-06-12T19:00:00Z,381,52,329,100,19.8,62,10.9,0
2024-06-12T20:00:00Z,425,118,307,97,20.5,59,12.2,0.1
2024-06-12T21:00:00Z,339,88,251,89,21.1,56,10.9,0
2024-06-12T22:00:00Z,335,174,161,42,20.9,56,10.6,0
2024-06-12T23:00:00Z,273,198,75,8,20.9,57,9.7,0
2024-06-13T00:00:00Z,138,89,49,15,19.6,61,10.7,0
2024-06-13T01:00:00Z,25,13,12,15,17,72,11.9,0
2024-06-13T02:00:00Z,0,0,0,9,15.7,78,13,0
2024-06-13T03:00:00Z,0,0,0,8,14.6,82,12.3,0
2024-06-13T04:00:00Z,0,0,0,28,13.7,85,11.6,0
2024-06-13T05:00:00Z,0,0,0,1,13.2,87,10.3,0
2024-06-13T06:00:00Z,0,0,0,18,12.6,88,9.1,0
2024-06-13T07:00:00Z,0,0,0,16,12,89,8.7,0
2024-06-13T08:00:00Z,0,0,0,3,11.4,90,9.1,0
2024-06-13T09:00:00Z,0,0,0,14,11.3,90,9.4,0
2024-06-13T10:00:00Z,17,7,10,24,12.3,89,10.8,0
2024-06-13T11:00:00Z,124,77,47,38,14.3,82,11.5,0
2024-06-13T12:00:00Z,282,216,66,92,16.5,75,11.2,0.3
2024-06-13T13:00:00Z,344,227,117,55,18,73,12.2,0.3
2024-06-13T14:00:00Z,491,357,134,41,19.8,70,12.7,0
2024-06-13T15:00:00Z,691,557,134,55,22,65,14.2,0
2024-06-13T16:00:00Z,821,679,142,88,23.7,63,15.5,0
2024-06-13T17:00:00Z,855,678,177,84,24.4,63,15.3,0
2024-06-13T18:00:00Z,789,577,212,52,24.8,61,10.8,0.1
2024-06-13T19:00:00Z,616,376,240,34,24.6,62,14.5,0.1
2024-06-13T20:00:00Z,424,230,194,75,25,61,15.5,0.2
2024-06-13T21:00:00Z,334,148,186,49,24.2,65,15.4,0.3
2024-06-13T22:00:00Z,383,248,135,88,24.5,64,12.8,0
2024-06-13T23:00:00Z,164,67,97,98,23.9,67,12.8,0
2024-06-14T00:00:00Z,50,4,46,100,22.8,72,11.6,0.6
2024-06-14T01:00:00Z,10,0,10,100,22.4,71,15.2,0
2024-06-14T02:00:00Z,0,0,0,100,20.9,79,19.8,1.6
2024-06-14T03:00:00Z,0,0,0,100,18.8,89,19.8,2.5
2024-06-14T04:00:00Z,0,0,0,100,18,94,17.1,0.7
2024-06-14T05:00:00Z,0,0,0,26,17.7,97,18.2,0
2024-06-14T06:00:00Z,0,0,0,51,17.4,98,17.2,0
2024-06-14T07:00:00Z,0,0,0,58,17.4,96,15.6,0
2024-06-14T08:00:00Z,0,0,0,100,17,94,14.2,0
2024-06-14T09:00:00Z,0,0,0,100,16.7,93,14,0
2024-06-14T10:00:00Z,7,0,7,92,17.4,92,14.4,0
2024-06-14T11:00:00Z,69,22,47,63,17.7,89,14.2,0
2024-06-14T12:00:00Z,200,99,101,30,18.3,85,13.7,0
2024-06-14T13:00:00Z,371,220,151,28,19.3,79,13.6,0
2024-06-14T14:00:00Z,523,378,145,49,19.8,74,13.9,0.1
2024-06-14T15:00:00Z,589,428,161,40,20.7,68,14.2,0
2024-06-14T16:00:00Z,632,449,183,33,21.2,64,14.5,0.1
2024-06-14T17:00:00Z,679,492,187,43,21.5,59,14.3,0.1
2024-06-14T18:00:00Z,646,481,165,53,21.6,56,14,0
2024-06-14T19:00:00Z,666,478,188,59,21.6,55,14.5,0
2024-06-14T20:00:00Z,619,473,146,51,21.6,55,14.1,0
2024-06-14T21:00:00Z,528,412,116,41,21.2,55,13.3,0
2024-06-14T22:00:00Z,395,273,122,24,20.9,53,12,0
2024-06-14T23:00:00Z,256,178,78,22,20.3,54,10.2,0
2024-06-15T00:00:00Z,128,78,50,19,19.2,57,7.6,0
2024-06-15T01:00:00Z,25,12,13,17,16.5,69,5,0
2024-06-15T02:00:00Z,0,0,0,5,14.8,76,5.2,0
2024-06-15T03:00:00Z,0,0,0,1,13.3,79,6.1,0
2024-06-15T04:00:00Z,0,0,0,1,12.4,79,6,0
2024-06-15T05:00:00Z,0,0,0,4,11.5,76,7,0
2024-06-15T06:00:00Z,0,0,0,14,10.6,75,8.6,0
2024-06-15T07:00:00Z,0,0,0,34,9.9,77,10.2,0
2024-06-15T08:00:00Z,0,0,0,67,9.6,79,11.2,0
2024-06-15T09:00:00Z,0,0,0,70,9,80,11.5,0
2024-06-15T10:00:00Z,13,5,8,79,10.2,75,11.9,0
2024-06-15T11:00:00Z,119,65,54,85,11.1,71,13.4,0
2024-06-15T12:00:00Z,259,178,81,77,11.9,62,15.1,0
2024-06-15T13:00:00Z,456,358,98,35,12.9,54,14.1,0
2024-06-15T14:00:00Z,646,539,107,10,13.7,49,13,0
2024-06-15T15:00:00Z,809,717,92,18,14.9,45,12.4,0
2024-06-15T16:00:00Z,920,832,88,35,15.9,44,13.5,0
2024-06-15T17:00:00Z,959,837,122,35,16.7,44,12.6,0
2024-06-15T18:00:00Z,968,851,117,11,17.5,41,12,0
2024-06-15T19:00:00Z,905,766,139,30,18.3,41,12.8,0
2024-06-15T20:00:00Z,772,602,170,49,18.8,40,12.4,0
2024-06-15T21:00:00Z,653,533,120,12,19,38,11.4,0
2024-06-15T22:00:00Z,479,358,121,0,18.6,41,9.7,0
2024-06-15T23:00:00Z,313,239,74,0,18.4,42,7.4,0
2024-06-16T00:00:00Z,158,110,48,0,17.5,49,4.7,0
2024-06-16T01:00:00Z,28,15,13,0,13.8,66,5,0
2024-06-16T02:00:00Z,0,0,0,0,11.4,77,4.7,0
2024-06-16T03:00:00Z,0,0,0,0,10,84,4.2,0
2024-06-16T04:00:00Z,0,0,0,0,8.7,91,4.6,0
2024-06-16T05:00:00Z,0,0,0,7,8.4,92,4,0
2024-06-16T06:00:00Z,0,0,0,57,8.1,92,4.3,0
2024-06-16T07:00:00Z,0,0,0,88,7.6,93,4.1,0
2024-06-16T08:00:00Z,0,0,0,100,7.5,94,4.9,0
2024-06-16T09:00:00Z,0,0,0,96,7.7,91,6.8,0
2024-06-16T10:00:00Z,19,8,11,100,7.1,91,4.7,0
2024-06-16T11:00:00Z,135,82,53,100,10,86,4.8,0
2024-06-16T12:00:00Z,302,220,82,100,13.2,76,3.1,0
2024-06-16T13:00:00Z,426,248,178,100,16,65,5,0
2024-06-16T14:00:00Z,575,330,245,100,18.1,52,6.5,0
2024-06-16T15:00:00Z,645,298,347,100,19.2,46,7.9,0
2024-06-16T16:00:00Z,656,227,429,100,19.9,42,7.6,0
2024-06-16T17:00:00Z,721,287,434,100,20.6,41,7.7,0
2024-06-16T18:00:00Z,686,263,423,100,21.3,40,7.7,0
2024-06-16T19:00:00Z,590,165,425,100,21.2,40,7.8,0
2024-06-16T20:00:00Z,403,50,353,100,21.2,41,8,0
2024-06-16T21:00:00Z,264,19,245,100,21.2,42,6.8,0
2024-06-16T22:00:00Z,190,19,171,100,20.6,47,4.3,0
2024-06-16T23:00:00Z,91,1,90,99,20.1,48,3.8,0
2024-06-17T00:00:00Z,56,0,56,93,19.3,51,5.6,0
2024-06-17T01:00:00Z,16,4,12,100,17.5,58,7.7,0
2024-06-17T02:00:00Z,0,0,0,100,16.2,63,8.5,0
2024-06-17T03:00:00Z,0,0,0,99,15.5,65,8,0
2024-06-17T04:00:00Z,0,0,0,98,14.8,68,7.4,0
2024-06-17T05:00:00Z,0,0,0,76,14.4,71,8.4,0
2024-06-17T06:00:00Z,0,0,0,88,14.1,74,9.2,0
2024-06-17T07:00:00Z,0,0,0,99,14.1,76,9,0
2024-06-17T08:00:00Z,0,0,0,99,14.3,79,8,0
2024-06-17T09:00:00Z,0,0,0,99,14.3,82,4.1,1.5
2024-06-17T10:00:00Z,5,0,5,100,13.7,89,0.8,1.6
2024-06-17T11:00:00Z,15,0,15,100,13.7,94,3.3,3
2024-06-17T12:00:00Z,34,0,34,97,14.6,93,7.6,0.4
2024-06-17T13:00:00Z,158,39,119,92,16.8,88,5.4,0
2024-06-17T14:00:00Z,208,33,175,70,18.9,84,4.9,0
2024-06-17T15:00:00Z,409,114,295,42,21.6,79,8.3,0
2024-06-17T16:00:00Z,642,419,223,95,24,74,14.9,0
2024-06-17T17:00:00Z,877,734,143,44,26.5,68,14.4,0
2024-06-17T18:00:00Z,911,806,105,19,28.4,63,14.1,0
2024-06-17T19:00:00Z,804,645,159,27,29.8,58,13.5,0
2024-06-17T20:00:00Z,644,420,224,55,30.7,54,12.5,0
2024-06-17T21:00:00Z,591,453,138,28,31.4,53,11.3,0
2024-06-17T22:00:00Z,422,332,90,67,31,57,9,0
2024-06-17T23:00:00Z,273,194,79,28,30.2,60,11.3,0
2024-06-18T00:00:00Z,132,77,55,15,28.8,65,13.6,0
2024-06-18T01:00:00Z,24,9,15,23,26.7,69,13,0
2024-06-18T02:00:00Z,0,0,0,37,25.4,73,12.6,0
2024-06-18T03:00:00Z,0,0,0,45,24.1,78,12.1,0
2024-06-18T04:00:00Z,0,0,0,26,22.8,82,11.1,0
2024-06-18T05:00:00Z,0,0,0,53,22.3,84,9.7,0
2024-06-18T06:00:00Z,0,0,0,81,21.6,86,8.2,0
2024-06-18T07:00:00Z,0,0,0,73,20.7,88,6.7,0
2024-06-18T08:00:00Z,0,0,0,84,19.8,91,5.8,0
2024-06-18T09:00:00Z,0,0,0,87,19.1,92,6,0
2024-06-18T10:00:00Z,15,3,12,90,20.5,89,5.8,0
2024-06-18T11:00:00Z,98,29,69,93,21.6,88,6.1,0
2024-06-18T12:00:00Z,244,136,108,83,23.4,83,6.9,0
2024-06-18T13:00:00Z,395,254,141,61,24.7,78,7.5,0
2024-06-18T14:00:00Z,549,408,141,36,26.3,75,8.2,0
2024-06-18T15:00:00Z,652,491,161,23,28.7,69,10,0
2024-06-18T16:00:00Z,805,656,149,4,30.7,63,10.8,0
2024-06-18T17:00:00Z,706,509,197,3,31.4,62,11,0.1
2024-06-18T18:00:00Z,772,567,205,8,32.3,59,10.6,0
2024-06-18T19:00:00Z,817,680,137,26,32.6,59,10.9,0
2024-06-18T20:00:00Z,751,648,103,46,33,57,11.8,0
2024-06-18T21:00:00Z,603,476,127,79,31.3,65,10,0.7
2024-06-18T22:00:00Z,304,145,159,91,30.8,66,5.4,0.1
2024-06-18T23:00:00Z,195,73,122,83,30.1,71,6.4,0
2024-06-19T00:00:00Z,126,67,59,82,29.4,72,10.5,0
2024-06-19T01:00:00Z,24,10,14,91,28,76,10.8,0
2024-06-19T02:00:00Z,0,0,0,69,26.7,80,10.1,0
2024-06-19T03:00:00Z,0,0,0,31,25.8,82,9.2,0
2024-06-19T04:00:00Z,0,0,0,15,25.1,84,7.6,0
2024-06-19T05:00:00Z,0,0,0,47,24.4,86,8.5,0
2024-06-19T06:00:00Z,0,0,0,96,24,87,7.7,0
2024-06-19T07:00:00Z,0,0,0,97,23.5,88,7.7,0
2024-06-19T08:00:00Z,0,0,0,89,22.7,90,6.9,0.4
2024-06-19T09:00:00Z,0,0,0,70,22.6,90,7.4,0
2024-06-19T10:00:00Z,14,4,10,30,23.3,89,8.7,0
2024-06-19T11:00:00Z,109,52,57,45,24.3,88,7.4,0
2024-06-19T12:00:00Z,232,134,98,82,25.7,84,6.1,0
2024-06-19T13:00:00Z,355,213,142,35,26.9,79,6.8,0
2024-06-19T14:00:00Z,468,212,256,94,28.5,76,9.3,0
2024-06-19T15:00:00Z,672,452,220,99,29.8,72,10.7,0
2024-06-19T16:00:00Z,689,376,313,98,30.6,69,12.6,0
2024-06-19T17:00:00Z,769,519,250,100,31.9,65,15,0
2024-06-19T18:00:00Z,734,502,232,100,32.4,62,16.6,0
2024-06-19T19:00:00Z,581,183,398,100,32.9,57,17.9,0.1
2024-06-19T20:00:00Z,477,174,303,100,33.2,56,15,0.1
2024-06-19T21:00:00Z,383,84,299,99,33,57,14.7,0
2024-06-19T22:00:00Z,336,129,207,51,31.7,63,13,0
2024-06-19T23:00:00Z,267,158,109,10,31.3,64,12.2,0
2024-06-20T00:00:00Z,135,78,57,11,30.2,67,12.1,0
2024-06-20T01:00:00Z,24,10,14,83,28.8,72,12.4,0
2024-06-20T02:00:00Z,0,0,0,99,27.9,75,13.3,0
2024-06-20T03:00:00Z,0,0,0,4,27.1,77,13,0
2024-06-20T04:00:00Z,0,0,0,8,26.3,78,12.1,0
2024-06-20T05:00:00Z,0,0,0,26,25.4,79,11.3,0
2024-06-20T06:00:00Z,0,0,0,55,24.6,81,10.4,0
2024-06-20T07:00:00Z,0,0,0,38,24.1,83,9.1,0
2024-06-20T08:00:00Z,0,0,0,11,23.6,86,8,0
2024-06-20T09:00:00Z,0,0,0,6,23,88,6.5,0
2024-06-20T10:00:00Z,16,7,9,4,23.4,86,8.1,0
2024-06-20T11:00:00Z,118,74,44,3,24.5,82,8.2,0
2024-06-20T12:00:00Z,272,206,66,0,25.9,77,8.7,0
2024-06-20T13:00:00Z,453,376,77,8,26.9,72,9.7,0
2024-06-20T14:00:00Z,614,526,88,28,27.3,71,9.2,0
2024-06-20T15:00:00Z,749,651,98,27,28.2,67,8.4,0
2024-06-20T16:00:00Z,808,694,114,30,29.1,63,8.4,0
2024-06-20T17:00:00Z,811,663,148,54,29.6,61,9.5,0
2024-06-20T18:00:00Z,640,510,130,58,25.8,78,8.6,2.4
2024-06-20T19:00:00Z,595,369,226,87,26.1,71,9.4,0.2
2024-06-20T20:00:00Z,372,173,199,80,26.7,67,12,0.2
2024-06-20T21:00:00Z,410,188,222,60,26.6,62,12.5,0
2024-06-20T22:00:00Z,265,101,164,99,25.2,59,10.5,0
2024-06-20T23:00:00Z,128,13,115,100,23.4,61,13.8,0
2024-06-21T00:00:00Z,51,0,51,98,22.2,61,12.2,0
2024-06-21T01:00:00Z,13,3,10,73,21.7,63,10.8,0
2024-06-21T02:00:00Z,0,0,0,57,20.8,67,8,0
2024-06-21T03:00:00Z,0,0,0,40,19.9,70,5.8,0
2024-06-21T04:00:00Z,0,0,0,20,19.3,72,5.2,0
2024-06-21T05:00:00Z,0,0,0,32,18.5,76,8.6,0
2024-06-21T06:00:00Z,0,0,0,41,17.8,78,7.7,0
2024-06-21T07:00:00Z,0,0,0,27,17.2,80,7.9,0
2024-06-21T08:00:00Z,0,0,0,28,16.7,82,9,0
2024-06-21T09:00:00Z,0,0,0,41,16.4,83,8.1,0
2024-06-21T10:00:00Z,9,4,5,40,17,81,8.9,0
2024-06-21T11:00:00Z,66,23,43,69,17.7,79,8.9,0
2024-06-21T12:00:00Z,172,103,69,98,18.8,77,8,0
2024-06-21T13:00:00Z,336,200,136,99,19.7,76,9.9,0.2
2024-06-21T14:00:00Z,407,223,184,100,20.4,69,9.4,0.5
2024-06-21T15:00:00Z,435,213,222,100,21.2,64,9.6,0
2024-06-21T16:00:00Z,575,296,279,100,21.9,60,9.4,0
2024-06-21T17:00:00Z,678,405,273,100,22.1,59,8.3,0
2024-06-21T18:00:00Z,727,477,250,100,22.3,57,9.4,0
2024-06-21T19:00:00Z,323,76,247,100,22.5,55,8.5,0.4
2024-06-21T20:00:00Z,392,203,189,99,22.4,55,9.2,0
2024-06-21T21:00:00Z,288,115,173,99,22.4,56,7,0
2024-06-21T22:00:00Z,134,38,96,98,20.7,63,5.6,0
2024-06-21T23:00:00Z,111,66,45,100,20.4,66,5.8,0
2024-06-22T00:00:00Z,71,39,32,99,19.8,70,6.8,0
2024-06-22T01:00:00Z,13,2,11,96,18.8,76,8,0
2024-06-22T02:00:00Z,0,0,0,97,18.2,79,8.4,0
2024-06-22T03:00:00Z,0,0,0,99,17.3,85,7.4,0
2024-06-22T04:00:00Z,0,0,0,100,16.6,87,6.6,0
2024-06-22T05:00:00Z,0,0,0,100,16.7,87,6.2,0.3
2024-06-22T06:00:00Z,0,0,0,100,16.7,87,7,0
2024-06-22T07:00:00Z,0,0,0,100,16.5,88,6.4,0.9
2024-06-22T08:00:00Z,0,0,0,100,16.4,88,5.9,0.6
2024-06-22T09:00:00Z,0,0,0,100,16.4,89,4.6,0.9
2024-06-22T10:00:00Z,3,0,3,100,16.8,84,4.7,0.5
2024-06-22T11:00:00Z,12,0,12,100,17.3,80,3.5,0.1
2024-06-22T12:00:00Z,57,0,57,100,17.1,86,3,0
2024-06-22T13:00:00Z,86,0,86,100,17.3,88,2.7,0
2024-06-22T14:00:00Z,112,0,112,100,17.3,90,2.4,0.2
2024-06-22T15:00:00Z,116,0,116,100,17.7,88,3.9,0.1
2024-06-22T16:00:00Z,193,4,189,100,18.4,85,3.7,0.1
2024-06-22T17:00:00Z,377,77,300,100,19.7,70,2.5,0
2024-06-22T18:00:00Z,481,125,356,100,21,67,2.3,0
2024-06-22T19:00:00Z,271,21,250,100,21.4,65,1.5,0
2024-06-22T20:00:00Z,200,19,181,100,21.2,66,1.1,0
2024-06-22T21:00:00Z,176,24,152,100,20,74,3.1,0.2
2024-06-22T22:00:00Z,79,0,79,100,18.9,80,3.6,0.6
2024-06-22T23:00:00Z,55,0,55,100,18.4,85,2.5,0.7
2024-06-23T00:00:00Z,24,0,24,100,18,84,5.4,1.7
2024-06-23T01:00:00Z,3,0,3,100,17.5,88,8.6,1.4
2024-06-23T02:00:00Z,0,0,0,100,17,91,10.4,0.9
2024-06-23T03:00:00Z,0,0,0,100,16.6,94,10.9,0.8
2024-06-23T04:00:00Z,0,0,0,100,16.3,94,10,1.1
2024-06-23T05:00:00Z,0,0,0,94,16.4,95,10.8,1.2
2024-06-23T06:00:00Z,0,0,0,100,16.4,96,10.5,1.2
2024-06-23T07:00:00Z,0,0,0,100,16.3,98,12.2,1.4
2024-06-23T08:00:00Z,0,0,0,100,16.6,99,14.4,3.9
2024-06-23T09:00:00Z,0,0,0,100,17.1,99,14.8,8.5
2024-06-23T10:00:00Z,1,0,1,100,18.4,99,16.8,9.7
2024-06-23T11:00:00Z,15,0,15,100,19.8,97,15.9,2.6
2024-06-23T12:00:00Z,85,13,72,100,21,96,15.3,1.3
2024-06-23T13:00:00Z,127,1,126,100,21.3,96,12.4,0.9
2024-06-23T14:00:00Z,119,1,118,100,21.6,96,11.5,1
2024-06-23T15:00:00Z,104,1,103,100,21.9,96,14.5,1.6
2024-06-23T16:00:00Z,126,0,126,100,22.5,94,16.3,1.9
2024-06-23T17:00:00Z,93,0,93,100,22.4,92,19.2,1.3
2024-06-23T18:00:00Z,174,14,160,97,23,91,23,0.3
2024-06-23T19:00:00Z,351,111,240,39,24.7,83,19.2,0.4
2024-06-23T20:00:00Z,592,434,158,42,25.9,76,16.1,0.2
2024-06-23T21:00:00Z,405,214,191,68,25.5,76,16.1,3.4
2024-06-23T22:00:00Z,285,162,123,44,24.2,85,12.6,2
2024-06-23T23:00:00Z,164,114,50,39,23.6,84,12,0.7
2024-06-24T00:00:00Z,52,19,33,50,21.9,87,11.5,0.5
2024-06-24T01:00:00Z,7,2,5,92,20.2,88,7.3,0.5
2024-06-24T02:00:00Z,0,0,0,85,18.5,92,5.3,0.4
2024-06-24T03:00:00Z,0,0,0,87,16.5,95,8.3,0.5
2024-06-24T04:00:00Z,0,0,0,100,15.4,94,15,0.6
2024-06-24T05:00:00Z,0,0,0,100,14.9,96,19.9,1
2024-06-24T06:00:00Z,0,0,0,100,15,96,21.3,1
2024-06-24T07:00:00Z,0,0,0,100,14.9,96,21.4,1.7
2024-06-24T08:00:00Z,0,0,0,100,14.8,95,21.3,2.2
2024-06-24T09:00:00Z,0,0,0,100,14.5,95,21.3,1.7
2024-06-24T10:00:00Z,1,0,1,100,14.8,93,22.4,1.8
2024-06-24T11:00:00Z,13,0,13,100,15,92,21.8,1.9
2024-06-24T12:00:00Z,51,4,47,100,15.4,93,20.2,1.3
2024-06-24T13:00:00Z,116,18,98,100,15.8,94,18.3,0.6
2024-06-24T14:00:00Z,239,22,217,100,17.3,94,16.9,0.2
2024-06-24T15:00:00Z,318,50,268,100,19,87,15.9,0
2024-06-24T16:00:00Z,506,146,360,100,20.8,74,15,0
2024-06-24T17:00:00Z,645,216,429,100,23.3,62,16.1,0
2024-06-24T18:00:00Z,724,367,357,97,25.2,51,16.2,0
2024-06-24T19:00:00Z,735,525,210,89,26.3,43,16.8,0
2024-06-24T20:00:00Z,611,463,148,51,27,38,16.5,0
2024-06-24T21:00:00Z,563,449,114,33,27.6,37,15.3,0
2024-06-24T22:00:00Z,382,277,105,49,26.4,46,13,0
2024-06-24T23:00:00Z,259,186,73,44,26,49,11.3,0
2024-06-25T00:00:00Z,135,86,49,34,24.2,58,11.4,0
2024-06-25T01:00:00Z,27,15,12,23,21.5,70,12.8,0
2024-06-25T02:00:00Z,0,0,0,4,20.1,76,13,0
2024-06-25T03:00:00Z,0,0,0,0,19.1,78,13.7,0
2024-06-25T04:00:00Z,0,0,0,0,18.2,80,13.9,0
2024-06-25T05:00:00Z,0,0,0,0,17.2,82,12.4,0
2024-06-25T06:00:00Z,0,0,0,0,16.5,85,12.6,0
2024-06-25T07:00:00Z,0,0,0,0,15.8,85,13.2,0
2024-06-25T08:00:00Z,0,0,0,0,15.3,87,12.6,0
2024-06-25T09:00:00Z,0,0,0,0,14.6,89,10.6,0
2024-06-25T10:00:00Z,17,8,9,1,14.8,89,9,0
2024-06-25T11:00:00Z,131,89,42,82,16.9,85,8.8,0
2024-06-25T12:00:00Z,297,231,66,100,19.4,77,7.6,0
2024-06-25T13:00:00Z,476,392,84,99,21.4,69,7,0
2024-06-25T14:00:00Z,647,559,88,100,23,65,7.4,0
2024-06-25T15:00:00Z,789,696,93,100,25.1,56,12.2,0
2024-06-25T16:00:00Z,891,796,95,100,26.2,49,12.5,0
2024-06-25T17:00:00Z,929,794,135,100,26.7,48,16.3,0
2024-06-25T18:00:00Z,937,829,108,100,26.9,49,21.7,0
2024-06-25T19:00:00Z,585,301,284,100,27.1,47,20.5,0
2024-06-25T20:00:00Z,401,83,318,100,25.5,56,18.7,0
2024-06-25T21:00:00Z,286,10,276,100,25,58,17.9,0
2024-06-25T22:00:00Z,104,0,104,100,23.8,62,14.7,0.2
2024-06-25T23:00:00Z,49,0,49,100,22.6,67,13.2,0.8
2024-06-26T00:00:00Z,16,1,15,96,20.8,79,15.9,1.4
2024-06-26T01:00:00Z,5,0,5,80,20.2,84,16.4,0.8
2024-06-26T02:00:00Z,0,0,0,77,20.6,85,16.5,0.3
2024-06-26T03:00:00Z,0,0,0,76,20.5,87,16.9,0.2
2024-06-26T04:00:00Z,0,0,0,69,20.2,90,16.3,0.1
2024-06-26T05:00:00Z,0,0,0,63,19.9,91,14.5,0
2024-06-26T06:00:00Z,0,0,0,42,19.5,91,13.5,0
2024-06-26T07:00:00Z,0,0,0,48,18.8,91,12.5,0
2024-06-26T08:00:00Z,0,0,0,79,18.3,92,10.9,0.1
2024-06-26T09:00:00Z,0,0,0,56,18,92,10,0
2024-06-26T10:00:00Z,9,3,6,35,19.2,91,11.2,0
2024-06-26T11:00:00Z,89,48,41,9,20.1,88,12.5,0
2024-06-26T12:00:00Z,267,197,70,7,21.4,80,11.9,0
2024-06-26T13:00:00Z,400,296,104,12,22.1,74,13.8,0
2024-06-26T14:00:00Z,575,439,136,13,23.2,67,14.5,0
2024-06-26T15:00:00Z,659,473,186,13,24.3,62,14.8,0.1
2024-06-26T16:00:00Z,755,610,145,42,24.6,60,18.8,0.1
2024-06-26T17:00:00Z,787,642,145,33,25.1,58,18.6,0.1
2024-06-26T18:00:00Z,785,636,149,52,24.9,59,16.7,0.1
2024-06-26T19:00:00Z,682,523,159,66,24.6,60,14.7,0
2024-06-26T20:00:00Z,531,312,219,100,24.2,61,12.2,0.2
2024-06-26T21:00:00Z,331,72,259,100,23.5,62,12.4,0.3
2024-06-26T22:00:00Z,193,12,181,100,22.3,68,7.1,0.1
2024-06-26T23:00:00Z,106,2,104,100,21,75,4.3,0.4
2024-06-27T00:00:00Z,49,0,49,100,19.7,79,5.5,1.2
2024-06-27T01:00:00Z,5,0,5,100,18,86,8.9,2.2
2024-06-27T02:00:00Z,0,0,0,100,17,89,9.4,1.9
2024-06-27T03:00:00Z,0,0,0,100,16.2,89,7.9,0.8
2024-06-27T04:00:00Z,0,0,0,73,15,93,8.7,0.1
2024-06-27T05:00:00Z,0,0,0,53,14.4,93,10.5,0
2024-06-27T06:00:00Z,0,0,0,43,14,93,11.3,0
2024-06-27T07:00:00Z,0,0,0,24,13.6,92,11.4,0
2024-06-27T08:00:00Z,0,0,0,34,12.9,92,11,0
2024-06-27T09:00:00Z,0,0,0,56,12.3,92,11.6,0
2024-06-27T10:00:00Z,13,5,8,56,12.5,88,13.7,0
2024-06-27T11:00:00Z,88,35,53,39,12.8,86,14,0
2024-06-27T12:00:00Z,232,130,102,32,13.5,80,15.4,0
2024-06-27T13:00:00Z,380,264,116,26,14.1,73,15.5,0
2024-06-27T14:00:00Z,554,402,152,21,15.2,62,15.6,0
2024-06-27T15:00:00Z,748,615,133,30,16.5,51,16.7,0
2024-06-27T16:00:00Z,853,729,124,16,17.2,46,18.6,0
2024-06-27T17:00:00Z,879,681,198,53,17.7,44,22.5,0
2024-06-27T18:00:00Z,701,398,303,60,17.9,43,20.9,0
2024-06-27T19:00:00Z,671,399,272,45,17.7,45,20.9,0
2024-06-27T20:00:00Z,608,399,209,37,18,45,19.9,0
2024-06-27T21:00:00Z,578,438,140,52,17.9,44,20.5,0
2024-06-27T22:00:00Z,484,374,110,44,17.6,45,17.9,0
2024-06-27T23:00:00Z,288,196,92,36,17.3,45,13,0
2024-06-28T00:00:00Z,146,92,54,15,16.4,48,11.8,0
2024-06-28T01:00:00Z,31,17,14,3,14.1,56,9.3,0
2024-06-28T02:00:00Z,0,0,0,0,11.6,71,9,0
2024-06-28T03:00:00Z,0,0,0,0,9.7,80,8.5,0
2024-06-28T04:00:00Z,0,0,0,0,8.5,86,7.7,0
2024-06-28T05:00:00Z,0,0,0,0,7.6,92,5.9,0
2024-06-28T06:00:00Z,0,0,0,0,6.7,97,5.1,0
2024-06-28T07:00:00Z,0,0,0,0,6.2,98,5.2,0
2024-06-28T08:00:00Z,0,0,0,0,6.8,96,4.7,0
2024-06-28T09:00:00Z,0,0,0,0,6.6,98,5.8,0
2024-06-28T10:00:00Z,16,7,9,0,8.4,93,4.2,0
2024-06-28T11:00:00Z,131,89,42,0,10,90,4.7,0
2024-06-28T12:00:00Z,300,237,63,0,13.3,78,4.7,0
2024-06-28T13:00:00Z,480,402,78,1,16,66,8.2,0
2024-06-28T14:00:00Z,646,558,88,0,18.1,54,10.4,0
2024-06-28T15:00:00Z,787,692,95,0,20.1,48,10.5,0
2024-06-28T16:00:00Z,894,795,99,29,21.3,46,11.8,0
2024-06-28T17:00:00Z,950,841,109,67,22.4,40,13.5,0
2024-06-28T18:00:00Z,744,463,281,88,23,40,12.7,0
2024-06-28T19:00:00Z,479,96,383,80,22.8,40,11.5,0
2024-06-28T20:00:00Z,579,249,330,91,23.1,41,13.8,0
2024-06-28T21:00:00Z,473,182,291,100,23.1,40,12.8,0
2024-06-28T22:00:00Z,392,196,196,98,22.3,41,12.5,0
2024-06-28T23:00:00Z,236,78,158,100,21.3,43,10.9,0
2024-06-29T00:00:00Z,66,5,61,100,20,51,9.4,0
2024-06-29T01:00:00Z,7,0,7,100,19.1,56,7.6,0
2024-06-29T02:00:00Z,0,0,0,100,18.2,62,4.4,0
2024-06-29T03:00:00Z,0,0,0,100,17.7,65,9.7,0
2024-06-29T04:00:00Z,0,0,0,100,17.3,67,10.7,0
2024-06-29T05:00:00Z,0,0,0,100,17.1,69,11.2,0
2024-06-29T06:00:00Z,0,0,0,100,16.9,71,12,0
2024-06-29T07:00:00Z,0,0,0,100,16.6,73,11.5,0
2024-06-29T08:00:00Z,0,0,0,100,16.4,72,10,0.1
2024-06-29T09:00:00Z,0,0,0,100,16.7,70,10.3,1
2024-06-29T10:00:00Z,1,0,1,100,15.9,87,10.9,1.6
2024-06-29T11:00:00Z,10,0,10,100,16.6,90,12.6,1.6
2024-06-29T12:00:00Z,36,0,36,100,17.4,90,13.7,0.6
2024-06-29T13:00:00Z,135,10,125,100,17.9,91,14.2,0.1
2024-06-29T14:00:00Z,164,4,160,100,17.9,91,14.6,0.2
2024-06-29T15:00:00Z,119,0,119,100,17.8,96,14.2,1
2024-06-29T16:00:00Z,152,28,124,100,18.3,96,15.6,1.3
2024-06-29T17:00:00Z,151,0,151,100,18.8,98,17.7,2.3
2024-06-29T18:00:00Z,114,0,114,100,19,98,19.5,4.3
2024-06-29T19:00:00Z,106,0,106,100,19.1,97,18.8,0.2
2024-06-29T20:00:00Z,96,0,96,100,19.8,98,16.4,0.3
2024-06-29T21:00:00Z,84,2,82,100,20.5,98,14.8,0
2024-06-29T22:00:00Z,67,1,66,100,21,96,13.5,0
2024-06-29T23:00:00Z,55,0,55,100,21.6,95,12.6,0
2024-06-30T00:00:00Z,35,0,35,98,21.9,95,12.7,0
2024-06-30T01:00:00Z,10,2,8,95,21.9,96,13.6,0
2024-06-30T02:00:00Z,0,0,0,100,21.9,95,12,0.3
2024-06-30T03:00:00Z,0,0,0,98,21.9,95,11,0.1
2024-06-30T04:00:00Z,0,0,0,94,21.5,95,9.7,0.1
2024-06-30T05:00:00Z,0,0,0,100,21.3,95,11.8,0
2024-06-30T06:00:00Z,0,0,0,100,20.9,95,11.3,0
2024-06-30T07:00:00Z,0,0,0,94,20.5,95,9.3,0
2024-06-30T08:00:00Z,0,0,0,100,20.2,96,9.7,0
2024-06-30T09:00:00Z,0,0,0,93,19.8,96,9.2,0
2024-06-30T10:00:00Z,3,0,3,95,20.4,95,9.2,0.2
2024-06-30T11:00:00Z,27,0,27,72,20.8,93,12,0.4
2024-06-30T12:00:00Z,74,6,68,43,21.1,88,17,0.6
2024-06-30T13:00:00Z,210,114,96,36,22,83,18.4,0.2
2024-06-30T14:00:00Z,473,316,157,36,22.3,74,18.8,0.2
2024-06-30T15:00:00Z,637,486,151,33,22.8,67,18.9,0.1
2024-06-30T16:00:00Z,772,638,134,33,23.7,63,18.2,0.3
2024-06-30T17:00:00Z,750,594,156,49,23.8,61,18.4,0.1
2024-06-30T18:00:00Z,712,550,162,50,22.5,65,19.9,0.1
2024-06-30T19:00:00Z,577,425,152,41,21.9,67,20.2,0
2024-06-30T20:00:00Z,497,361,136,27,21.3,67,20.2,0
2024-06-30T21:00:00Z,556,458,98,26,21.1,66,19.8,0
2024-06-30T22:00:00Z,454,378,76,25,20.7,65,17.7,0
2024-06-30T23:00:00Z,197,122,75,25,19.6,67,17.4,0
2024-07-01T00:00:00Z,132,84,48,35,18.8,67,15.9,0
2024-07-01T01:00:00Z,18,8,10,40,17.5,69,15.2,0
2024-07-01T02:00:00Z,0,0,0,43,16.9,71,15.9,0
2024-07-01T03:00:00Z,0,0,0,52,16.2,71,16.7,0
2024-07-01T04:00:00Z,0,0,0,39,15.7,70,16.7,0
2024-07-01T05:00:00Z,0,0,0,37,15.2,70,16.4,0
2024-07-01T06:00:00Z,0,0,0,32,14.7,71,15.7,0
2024-07-01T07:00:00Z,0,0,0,11,14.2,71,14.6,0
2024-07-01T08:00:00Z,0,0,0,5,13.4,73,13.2,0
2024-07-01T09:00:00Z,0,0,0,1,12.4,77,12.8,0
2024-07-01T10:00:00Z,14,6,8,2,12.3,79,12.9,0
2024-07-01T11:00:00Z,125,84,41,0,13.4,77,11.8,0
2024-07-01T12:00:00Z,295,232,63,0,15,71,11.3,0
2024-07-01T13:00:00Z,473,396,77,0,17.1,63,10.8,0
2024-07-01T14:00:00Z,645,558,87,0,19,56,9.9,0
2024-07-01T15:00:00Z,787,694,93,0,20.6,51,10.3,0
2024-07-01T16:00:00Z,888,790,98,0,22,48,10.5,0
2024-07-01T17:00:00Z,948,848,100,0,23,46,10.2,0
2024-07-01T18:00:00Z,948,849,99,2,24,45,9.7,0
2024-07-01T19:00:00Z,899,800,99,5,24.6,43,9.6,0
2024-07-01T20:00:00Z,800,699,101,10,25,42,8.6,0
2024-07-01T21:00:00Z,616,509,107,0,25.2,41,8.1,0
2024-07-01T22:00:00Z,487,399,88,9,24.7,45,7,0
2024-07-01T23:00:00Z,313,250,63,31,23.7,49,6.9,0
2024-07-02T00:00:00Z,146,94,52,32,21.9,56,8.6,0
2024-07-02T01:00:00Z,26,14,12,6,18.9,71,7.5,0
2024-07-02T02:00:00Z,0,0,0,2,17.1,78,8.5,0
2024-07-02T03:00:00Z,0,0,0,2,15.6,82,7.2,0
2024-07-02T04:00:00Z,0,0,0,1,14.4,84,7.2,0
2024-07-02T05:00:00Z,0,0,0,0,13.7,87,6.6,0
2024-07-02T06:00:00Z,0,0,0,0,13,89,6,0
2024-07-02T07:00:00Z,0,0,0,0,12.8,90,5.9,0
2024-07-02T08:00:00Z,0,0,0,0,12.2,90,6.2,0
2024-07-02T09:00:00Z,0,0,0,0,11,94,6,0
2024-07-02T10:00:00Z,13,6,7,34,13.2,87,5.5,0
2024-07-02T11:00:00Z,122,81,41,36,14.9,88,5.4,0
2024-07-02T12:00:00Z,290,231,59,34,17.7,81,2.1,0
2024-07-02T13:00:00Z,465,387,78,56,20.2,71,0.4,0
2024-07-02T14:00:00Z,632,546,86,38,22.9,60,2.8,0
2024-07-02T15:00:00Z,772,676,96,2,24.8,50,6.1,0
2024-07-02T16:00:00Z,858,744,114,4,25.8,47,7.4,0
2024-07-02T17:00:00Z,855,735,120,56,26.6,43,8.3,0
2024-07-02T18:00:00Z,873,743,130,81,26.9,42,9.4,0
2024-07-02T19:00:00Z,878,735,143,71,27.3,41,10.1,0
2024-07-02T20:00:00Z,793,679,114,68,27.3,39,10.5,0
2024-07-02T21:00:00Z,663,564,99,80,27.1,39,10.3,0
2024-07-02T22:00:00Z,443,280,163,92,26.7,38,8.1,0
2024-07-02T23:00:00Z,237,89,148,100,25.5,45,7.2,0
2024-07-03T00:00:00Z,108,27,81,99,24.1,51,7,0
2024-07-03T01:00:00Z,18,0,18,100,21.6,65,6.2,0
2024-07-03T02:00:00Z,0,0,0,96,20.3,71,5.3,0
2024-07-03T03:00:00Z,0,0,0,93,19.3,75,5.4,0
2024-07-03T04:00:00Z,0,0,0,97,18.5,78,5.8,0
2024-07-03T05:00:00Z,0,0,0,100,18.2,80,6.4,0
2024-07-03T06:00:00Z,0,0,0,97,17.8,83,8.3,0
2024-07-03T07:00:00Z,0,0,0,100,17.6,84,11.1,0
2024-07-03T08:00:00Z,0,0,0,100,17.7,84,12.1,0
2024-07-03T09:00:00Z,0,0,0,100,18.1,82,11.7,0
2024-07-03T10:00:00Z,2,0,2,81,18.4,77,13.7,0
2024-07-03T11:00:00Z,21,0,21,100,19,73,12.3,0
2024-07-03T12:00:00Z,39,0,39,98,19.7,71,13.6,0
2024-07-03T13:00:00Z,84,0,84,100,20.8,66,14.4,0
2024-07-03T14:00:00Z,168,5,163,100,22.2,64,14.1,0
2024-07-03T15:00:00Z,605,403,202,96,24.6,58,17.6,0
2024-07-03T16:00:00Z,803,613,190,34,26.1,57,19.3,0
2024-07-03T17:00:00Z,919,803,116,98,27.1,55,21.4,0
2024-07-03T18:00:00Z,865,665,200,100,27.4,57,20.5,0
2024-07-03T19:00:00Z,545,287,258,73,27.5,57,20.5,0
2024-07-03T20:00:00Z,680,501,179,31,27.9,57,23.3,0
2024-07-03T21:00:00Z,436,268,168,96,27.2,61,21.8,0
2024-07-03T22:00:00Z,145,53,92,88,25.9,68,18.7,0.5
2024-07-03T23:00:00Z,70,0,70,95,25,74,17.5,0.9
2024-07-04T00:00:00Z,47,20,27,100,23.9,82,15.5,2.2
2024-07-04T01:00:00Z,6,2,4,99,22.7,89,11.3,6.5
2024-07-04T02:00:00Z,0,0,0,96,21.9,97,9.4,3.5
2024-07-04T03:00:00Z,0,0,0,74,22,98,9.6,0.1
2024-07-04T04:00:00Z,0,0,0,35,21.7,98,10.2,0
2024-07-04T05:00:00Z,0,0,0,10,21.3,95,10.5,0
2024-07-04T06:00:00Z,0,0,0,4,20.2,96,10.9,0
2024-07-04T07:00:00Z,0,0,0,17,19.1,95,10.7,0
2024-07-04T08:00:00Z,0,0,0,9,18.6,95,10.3,0
2024-07-04T09:00:00Z,0,0,0,51,18.2,95,9.4,0
2024-07-04T10:00:00Z,12,4,8,58,17.9,94,7.1,0
2024-07-04T11:00:00Z,98,39,59,39,19.1,93,7.3,0
2024-07-04T12:00:00Z,257,166,91,14,20.5,88,6.7,0
2024-07-04T13:00:00Z,443,345,98,8,22.1,82,7.7,0
2024-07-04T14:00:00Z,615,523,92,24,23.5,77,8.6,0
2024-07-04T15:00:00Z,737,613,124,29,25.7,70,7.5,0
2024-07-04T16:00:00Z,729,528,201,26,26.9,66,9.3,0.1
2024-07-04T17:00:00Z,808,678,130,43,27.6,62,10.5,0.2
2024-07-04T18:00:00Z,674,504,170,94,28.2,62,10.9,0.2
2024-07-04T19:00:00Z,591,397,194,92,28.8,62,11.1,0.1
2024-07-04T20:00:00Z,680,538,142,35,29.2,61,10.5,0
2024-07-04T21:00:00Z,496,385,111,59,29.4,60,9.7,0.1
2024-07-04T22:00:00Z,295,179,116,100,27.5,62,8.3,0.3
2024-07-04T23:00:00Z,108,24,84,100,26.4,67,6,0
2024-07-05T00:00:00Z,48,11,37,100,25.3,74,4.4,0
2024-07-05T01:00:00Z,14,2,12,99,24.1,78,5.6,0
2024-07-05T02:00:00Z,0,0,0,100,23.4,82,8.3,0
2024-07-05T03:00:00Z,0,0,0,100,22.6,85,6.9,0
2024-07-05T04:00:00Z,0,0,0,92,22,86,4.6,0
2024-07-05T05:00:00Z,0,0,0,89,20.6,92,2.4,0
2024-07-05T06:00:00Z,0,0,0,88,20.6,92,1.7,0
2024-07-05T07:00:00Z,0,0,0,82,19.9,93,2.2,0
2024-07-05T08:00:00Z,0,0,0,87,19.5,93,4.8,0
2024-07-05T09:00:00Z,0,0,0,91,19.3,93,6,0
2024-07-05T10:00:00Z,6,1,5,88,20,93,8.7,0
2024-07-05T11:00:00Z,44,8,36,83,20.3,89,9.4,0
2024-07-05T12:00:00Z,181,93,88,8,21.7,82,9.7,0
2024-07-05T13:00:00Z,422,317,105,1,23.5,76,9.8,0
2024-07-05T14:00:00Z,595,506,89,0,24.5,73,9.2,0
2024-07-05T15:00:00Z,711,575,136,1,26,71,7.2,0
2024-07-05T16:00:00Z,708,493,215,8,26.7,71,6.5,0
2024-07-05T17:00:00Z,806,539,267,16,27.5,69,7.4,0
2024-07-05T18:00:00Z,736,491,245,48,28.1,67,6.4,0.1
2024-07-05T19:00:00Z,771,617,154,53,28.7,63,3.2,0
2024-07-05T20:00:00Z,623,452,171,68,29.3,61,2.9,0
2024-07-05T21:00:00Z,538,396,142,67,29.5,56,3.8,0.1
2024-07-05T22:00:00Z,357,220,137,67,27.5,61,4.3,0.1
2024-07-05T23:00:00Z,230,149,81,97,26.4,67,6.7,0
2024-07-06T00:00:00Z,74,24,50,84,24.9,73,7.4,0
2024-07-06T01:00:00Z,14,5,9,100,23.8,79,6.4,0.1
2024-07-06T02:00:00Z,0,0,0,100,23.4,79,4.8,0.2
2024-07-06T03:00:00Z,0,0,0,100,22.4,86,7.1,0.4
2024-07-06T04:00:00Z,0,0,0,97,21.7,90,9.2,0.5
2024-07-06T05:00:00Z,0,0,0,97,20.9,93,9.3,0.3
2024-07-06T06:00:00Z,0,0,0,70,20.3,94,7.5,0.1
2024-07-06T07:00:00Z,0,0,0,76,19.5,94,5.2,1.5
2024-07-06T08:00:00Z,0,0,0,56,19.1,94,6.5,2.7
2024-07-06T09:00:00Z,0,0,0,99,18.5,95,7.1,2.2
2024-07-06T10:00:00Z,4,1,3,78,18.6,96,9.4,1.1
2024-07-06T11:00:00Z,36,11,25,22,18.9,95,6.5,0.2
2024-07-06T12:00:00Z,149,77,72,20,20.1,91,2.9,0
2024-07-06T13:00:00Z,364,265,99,13,21.5,83,1.8,0
2024-07-06T14:00:00Z,487,342,145,13,22.5,77,2.9,0.1
2024-07-06T15:00:00Z,386,161,225,50,23.5,75,3.3,0
2024-07-06T16:00:00Z,496,244,252,59,24.3,75,2.3,0.1
2024-07-06T17:00:00Z,693,406,287,55,25.6,71,2.1,0.1
2024-07-06T18:00:00Z,644,486,158,60,26.5,69,3.2,0
2024-07-06T19:00:00Z,707,502,205,51,26.9,67,3.2,0.1
2024-07-06T20:00:00Z,489,266,223,52,26.1,71,3.8,1.2
2024-07-06T21:00:00Z,444,290,154,44,23.8,76,5.9,3.6
2024-07-06T22:00:00Z,292,154,138,36,24,81,5.7,2
2024-07-06T23:00:00Z,220,146,74,39,23.7,83,5.2,0
2024-07-07T00:00:00Z,107,56,51,42,23.1,83,2.1,0.3
2024-07-07T01:00:00Z,17,7,10,25,21.7,88,3.6,0.3
2024-07-07T02:00:00Z,0,0,0,7,21,90,2.7,0
2024-07-07T03:00:00Z,0,0,0,25,20,93,2.2,0
2024-07-07T04:00:00Z,0,0,0,42,19.2,95,0.9,0
2024-07-07T05:00:00Z,0,0,0,100,18.6,96,3.1,0
2024-07-07T06:00:00Z,0,0,0,100,18.3,97,4.9,0
2024-07-07T07:00:00Z,0,0,0,100,18.1,97,5.2,0
2024-07-07T08:00:00Z,0,0,0,100,18,98,5.5,0
2024-07-07T09:00:00Z,0,0,0,100,17.9,98,6,0
2024-07-07T10:00:00Z,7,1,6,100,18.4,98,6.7,0
2024-07-07T11:00:00Z,67,27,40,100,18.7,99,6.3,0
2024-07-07T12:00:00Z,127,25,102,86,19.1,98,6,0
2024-07-07T13:00:00Z,277,99,178,83,19.7,95,6.3,0
2024-07-07T14:00:00Z,462,252,210,68,20.9,87,5.8,0.2
2024-07-07T15:00:00Z,492,248,244,71,22.1,82,6,0.2
2024-07-07T16:00:00Z,549,345,204,77,23.3,77,5.6,0.1
2024-07-07T17:00:00Z,638,408,230,35,24.6,74,4.3,0.1
2024-07-07T18:00:00Z,717,530,187,40,25.6,70,4.6,0
2024-07-07T19:00:00Z,696,561,135,35,26.6,66,5.8,0.1
2024-07-07T20:00:00Z,649,509,140,33,27,65,5.9,0
2024-07-07T21:00:00Z,466,310,156,35,27.3,63,6.6,0
2024-07-07T22:00:00Z,330,212,118,92,26.4,66,6.9,0.4
2024-07-07T23:00:00Z,232,155,77,90,25.9,68,4.6,0.1
2024-07-08T00:00:00Z,107,53,54,48,25,75,3.6,0
2024-07-08T01:00:00Z,22,10,12,27,23.1,85,4.8,0
2024-07-08T02:00:00Z,0,0,0,24,22.1,89,5.3,0
2024-07-08T03:00:00Z,0,0,0,92,20.7,93,6.3,0
2024-07-08T04:00:00Z,0,0,0,29,19.9,95,6.9,0
2024-07-08T05:00:00Z,0,0,0,6,19.3,95,7.3,0
2024-07-08T06:00:00Z,0,0,0,8,18.9,95,7.2,0
2024-07-08T07:00:00Z,0,0,0,51,18,98,6.5,0
2024-07-08T08:00:00Z,0,0,0,96,17.1,99,6.5,0
2024-07-08T09:00:00Z,0,0,0,94,17.1,100,5.6,0
2024-07-08T10:00:00Z,9,1,8,75,17.6,97,4.1,0
2024-07-08T11:00:00Z,100,52,48,86,19.1,96,2.6,0
2024-07-08T12:00:00Z,215,99,116,96,20.9,92,2.8,0
2024-07-08T13:00:00Z,345,145,200,96,22.6,86,4.1,0
2024-07-08T14:00:00Z,462,204,258,99,24.4,78,4.8,0
2024-07-08T15:00:00Z,617,353,264,95,26.2,69,6.2,0
2024-07-08T16:00:00Z,651,334,317,98,26.8,64,8.2,0.1
2024-07-08T17:00:00Z,630,278,352,93,27.4,59,9.4,0
2024-07-08T18:00:00Z,624,267,357,69,28.2,55,10,0
2024-07-08T19:00:00Z,711,463,248,54,28.7,52,10.3,0
2024-07-08T20:00:00Z,636,519,117,20,29,52,10.2,0
2024-07-08T21:00:00Z,536,412,124,3,29.4,49,10.4,0
2024-07-08T22:00:00Z,415,318,97,28,28.8,53,9.5,0
2024-07-08T23:00:00Z,268,180,88,20,28.3,53,8.4,0
2024-07-09T00:00:00Z,121,77,44,10,26.9,60,8.9,0
2024-07-09T01:00:00Z,23,11,12,34,24.1,72,9.5,0
2024-07-09T02:00:00Z,0,0,0,63,22.8,78,9.6,0
2024-07-09T03:00:00Z,0,0,0,82,21.8,83,9.8,0
2024-07-09T04:00:00Z,0,0,0,85,21.1,85,9.7,0
2024-07-09T05:00:00Z,0,0,0,93,20.8,87,9.6,0
2024-07-09T06:00:00Z,0,0,0,99,20.1,90,7.9,0
2024-07-09T07:00:00Z,0,0,0,99,19.5,91,6.8,0
2024-07-09T08:00:00Z,0,0,0,98,19.1,92,6.2,0
2024-07-09T09:00:00Z,0,0,0,96,19,93,5.8,0
2024-07-09T10:00:00Z,7,1,6,96,18.9,94,3.9,0
2024-07-09T11:00:00Z,77,33,44,98,19.8,92,6,0
2024-07-09T12:00:00Z,194,110,84,100,21.4,85,6.8,0
2024-07-09T13:00:00Z,319,212,107,100,22.5,79,7.5,0
2024-07-09T14:00:00Z,494,313,181,99,23.9,73,7.3,0.1
2024-07-09T15:00:00Z,520,284,236,100,24.3,75,6.4,0.6
2024-07-09T16:00:00Z,510,194,316,100,24.1,81,6.4,1
2024-07-09T17:00:00Z,618,338,280,85,25.3,78,7.5,0.5
2024-07-09T18:00:00Z,672,388,284,100,26.6,72,9.3,0.3
2024-07-09T19:00:00Z,669,333,336,61,25.9,76,11.6,0
2024-07-09T20:00:00Z,554,323,231,98,26.2,75,10.6,0.9
2024-07-09T21:00:00Z,439,238,201,95,27.4,71,12.4,3.6
2024-07-09T22:00:00Z,325,179,146,99,25.9,78,8,0.1
2024-07-09T23:00:00Z,197,64,133,100,26.1,78,8.9,0
2024-07-10T00:00:00Z,95,22,73,100,25.3,81,8.1,0
2024-07-10T01:00:00Z,19,3,16,100,23.7,86,6.4,0
2024-07-10T02:00:00Z,0,0,0,100,23,89,5.8,0
2024-07-10T03:00:00Z,0,0,0,64,21.6,93,5.7,0
2024-07-10T04:00:00Z,0,0,0,97,21,93,5.6,0
2024-07-10T05:00:00Z,0,0,0,99,20.5,92,6.3,0
2024-07-10T06:00:00Z,0,0,0,98,20.1,91,6.2,0
2024-07-10T07:00:00Z,0,0,0,87,19.6,92,5.7,0
2024-07-10T08:00:00Z,0,0,0,95,19.2,93,5.7,0
2024-07-10T09:00:00Z,0,0,0,100,19,93,6.6,0
2024-07-10T10:00:00Z,8,1,7,100,18.9,96,5.6,0
2024-07-10T11:00:00Z,42,0,42,100,19.8,95,6.9,0
2024-07-10T12:00:00Z,77,0,77,100,20.5,95,5.6,0
2024-07-10T13:00:00Z,115,8,107,100,21.3,93,4,0
2024-07-10T14:00:00Z,97,0,97,100,21.4,93,5.8,0.4
2024-07-10T15:00:00Z,99,0,99,100,21.4,94,9,0.8
2024-07-10T16:00:00Z,67,0,67,100,20.8,97,5.6,1
2024-07-10T17:00:00Z,175,23,152,100,20.6,98,4.7,1.9
2024-07-10T18:00:00Z,167,1,166,100,20.1,94,9,2.3
2024-07-10T19:00:00Z,187,18,169,93,19.9,93,11.7,2
2024-07-10T20:00:00Z,262,88,174,100,19.8,93,13.3,2.4
2024-07-10T21:00:00Z,153,37,116,100,19.5,93,13.2,2.6
2024-07-10T22:00:00Z,132,39,93,91,20.1,91,12.6,2.8
2024-07-10T23:00:00Z,58,8,50,89,19.9,92,13.4,1.5
2024-07-11T00:00:00Z,38,7,31,93,19.7,93,13.6,0.7
2024-07-11T01:00:00Z,7,3,4,90,19.7,93,12.6,1
2024-07-11T02:00:00Z,0,0,0,77,19.7,93,12.4,0.3
2024-07-11T03:00:00Z,0,0,0,17,19.8,93,13.3,0.1
2024-07-11T04:00:00Z,0,0,0,33,19.6,93,12.5,0.1
2024-07-11T05:00:00Z,0,0,0,56,19.5,93,10.3,0
2024-07-11T06:00:00Z,0,0,0,56,19.3,92,12,0
2024-07-11T07:00:00Z,0,0,0,61,19.1,91,11.9,0
2024-07-11T08:00:00Z,0,0,0,72,18.6,93,11.6,0
2024-07-11T09:00:00Z,0,0,0,86,18.3,94,12.2,0.2
2024-07-11T10:00:00Z,3,0,3,100,18.8,93,12.3,0.4
2024-07-11T11:00:00Z,36,15,21,100,18.7,94,13,0.6
2024-07-11T12:00:00Z,58,7,51,100,18.8,95,13,0.8
2024-07-11T13:00:00Z,87,29,58,100,19.3,95,12.6,1.3
2024-07-11T14:00:00Z,105,12,93,100,20,93,11.4,0.8
2024-07-11T15:00:00Z,145,31,114,100,20.5,93,10.8,0.6
2024-07-11T16:00:00Z,129,2,127,95,21,92,10.5,1.5
2024-07-11T17:00:00Z,139,3,136,79,21.1,92,12.4,0.3
2024-07-11T18:00:00Z,232,91,141,79,21.7,90,13.6,0
2024-07-11T19:00:00Z,463,243,220,78,22.4,86,12.2,0.2
2024-07-11T20:00:00Z,332,176,156,100,22.1,87,13.1,0.1
2024-07-11T21:00:00Z,280,157,123,98,22,87,10.8,0.2
2024-07-11T22:00:00Z,192,99,93,99,22.7,82,6.4,0
2024-07-11T23:00:00Z,105,47,58,98,22.4,86,2.3,0
2024-07-12T00:00:00Z,55,19,36,99,21.8,91,1.7,0
2024-07-12T01:00:00Z,12,3,9,98,20.4,96,1.9,0
2024-07-12T02:00:00Z,0,0,0,99,19.2,99,3.2,0
2024-07-12T03:00:00Z,0,0,0,86,18.4,100,3.6,0
2024-07-12T04:00:00Z,0,0,0,65,17.7,100,4.3,0
2024-07-12T05:00:00Z,0,0,0,54,17.4,100,4.6,0
2024-07-12T06:00:00Z,0,0,0,55,17.1,99,5.1,0
2024-07-12T07:00:00Z,0,0,0,73,16.7,99,5.2,0
2024-07-12T08:00:00Z,0,0,0,78,16.5,99,6.5,0
2024-07-12T09:00:00Z,0,0,0,69,16.3,99,5.4,0
2024-07-12T10:00:00Z,7,2,5,23,17.8,97,6.6,0
2024-07-12T11:00:00Z,87,46,41,45,19.2,95,4.6,0
2024-07-12T12:00:00Z,221,138,83,40,20.7,91,4.2,0
2024-07-12T13:00:00Z,402,311,91,45,22.3,86,4.7,0
2024-07-12T14:00:00Z,577,480,97,48,23.8,80,4.2,0
2024-07-12T15:00:00Z,723,625,98,43,25.5,72,4.5,0.1
2024-07-12T16:00:00Z,751,654,97,23,26.3,67,4.6,0.2
2024-07-12T17:00:00Z,831,693,138,35,27.3,61,4.3,0.1
2024-07-12T18:00:00Z,708,561,147,44,27.5,59,5.2,0.1
2024-07-12T19:00:00Z,576,411,165,47,28,57,7.3,0
2024-07-12T20:00:00Z,567,424,143,46,28.1,57,7.7,0
2024-07-12T21:00:00Z,555,440,115,30,28.1,58,7.5,0
2024-07-12T22:00:00Z,344,250,94,39,27.4,63,6,0
2024-07-12T23:00:00Z,247,164,83,36,27.1,65,5.4,0
2024-07-13T00:00:00Z,130,82,48,28,25.9,73,8.3,0
2024-07-13T01:00:00Z,19,8,11,30,23.5,83,10.3,0
2024-07-13T02:00:00Z,0,0,0,35,22.5,87,9.7,0
2024-07-13T03:00:00Z,0,0,0,27,21.4,92,8.6,0
2024-07-13T04:00:00Z,0,0,0,23,20.3,94,7.1,0
2024-07-13T05:00:00Z,0,0,0,30,19.6,95,6.8,0
2024-07-13T06:00:00Z,0,0,0,48,19.4,95,6.6,0
2024-07-13T07:00:00Z,0,0,0,59,18.9,96,7.4,0
2024-07-13T08:00:00Z,0,0,0,49,19,97,10.5,0
2024-07-13T09:00:00Z,0,0,0,56,18.9,96,11.3,0.1
2024-07-13T10:00:00Z,5,2,3,29,19.1,92,7.8,0
2024-07-13T11:00:00Z,70,39,31,7,19.7,90,6.3,0
2024-07-13T12:00:00Z,230,161,69,10,21.1,84,6.8,0
2024-07-13T13:00:00Z,411,329,82,11,22.4,78,6,0
2024-07-13T14:00:00Z,541,452,89,4,23.6,71,4.7,0
2024-07-13T15:00:00Z,687,575,112,6,25.2,64,5.9,0
2024-07-13T16:00:00Z,843,740,103,10,26.6,58,7.9,0
2024-07-13T17:00:00Z,781,668,113,15,27.3,55,9.2,0
2024-07-13T18:00:00Z,809,686,123,7,27.8,54,9.8,0
2024-07-13T19:00:00Z,870,766,104,19,27.8,57,10.5,0
2024-07-13T20:00:00Z,702,584,118,25,27.8,58,11.9,0
2024-07-13T21:00:00Z,516,401,115,21,28,58,11.4,0
2024-07-13T22:00:00Z,408,327,81,56,27.9,59,9,0
2024-07-13T23:00:00Z,243,175,68,32,27.3,61,9.1,0
2024-07-14T00:00:00Z,134,92,42,10,26,68,8.6,0
2024-07-14T01:00:00Z,22,11,11,11,23.5,78,8.8,0
2024-07-14T02:00:00Z,0,0,0,4,22,83,8.1,0
2024-07-14T03:00:00Z,0,0,0,0,20.7,87,7.8,0
2024-07-14T04:00:00Z,0,0,0,0,19.9,89,7.7,0
2024-07-14T05:00:00Z,0,0,0,0,19.5,90,9.6,0
2024-07-14T06:00:00Z,0,0,0,0,19.2,90,10.6,0
2024-07-14T07:00:00Z,0,0,0,0,18.5,91,9.7,0
2024-07-14T08:00:00Z,0,0,0,0,17.9,92,8.6,0
2024-07-14T09:00:00Z,0,0,0,0,17.3,94,7.3,0
2024-07-14T10:00:00Z,7,2,5,0,17,95,5.8,0
2024-07-14T11:00:00Z,101,65,36,0,18.7,93,5.7,0
2024-07-14T12:00:00Z,259,198,61,1,20.8,87,5.9,0
2024-07-14T13:00:00Z,428,349,79,7,22.8,79,7.3,0
2024-07-14T14:00:00Z,596,507,89,17,24.7,71,9.1,0
2024-07-14T15:00:00Z,671,551,120,43,26.5,65,9.7,0
2024-07-14T16:00:00Z,792,650,142,5,27.8,59,8.8,0
2024-07-14T17:00:00Z,890,785,105,11,28.9,54,10.3,0
2024-07-14T18:00:00Z,861,734,127,38,29.4,51,12.2,0
2024-07-14T19:00:00Z,755,629,126,59,29.5,51,12,0
2024-07-14T20:00:00Z,688,514,174,67,29.3,52,13.6,0
2024-07-14T21:00:00Z,583,450,133,60,28.9,55,15.7,0
2024-07-14T22:00:00Z,374,263,111,41,28.5,58,12.8,0
2024-07-14T23:00:00Z,268,207,61,45,27.6,60,12.6,0
2024-07-15T00:00:00Z,106,67,39,87,26.1,66,14,0
2024-07-15T01:00:00Z,18,8,10,96,25,69,14.3,0
2024-07-15T02:00:00Z,0,0,0,90,24.1,72,12.4,0
2024-07-15T03:00:00Z,0,0,0,87,23.3,74,12,0
2024-07-15T04:00:00Z,0,0,0,51,22.5,77,11.2,0
2024-07-15T05:00:00Z,0,0,0,54,22.3,81,10.7,0
2024-07-15T06:00:00Z,0,0,0,61,22,85,10.5,0
2024-07-15T07:00:00Z,0,0,0,85,21.5,90,9.5,0
2024-07-15T08:00:00Z,0,0,0,92,21.1,93,8.6,0
2024-07-15T09:00:00Z,0,0,0,99,20.8,95,7.9,0.1
2024-07-15T10:00:00Z,4,1,3,92,20.7,95,7.8,0
2024-07-15T11:00:00Z,54,17,37,27,22,92,6.9,0
2024-07-15T12:00:00Z,172,80,92,68,23.7,86,8.1,0
2024-07-15T13:00:00Z,326,186,140,93,25.1,80,8.4,0.1
2024-07-15T14:00:00Z,357,145,212,85,26.2,75,10.1,0.1
2024-07-15T15:00:00Z,394,179,215,70,27.3,71,12.3,0.1
2024-07-15T16:00:00Z,509,214,295,65,28.1,68,13.5,0.1
2024-07-15T17:00:00Z,537,208,329,64,28.9,66,14.3,0
2024-07-15T18:00:00Z,603,269,334,65,29.3,63,13,0
2024-07-15T19:00:00Z,704,480,224,98,29.7,60,13.4,0
2024-07-15T20:00:00Z,346,103,243,100,30,58,10.2,2.7
2024-07-15T21:00:00Z,239,57,182,100,29.4,62,4,0
2024-07-15T22:00:00Z,221,21,200,100,25.8,80,3.2,0
2024-07-15T23:00:00Z,119,6,113,100,25.3,82,2.9,0
2024-07-16T00:00:00Z,41,0,41,100,24.1,88,2.8,0.3
2024-07-16T01:00:00Z,5,0,5,100,23,92,6.1,0.2
2024-07-16T02:00:00Z,0,0,0,100,21.6,96,6.9,0
2024-07-16T03:00:00Z,0,0,0,0,21.3,97,4,0
2024-07-16T04:00:00Z,0,0,0,26,20.2,99,4.2,0
2024-07-16T05:00:00Z,0,0,0,58,20,98,6.5,0
2024-07-16T06:00:00Z,0,0,0,4,19.6,98,6.9,0
2024-07-16T07:00:00Z,0,0,0,5,19.4,98,6.5,0
2024-07-16T08:00:00Z,0,0,0,1,19.3,97,6.6,0
2024-07-16T09:00:00Z,0,0,0,100,19.2,97,7.1,0
2024-07-16T10:00:00Z,5,1,4,36,19.3,96,8.1,0
2024-07-16T11:00:00Z,95,59,36,73,20.2,95,7.4,0
2024-07-16T12:00:00Z,253,193,60,98,21.2,94,9.6,0
2024-07-16T13:00:00Z,379,251,128,99,22.2,92,9.8,0
2024-07-16T14:00:00Z,439,217,222,100,23.5,88,9.4,0
2024-07-16T15:00:00Z,390,94,296,100,24.7,83,8,0
2024-07-16T16:00:00Z,257,4,253,99,24.8,84,6.8,0
2024-07-16T17:00:00Z,205,0,205,100,25,85,9.5,0.2
2024-07-16T18:00:00Z,204,2,202,100,24.6,89,9.3,0.4
2024-07-16T19:00:00Z,73,0,73,100,24.6,89,6.7,1.7
2024-07-16T20:00:00Z,59,0,59,98,25.7,82,1.5,1.6
2024-07-16T21:00:00Z,197,12,185,95,25.8,82,4.4,0.1
2024-07-16T22:00:00Z,316,132,184,65,24.9,85,4,0
2024-07-16T23:00:00Z,277,199,78,67,24.9,87,6.2,0
2024-07-17T00:00:00Z,122,80,42,46,24.3,91,7.8,0
2024-07-17T01:00:00Z,18,8,10,31,23.2,93,10.4,0
2024-07-17T02:00:00Z,0,0,0,27,22.7,95,12.9,0
2024-07-17T03:00:00Z,0,0,0,19,22.6,95,14.4,0.1
2024-07-17T04:00:00Z,0,0,0,11,22.3,94,14.5,0
2024-07-17T05:00:00Z,0,0,0,59,22,93,14.1,0
2024-07-17T06:00:00Z,0,0,0,48,21.5,94,13,0
2024-07-17T07:00:00Z,0,0,0,22,21,92,11.1,0
2024-07-17T08:00:00Z,0,0,0,66,20.5,92,9.2,0
2024-07-17T09:00:00Z,0,0,0,77,20.1,91,7.3,0
2024-07-17T10:00:00Z,5,1,4,76,20.9,94,8.3,0
2024-07-17T11:00:00Z,85,41,44,82,21.5,92,9.6,0
2024-07-17T12:00:00Z,209,104,105,86,22.3,89,9.6,0
2024-07-17T13:00:00Z,326,163,163,79,22.9,81,9.9,0
2024-07-17T14:00:00Z,368,139,229,75,23.3,76,10.6,0
2024-07-17T15:00:00Z,568,356,212,48,24.4,70,10.9,0.1
2024-07-17T16:00:00Z,628,409,219,69,24.9,68,10.6,0.1
2024-07-17T17:00:00Z,712,467,245,91,25.9,67,9.9,0.1
2024-07-17T18:00:00Z,727,495,232,69,26.5,64,8.3,0.1
2024-07-17T19:00:00Z,677,493,184,70,26.6,62,9.6,0.2
2024-07-17T20:00:00Z,677,554,123,50,27.2,60,10.1,0.5
2024-07-17T21:00:00Z,447,331,116,28,27.5,59,7.8,0
2024-07-17T22:00:00Z,345,251,94,59,25.1,64,3.5,0
2024-07-17T23:00:00Z,248,168,80,45,24.3,64,6.4,0.1
2024-07-18T00:00:00Z,102,63,39,49,23.4,74,8.6,0
2024-07-18T01:00:00Z,16,7,9,56,21.4,84,9.3,0
2024-07-18T02:00:00Z,0,0,0,31,20.6,87,9.6,0
2024-07-18T03:00:00Z,0,0,0,1,20.4,85,13.5,0
2024-07-18T04:00:00Z,0,0,0,1,19.6,82,15.3,0
2024-07-18T05:00:00Z,0,0,0,1,18.6,79,15.2,0
2024-07-18T06:00:00Z,0,0,0,2,17.5,83,15.1,0
2024-07-18T07:00:00Z,0,0,0,2,16.6,87,13.7,0
2024-07-18T08:00:00Z,0,0,0,5,16,90,11.7,0
2024-07-18T09:00:00Z,0,0,0,15,15.6,91,11.3,0
2024-07-18T10:00:00Z,5,1,4,30,15.3,92,10.4,0
2024-07-18T11:00:00Z,80,47,33,51,16.3,88,13,0
2024-07-18T12:00:00Z,203,137,66,63,16.9,84,15.8,0.1
2024-07-18T13:00:00Z,360,255,105,37,17.7,78,16.4,0
2024-07-18T14:00:00Z,490,342,148,42,18.3,74,15.1,0
2024-07-18T15:00:00Z,614,473,141,40,18.9,70,14.3,0.1
2024-07-18T16:00:00Z,610,413,197,41,19.4,65,14.8,0.1
2024-07-18T17:00:00Z,691,520,171,38,20.3,62,15.9,0.1
2024-07-18T18:00:00Z,768,594,174,44,21.3,58,16.9,0.1
2024-07-18T19:00:00Z,513,377,136,53,21.1,58,16.9,0
2024-07-18T20:00:00Z,618,494,124,53,21.1,58,15.3,0.1
2024-07-18T21:00:00Z,424,297,127,40,20.8,60,14.7,0
2024-07-18T22:00:00Z,324,234,90,64,21.3,59,6.9,0
2024-07-18T23:00:00Z,239,157,82,50,20.7,62,6.3,0
2024-07-19T00:00:00Z,83,39,44,36,19.7,66,7.8,0
2024-07-19T01:00:00Z,14,7,7,42,17.6,75,8.8,0
2024-07-19T02:00:00Z,0,0,0,37,16.2,83,9.1,0
2024-07-19T03:00:00Z,0,0,0,28,15.2,88,8.2,0
2024-07-19T04:00:00Z,0,0,0,28,14.6,91,7.3,0
2024-07-19T05:00:00Z,0,0,0,18,14.2,92,7,0
2024-07-19T06:00:00Z,0,0,0,23,13.9,92,6.4,0
2024-07-19T07:00:00Z,0,0,0,25,13.2,93,6.2,0
2024-07-19T08:00:00Z,0,0,0,7,12.9,93,6.5,0
2024-07-19T09:00:00Z,0,0,0,0,12.3,94,6.7,0
2024-07-19T10:00:00Z,4,1,3,0,12.4,94,9,0
2024-07-19T11:00:00Z,94,60,34,0,14.1,91,8.8,0
2024-07-19T12:00:00Z,258,200,58,0,16.6,82,7.6,0
2024-07-19T13:00:00Z,439,365,74,0,18.8,75,7.2,0
2024-07-19T14:00:00Z,610,526,84,0,20.6,68,6.8,0
2024-07-19T15:00:00Z,755,664,91,0,22.7,58,9.1,0
2024-07-19T16:00:00Z,865,771,94,9,23.8,50,11.3,0
2024-07-19T17:00:00Z,926,832,94,29,24.8,45,13.3,0
2024-07-19T18:00:00Z,918,808,110,90,25,44,13.8,0
2024-07-19T19:00:00Z,522,201,321,93,25.3,43,12.4,0
2024-07-19T20:00:00Z,519,216,303,77,25.5,44,10.5,0
2024-07-19T21:00:00Z,559,392,167,62,25.8,44,11.1,0
2024-07-19T22:00:00Z,446,358,88,3,25.6,43,10.7,0
2024-07-19T23:00:00Z,313,250,63,10,24.9,48,10.9,0
2024-07-20T00:00:00Z,124,82,42,11,23.1,55,11.6,0
2024-07-20T01:00:00Z,15,7,8,8,21.3,62,12.4,0
2024-07-20T02:00:00Z,0,0,0,6,19.9,70,13.1,0
2024-07-20T03:00:00Z,0,0,0,6,18.5,76,13,0
2024-07-20T04:00:00Z,0,0,0,10,17.7,79,11.9,0
2024-07-20T05:00:00Z,0,0,0,14,16.9,82,11.1,0
2024-07-20T06:00:00Z,0,0,0,5,16,84,11.3,0
2024-07-20T07:00:00Z,0,0,0,8,15.2,86,11.2,0
2024-07-20T08:00:00Z,0,0,0,11,14.5,87,10.8,0
2024-07-20T09:00:00Z,0,0,0,21,14,87,10.5,0
2024-07-20T10:00:00Z,4,1,3,1,14.4,87,10.3,0
2024-07-20T11:00:00Z,90,57,33,4,15.8,83,10.1,0
2024-07-20T12:00:00Z,250,191,59,3,18.4,75,9.5,0
2024-07-20T13:00:00Z,429,355,74,9,20.6,67,10.9,0
2024-07-20T14:00:00Z,598,513,85,14,22.3,63,12.1,0
2024-07-20T15:00:00Z,742,648,94,1,24.3,58,13.7,0
2024-07-20T16:00:00Z,849,754,95,39,25.7,55,17.5,0
2024-07-20T17:00:00Z,841,712,129,42,26.3,52,19.2,0
2024-07-20T18:00:00Z,718,562,156,39,26.8,50,18.9,0
2024-07-20T19:00:00Z,660,496,164,54,26.5,52,19.2,0.1
2024-07-20T20:00:00Z,491,317,174,61,26.7,51,16.3,0
2024-07-20T21:00:00Z,329,169,160,52,25.7,53,13.6,0
2024-07-20T22:00:00Z,265,119,146,84,24.8,61,11.1,0
2024-07-20T23:00:00Z,150,99,51,56,21.8,76,8.2,1.4
2024-07-21T00:00:00Z,40,5,35,39,20.8,82,7.2,0.5
2024-07-21T01:00:00Z,4,0,4,55,19.7,89,6.9,0.4
2024-07-21T02:00:00Z,0,0,0,55,18.9,92,7.8,0
2024-07-21T03:00:00Z,0,0,0,44,18.1,94,7.9,0
2024-07-21T04:00:00Z,0,0,0,44,17.4,96,7.7,0
2024-07-21T05:00:00Z,0,0,0,34,17,95,8.4,0
2024-07-21T06:00:00Z,0,0,0,42,16.3,95,9.4,0
2024-07-21T07:00:00Z,0,0,0,27,15.7,94,9.8,0
2024-07-21T08:00:00Z,0,0,0,25,15.2,91,8.8,0
2024-07-21T09:00:00Z,0,0,0,11,14.2,93,7.3,0
2024-07-21T10:00:00Z,3,1,2,12,14.1,89,4.7,0
2024-07-21T11:00:00Z,81,53,28,8,15.3,86,5.6,0
2024-07-21T12:00:00Z,255,192,63,10,16.7,80,4,0
2024-07-21T13:00:00Z,423,329,94,20,18.4,72,3.5,0
2024-07-21T14:00:00Z,540,432,108,36,19.7,60,3.8,0
2024-07-21T15:00:00Z,698,572,126,38,20.9,56,3.4,0
2024-07-21T16:00:00Z,847,726,121,16,21.9,55,3,0
2024-07-21T17:00:00Z,928,839,89,64,23,50,7.1,0
2024-07-21T18:00:00Z,697,468,229,76,23.1,50,11.8,0
2024-07-21T19:00:00Z,563,276,287,82,23.3,50,11.2,0
2024-07-21T20:00:00Z,579,321,258,24,23.6,48,10.4,0
2024-07-21T21:00:00Z,576,388,188,17,23.8,47,9.9,0
2024-07-21T22:00:00Z,480,389,91,4,23.9,47,9.3,0
2024-07-21T23:00:00Z,307,243,64,1,23.3,47,7.3,0
2024-07-22T00:00:00Z,136,94,42,0,21.6,58,5.5,0
2024-07-22T01:00:00Z,17,8,9,0,18,74,5.2,0
2024-07-22T02:00:00Z,0,0,0,0,16.5,79,6.6,0
2024-07-22T03:00:00Z,0,0,0,0,15.6,81,7.3,0
2024-07-22T04:00:00Z,0,0,0,0,13.8,89,6.7,0
2024-07-22T05:00:00Z,0,0,0,0,14,89,5.2,0
2024-07-22T06:00:00Z,0,0,0,0,13.3,91,4,0
2024-07-22T07:00:00Z,0,0,0,0,12.8,92,4.7,0
2024-07-22T08:00:00Z,0,0,0,0,12.1,95,5.1,0
2024-07-22T09:00:00Z,0,0,0,0,11.8,97,6.1,0
2024-07-22T10:00:00Z,3,1,2,100,10.1,100,5.7,0
2024-07-22T11:00:00Z,75,41,34,100,12.7,98,4.6,0
2024-07-22T12:00:00Z,208,122,86,100,15.4,93,2.4,0
2024-07-22T13:00:00Z,406,306,100,0,19.2,78,2.7,0
2024-07-22T14:00:00Z,584,495,89,0,21.7,63,3.4,0
2024-07-22T15:00:00Z,715,623,92,0,23.3,52,3.5,0
2024-07-22T16:00:00Z,848,744,104,1,24.6,48,4.8,0
2024-07-22T17:00:00Z,921,813,108,6,25.6,45,4.9,0
2024-07-22T18:00:00Z,945,860,85,0,26.3,42,4,0
2024-07-22T19:00:00Z,915,828,87,1,26.6,41,4.1,0
2024-07-22T20:00:00Z,792,702,90,11,26.8,42,4.5,0
2024-07-22T21:00:00Z,552,426,126,53,26.7,41,5.2,0
2024-07-22T22:00:00Z,460,346,114,87,26.4,40,4.2,0
2024-07-22T23:00:00Z,275,199,76,98,25.4,45,3.6,0
2024-07-23T00:00:00Z,116,68,48,97,23.4,59,4.1,0
2024-07-23T01:00:00Z,13,3,10,100,21.7,66,5.1,0
2024-07-23T02:00:00Z,0,0,0,100,19.5,75,6.5,0
2024-07-23T03:00:00Z,0,0,0,100,18.1,80,6.6,0
2024-07-23T04:00:00Z,0,0,0,98,17.8,81,7.4,0
2024-07-23T05:00:00Z,0,0,0,100,17.4,82,7.7,0
2024-07-23T06:00:00Z,0,0,0,99,16.9,83,8,0
2024-07-23T07:00:00Z,0,0,0,99,16.3,84,7.3,0
2024-07-23T08:00:00Z,0,0,0,98,16.2,85,5.7,0
2024-07-23T09:00:00Z,0,0,0,93,16,86,5.8,0
2024-07-23T10:00:00Z,2,0,2,99,15.7,89,5.4,0
2024-07-23T11:00:00Z,46,11,35,98,17.5,84,8,0
2024-07-23T12:00:00Z,153,61,92,90,18.8,77,7.9,0
2024-07-23T13:00:00Z,245,146,99,64,19.6,72,7.9,0
2024-07-23T14:00:00Z,542,435,107,27,21.8,68,7.4,0
2024-07-23T15:00:00Z,676,562,114,21,23.6,63,6.3,0
2024-07-23T16:00:00Z,751,619,132,20,24.6,60,6.2,0
2024-07-23T17:00:00Z,796,684,112,36,25.7,55,7.1,0.1
2024-07-23T18:00:00Z,637,420,217,28,26.1,53,6.8,0
2024-07-23T19:00:00Z,659,548,111,42,26.4,48,6.1,0
2024-07-23T20:00:00Z,557,388,169,40,26.9,47,5.6,0
2024-07-23T21:00:00Z,528,429,99,34,26.7,49,5.9,0
2024-07-23T22:00:00Z,391,302,89,72,26.4,49,6.1,0
2024-07-23T23:00:00Z,268,199,69,41,25.9,52,5.4,0
2024-07-24T00:00:00Z,112,73,39,46,23.8,62,7.1,0
2024-07-24T01:00:00Z,13,6,7,59,21.6,71,8.5,0
2024-07-24T02:00:00Z,0,0,0,62,21.3,72,8.6,0
2024-07-24T03:00:00Z,0,0,0,81,20.3,77,7.9,0
2024-07-24T04:00:00Z,0,0,0,87,19.5,80,9.3,0
2024-07-24T05:00:00Z,0,0,0,54,19,82,10.3,0
2024-07-24T06:00:00Z,0,0,0,23,18.6,83,11.4,0
2024-07-24T07:00:00Z,0,0,0,44,18,85,11.7,0
2024-07-24T08:00:00Z,0,0,0,74,17.6,87,11.4,0
2024-07-24T09:00:00Z,0,0,0,65,17.1,88,11.8,0
2024-07-24T10:00:00Z,2,0,2,94,17.7,86,13.1,0
2024-07-24T11:00:00Z,67,26,41,94,18.6,84,12.7,0
2024-07-24T12:00:00Z,185,97,88,90,19.8,82,11.8,0
2024-07-24T13:00:00Z,315,194,121,95,21.2,80,12.2,0
2024-07-24T14:00:00Z,423,231,192,91,22.3,78,12.8,0.3
2024-07-24T15:00:00Z,490,300,190,68,23.7,76,14.7,0.1
2024-07-24T16:00:00Z,549,277,272,76,24.7,74,14.5,0.1
2024-07-24T17:00:00Z,625,338,287,98,25.8,70,13.8,0.1
2024-07-24T18:00:00Z,339,63,276,99,24.2,78,10.4,3.3
2024-07-24T19:00:00Z,247,29,218,82,23.4,84,8,1.6
2024-07-24T20:00:00Z,455,243,212,92,22.5,87,9.1,0.2
2024-07-24T21:00:00Z,315,103,212,98,22.4,85,9.1,0.1
2024-07-24T22:00:00Z,127,8,119,100,21.1,91,5.4,2.5
2024-07-24T23:00:00Z,71,1,70,81,21.4,91,5.8,0.4
2024-07-25T00:00:00Z,73,22,51,74,21.2,91,8.7,0
2024-07-25T01:00:00Z,9,2,7,80,20.4,92,9,0.9
2024-07-25T02:00:00Z,0,0,0,86,19.7,94,11.8,1.9
2024-07-25T03:00:00Z,0,0,0,100,19,95,11.5,1.3
2024-07-25T04:00:00Z,0,0,0,98,18.9,96,10.8,0.1
2024-07-25T05:00:00Z,0,0,0,74,18.9,95,12.2,0.1
2024-07-25T06:00:00Z,0,0,0,50,18.8,94,12.8,0
2024-07-25T07:00:00Z,0,0,0,43,18.1,95,12.8,0.1
2024-07-25T08:00:00Z,0,0,0,46,17.9,94,13.5,0.1
2024-07-25T09:00:00Z,0,0,0,55,17.5,93,11.9,0
2024-07-25T10:00:00Z,1,0,1,93,17.3,93,9.5,0
2024-07-25T11:00:00Z,56,33,23,100,17.6,92,10.5,0
2024-07-25T12:00:00Z,187,124,63,81,18.2,88,14.1,0.1
2024-07-25T13:00:00Z,329,236,93,66,18.6,85,15.4,0.1
2024-07-25T14:00:00Z,396,259,137,47,18.2,81,18.2,0.4
2024-07-25T15:00:00Z,503,366,137,56,19,80,18.1,0.2
2024-07-25T16:00:00Z,632,407,225,60,19.6,76,16.6,0.2
2024-07-25T17:00:00Z,578,375,203,83,19.9,73,17.7,0.1
2024-07-25T18:00:00Z,510,334,176,75,19.8,73,20.2,0.8
2024-07-25T19:00:00Z,491,292,199,86,18.7,78,19.8,0.3
2024-07-25T20:00:00Z,314,161,153,98,18.1,79,19.9,0.3
2024-07-25T21:00:00Z,210,48,162,67,18.8,76,18.3,0
2024-07-25T22:00:00Z,301,169,132,89,19.1,70,22.2,0
2024-07-25T23:00:00Z,247,177,70,96,19.1,69,22.2,0
2024-07-26T00:00:00Z,79,24,55,95,18.3,72,20.5,0
2024-07-26T01:00:00Z,5,0,5,100,17.9,71,17.9,0
2024-07-26T02:00:00Z,0,0,0,100,17.8,71,15.5,0
2024-07-26T03:00:00Z,0,0,0,72,17.5,73,14.2,0
2024-07-26T04:00:00Z,0,0,0,23,17,75,14.2,0
2024-07-26T05:00:00Z,0,0,0,8,16.2,78,14.3,0
2024-07-26T06:00:00Z,0,0,0,5,15.4,81,14.6,0
2024-07-26T07:00:00Z,0,0,0,1,14.5,85,14.3,0
2024-07-26T08:00:00Z,0,0,0,0,13.8,87,13.5,0
2024-07-26T09:00:00Z,0,0,0,0,13.3,89,12.8,0
2024-07-26T10:00:00Z,2,0,2,5,13.1,89,12.1,0
2024-07-26T11:00:00Z,78,49,29,2,14.2,86,11.5,0
2024-07-26T12:00:00Z,237,175,62,0,16.6,79,10.2,0
2024-07-26T13:00:00Z,407,325,82,6,19,71,10.1,0
2024-07-26T14:00:00Z,562,446,116,3,21,65,9.8,0
2024-07-26T15:00:00Z,718,612,106,0,23,59,10.2,0
2024-07-26T16:00:00Z,819,695,124,30,24.5,56,12.2,0
2024-07-26T17:00:00Z,885,754,131,40,25.5,52,13.9,0
2024-07-26T18:00:00Z,895,794,101,44,26.2,49,16.1,0
2024-07-26T19:00:00Z,699,538,161,68,26.7,47,17.6,0
2024-07-26T20:00:00Z,573,397,176,50,26.9,45,14.8,0
2024-07-26T21:00:00Z,445,257,188,40,26.9,47,13.1,0
2024-07-26T22:00:00Z,335,185,150,28,26.1,50,11.7,0
2024-07-26T23:00:00Z,272,200,72,11,25.4,52,10.6,0
2024-07-27T00:00:00Z,121,80,41,3,23.1,61,9.6,0
2024-07-27T01:00:00Z,12,5,7,3,20.8,70,8.3,0
2024-07-27T02:00:00Z,0,0,0,3,19.6,75,7,0
2024-07-27T03:00:00Z,0,0,0,25,18.2,80,6.9,0
2024-07-27T04:00:00Z,0,0,0,90,17.2,83,5.9,0
2024-07-27T05:00:00Z,0,0,0,100,16.2,87,5.5,0
2024-07-27T06:00:00Z,0,0,0,100,15.5,91,5.8,0
2024-07-27T07:00:00Z,0,0,0,97,15,93,5.5,0
2024-07-27T08:00:00Z,0,0,0,96,14.6,93,5.8,0
2024-07-27T09:00:00Z,0,0,0,88,14.4,94,6.7,0
2024-07-27T10:00:00Z,1,0,1,55,14.4,96,10.2,0
2024-07-27T11:00:00Z,71,38,33,8,15.6,94,10.1,0
2024-07-27T12:00:00Z,233,175,58,20,18.2,87,8.6,0
2024-07-27T13:00:00Z,412,342,70,6,20.4,79,7.4,0
2024-07-27T14:00:00Z,580,494,86,28,22.5,68,6.1,0
2024-07-27T15:00:00Z,726,636,90,51,24.9,60,6,0
2024-07-27T16:00:00Z,833,740,93,9,26.1,54,7.3,0
2024-07-27T17:00:00Z,892,795,97,16,26.6,52,9.7,0
2024-07-27T18:00:00Z,908,813,95,18,27.3,49,10.2,0
2024-07-27T19:00:00Z,830,703,127,17,27.6,47,10,0
2024-07-27T20:00:00Z,707,559,148,31,27.7,47,9.8,0
2024-07-27T21:00:00Z,615,520,95,88,27.6,47,9.5,0
2024-07-27T22:00:00Z,461,382,79,100,27.3,49,8.4,0
2024-07-27T23:00:00Z,282,218,64,98,26.7,52,6.4,0
2024-07-28T00:00:00Z,115,71,44,94,24.7,65,6,0
2024-07-28T01:00:00Z,10,3,7,87,22.2,73,7,0
2024-07-28T02:00:00Z,0,0,0,92,21,77,7.6,0
2024-07-28T03:00:00Z,0,0,0,87,19.7,82,8.2,0
2024-07-28T04:00:00Z,0,0,0,0,18.8,84,8.4,0
2024-07-28T05:00:00Z,0,0,0,0,17.8,87,8.1,0
2024-07-28T06:00:00Z,0,0,0,0,16.7,91,6.9,0
2024-07-28T07:00:00Z,0,0,0,4,15.9,92,6.8,0
2024-07-28T08:00:00Z,0,0,0,17,15.3,93,6.8,0
2024-07-28T09:00:00Z,0,0,0,16,14.6,94,6.7,0
2024-07-28T10:00:00Z,1,0,1,1,13.6,96,6.2,0
2024-07-28T11:00:00Z,73,45,28,5,15.9,94,5.8,0
2024-07-28T12:00:00Z,230,174,56,29,18.3,89,3.7,0
2024-07-28T13:00:00Z,407,336,71,42,20.8,79,3.6,0
2024-07-28T14:00:00Z,577,495,82,57,23.1,69,4.7,0
2024-07-28T15:00:00Z,720,631,89,30,25.5,61,6.7,0
2024-07-28T16:00:00Z,826,731,95,0,26.8,57,7.5,0
2024-07-28T17:00:00Z,884,786,98,3,27.9,54,7.3,0
2024-07-28T18:00:00Z,890,793,97,10,28.8,50,6.7,0
2024-07-28T19:00:00Z,827,717,110,0,29.2,48,6.1,0
2024-07-28T20:00:00Z,751,659,92,2,29.4,48,5.4,0
2024-07-28T21:00:00Z,608,511,97,0,29.4,48,5.2,0
2024-07-28T22:00:00Z,454,379,75,0,28.7,52,5.1,0
2024-07-28T23:00:00Z,280,218,62,0,27.7,56,5.3,0
2024-07-29T00:00:00Z,114,76,38,0,25.7,66,5.2,0
2024-07-29T01:00:00Z,10,4,6,0,22.8,77,6.1,0
2024-07-29T02:00:00Z,0,0,0,0,21.8,81,6.7,0
2024-07-29T03:00:00Z,0,0,0,10,20,86,7.5,0
2024-07-29T04:00:00Z,0,0,0,11,18.7,89,6.9,0
2024-07-29T05:00:00Z,0,0,0,1,17.2,92,6.1,0
2024-07-29T06:00:00Z,0,0,0,0,17,90,6.2,0
2024-07-29T07:00:00Z,0,0,0,0,17.6,87,5.8,0
2024-07-29T08:00:00Z,0,0,0,0,17.4,88,5.4,0
2024-07-29T09:00:00Z,0,0,0,0,16.9,91,6.2,0
2024-07-29T10:00:00Z,1,0,1,57,16.3,96,6.9,0
2024-07-29T11:00:00Z,69,41,28,29,16.8,98,4.3,0
2024-07-29T12:00:00Z,216,152,64,35,19.6,90,1.5,0
2024-07-29T13:00:00Z,386,292,94,73,22,78,1.3,0
2024-07-29T14:00:00Z,557,442,115,91,24,72,0.9,0
2024-07-29T15:00:00Z,700,571,129,74,25.7,63,2.7,0
2024-07-29T16:00:00Z,804,667,137,82,26.7,62,4.9,0
2024-07-29T17:00:00Z,794,591,203,94,27.4,58,5.2,0
2024-07-29T18:00:00Z,796,593,203,98,28.1,55,4.4,0
2024-07-29T19:00:00Z,589,239,350,97,27.9,56,3.4,0
2024-07-29T20:00:00Z,448,139,309,91,27.8,56,2.9,0
2024-07-29T21:00:00Z,460,202,258,72,27.5,57,2.7,0
2024-07-29T22:00:00Z,387,248,139,1,27.4,59,1.8,0
2024-07-29T23:00:00Z,250,164,86,2,26.8,58,3.3,0
2024-07-30T00:00:00Z,106,62,44,0,24.7,76,2.9,0
2024-07-30T01:00:00Z,9,4,5,1,22,84,5.4,0
2024-07-30T02:00:00Z,0,0,0,1,21.1,88,5.4,0
2024-07-30T03:00:00Z,0,0,0,1,21,87,4.6,0
2024-07-30T04:00:00Z,0,0,0,0,21.2,85,4.8,0
2024-07-30T05:00:00Z,0,0,0,0,20.1,87,5.4,0
2024-07-30T06:00:00Z,0,0,0,0,19.4,90,4.9,0
2024-07-30T07:00:00Z,0,0,0,52,17.6,93,3.3,0
2024-07-30T08:00:00Z,0,0,0,45,18.2,93,0.4,0
2024-07-30T09:00:00Z,0,0,0,60,18.4,93,2.7,0
2024-07-30T10:00:00Z,1,0,1,100,16.1,98,2.2,0
2024-07-30T11:00:00Z,42,8,34,100,17.7,95,2.2,0
2024-07-30T12:00:00Z,139,27,112,94,18.9,97,3.1,0
2024-07-30T13:00:00Z,307,155,152,34,21.3,88,3.9,0
2024-07-30T14:00:00Z,499,352,147,27,23.6,81,5.7,0
2024-07-30T15:00:00Z,705,612,93,10,26.2,69,6.5,0
2024-07-30T16:00:00Z,787,670,117,11,27.7,62,6.1,0
2024-07-30T17:00:00Z,864,748,116,34,29.2,56,6.3,0
2024-07-30T18:00:00Z,828,722,106,66,30.3,50,6.9,0
2024-07-30T19:00:00Z,788,643,145,69,30.9,45,6.3,0
2024-07-30T20:00:00Z,708,569,139,94,31.4,43,5.6,0
2024-07-30T21:00:00Z,599,489,110,97,31.2,46,5.2,0
2024-07-30T22:00:00Z,390,266,124,95,29.6,53,6.4,0
2024-07-30T23:00:00Z,218,134,84,97,28.1,63,8.4,0.1
2024-07-31T00:00:00Z,72,31,41,96,26.6,68,8.6,0
2024-07-31T01:00:00Z,6,1,5,98,25,73,9.7,0
2024-07-31T02:00:00Z,0,0,0,98,24.1,79,10.6,0
2024-07-31T03:00:00Z,0,0,0,90,23,86,8.2,0
2024-07-31T04:00:00Z,0,0,0,83,22.3,91,7,0
2024-07-31T05:00:00Z,0,0,0,100,21.9,95,7.4,0
2024-07-31T06:00:00Z,0,0,0,100,22,96,7.2,0
2024-07-31T07:00:00Z,0,0,0,100,21.7,97,8.2,3.6
2024-07-31T08:00:00Z,0,0,0,100,21.8,98,9,3.6
2024-07-31T09:00:00Z,0,0,0,97,21.8,96,9.1,1.5
2024-07-31T10:00:00Z,0,0,0,99,21.8,97,5.2,1.4
2024-07-31T11:00:00Z,10,0,10,98,22.4,96,7.7,3
2024-07-31T12:00:00Z,34,2,32,99,22.9,95,7.6,2.9
2024-07-31T13:00:00Z,41,0,41,99,23.2,94,7.4,3.3
2024-07-31T14:00:00Z,61,2,59,100,23.9,93,6.3,4
2024-07-31T15:00:00Z,79,0,79,96,24.3,92,5.3,2.5
2024-07-31T16:00:00Z,94,0,94,96,24.7,90,6.2,0.6
2024-07-31T17:00:00Z,290,56,234,56,25.4,88,6.2,0.2
2024-07-31T18:00:00Z,414,93,321,76,26.4,79,7.1,0.1
2024-07-31T19:00:00Z,593,305,288,66,27.1,77,9.2,1.5
2024-07-31T20:00:00Z,524,301,223,43,27.9,75,10.1,0.9
2024-07-31T21:00:00Z,483,380,103,34,28.4,72,11.6,0.2
2024-07-31T22:00:00Z,332,249,83,52,26.8,76,9.1,0
2024-07-31T23:00:00Z,201,140,61,48,26.7,78,5.6,0
2024-08-01T00:00:00Z,79,52,27,34,25.6,84,5.8,0
2024-08-01T01:00:00Z,5,2,3,26,23.7,92,6.6,0
2024-08-01T02:00:00Z,0,0,0,24,22.9,95,6.3,0
2024-08-01T03:00:00Z,0,0,0,15,22.4,96,7,0
2024-08-01T04:00:00Z,0,0,0,8,22.1,96,7.5,0
2024-08-01T05:00:00Z,0,0,0,2,22,95,7.7,0
2024-08-01T06:00:00Z,0,0,0,7,21.8,94,7.5,0
2024-08-01T07:00:00Z,0,0,0,3,21.1,95,7.3,0
2024-08-01T08:00:00Z,0,0,0,2,20.7,95,7.7,0
2024-08-01T09:00:00Z,0,0,0,1,20.4,96,7.8,0
2024-08-01T10:00:00Z,0,0,0,1,20,96,8.2,0
2024-08-01T11:00:00Z,55,31,24,9,20.7,96,8.2,0
2024-08-01T12:00:00Z,213,157,56,26,22.4,93,8,0
2024-08-01T13:00:00Z,379,305,74,20,24.1,88,7.6,0
2024-08-01T14:00:00Z,557,474,83,7,25.6,82,6.2,0
2024-08-01T15:00:00Z,702,611,91,3,27.8,75,5.9,0
2024-08-01T16:00:00Z,803,705,98,14,29.1,67,7.2,0
2024-08-01T17:00:00Z,830,714,116,28,30,62,6.9,0
2024-08-01T18:00:00Z,699,562,137,35,30.1,61,5.1,0
2024-08-01T19:00:00Z,668,536,132,22,30.8,58,6.8,0
2024-08-01T20:00:00Z,688,571,117,8,30.7,59,7.4,0
2024-08-01T21:00:00Z,554,456,98,34,30.8,56,7.2,0.1
2024-08-01T22:00:00Z,419,340,79,24,30.6,56,6.9,0.2
2024-08-01T23:00:00Z,245,175,70,40,29.1,65,6.2,0
2024-08-02T00:00:00Z,98,63,35,19,26.9,77,4.8,0
2024-08-02T01:00:00Z,6,2,4,10,25.5,80,6.2,0
2024-08-02T02:00:00Z,0,0,0,17,23.7,87,6.2,0
2024-08-02T03:00:00Z,0,0,0,16,22.6,90,8.6,0
2024-08-02T04:00:00Z,0,0,0,22,21.8,92,7.6,0
2024-08-02T05:00:00Z,0,0,0,21,21.1,94,6.8,0
2024-08-02T06:00:00Z,0,0,0,31,20.9,93,5.8,0
2024-08-02T07:00:00Z,0,0,0,28,20.7,93,5.5,0
2024-08-02T08:00:00Z,0,0,0,34,19.9,96,5.7,0
2024-08-02T09:00:00Z,0,0,0,51,19.4,98,6.4,0
2024-08-02T10:00:00Z,0,0,0,41,19.2,98,4.8,0
2024-08-02T11:00:00Z,54,31,23,81,20.5,99,3,0
2024-08-02T12:00:00Z,198,122,76,100,22.7,95,2.4,0
2024-08-02T13:00:00Z,344,215,129,100,24.3,89,2.6,0
2024-08-02T14:00:00Z,502,336,166,100,26.1,80,3.7,0
2024-08-02T15:00:00Z,573,317,256,100,27.9,73,5.2,0
2024-08-02T16:00:00Z,601,260,341,100,28.6,69,5.9,0
2024-08-02T17:00:00Z,621,230,391,100,29.4,65,6.9,0
2024-08-02T18:00:00Z,603,170,433,100,29.7,63,7.3,0
2024-08-02T19:00:00Z,670,302,368,100,30.1,61,7.1,0
2024-08-02T20:00:00Z,542,209,333,100,30.1,60,6.4,0
2024-08-02T21:00:00Z,439,185,254,100,30.4,58,6.4,0
2024-08-02T22:00:00Z,296,94,202,100,30.1,61,3.1,0
2024-08-02T23:00:00Z,171,46,125,100,29.1,69,6.8,0
2024-08-03T00:00:00Z,67,12,55,99,27.3,78,7.5,0
2024-08-03T01:00:00Z,4,0,4,99,25.5,84,8.9,0
2024-08-03T02:00:00Z,0,0,0,99,24.6,86,8.9,0
2024-08-03T03:00:00Z,0,0,0,98,23.4,89,8.1,0
2024-08-03T04:00:00Z,0,0,0,92,22.6,91,6.1,0
2024-08-03T05:00:00Z,0,0,0,99,21.8,93,6.9,0
2024-08-03T06:00:00Z,0,0,0,96,22,92,6.4,0
2024-08-03T07:00:00Z,0,0,0,91,21.6,93,6,0
2024-08-03T08:00:00Z,0,0,0,91,21.4,95,5.7,0
2024-08-03T09:00:00Z,0,0,0,57,20.3,97,4.8,0
2024-08-03T10:00:00Z,0,0,0,63,20.5,97,4.7,0
2024-08-03T11:00:00Z,55,28,27,33,21.5,96,5.3,0
2024-08-03T12:00:00Z,201,138,63,70,23.2,93,5.1,0
2024-08-03T13:00:00Z,362,283,79,73,24.9,87,4.9,0
2024-08-03T14:00:00Z,546,459,87,42,26.6,79,5.5,0
2024-08-03T15:00:00Z,666,527,139,85,28.3,72,7.6,0
2024-08-03T16:00:00Z,755,578,177,98,29.4,67,9.3,0
2024-08-03T17:00:00Z,773,519,254,99,30.5,61,10.7,0
2024-08-03T18:00:00Z,754,486,268,100,30.7,61,11.5,0
2024-08-03T19:00:00Z,603,243,360,100,31.1,59,13,0
2024-08-03T20:00:00Z,475,175,300,98,30.4,62,12.6,0.3
2024-08-03T21:00:00Z,331,92,239,98,29.3,69,10.6,0
2024-08-03T22:00:00Z,266,78,188,100,28.6,75,2.3,0.2
2024-08-03T23:00:00Z,140,25,115,96,27.9,81,2.5,0.3
2024-08-04T00:00:00Z,58,4,54,96,26.2,87,3.2,0
2024-08-04T01:00:00Z,4,0,4,86,24.3,92,5.1,0
2024-08-04T02:00:00Z,0,0,0,82,23.4,94,6.8,0
2024-08-04T03:00:00Z,0,0,0,78,22.5,96,7.2,0
2024-08-04T04:00:00Z,0,0,0,31,21.8,98,5.8,0
2024-08-04T05:00:00Z,0,0,0,13,21.6,98,5,0
2024-08-04T06:00:00Z,0,0,0,7,21.3,98,5,0
2024-08-04T07:00:00Z,0,0,0,3,21.3,98,6,0
2024-08-04T08:00:00Z,0,0,0,2,20.4,98,8.6,0
2024-08-04T09:00:00Z,0,0,0,8,19.8,99,9,0
2024-08-04T10:00:00Z,0,0,0,3,19.3,94,6.9,0
2024-08-04T11:00:00Z,55,33,22,2,20.2,93,4.9,0
2024-08-04T12:00:00Z,208,152,56,2,21.8,90,2.2,0
2024-08-04T13:00:00Z,369,295,74,7,23.4,86,2.8,0
2024-08-04T14:00:00Z,525,418,107,16,25.1,82,5.1,0
2024-08-04T15:00:00Z,587,391,196,9,26.9,76,6.6,0
2024-08-04T16:00:00Z,610,464,146,21,27.8,72,7.4,0
2024-08-04T17:00:00Z,675,510,165,38,27.4,67,9.2,2.6
2024-08-04T18:00:00Z,711,549,162,63,28.3,64,12.7,0.1
2024-08-04T19:00:00Z,530,301,229,51,29.4,57,10,0.3
2024-08-04T20:00:00Z,434,286,148,37,28.4,55,10.7,0
2024-08-04T21:00:00Z,393,258,135,44,26.4,63,11.1,0.1
2024-08-04T22:00:00Z,274,193,81,79,26.4,66,13.7,0
2024-08-04T23:00:00Z,218,143,75,65,25.5,68,10.9,0
2024-08-05T00:00:00Z,73,42,31,18,24.1,73,9,0
2024-08-05T01:00:00Z,3,1,2,9,22.5,78,8.5,0
2024-08-05T02:00:00Z,0,0,0,9,21.6,82,7.3,0
2024-08-05T03:00:00Z,0,0,0,45,20.6,83,8.2,0
2024-08-05T04:00:00Z,0,0,0,63,19.7,83,7.6,0
2024-08-05T05:00:00Z,0,0,0,27,19,83,6.6,0
2024-08-05T06:00:00Z,0,0,0,14,18.2,84,7.4,0
2024-08-05T07:00:00Z,0,0,0,48,17.7,83,7.1,0
2024-08-05T08:00:00Z,0,0,0,87,17.2,86,6,0
2024-08-05T09:00:00Z,0,0,0,95,16.9,90,4.3,0
2024-08-05T10:00:00Z,0,0,0,96,16.8,90,5.9,0
2024-08-05T11:00:00Z,30,9,21,93,17.8,88,3.4,0
2024-08-05T12:00:00Z,93,27,66,100,18.4,90,1.7,0
2024-08-05T13:00:00Z,97,20,77,100,18.2,83,1.9,0.8
2024-08-05T14:00:00Z,137,34,103,100,16.8,91,4.2,1.8
2024-08-05T15:00:00Z,212,79,133,100,17.3,92,6.2,2.8
2024-08-05T16:00:00Z,198,32,166,100,17.5,90,7.1,1.8
2024-08-05T17:00:00Z,190,39,151,100,17.6,87,7.5,1.6
2024-08-05T18:00:00Z,302,154,148,100,18,85,6.8,1.3
2024-08-05T19:00:00Z,127,0,127,100,17.6,89,6.7,0.4
2024-08-05T20:00:00Z,128,7,121,100,17.8,87,7.5,0.1
2024-08-05T21:00:00Z,174,70,104,97,18.4,81,8.1,0
2024-08-05T22:00:00Z,188,57,131,89,17.8,84,9.7,0
2024-08-05T23:00:00Z,125,30,95,50,17.5,83,7.8,0
2024-08-06T00:00:00Z,45,17,28,91,16.7,89,5.3,0
2024-08-06T01:00:00Z,3,0,3,92,15.8,91,2.4,0
2024-08-06T02:00:00Z,0,0,0,100,14.5,95,2.3,0
2024-08-06T03:00:00Z,0,0,0,100,13.9,98,4.3,0
2024-08-06T04:00:00Z,0,0,0,100,13.6,98,4.2,0
2024-08-06T05:00:00Z,0,0,0,100,13.1,99,4.6,0
2024-08-06T06:00:00Z,0,0,0,100,13.2,99,5.3,0
2024-08-06T07:00:00Z,0,0,0,100,13,99,4.9,0
2024-08-06T08:00:00Z,0,0,0,99,13,100,4.8,0
2024-08-06T09:00:00Z,0,0,0,100,13.2,100,6.7,0
2024-08-06T10:00:00Z,0,0,0,100,12.8,99,8.5,0
2024-08-06T11:00:00Z,47,16,31,100,13.5,99,7.5,0
2024-08-06T12:00:00Z,172,65,107,100,15,97,5.4,0
2024-08-06T13:00:00Z,332,188,144,100,16.3,90,3.6,0
2024-08-06T14:00:00Z,440,197,243,100,17.7,87,2.4,0
2024-08-06T15:00:00Z,510,172,338,100,19.8,73,0.7,0
2024-08-06T16:00:00Z,550,168,382,100,21,61,1.5,0
2024-08-06T17:00:00Z,669,344,325,100,22.1,56,2.9,0
2024-08-06T18:00:00Z,742,383,359,100,23,52,4.5,0
2024-08-06T19:00:00Z,567,195,372,100,23.2,49,6.6,0
2024-08-06T20:00:00Z,397,109,288,100,23.3,48,8,0
2024-08-06T21:00:00Z,374,102,272,100,23,50,7.1,0
2024-08-06T22:00:00Z,259,41,218,100,22,57,5.5,0
2024-08-06T23:00:00Z,151,33,118,100,21.2,65,5.9,0
2024-08-07T00:00:00Z,58,18,40,99,19.5,77,6.6,0
2024-08-07T01:00:00Z,3,0,3,54,16.9,88,7.1,0
2024-08-07T02:00:00Z,0,0,0,31,15.9,91,6,0
2024-08-07T03:00:00Z,0,0,0,50,14.5,95,4.9,0
2024-08-07T04:00:00Z,0,0,0,48,14.6,94,4.9,0
2024-08-07T05:00:00Z,0,0,0,41,13.6,96,5.3,0
2024-08-07T06:00:00Z,0,0,0,12,13.1,94,7.1,0
2024-08-07T07:00:00Z,0,0,0,5,12.4,92,8.9,0
2024-08-07T08:00:00Z,0,0,0,2,12,90,11.3,0
2024-08-07T09:00:00Z,0,0,0,0,11.7,90,11.2,0
2024-08-07T10:00:00Z,0,0,0,0,11.3,94,11.7,0
2024-08-07T11:00:00Z,52,32,20,14,12.7,90,11.4,0
2024-08-07T12:00:00Z,209,156,53,0,15.4,80,9.8,0
2024-08-07T13:00:00Z,385,304,81,0,17.7,70,9.6,0
2024-08-07T14:00:00Z,562,472,90,0,20,58,9.1,0
2024-08-07T15:00:00Z,711,612,99,0,21.9,49,8.1,0
2024-08-07T16:00:00Z,824,730,94,1,22.7,44,6.6,0
2024-08-07T17:00:00Z,887,791,96,13,23.5,42,5.7,0
2024-08-07T18:00:00Z,898,806,92,7,24,40,5.4,0
2024-08-07T19:00:00Z,847,750,97,0,24.4,40,5.6,0
2024-08-07T20:00:00Z,754,672,82,0,24.6,40,5,0
2024-08-07T21:00:00Z,614,536,78,0,24.6,39,4.5,0
2024-08-07T22:00:00Z,441,369,72,11,23.9,44,4.7,0
2024-08-07T23:00:00Z,258,201,57,9,23.2,46,4.3,0
2024-08-08T00:00:00Z,90,59,31,3,21.1,56,4.6,0
2024-08-08T01:00:00Z,3,1,2,0,18.7,70,5.5,0
2024-08-08T02:00:00Z,0,0,0,0,16.6,82,6.6,0
2024-08-08T03:00:00Z,0,0,0,0,15,88,6.1,0
2024-08-08T04:00:00Z,0,0,0,0,13.9,91,6.2,0
2024-08-08T05:00:00Z,0,0,0,1,13.6,90,6.6,0
2024-08-08T06:00:00Z,0,0,0,2,13.1,90,7.2,0
2024-08-08T07:00:00Z,0,0,0,4,12.3,93,7.7,0
2024-08-08T08:00:00Z,0,0,0,0,11.1,96,8.6,0
2024-08-08T09:00:00Z,0,0,0,2,11.6,93,9.2,0
2024-08-08T10:00:00Z,0,0,0,1,11.8,93,8.6,0
2024-08-08T11:00:00Z,50,29,21,79,13,91,10.8,0
2024-08-08T12:00:00Z,195,135,60,73,15.5,86,11.1,0
2024-08-08T13:00:00Z,333,210,123,77,18.4,77,11,0
2024-08-08T14:00:00Z,455,281,174,83,20.2,72,11.1,0
2024-08-08T15:00:00Z,548,302,246,74,21.6,67,11.8,0
2024-08-08T16:00:00Z,657,340,317,93,22.7,66,12.8,0
2024-08-08T17:00:00Z,753,487,266,83,24,62,13.2,0
2024-08-08T18:00:00Z,765,553,212,80,25.1,57,14.6,0
2024-08-08T19:00:00Z,574,298,276,100,25,56,12.2,0.3
2024-08-08T20:00:00Z,390,139,251,97,24.6,62,9.6,0.3
2024-08-08T21:00:00Z,194,81,113,98,24.1,65,9.9,0.1
2024-08-08T22:00:00Z,171,52,119,61,22.7,75,10.3,0
2024-08-08T23:00:00Z,73,20,53,91,22.1,77,12.4,0
2024-08-09T00:00:00Z,26,5,21,98,21.3,82,14.5,0.4
2024-08-09T01:00:00Z,1,0,1,92,20.5,87,13.7,0.4
2024-08-09T02:00:00Z,0,0,0,100,20.1,90,12,0.4
2024-08-09T03:00:00Z,0,0,0,100,19.7,94,12.7,0.5
2024-08-09T04:00:00Z,0,0,0,100,19.5,95,13.1,0.6
2024-08-09T05:00:00Z,0,0,0,100,19.3,98,13.1,1.1
2024-08-09T06:00:00Z,0,0,0,100,19.4,98,12.3,1.2
2024-08-09T07:00:00Z,0,0,0,100,19.4,98,11.4,1.9
2024-08-09T08:00:00Z,0,0,0,100,19.4,98,10.6,3.3
2024-08-09T09:00:00Z,0,0,0,100,19.3,98,10.7,3.6
2024-08-09T10:00:00Z,0,0,0,100,19.2,99,9,3.8
2024-08-09T11:00:00Z,5,0,5,100,19.2,99,11.1,4.1
2024-08-09T12:00:00Z,16,0,16,100,19.4,99,12,4.6
2024-08-09T13:00:00Z,22,0,22,100,19.6,98,12,4.4
2024-08-09T14:00:00Z,50,0,50,100,20.3,98,11.4,2.8
2024-08-09T15:00:00Z,65,0,65,100,20.8,97,11.7,3.1
2024-08-09T16:00:00Z,41,0,41,100,20.8,98,13.5,7.8
2024-08-09T17:00:00Z,32,0,32,100,20.5,98,13,14.7
2024-08-09T18:00:00Z,23,0,23,100,20.3,98,10.5,17.9
2024-08-09T19:00:00Z,48,0,48,100,20.2,98,12.3,6.5
2024-08-09T20:00:00Z,49,0,49,100,20,98,13.1,3.5
2024-08-09T21:00:00Z,42,0,42,100,20.2,97,13.7,2.2
2024-08-09T22:00:00Z,50,0,50,99,19.7,95,9.6,0.8
2024-08-09T23:00:00Z,53,2,51,94,19.8,95,4,0.1
2024-08-10T00:00:00Z,36,8,28,99,19.7,95,3.3,0
2024-08-10T01:00:00Z,1,0,1,98,19.7,96,4.5,0
2024-08-10T02:00:00Z,0,0,0,99,19.8,97,5,0
2024-08-10T03:00:00Z,0,0,0,100,20,98,7.8,0
2024-08-10T04:00:00Z,0,0,0,79,20.4,98,12.1,0
2024-08-10T05:00:00Z,0,0,0,63,20.4,98,14.9,0
2024-08-10T06:00:00Z,0,0,0,33,19.4,95,14.6,0
2024-08-10T07:00:00Z,0,0,0,26,17.9,92,13.4,0
2024-08-10T08:00:00Z,0,0,0,8,16.4,91,12.2,0
2024-08-10T09:00:00Z,0,0,0,22,15.3,90,12.1,0
2024-08-10T10:00:00Z,0,0,0,18,15,92,9.5,0
2024-08-10T11:00:00Z,43,27,16,7,15.3,90,9.5,0
2024-08-10T12:00:00Z,182,121,61,3,17,86,9.8,0
2024-08-10T13:00:00Z,374,304,70,8,18.4,80,11.8,0
2024-08-10T14:00:00Z,517,419,98,14,19.9,73,13.1,0
2024-08-10T15:00:00Z,663,533,130,42,21.9,64,13.7,0
2024-08-10T16:00:00Z,605,424,181,54,22.8,59,16.1,0.1
2024-08-10T17:00:00Z,558,372,186,37,23,58,16.7,0.1
2024-08-10T18:00:00Z,563,369,194,52,23.4,59,17.4,0.3
2024-08-10T19:00:00Z,609,463,146,45,23.3,60,15.9,0.1
2024-08-10T20:00:00Z,556,432,124,45,23.5,59,15.1,0.1
2024-08-10T21:00:00Z,497,375,122,53,23.8,54,13,0
2024-08-10T22:00:00Z,356,270,86,39,23.3,56,10.8,0
2024-08-10T23:00:00Z,166,115,51,44,21.7,64,12.3,0
2024-08-11T00:00:00Z,51,30,21,71,20.3,69,13.2,0
2024-08-11T01:00:00Z,1,0,1,69,19.5,72,12.6,0
2024-08-11T02:00:00Z,0,0,0,44,18.6,76,12,0
2024-08-11T03:00:00Z,0,0,0,39,17.6,77,12.4,0
2024-08-11T04:00:00Z,0,0,0,19,16.5,80,11.4,0
2024-08-11T05:00:00Z,0,0,0,11,15.8,83,10.6,0
2024-08-11T06:00:00Z,0,0,0,9,15.3,86,10.6,0
2024-08-11T07:00:00Z,0,0,0,7,14.8,87,10.8,0
2024-08-11T08:00:00Z,0,0,0,15,14.4,89,10.7,0
2024-08-11T09:00:00Z,0,0,0,17,14.1,91,10.3,0
2024-08-11T10:00:00Z,0,0,0,23,14,92,8.3,0
2024-08-11T11:00:00Z,39,21,18,35,14.7,92,7.9,0
2024-08-11T12:00:00Z,131,79,52,31,16.4,87,6.8,0
2024-08-11T13:00:00Z,270,170,100,49,17.7,81,9.4,0
2024-08-11T14:00:00Z,385,256,129,49,18.8,77,9.4,0
2024-08-11T15:00:00Z,519,383,136,39,20.2,72,9.4,0
2024-08-11T16:00:00Z,662,483,179,74,20.7,71,10.9,0.1
2024-08-11T17:00:00Z,592,388,204,59,21.1,66,10.4,0.1
2024-08-11T18:00:00Z,461,190,271,78,21.3,65,9.6,0.1
2024-08-11T19:00:00Z,493,248,245,96,21.5,68,17.3,3
2024-08-11T20:00:00Z,242,64,178,84,20,72,13.6,1.6
2024-08-11T21:00:00Z,313,151,162,52,17.9,84,10.5,0.2
2024-08-11T22:00:00Z,281,159,122,87,18.9,79,6.8,0
2024-08-11T23:00:00Z,144,49,95,96,18.3,81,7.3,0.2
2024-08-12T00:00:00Z,33,4,29,95,17.2,87,8.2,0
2024-08-12T01:00:00Z,1,0,1,89,16.3,89,9.8,0
2024-08-12T02:00:00Z,0,0,0,72,15.8,89,11.1,0
2024-08-12T03:00:00Z,0,0,0,66,15.2,90,10.2,0
2024-08-12T04:00:00Z,0,0,0,69,15,90,8.4,0
2024-08-12T05:00:00Z,0,0,0,61,14.8,90,9.3,0
2024-08-12T06:00:00Z,0,0,0,37,14.5,91,11,0
2024-08-12T07:00:00Z,0,0,0,19,14.2,93,11,0
2024-08-12T08:00:00Z,0,0,0,83,14.1,94,10.4,0
2024-08-12T09:00:00Z,0,0,0,99,14.1,96,9.5,0
2024-08-12T10:00:00Z,0,0,0,95,14.3,98,8.7,0
2024-08-12T11:00:00Z,25,8,17,79,14.9,95,8.9,0
2024-08-12T12:00:00Z,115,43,72,79,15.7,91,10.2,0
2024-08-12T13:00:00Z,257,136,121,65,16.9,83,8.7,0.1
2024-08-12T14:00:00Z,382,237,145,68,17.7,76,8.4,0.1
2024-08-12T15:00:00Z,549,432,117,53,18.7,72,8.7,0.1
2024-08-12T16:00:00Z,584,441,143,32,19.4,69,8.6,0.1
2024-08-12T17:00:00Z,739,582,157,43,20.4,65,8.2,0.1
2024-08-12T18:00:00Z,680,569,111,61,20.7,64,8.9,0.1
2024-08-12T19:00:00Z,714,558,156,45,20.9,63,9.3,0
2024-08-12T20:00:00Z,576,447,129,46,20.9,63,10.5,0
2024-08-12T21:00:00Z,432,306,126,34,21.2,62,11.7,0.4
2024-08-12T22:00:00Z,351,259,92,56,20.4,69,12.1,0.1
2024-08-12T23:00:00Z,174,120,54,40,20,71,10.5,0
2024-08-13T00:00:00Z,61,38,23,9,18.8,77,7.6,0
2024-08-13T01:00:00Z,1,0,1,4,17.2,84,8.1,0
2024-08-13T02:00:00Z,0,0,0,1,16.1,88,9.2,0
2024-08-13T03:00:00Z,0,0,0,5,15.4,89,8.8,0
2024-08-13T04:00:00Z,0,0,0,13,15.1,89,9.2,0
2024-08-13T05:00:00Z,0,0,0,15,14.8,90,9.1,0
2024-08-13T06:00:00Z,0,0,0,25,14.3,93,8.9,0
2024-08-13T07:00:00Z,0,0,0,47,14.2,93,8.8,0
2024-08-13T08:00:00Z,0,0,0,74,14.4,93,8.7,0
2024-08-13T09:00:00Z,0,0,0,70,14.3,93,9.3,0
2024-08-13T10:00:00Z,0,0,0,17,13.9,96,8.8,0
2024-08-13T11:00:00Z,36,19,17,5,14.4,96,9,0
2024-08-13T12:00:00Z,169,111,58,3,15.9,93,8.4,0
2024-08-13T13:00:00Z,362,292,70,2,18.1,87,8.6,0
2024-08-13T14:00:00Z,535,454,81,0,20.4,78,8.6,0
2024-08-13T15:00:00Z,688,600,88,2,22.6,70,9.4,0
2024-08-13T16:00:00Z,799,706,93,7,24.1,64,10.8,0
2024-08-13T17:00:00Z,863,766,97,18,25.4,59,11.2,0
2024-08-13T18:00:00Z,835,721,114,27,26.3,55,11.7,0
2024-08-13T19:00:00Z,632,461,171,32,26.8,53,12.2,0
2024-08-13T20:00:00Z,538,430,108,31,26.8,54,11.8,0
2024-08-13T21:00:00Z,453,345,108,33,26.8,53,11.5,0
2024-08-13T22:00:00Z,324,231,93,41,26.1,55,8.5,0
2024-08-13T23:00:00Z,195,134,61,38,25,61,9.1,0
2024-08-14T00:00:00Z,59,33,26,28,22.2,74,9.9,0
2024-08-14T01:00:00Z,0,0,0,41,20.1,83,10.1,0
2024-08-14T02:00:00Z,0,0,0,44,19.2,86,9,0
2024-08-14T03:00:00Z,0,0,0,56,18.5,87,7.8,0
2024-08-14T04:00:00Z,0,0,0,45,18,88,6.9,0
2024-08-14T05:00:00Z,0,0,0,29,17.2,90,8,0
2024-08-14T06:00:00Z,0,0,0,26,16.6,92,9.2,0
2024-08-14T07:00:00Z,0,0,0,20,16.3,92,9.8,0
2024-08-14T08:00:00Z,0,0,0,29,15.9,93,10.4,0
2024-08-14T09:00:00Z,0,0,0,26,15.5,94,11,0
2024-08-14T10:00:00Z,0,0,0,36,15.2,93,11.6,0
2024-08-14T11:00:00Z,33,18,15,30,15.6,90,12,0
2024-08-14T12:00:00Z,176,126,50,34,17.8,88,11.4,0
2024-08-14T13:00:00Z,340,272,68,38,19.7,82,10.7,0
2024-08-14T14:00:00Z,524,443,81,21,21.9,74,9.6,0
2024-08-14T15:00:00Z,649,556,93,31,24.4,68,8.3,0
2024-08-14T16:00:00Z,684,578,106,25,25.8,66,7.4,0
2024-08-14T17:00:00Z,817,714,103,17,27.2,61,7.8,0
2024-08-14T18:00:00Z,850,754,96,28,28.4,56,9.1,0
2024-08-14T19:00:00Z,790,680,110,83,28.6,53,11,0.1
2024-08-14T20:00:00Z,591,427,164,95,28,55,10.5,0.1
2024-08-14T21:00:00Z,450,274,176,91,28.2,58,8.4,0
2024-08-14T22:00:00Z,348,243,105,70,27.5,59,9,0
2024-08-14T23:00:00Z,188,118,70,80,26.1,66,7.9,0
2024-08-15T00:00:00Z,57,28,29,99,23.9,76,10.3,0
2024-08-15T01:00:00Z,0,0,0,100,21.9,82,12.3,0
2024-08-15T02:00:00Z,0,0,0,99,21,85,7.7,0
2024-08-15T03:00:00Z,0,0,0,95,20,87,5.6,0
2024-08-15T04:00:00Z,0,0,0,72,19.5,88,5.1,0
2024-08-15T05:00:00Z,0,0,0,85,19,90,6.8,0
2024-08-15T06:00:00Z,0,0,0,87,18.3,91,8,0
2024-08-15T07:00:00Z,0,0,0,69,18,90,8.6,0
2024-08-15T08:00:00Z,0,0,0,33,17.7,90,8.1,0
2024-08-15T09:00:00Z,0,0,0,17,17,92,8.4,0
2024-08-15T10:00:00Z,0,0,0,10,16.3,95,10.2,0
2024-08-15T11:00:00Z,34,19,15,8,16.5,96,10,0
2024-08-15T12:00:00Z,178,128,50,13,18.2,94,8.6,0
2024-08-15T13:00:00Z,349,272,77,27,20.2,89,7.5,0
2024-08-15T14:00:00Z,517,425,92,23,22.3,81,7,0
2024-08-15T15:00:00Z,672,583,89,34,24.6,75,7,0
2024-08-15T16:00:00Z,768,674,94,13,26.4,68,7.1,0
2024-08-15T17:00:00Z,839,743,96,2,28,61,7.2,0
2024-08-15T18:00:00Z,849,753,96,12,29.3,54,7.5,0
2024-08-15T19:00:00Z,750,619,131,24,29.7,50,8.4,0
2024-08-15T20:00:00Z,561,442,119,41,29.4,51,8.7,0
2024-08-15T21:00:00Z,433,329,104,32,28.9,53,8,0.2
2024-08-15T22:00:00Z,279,169,110,35,27.7,59,6.8,0
2024-08-15T23:00:00Z,179,122,57,18,26.5,65,4.9,0
2024-08-16T00:00:00Z,56,33,23,12,23.8,76,4.3,0
2024-08-16T01:00:00Z,0,0,0,25,21.3,84,5.1,0
2024-08-16T02:00:00Z,0,0,0,14,20.1,88,5.8,0
2024-08-16T03:00:00Z,0,0,0,15,19,91,6.1,0
2024-08-16T04:00:00Z,0,0,0,8,18.3,93,7.8,0
2024-08-16T05:00:00Z,0,0,0,4,17.6,95,7.9,0
2024-08-16T06:00:00Z,0,0,0,2,17.1,96,6.9,0
2024-08-16T07:00:00Z,0,0,0,2,16.3,98,6.6,0
2024-08-16T08:00:00Z,0,0,0,0,16.6,97,7.6,0
2024-08-16T09:00:00Z,0,0,0,2,15.8,99,6.8,0
2024-08-16T10:00:00Z,0,0,0,44,15.3,100,7.8,0
2024-08-16T11:00:00Z,28,13,15,49,15.5,100,7.3,0
2024-08-16T12:00:00Z,140,77,63,35,17.5,96,5.7,0
2024-08-16T13:00:00Z,302,197,105,0,19.8,91,3.1,0
2024-08-16T14:00:00Z,502,391,111,0,23,83,1.1,0
2024-08-16T15:00:00Z,671,582,89,0,25.9,71,1.7,0
2024-08-16T16:00:00Z,767,669,98,0,27.6,63,4.5,0
2024-08-16T17:00:00Z,818,720,98,34,28.7,54,8.1,0
2024-08-16T18:00:00Z,656,531,125,34,28.8,52,8.2,0
2024-08-16T19:00:00Z,642,505,137,32,29.1,51,8.3,0
2024-08-16T20:00:00Z,655,545,110,48,28.7,54,9.6,0
2024-08-16T21:00:00Z,479,371,108,67,28.6,55,8.7,0
2024-08-16T22:00:00Z,340,269,71,91,27.7,58,9.4,0
2024-08-16T23:00:00Z,207,154,53,100,26.3,66,7.8,0
2024-08-17T00:00:00Z,53,28,25,96,23.8,76,8.1,0
2024-08-17T01:00:00Z,0,0,0,95,22.3,82,6.6,0
2024-08-17T02:00:00Z,0,0,0,97,21.4,86,6.9,0
2024-08-17T03:00:00Z,0,0,0,97,20.8,88,5.3,0
2024-08-17T04:00:00Z,0,0,0,97,20.4,90,5.8,0
2024-08-17T05:00:00Z,0,0,0,95,20.4,90,4.9,0
2024-08-17T06:00:00Z,0,0,0,95,20.2,91,6.3,0.9
2024-08-17T07:00:00Z,0,0,0,99,20.2,93,9.3,0.7
2024-08-17T08:00:00Z,0,0,0,99,20.1,92,12.4,0.7
2024-08-17T09:00:00Z,0,0,0,100,20,92,13.4,2.1
2024-08-17T10:00:00Z,0,0,0,100,19.5,92,11.4,2.5
2024-08-17T11:00:00Z,4,0,4,100,19.3,93,13.1,4.6
2024-08-17T12:00:00Z,24,0,24,100,19.6,93,14.3,3.8
2024-08-17T13:00:00Z,38,0,38,100,20,92,14.7,2.2
2024-08-17T14:00:00Z,72,0,72,100,20.5,93,13.4,0.9
2024-08-17T15:00:00Z,89,0,89,100,21.1,93,13.8,0.9
2024-08-17T16:00:00Z,218,41,177,100,21.9,88,14.2,0.1
2024-08-17T17:00:00Z,181,6,175,100,22,91,13.8,0.1
2024-08-17T18:00:00Z,236,33,203,100,23.2,89,12.6,0.2
2024-08-17T19:00:00Z,176,15,161,100,23.9,85,11.7,0.4
2024-08-17T20:00:00Z,168,12,156,100,24.1,85,9.5,0.2
2024-08-17T21:00:00Z,136,22,114,100,23.9,87,9.5,0.1
2024-08-17T22:00:00Z,105,9,96,99,23.3,90,10,0.2
2024-08-17T23:00:00Z,35,0,35,100,22.7,94,10.3,1.4
2024-08-18T00:00:00Z,11,0,11,98,22.3,94,10.9,1.2
2024-08-18T01:00:00Z,0,0,0,91,22,94,10.6,0.9
2024-08-18T02:00:00Z,0,0,0,93,21.7,95,9.3,1.3
2024-08-18T03:00:00Z,0,0,0,96,21.5,95,9.1,1.8
2024-08-18T04:00:00Z,0,0,0,100,21.3,96,10.4,1.3
2024-08-18T05:00:00Z,0,0,0,100,21.2,95,11,0.4
2024-08-18T06:00:00Z,0,0,0,98,21.2,95,11.2,0
2024-08-18T07:00:00Z,0,0,0,100,21.1,93,10.6,0.1
2024-08-18T08:00:00Z,0,0,0,100,21,93,9.7,0.1
2024-08-18T09:00:00Z,0,0,0,100,20.8,93,9.7,0
2024-08-18T10:00:00Z,0,0,0,100,20.3,94,11.6,0
2024-08-18T11:00:00Z,8,0,8,100,20.4,92,12,0
2024-08-18T12:00:00Z,47,0,47,100,20.7,93,11.8,0
2024-08-18T13:00:00Z,115,12,103,100,21.1,90,13.7,0
2024-08-18T14:00:00Z,241,102,139,100,21.7,87,13.9,0.1
2024-08-18T15:00:00Z,251,85,166,100,22.5,86,10.4,0
2024-08-18T16:00:00Z,268,44,224,100,23.7,82,10.8,0.2
2024-08-18T17:00:00Z,341,62,279,100,24.4,79,8.8,0.3
2024-08-18T18:00:00Z,262,26,236,99,24.5,81,9.1,0.3
2024-08-18T19:00:00Z,155,16,139,98,25,78,12.1,5.3
2024-08-18T20:00:00Z,275,76,199,92,25.5,77,13,4.6
2024-08-18T21:00:00Z,221,58,163,80,24.6,83,11.3,0.1
2024-08-18T22:00:00Z,237,116,121,96,23.4,88,8,0.2
2024-08-18T23:00:00Z,120,36,84,96,22,90,4.7,4.1
2024-08-19T00:00:00Z,20,3,17,98,21,95,5.2,1.2
2024-08-19T01:00:00Z,0,0,0,96,20.6,97,4.1,1.2
2024-08-19T02:00:00Z,0,0,0,100,20.5,97,5.3,0.6
2024-08-19T03:00:00Z,0,0,0,100,20.3,97,4.7,0.5
2024-08-19T04:00:00Z,0,0,0,97,19.9,98,4.2,0.3
2024-08-19T05:00:00Z,0,0,0,99,19.7,98,7,0.2
2024-08-19T06:00:00Z,0,0,0,100,19.6,98,10.3,0.2
2024-08-19T07:00:00Z,0,0,0,100,19,97,15.2,0.1
2024-08-19T08:00:00Z,0,0,0,100,17.9,96,17.7,0
2024-08-19T09:00:00Z,0,0,0,100,17,94,18.5,0
2024-08-19T10:00:00Z,0,0,0,100,16.4,92,18.1,0
2024-08-19T11:00:00Z,3,0,3,100,16.1,91,18.7,0
2024-08-19T12:00:00Z,26,2,24,100,16.1,88,19.4,0
2024-08-19T13:00:00Z,59,0,59,100,16,85,20.1,0
2024-08-19T14:00:00Z,71,0,71,100,15.7,83,21.4,0
2024-08-19T15:00:00Z,103,0,103,100,15.4,83,20.8,0
2024-08-19T16:00:00Z,139,3,136,100,15.4,83,20.5,0
2024-08-19T17:00:00Z,183,10,173,100,15.6,80,20.2,0
2024-08-19T18:00:00Z,155,2,153,100,15.3,77,20.2,0
2024-08-19T19:00:00Z,84,0,84,100,15.3,74,18,0.1
2024-08-19T20:00:00Z,107,6,101,100,15.6,71,18.8,0
2024-08-19T21:00:00Z,132,15,117,98,15.9,69,18.7,0
2024-08-19T22:00:00Z,121,25,96,97,15.6,69,17.8,0
2024-08-19T23:00:00Z,101,33,68,95,15.3,68,17.8,0
2024-08-20T00:00:00Z,24,5,19,99,14.3,68,18.1,0
2024-08-20T01:00:00Z,0,0,0,65,13.6,69,18.6,0
2024-08-20T02:00:00Z,0,0,0,31,13.1,71,17.6,0
2024-08-20T03:00:00Z,0,0,0,11,12.4,74,15.7,0
2024-08-20T04:00:00Z,0,0,0,11,11.8,76,14.4,0
2024-08-20T05:00:00Z,0,0,0,5,11.2,81,13.7,0
2024-08-20T06:00:00Z,0,0,0,7,11,85,14.4,0
2024-08-20T07:00:00Z,0,0,0,4,10.6,90,15.1,0
2024-08-20T08:00:00Z,0,0,0,17,10.5,92,14.9,0
2024-08-20T09:00:00Z,0,0,0,17,10.6,93,14.5,0
2024-08-20T10:00:00Z,0,0,0,25,11.3,89,15.1,0
2024-08-20T11:00:00Z,24,13,11,21,11.9,87,15.3,0
2024-08-20T12:00:00Z,116,68,48,46,13,84,18.1,0
2024-08-20T13:00:00Z,289,216,73,45,14.2,79,18.6,0
2024-08-20T14:00:00Z,398,312,86,25,15.3,77,17.3,0
2024-08-20T15:00:00Z,550,401,149,39,16.6,72,16.8,0
2024-08-20T16:00:00Z,657,449,208,44,17.5,68,16.1,0.1
2024-08-20T17:00:00Z,697,442,255,36,17.7,68,16.1,0.1
2024-08-20T18:00:00Z,683,461,222,38,18.4,65,17.2,0.1
2024-08-20T19:00:00Z,618,422,196,49,18.8,63,18.3,0.1
2024-08-20T20:00:00Z,589,450,139,48,17.9,65,18.2,0.2
2024-08-20T21:00:00Z,422,307,115,58,16.9,67,17.5,0.1
2024-08-20T22:00:00Z,247,159,88,89,15.7,75,10.8,0.1
2024-08-20T23:00:00Z,96,29,67,66,15.2,80,11.1,0
2024-08-21T00:00:00Z,30,10,20,40,14.6,81,12.4,0
2024-08-21T01:00:00Z,0,0,0,36,14.2,81,12,0.1
2024-08-21T02:00:00Z,0,0,0,40,13.7,83,12.4,0.3
2024-08-21T03:00:00Z,0,0,0,41,13.7,81,11.9,0.1
2024-08-21T04:00:00Z,0,0,0,37,13.2,83,11.1,0.1
2024-08-21T05:00:00Z,0,0,0,61,13.3,83,10.8,0
2024-08-21T06:00:00Z,0,0,0,67,13.1,82,10.5,0
2024-08-21T07:00:00Z,0,0,0,85,12.8,83,9.8,0
2024-08-21T08:00:00Z,0,0,0,100,12.8,83,9.1,0
2024-08-21T09:00:00Z,0,0,0,100,12.8,85,10.5,0.2
2024-08-21T10:00:00Z,0,0,0,100,12.8,90,11.4,0.9
2024-08-21T11:00:00Z,2,0,2,100,12.5,94,11.8,1.5
2024-08-21T12:00:00Z,11,0,11,100,12.5,96,12,1.6
2024-08-21T13:00:00Z,65,0,65,99,12.9,96,12.4,1.1
2024-08-21T14:00:00Z,179,41,138,95,14,93,12.1,0.6
2024-08-21T15:00:00Z,338,137,201,95,15.7,83,12,0.3
2024-08-21T16:00:00Z,267,65,202,95,16.4,79,12.3,0.3
2024-08-21T17:00:00Z,284,38,246,94,17.4,74,11.1,0.1
2024-08-21T18:00:00Z,132,12,120,100,17.1,79,11.3,0.8
2024-08-21T19:00:00Z,146,0,146,100,18.1,71,10.1,1.2
2024-08-21T20:00:00Z,238,48,190,100,17.5,79,9.8,0.4
2024-08-21T21:00:00Z,87,18,69,100,17.6,78,8.6,1.1
2024-08-21T22:00:00Z,147,75,72,99,16.8,88,5.2,1.6
2024-08-21T23:00:00Z,69,24,45,100,16.3,87,5.8,0.4
2024-08-22T00:00:00Z,18,9,9,97,15.5,89,6.3,0.3
2024-08-22T01:00:00Z,0,0,0,91,14.8,91,8.2,0.2
2024-08-22T02:00:00Z,0,0,0,97,14.4,92,11.1,0.3
2024-08-22T03:00:00Z,0,0,0,99,14.1,91,11.9,0.3
2024-08-22T04:00:00Z,0,0,0,100,13.8,93,11.8,0
2024-08-22T05:00:00Z,0,0,0,100,13.7,92,11,0
2024-08-22T06:00:00Z,0,0,0,91,13.7,90,9.8,0
2024-08-22T07:00:00Z,0,0,0,73,13.5,89,9.6,0
2024-08-22T08:00:00Z,0,0,0,80,13.2,90,10.2,0
2024-08-22T09:00:00Z,0,0,0,69,12.9,91,10.8,0
2024-08-22T10:00:00Z,0,0,0,100,12.8,91,9.2,0
2024-08-22T11:00:00Z,9,1,8,98,13.1,92,8.9,0
2024-08-22T12:00:00Z,80,20,60,80,14.1,90,9,0
2024-08-22T13:00:00Z,223,96,127,78,15.6,84,8.8,0
2024-08-22T14:00:00Z,420,257,163,81,17.4,76,8.7,0
2024-08-22T15:00:00Z,619,491,128,45,19.8,68,8,0
2024-08-22T16:00:00Z,646,439,207,32,21.1,63,7.7,0
2024-08-22T17:00:00Z,772,587,185,59,22.5,55,9.9,0
2024-08-22T18:00:00Z,640,527,113,78,22.9,52,12.1,0
2024-08-22T19:00:00Z,566,405,161,90,22.9,52,11.8,0
2024-08-22T20:00:00Z,485,327,158,78,23.4,49,10.8,0
2024-08-22T21:00:00Z,371,214,157,52,22.5,55,9,0
2024-08-22T22:00:00Z,228,143,85,49,22.1,58,10.9,0
2024-08-22T23:00:00Z,131,85,46,36,20.9,66,10.2,0
2024-08-23T00:00:00Z,33,18,15,35,18.7,76,9.4,0
2024-08-23T01:00:00Z,0,0,0,24,17.7,81,9.6,0
2024-08-23T02:00:00Z,0,0,0,29,16.4,84,9,0
2024-08-23T03:00:00Z,0,0,0,42,15.5,88,8.6,0
2024-08-23T04:00:00Z,0,0,0,47,15,88,8.1,0
2024-08-23T05:00:00Z,0,0,0,46,14.7,88,7.2,0
2024-08-23T06:00:00Z,0,0,0,33,13.7,90,5.8,0
2024-08-23T07:00:00Z,0,0,0,16,13.2,92,6,0
2024-08-23T08:00:00Z,0,0,0,5,12.4,92,6.2,0
2024-08-23T09:00:00Z,0,0,0,1,12.2,91,7.1,0
2024-08-23T10:00:00Z,0,0,0,1,11.4,91,7.8,0
2024-08-23T11:00:00Z,23,12,11,9,11.9,90,8.4,0
2024-08-23T12:00:00Z,156,111,45,41,14.4,88,7.2,0
2024-08-23T13:00:00Z,316,248,68,40,16.7,81,5.8,0
2024-08-23T14:00:00Z,507,419,88,52,19.1,75,4.7,0
2024-08-23T15:00:00Z,657,569,88,49,21.5,68,5.9,0
2024-08-23T16:00:00Z,767,674,93,32,23.1,61,7.9,0
2024-08-23T17:00:00Z,824,722,102,6,24.1,56,9.2,0
2024-08-23T18:00:00Z,819,700,119,6,24.8,52,10.6,0
2024-08-23T19:00:00Z,795,709,86,29,25.4,50,11.8,0
2024-08-23T20:00:00Z,558,410,148,52,25.8,49,11.3,0
2024-08-23T21:00:00Z,364,248,116,55,25.7,47,10.3,0
2024-08-23T22:00:00Z,283,174,109,50,24.8,53,10.8,0
2024-08-23T23:00:00Z,144,88,56,75,23.1,61,10.6,0
2024-08-24T00:00:00Z,25,8,17,91,21.1,70,11.6,0
2024-08-24T01:00:00Z,0,0,0,75,19.6,77,11.9,0
2024-08-24T02:00:00Z,0,0,0,18,18.6,82,11.3,0
2024-08-24T03:00:00Z,0,0,0,13,17.4,87,10.9,0
2024-08-24T04:00:00Z,0,0,0,14,16.5,88,9.9,0
2024-08-24T05:00:00Z,0,0,0,3,15.5,89,8.4,0
2024-08-24T06:00:00Z,0,0,0,1,14.8,91,7.8,0
2024-08-24T07:00:00Z,0,0,0,0,14.1,92,7.6,0
2024-08-24T08:00:00Z,0,0,0,0,13.5,93,6.2,0
2024-08-24T09:00:00Z,0,0,0,0,13,93,6.2,0
2024-08-24T10:00:00Z,0,0,0,5,12.1,94,5.7,0
2024-08-24T11:00:00Z,21,11,10,26,13.2,94,6.4,0
2024-08-24T12:00:00Z,155,110,45,21,15.6,91,5.4,0
2024-08-24T13:00:00Z,334,268,66,20,17.9,82,5.6,0
2024-08-24T14:00:00Z,496,407,89,6,20,73,5.6,0
2024-08-24T15:00:00Z,652,565,87,3,22.3,65,7,0
2024-08-24T16:00:00Z,745,631,114,28,23.6,62,8,0
2024-08-24T17:00:00Z,808,672,136,71,24.7,59,10.1,0
2024-08-24T18:00:00Z,789,627,162,91,25.3,57,9.8,0
2024-08-24T19:00:00Z,507,252,255,88,25.4,55,10.3,0
2024-08-24T20:00:00Z,406,123,283,80,25.6,55,9.4,0
2024-08-24T21:00:00Z,412,243,169,56,25.4,58,6.9,0
2024-08-24T22:00:00Z,261,150,111,73,24.7,59,6.6,0
2024-08-24T23:00:00Z,140,86,54,66,23.4,67,6.6,0
2024-08-25T00:00:00Z,23,8,15,76,21.7,74,6,0
2024-08-25T01:00:00Z,0,0,0,70,21,77,6.4,0
2024-08-25T02:00:00Z,0,0,0,50,20.5,80,6.7,0
2024-08-25T03:00:00Z,0,0,0,49,20,83,6.4,0
2024-08-25T04:00:00Z,0,0,0,11,19.2,87,6.1,0
2024-08-25T05:00:00Z,0,0,0,19,18.6,89,6.4,0
2024-08-25T06:00:00Z,0,0,0,31,18,91,6.5,0
2024-08-25T07:00:00Z,0,0,0,33,17.1,94,5.9,0
2024-08-25T08:00:00Z,0,0,0,41,16.6,97,4.9,0
2024-08-25T09:00:00Z,0,0,0,31,16.4,98,4.9,0
2024-08-25T10:00:00Z,0,0,0,39,16.7,97,4.5,0
2024-08-25T11:00:00Z,15,7,8,27,17.1,97,4.2,0
2024-08-25T12:00:00Z,127,82,45,25,18.7,93,2.7,0
2024-08-25T13:00:00Z,254,188,66,19,20.3,85,1.5,0
2024-08-25T14:00:00Z,462,368,94,8,22.2,78,1,0
2024-08-25T15:00:00Z,590,479,111,7,24.1,70,1.5,0.1
2024-08-25T16:00:00Z,660,549,111,23,24.9,65,2.6,0.1
2024-08-25T17:00:00Z,600,464,136,29,25.6,61,3.6,0
2024-08-25T18:00:00Z,621,470,151,28,25.9,61,5,0
2024-08-25T19:00:00Z,626,514,112,49,26.4,58,6.6,0
2024-08-25T20:00:00Z,578,462,116,38,26.3,58,6.5,0
2024-08-25T21:00:00Z,423,330,93,31,25.9,60,4.3,0
2024-08-25T22:00:00Z,294,217,77,56,25.2,62,2.5,0.8
2024-08-25T23:00:00Z,123,79,44,36,23.7,73,2.6,0
2024-08-26T00:00:00Z,24,13,11,23,21.5,85,3.8,0
2024-08-26T01:00:00Z,0,0,0,34,19.8,91,5.4,0
2024-08-26T02:00:00Z,0,0,0,36,19.1,95,3.7,0
2024-08-26T03:00:00Z,0,0,0,54,18,98,3.6,0
2024-08-26T04:00:00Z,0,0,0,52,17.7,99,4.4,0
2024-08-26T05:00:00Z,0,0,0,100,17.8,99,4.3,0
2024-08-26T06:00:00Z,0,0,0,100,17.7,99,2.7,0
2024-08-26T07:00:00Z,0,0,0,100,16.8,99,3,0
2024-08-26T08:00:00Z,0,0,0,100,16.3,99,3.1,0
2024-08-26T09:00:00Z,0,0,0,100,16.3,98,2.9,0
2024-08-26T10:00:00Z,0,0,0,100,16.1,99,4.7,0
2024-08-26T11:00:00Z,7,0,7,100,16.1,98,4,0
2024-08-26T12:00:00Z,67,5,62,100,17.4,98,6.4,0
2024-08-26T13:00:00Z,150,23,127,69,19.1,95,5.6,0
2024-08-26T14:00:00Z,354,164,190,11,21.4,86,3.6,0
2024-08-26T15:00:00Z,504,349,155,30,23.9,78,2.4,0
2024-08-26T16:00:00Z,680,560,120,40,25.5,72,2.3,0
2024-08-26T17:00:00Z,750,623,127,11,27,66,2.4,0
2024-08-26T18:00:00Z,709,562,147,14,27.7,62,3.8,0
2024-08-26T19:00:00Z,701,598,103,16,28.1,59,3.9,0
2024-08-26T20:00:00Z,584,479,105,19,28.2,58,4.5,0
2024-08-26T21:00:00Z,433,340,93,17,28.4,56,4.7,0
2024-08-26T22:00:00Z,294,217,77,83,27.8,55,2.8,0
2024-08-26T23:00:00Z,151,99,52,91,25.9,65,5.4,0
2024-08-27T00:00:00Z,28,15,13,46,24.1,75,3.8,0
2024-08-27T01:00:00Z,0,0,0,22,22,84,2.8,0
2024-08-27T02:00:00Z,0,0,0,15,19.9,92,5.3,0
2024-08-27T03:00:00Z,0,0,0,12,19.7,91,6.1,0
2024-08-27T04:00:00Z,0,0,0,9,18.9,92,7.1,0
2024-08-27T05:00:00Z,0,0,0,9,18.2,94,7.3,0
2024-08-27T06:00:00Z,0,0,0,17,17.8,95,6.3,0
2024-08-27T07:00:00Z,0,0,0,5,17.2,97,6.5,0
2024-08-27T08:00:00Z,0,0,0,37,16.8,97,5.5,0
2024-08-27T09:00:00Z,0,0,0,48,16.9,98,6.3,0
2024-08-27T10:00:00Z,0,0,0,7,15,100,6.4,0
2024-08-27T11:00:00Z,16,8,8,22,16.5,99,6.6,0
2024-08-27T12:00:00Z,142,98,44,0,18.9,96,6.1,0
2024-08-27T13:00:00Z,316,252,64,6,21.2,87,6.3,0
2024-08-27T14:00:00Z,489,411,78,37,23.4,78,8.6,0
2024-08-27T15:00:00Z,635,544,91,80,25.7,68,11.7,0
2024-08-27T16:00:00Z,740,651,89,99,27.1,62,13.7,0
2024-08-27T17:00:00Z,795,698,97,97,28.2,58,14.9,0
2024-08-27T18:00:00Z,743,634,109,99,28.5,57,15.7,0
2024-08-27T19:00:00Z,587,312,275,82,29.1,57,16.7,0
2024-08-27T20:00:00Z,603,459,144,95,29.2,55,16.3,0
2024-08-27T21:00:00Z,455,314,141,100,29.2,56,14.4,0
2024-08-27T22:00:00Z,270,136,134,100,27.6,60,15.8,0
2024-08-27T23:00:00Z,97,33,64,100,26,66,15.9,0
2024-08-28T00:00:00Z,15,3,12,100,25.2,69,15.6,0
2024-08-28T01:00:00Z,0,0,0,100,24.4,73,16.2,0.1
2024-08-28T02:00:00Z,0,0,0,100,23.7,78,14.3,0.5
2024-08-28T03:00:00Z,0,0,0,100,22.2,87,12.5,0.5
2024-08-28T04:00:00Z,0,0,0,98,22.4,89,13.9,0.1
2024-08-28T05:00:00Z,0,0,0,99,22.7,93,18.3,0
2024-08-28T06:00:00Z,0,0,0,97,22.2,93,22.7,0
2024-08-28T07:00:00Z,0,0,0,97,19.4,86,21.7,0
2024-08-28T08:00:00Z,0,0,0,56,17.6,82,20.8,0
2024-08-28T09:00:00Z,0,0,0,23,16.8,81,19.1,0
2024-08-28T10:00:00Z,0,0,0,99,16.1,82,19.7,0
2024-08-28T11:00:00Z,10,2,8,91,15.6,80,18.5,0
2024-08-28T12:00:00Z,90,34,56,80,15.4,78,16.5,0
2024-08-28T13:00:00Z,245,123,122,73,15.4,76,14.5,0
2024-08-28T14:00:00Z,366,194,172,28,15.7,74,14,0
2024-08-28T15:00:00Z,453,244,209,54,16.2,71,14.2,0
2024-08-28T16:00:00Z,528,297,231,82,16.7,68,13.9,0
2024-08-28T17:00:00Z,477,265,212,91,16.9,67,13.9,0
2024-08-28T18:00:00Z,530,308,222,99,17.7,65,12.3,0
2024-08-28T19:00:00Z,277,105,172,90,18.4,62,12.6,0
2024-08-28T20:00:00Z,300,136,164,89,19.1,59,12,0
2024-08-28T21:00:00Z,324,164,160,83,19.1,60,11.3,0
2024-08-28T22:00:00Z,235,132,103,40,18.8,60,7.8,0
2024-08-28T23:00:00Z,142,86,56,27,18.2,65,7.8,0
2024-08-29T00:00:00Z,22,10,12,25,15.8,77,8.8,0
2024-08-29T01:00:00Z,0,0,0,12,14.9,81,9.7,0
2024-08-29T02:00:00Z,0,0,0,9,14.2,82,10.9,0
2024-08-29T03:00:00Z,0,0,0,7,13.3,83,11.7,0
2024-08-29T04:00:00Z,0,0,0,11,12.7,83,12.4,0
2024-08-29T05:00:00Z,0,0,0,6,12.3,84,12.4,0
2024-08-29T06:00:00Z,0,0,0,10,11.5,85,11.9,0
2024-08-29T07:00:00Z,0,0,0,19,11,87,11.2,0
2024-08-29T08:00:00Z,0,0,0,6,10.4,89,10.1,0
2024-08-29T09:00:00Z,0,0,0,2,10.1,89,8.7,0
2024-08-29T10:00:00Z,0,0,0,2,9.3,90,9.1,0
2024-08-29T11:00:00Z,15,7,8,1,9.3,91,8.8,0
2024-08-29T12:00:00Z,145,102,43,1,11.8,85,7,0
2024-08-29T13:00:00Z,319,254,65,1,14,74,8.1,0
2024-08-29T14:00:00Z,506,428,78,0,16.1,66,8.7,0
2024-08-29T15:00:00Z,657,569,88,0,17.6,59,8.2,0
2024-08-29T16:00:00Z,767,676,91,1,18.8,56,7.9,0
2024-08-29T17:00:00Z,826,731,95,0,19.8,54,8.1,0
2024-08-29T18:00:00Z,831,740,91,0,20.8,51,8.8,0
2024-08-29T19:00:00Z,773,680,93,0,21.6,50,8.5,0
2024-08-29T20:00:00Z,669,582,87,0,22.1,48,8.1,0
2024-08-29T21:00:00Z,525,447,78,0,22.1,47,8.4,0
2024-08-29T22:00:00Z,347,280,67,0,21,52,8.5,0
2024-08-29T23:00:00Z,164,118,46,0,19.4,61,7.8,0
2024-08-30T00:00:00Z,23,13,10,0,16.3,75,7.6,0
2024-08-30T01:00:00Z,0,0,0,0,15,78,7.9,0
2024-08-30T02:00:00Z,0,0,0,0,14.1,81,9.8,0
2024-08-30T03:00:00Z,0,0,0,0,13.1,83,10.8,0
2024-08-30T04:00:00Z,0,0,0,1,12.6,84,11.2,0
2024-08-30T05:00:00Z,0,0,0,1,12.2,86,11.5,0
2024-08-30T06:00:00Z,0,0,0,2,11.7,88,10.8,0
2024-08-30T07:00:00Z,0,0,0,1,11.2,90,10.8,0
2024-08-30T08:00:00Z,0,0,0,6,10.8,92,11,0
2024-08-30T09:00:00Z,0,0,0,2,10.4,94,11.2,0
2024-08-30T10:00:00Z,0,0,0,13,10,94,9.4,0
2024-08-30T11:00:00Z,13,6,7,8,10.6,94,9.7,0
2024-08-30T12:00:00Z,135,91,44,11,13,89,8.7,0
2024-08-30T13:00:00Z,305,241,64,46,15.7,84,8.9,0
2024-08-30T14:00:00Z,380,256,124,92,18.2,80,9.2,0
2024-08-30T15:00:00Z,427,242,185,100,20.4,75,10.5,0
2024-08-30T16:00:00Z,328,159,169,100,21.1,77,12.7,0
2024-08-30T17:00:00Z,255,54,201,100,21.7,77,14.5,0.1
2024-08-30T18:00:00Z,155,15,140,100,21.9,79,13.5,0.2
2024-08-30T19:00:00Z,163,0,163,100,21.9,80,12,0
2024-08-30T20:00:00Z,184,14,170,100,22.1,81,12.8,0
2024-08-30T21:00:00Z,134,10,124,99,22.3,80,10.5,0
2024-08-30T22:00:00Z,106,16,90,100,22.7,78,10.6,0
2024-08-30T23:00:00Z,39,1,38,100,22.2,81,11.7,0.1
2024-08-31T00:00:00Z,5,0,5,99,21.5,84,12.3,0
2024-08-31T01:00:00Z,0,0,0,100,21.2,84,13,0
2024-08-31T02:00:00Z,0,0,0,99,20.7,85,13.8,0
2024-08-31T03:00:00Z,0,0,0,99,20.3,87,14.4,0
2024-08-31T04:00:00Z,0,0,0,99,19.4,89,14.2,0
2024-08-31T05:00:00Z,0,0,0,100,19.1,90,14.5,0.3
2024-08-31T06:00:00Z,0,0,0,100,18.9,93,14.6,0.3
2024-08-31T07:00:00Z,0,0,0,100,18.7,95,14.3,1
2024-08-31T08:00:00Z,0,0,0,100,18.7,97,14.8,1.3
2024-08-31T09:00:00Z,0,0,0,100,18.9,96,15.3,2.1
2024-08-31T10:00:00Z,0,0,0,100,19.1,95,14,2.1
2024-08-31T11:00:00Z,1,0,1,100,19.3,95,14.2,1
2024-08-31T12:00:00Z,13,0,13,100,19.7,95,14.2,0.2
2024-08-31T13:00:00Z,43,4,39,100,20,95,15.1,0.2
2024-08-31T14:00:00Z,67,0,67,100,20.7,94,18.1,0.5
2024-08-31T15:00:00Z,87,0,87,100,21.3,96,16.6,0.1
2024-08-31T16:00:00Z,289,105,184,100,21.7,93,15.4,0.3
2024-08-31T17:00:00Z,445,262,183,100,22.4,87,13.9,0.1
2024-08-31T18:00:00Z,586,338,248,100,23.4,75,13.5,0
2024-08-31T19:00:00Z,502,348,154,95,24.4,66,11.8,0.3
2024-08-31T20:00:00Z,404,247,157,72,24.4,63,10.9,0.3
2024-08-31T21:00:00Z,375,253,122,42,24.6,61,8.9,0.3
2024-08-31T22:00:00Z,239,146,93,36,24,80,5.9,0.1
2024-08-31T23:00:00Z,129,83,46,19,23.2,82,4.5,0.1
2024-09-01T00:00:00Z,17,8,9,13,20.1,93,5.7,0
2024-09-01T01:00:00Z,0,0,0,3,19.3,96,5.8,0
2024-09-01T02:00:00Z,0,0,0,1,18.6,98,6.3,0
2024-09-01T03:00:00Z,0,0,0,1,18.1,98,7.8,0
2024-09-01T04:00:00Z,0,0,0,1,17.9,96,8,0
2024-09-01T05:00:00Z,0,0,0,0,17.3,93,8.4,0
2024-09-01T06:00:00Z,0,0,0,26,16.4,90,7.8,0
2024-09-01T07:00:00Z,0,0,0,5,15.6,90,8,0
2024-09-01T08:00:00Z,0,0,0,28,15.2,91,8.1,0
2024-09-01T09:00:00Z,0,0,0,36,15.4,93,8.8,0
2024-09-01T10:00:00Z,0,0,0,80,15.3,92,9.8,0
2024-09-01T11:00:00Z,11,4,7,87,15.7,90,11.7,0
2024-09-01T12:00:00Z,125,80,45,85,17.7,86,13.8,0
2024-09-01T13:00:00Z,295,221,74,82,20,84,14.3,0
2024-09-01T14:00:00Z,444,342,102,28,21.8,79,17.7,0
2024-09-01T15:00:00Z,529,391,138,27,23.7,69,19,0.1
2024-09-01T16:00:00Z,494,327,167,67,23.9,68,22.3,0.1
2024-09-01T17:00:00Z,560,415,145,43,23.5,68,18.8,1.9
2024-09-01T18:00:00Z,667,524,143,25,20.8,75,15.5,2
2024-09-01T19:00:00Z,580,462,118,33,20.4,76,16.2,0.1
2024-09-01T20:00:00Z,481,370,111,28,21.7,64,16.9,0
2024-09-01T21:00:00Z,400,319,81,28,22.1,55,17.1,0
2024-09-01T22:00:00Z,252,180,72,19,20.9,58,14.4,0
2024-09-01T23:00:00Z,118,72,46,27,19.4,59,13.5,0
2024-09-02T00:00:00Z,15,6,9,33,17.3,64,11.5,0
2024-09-02T01:00:00Z,0,0,0,39,15.7,70,9.2,0
2024-09-02T02:00:00Z,0,0,0,31,14.2,78,7.7,0
2024-09-02T03:00:00Z,0,0,0,30,13.2,81,8.4,0
2024-09-02T04:00:00Z,0,0,0,15,12.2,84,9.1,0
2024-09-02T05:00:00Z,0,0,0,20,11.3,87,9,0
2024-09-02T06:00:00Z,0,0,0,12,10.8,88,8.5,0
2024-09-02T07:00:00Z,0,0,0,5,10.5,89,9.9,0
2024-09-02T08:00:00Z,0,0,0,1,10.4,89,12.2,0
2024-09-02T09:00:00Z,0,0,0,0,10.4,88,14.2,0
2024-09-02T10:00:00Z,0,0,0,0,10,87,16.2,0
2024-09-02T11:00:00Z,11,5,6,3,9.9,86,16.2,0
2024-09-02T12:00:00Z,130,89,41,5,11.2,81,16.7,0
2024-09-02T13:00:00Z,313,248,65,42,12.3,75,18.2,0
2024-09-02T14:00:00Z,409,303,106,69,13,65,19.2,0
2024-09-02T15:00:00Z,423,242,181,95,13.8,59,19.9,0
2024-09-02T16:00:00Z,480,226,254,94,14.6,56,19.4,0
2024-09-02T17:00:00Z,466,205,261,100,15.1,52,18,0
2024-09-02T18:00:00Z,413,120,293,99,16.2,49,17.1,0
2024-09-02T19:00:00Z,419,128,291,94,17.3,44,16.5,0
2024-09-02T20:00:00Z,467,234,233,94,18.1,41,15.9,0
2024-09-02T21:00:00Z,304,96,208,85,18.1,45,14.4,0
2024-09-02T22:00:00Z,150,38,112,53,17.2,49,14,0
2024-09-02T23:00:00Z,101,44,57,34,15.8,55,13.8,0
2024-09-03T00:00:00Z,12,5,7,0,12.9,67,12.2,0
2024-09-03T01:00:00Z,0,0,0,0,11,77,11.3,0
2024-09-03T02:00:00Z,0,0,0,0,10.3,81,11.5,0
2024-09-03T03:00:00Z,0,0,0,0,9.4,84,11.3,0
2024-09-03T04:00:00Z,0,0,0,0,8.6,85,10.2,0
2024-09-03T05:00:00Z,0,0,0,0,8.2,87,9.2,0
2024-09-03T06:00:00Z,0,0,0,0,7.6,89,9.1,0
2024-09-03T07:00:00Z,0,0,0,0,7.4,90,9,0
2024-09-03T08:00:00Z,0,0,0,1,6.9,91,8.7,0
2024-09-03T09:00:00Z,0,0,0,2,6.8,93,8.1,0
2024-09-03T10:00:00Z,0,0,0,58,6.5,93,6.7,0
2024-09-03T11:00:00Z,10,4,6,29,6.8,93,6.8,0
2024-09-03T12:00:00Z,126,86,40,18,9.9,88,7.8,0
2024-09-03T13:00:00Z,307,243,64,11,12.8,80,7.3,0
2024-09-03T14:00:00Z,482,404,78,0,15.9,71,6.9,0
2024-09-03T15:00:00Z,630,545,85,3,18.1,64,7.4,0
2024-09-03T16:00:00Z,717,615,102,16,19.8,56,8.7,0
2024-09-03T17:00:00Z,801,717,84,25,21.3,52,10.9,0
2024-09-03T18:00:00Z,808,728,80,51,22.2,47,15,0
2024-09-03T19:00:00Z,466,299,167,100,22.5,46,14.4,0
2024-09-03T20:00:00Z,279,43,236,88,22.8,49,9.8,0
2024-09-03T21:00:00Z,310,154,156,62,23.2,46,7.6,0
2024-09-03T22:00:00Z,197,82,115,77,22.1,53,9,0
2024-09-03T23:00:00Z,80,26,54,83,20.6,59,8,0
2024-09-04T00:00:00Z,9,3,6,69,18.7,67,8.6,0
2024-09-04T01:00:00Z,0,0,0,7,17.7,70,10.2,0
2024-09-04T02:00:00Z,0,0,0,1,16.9,72,10.9,0
2024-09-04T03:00:00Z,0,0,0,0,15.5,75,10.8,0
2024-09-04T04:00:00Z,0,0,0,0,14,79,10,0
2024-09-04T05:00:00Z,0,0,0,0,13.2,83,8.3,0
2024-09-04T06:00:00Z,0,0,0,0,12.2,88,6.3,0
2024-09-04T07:00:00Z,0,0,0,0,11.4,91,6.5,0
2024-09-04T08:00:00Z,0,0,0,0,10.8,93,6.9,0
2024-09-04T09:00:00Z,0,0,0,0,10.1,94,6.4,0
2024-09-04T10:00:00Z,0,0,0,0,9.5,95,6.5,0
2024-09-04T11:00:00Z,9,4,5,0,9.9,95,6.4,0
2024-09-04T12:00:00Z,121,82,39,0,12.6,90,5.8,0
2024-09-04T13:00:00Z,297,234,63,0,15.7,78,5.2,0
2024-09-04T14:00:00Z,471,395,76,0,18.4,69,6.2,0
2024-09-04T15:00:00Z,619,534,85,0,20.9,62,7.6,0
2024-09-04T16:00:00Z,726,636,90,0,22.7,56,9.8,0
2024-09-04T17:00:00Z,783,690,93,1,24,51,11.9,0
2024-09-04T18:00:00Z,786,693,93,4,24.7,50,12.5,0
2024-09-04T19:00:00Z,717,610,107,1,25.1,47,12.4,0
2024-09-04T20:00:00Z,624,540,84,0,25.1,46,12.5,0
2024-09-04T21:00:00Z,476,400,76,0,24.8,48,12.5,0
2024-09-04T22:00:00Z,303,238,65,0,23.4,53,12.4,0
2024-09-04T23:00:00Z,129,88,41,1,21.2,60,13.2,0
2024-09-05T00:00:00Z,11,5,6,0,19,68,13.3,0
2024-09-05T01:00:00Z,0,0,0,0,17.6,72,12,0
2024-09-05T02:00:00Z,0,0,0,0,16,77,10.6,0
2024-09-05T03:00:00Z,0,0,0,0,15,80,9.6,0
2024-09-05T04:00:00Z,0,0,0,0,13.7,84,8.4,0
2024-09-05T05:00:00Z,0,0,0,0,12.8,88,6.3,0
2024-09-05T06:00:00Z,0,0,0,0,12.2,92,6.2,0
2024-09-05T07:00:00Z,0,0,0,0,11.6,93,6,0
2024-09-05T08:00:00Z,0,0,0,0,11.2,95,5.4,0
2024-09-05T09:00:00Z,0,0,0,0,11,96,8,0
2024-09-05T10:00:00Z,0,0,0,0,10.6,97,8.2,0
2024-09-05T11:00:00Z,8,3,5,0,11.3,97,6.7,0
2024-09-05T12:00:00Z,118,79,39,0,14,94,8.6,0
2024-09-05T13:00:00Z,292,229,63,0,16.9,84,8.2,0
2024-09-05T14:00:00Z,465,388,77,0,19.7,77,9.2,0
2024-09-05T15:00:00Z,612,527,85,0,21.8,68,9.9,0
2024-09-05T16:00:00Z,718,628,90,0,23.2,63,10.6,0
2024-09-05T17:00:00Z,775,681,94,1,24.3,57,12.1,0
2024-09-05T18:00:00Z,763,655,108,0,25.2,52,13.6,0
2024-09-05T19:00:00Z,723,633,90,0,25.5,49,14.1,0
2024-09-05T20:00:00Z,620,535,85,0,25.5,48,14.3,0
2024-09-05T21:00:00Z,474,398,76,0,25.1,47,13.6,0
2024-09-05T22:00:00Z,302,239,63,0,24.2,50,11.1,0
2024-09-05T23:00:00Z,126,86,40,0,22.2,58,10.9,0
2024-09-06T00:00:00Z,10,4,6,0,19.2,72,10.9,0
2024-09-06T01:00:00Z,0,0,0,0,17.3,79,9.5,0
2024-09-06T02:00:00Z,0,0,0,0,16.6,83,9,0
2024-09-06T03:00:00Z,0,0,0,0,15.8,85,10,0
2024-09-06T04:00:00Z,0,0,0,0,14.8,87,10.9,0
2024-09-06T05:00:00Z,0,0,0,15,14.5,89,11.3,0
2024-09-06T06:00:00Z,0,0,0,15,13.8,91,11,0
2024-09-06T07:00:00Z,0,0,0,66,13.4,91,11.3,0
2024-09-06T08:00:00Z,0,0,0,56,13.3,90,11.8,0
2024-09-06T09:00:00Z,0,0,0,28,13.5,89,12,0
2024-09-06T10:00:00Z,0,0,0,36,13.6,87,12.5,0
2024-09-06T11:00:00Z,7,2,5,7,13.7,87,12.4,0
2024-09-06T12:00:00Z,113,72,41,10,15.4,82,12.2,0
2024-09-06T13:00:00Z,283,215,68,4,17.6,75,12.1,0
2024-09-06T14:00:00Z,449,365,84,22,19.5,69,13.4,0
2024-09-06T15:00:00Z,505,399,106,51,20.6,68,14.1,0
2024-09-06T16:00:00Z,489,316,173,85,21.3,66,13.5,0
2024-09-06T17:00:00Z,545,394,151,92,21.9,64,13.1,0.1
2024-09-06T18:00:00Z,450,276,174,89,22.6,63,12.8,0
2024-09-06T19:00:00Z,423,263,160,62,23.1,61,13.2,0.1
2024-09-06T20:00:00Z,377,247,130,45,23.4,61,13.9,0.1
2024-09-06T21:00:00Z,254,157,97,88,22.9,63,12.3,0.1
2024-09-06T22:00:00Z,132,52,80,89,21,75,10.2,0.2
2024-09-06T23:00:00Z,61,21,40,100,20,80,9.9,0.5
2024-09-07T00:00:00Z,3,0,3,100,19,88,9.6,0.8
2024-09-07T01:00:00Z,0,0,0,100,18.4,93,7.5,1.8
2024-09-07T02:00:00Z,0,0,0,100,18,95,5.8,2.5
2024-09-07T03:00:00Z,0,0,0,98,17.9,97,5.8,2.4
2024-09-07T04:00:00Z,0,0,0,100,17.6,98,6.4,2
2024-09-07T05:00:00Z,0,0,0,100,17.8,99,7,1.8
2024-09-07T06:00:00Z,0,0,0,100,17.8,99,6.8,2.1
2024-09-07T07:00:00Z,0,0,0,100,17.9,98,8.8,1.8
2024-09-07T08:00:00Z,0,0,0,100,17.7,98,11.6,1.7
2024-09-07T09:00:00Z,0,0,0,100,17.3,97,14.4,2.2
2024-09-07T10:00:00Z,0,0,0,100,16.3,92,17,3
2024-09-07T11:00:00Z,0,0,0,100,16.4,91,17.3,2.9
2024-09-07T12:00:00Z,6,0,6,100,16.4,91,16,3.2
2024-09-07T13:00:00Z,13,0,13,100,15.8,95,12.4,2.7
2024-09-07T14:00:00Z,31,0,31,100,15.6,97,10.8,1.1
2024-09-07T15:00:00Z,58,3,55,100,15.6,95,10.5,0.2
2024-09-07T16:00:00Z,83,0,83,95,15.4,94,13.7,0.1
2024-09-07T17:00:00Z,105,1,104,97,15.4,93,16.8,0.3
2024-09-07T18:00:00Z,126,6,120,86,15.1,95,12.2,0.4
2024-09-07T19:00:00Z,371,202,169,100,14.3,96,12.7,0.1
2024-09-07T20:00:00Z,216,55,161,100,13.9,94,15.6,0.1
2024-09-07T21:00:00Z,150,34,116,100,13.6,93,16.5,0.1
2024-09-07T22:00:00Z,101,31,70,96,13.6,79,16.3,0
2024-09-07T23:00:00Z,61,28,33,83,12.1,82,17.5,0
2024-09-08T00:00:00Z,3,0,3,98,10.9,81,15.7,0
2024-09-08T01:00:00Z,0,0,0,100,10,81,14.8,0
2024-09-08T02:00:00Z,0,0,0,100,9.4,78,15.7,0
2024-09-08T03:00:00Z,0,0,0,100,9,77,18.4,0
2024-09-08T04:00:00Z,0,0,0,100,8.3,76,18.5,0
2024-09-08T05:00:00Z,0,0,0,70,7.9,76,17.1,0
2024-09-08T06:00:00Z,0,0,0,66,7.1,81,17.2,0.1
2024-09-08T07:00:00Z,0,0,0,90,6.6,86,18.6,0
2024-09-08T08:00:00Z,0,0,0,98,6.2,88,18.5,0.1
2024-09-08T09:00:00Z,0,0,0,95,6.1,88,19,0.2
2024-09-08T10:00:00Z,0,0,0,80,6.3,86,15.2,0.1
2024-09-08T11:00:00Z,3,0,3,90,6.6,86,17,0.1
2024-09-08T12:00:00Z,64,33,31,86,7.2,82,20.1,0.1
2024-09-08T13:00:00Z,143,50,93,100,7.8,81,22.3,0.2
2024-09-08T14:00:00Z,202,53,149,100,8.3,79,20.5,0.3
2024-09-08T15:00:00Z,199,52,147,100,9,76,22,0.1
2024-09-08T16:00:00Z,226,41,185,99,9.7,74,21.3,0.1
2024-09-08T17:00:00Z,190,13,177,100,10.5,71,22.4,0.1
2024-09-08T18:00:00Z,163,4,159,100,11.1,70,23.6,0
2024-09-08T19:00:00Z,170,9,161,100,11.4,69,23.9,0
2024-09-08T20:00:00Z,150,1,149,100,11.7,69,24.2,0
2024-09-08T21:00:00Z,128,3,125,100,11.5,71,22.7,0.1
2024-09-08T22:00:00Z,107,22,85,99,11.3,72,19.4,0.1
2024-09-08T23:00:00Z,35,2,33,100,10.8,74,19.3,0
2024-09-09T00:00:00Z,1,0,1,100,10.5,75,17,0
2024-09-09T01:00:00Z,0,0,0,100,10.4,72,15.8,0
2024-09-09T02:00:00Z,0,0,0,100,10.3,71,15.9,0
2024-09-09T03:00:00Z,0,0,0,100,10.1,69,13.3,0
2024-09-09T04:00:00Z,0,0,0,100,10,67,11.6,0
2024-09-09T05:00:00Z,0,0,0,94,9.8,69,11.3,0
2024-09-09T06:00:00Z,0,0,0,70,9.3,75,11.8,0
2024-09-09T07:00:00Z,0,0,0,54,9,81,12.2,0
2024-09-09T08:00:00Z,0,0,0,65,8.5,88,11.8,0
2024-09-09T09:00:00Z,0,0,0,84,8,95,11.2,0
2024-09-09T10:00:00Z,0,0,0,84,7.5,100,9.2,0
2024-09-09T11:00:00Z,4,1,3,80,7.5,100,7.6,0
2024-09-09T12:00:00Z,93,45,48,92,9.8,95,7,0
2024-09-09T13:00:00Z,269,191,78,91,12.3,86,8.3,0
2024-09-09T14:00:00Z,437,333,104,76,14.6,79,7.8,0
2024-09-09T15:00:00Z,532,388,144,61,16.1,72,8,0.6
2024-09-09T16:00:00Z,534,373,161,41,16.8,66,8.7,0.1
2024-09-09T17:00:00Z,521,369,152,49,17.8,63,9.5,0
2024-09-09T18:00:00Z,535,308,227,47,18.1,62,11.5,0.4
2024-09-09T19:00:00Z,538,362,176,27,18.7,58,10.4,0
2024-09-09T20:00:00Z,502,371,131,13,19.4,55,11.1,0
2024-09-09T21:00:00Z,361,287,74,1,19.4,55,9.6,0
2024-09-09T22:00:00Z,252,199,53,18,18.1,56,9.5,0
2024-09-09T23:00:00Z,107,70,37,21,16.1,68,9,0
2024-09-10T00:00:00Z,5,2,3,5,13.7,77,8.7,0
2024-09-10T01:00:00Z,0,0,0,10,12.4,80,9.1,0
2024-09-10T02:00:00Z,0,0,0,50,11.3,82,10.6,0
2024-09-10T03:00:00Z,0,0,0,31,10.2,84,11.3,0
2024-09-10T04:00:00Z,0,0,0,0,9.5,84,10.6,0
2024-09-10T05:00:00Z,0,0,0,0,8.6,85,9.5,0
2024-09-10T06:00:00Z,0,0,0,0,7.5,87,8.9,0
2024-09-10T07:00:00Z,0,0,0,0,7.1,88,9.2,0
2024-09-10T08:00:00Z,0,0,0,0,6.2,92,8.6,0
2024-09-10T09:00:00Z,0,0,0,1,5.7,93,8.5,0
2024-09-10T10:00:00Z,0,0,0,0,5.2,96,8.9,0
2024-09-10T11:00:00Z,4,2,2,0,5.4,96,9.4,0
2024-09-10T12:00:00Z,109,74,35,0,7.9,92,9.3,0
2024-09-10T13:00:00Z,287,227,60,0,10.6,80,8.8,0
2024-09-10T14:00:00Z,462,389,73,0,14,66,9,0
2024-09-10T15:00:00Z,609,527,82,0,16.6,54,9.3,0
2024-09-10T16:00:00Z,713,624,89,0,18.4,47,10.3,0
2024-09-10T17:00:00Z,766,675,91,0,19.8,42,11.3,0
2024-09-10T18:00:00Z,763,672,91,0,20.6,41,12,0
2024-09-10T19:00:00Z,704,615,89,0,21.1,41,12.4,0
2024-09-10T20:00:00Z,594,511,83,0,21.4,42,12.7,0
2024-09-10T21:00:00Z,445,371,74,0,21.4,43,11.5,0
2024-09-10T22:00:00Z,271,208,63,2,20.1,50,7.4,0
2024-09-10T23:00:00Z,100,64,36,1,17.4,66,5.4,0
2024-09-11T00:00:00Z,4,1,3,2,14.3,81,6.5,0
2024-09-11T01:00:00Z,0,0,0,0,13,83,6.6,0
2024-09-11T02:00:00Z,0,0,0,0,12.2,85,7.6,0
2024-09-11T03:00:00Z,0,0,0,0,11.3,86,8.3,0
2024-09-11T04:00:00Z,0,0,0,0,10.6,87,8.4,0
2024-09-11T05:00:00Z,0,0,0,0,9.9,89,7.4,0
2024-09-11T06:00:00Z,0,0,0,0,9.2,93,6.5,0
2024-09-11T07:00:00Z,0,0,0,0,8.8,93,6.2,0
2024-09-11T08:00:00Z,0,0,0,1,8.6,93,6.6,0
2024-09-11T09:00:00Z,0,0,0,0,9.3,94,6,0
2024-09-11T10:00:00Z,0,0,0,60,7.5,97,5.8,0
2024-09-11T11:00:00Z,4,1,3,60,7,100,5.1,0
2024-09-11T12:00:00Z,98,61,37,60,9.8,99,5.2,0
2024-09-11T13:00:00Z,271,209,62,14,12.7,91,3.5,0
2024-09-11T14:00:00Z,443,364,79,0,16.3,81,3.5,0
2024-09-11T15:00:00Z,591,507,84,13,19,72,4.9,0
2024-09-11T16:00:00Z,695,602,93,28,21.3,62,7,0
2024-09-11T17:00:00Z,750,656,94,22,22.6,59,9.4,0
2024-09-11T18:00:00Z,745,646,99,20,23.6,55,10.2,0
2024-09-11T19:00:00Z,689,595,94,16,24.2,54,10.1,0
2024-09-11T20:00:00Z,523,382,141,44,24.4,54,9.6,0
2024-09-11T21:00:00Z,422,345,77,87,24.1,54,7.9,0
2024-09-11T22:00:00Z,261,197,64,56,23,58,6.3,0
2024-09-11T23:00:00Z,83,42,41,41,20.1,72,7.3,0
2024-09-12T00:00:00Z,3,1,2,43,17.7,81,9.5,0
2024-09-12T01:00:00Z,0,0,0,89,17.1,83,10,0
2024-09-12T02:00:00Z,0,0,0,98,16.4,87,9.1,0
2024-09-12T03:00:00Z,0,0,0,98,15.1,90,6.6,0
2024-09-12T04:00:00Z,0,0,0,100,14.3,93,6.1,0
2024-09-12T05:00:00Z,0,0,0,100,13.8,94,6.8,0
2024-09-12T06:00:00Z,0,0,0,100,14.2,93,2.7,0
2024-09-12T07:00:00Z,0,0,0,88,13.3,95,5.8,0
2024-09-12T08:00:00Z,0,0,0,45,13.8,94,5.6,0
2024-09-12T09:00:00Z,0,0,0,50,14.8,90,5,0
2024-09-12T10:00:00Z,0,0,0,39,13.5,97,7,0
2024-09-12T11:00:00Z,3,1,2,37,12.8,98,4.8,0
2024-09-12T12:00:00Z,94,59,35,37,14.5,97,3.7,0
2024-09-12T13:00:00Z,237,168,69,41,15.8,92,1.9,0
2024-09-12T14:00:00Z,425,348,77,37,17.9,82,3.1,0
2024-09-12T15:00:00Z,576,492,84,37,20.2,70,4.1,0
2024-09-12T16:00:00Z,654,556,98,43,22.2,62,5.8,0
2024-09-12T17:00:00Z,729,626,103,60,23.8,56,6.5,0
2024-09-12T18:00:00Z,723,616,107,43,24.9,53,7.1,0
2024-09-12T19:00:00Z,637,530,107,27,25.3,53,7.7,0
2024-09-12T20:00:00Z,541,445,96,9,25.6,52,8.4,0
2024-09-12T21:00:00Z,393,316,77,2,24.8,57,7.2,0
2024-09-12T22:00:00Z,237,178,59,0,23.6,63,4.9,0
2024-09-12T23:00:00Z,91,59,32,4,21.3,76,4.8,0
2024-09-13T00:00:00Z,2,1,1,5,19.3,81,4.6,0
2024-09-13T01:00:00Z,0,0,0,10,17.7,86,5.6,0
2024-09-13T02:00:00Z,0,0,0,11,16.4,90,5.6,0
2024-09-13T03:00:00Z,0,0,0,9,15.3,94,7,0
2024-09-13T04:00:00Z,0,0,0,18,14.5,96,7.8,0
2024-09-13T05:00:00Z,0,0,0,23,14.4,95,5.6,0
2024-09-13T06:00:00Z,0,0,0,40,14.1,96,4.9,0
2024-09-13T07:00:00Z,0,0,0,93,13.9,97,3,0
2024-09-13T08:00:00Z,0,0,0,87,13.2,99,1.9,0
2024-09-13T09:00:00Z,0,0,0,64,12.5,100,0.6,0
2024-09-13T10:00:00Z,0,0,0,85,13.7,99,1.5,0
2024-09-13T11:00:00Z,2,0,2,73,12.8,100,1.8,0
2024-09-13T12:00:00Z,52,14,38,68,14.6,99,3.3,0
2024-09-13T13:00:00Z,154,40,114,68,16.8,97,2.3,0
2024-09-13T14:00:00Z,311,167,144,32,19.2,89,1.1,0
2024-09-13T15:00:00Z,467,286,181,19,22,79,1.2,0
2024-09-13T16:00:00Z,664,562,102,10,24.4,70,0.8,0
2024-09-13T17:00:00Z,733,641,92,1,26,63,0.5,0
2024-09-13T18:00:00Z,725,631,94,23,26.9,58,1.3,0
2024-09-13T19:00:00Z,637,524,113,56,27.5,54,2.2,0
2024-09-13T20:00:00Z,448,267,181,64,27.6,52,2.1,0
2024-09-13T21:00:00Z,338,200,138,79,27.3,55,1,0
2024-09-13T22:00:00Z,175,98,77,71,25.6,66,0.8,0
2024-09-13T23:00:00Z,64,30,34,66,23.7,78,1.9,0
2024-09-14T00:00:00Z,1,0,1,46,21.9,85,3.1,0
2024-09-14T01:00:00Z,0,0,0,26,20.8,89,4,0
2024-09-14T02:00:00Z,0,0,0,45,19.8,93,4.1,0
2024-09-14T03:00:00Z,0,0,0,38,18.3,95,4.4,0
2024-09-14T04:00:00Z,0,0,0,100,16.5,100,4.7,0
2024-09-14T05:00:00Z,0,0,0,100,15.8,100,4.9,0
2024-09-14T06:00:00Z,0,0,0,100,15.5,100,4.3,0
2024-09-14T07:00:00Z,0,0,0,100,14.5,100,4.6,0
2024-09-14T08:00:00Z,0,0,0,100,14.4,100,4.4,0
2024-09-14T09:00:00Z,0,0,0,100,14,100,4.1,0
2024-09-14T10:00:00Z,0,0,0,100,13.1,100,5.5,0
2024-09-14T11:00:00Z,2,0,2,100,13.2,100,5.4,0
2024-09-14T12:00:00Z,57,8,49,100,14.9,99,5.6,0
2024-09-14T13:00:00Z,172,45,127,42,17.2,97,4.5,0
2024-09-14T14:00:00Z,318,146,172,11,20,93,3.4,0
2024-09-14T15:00:00Z,477,333,144,0,23,81,3.8,0
2024-09-14T16:00:00Z,668,579,89,0,25.6,69,4,0
2024-09-14T17:00:00Z,668,552,116,7,27.1,61,4.4,0
2024-09-14T18:00:00Z,579,440,139,13,27.7,56,4.6,0
2024-09-14T19:00:00Z,625,533,92,10,27.9,54,4.4,0
2024-09-14T20:00:00Z,495,408,87,7,28.2,54,3.4,0
2024-09-14T21:00:00Z,373,301,72,8,27.7,54,2.5,0
2024-09-14T22:00:00Z,229,168,61,11,26.2,59,2.8,0
2024-09-14T23:00:00Z,75,47,28,14,23.1,78,4.4,0
2024-09-15T00:00:00Z,1,0,1,2,20.6,88,6,0
2024-09-15T01:00:00Z,0,0,0,4,19.6,89,7.2,0
2024-09-15T02:00:00Z,0,0,0,5,19,89,7.1,0
2024-09-15T03:00:00Z,0,0,0,1,17.6,93,6.1,0
2024-09-15T04:00:00Z,0,0,0,4,16.7,95,7.2,0
2024-09-15T05:00:00Z,0,0,0,2,16,97,7.3,0
2024-09-15T06:00:00Z,0,0,0,1,15.2,99,6.5,0
2024-09-15T07:00:00Z,0,0,0,0,14,100,5.8,0
2024-09-15T08:00:00Z,0,0,0,2,13.9,99,6.3,0
2024-09-15T09:00:00Z,0,0,0,2,13.8,99,6.5,0
2024-09-15T10:00:00Z,0,0,0,61,13.1,99,5.8,0
2024-09-15T11:00:00Z,2,0,2,60,12.9,99,6.4,0
2024-09-15T12:00:00Z,78,40,38,87,15.1,99,5.4,0
2024-09-15T13:00:00Z,208,107,101,59,17.3,94,4.1,0
2024-09-15T14:00:00Z,393,287,106,45,20.3,87,3.3,0
2024-09-15T15:00:00Z,563,476,87,7,23.3,76,3,0
2024-09-15T16:00:00Z,664,571,93,0,25.3,68,3.3,0
2024-09-15T17:00:00Z,721,628,93,0,27.1,61,4,0
2024-09-15T18:00:00Z,649,512,137,2,27.5,58,4.9,0
2024-09-15T19:00:00Z,639,539,100,11,28.1,54,5.6,0
2024-09-15T20:00:00Z,552,464,88,9,28.4,54,6.1,0
2024-09-15T21:00:00Z,389,305,84,5,28,55,5.6,0
2024-09-15T22:00:00Z,219,159,60,2,26.8,59,5.7,0
2024-09-15T23:00:00Z,74,46,28,6,23.5,74,5.4,0
2024-09-16T00:00:00Z,1,0,1,6,21.5,82,6.2,0
2024-09-16T01:00:00Z,0,0,0,5,20.4,85,8.1,0
2024-09-16T02:00:00Z,0,0,0,5,19.2,88,8.5,0
2024-09-16T03:00:00Z,0,0,0,3,18,92,7.4,0
2024-09-16T04:00:00Z,0,0,0,2,16.6,94,6.7,0
2024-09-16T05:00:00Z,0,0,0,3,15.5,96,6.8,0
2024-09-16T06:00:00Z,0,0,0,4,14.7,97,6.7,0
2024-09-16T07:00:00Z,0,0,0,2,14,98,7.2,0
2024-09-16T08:00:00Z,0,0,0,1,13.9,98,7.2,0
2024-09-16T09:00:00Z,0,0,0,0,13.8,97,6.6,0
2024-09-16T10:00:00Z,0,0,0,2,14.3,97,6.9,0
2024-09-16T11:00:00Z,1,0,1,47,12.9,100,6.4,0
2024-09-16T12:00:00Z,69,30,39,63,15.5,100,4.6,0
2024-09-16T13:00:00Z,202,118,84,41,17.9,96,2.3,0
2024-09-16T14:00:00Z,389,307,82,4,21,84,2.8,0
2024-09-16T15:00:00Z,565,484,81,3,24.3,71,4,0
2024-09-16T16:00:00Z,669,580,89,2,26.1,62,5.4,0
2024-09-16T17:00:00Z,719,628,91,0,27.6,55,6.8,0
2024-09-16T18:00:00Z,722,631,91,2,28.3,51,7.5,0
2024-09-16T19:00:00Z,662,574,88,2,29,49,7.6,0
2024-09-16T20:00:00Z,532,443,89,3,29.1,47,7.4,0
2024-09-16T21:00:00Z,398,319,79,3,28.5,49,6.6,0
2024-09-16T22:00:00Z,218,152,66,6,27.4,53,4.6,0
2024-09-16T23:00:00Z,68,43,25,4,23.9,70,5.5,0
2024-09-17T00:00:00Z,0,0,0,4,21.3,78,7,0
2024-09-17T01:00:00Z,0,0,0,3,20.3,81,8.6,0
2024-09-17T02:00:00Z,0,0,0,0,19.2,85,8.5,0
2024-09-17T03:00:00Z,0,0,0,1,17.9,90,7.3,0
2024-09-17T04:00:00Z,0,0,0,2,16.9,93,7.4,0
2024-09-17T05:00:00Z,0,0,0,5,16.2,95,6.9,0
2024-09-17T06:00:00Z,0,0,0,10,15.7,95,7,0
2024-09-17T07:00:00Z,0,0,0,20,15.2,95,6.7,0
2024-09-17T08:00:00Z,0,0,0,23,14.7,95,5.9,0
2024-09-17T09:00:00Z,0,0,0,6,14,96,6.4,0
2024-09-17T10:00:00Z,0,0,0,4,13.3,99,6.5,0
2024-09-17T11:00:00Z,1,0,1,7,12.8,100,5.8,0
2024-09-17T12:00:00Z,75,41,34,7,15.1,100,4.7,0
2024-09-17T13:00:00Z,231,150,81,3,18,94,2.5,0
2024-09-17T14:00:00Z,399,319,80,0,21.2,80,2.4,0
2024-09-17T15:00:00Z,564,484,80,2,23.9,66,2.7,0
2024-09-17T16:00:00Z,670,581,89,2,25.8,56,3.2,0
2024-09-17T17:00:00Z,725,636,89,1,27.5,49,3.6,0
2024-09-17T18:00:00Z,721,630,91,13,28.2,44,3.6,0
2024-09-17T19:00:00Z,629,511,118,15,28.6,42,4.8,0
2024-09-17T20:00:00Z,537,434,103,12,28.1,44,5,0
2024-09-17T21:00:00Z,392,306,86,4,27.9,42,4.5,0
2024-09-17T22:00:00Z,227,166,61,8,26.2,49,5.7,0
2024-09-17T23:00:00Z,68,42,26,5,23.6,59,5.9,0
2024-09-18T00:00:00Z,0,0,0,0,21.1,71,6.4,0
2024-09-18T01:00:00Z,0,0,0,0,19.8,76,7.5,0
2024-09-18T02:00:00Z,0,0,0,0,18.6,80,8.1,0
2024-09-18T03:00:00Z,0,0,0,2,17.6,83,8,0
2024-09-18T04:00:00Z,0,0,0,7,17.4,83,6.9,0
2024-09-18T05:00:00Z,0,0,0,12,16.6,87,4.8,0
2024-09-18T06:00:00Z,0,0,0,4,15.8,88,2.7,0
2024-09-18T07:00:00Z,0,0,0,5,14.6,94,1.5,0
2024-09-18T08:00:00Z,0,0,0,47,13.9,96,1.7,0
2024-09-18T09:00:00Z,0,0,0,67,13.9,96,2.1,0
2024-09-18T10:00:00Z,0,0,0,70,12.6,99,2.7,0
2024-09-18T11:00:00Z,1,0,1,100,12,99,2.9,0
2024-09-18T12:00:00Z,55,20,35,92,13.8,99,2.8,0
2024-09-18T13:00:00Z,175,71,104,75,16.3,96,1.9,0
2024-09-18T14:00:00Z,342,191,151,73,19.8,85,1.3,0
2024-09-18T15:00:00Z,487,305,182,71,22.9,70,0.8,0
2024-09-18T16:00:00Z,595,397,198,86,24.7,62,0.8,0
2024-09-18T17:00:00Z,668,492,176,94,26.4,56,2.3,0
2024-09-18T18:00:00Z,662,475,187,94,27.1,52,3.5,0
2024-09-18T19:00:00Z,620,466,154,62,27.4,49,2.2,0
2024-09-18T20:00:00Z,488,344,144,73,27.2,48,0.6,0
2024-09-18T21:00:00Z,328,211,117,71,26.5,52,1,0
2024-09-18T22:00:00Z,182,91,91,85,24.3,64,2.2,0
2024-09-18T23:00:00Z,52,21,31,88,22.6,71,3.1,0
2024-09-19T00:00:00Z,0,0,0,94,20.7,81,3.5,0
2024-09-19T01:00:00Z,0,0,0,97,19.6,87,3.9,0
2024-09-19T02:00:00Z,0,0,0,96,18.3,92,3.2,0
2024-09-19T03:00:00Z,0,0,0,97,15.6,98,3.3,0
2024-09-19T04:00:00Z,0,0,0,94,14.2,100,4.4,0
2024-09-19T05:00:00Z,0,0,0,36,13.9,100,5.2,0
2024-09-19T06:00:00Z,0,0,0,54,13.7,99,5.5,0
2024-09-19T07:00:00Z,0,0,0,56,12.6,99,5.4,0
2024-09-19T08:00:00Z,0,0,0,50,13.2,97,6.7,0
2024-09-19T09:00:00Z,0,0,0,53,13.4,96,6.7,0
2024-09-19T10:00:00Z,0,0,0,64,12.3,98,6.8,0
2024-09-19T11:00:00Z,1,0,1,73,11.6,99,5.2,0
2024-09-19T12:00:00Z,69,33,36,100,14,99,6.7,0
2024-09-19T13:00:00Z,205,112,93,74,16.7,95,5.5,0
2024-09-19T14:00:00Z,388,293,95,15,20.5,83,4.9,0
2024-09-19T15:00:00Z,545,445,100,0,23.9,66,5.2,0
2024-09-19T16:00:00Z,638,530,108,0,25.7,57,5.5,0
2024-09-19T17:00:00Z,705,597,108,0,26.7,50,4.9,0
2024-09-19T18:00:00Z,700,599,101,2,27.5,47,4.7,0
2024-09-19T19:00:00Z,653,569,84,2,27.7,46,4.5,0
2024-09-19T20:00:00Z,542,463,79,0,27.7,45,4.6,0
2024-09-19T21:00:00Z,393,324,69,0,27.5,46,4.4,0
2024-09-19T22:00:00Z,221,167,54,4,26.1,51,3.2,0
2024-09-19T23:00:00Z,60,38,22,5,23.1,64,3.6,0
2024-09-20T00:00:00Z,0,0,0,0,19.8,79,3.6,0
2024-09-20T01:00:00Z,0,0,0,0,18.6,85,4.7,0
2024-09-20T02:00:00Z,0,0,0,0,16.6,94,4.7,0
2024-09-20T03:00:00Z,0,0,0,4,15.2,98,4.8,0
2024-09-20T04:00:00Z,0,0,0,6,15,97,6.4,0
2024-09-20T05:00:00Z,0,0,0,6,15.3,93,10,0
2024-09-20T06:00:00Z,0,0,0,10,14.9,92,9.7,0
2024-09-20T07:00:00Z,0,0,0,8,14.4,92,8.6,0
2024-09-20T08:00:00Z,0,0,0,5,14.1,94,8.7,0
2024-09-20T09:00:00Z,0,0,0,1,14.1,95,9.6,0
2024-09-20T10:00:00Z,0,0,0,1,13.5,96,8.4,0
2024-09-20T11:00:00Z,0,0,0,1,13.5,96,8.5,0
2024-09-20T12:00:00Z,71,44,27,1,14.6,94,10.3,0
2024-09-20T13:00:00Z,222,166,56,1,16.1,89,10.1,0
2024-09-20T14:00:00Z,380,290,90,5,18.4,84,9.6,0
2024-09-20T15:00:00Z,531,437,94,1,20.6,76,9.1,0
2024-09-20T16:00:00Z,630,517,113,6,22.4,70,9.1,0
2024-09-20T17:00:00Z,693,600,93,7,23.9,65,8.9,0
2024-09-20T18:00:00Z,683,594,89,1,25.1,62,8.1,0
2024-09-20T19:00:00Z,622,517,105,4,25.9,59,8.3,0
2024-09-20T20:00:00Z,495,421,74,14,26,58,9.7,0
2024-09-20T21:00:00Z,323,228,95,8,25.7,58,10.5,0
2024-09-20T22:00:00Z,198,142,56,11,24.6,61,10.3,0
2024-09-20T23:00:00Z,52,31,21,8,22,71,11.6,0
2024-09-21T00:00:00Z,0,0,0,5,20.6,77,12.8,0
2024-09-21T01:00:00Z,0,0,0,0,19.5,84,12.7,0
2024-09-21T02:00:00Z,0,0,0,8,18.8,87,13.4,0
2024-09-21T03:00:00Z,0,0,0,24,17.6,91,13.2,0
2024-09-21T04:00:00Z,0,0,0,7,16.9,93,12.4,0
2024-09-21T05:00:00Z,0,0,0,16,16.1,94,12.3,0
2024-09-21T06:00:00Z,0,0,0,24,15.7,94,12.1,0
2024-09-21T07:00:00Z,0,0,0,33,15.1,94,11.2,0
2024-09-21T08:00:00Z,0,0,0,52,14.7,94,10.1,0
2024-09-21T09:00:00Z,0,0,0,50,14.3,95,9.7,0
2024-09-21T10:00:00Z,0,0,0,74,14.2,92,8.8,0
2024-09-21T11:00:00Z,0,0,0,50,14.2,92,9,0
2024-09-21T12:00:00Z,61,27,34,24,15.1,91,9.4,0
2024-09-21T13:00:00Z,199,113,86,21,16.5,88,9.2,0
2024-09-21T14:00:00Z,379,293,86,53,18.2,84,10.4,0
2024-09-21T15:00:00Z,519,426,93,50,20.6,76,10.7,0
2024-09-21T16:00:00Z,620,524,96,33,21.8,72,12.2,0
2024-09-21T17:00:00Z,653,546,107,41,23,67,13.4,0
2024-09-21T18:00:00Z,667,561,106,30,24.2,63,13.3,0
2024-09-21T19:00:00Z,565,414,151,55,24.3,62,12.8,0
2024-09-21T20:00:00Z,380,264,116,78,24.2,63,13.1,0
2024-09-21T21:00:00Z,225,136,89,30,23.6,65,13.1,0
2024-09-21T22:00:00Z,188,130,58,19,22.3,69,11.9,0
2024-09-21T23:00:00Z,45,26,19,12,20.2,78,12.4,0
2024-09-22T00:00:00Z,0,0,0,16,19,81,11.6,0
2024-09-22T01:00:00Z,0,0,0,3,18,82,11.7,0
2024-09-22T02:00:00Z,0,0,0,1,17.2,82,12.1,0
2024-09-22T03:00:00Z,0,0,0,1,16.5,82,11.9,0
2024-09-22T04:00:00Z,0,0,0,3,15.5,83,12.3,0
2024-09-22T05:00:00Z,0,0,0,1,14.9,82,11.7,0
2024-09-22T06:00:00Z,0,0,0,2,14.3,82,11.2,0
2024-09-22T07:00:00Z,0,0,0,2,13.6,83,10.7,0
2024-09-22T08:00:00Z,0,0,0,1,13,83,9.5,0
2024-09-22T09:00:00Z,0,0,0,0,12.5,85,8.9,0
2024-09-22T10:00:00Z,0,0,0,8,12,88,9.3,0
2024-09-22T11:00:00Z,0,0,0,7,11.8,88,11.2,0
2024-09-22T12:00:00Z,66,41,25,10,13.1,85,9.5,0
2024-09-22T13:00:00Z,226,170,56,12,15,80,10.7,0
2024-09-22T14:00:00Z,371,291,80,16,16.8,74,11.7,0
2024-09-22T15:00:00Z,524,437,87,92,19.2,68,11.1,0
2024-09-22T16:00:00Z,643,557,86,94,20.7,65,9.5,0
2024-09-22T17:00:00Z,682,583,99,91,21.9,63,11.5,0
2024-09-22T18:00:00Z,658,540,118,99,23,60,12.4,0
2024-09-22T19:00:00Z,382,134,248,100,23.7,57,12.7,0
2024-09-22T20:00:00Z,229,48,181,100,23.7,56,13.3,0
2024-09-22T21:00:00Z,179,55,124,100,23,58,13.2,0
2024-09-22T22:00:00Z,101,14,87,100,21.2,65,11,0
2024-09-22T23:00:00Z,25,4,21,91,19.6,71,11.7,0
2024-09-23T00:00:00Z,0,0,0,90,18.3,76,12.6,0
2024-09-23T01:00:00Z,0,0,0,100,17.7,79,12.2,0
2024-09-23T02:00:00Z,0,0,0,100,17.3,81,11.6,0
2024-09-23T03:00:00Z,0,0,0,100,16.6,83,11.1,0
2024-09-23T04:00:00Z,0,0,0,100,16,84,9.8,0
2024-09-23T05:00:00Z,0,0,0,100,16,85,9.6,0
2024-09-23T06:00:00Z,0,0,0,100,16.1,87,10.1,0
2024-09-23T07:00:00Z,0,0,0,100,16.3,86,9.8,0
2024-09-23T08:00:00Z,0,0,0,100,16.3,85,9.8,0.1
2024-09-23T09:00:00Z,0,0,0,100,16.2,84,8,0.4
2024-09-23T10:00:00Z,0,0,0,100,15.8,89,7.8,1
2024-09-23T11:00:00Z,0,0,0,100,15.4,93,7.5,1.7
2024-09-23T12:00:00Z,6,0,6,100,15.2,94,9,2.1
2024-09-23T13:00:00Z,17,0,17,100,15.2,94,9.9,2.4
2024-09-23T14:00:00Z,36,0,36,100,15.2,95,10.7,2.4
2024-09-23T15:00:00Z,69,0,69,100,15.3,95,10.3,2.1
2024-09-23T16:00:00Z,55,0,55,100,15.4,96,9.8,1.4
2024-09-23T17:00:00Z,98,1,97,100,15.7,96,8.8,0.8
2024-09-23T18:00:00Z,72,0,72,100,15.9,96,9.2,0.4
2024-09-23T19:00:00Z,116,6,110,100,16.2,95,8.6,0
2024-09-23T20:00:00Z,125,22,103,100,15.9,96,7.9,0
2024-09-23T21:00:00Z,85,16,69,100,15.7,96,8,0
2024-09-23T22:00:00Z,45,13,32,96,16.5,88,8,0
2024-09-23T23:00:00Z,12,0,12,93,16,90,6.9,0
2024-09-24T00:00:00Z,0,0,0,99,15.9,90,7.4,0
2024-09-24T01:00:00Z,0,0,0,98,15.5,91,7.6,0
2024-09-24T02:00:00Z,0,0,0,99,15.4,90,7.1,0
2024-09-24T03:00:00Z,0,0,0,100,15.2,91,6.5,0
2024-09-24T04:00:00Z,0,0,0,100,15,92,7,0
2024-09-24T05:00:00Z,0,0,0,100,15,93,6.7,0
2024-09-24T06:00:00Z,0,0,0,88,14.8,94,7.4,0
2024-09-24T07:00:00Z,0,0,0,80,14.7,95,8.1,0
2024-09-24T08:00:00Z,0,0,0,83,14.7,94,8.2,0
2024-09-24T09:00:00Z,0,0,0,94,14.8,93,8.2,0
2024-09-24T10:00:00Z,0,0,0,62,14.8,93,7.6,0
2024-09-24T11:00:00Z,0,0,0,93,14.6,92,8.3,0
2024-09-24T12:00:00Z,39,10,29,99,14.9,89,9.5,0
2024-09-24T13:00:00Z,157,63,94,64,16.1,81,10.2,0
2024-09-24T14:00:00Z,314,154,160,100,17.4,72,11.3,0
2024-09-24T15:00:00Z,472,307,165,100,18.9,67,11.8,0
2024-09-24T16:00:00Z,548,334,214,100,19.9,63,12.9,0
2024-09-24T17:00:00Z,573,324,249,100,20.2,62,15.8,0
2024-09-24T18:00:00Z,603,415,188,100,20.9,60,15.4,0
2024-09-24T19:00:00Z,479,273,206,100,20.8,59,16.8,0
2024-09-24T20:00:00Z,333,108,225,96,20.7,59,17,0
2024-09-24T21:00:00Z,214,59,155,85,20.1,58,14.5,0
2024-09-24T22:00:00Z,126,42,84,71,18.8,65,16.1,0
2024-09-24T23:00:00Z,36,18,18,83,17.7,68,16.4,0
2024-09-25T00:00:00Z,0,0,0,84,17.2,67,17.2,0
2024-09-25T01:00:00Z,0,0,0,71,16.7,67,17.2,0.2
2024-09-25T02:00:00Z,0,0,0,75,15.9,72,16.6,0.4
2024-09-25T03:00:00Z,0,0,0,96,15.5,77,15,0.6
2024-09-25T04:00:00Z,0,0,0,98,14.4,86,13.5,1.4
2024-09-25T05:00:00Z,0,0,0,98,14.2,87,14.8,0.8
2024-09-25T06:00:00Z,0,0,0,100,13.9,90,14.3,1.4
2024-09-25T07:00:00Z,0,0,0,100,13.7,92,14.5,1.3
2024-09-25T08:00:00Z,0,0,0,100,13.6,93,15.2,2
2024-09-25T09:00:00Z,0,0,0,100,13.6,94,15.8,2
2024-09-25T10:00:00Z,0,0,0,100,13.7,93,15.5,2
2024-09-25T11:00:00Z,0,0,0,100,13.7,94,15.7,1.7
2024-09-25T12:00:00Z,4,0,4,100,13.7,95,16.1,1.1
2024-09-25T13:00:00Z,17,0,17,100,13.6,96,15.7,1.1
2024-09-25T14:00:00Z,41,0,41,100,13.9,96,14.4,0.9
2024-09-25T15:00:00Z,78,17,61,100,14.3,93,14.1,0.6
2024-09-25T16:00:00Z,100,2,98,100,14.6,91,13.7,0
2024-09-25T17:00:00Z,77,0,77,100,14.9,93,13.4,0
2024-09-25T18:00:00Z,130,7,123,100,15.4,90,14,0
2024-09-25T19:00:00Z,107,0,107,100,16,89,14.4,0
2024-09-25T20:00:00Z,72,2,70,100,16.3,88,13.7,0
2024-09-25T21:00:00Z,64,3,61,100,16.3,90,13.6,0
2024-09-25T22:00:00Z,24,0,24,100,16.8,87,12.6,0.2
2024-09-25T23:00:00Z,6,0,6,100,16.8,87,13.2,0.1
2024-09-26T00:00:00Z,0,0,0,100,16.7,88,14.6,0.5
2024-09-26T01:00:00Z,0,0,0,100,16.3,91,16.6,1.8
2024-09-26T02:00:00Z,0,0,0,100,16,94,17.3,2.3
2024-09-26T03:00:00Z,0,0,0,100,16,95,17.5,2.7
2024-09-26T04:00:00Z,0,0,0,100,16.2,96,17.9,2.6
2024-09-26T05:00:00Z,0,0,0,100,16.2,97,18.5,1.1
2024-09-26T06:00:00Z,0,0,0,100,16.3,96,17.5,0.8
2024-09-26T07:00:00Z,0,0,0,100,16.2,97,16.5,0.7
2024-09-26T08:00:00Z,0,0,0,100,16.2,97,16.3,0.6
2024-09-26T09:00:00Z,0,0,0,100,16.3,97,15.2,0.2
2024-09-26T10:00:00Z,0,0,0,100,16.8,98,11.6,0.4
2024-09-26T11:00:00Z,0,0,0,94,16.9,97,12.2,0.1
2024-09-26T12:00:00Z,23,11,12,86,17.1,95,13.6,0.1
2024-09-26T13:00:00Z,142,83,59,26,17.6,91,13.6,0.1
2024-09-26T14:00:00Z,326,238,88,35,18.3,85,14.3,0.1
2024-09-26T15:00:00Z,404,292,112,38,19,77,16.4,0
2024-09-26T16:00:00Z,491,399,92,30,20,62,17.7,0
2024-09-26T17:00:00Z,583,475,108,40,21.2,54,17.5,0
2024-09-26T18:00:00Z,589,468,121,24,21.7,50,17.2,0
2024-09-26T19:00:00Z,538,451,87,22,21.6,49,18.3,0
2024-09-26T20:00:00Z,429,318,111,18,21.7,49,17.7,0
2024-09-26T21:00:00Z,257,149,108,18,21,52,13.2,0
2024-09-26T22:00:00Z,157,111,46,6,19.4,61,12.3,0
2024-09-26T23:00:00Z,33,19,14,4,16.9,72,10.4,0
2024-09-27T00:00:00Z,0,0,0,6,15.2,80,9.5,0
2024-09-27T01:00:00Z,0,0,0,3,14.2,84,8.5,0
2024-09-27T02:00:00Z,0,0,0,8,13.2,88,8.5,0
2024-09-27T03:00:00Z,0,0,0,7,12.8,90,8.3,0
2024-09-27T04:00:00Z,0,0,0,4,12.1,93,7.9,0
2024-09-27T05:00:00Z,0,0,0,4,11.9,93,7.4,0
2024-09-27T06:00:00Z,0,0,0,6,11.2,95,6.9,0
2024-09-27T07:00:00Z,0,0,0,7,10.9,96,6.9,0
2024-09-27T08:00:00Z,0,0,0,4,10.6,96,6.9,0
2024-09-27T09:00:00Z,0,0,0,0,10.7,97,7.8,0
2024-09-27T10:00:00Z,0,0,0,0,10.5,96,7.9,0
2024-09-27T11:00:00Z,0,0,0,3,10.1,97,5.4,0
2024-09-27T12:00:00Z,47,27,20,4,11.8,96,6.7,0
2024-09-27T13:00:00Z,188,125,63,3,14.2,90,5.2,0
2024-09-27T14:00:00Z,356,276,80,5,16.4,80,5.9,0
2024-09-27T15:00:00Z,498,395,103,19,18.4,71,6.3,0
2024-09-27T16:00:00Z,521,363,158,30,19.6,64,7,0
2024-09-27T17:00:00Z,486,308,178,60,20.4,60,7.8,0
2024-09-27T18:00:00Z,444,264,180,61,21,57,7.4,0
2024-09-27T19:00:00Z,319,121,198,77,21.4,55,6.3,0
2024-09-27T20:00:00Z,226,34,192,100,21.1,59,5,0
2024-09-27T21:00:00Z,189,64,125,95,20.9,59,5.8,0
2024-09-27T22:00:00Z,121,57,64,39,19.1,65,5.3,0
2024-09-27T23:00:00Z,30,17,13,47,16,80,6.9,0
2024-09-28T00:00:00Z,0,0,0,30,14.5,87,7.4,0
2024-09-28T01:00:00Z,0,0,0,73,13,92,6.6,0
2024-09-28T02:00:00Z,0,0,0,86,12.1,93,6,0
2024-09-28T03:00:00Z,0,0,0,72,11.2,96,5.9,0
2024-09-28T04:00:00Z,0,0,0,49,10.2,97,6.9,0
2024-09-28T05:00:00Z,0,0,0,44,9.8,96,7,0
2024-09-28T06:00:00Z,0,0,0,32,9.5,98,6.5,0
2024-09-28T07:00:00Z,0,0,0,13,9,99,6.1,0
2024-09-28T08:00:00Z,0,0,0,9,8.7,99,6.7,0
2024-09-28T09:00:00Z,0,0,0,0,9.3,98,6.6,0
2024-09-28T10:00:00Z,0,0,0,0,9.6,95,6.3,0
2024-09-28T11:00:00Z,0,0,0,1,10,95,6.7,0
2024-09-28T12:00:00Z,51,32,19,41,11.3,94,8.4,0
2024-09-28T13:00:00Z,209,156,53,0,13.4,90,7,0
2024-09-28T14:00:00Z,376,308,68,0,15.6,82,8.2,0
2024-09-28T15:00:00Z,519,442,77,0,17.9,73,9.2,0
2024-09-28T16:00:00Z,620,538,82,0,19.8,65,10.1,0
2024-09-28T17:00:00Z,670,589,81,8,21.2,60,10.3,0
2024-09-28T18:00:00Z,655,559,96,12,21.8,58,10.1,0
2024-09-28T19:00:00Z,599,513,86,15,22.4,56,9.7,0
2024-09-28T20:00:00Z,485,403,82,18,22.5,55,9.9,0
2024-09-28T21:00:00Z,342,273,69,0,22.2,56,9.4,0
2024-09-28T22:00:00Z,158,115,43,0,20.4,65,8.6,0
2024-09-28T23:00:00Z,27,15,12,0,17.8,76,8.9,0
2024-09-29T00:00:00Z,0,0,0,0,16.2,83,9.6,0
2024-09-29T01:00:00Z,0,0,0,0,15.4,85,10.3,0
2024-09-29T02:00:00Z,0,0,0,0,14.5,88,9.8,0
2024-09-29T03:00:00Z,0,0,0,0,13.5,91,8.2,0
2024-09-29T04:00:00Z,0,0,0,0,12.8,93,8.2,0
2024-09-29T05:00:00Z,0,0,0,0,12.5,94,8.7,0
2024-09-29T06:00:00Z,0,0,0,1,12.2,94,8.9,0
2024-09-29T07:00:00Z,0,0,0,1,11.8,94,8.6,0
2024-09-29T08:00:00Z,0,0,0,4,11,95,7.8,0
2024-09-29T09:00:00Z,0,0,0,1,10.7,95,6.9,0
2024-09-29T10:00:00Z,0,0,0,5,10.4,96,6.4,0
2024-09-29T11:00:00Z,0,0,0,28,10.3,97,6.6,0
2024-09-29T12:00:00Z,48,29,19,60,11.6,95,7.8,0
2024-09-29T13:00:00Z,191,133,58,60,13,92,6.7,0
2024-09-29T14:00:00Z,367,296,71,32,14.9,86,5.4,0
2024-09-29T15:00:00Z,501,411,90,1,16.9,81,3.6,0
2024-09-29T16:00:00Z,614,533,81,0,18.9,74,2.7,0
2024-09-29T17:00:00Z,654,544,110,0,20.5,68,2.8,0
2024-09-29T18:00:00Z,570,424,146,28,21.7,63,4.1,0
2024-09-29T19:00:00Z,465,277,188,21,22.6,59,4.3,0
2024-09-29T20:00:00Z,450,332,118,1,23.1,57,3.6,0
2024-09-29T21:00:00Z,330,260,70,1,23.5,53,3.1,0
2024-09-29T22:00:00Z,168,119,49,2,21.8,63,3.2,0
2024-09-29T23:00:00Z,24,13,11,5,17.6,82,5.5,0
2024-09-30T00:00:00Z,0,0,0,14,15.7,89,6.3,0
2024-09-30T01:00:00Z,0,0,0,14,14.8,92,6.5,0
2024-09-30T02:00:00Z,0,0,0,27,14.5,92,5.9,0
2024-09-30T03:00:00Z,0,0,0,30,13.8,93,8.1,0
2024-09-30T04:00:00Z,0,0,0,7,13.2,94,10.5,0
2024-09-30T05:00:00Z,0,0,0,0,13.2,90,12.4,0
2024-09-30T06:00:00Z,0,0,0,1,12.8,86,13.5,0
2024-09-30T07:00:00Z,0,0,0,0,12.1,85,13,0
2024-09-30T08:00:00Z,0,0,0,1,11.6,85,12.2,0
2024-09-30T09:00:00Z,0,0,0,0,11.5,85,11.5,0
2024-09-30T10:00:00Z,0,0,0,1,10.5,90,10.5,0
2024-09-30T11:00:00Z,0,0,0,0,10.3,91,9.7,0
2024-09-30T12:00:00Z,46,28,18,0,11.3,89,9.5,0
2024-09-30T13:00:00Z,200,147,53,0,13.8,80,8.5,0
2024-09-30T14:00:00Z,367,298,69,0,15.9,71,7.6,0
2024-09-30T15:00:00Z,509,429,80,0,18.5,62,7,0
2024-09-30T16:00:00Z,610,526,84,0,19.8,60,6.3,0
2024-09-30T17:00:00Z,658,570,88,0,21.1,58,5.5,0
2024-09-30T18:00:00Z,651,564,87,0,22.2,56,5.2,0
2024-09-30T19:00:00Z,591,509,82,0,22.9,54,5.1,0
2024-09-30T20:00:00Z,481,406,75,0,23.2,52,5.6,0
2024-09-30T21:00:00Z,329,264,65,0,22.8,53,6.2,0
2024-09-30T22:00:00Z,160,114,46,0,21,64,5.3,0
2024-09-30T23:00:00Z,23,12,11,0,17.1,78,7.3,0
2024-10-01T00:00:00Z,0,0,0,0,16,82,8.1,0
2024-10-01T01:00:00Z,0,0,0,0,15.4,84,10.3,0
2024-10-01T02:00:00Z,0,0,0,0,14.5,88,11.5,0
2024-10-01T03:00:00Z,0,0,0,0,13.5,91,11.5,0
2024-10-01T04:00:00Z,0,0,0,0,12.7,93,11.4,0
2024-10-01T05:00:00Z,0,0,0,0,12,94,11.5,0
2024-10-01T06:00:00Z,0,0,0,1,11.6,93,11.2,0
2024-10-01T07:00:00Z,0,0,0,2,11,93,10.6,0
2024-10-01T08:00:00Z,0,0,0,5,10.4,94,10.3,0
2024-10-01T09:00:00Z,0,0,0,11,10.1,94,10,0
2024-10-01T10:00:00Z,0,0,0,63,9.5,93,9,0
2024-10-01T11:00:00Z,0,0,0,77,9.5,93,9.1,0
2024-10-01T12:00:00Z,36,18,18,84,11,93,9.2,0
2024-10-01T13:00:00Z,147,83,64,75,12.7,89,9.2,0
2024-10-01T14:00:00Z,291,199,92,54,15.8,84,9.3,0
2024-10-01T15:00:00Z,381,244,137,42,18,77,10.1,0
2024-10-01T16:00:00Z,455,324,131,37,19.8,73,11,0
2024-10-01T17:00:00Z,494,351,143,69,21.2,68,13.7,0.1
2024-10-01T18:00:00Z,515,387,128,89,22.6,62,12.4,0.1
2024-10-01T19:00:00Z,331,194,137,47,22.9,60,10.7,0
2024-10-01T20:00:00Z,343,211,132,37,22.7,59,10.2,0.1
2024-10-01T21:00:00Z,214,139,75,35,22.3,61,8.4,0
2024-10-01T22:00:00Z,132,84,48,30,21.1,65,6.8,0
2024-10-01T23:00:00Z,18,8,10,24,18.7,75,7.5,0
2024-10-02T00:00:00Z,0,0,0,35,17.5,81,7.8,0
2024-10-02T01:00:00Z,0,0,0,22,16.7,85,7.6,0
2024-10-02T02:00:00Z,0,0,0,46,16.3,86,8,0
2024-10-02T03:00:00Z,0,0,0,53,16,85,10.8,0
2024-10-02T04:00:00Z,0,0,0,54,15.8,79,12.3,0
2024-10-02T05:00:00Z,0,0,0,76,15.8,76,12.7,0
2024-10-02T06:00:00Z,0,0,0,100,15.7,76,11.8,0
2024-10-02T07:00:00Z,0,0,0,100,15.9,76,10.9,0
2024-10-02T08:00:00Z,0,0,0,100,15.3,81,11.3,0
2024-10-02T09:00:00Z,0,0,0,100,14.4,89,11.3,0.7
2024-10-02T10:00:00Z,0,0,0,100,14.8,90,14.9,0.9
2024-10-02T11:00:00Z,0,0,0,100,14.8,93,13.9,1.6
2024-10-02T12:00:00Z,6,0,6,100,14.9,94,12.2,1.8
2024-10-02T13:00:00Z,13,0,13,100,14.9,97,9,2.2
2024-10-02T14:00:00Z,12,0,12,100,14.3,100,8.6,1.5
2024-10-02T15:00:00Z,15,0,15,100,13.6,99,10.3,0.2
2024-10-02T16:00:00Z,42,6,36,100,13.4,96,10,0
2024-10-02T17:00:00Z,131,20,111,100,13.7,91,12.2,0
2024-10-02T18:00:00Z,202,50,152,100,14.5,83,11.8,0
2024-10-02T19:00:00Z,145,16,129,100,15,79,11.5,0
2024-10-02T20:00:00Z,123,15,108,100,15.9,72,10.6,0
2024-10-02T21:00:00Z,117,13,104,100,15.9,68,10.3,0
2024-10-02T22:00:00Z,42,0,42,100,14.7,72,7.9,0
2024-10-02T23:00:00Z,7,2,5,99,12.7,83,6.3,0
2024-10-03T00:00:00Z,0,0,0,77,11.7,85,7.3,0
2024-10-03T01:00:00Z,0,0,0,75,10.7,88,6.8,0
2024-10-03T02:00:00Z,0,0,0,41,9.7,91,5.8,0
2024-10-03T03:00:00Z,0,0,0,2,8.8,93,6.3,0
2024-10-03T04:00:00Z,0,0,0,2,8.7,92,7.1,0
2024-10-03T05:00:00Z,0,0,0,3,8,93,6.6,0
2024-10-03T06:00:00Z,0,0,0,4,7.4,96,6.3,0
2024-10-03T07:00:00Z,0,0,0,1,7.5,98,5.8,0
2024-10-03T08:00:00Z,0,0,0,0,6.9,100,7.7,0
2024-10-03T09:00:00Z,0,0,0,0,6.9,100,7.3,0
2024-10-03T10:00:00Z,0,0,0,11,6.1,100,8,0
2024-10-03T11:00:00Z,0,0,0,1,6.6,100,7.1,0
2024-10-03T12:00:00Z,39,23,16,1,8.2,99,9.4,0
2024-10-03T13:00:00Z,183,129,54,3,10.9,91,9.4,0
2024-10-03T14:00:00Z,349,277,72,3,13.8,84,11.2,0
2024-10-03T15:00:00Z,491,411,80,3,16.5,76,14.1,0
2024-10-03T16:00:00Z,587,502,85,8,18.8,62,16.8,0
2024-10-03T17:00:00Z,601,493,108,2,20.1,55,17.6,0
2024-10-03T18:00:00Z,621,520,101,5,20.9,52,18,0
2024-10-03T19:00:00Z,567,480,87,23,21.1,52,18,0
2024-10-03T20:00:00Z,458,382,76,64,21.1,52,17.5,0
2024-10-03T21:00:00Z,302,224,78,54,20.7,55,14,0
2024-10-03T22:00:00Z,126,78,48,57,18.6,63,13.4,0
2024-10-03T23:00:00Z,14,6,8,66,16.4,73,14.1,0
2024-10-04T00:00:00Z,0,0,0,39,15.1,78,13.9,0
2024-10-04T01:00:00Z,0,0,0,21,14.1,83,12.8,0
2024-10-04T02:00:00Z,0,0,0,7,13.8,85,11.8,0
2024-10-04T03:00:00Z,0,0,0,0,13,91,10.8,0
2024-10-04T04:00:00Z,0,0,0,2,12.2,95,9.7,0
2024-10-04T05:00:00Z,0,0,0,21,11.6,97,7.9,0
2024-10-04T06:00:00Z,0,0,0,23,10.8,100,6.4,0
2024-10-04T07:00:00Z,0,0,0,12,10.1,100,5.9,0
2024-10-04T08:00:00Z,0,0,0,1,9.1,100,6.1,0
2024-10-04T09:00:00Z,0,0,0,0,8.7,100,7.4,0
2024-10-04T10:00:00Z,0,0,0,55,8.4,100,7.9,0
2024-10-04T11:00:00Z,0,0,0,60,8.8,100,7.3,0
2024-10-04T12:00:00Z,38,22,16,60,8.7,100,3.6,0
2024-10-04T13:00:00Z,185,131,54,7,12.2,97,2.7,0
2024-10-04T14:00:00Z,349,276,73,20,14.8,85,1.7,0
2024-10-04T15:00:00Z,466,360,106,21,17.4,73,2.2,0
2024-10-04T16:00:00Z,569,454,115,40,19.1,67,3.4,0
2024-10-04T17:00:00Z,596,450,146,38,20.5,62,6.8,0
2024-10-04T18:00:00Z,526,355,171,62,21.2,57,10.2,0
2024-10-04T19:00:00Z,464,285,179,82,20.9,54,11,0
2024-10-04T20:00:00Z,340,211,129,81,20.4,53,9.8,0
2024-10-04T21:00:00Z,189,69,120,93,19.2,55,8.7,0
2024-10-04T22:00:00Z,83,17,66,100,17.5,63,9.1,0
2024-10-04T23:00:00Z,8,0,8,100,15.8,70,9.9,0
2024-10-05T00:00:00Z,0,0,0,100,14.7,75,9.9,0
2024-10-05T01:00:00Z,0,0,0,100,13.6,77,9,0
2024-10-05T02:00:00Z,0,0,0,97,12.9,79,8.9,0
2024-10-05T03:00:00Z,0,0,0,64,11.7,84,8.8,0.1
2024-10-05T04:00:00Z,0,0,0,52,11.1,85,7.3,0.1
2024-10-05T05:00:00Z,0,0,0,37,10.7,85,5.2,0
2024-10-05T06:00:00Z,0,0,0,39,9.7,88,5.6,0
2024-10-05T07:00:00Z,0,0,0,20,9.1,91,7.7,0
2024-10-05T08:00:00Z,0,0,0,11,8.2,92,8.7,0
2024-10-05T09:00:00Z,0,0,0,9,7.4,95,8.7,0
2024-10-05T10:00:00Z,0,0,0,2,6.1,98,10.3,0
2024-10-05T11:00:00Z,0,0,0,1,6.2,98,10.9,0
2024-10-05T12:00:00Z,35,19,16,2,7.4,95,11.9,0
2024-10-05T13:00:00Z,183,132,51,0,9.8,85,11.8,0
2024-10-05T14:00:00Z,354,285,69,0,12.1,71,10.8,0
2024-10-05T15:00:00Z,499,421,78,0,14.4,58,9.4,0
2024-10-05T16:00:00Z,601,517,84,0,15.6,50,9.6,0
2024-10-05T17:00:00Z,653,568,85,0,16.5,41,11,0
2024-10-05T18:00:00Z,642,555,87,0,16.9,37,11.1,0
2024-10-05T19:00:00Z,575,493,82,0,17.2,37,10.2,0
2024-10-05T20:00:00Z,469,397,72,0,17.1,36,8.8,0
2024-10-05T21:00:00Z,311,249,62,0,16.6,39,7.6,0
2024-10-05T22:00:00Z,138,97,41,0,14,53,5,0
2024-10-05T23:00:00Z,13,6,7,3,10,74,5.1,0
2024-10-06T00:00:00Z,0,0,0,1,9.1,78,3.8,0
2024-10-06T01:00:00Z,0,0,0,0,9.6,76,2.7,0
2024-10-06T02:00:00Z,0,0,0,0,8.8,82,3.8,0
2024-10-06T03:00:00Z,0,0,0,0,7.7,88,4.2,0
2024-10-06T04:00:00Z,0,0,0,0,6.8,94,4,0
2024-10-06T05:00:00Z,0,0,0,0,6.3,98,6,0
2024-10-06T06:00:00Z,0,0,0,58,6.1,98,7.3,0
2024-10-06T07:00:00Z,0,0,0,86,3.9,98,6.8,0
2024-10-06T08:00:00Z,0,0,0,91,5.1,94,8.5,0
2024-10-06T09:00:00Z,0,0,0,96,5,92,8.8,0
2024-10-06T10:00:00Z,0,0,0,95,3.4,96,6.7,0
2024-10-06T11:00:00Z,0,0,0,62,3.6,97,9.2,0
2024-10-06T12:00:00Z,32,16,16,97,5.1,98,12.7,0
2024-10-06T13:00:00Z,167,100,67,100,7.8,91,13.8,0
2024-10-06T14:00:00Z,325,234,91,100,10.8,81,13.9,0
2024-10-06T15:00:00Z,473,356,117,98,13.2,70,14.6,0
2024-10-06T16:00:00Z,498,352,146,100,15,64,16.4,0
2024-10-06T17:00:00Z,474,294,180,100,16.6,59,18.5,0
2024-10-06T18:00:00Z,374,183,191,99,17.7,54,20,0
2024-10-06T19:00:00Z,377,208,169,100,18.6,51,18.6,1.1
2024-10-06T20:00:00Z,204,35,169,100,19.1,50,16,0.1
2024-10-06T21:00:00Z,191,74,117,95,18.8,49,13.6,0.2
2024-10-06T22:00:00Z,64,18,46,100,16.3,69,9.2,0.8
2024-10-06T23:00:00Z,3,0,3,100,14.3,83,12.2,2.9
2024-10-07T00:00:00Z,0,0,0,100,13.6,91,10.4,3.2
2024-10-07T01:00:00Z,0,0,0,100,13.2,95,12,2.8
2024-10-07T02:00:00Z,0,0,0,100,13.2,98,10.2,0.4
2024-10-07T03:00:00Z,0,0,0,78,13,100,7.1,0.1
2024-10-07T04:00:00Z,0,0,0,31,12.6,100,5.6,0
2024-10-07T05:00:00Z,0,0,0,13,12.4,99,5.9,0
2024-10-07T06:00:00Z,0,0,0,13,11.7,97,6.5,0
2024-10-07T07:00:00Z,0,0,0,19,10.9,94,9.2,0
2024-10-07T08:00:00Z,0,0,0,1,10.2,94,11.7,0
2024-10-07T09:00:00Z,0,0,0,1,9.6,95,12.7,0
2024-10-07T10:00:00Z,0,0,0,7,9.6,94,14.1,0
2024-10-07T11:00:00Z,0,0,0,3,9.2,94,13.1,0
2024-10-07T12:00:00Z,31,17,14,0,9.4,94,12.5,0
2024-10-07T13:00:00Z,175,125,50,16,10.7,90,13.7,0
2024-10-07T14:00:00Z,309,228,81,40,11.8,82,17.5,0
2024-10-07T15:00:00Z,370,227,143,52,12.9,75,15.7,0
2024-10-07T16:00:00Z,498,377,121,73,13.6,68,15.3,0
2024-10-07T17:00:00Z,394,264,130,54,14.2,63,15.6,0
2024-10-07T18:00:00Z,210,93,117,50,13.7,63,16,0
2024-10-07T19:00:00Z,322,160,162,56,13.4,62,14.9,0
2024-10-07T20:00:00Z,268,149,119,65,13,60,13.8,0
2024-10-07T21:00:00Z,173,83,90,57,12.7,59,14,0
2024-10-07T22:00:00Z,62,28,34,49,11.3,62,12.2,0
2024-10-07T23:00:00Z,5,1,4,29,9.3,72,8.3,0
2024-10-08T00:00:00Z,0,0,0,5,7.9,82,6.4,0
2024-10-08T01:00:00Z,0,0,0,1,6.7,87,4,0
2024-10-08T02:00:00Z,0,0,0,0,6.2,89,3.4,0
2024-10-08T03:00:00Z,0,0,0,1,5.4,91,5,0
2024-10-08T04:00:00Z,0,0,0,4,4.1,94,5.3,0
2024-10-08T05:00:00Z,0,0,0,0,3.7,94,5.2,0
2024-10-08T06:00:00Z,0,0,0,2,2.9,96,6.3,0
2024-10-08T07:00:00Z,0,0,0,10,3.1,95,6.2,0
2024-10-08T08:00:00Z,0,0,0,25,2.9,95,6.1,0
2024-10-08T09:00:00Z,0,0,0,53,2.2,98,5.8,0
2024-10-08T10:00:00Z,0,0,0,47,1.8,99,4.5,0
2024-10-08T11:00:00Z,0,0,0,44,1.4,100,4.5,0
2024-10-08T12:00:00Z,27,13,14,42,3.3,100,5.3,0
2024-10-08T13:00:00Z,152,94,58,50,6.1,93,6.9,0
2024-10-08T14:00:00Z,278,190,88,45,8.5,84,5.6,0
2024-10-08T15:00:00Z,390,293,97,26,10.9,75,4.7,0
2024-10-08T16:00:00Z,518,417,101,34,12.5,63,6,0
2024-10-08T17:00:00Z,593,466,127,31,13.5,55,6.9,0
2024-10-08T18:00:00Z,528,374,154,36,14.2,52,8,0
2024-10-08T19:00:00Z,491,345,146,47,14,51,8.6,0.3
2024-10-08T20:00:00Z,333,220,113,55,13.2,55,5.8,0.1
2024-10-08T21:00:00Z,230,140,90,56,13.1,52,7.1,0
2024-10-08T22:00:00Z,71,24,47,61,11.2,64,5.8,0
2024-10-08T23:00:00Z,5,1,4,24,8.4,83,5.1,0.1
2024-10-09T00:00:00Z,0,0,0,24,6.7,90,4.6,0
2024-10-09T01:00:00Z,0,0,0,34,5.4,94,5.4,0
2024-10-09T02:00:00Z,0,0,0,46,4.8,96,5.8,0
2024-10-09T03:00:00Z,0,0,0,45,4.1,97,6.6,0
2024-10-09T04:00:00Z,0,0,0,43,3.3,98,5.4,0
2024-10-09T05:00:00Z,0,0,0,34,3.6,97,5.8,0
2024-10-09T06:00:00Z,0,0,0,24,3.5,96,5.5,0
2024-10-09T07:00:00Z,0,0,0,35,3.7,95,5.7,0
2024-10-09T08:00:00Z,0,0,0,43,3.5,94,5.9,0
2024-10-09T09:00:00Z,0,0,0,69,3.5,94,6.4,0
2024-10-09T10:00:00Z,0,0,0,86,3.6,96,4.7,0
2024-10-09T11:00:00Z,0,0,0,95,3.8,95,7.4,0
2024-10-09T12:00:00Z,15,2,13,98,4.7,94,8.5,0
2024-10-09T13:00:00Z,106,23,83,99,6.2,91,9.3,0
2024-10-09T14:00:00Z,210,46,164,98,7.6,83,9.7,0
2024-10-09T15:00:00Z,285,69,216,100,8.8,70,10.3,0
2024-10-09T16:00:00Z,261,44,217,100,9,67,11.6,0.1
2024-10-09T17:00:00Z,289,69,220,97,8.9,68,11.7,0.2
2024-10-09T18:00:00Z,249,36,213,89,9.1,71,10.5,0.2
2024-10-09T19:00:00Z,320,133,187,68,9.8,70,9.2,0
2024-10-09T20:00:00Z,377,258,119,74,10.3,67,9.2,0
2024-10-09T21:00:00Z,237,124,113,92,9.6,70,9.7,0
2024-10-09T22:00:00Z,75,18,57,70,8.7,77,10.9,0.2
2024-10-09T23:00:00Z,4,1,3,68,7.5,82,11.5,0
2024-10-10T00:00:00Z,0,0,0,48,6.4,88,11.5,0
2024-10-10T01:00:00Z,0,0,0,64,5.6,93,12.1,0
2024-10-10T02:00:00Z,0,0,0,32,5.4,93,11.8,0
2024-10-10T03:00:00Z,0,0,0,7,5.3,94,12.3,0
2024-10-10T04:00:00Z,0,0,0,2,5,95,12.9,0
2024-10-10T05:00:00Z,0,0,0,8,5,95,14.3,0
2024-10-10T06:00:00Z,0,0,0,10,5.1,93,14.8,0
2024-10-10T07:00:00Z,0,0,0,12,5,93,14.7,0
2024-10-10T08:00:00Z,0,0,0,32,5,91,14.5,0
2024-10-10T09:00:00Z,0,0,0,44,4.9,91,15.3,0
2024-10-10T10:00:00Z,0,0,0,80,4.9,91,16.4,0
2024-10-10T11:00:00Z,0,0,0,83,5,89,14.5,0
2024-10-10T12:00:00Z,20,8,12,69,5.2,88,19,0
2024-10-10T13:00:00Z,117,57,60,100,6,83,19.3,0
2024-10-10T14:00:00Z,266,167,99,100,7.1,77,16.7,0
2024-10-10T15:00:00Z,290,134,156,100,8.2,71,15.9,0
2024-10-10T16:00:00Z,354,147,207,100,9.5,67,15.8,0
2024-10-10T17:00:00Z,354,167,187,100,10.6,61,15.7,0
2024-10-10T18:00:00Z,232,52,180,100,10.9,60,16.2,0
2024-10-10T19:00:00Z,271,50,221,100,11.2,58,16.8,0
2024-10-10T20:00:00Z,170,31,139,100,11.4,57,16.1,0
2024-10-10T21:00:00Z,110,21,89,99,11.5,58,16.5,0
2024-10-10T22:00:00Z,57,10,47,83,10.5,63,11.7,0
2024-10-10T23:00:00Z,3,0,3,72,8.8,70,10.9,0
2024-10-11T00:00:00Z,0,0,0,51,8.2,73,11.2,0
2024-10-11T01:00:00Z,0,0,0,59,7.6,75,10.9,0
2024-10-11T02:00:00Z,0,0,0,70,7.1,76,10.7,0
2024-10-11T03:00:00Z,0,0,0,72,6.8,78,10.8,0
2024-10-11T04:00:00Z,0,0,0,80,6.7,78,10.6,0
2024-10-11T05:00:00Z,0,0,0,93,6.4,79,10,0
2024-10-11T06:00:00Z,0,0,0,84,6.1,79,9.6,0
2024-10-11T07:00:00Z,0,0,0,91,5.8,80,10.2,0
2024-10-11T08:00:00Z,0,0,0,85,6,80,10.8,0
2024-10-11T09:00:00Z,0,0,0,76,5.8,81,10.1,0
2024-10-11T10:00:00Z,0,0,0,34,4.6,89,9.4,0
2024-10-11T11:00:00Z,0,0,0,12,4.1,91,9.5,0
2024-10-11T12:00:00Z,21,10,11,16,4.2,92,9.9,0
2024-10-11T13:00:00Z,153,103,50,4,6.6,86,10.1,0
2024-10-11T14:00:00Z,318,252,66,3,9.5,77,10.6,0
2024-10-11T15:00:00Z,458,383,75,7,12.2,68,11.8,0
2024-10-11T16:00:00Z,556,477,79,6,14.1,62,13.4,0
2024-10-11T17:00:00Z,589,492,97,54,15.7,59,15.3,0
2024-10-11T18:00:00Z,534,387,147,73,16.8,57,17.3,0
2024-10-11T19:00:00Z,521,441,80,97,17.7,55,18.5,0.1
2024-10-11T20:00:00Z,354,232,122,90,18,53,17.2,0
2024-10-11T21:00:00Z,229,131,98,81,17.8,55,15.9,0
2024-10-11T22:00:00Z,97,57,40,1,16.4,62,15.1,0
2024-10-11T23:00:00Z,4,1,3,48,15.4,69,14.9,0
2024-10-12T00:00:00Z,0,0,0,64,15.3,72,14.9,0
2024-10-12T01:00:00Z,0,0,0,70,14.9,79,15.3,0.6
2024-10-12T02:00:00Z,0,0,0,45,14.2,88,15.3,0.3
2024-10-12T03:00:00Z,0,0,0,40,14.3,90,16.2,0
2024-10-12T04:00:00Z,0,0,0,79,14.8,86,18.8,0
2024-10-12T05:00:00Z,0,0,0,75,15.5,83,23.4,0.1
2024-10-12T06:00:00Z,0,0,0,90,14.2,81,27.9,0.1
2024-10-12T07:00:00Z,0,0,0,98,12.7,76,26.1,0
2024-10-12T08:00:00Z,0,0,0,98,11.5,72,24.6,0
2024-10-12T09:00:00Z,0,0,0,88,9.9,72,23.5,0
2024-10-12T10:00:00Z,0,0,0,84,8.3,70,18.2,0
2024-10-12T11:00:00Z,0,0,0,98,7.3,64,20.4,0
2024-10-12T12:00:00Z,10,2,8,68,6.8,62,19.6,0
2024-10-12T13:00:00Z,92,33,59,49,7.5,62,20.1,0
2024-10-12T14:00:00Z,198,87,111,83,8.6,57,20.8,0
2024-10-12T15:00:00Z,321,140,181,97,9.9,51,20.3,0
2024-10-12T16:00:00Z,410,219,191,92,10.8,47,20.4,0
2024-10-12T17:00:00Z,557,405,152,58,11.7,45,19.9,0
2024-10-12T18:00:00Z,564,427,137,10,12.5,42,19.3,0
2024-10-12T19:00:00Z,536,445,91,81,12.9,40,18,0
2024-10-12T20:00:00Z,414,328,86,35,13,40,16.5,0
2024-10-12T21:00:00Z,257,180,77,73,12.7,40,14.7,0
2024-10-12T22:00:00Z,102,66,36,44,10.4,49,10.4,0
2024-10-12T23:00:00Z,4,1,3,0,7.4,64,9.6,0
2024-10-13T00:00:00Z,0,0,0,0,6.3,71,8.4,0
2024-10-13T01:00:00Z,0,0,0,0,5.2,77,7.9,0
2024-10-13T02:00:00Z,0,0,0,100,4.6,80,7.9,0
2024-10-13T03:00:00Z,0,0,0,100,3.8,84,7.2,0
2024-10-13T04:00:00Z,0,0,0,100,4.1,85,7.3,0
2024-10-13T05:00:00Z,0,0,0,96,3.9,89,5.1,0
2024-10-13T06:00:00Z,0,0,0,85,3.4,91,4.6,0
2024-10-13T07:00:00Z,0,0,0,83,4,89,4.2,0
2024-10-13T08:00:00Z,0,0,0,62,3,93,5,0
2024-10-13T09:00:00Z,0,0,0,72,3,94,6.3,0
2024-10-13T10:00:00Z,0,0,0,90,3.9,88,6.7,0
2024-10-13T11:00:00Z,0,0,0,62,3.6,90,7,0
2024-10-13T12:00:00Z,14,5,9,93,4.2,86,7.7,0
2024-10-13T13:00:00Z,75,10,65,95,5.2,79,7.7,0
2024-10-13T14:00:00Z,162,50,112,97,6.4,67,8.3,0
2024-10-13T15:00:00Z,242,83,159,98,7.8,61,9.7,0
2024-10-13T16:00:00Z,422,214,208,87,8.9,56,9.6,0
2024-10-13T17:00:00Z,580,466,114,96,9.6,55,9,0
2024-10-13T18:00:00Z,596,514,82,96,10.4,51,9.2,0
2024-10-13T19:00:00Z,290,139,151,74,10.7,49,8.6,0
2024-10-13T20:00:00Z,255,136,119,50,10.7,48,8.5,0
2024-10-13T21:00:00Z,212,134,78,27,10.2,48,9.2,0
2024-10-13T22:00:00Z,89,54,35,63,8.4,54,7.9,0
2024-10-13T23:00:00Z,3,0,3,69,7,61,6.4,0
2024-10-14T00:00:00Z,0,0,0,42,6,66,9.7,0
2024-10-14T01:00:00Z,0,0,0,52,5.5,69,11,0
2024-10-14T02:00:00Z,0,0,0,82,5.7,69,13.1,0
2024-10-14T03:00:00Z,0,0,0,90,5.4,70,13.6,0
2024-10-14T04:00:00Z,0,0,0,94,5,72,13.9,0
2024-10-14T05:00:00Z,0,0,0,99,4.8,72,14.7,0
2024-10-14T06:00:00Z,0,0,0,97,4.8,72,15.4,0
2024-10-14T07:00:00Z,0,0,0,99,4.7,71,15.6,0
2024-10-14T08:00:00Z,0,0,0,98,4.7,70,16,0
2024-10-14T09:00:00Z,0,0,0,98,4.9,68,16.6,0
2024-10-14T10:00:00Z,0,0,0,100,4.6,71,15.3,0
2024-10-14T11:00:00Z,0,0,0,97,4.6,73,15.9,0
2024-10-14T12:00:00Z,9,0,9,98,4.9,74,16.2,0
2024-10-14T13:00:00Z,58,4,54,100,5.6,73,17.6,0
2024-10-14T14:00:00Z,129,1,128,100,6.4,69,19.1,0
2024-10-14T15:00:00Z,229,32,197,100,7.8,63,21.3,0
2024-10-14T16:00:00Z,284,52,232,100,8.8,58,21.9,0
2024-10-14T17:00:00Z,198,22,176,100,9.3,57,19.9,0.1
2024-10-14T18:00:00Z,247,51,196,100,10.1,52,20.7,0
2024-10-14T19:00:00Z,319,110,209,100,10.5,51,19.7,0
2024-10-14T20:00:00Z,245,71,174,100,10.7,47,17.9,0
2024-10-14T21:00:00Z,132,25,107,100,10.2,49,14.9,0
2024-10-14T22:00:00Z,63,19,44,89,8.7,55,13.9,0
2024-10-14T23:00:00Z,2,0,2,50,7.4,64,14.5,0
2024-10-15T00:00:00Z,0,0,0,15,6.7,72,16.7,0
2024-10-15T01:00:00Z,0,0,0,3,5.9,79,16,0
2024-10-15T02:00:00Z,0,0,0,4,5.3,82,16,0
2024-10-15T03:00:00Z,0,0,0,26,4.9,84,16.2,0
2024-10-15T04:00:00Z,0,0,0,85,4.5,84,16.2,0
2024-10-15T05:00:00Z,0,0,0,100,4.3,85,16.7,0
2024-10-15T06:00:00Z,0,0,0,83,4.5,82,16.1,0
2024-10-15T07:00:00Z,0,0,0,90,4.6,81,17.2,0
2024-10-15T08:00:00Z,0,0,0,93,4.5,80,16.7,0
2024-10-15T09:00:00Z,0,0,0,94,4.5,79,16.7,0
2024-10-15T10:00:00Z,0,0,0,85,4.9,78,14.4,0
2024-10-15T11:00:00Z,0,0,0,94,4.9,79,13.6,0
2024-10-15T12:00:00Z,10,3,7,100,5.1,81,14.6,0
2024-10-15T13:00:00Z,85,26,59,87,5.7,78,18.9,0
2024-10-15T14:00:00Z,169,36,133,90,6.5,75,19.2,0
2024-10-15T15:00:00Z,210,54,156,98,7.7,70,18.8,0.1
2024-10-15T16:00:00Z,198,48,150,100,8.2,69,17.2,0
2024-10-15T17:00:00Z,242,80,162,100,7.9,72,16.9,0.1
2024-10-15T18:00:00Z,261,81,180,100,7.8,77,17.3,0.2
2024-10-15T19:00:00Z,225,31,194,100,7.1,81,18.3,0.4
2024-10-15T20:00:00Z,148,6,142,100,6.3,83,17.5,0.3
2024-10-15T21:00:00Z,79,0,79,98,5.4,86,16.3,0.3
2024-10-15T22:00:00Z,32,1,31,100,5.3,83,19.1,0.6
2024-10-15T23:00:00Z,1,0,1,100,5,88,15.7,0.3
2024-10-16T00:00:00Z,0,0,0,99,4.8,90,14.1,0.4
2024-10-16T01:00:00Z,0,0,0,99,4.6,87,15.5,0.3
2024-10-16T02:00:00Z,0,0,0,89,4.7,88,15.9,0.2
2024-10-16T03:00:00Z,0,0,0,68,4.4,90,16.2,0.1
2024-10-16T04:00:00Z,0,0,0,75,4.5,89,16.2,0
2024-10-16T05:00:00Z,0,0,0,98,4.6,88,16.5,0
2024-10-16T06:00:00Z,0,0,0,95,5,85,17.3,0
2024-10-16T07:00:00Z,0,0,0,98,5.1,82,17.4,0
2024-10-16T08:00:00Z,0,0,0,98,4.9,81,17.4,0
2024-10-16T09:00:00Z,0,0,0,91,4.7,79,17,0
2024-10-16T10:00:00Z,0,0,0,88,4.2,78,17.3,0
2024-10-16T11:00:00Z,0,0,0,87,4,79,17.4,0
2024-10-16T12:00:00Z,8,1,7,89,4.2,77,14.8,0
2024-10-16T13:00:00Z,63,12,51,99,5,71,18.7,0
2024-10-16T14:00:00Z,107,14,93,99,5.8,69,17.9,0
2024-10-16T15:00:00Z,196,24,172,100,6.7,66,16.3,0
2024-10-16T16:00:00Z,229,35,194,100,7.3,62,14.4,0
2024-10-16T17:00:00Z,246,18,228,100,8.2,59,15,0
2024-10-16T18:00:00Z,381,117,264,100,9.3,54,15.1,0
2024-10-16T19:00:00Z,291,65,226,100,9.8,51,14.2,0
2024-10-16T20:00:00Z,241,62,179,90,10.1,49,13.8,0
2024-10-16T21:00:00Z,152,54,98,62,10.3,46,12.8,0
2024-10-16T22:00:00Z,55,23,32,21,8.4,57,8.8,0
2024-10-16T23:00:00Z,1,0,1,6,5.7,71,8.1,0
2024-10-17T00:00:00Z,0,0,0,10,4.4,78,9,0
2024-10-17T01:00:00Z,0,0,0,9,3.6,81,9.1,0
2024-10-17T02:00:00Z,0,0,0,4,3.1,85,9.4,0
2024-10-17T03:00:00Z,0,0,0,2,2.4,87,9.4,0
2024-10-17T04:00:00Z,0,0,0,2,1.9,89,9.1,0
2024-10-17T05:00:00Z,0,0,0,0,1.1,92,8.6,0
2024-10-17T06:00:00Z,0,0,0,1,0.5,94,6.9,0
2024-10-17T07:00:00Z,0,0,0,0,-0.2,96,5.4,0
2024-10-17T08:00:00Z,0,0,0,1,-0.4,96,6,0
2024-10-17T09:00:00Z,0,0,0,5,-0.6,97,6.1,0
2024-10-17T10:00:00Z,0,0,0,36,-2.2,99,6.8,0
2024-10-17T11:00:00Z,0,0,0,20,-1.8,99,5.8,0
2024-10-17T12:00:00Z,14,7,7,23,-0.6,98,5.7,0
2024-10-17T13:00:00Z,137,93,44,30,2.5,92,4.7,0
2024-10-17T14:00:00Z,299,237,62,2,6.1,81,4.1,0
2024-10-17T15:00:00Z,437,364,73,0,9.3,68,5.9,0
2024-10-17T16:00:00Z,533,455,78,0,11.2,57,7.5,0
2024-10-17T17:00:00Z,578,497,81,0,13,46,8.4,0
2024-10-17T18:00:00Z,567,486,81,0,14.3,39,8.8,0
2024-10-17T19:00:00Z,504,428,76,0,15,35,8.7,0
2024-10-17T20:00:00Z,389,320,69,0,15.2,34,8.8,0
2024-10-17T21:00:00Z,238,183,55,0,14.9,35,7.5,0
2024-10-17T22:00:00Z,78,51,27,0,11.3,53,7.8,0
2024-10-17T23:00:00Z,1,0,1,0,8,65,7.5,0
2024-10-18T00:00:00Z,0,0,0,0,6.4,71,8.6,0
2024-10-18T01:00:00Z,0,0,0,0,5.1,76,8.6,0
2024-10-18T02:00:00Z,0,0,0,0,4.3,80,7.3,0
2024-10-18T03:00:00Z,0,0,0,0,3.5,83,6.8,0
2024-10-18T04:00:00Z,0,0,0,0,3,85,7.6,0
2024-10-18T05:00:00Z,0,0,0,0,2.9,86,8.1,0
2024-10-18T06:00:00Z,0,0,0,0,2.3,89,8,0
2024-10-18T07:00:00Z,0,0,0,0,1.9,91,9.2,0
2024-10-18T08:00:00Z,0,0,0,0,1.6,93,9.2,0
2024-10-18T09:00:00Z,0,0,0,0,0.7,96,8.3,0
2024-10-18T10:00:00Z,0,0,0,0,-1.1,97,8.6,0
2024-10-18T11:00:00Z,0,0,0,0,-1.7,97,6.1,0
2024-10-18T12:00:00Z,13,7,6,0,-1.1,98,5.6,0
2024-10-18T13:00:00Z,137,96,41,0,3.2,94,4.8,0
2024-10-18T14:00:00Z,299,237,62,0,7.2,84,3.5,0
2024-10-18T15:00:00Z,439,367,72,0,10.9,69,3.5,0
2024-10-18T16:00:00Z,537,459,78,0,13.5,56,4.9,0
2024-10-18T17:00:00Z,584,503,81,0,15.4,46,6.7,0
2024-10-18T18:00:00Z,573,493,80,0,16.7,40,8.2,0
2024-10-18T19:00:00Z,505,429,76,0,17.8,36,8.8,0
2024-10-18T20:00:00Z,388,320,68,0,18.2,34,8.3,0
2024-10-18T21:00:00Z,235,181,54,0,17.7,37,6.1,0
2024-10-18T22:00:00Z,75,49,26,0,13,55,8,0
2024-10-18T23:00:00Z,0,0,0,0,9.9,64,9.2,0
2024-10-19T00:00:00Z,0,0,0,0,8.4,69,9.9,0
2024-10-19T01:00:00Z,0,0,0,0,7.2,74,10.3,0
2024-10-19T02:00:00Z,0,0,0,0,6.8,78,9.9,0
2024-10-19T03:00:00Z,0,0,0,0,5.6,84,9.6,0
2024-10-19T04:00:00Z,0,0,0,0,4.4,88,9.1,0
2024-10-19T05:00:00Z,0,0,0,0,3.4,92,8.6,0
2024-10-19T06:00:00Z,0,0,0,0,2.9,94,7.3,0
2024-10-19T07:00:00Z,0,0,0,0,2,96,7.4,0
2024-10-19T08:00:00Z,0,0,0,0,1.8,98,7.6,0
2024-10-19T09:00:00Z,0,0,0,0,1.2,98,7.7,0
2024-10-19T10:00:00Z,0,0,0,0,1.3,96,8.6,0
2024-10-19T11:00:00Z,0,0,0,60,0.9,97,8.2,0
2024-10-19T12:00:00Z,12,6,6,60,0.3,98,7.5,0
2024-10-19T13:00:00Z,133,93,40,8,4.1,97,5.8,0
2024-10-19T14:00:00Z,294,234,60,0,7.6,87,4.9,0
2024-10-19T15:00:00Z,433,364,69,0,11.5,73,5.6,0
2024-10-19T16:00:00Z,525,449,76,0,14.5,61,7,0
2024-10-19T17:00:00Z,568,489,79,0,16.9,53,8.6,0
2024-10-19T18:00:00Z,554,475,79,0,18.6,46,10.1,0
2024-10-19T19:00:00Z,487,412,75,0,19.4,44,11.1,0
2024-10-19T20:00:00Z,372,304,68,0,19.6,42,11,0
2024-10-19T21:00:00Z,222,168,54,0,18.6,45,10.1,0
2024-10-19T22:00:00Z,68,43,25,0,15.7,55,12,0
2024-10-19T23:00:00Z,0,0,0,0,13,66,13.5,0
2024-10-20T00:00:00Z,0,0,0,0,11.3,76,14.1,0
2024-10-20T01:00:00Z,0,0,0,0,10.1,82,13.1,0
2024-10-20T02:00:00Z,0,0,0,0,9.6,86,11.4,0
2024-10-20T03:00:00Z,0,0,0,8,8.6,88,10.1,0
2024-10-20T04:00:00Z,0,0,0,14,7.4,90,8.2,0
2024-10-20T05:00:00Z,0,0,0,27,6.4,92,7.5,0
2024-10-20T06:00:00Z,0,0,0,59,5.7,94,7.5,0
2024-10-20T07:00:00Z,0,0,0,43,5.2,96,7.5,0
2024-10-20T08:00:00Z,0,0,0,70,5.1,97,7.5,0
2024-10-20T09:00:00Z,0,0,0,79,5.4,97,8.1,0
2024-10-20T10:00:00Z,0,0,0,23,5.1,98,7,0
2024-10-20T11:00:00Z,0,0,0,0,5,98,7.4,0
2024-10-20T12:00:00Z,10,5,5,10,5.6,97,7.4,0
2024-10-20T13:00:00Z,125,85,40,0,7.7,94,10.1,0
2024-10-20T14:00:00Z,283,222,61,6,10.7,83,10.2,0
2024-10-20T15:00:00Z,404,330,74,6,14.1,70,11.2,0
2024-10-20T16:00:00Z,482,396,86,4,16.6,59,12,0
2024-10-20T17:00:00Z,525,429,96,1,18.6,51,13.6,0
2024-10-20T18:00:00Z,517,420,97,9,19.9,45,15,0
2024-10-20T19:00:00Z,447,370,77,16,20.5,41,15.9,0
2024-10-20T20:00:00Z,306,234,72,20,20.4,43,15.3,0
2024-10-20T21:00:00Z,197,139,58,84,19.9,44,15.4,0
2024-10-20T22:00:00Z,56,33,23,99,18.4,51,14.2,0
2024-10-20T23:00:00Z,0,0,0,91,17.4,56,15,0
2024-10-21T00:00:00Z,0,0,0,100,16.9,57,16.1,0
2024-10-21T01:00:00Z,0,0,0,77,16.5,59,15,0
2024-10-21T02:00:00Z,0,0,0,96,15.9,62,13,0
2024-10-21T03:00:00Z,0,0,0,95,15.1,66,11.6,0
2024-10-21T04:00:00Z,0,0,0,97,14.4,68,10.7,0
2024-10-21T05:00:00Z,0,0,0,96,14.2,69,10.4,0
2024-10-21T06:00:00Z,0,0,0,82,13.9,71,10.9,0
2024-10-21T07:00:00Z,0,0,0,95,13.4,72,11.7,0
2024-10-21T08:00:00Z,0,0,0,98,12.6,75,12.3,0
2024-10-21T09:00:00Z,0,0,0,34,12.3,77,12.6,0
2024-10-21T10:00:00Z,0,0,0,0,12.1,79,11.6,0
2024-10-21T11:00:00Z,0,0,0,0,11.6,82,10.9,0
2024-10-21T12:00:00Z,9,4,5,0,11.4,84,10,0
2024-10-21T13:00:00Z,116,78,38,7,14,77,9.5,0
2024-10-21T14:00:00Z,267,207,60,57,17,66,8.7,0
2024-10-21T15:00:00Z,397,327,70,24,19.1,59,9.5,0
2024-10-21T16:00:00Z,484,407,77,2,20.8,55,10.4,0
2024-10-21T17:00:00Z,530,451,79,10,22.7,50,11.4,0
2024-10-21T18:00:00Z,524,444,80,0,24.2,47,12.2,0
2024-10-21T19:00:00Z,458,384,74,0,24.9,45,12.2,0
2024-10-21T20:00:00Z,347,281,66,1,25.5,43,10.7,0
2024-10-21T21:00:00Z,203,151,52,1,24.7,49,6.7,0
2024-10-21T22:00:00Z,57,36,21,6,20.7,63,6,0
2024-10-21T23:00:00Z,0,0,0,4,18.1,72,6.6,0
2024-10-22T00:00:00Z,0,0,0,7,16.7,77,5.7,0
2024-10-22T01:00:00Z,0,0,0,4,15.7,80,4.7,0
2024-10-22T02:00:00Z,0,0,0,4,14.5,84,4.3,0
2024-10-22T03:00:00Z,0,0,0,1,13.4,87,6.3,0
2024-10-22T04:00:00Z,0,0,0,0,12.9,87,8.3,0
2024-10-22T05:00:00Z,0,0,0,1,11.9,88,9.1,0
2024-10-22T06:00:00Z,0,0,0,6,10.5,91,8.8,0
2024-10-22T07:00:00Z,0,0,0,26,9.5,92,7.9,0
2024-10-22T08:00:00Z,0,0,0,53,8.6,93,7.5,0
2024-10-22T09:00:00Z,0,0,0,75,8.4,93,8.8,0
2024-10-22T10:00:00Z,0,0,0,81,9.3,93,11.2,0
2024-10-22T11:00:00Z,0,0,0,63,8.9,95,11,0
2024-10-22T12:00:00Z,7,2,5,57,9.1,97,10.9,0
2024-10-22T13:00:00Z,95,46,49,51,11.4,92,10.6,0
2024-10-22T14:00:00Z,234,148,86,27,13.8,83,10.4,0
2024-10-22T15:00:00Z,372,280,92,12,16.5,75,9.3,0
2024-10-22T16:00:00Z,476,393,83,0,18.7,67,8.7,0
2024-10-22T17:00:00Z,524,444,80,0,20.4,63,9.2,0
2024-10-22T18:00:00Z,514,436,78,1,21.9,58,9.9,0
2024-10-22T19:00:00Z,447,368,79,8,23.2,54,11.1,0
2024-10-22T20:00:00Z,333,259,74,1,24.1,49,11.9,0
2024-10-22T21:00:00Z,196,144,52,0,23.4,51,11.1,0
2024-10-22T22:00:00Z,54,34,20,0,19.6,60,12.6,0
2024-10-22T23:00:00Z,0,0,0,36,17.1,67,13.3,0
2024-10-23T00:00:00Z,0,0,0,51,15.5,71,12.9,0
2024-10-23T01:00:00Z,0,0,0,86,14.7,72,12.1,0
2024-10-23T02:00:00Z,0,0,0,88,13.8,75,11.3,0
2024-10-23T03:00:00Z,0,0,0,88,13.1,78,10.9,0
2024-10-23T04:00:00Z,0,0,0,89,11.9,82,10.6,0
2024-10-23T05:00:00Z,0,0,0,93,11.8,85,10.6,0
2024-10-23T06:00:00Z,0,0,0,92,12.2,85,11,0
2024-10-23T07:00:00Z,0,0,0,93,12.2,85,11.9,0
2024-10-23T08:00:00Z,0,0,0,97,12.8,82,13.2,0
2024-10-23T09:00:00Z,0,0,0,85,13.4,80,13.5,0.2
2024-10-23T10:00:00Z,0,0,0,56,14,82,15.3,0
2024-10-23T11:00:00Z,0,0,0,14,14.3,81,16.4,0
2024-10-23T12:00:00Z,6,3,3,83,15.1,78,17,0
2024-10-23T13:00:00Z,93,47,46,90,16.8,72,17.4,0
2024-10-23T14:00:00Z,174,81,93,96,18.6,63,18.3,0
2024-10-23T15:00:00Z,217,84,133,100,19.4,60,19.1,0
2024-10-23T16:00:00Z,265,109,156,97,20.1,55,17,0
2024-10-23T17:00:00Z,312,107,205,98,21,50,19.1,0
2024-10-23T18:00:00Z,248,78,170,100,20.1,57,18.2,0.2
2024-10-23T19:00:00Z,212,26,186,100,20.4,56,14.6,1
2024-10-23T20:00:00Z,127,12,115,100,20.9,54,11.8,0.9
2024-10-23T21:00:00Z,73,3,70,100,20.4,55,11.7,0
2024-10-23T22:00:00Z,21,0,21,95,17.5,73,15.8,0
2024-10-23T23:00:00Z,0,0,0,58,16.3,77,16.7,0.1
2024-10-24T00:00:00Z,0,0,0,67,15.2,77,18.5,0
2024-10-24T01:00:00Z,0,0,0,94,13.2,76,20,0
2024-10-24T02:00:00Z,0,0,0,94,11.5,76,17.8,0
2024-10-24T03:00:00Z,0,0,0,95,10.1,75,16.8,0
2024-10-24T04:00:00Z,0,0,0,99,8.9,74,17.8,0
2024-10-24T05:00:00Z,0,0,0,100,7.9,69,17.4,0
2024-10-24T06:00:00Z,0,0,0,98,7.1,70,16.3,0
2024-10-24T07:00:00Z,0,0,0,99,6.4,71,14.8,0
2024-10-24T08:00:00Z,0,0,0,99,5.9,72,14.2,0
2024-10-24T09:00:00Z,0,0,0,93,5.1,74,13.9,0
2024-10-24T10:00:00Z,0,0,0,88,4.3,76,11,0
2024-10-24T11:00:00Z,0,0,0,84,3.9,77,10.5,0
2024-10-24T12:00:00Z,4,1,3,76,4,77,9.1,0
2024-10-24T13:00:00Z,53,0,53,70,4.7,74,7.9,0
2024-10-24T14:00:00Z,179,51,128,61,5.6,71,5.9,0
2024-10-24T15:00:00Z,275,92,183,48,6.9,66,4.8,0
2024-10-24T16:00:00Z,377,132,245,53,7.8,63,7,0
2024-10-24T17:00:00Z,456,280,176,95,9.2,57,8.9,0
2024-10-24T18:00:00Z,480,335,145,97,9.8,55,9.1,0
2024-10-24T19:00:00Z,254,62,192,91,10.1,52,8.2,0
2024-10-24T20:00:00Z,256,125,131,0,10.2,51,8.2,0
2024-10-24T21:00:00Z,183,111,72,1,9.7,51,7.6,0
2024-10-24T22:00:00Z,47,25,22,24,7,66,6.2,0
2024-10-24T23:00:00Z,0,0,0,6,4.8,79,5.3,0
2024-10-25T00:00:00Z,0,0,0,3,3.5,83,6,0
2024-10-25T01:00:00Z,0,0,0,9,2.4,88,5.3,0
2024-10-25T02:00:00Z,0,0,0,10,3.7,80,4.5,0
2024-10-25T03:00:00Z,0,0,0,5,3,84,4.4,0
2024-10-25T04:00:00Z,0,0,0,5,2.3,89,6.5,0
2024-10-25T05:00:00Z,0,0,0,3,2.1,93,5.1,0
2024-10-25T06:00:00Z,0,0,0,3,2.1,96,3.4,0
2024-10-25T07:00:00Z,0,0,0,4,1.7,97,3,0
2024-10-25T08:00:00Z,0,0,0,1,1.8,96,3.2,0
2024-10-25T09:00:00Z,0,0,0,0,1.8,96,1.9,0
2024-10-25T10:00:00Z,0,0,0,60,0,100,2.1,0
2024-10-25T11:00:00Z,0,0,0,100,-0.1,97,3.3,0
2024-10-25T12:00:00Z,5,2,3,100,-0,99,3.9,0
2024-10-25T13:00:00Z,92,47,45,100,1.3,100,3.8,0
2024-10-25T14:00:00Z,207,105,102,100,3.9,93,3.3,0
2024-10-25T15:00:00Z,368,271,97,83,6.8,73,4.5,0
2024-10-25T16:00:00Z,480,393,87,100,8.8,58,5.8,0
2024-10-25T17:00:00Z,528,435,93,100,9.7,53,5.8,0
2024-10-25T18:00:00Z,358,151,207,100,10,51,5.8,0
2024-10-25T19:00:00Z,175,25,150,100,9.3,55,4.6,0
2024-10-25T20:00:00Z,76,0,76,96,8.9,59,4.9,0
2024-10-25T21:00:00Z,72,16,56,90,9.1,56,2.7,0
2024-10-25T22:00:00Z,19,8,11,98,8.7,60,6.9,0
2024-10-25T23:00:00Z,0,0,0,95,8.2,62,7.9,0
2024-10-26T00:00:00Z,0,0,0,95,8.2,63,9.3,0
2024-10-26T01:00:00Z,0,0,0,99,7.9,67,10.3,0
2024-10-26T02:00:00Z,0,0,0,100,8.3,70,10.9,0
2024-10-26T03:00:00Z,0,0,0,100,8.6,75,11.4,0
2024-10-26T04:00:00Z,0,0,0,90,9.1,77,12.8,0.1
2024-10-26T05:00:00Z,0,0,0,68,9.3,80,14.8,0
2024-10-26T06:00:00Z,0,0,0,61,9,86,16,0
2024-10-26T07:00:00Z,0,0,0,100,8.7,85,17.1,0
2024-10-26T08:00:00Z,0,0,0,99,7.9,82,19.4,0
2024-10-26T09:00:00Z,0,0,0,94,7.1,81,18.9,0
2024-10-26T10:00:00Z,0,0,0,94,6.3,82,19.2,0
2024-10-26T11:00:00Z,0,0,0,64,5.6,80,19,0
2024-10-26T12:00:00Z,3,0,3,62,5.1,77,19.4,0
2024-10-26T13:00:00Z,58,16,42,89,5.5,72,19.4,0
2024-10-26T14:00:00Z,169,59,110,39,5.9,63,18.3,0
2024-10-26T15:00:00Z,316,188,128,11,7.1,51,17.1,0
2024-10-26T16:00:00Z,449,325,124,5,8.7,39,16.5,0
2024-10-26T17:00:00Z,507,404,103,22,9.9,35,18.8,0
2024-10-26T18:00:00Z,351,194,157,65,9.6,39,20.9,0
2024-10-26T19:00:00Z,348,202,146,39,10,41,20.2,0
2024-10-26T20:00:00Z,315,232,83,62,9.6,46,19.7,0.1
2024-10-26T21:00:00Z,150,70,80,45,6.8,67,20.4,0.1
2024-10-26T22:00:00Z,30,13,17,5,5.7,65,17.2,0
2024-10-26T23:00:00Z,0,0,0,2,4.6,66,17.7,0
2024-10-27T00:00:00Z,0,0,0,0,4.2,59,19.1,0
2024-10-27T01:00:00Z,0,0,0,0,3.4,59,18,0
2024-10-27T02:00:00Z,0,0,0,0,2.9,59,15.9,0
2024-10-27T03:00:00Z,0,0,0,0,1.7,62,13.4,0
2024-10-27T04:00:00Z,0,0,0,0,0.5,69,11.7,0
2024-10-27T05:00:00Z,0,0,0,0,-0.2,73,10.4,0
2024-10-27T06:00:00Z,0,0,0,4,-0.7,77,9.6,0
2024-10-27T07:00:00Z,0,0,0,27,-1,78,9.9,0
2024-10-27T08:00:00Z,0,0,0,25,-0.9,77,11,0
2024-10-27T09:00:00Z,0,0,0,2,-0.7,75,12.9,0
2024-10-27T10:00:00Z,0,0,0,0,-1,77,14.2,0
2024-10-27T11:00:00Z,0,0,0,17,-1.2,79,14.6,0
2024-10-27T12:00:00Z,4,2,2,55,-0.5,78,13.7,0
2024-10-27T13:00:00Z,98,62,36,60,1.4,74,13,0
2024-10-27T14:00:00Z,229,155,74,42,3.5,70,15.3,0
2024-10-27T15:00:00Z,371,282,89,46,5.2,63,19.3,0
2024-10-27T16:00:00Z,432,305,127,45,6.2,59,18.8,0
2024-10-27T17:00:00Z,483,357,126,43,6.7,57,18.4,0
2024-10-27T18:00:00Z,452,320,132,96,7,56,18.6,0
2024-10-27T19:00:00Z,303,115,188,100,6.9,53,17.9,0
2024-10-27T20:00:00Z,170,45,125,100,6.3,49,14.8,0
2024-10-27T21:00:00Z,94,15,79,100,5.5,47,12.6,0
2024-10-27T22:00:00Z,21,4,17,100,3.1,60,10,0
2024-10-27T23:00:00Z,0,0,0,100,2.6,61,10.2,0
2024-10-28T00:00:00Z,0,0,0,99,2.1,66,10.2,0
2024-10-28T01:00:00Z,0,0,0,94,1.7,68,10.4,0
2024-10-28T02:00:00Z,0,0,0,71,1.3,69,9.6,0
2024-10-28T03:00:00Z,0,0,0,78,0.8,71,8.5,0
2024-10-28T04:00:00Z,0,0,0,87,-0,74,7.4,0
2024-10-28T05:00:00Z,0,0,0,82,-0.7,76,6.5,0
2024-10-28T06:00:00Z,0,0,0,75,-1.1,76,5.3,0
2024-10-28T07:00:00Z,0,0,0,74,-1.6,75,4.2,0
2024-10-28T08:00:00Z,0,0,0,62,-2.1,74,3.8,0
2024-10-28T09:00:00Z,0,0,0,53,-2.4,74,3.4,0
2024-10-28T10:00:00Z,0,0,0,47,-2.2,78,4.4,0
2024-10-28T11:00:00Z,0,0,0,40,-2.1,78,5,0
2024-10-28T12:00:00Z,3,1,2,51,-2.3,78,6.1,0
2024-10-28T13:00:00Z,99,63,36,81,0,66,7,0
2024-10-28T14:00:00Z,254,188,66,89,2.1,41,7.1,0
2024-10-28T15:00:00Z,394,316,78,69,3.4,33,6.3,0
2024-10-28T16:00:00Z,497,424,73,85,4.3,29,5.6,0
2024-10-28T17:00:00Z,539,461,78,88,5,27,5.4,0
2024-10-28T18:00:00Z,524,446,78,83,5.7,25,6,0
2024-10-28T19:00:00Z,437,339,98,65,6.3,23,6.8,0
2024-10-28T20:00:00Z,324,245,79,50,6.1,24,7.4,0
2024-10-28T21:00:00Z,180,125,55,15,5.3,25,7.4,0
2024-10-28T22:00:00Z,39,23,16,11,2.9,36,7.8,0
2024-10-28T23:00:00Z,0,0,0,0,2.1,38,9.6,0
2024-10-29T00:00:00Z,0,0,0,5,1,42,10.4,0
2024-10-29T01:00:00Z,0,0,0,14,0.8,42,11.4,0
2024-10-29T02:00:00Z,0,0,0,29,0.7,44,12.3,0
2024-10-29T03:00:00Z,0,0,0,35,0.9,46,13,0
2024-10-29T04:00:00Z,0,0,0,65,0.5,51,13.3,0
2024-10-29T05:00:00Z,0,0,0,80,0.4,56,13.1,0
2024-10-29T06:00:00Z,0,0,0,69,0.2,60,13.5,0
2024-10-29T07:00:00Z,0,0,0,44,-0.3,64,13.5,0
2024-10-29T08:00:00Z,0,0,0,74,-0.5,66,13.3,0
2024-10-29T09:00:00Z,0,0,0,96,-0.5,66,13.5,0
2024-10-29T10:00:00Z,0,0,0,98,-0.6,70,13.3,0
2024-10-29T11:00:00Z,0,0,0,98,-0.4,70,13.6,0
2024-10-29T12:00:00Z,3,0,3,98,0.2,71,13.4,0
2024-10-29T13:00:00Z,71,17,54,100,1.6,67,12.8,0
2024-10-29T14:00:00Z,177,55,122,100,3.9,62,12.9,0
2024-10-29T15:00:00Z,230,51,179,100,6,59,12.1,0
2024-10-29T16:00:00Z,251,34,217,100,7.6,57,11.5,0
2024-10-29T17:00:00Z,231,16,215,100,9,56,12.6,0
2024-10-29T18:00:00Z,218,11,207,100,10.3,56,13.8,0
2024-10-29T19:00:00Z,170,9,161,100,11.2,55,12.4,0
2024-10-29T20:00:00Z,136,8,128,100,11.4,58,10.3,0.8
2024-10-29T21:00:00Z,61,2,59,100,10.3,70,13.2,1.7
2024-10-29T22:00:00Z,5,0,5,99,9.2,83,12.1,1.5
2024-10-29T23:00:00Z,0,0,0,100,9.2,87,13,2.1
2024-10-30T00:00:00Z,0,0,0,100,9.5,88,13.2,2.3
2024-10-30T01:00:00Z,0,0,0,100,9.9,89,12.9,2.3
2024-10-30T02:00:00Z,0,0,0,79,9.9,93,12.1,1.8
2024-10-30T03:00:00Z,0,0,0,96,9.9,94,10.7,1
2024-10-30T04:00:00Z,0,0,0,96,10.2,94,9.9,0.3
2024-10-30T05:00:00Z,0,0,0,100,10.5,94,9.5,0
2024-10-30T06:00:00Z,0,0,0,94,10.8,94,9.6,0
2024-10-30T07:00:00Z,0,0,0,84,10.9,94,10.5,0
2024-10-30T08:00:00Z,0,0,0,98,10.8,94,11.3,0
2024-10-30T09:00:00Z,0,0,0,99,11,94,11.9,0
2024-10-30T10:00:00Z,0,0,0,100,10.7,94,12,0
2024-10-30T11:00:00Z,0,0,0,100,10.5,95,12.3,0
2024-10-30T12:00:00Z,2,0,2,99,10.8,94,13,0
2024-10-30T13:00:00Z,56,9,47,97,12,93,14,0
2024-10-30T14:00:00Z,164,49,115,89,13.8,89,14.6,0
2024-10-30T15:00:00Z,293,170,123,92,16.5,83,14.2,0
2024-10-30T16:00:00Z,319,139,180,98,18.5,75,16.9,0
2024-10-30T17:00:00Z,384,191,193,99,20.5,70,18.3,0
2024-10-30T18:00:00Z,411,243,168,100,22.1,65,17.7,0
2024-10-30T19:00:00Z,265,95,170,100,22.5,65,16.1,0
2024-10-30T20:00:00Z,203,62,141,99,22,66,17.1,0
2024-10-30T21:00:00Z,107,26,81,100,21.1,70,17.3,0
2024-10-30T22:00:00Z,17,1,16,100,20.4,73,18.5,0
2024-10-30T23:00:00Z,0,0,0,100,20.1,74,18.7,0
2024-10-31T00:00:00Z,0,0,0,100,19.7,76,18.2,0
2024-10-31T01:00:00Z,0,0,0,99,19.5,77,18,0
2024-10-31T02:00:00Z,0,0,0,98,19.3,77,18.3,0
2024-10-31T03:00:00Z,0,0,0,98,19.1,78,18.4,0
2024-10-31T04:00:00Z,0,0,0,99,18.8,78,18,0
2024-10-31T05:00:00Z,0,0,0,96,18.8,78,17.9,0
2024-10-31T06:00:00Z,0,0,0,94,18.8,77,17,0
2024-10-31T07:00:00Z,0,0,0,90,18.6,76,16.3,0
2024-10-31T08:00:00Z,0,0,0,96,18.3,76,15.7,0
2024-10-31T09:00:00Z,0,0,0,95,18,76,14.3,0
2024-10-31T10:00:00Z,0,0,0,93,17.6,76,13.6,0
2024-10-31T11:00:00Z,0,0,0,25,17.1,77,13.4,0
2024-10-31T12:00:00Z,1,0,1,11,17.1,77,13.5,0
2024-10-31T13:00:00Z,76,45,31,0,18,74,14.2,0
2024-10-31T14:00:00Z,214,154,60,1,20,65,14.3,0
2024-10-31T15:00:00Z,354,286,68,88,21.4,61,16.9,0
2024-10-31T16:00:00Z,404,311,93,6,22.7,57,18.6,0
2024-10-31T17:00:00Z,435,330,105,2,23.2,55,19,0
2024-10-31T18:00:00Z,412,310,102,10,23.3,55,20.5,0
2024-10-31T19:00:00Z,395,311,84,53,23.4,55,22.3,0
2024-10-31T20:00:00Z,260,172,88,99,23.1,57,19.2,0
2024-10-31T21:00:00Z,124,52,72,98,22.1,64,19.6,0
2024-10-31T22:00:00Z,25,9,16,99,21.2,69,16.9,0
2024-10-31T23:00:00Z,0,0,0,100,21.1,69,20.6,0
2024-11-01T00:00:00Z,0,0,0,100,20.6,71,20.2,0.2
2024-11-01T01:00:00Z,0,0,0,100,19.5,81,22.3,2.4
2024-11-01T02:00:00Z,0,0,0,100,19.2,84,26.9,4.2
2024-11-01T03:00:00Z,0,0,0,90,19.2,84,23.1,1
2024-11-01T04:00:00Z,0,0,0,97,18.8,83,17,0
2024-11-01T05:00:00Z,0,0,0,99,18,85,13.1,0.1
2024-11-01T06:00:00Z,0,0,0,100,16.9,90,12.9,0.5
2024-11-01T07:00:00Z,0,0,0,97,16.5,91,15.2,0.8
2024-11-01T08:00:00Z,0,0,0,76,15.9,92,13.3,0.2
2024-11-01T09:00:00Z,0,0,0,49,16,91,13.4,0.2
2024-11-01T10:00:00Z,0,0,0,40,14,91,13.1,0.7
2024-11-01T11:00:00Z,0,0,0,33,13.5,91,11.4,0.3
2024-11-01T12:00:00Z,1,0,1,96,12.9,87,16.1,0.3
2024-11-01T13:00:00Z,46,24,22,98,12.8,74,23.7,0.1
2024-11-01T14:00:00Z,145,68,77,80,13.1,62,25.6,0
2024-11-01T15:00:00Z,182,71,111,90,12.5,62,25.4,0
2024-11-01T16:00:00Z,321,217,104,65,12.6,65,23.1,0
2024-11-01T17:00:00Z,259,140,119,96,11.6,68,21.7,0
2024-11-01T18:00:00Z,251,110,141,97,10.8,67,20,0
2024-11-01T19:00:00Z,86,0,86,92,10.2,65,17.6,0
2024-11-01T20:00:00Z,70,1,69,91,9.1,65,16.5,0
2024-11-01T21:00:00Z,34,3,31,96,8.1,67,15.1,0
2024-11-01T22:00:00Z,7,0,7,98,6.7,71,15,0
2024-11-01T23:00:00Z,0,0,0,98,6.1,72,14.2,0
2024-11-02T00:00:00Z,0,0,0,98,5.6,72,13.5,0
2024-11-02T01:00:00Z,0,0,0,96,5.1,73,13.2,0
2024-11-02T02:00:00Z,0,0,0,98,4.5,74,13.5,0
2024-11-02T03:00:00Z,0,0,0,90,4,72,13.6,0
2024-11-02T04:00:00Z,0,0,0,92,3.5,72,13.8,0
2024-11-02T05:00:00Z,0,0,0,94,3,72,13.3,0
2024-11-02T06:00:00Z,0,0,0,95,2.6,72,12,0
2024-11-02T07:00:00Z,0,0,0,96,2.3,72,11.2,0
2024-11-02T08:00:00Z,0,0,0,97,2,72,11,0
2024-11-02T09:00:00Z,0,0,0,95,1.6,72,11.4,0
2024-11-02T10:00:00Z,0,0,0,100,1.3,71,12.7,0
2024-11-02T11:00:00Z,0,0,0,100,1.1,70,11.2,0
2024-11-02T12:00:00Z,0,0,0,99,1,68,8.9,0
2024-11-02T13:00:00Z,32,0,32,98,1.3,68,8.4,0
2024-11-02T14:00:00Z,116,20,96,94,1.9,65,9.2,0
2024-11-02T15:00:00Z,168,25,143,100,2.5,63,9.5,0
2024-11-02T16:00:00Z,217,39,178,100,2.9,61,9.8,0
2024-11-02T17:00:00Z,273,62,211,100,3.3,59,10.2,0
2024-11-02T18:00:00Z,279,70,209,100,4,56,10.3,0
2024-11-02T19:00:00Z,256,73,183,100,4.2,55,9.7,0
2024-11-02T20:00:00Z,182,34,148,100,4.3,54,9.9,0
2024-11-02T21:00:00Z,97,21,76,99,4,55,9.8,0
2024-11-02T22:00:00Z,13,0,13,84,2.5,60,9.8,0
2024-11-02T23:00:00Z,0,0,0,63,1.5,65,8.8,0
2024-11-03T00:00:00Z,0,0,0,47,0.4,73,7.6,0
2024-11-03T01:00:00Z,0,0,0,22,-0.5,78,7.2,0
2024-11-03T02:00:00Z,0,0,0,12,-1.1,82,7,0
2024-11-03T03:00:00Z,0,0,0,2,-1.8,85,6.8,0
2024-11-03T04:00:00Z,0,0,0,1,-2.3,86,6.4,0
2024-11-03T05:00:00Z,0,0,0,0,-3,89,5.6,0
2024-11-03T06:00:00Z,0,0,0,0,-3.2,90,5.2,0
2024-11-03T07:00:00Z,0,0,0,0,-3.7,92,5.4,0
2024-11-03T08:00:00Z,0,0,0,6,-3.8,94,5,0
2024-11-03T09:00:00Z,0,0,0,13,-4.1,96,4.8,0
2024-11-03T10:00:00Z,0,0,0,14,-5.3,92,5.2,0
2024-11-03T11:00:00Z,0,0,0,8,-5.9,93,6.3,0
2024-11-03T12:00:00Z,1,0,1,14,-4.9,90,5.4,0
2024-11-03T13:00:00Z,70,39,31,24,-2.5,86,4.9,0
2024-11-03T14:00:00Z,203,133,70,29,-0.5,76,3.3,0
2024-11-03T15:00:00Z,294,191,103,83,1.7,64,1.7,0
2024-11-03T16:00:00Z,378,266,112,45,2.9,59,2.8,0
2024-11-03T17:00:00Z,487,400,87,85,4.2,51,2.8,0
2024-11-03T18:00:00Z,470,376,94,97,5.1,47,2.5,0
2024-11-03T19:00:00Z,392,288,104,100,5.7,45,0.6,0
2024-11-03T20:00:00Z,255,138,117,100,5.7,46,1.7,0
2024-11-03T21:00:00Z,120,38,82,100,5,46,2.4,0
2024-11-03T22:00:00Z,18,2,16,100,3.8,57,2.7,0
2024-11-03T23:00:00Z,0,0,0,100,2.2,70,5.8,0
2024-11-04T00:00:00Z,0,0,0,100,1.3,75,6.9,0
2024-11-04T01:00:00Z,0,0,0,97,-1.1,83,6,0
2024-11-04T02:00:00Z,0,0,0,100,-1.4,83,6.7,0
2024-11-04T03:00:00Z,0,0,0,100,-0.4,80,6,0
2024-11-04T04:00:00Z,0,0,0,99,-0.3,79,8.5,0
2024-11-04T05:00:00Z,0,0,0,99,-0.1,77,8.3,0
2024-11-04T06:00:00Z,0,0,0,100,0.3,76,8.5,0
2024-11-04T07:00:00Z,0,0,0,100,0.6,74,9.7,0
2024-11-04T08:00:00Z,0,0,0,100,0.8,73,10.9,0
2024-11-04T09:00:00Z,0,0,0,100,1,74,10.2,0
2024-11-04T10:00:00Z,0,0,0,100,1,80,10.9,0.2
2024-11-04T11:00:00Z,0,0,0,100,1,85,14.4,0.6
2024-11-04T12:00:00Z,0,0,0,100,1.4,91,13.3,0.6
2024-11-04T13:00:00Z,18,1,17,100,1.9,93,12.5,0.1
2024-11-04T14:00:00Z,64,8,56,100,2.7,89,12.1,0
2024-11-04T15:00:00Z,97,11,86,100,3.6,86,13.4,0
2024-11-04T16:00:00Z,116,4,112,100,4.5,82,15.4,0
2024-11-04T17:00:00Z,54,0,54,100,4.6,78,15.3,0
2024-11-04T18:00:00Z,47,0,47,100,4.7,80,13.9,0.4
2024-11-04T19:00:00Z,31,0,31,100,4.7,83,13.6,0.2
2024-11-04T20:00:00Z,36,0,36,100,5,83,12.7,0.4
2024-11-04T21:00:00Z,18,0,18,100,5,85,12.8,0.6
2024-11-04T22:00:00Z,1,0,1,100,4.2,95,13.3,1.4
2024-11-04T23:00:00Z,0,0,0,100,4.6,95,12.3,1.1
2024-11-05T00:00:00Z,0,0,0,100,4.9,94,10.6,0.5
2024-11-05T01:00:00Z,0,0,0,100,5.2,92,9.1,0.1
2024-11-05T02:00:00Z,0,0,0,100,5.6,90,9.7,0.3
2024-11-05T03:00:00Z,0,0,0,100,6.5,88,11.5,0.7
2024-11-05T04:00:00Z,0,0,0,100,7.4,86,11.5,0.8
2024-11-05T05:00:00Z,0,0,0,100,8,86,12.3,0.3
2024-11-05T06:00:00Z,0,0,0,100,8.5,88,14.4,0.1
2024-11-05T07:00:00Z,0,0,0,100,8.7,90,14.8,0
2024-11-05T08:00:00Z,0,0,0,100,9.2,90,14.5,0
2024-11-05T09:00:00Z,0,0,0,100,9.9,89,14.8,0
2024-11-05T10:00:00Z,0,0,0,100,10.3,87,13.6,0
2024-11-05T11:00:00Z,0,0,0,99,10.4,85,14,0
2024-11-05T12:00:00Z,0,0,0,100,10.7,85,14.1,0
2024-11-05T13:00:00Z,11,0,11,99,11.1,87,13.7,0.9
2024-11-05T14:00:00Z,55,7,48,99,11.8,89,14.5,0.5
2024-11-05T15:00:00Z,70,5,65,95,12.7,90,15.9,1.6
2024-11-05T16:00:00Z,61,0,61,99,13.6,87,16.2,0.3
2024-11-05T17:00:00Z,221,94,127,99,15.6,83,16.7,0
2024-11-05T18:00:00Z,263,71,192,100,16.8,78,17.2,0
2024-11-05T19:00:00Z,84,0,84,100,17.2,74,16.5,0.2
2024-11-05T20:00:00Z,114,10,104,100,17.8,71,17.2,0
2024-11-05T21:00:00Z,68,9,59,98,17.7,72,17,0
2024-11-05T22:00:00Z,11,2,9,38,17.2,75,14.2,0
2024-11-05T23:00:00Z,0,0,0,39,16.8,76,15.5,0
2024-11-06T00:00:00Z,0,0,0,37,16.6,77,16,0
2024-11-06T01:00:00Z,0,0,0,93,16.3,77,16.8,0
2024-11-06T02:00:00Z,0,0,0,96,17,77,17.2,0.6
2024-11-06T03:00:00Z,0,0,0,97,16.7,82,16.1,0.4
2024-11-06T04:00:00Z,0,0,0,91,17,82,16.8,0.3
2024-11-06T05:00:00Z,0,0,0,93,17.3,80,17.8,0
2024-11-06T06:00:00Z,0,0,0,91,17.4,78,18.7,0
2024-11-06T07:00:00Z,0,0,0,61,17,78,18.7,0
2024-11-06T08:00:00Z,0,0,0,86,17.1,77,18.4,0
2024-11-06T09:00:00Z,0,0,0,98,17.8,74,19.6,0
2024-11-06T10:00:00Z,0,0,0,94,17.8,76,19.2,0.8
2024-11-06T11:00:00Z,0,0,0,99,17.5,80,20.4,1.2
2024-11-06T12:00:00Z,0,0,0,90,17.9,80,19.7,0.1
2024-11-06T13:00:00Z,21,7,14,100,18.3,80,18.4,0
2024-11-06T14:00:00Z,23,0,23,100,18.5,81,16,0
2024-11-06T15:00:00Z,56,0,56,99,19.2,79,16.1,0
2024-11-06T16:00:00Z,97,7,90,100,19.8,74,19.4,0
2024-11-06T17:00:00Z,209,28,181,100,20.5,62,19.3,0
2024-11-06T18:00:00Z,213,34,179,61,19.9,61,18.3,0
2024-11-06T19:00:00Z,314,200,114,13,19.2,58,17.9,0
2024-11-06T20:00:00Z,214,149,65,53,18.4,58,15.7,0
2024-11-06T21:00:00Z,66,28,38,96,17.3,60,12.6,0
2024-11-06T22:00:00Z,8,2,6,96,16.1,67,11.9,0
2024-11-06T23:00:00Z,0,0,0,79,15,72,11.5,0
2024-11-07T00:00:00Z,0,0,0,100,14.3,73,11,0
2024-11-07T01:00:00Z,0,0,0,100,13.5,72,10.6,0
2024-11-07T02:00:00Z,0,0,0,87,12.8,73,10.4,0
2024-11-07T03:00:00Z,0,0,0,100,11.8,73,10.6,0
2024-11-07T04:00:00Z,0,0,0,100,10.6,76,10.9,0
2024-11-07T05:00:00Z,0,0,0,100,9.8,75,10,0.1
2024-11-07T06:00:00Z,0,0,0,100,9.1,79,9.5,0.1
2024-11-07T07:00:00Z,0,0,0,99,8.3,81,10.2,0.1
2024-11-07T08:00:00Z,0,0,0,93,7.6,84,10.7,0
2024-11-07T09:00:00Z,0,0,0,75,6.9,83,11.9,0
2024-11-07T10:00:00Z,0,0,0,94,6.3,80,14.8,0
2024-11-07T11:00:00Z,0,0,0,99,5.5,80,14.6,0
2024-11-07T12:00:00Z,0,0,0,100,5,81,14.6,0
2024-11-07T13:00:00Z,45,17,28,98,5.4,75,15.1,0
2024-11-07T14:00:00Z,112,28,84,88,6.2,70,14,0
2024-11-07T15:00:00Z,226,88,138,62,7.5,64,13.8,0
2024-11-07T16:00:00Z,329,173,156,36,8.3,61,13.6,0
2024-11-07T17:00:00Z,440,337,103,49,9.6,55,15.1,0
2024-11-07T18:00:00Z,440,361,79,78,10.3,52,18.8,0
2024-11-07T19:00:00Z,316,193,123,73,11,49,20.4,0
2024-11-07T20:00:00Z,135,28,107,87,11.5,46,15.2,0
2024-11-07T21:00:00Z,67,15,52,86,11,49,12.8,0
2024-11-07T22:00:00Z,12,4,8,66,9.6,58,10.8,0
2024-11-07T23:00:00Z,0,0,0,73,8.4,64,11.6,0
2024-11-08T00:00:00Z,0,0,0,55,8.2,67,12.3,0
2024-11-08T01:00:00Z,0,0,0,28,8.1,69,15,0
2024-11-08T02:00:00Z,0,0,0,21,8,70,16.2,0
2024-11-08T03:00:00Z,0,0,0,31,8.1,71,16.6,0
2024-11-08T04:00:00Z,0,0,0,74,8.1,72,15.8,0
2024-11-08T05:00:00Z,0,0,0,95,8.2,74,15.8,0
2024-11-08T06:00:00Z,0,0,0,87,8.8,73,16.7,0
2024-11-08T07:00:00Z,0,0,0,65,8.8,74,16.9,0
2024-11-08T08:00:00Z,0,0,0,45,8.8,73,17.4,0
2024-11-08T09:00:00Z,0,0,0,43,8.6,73,17.3,0
2024-11-08T10:00:00Z,0,0,0,56,8.7,72,16.9,0
2024-11-08T11:00:00Z,0,0,0,96,8.8,71,17.3,0
2024-11-08T12:00:00Z,0,0,0,95,9,71,17.6,0
2024-11-08T13:00:00Z,40,16,24,81,9.4,70,18.3,0
2024-11-08T14:00:00Z,92,42,50,84,9.9,67,17.7,0
2024-11-08T15:00:00Z,196,105,91,51,10.3,61,21.7,0
2024-11-08T16:00:00Z,253,145,108,26,10.6,57,23.2,0
2024-11-08T17:00:00Z,226,105,121,52,10.2,57,24.5,0
2024-11-08T18:00:00Z,329,219,110,63,11,55,22.3,0.2
2024-11-08T19:00:00Z,276,192,84,45,9.5,58,22.7,0.1
2024-11-08T20:00:00Z,230,167,63,22,8.5,54,22.8,0
2024-11-08T21:00:00Z,113,64,49,15,8,49,21.6,0
2024-11-08T22:00:00Z,16,8,8,6,6.7,51,23.9,0
2024-11-08T23:00:00Z,0,0,0,15,5.9,51,25,0
2024-11-09T00:00:00Z,0,0,0,6,5.3,54,24.1,0
2024-11-09T01:00:00Z,0,0,0,3,4.4,58,21.7,0
2024-11-09T02:00:00Z,0,0,0,1,4.1,60,20.1,0
2024-11-09T03:00:00Z,0,0,0,0,3.7,61,20.2,0
2024-11-09T04:00:00Z,0,0,0,0,3.4,63,19.7,0
2024-11-09T05:00:00Z,0,0,0,0,2.6,64,18.6,0
2024-11-09T06:00:00Z,0,0,0,0,2.1,65,17.7,0
2024-11-09T07:00:00Z,0,0,0,6,1.4,68,16.8,0
2024-11-09T08:00:00Z,0,0,0,21,0.9,68,15.9,0
2024-11-09T09:00:00Z,0,0,0,13,0.7,69,14.7,0
2024-11-09T10:00:00Z,0,0,0,0,0.3,72,12.1,0
2024-11-09T11:00:00Z,0,0,0,6,-0,73,10.9,0
2024-11-09T12:00:00Z,0,0,0,3,0,72,9.7,0
2024-11-09T13:00:00Z,55,33,22,2,1.1,69,8.4,0
2024-11-09T14:00:00Z,194,139,55,2,3,58,11.2,0
2024-11-09T15:00:00Z,329,268,61,1,4.5,51,10.4,0
2024-11-09T16:00:00Z,412,330,82,9,5.5,46,9.9,0
2024-11-09T17:00:00Z,459,383,76,9,6.3,43,10.9,0
2024-11-09T18:00:00Z,445,373,72,0,7,41,10.8,0
2024-11-09T19:00:00Z,380,313,67,0,7.3,40,9.4,0
2024-11-09T20:00:00Z,268,211,57,0,7.3,40,7.2,0
2024-11-09T21:00:00Z,129,89,40,0,6.5,43,5.6,0
2024-11-09T22:00:00Z,15,7,8,0,3.4,61,5.2,0
2024-11-09T23:00:00Z,0,0,0,0,1.3,71,5.6,0
2024-11-10T00:00:00Z,0,0,0,0,0.5,75,4.8,0
2024-11-10T01:00:00Z,0,0,0,0,-0.2,78,5.4,0
2024-11-10T02:00:00Z,0,0,0,36,-0.3,77,7.8,0
2024-11-10T03:00:00Z,0,0,0,90,-0.6,76,9.7,0
2024-11-10T04:00:00Z,0,0,0,87,-0.7,79,10.1,0
2024-11-10T05:00:00Z,0,0,0,96,-0.8,82,9.3,0
2024-11-10T06:00:00Z,0,0,0,87,-0.9,86,7.4,0
2024-11-10T07:00:00Z,0,0,0,72,-0.8,89,6.5,0
2024-11-10T08:00:00Z,0,0,0,69,-1,91,6.9,0
2024-11-10T09:00:00Z,0,0,0,1,-1.2,93,7.4,0
2024-11-10T10:00:00Z,0,0,0,45,-2.2,93,7.1,0
2024-11-10T11:00:00Z,0,0,0,1,-2.5,94,6.4,0
2024-11-10T12:00:00Z,0,0,0,0,-2.5,94,6.2,0
2024-11-10T13:00:00Z,52,31,21,0,-0.2,92,9,0
2024-11-10T14:00:00Z,173,101,72,5,2.1,79,7.9,0
2024-11-10T15:00:00Z,263,141,122,99,4.6,66,7.3,0
2024-11-10T16:00:00Z,219,45,174,100,5.2,63,5.2,0
2024-11-10T17:00:00Z,178,12,166,100,5.2,63,4,0
2024-11-10T18:00:00Z,142,10,132,100,5.4,65,4.5,0
2024-11-10T19:00:00Z,87,0,87,100,5.8,64,6.5,0
2024-11-10T20:00:00Z,56,4,52,100,5.2,67,8.3,0
2024-11-10T21:00:00Z,25,0,25,100,4.8,70,10.6,0
2024-11-10T22:00:00Z,3,0,3,100,4.4,70,8.6,0
2024-11-10T23:00:00Z,0,0,0,100,4.5,73,5.8,0.2
2024-11-11T00:00:00Z,0,0,0,100,4.6,77,7.6,0.2
2024-11-11T01:00:00Z,0,0,0,100,4.3,85,10.8,0.4
2024-11-11T02:00:00Z,0,0,0,100,4.3,92,11.9,0.3
2024-11-11T03:00:00Z,0,0,0,100,4.6,95,12.5,0.3
2024-11-11T04:00:00Z,0,0,0,100,4.9,97,12.5,0.2
2024-11-11T05:00:00Z,0,0,0,100,5.6,98,12,1.6
2024-11-11T06:00:00Z,0,0,0,100,6.4,99,10.4,3.2
2024-11-11T07:00:00Z,0,0,0,100,6.9,99,9.4,0.9
2024-11-11T08:00:00Z,0,0,0,100,7.6,98,9.8,0.3
2024-11-11T09:00:00Z,0,0,0,100,8.4,96,10.3,0.7
2024-11-11T10:00:00Z,0,0,0,99,7.8,97,9.8,0.6
2024-11-11T11:00:00Z,0,0,0,86,8.1,95,10.8,0.4
2024-11-11T12:00:00Z,0,0,0,73,8.3,94,14.2,0.4
2024-11-11T13:00:00Z,24,10,14,46,9,92,17.1,0
2024-11-11T14:00:00Z,120,64,56,100,10.3,89,18.3,0
2024-11-11T15:00:00Z,151,54,97,70,11.1,86,18.7,0.1
2024-11-11T16:00:00Z,159,58,101,89,11.2,84,20.1,0.1
2024-11-11T17:00:00Z,174,82,92,100,11.5,81,21.8,0
2024-11-11T18:00:00Z,115,40,75,97,11.5,78,16.2,0
2024-11-11T19:00:00Z,109,41,68,95,11.4,77,15.1,0
2024-11-11T20:00:00Z,56,4,52,100,11.1,80,13.3,0
2024-11-11T21:00:00Z,13,0,13,100,10.3,85,13.4,0.4
2024-11-11T22:00:00Z,2,0,2,88,10.2,93,15.9,1
2024-11-11T23:00:00Z,0,0,0,99,10.1,91,16.2,1
2024-11-12T00:00:00Z,0,0,0,97,10,90,15.5,0.5
2024-11-12T01:00:00Z,0,0,0,90,9.5,90,15.9,0.2
2024-11-12T02:00:00Z,0,0,0,100,8.3,91,19.4,0.4
2024-11-12T03:00:00Z,0,0,0,99,6.2,91,20.7,0.2
2024-11-12T04:00:00Z,0,0,0,100,4.8,89,20.7,0.2
2024-11-12T05:00:00Z,0,0,0,95,4.1,88,22.3,0.1
2024-11-12T06:00:00Z,0,0,0,94,3.8,86,23.3,0.1
2024-11-12T07:00:00Z,0,0,0,97,3.2,83,22.6,0
2024-11-12T08:00:00Z,0,0,0,98,2.7,80,24,0
2024-11-12T09:00:00Z,0,0,0,98,2.5,71,23.7,0
2024-11-12T10:00:00Z,0,0,0,80,2.4,66,19.5,0
2024-11-12T11:00:00Z,0,0,0,70,2,65,19,0
2024-11-12T12:00:00Z,0,0,0,50,1.3,67,19.4,0
2024-11-12T13:00:00Z,45,27,18,31,1.3,67,20.4,0
2024-11-12T14:00:00Z,179,122,57,35,2,64,23.5,0
2024-11-12T15:00:00Z,324,266,58,44,3.3,59,23.1,0
2024-11-12T16:00:00Z,419,349,70,67,4.5,51,22.7,0
2024-11-12T17:00:00Z,415,292,123,78,4.4,52,21.2,0
2024-11-12T18:00:00Z,350,197,153,100,4.3,52,20.4,0
2024-11-12T19:00:00Z,243,102,141,100,4.1,50,19.9,0
2024-11-12T20:00:00Z,159,37,122,100,3.9,51,19.1,0
2024-11-12T21:00:00Z,74,14,60,94,3.3,51,16.3,0
2024-11-12T22:00:00Z,9,2,7,17,2.3,56,13.3,0
2024-11-12T23:00:00Z,0,0,0,0,1.5,59,11.7,0
2024-11-13T00:00:00Z,0,0,0,0,0.8,63,11.8,0
2024-11-13T01:00:00Z,0,0,0,0,0.1,66,11.7,0
2024-11-13T02:00:00Z,0,0,0,0,-0.6,72,10.9,0
2024-11-13T03:00:00Z,0,0,0,0,-1.4,76,10.5,0
2024-11-13T04:00:00Z,0,0,0,0,-1.8,78,9.4,0
2024-11-13T05:00:00Z,0,0,0,0,-3,85,8.6,0
2024-11-13T06:00:00Z,0,0,0,0,-3.1,87,7.9,0
2024-11-13T07:00:00Z,0,0,0,0,-3.5,90,7.1,0
2024-11-13T08:00:00Z,0,0,0,0,-3.8,91,6.5,0
2024-11-13T09:00:00Z,0,0,0,0,-4,92,6.7,0
2024-11-13T10:00:00Z,0,0,0,1,-4.5,92,7.9,0
2024-11-13T11:00:00Z,0,0,0,0,-4.8,93,8,0
2024-11-13T12:00:00Z,0,0,0,0,-4.7,92,8.4,0
2024-11-13T13:00:00Z,45,27,18,0,-2.9,87,8.3,0
2024-11-13T14:00:00Z,181,133,48,0,-0.5,74,8.2,0
2024-11-13T15:00:00Z,311,248,63,0,1.3,60,7.7,0
2024-11-13T16:00:00Z,403,334,69,0,2.9,50,6.5,0
2024-11-13T17:00:00Z,446,374,72,0,3.2,48,7,0
2024-11-13T18:00:00Z,435,364,71,0,3.8,45,7.5,0
2024-11-13T19:00:00Z,371,304,67,0,4.2,42,7.5,0
2024-11-13T20:00:00Z,260,203,57,0,4,42,7.5,0
2024-11-13T21:00:00Z,121,83,38,0,2.7,49,6.2,0
2024-11-13T22:00:00Z,11,5,6,0,0.5,61,8,0
2024-11-13T23:00:00Z,0,0,0,0,-0.8,65,10.6,0
2024-11-14T00:00:00Z,0,0,0,0,-1.5,68,11.4,0
2024-11-14T01:00:00Z,0,0,0,0,-1.9,69,11.6,0
2024-11-14T02:00:00Z,0,0,0,0,-2.1,71,11.9,0
2024-11-14T03:00:00Z,0,0,0,0,-2.4,73,13.7,0
2024-11-14T04:00:00Z,0,0,0,35,-2.8,75,15.9,0
2024-11-14T05:00:00Z,0,0,0,74,-3.4,75,15.6,0
2024-11-14T06:00:00Z,0,0,0,100,-3.4,74,15.5,0
2024-11-14T07:00:00Z,0,0,0,100,-3.6,72,15.3,0
2024-11-14T08:00:00Z,0,0,0,100,-4,72,13,0
2024-11-14T09:00:00Z,0,0,0,100,-4,72,14.1,0
2024-11-14T10:00:00Z,0,0,0,100,-4.1,71,14.4,0
2024-11-14T11:00:00Z,0,0,0,100,-3.9,71,14.1,0
2024-11-14T12:00:00Z,0,0,0,100,-3.9,72,14.5,0
2024-11-14T13:00:00Z,31,4,27,100,-3.3,70,13.8,0
2024-11-14T14:00:00Z,121,24,97,100,-1.9,63,13.6,0
2024-11-14T15:00:00Z,209,58,151,100,0.3,56,12.3,0
2024-11-14T16:00:00Z,255,56,199,100,1.9,50,13.4,0
2024-11-14T17:00:00Z,278,84,194,100,2.5,47,12.5,0
2024-11-14T18:00:00Z,241,46,195,100,3.3,43,11.4,0
2024-11-14T19:00:00Z,227,52,175,100,3.4,41,12.8,0
2024-11-14T20:00:00Z,123,5,118,100,3.4,41,13.5,0
2024-11-14T21:00:00Z,53,2,51,99,3.1,39,13,0
2024-11-14T22:00:00Z,5,0,5,100,1.9,44,13,0
2024-11-14T23:00:00Z,0,0,0,100,1.5,44,15.1,0
2024-11-15T00:00:00Z,0,0,0,100,1.4,43,14.8,0
2024-11-15T01:00:00Z,0,0,0,100,1,45,13.2,0
2024-11-15T02:00:00Z,0,0,0,100,0.6,47,12.5,0
2024-11-15T03:00:00Z,0,0,0,100,0.1,49,12.5,0
2024-11-15T04:00:00Z,0,0,0,100,-0.3,51,12.2,0
2024-11-15T05:00:00Z,0,0,0,100,-1,55,11.6,0
2024-11-15T06:00:00Z,0,0,0,100,-1.1,56,10.8,0
2024-11-15T07:00:00Z,0,0,0,100,-1.3,59,10.6,0
2024-11-15T08:00:00Z,0,0,0,97,-1.7,61,10.3,0
2024-11-15T09:00:00Z,0,0,0,100,-1.7,62,9.9,0
2024-11-15T10:00:00Z,0,0,0,100,-2.1,63,8.9,0
2024-11-15T11:00:00Z,0,0,0,98,-2.8,68,6.1,0
2024-11-15T12:00:00Z,0,0,0,98,-2.9,70,4.8,0
2024-11-15T13:00:00Z,29,5,24,95,-0.8,65,4.7,0
2024-11-15T14:00:00Z,117,28,89,95,1,60,6,0
2024-11-15T15:00:00Z,234,103,131,96,3.7,46,5.7,0
2024-11-15T16:00:00Z,321,167,154,96,7,33,6.5,0
2024-11-15T17:00:00Z,386,253,133,47,7.4,32,9.3,0
2024-11-15T18:00:00Z,403,308,95,51,8.9,29,11,0
2024-11-15T19:00:00Z,349,269,80,81,9.6,27,11.2,0
2024-11-15T20:00:00Z,237,166,71,91,9.3,29,11.5,0
2024-11-15T21:00:00Z,102,56,46,81,7.3,38,13.1,0
2024-11-15T22:00:00Z,8,2,6,50,5.3,48,12.5,0
2024-11-15T23:00:00Z,0,0,0,28,4.7,52,13.4,0
2024-11-16T00:00:00Z,0,0,0,23,4.2,55,13.6,0
2024-11-16T01:00:00Z,0,0,0,14,3.9,57,13.9,0
2024-11-16T02:00:00Z,0,0,0,12,3.4,59,14,0
2024-11-16T03:00:00Z,0,0,0,9,3.2,61,14.5,0
2024-11-16T04:00:00Z,0,0,0,0,3.1,60,14.5,0
2024-11-16T05:00:00Z,0,0,0,3,2.8,61,14.4,0
2024-11-16T06:00:00Z,0,0,0,29,2.6,60,14.2,0
2024-11-16T07:00:00Z,0,0,0,57,2.5,61,14.3,0
2024-11-16T08:00:00Z,0,0,0,84,2.7,60,14.9,0
2024-11-16T09:00:00Z,0,0,0,72,2.9,60,16.1,0
2024-11-16T10:00:00Z,0,0,0,83,2.3,60,18.1,0
2024-11-16T11:00:00Z,0,0,0,0,2,60,17.9,0
2024-11-16T12:00:00Z,0,0,0,7,1.8,61,18.1,0
2024-11-16T13:00:00Z,35,21,14,22,3,57,18.1,0
2024-11-16T14:00:00Z,165,120,45,15,5.1,50,16.1,0
2024-11-16T15:00:00Z,293,234,59,0,7.7,40,16.2,0
2024-11-16T16:00:00Z,385,318,67,0,9.8,33,16.1,0
2024-11-16T17:00:00Z,428,359,69,0,11.6,28,16.1,0
2024-11-16T18:00:00Z,417,348,69,0,12.8,24,15.9,0
2024-11-16T19:00:00Z,355,291,64,0,13.5,21,15.7,0
2024-11-16T20:00:00Z,246,191,55,0,13.1,22,15.4,0
2024-11-16T21:00:00Z,109,74,35,0,11.7,26,15.6,0
2024-11-16T22:00:00Z,8,4,4,0,8.9,32,15.2,0
2024-11-16T23:00:00Z,0,0,0,0,7.4,38,15.6,0
2024-11-17T00:00:00Z,0,0,0,0,6,42,15.7,0
2024-11-17T01:00:00Z,0,0,0,0,5.3,44,15.5,0
2024-11-17T02:00:00Z,0,0,0,0,4.4,47,15.3,0
2024-11-17T03:00:00Z,0,0,0,0,3.4,51,14.8,0
2024-11-17T04:00:00Z,0,0,0,0,2.2,56,13.6,0
2024-11-17T05:00:00Z,0,0,0,0,1.2,60,12.2,0
2024-11-17T06:00:00Z,0,0,0,0,0.3,64,11.1,0
2024-11-17T07:00:00Z,0,0,0,0,-0.2,67,9.7,0
2024-11-17T08:00:00Z,0,0,0,0,-0.8,72,8.5,0
2024-11-17T09:00:00Z,0,0,0,0,-1.4,76,8.5,0
2024-11-17T10:00:00Z,0,0,0,49,-2.2,81,7.9,0
2024-11-17T11:00:00Z,0,0,0,0,-2.9,83,7.5,0
2024-11-17T12:00:00Z,0,0,0,0,-3.3,85,5.4,0
2024-11-17T13:00:00Z,34,20,14,3,-1.4,84,5.8,0
2024-11-17T14:00:00Z,162,118,44,100,1.6,72,4,0
2024-11-17T15:00:00Z,237,121,116,100,4,63,3.1,0
2024-11-17T16:00:00Z,247,75,172,99,5.8,58,4.3,0
2024-11-17T17:00:00Z,234,24,210,99,6.2,55,1.9,0
2024-11-17T18:00:00Z,239,42,197,100,6.9,52,4.2,0
2024-11-17T19:00:00Z,162,10,152,100,7.3,51,5.9,0
2024-11-17T20:00:00Z,90,1,89,100,7.3,52,8.4,0.1
2024-11-17T21:00:00Z,33,0,33,100,6.9,58,5.8,0
2024-11-17T22:00:00Z,2,0,2,100,6.2,60,6.9,0
2024-11-17T23:00:00Z,0,0,0,99,5.9,61,5.6,0
2024-11-18T00:00:00Z,0,0,0,99,3.9,71,7.4,0
2024-11-18T01:00:00Z,0,0,0,99,2.9,75,7.2,0
2024-11-18T02:00:00Z,0,0,0,100,2,80,6.7,0
2024-11-18T03:00:00Z,0,0,0,100,2.7,83,6.9,0
2024-11-18T04:00:00Z,0,0,0,100,3.7,87,6.8,0
2024-11-18T05:00:00Z,0,0,0,100,4.1,89,6.9,0.3
2024-11-18T06:00:00Z,0,0,0,98,4.7,91,6.2,0.4
2024-11-18T07:00:00Z,0,0,0,86,4.9,93,6.4,0.1
2024-11-18T08:00:00Z,0,0,0,99,4.9,95,7.3,0
2024-11-18T09:00:00Z,0,0,0,96,4.8,96,8,0
2024-11-18T10:00:00Z,0,0,0,88,4.5,96,10.1,0
2024-11-18T11:00:00Z,0,0,0,78,4.2,96,10.8,0
2024-11-18T12:00:00Z,0,0,0,86,4.1,96,9.2,0
2024-11-18T13:00:00Z,15,5,10,85,5.1,95,10.2,0
2024-11-18T14:00:00Z,48,6,42,72,6.5,93,11.2,0
2024-11-18T15:00:00Z,96,40,56,72,8.6,88,12.5,0
2024-11-18T16:00:00Z,211,134,77,30,10,78,17.2,0.1
2024-11-18T17:00:00Z,220,109,111,16,10.1,68,19.2,0.1
2024-11-18T18:00:00Z,207,96,111,39,10.2,65,18.7,0
2024-11-18T19:00:00Z,283,202,81,38,10.4,63,17.8,0
2024-11-18T20:00:00Z,175,101,74,48,10.4,58,15.2,0
2024-11-18T21:00:00Z,76,44,32,87,9.6,60,13.4,0
2024-11-18T22:00:00Z,4,1,3,77,8.7,63,11.7,0
2024-11-18T23:00:00Z,0,0,0,49,8,66,12.3,0
2024-11-19T00:00:00Z,0,0,0,42,7,69,12.9,0
2024-11-19T01:00:00Z,0,0,0,40,6.5,70,12.9,0
2024-11-19T02:00:00Z,0,0,0,18,5.8,74,11.5,0
2024-11-19T03:00:00Z,0,0,0,13,4.9,80,9.1,0
2024-11-19T04:00:00Z,0,0,0,79,4.1,84,8.8,0
2024-11-19T05:00:00Z,0,0,0,96,3,88,8.4,0
2024-11-19T06:00:00Z,0,0,0,99,3.1,89,7.8,0
2024-11-19T07:00:00Z,0,0,0,99,3.8,87,9.8,0
2024-11-19T08:00:00Z,0,0,0,100,4.1,87,10.6,0
2024-11-19T09:00:00Z,0,0,0,100,4.6,86,11.1,0
2024-11-19T10:00:00Z,0,0,0,100,4.1,88,10.2,0
2024-11-19T11:00:00Z,0,0,0,99,4,88,10.1,0
2024-11-19T12:00:00Z,0,0,0,96,3.8,88,8.7,0
2024-11-19T13:00:00Z,10,0,10,98,4.6,87,7.3,0
2024-11-19T14:00:00Z,91,31,60,87,6.7,79,7.8,0
2024-11-19T15:00:00Z,148,56,92,93,8.4,70,10.7,0
2024-11-19T16:00:00Z,170,20,150,94,9.3,64,8,0
2024-11-19T17:00:00Z,197,28,169,54,9.9,61,4.5,0
2024-11-19T18:00:00Z,232,48,184,61,10.4,58,4.6,0
2024-11-19T19:00:00Z,229,95,134,82,10.5,57,5.4,0
2024-11-19T20:00:00Z,153,42,111,32,10.2,59,6.5,0
2024-11-19T21:00:00Z,80,33,47,21,9,64,5.1,0
2024-11-19T22:00:00Z,6,2,4,4,6.9,71,3.3,0
2024-11-19T23:00:00Z,0,0,0,16,4.6,83,2.3,0
2024-11-20T00:00:00Z,0,0,0,74,4,84,7,0
2024-11-20T01:00:00Z,0,0,0,86,3.5,86,7,0
2024-11-20T02:00:00Z,0,0,0,79,3.3,86,5,0
2024-11-20T03:00:00Z,0,0,0,88,3.1,87,7,0
2024-11-20T04:00:00Z,0,0,0,86,3.2,86,9.7,0
2024-11-20T05:00:00Z,0,0,0,92,3.7,85,7,0
2024-11-20T06:00:00Z,0,0,0,68,3.8,85,6.2,0
2024-11-20T07:00:00Z,0,0,0,27,3.5,86,6.7,0
2024-11-20T08:00:00Z,0,0,0,26,3.5,85,7.9,0
2024-11-20T09:00:00Z,0,0,0,22,3.5,86,9,0
2024-11-20T10:00:00Z,0,0,0,68,3,89,8.3,0
2024-11-20T11:00:00Z,0,0,0,96,3.3,88,9.9,0
2024-11-20T12:00:00Z,0,0,0,91,3.3,88,9.4,0
2024-11-20T13:00:00Z,15,7,8,94,3.4,86,9.1,0
2024-11-20T14:00:00Z,107,56,51,79,3.8,85,10.3,0
2024-11-20T15:00:00Z,234,146,88,54,4.9,81,12.3,0
2024-11-20T16:00:00Z,329,248,81,21,6.1,78,11.9,0
2024-11-20T17:00:00Z,349,261,88,8,6.5,76,11.7,0
2024-11-20T18:00:00Z,342,249,93,10,7.2,74,12.8,0
2024-11-20T19:00:00Z,318,258,60,6,7.5,72,12.3,0
2024-11-20T20:00:00Z,203,144,59,12,7.5,72,12.4,0
2024-11-20T21:00:00Z,72,32,40,30,6.9,76,12.1,0
2024-11-20T22:00:00Z,4,1,3,100,6.1,81,12.6,0
2024-11-20T23:00:00Z,0,0,0,100,5.8,83,15.3,0
2024-11-21T00:00:00Z,0,0,0,94,5.6,85,16.1,0
2024-11-21T01:00:00Z,0,0,0,90,5.5,86,17.1,0
2024-11-21T02:00:00Z,0,0,0,69,5.6,86,17.5,0
2024-11-21T03:00:00Z,0,0,0,58,5.8,86,18,0
2024-11-21T04:00:00Z,0,0,0,42,5.9,87,18.6,0
2024-11-21T05:00:00Z,0,0,0,42,5.7,88,19.4,0
2024-11-21T06:00:00Z,0,0,0,54,5.7,89,18.7,0
2024-11-21T07:00:00Z,0,0,0,91,5.7,89,18.8,0.1
2024-11-21T08:00:00Z,0,0,0,100,5.7,89,19,0.4
2024-11-21T09:00:00Z,0,0,0,100,5.8,91,19.1,0.2
2024-11-21T10:00:00Z,0,0,0,100,5.7,93,16.5,0.1
2024-11-21T11:00:00Z,0,0,0,100,5.6,93,16.7,0.1
2024-11-21T12:00:00Z,0,0,0,100,5.7,94,15.9,0.3
2024-11-21T13:00:00Z,3,0,3,100,5.4,95,14.5,0.5
2024-11-21T14:00:00Z,16,0,16,100,5.6,95,12.8,0.6
2024-11-21T15:00:00Z,26,0,26,100,5.8,95,10.9,0.7
2024-11-21T16:00:00Z,32,0,32,100,5.9,94,10.5,0.9
2024-11-21T17:00:00Z,36,0,36,100,5.8,96,9.1,0.8
2024-11-21T18:00:00Z,30,0,30,100,5.8,97,8,0.7
2024-11-21T19:00:00Z,27,0,27,100,5.9,98,7.2,0.8
2024-11-21T20:00:00Z,25,0,25,100,6.1,97,8.5,0.6
2024-11-21T21:00:00Z,10,0,10,100,6.1,97,9,0.6
2024-11-21T22:00:00Z,0,0,0,100,5.9,97,11.8,0.9
2024-11-21T23:00:00Z,0,0,0,100,5.8,96,13.1,1.1
2024-11-22T00:00:00Z,0,0,0,100,5.7,94,13.2,1
2024-11-22T01:00:00Z,0,0,0,100,5.6,93,12.9,1
2024-11-22T02:00:00Z,0,0,0,100,5.4,93,13.2,1.3
2024-11-22T03:00:00Z,0,0,0,100,5.3,92,14.1,1.4
2024-11-22T04:00:00Z,0,0,0,100,5,94,14.8,1.3
2024-11-22T05:00:00Z,0,0,0,100,4.7,95,14.6,1.3
2024-11-22T06:00:00Z,0,0,0,100,4.7,95,14.9,1.3
2024-11-22T07:00:00Z,0,0,0,100,4.8,95,15.7,0.9
2024-11-22T08:00:00Z,0,0,0,100,5,95,17,1.2
2024-11-22T09:00:00Z,0,0,0,100,5.1,94,18.3,1.3
2024-11-22T10:00:00Z,0,0,0,100,5.3,92,18.1,1
2024-11-22T11:00:00Z,0,0,0,100,5.3,91,18.9,0.9
2024-11-22T12:00:00Z,0,0,0,100,5.3,91,18.7,0.8
2024-11-22T13:00:00Z,3,0,3,100,5.2,90,18.7,0.7
2024-11-22T14:00:00Z,14,0,14,100,5.3,90,19.2,0.7
2024-11-22T15:00:00Z,37,0,37,100,5.6,89,19.6,0.7
2024-11-22T16:00:00Z,47,0,47,100,5.9,88,20.7,0.6
2024-11-22T17:00:00Z,84,1,83,100,6.2,87,20.8,0.4
2024-11-22T18:00:00Z,84,1,83,100,6.5,85,22.1,0.3
2024-11-22T19:00:00Z,63,0,63,100,6.7,84,21.2,0.1
2024-11-22T20:00:00Z,78,11,67,100,7,82,20.3,0
2024-11-22T21:00:00Z,23,0,23,100,7,80,17.5,0
2024-11-22T22:00:00Z,2,0,2,97,6.4,82,15.9,0
2024-11-22T23:00:00Z,0,0,0,55,6.2,81,15.8,0
2024-11-23T00:00:00Z,0,0,0,52,5.9,82,15.4,0
2024-11-23T01:00:00Z,0,0,0,55,5.4,83,13.9,0
2024-11-23T02:00:00Z,0,0,0,61,5.4,83,12.2,0
2024-11-23T03:00:00Z,0,0,0,95,5.2,84,11.5,0
2024-11-23T04:00:00Z,0,0,0,86,5.1,84,9.8,0
2024-11-23T05:00:00Z,0,0,0,59,4.8,85,9.9,0
2024-11-23T06:00:00Z,0,0,0,100,4.7,85,9.2,0
2024-11-23T07:00:00Z,0,0,0,95,4.5,87,9.9,0
2024-11-23T08:00:00Z,0,0,0,95,4.4,87,9.9,0
2024-11-23T09:00:00Z,0,0,0,98,4.4,87,9.7,0
2024-11-23T10:00:00Z,0,0,0,100,4.2,87,10.1,0
2024-11-23T11:00:00Z,0,0,0,91,4.3,87,7,0
2024-11-23T12:00:00Z,0,0,0,48,3.9,88,10.5,0
2024-11-23T13:00:00Z,14,2,12,47,3.8,89,13.1,0
2024-11-23T14:00:00Z,81,16,65,70,4.5,85,16.8,0
2024-11-23T15:00:00Z,102,3,99,82,5.2,81,13.3,0
2024-11-23T16:00:00Z,143,33,110,100,6.3,72,12.9,0
2024-11-23T17:00:00Z,213,101,112,98,6.7,69,11.9,0
2024-11-23T18:00:00Z,178,27,151,93,7,69,12.1,0
2024-11-23T19:00:00Z,229,74,155,90,6.9,69,13.5,0
2024-11-23T20:00:00Z,105,12,93,99,6.7,70,14.9,0
2024-11-23T21:00:00Z,33,1,32,95,6.3,74,12.9,0
2024-11-23T22:00:00Z,1,0,1,96,5.9,79,9.8,0
2024-11-23T23:00:00Z,0,0,0,94,5.9,82,11.5,0
2024-11-24T00:00:00Z,0,0,0,99,5.6,86,14.8,0
2024-11-24T01:00:00Z,0,0,0,100,5.2,87,17.9,0.1
2024-11-24T02:00:00Z,0,0,0,100,4.7,85,19.7,0.1
2024-11-24T03:00:00Z,0,0,0,100,3.9,83,20.4,0
2024-11-24T04:00:00Z,0,0,0,100,3.3,83,21.1,0
2024-11-24T05:00:00Z,0,0,0,98,3,82,20.7,0
2024-11-24T06:00:00Z,0,0,0,97,2.7,80,20.3,0
2024-11-24T07:00:00Z,0,0,0,93,2.3,80,18.8,0
2024-11-24T08:00:00Z,0,0,0,93,2.2,79,18.4,0
2024-11-24T09:00:00Z,0,0,0,94,2,77,17.5,0
2024-11-24T10:00:00Z,0,0,0,97,1.3,80,17.5,0
2024-11-24T11:00:00Z,0,0,0,94,1.2,78,17.5,0
2024-11-24T12:00:00Z,0,0,0,96,1.2,77,17,0
2024-11-24T13:00:00Z,7,1,6,99,1.4,76,17.7,0
2024-11-24T14:00:00Z,56,14,42,99,1.8,70,19.4,0
2024-11-24T15:00:00Z,72,0,72,100,2.2,67,20.2,0
2024-11-24T16:00:00Z,104,0,104,93,2.6,63,20.8,0
2024-11-24T17:00:00Z,137,5,132,79,2.9,61,21.3,0
2024-11-24T18:00:00Z,117,17,100,82,3,57,21.6,0
2024-11-24T19:00:00Z,155,41,114,91,2.9,55,21.7,0
2024-11-24T20:00:00Z,130,40,90,88,2.6,54,21.4,0
2024-11-24T21:00:00Z,53,10,43,90,2.1,55,18.5,0
2024-11-24T22:00:00Z,3,0,3,94,1.6,57,17.5,0
2024-11-24T23:00:00Z,0,0,0,81,1,59,15.4,0
2024-11-25T00:00:00Z,0,0,0,59,0.3,62,15.7,0
2024-11-25T01:00:00Z,0,0,0,61,-0,64,15.1,0
2024-11-25T02:00:00Z,0,0,0,69,-0.7,68,15.1,0
2024-11-25T03:00:00Z,0,0,0,65,-1.1,71,15.9,0
2024-11-25T04:00:00Z,0,0,0,76,-1.3,71,15.9,0
2024-11-25T05:00:00Z,0,0,0,56,-1.7,73,15.1,0
2024-11-25T06:00:00Z,0,0,0,30,-2.1,76,13.9,0
2024-11-25T07:00:00Z,0,0,0,0,-2.5,78,12.5,0
2024-11-25T08:00:00Z,0,0,0,0,-2.7,80,11.8,0
2024-11-25T09:00:00Z,0,0,0,0,-2.8,81,12.2,0
2024-11-25T10:00:00Z,0,0,0,0,-3.1,83,11.2,0
2024-11-25T11:00:00Z,0,0,0,1,-3.1,84,11.6,0
2024-11-25T12:00:00Z,0,0,0,6,-3.4,86,10.9,0
2024-11-25T13:00:00Z,18,9,9,15,-3,86,9.8,0
2024-11-25T14:00:00Z,126,83,43,18,-1.5,80,9.9,0
2024-11-25T15:00:00Z,247,184,63,5,0.3,73,8.2,0
2024-11-25T16:00:00Z,302,207,95,14,2.4,67,6.4,0
2024-11-25T17:00:00Z,338,240,98,11,2.6,66,5.6,0
2024-11-25T18:00:00Z,335,234,101,25,3.3,64,4.9,0
2024-11-25T19:00:00Z,257,174,83,22,3.4,65,4.4,0
2024-11-25T20:00:00Z,177,120,57,43,3.3,67,3.3,0
2024-11-25T21:00:00Z,75,41,34,52,2.2,71,4,0
2024-11-25T22:00:00Z,3,1,2,97,2.3,72,1.8,0
2024-11-25T23:00:00Z,0,0,0,89,1.6,79,2,0
2024-11-26T00:00:00Z,0,0,0,41,0.6,82,1.9,0
2024-11-26T01:00:00Z,0,0,0,35,0.4,86,5.6,0
2024-11-26T02:00:00Z,0,0,0,65,-0.3,87,6.1,0
2024-11-26T03:00:00Z,0,0,0,60,-0.2,88,7.8,0
2024-11-26T04:00:00Z,0,0,0,78,-0.5,87,9.4,0
2024-11-26T05:00:00Z,0,0,0,100,-0.6,87,11.2,0
2024-11-26T06:00:00Z,0,0,0,97,-0.4,87,10.6,0
2024-11-26T07:00:00Z,0,0,0,100,-0.1,84,11.9,0
2024-11-26T08:00:00Z,0,0,0,100,0.1,82,15,0.1
2024-11-26T09:00:00Z,0,0,0,99,0.2,81,14.8,0.2
2024-11-26T10:00:00Z,0,0,0,99,0.4,86,12.8,0.1
2024-11-26T11:00:00Z,0,0,0,100,0.5,88,12.2,0.1
2024-11-26T12:00:00Z,0,0,0,100,0.5,92,11.7,0.5
2024-11-26T13:00:00Z,2,0,2,100,0.6,94,9.6,1.4
2024-11-26T14:00:00Z,11,0,11,100,0.4,97,9.5,1.9
2024-11-26T15:00:00Z,16,0,16,100,0.6,98,7.1,1.6
2024-11-26T16:00:00Z,29,0,29,100,1.1,97,3.1,1
2024-11-26T17:00:00Z,32,0,32,100,1.6,96,5.5,0.6
2024-11-26T18:00:00Z,33,0,33,100,2,96,9.2,0.2
2024-11-26T19:00:00Z,45,0,45,100,3.2,95,14.3,0.3
2024-11-26T20:00:00Z,45,0,45,100,4.5,94,18.4,0
2024-11-26T21:00:00Z,42,9,33,98,4.4,92,17.1,0
2024-11-26T22:00:00Z,3,1,2,6,2.5,94,12.1,0
2024-11-26T23:00:00Z,0,0,0,22,1.7,93,11.1,0
2024-11-27T00:00:00Z,0,0,0,56,1.2,94,10.8,0
2024-11-27T01:00:00Z,0,0,0,31,1.2,94,12,0
2024-11-27T02:00:00Z,0,0,0,37,1.5,94,13.8,0
2024-11-27T03:00:00Z,0,0,0,40,1.9,92,15.6,0
2024-11-27T04:00:00Z,0,0,0,15,2.2,89,16.5,0
2024-11-27T05:00:00Z,0,0,0,34,2,88,17.5,0
2024-11-27T06:00:00Z,0,0,0,62,1.9,87,17.9,0
2024-11-27T07:00:00Z,0,0,0,53,1.5,84,17.7,0
2024-11-27T08:00:00Z,0,0,0,34,1.2,80,17.4,0
2024-11-27T09:00:00Z,0,0,0,19,0.8,79,17.1,0
2024-11-27T10:00:00Z,0,0,0,34,0.7,77,17.1,0
2024-11-27T11:00:00Z,0,0,0,18,0.7,76,16.6,0
2024-11-27T12:00:00Z,0,0,0,27,0.5,77,16.4,0
2024-11-27T13:00:00Z,14,7,7,49,0.6,77,17.1,0
2024-11-27T14:00:00Z,88,31,57,61,1.7,74,14.2,0
2024-11-27T15:00:00Z,208,129,79,49,3,69,18,0
2024-11-27T16:00:00Z,265,128,137,66,4.3,62,22.4,0.1
2024-11-27T17:00:00Z,255,138,117,54,4.3,63,21.2,0.1
2024-11-27T18:00:00Z,221,116,105,60,4.3,65,18,0.1
2024-11-27T19:00:00Z,213,104,109,53,4.2,66,16.9,0
2024-11-27T20:00:00Z,148,66,82,42,3.6,75,16.5,0.1
2024-11-27T21:00:00Z,67,32,35,31,3.1,75,15.3,0.1
2024-11-27T22:00:00Z,3,1,2,54,3,67,16.7,0
2024-11-27T23:00:00Z,0,0,0,61,2.6,67,14.7,0
2024-11-28T00:00:00Z,0,0,0,56,1.8,69,13.8,0
2024-11-28T01:00:00Z,0,0,0,66,1.2,72,12.7,0
2024-11-28T02:00:00Z,0,0,0,49,0.7,73,12.6,0
2024-11-28T03:00:00Z,0,0,0,88,0.6,74,12.9,0
2024-11-28T04:00:00Z,0,0,0,97,0.4,75,13.1,0
2024-11-28T05:00:00Z,0,0,0,99,0.1,78,12,0
2024-11-28T06:00:00Z,0,0,0,100,-0.3,80,11,0
2024-11-28T07:00:00Z,0,0,0,100,-0.3,81,9.2,0
2024-11-28T08:00:00Z,0,0,0,100,-0.3,82,7.5,0
2024-11-28T09:00:00Z,0,0,0,100,-0.7,84,5.8,0
2024-11-28T10:00:00Z,0,0,0,100,-0.9,89,4,0
2024-11-28T11:00:00Z,0,0,0,100,-0.6,91,5.2,0
2024-11-28T12:00:00Z,0,0,0,100,-0.4,92,4.2,0
2024-11-28T13:00:00Z,8,0,8,100,0,94,4.3,0.1
2024-11-28T14:00:00Z,65,3,62,100,0.7,92,2.4,0.1
2024-11-28T15:00:00Z,113,9,104,100,1.5,87,2.1,0.1
2024-11-28T16:00:00Z,126,11,115,100,1.9,86,2.2,0.1
2024-11-28T17:00:00Z,147,3,144,100,2.3,83,4,0.2
2024-11-28T18:00:00Z,112,0,112,100,2.5,84,4.7,0.2
2024-11-28T19:00:00Z,118,5,113,100,2.4,84,6.1,0.1
2024-11-28T20:00:00Z,103,5,98,100,2.3,84,5.6,0.1
2024-11-28T21:00:00Z,43,2,41,99,1.9,86,4.3,0.1
2024-11-28T22:00:00Z,2,0,2,77,0.7,86,4.8,0
2024-11-28T23:00:00Z,0,0,0,26,0.2,88,5.7,0
2024-11-29T00:00:00Z,0,0,0,8,-0.1,89,7.1,0
2024-11-29T01:00:00Z,0,0,0,1,-0.2,89,7,0
2024-11-29T02:00:00Z,0,0,0,1,-0.4,91,6.6,0
2024-11-29T03:00:00Z,0,0,0,7,-0.4,91,7,0
2024-11-29T04:00:00Z,0,0,0,63,-0.5,91,7.6,0
2024-11-29T05:00:00Z,0,0,0,66,-0.6,91,7.8,0
2024-11-29T06:00:00Z,0,0,0,66,-0.8,91,6.8,0
2024-11-29T07:00:00Z,0,0,0,8,-0.9,90,6.1,0
2024-11-29T08:00:00Z,0,0,0,1,-1.4,91,6.7,0
2024-11-29T09:00:00Z,0,0,0,36,-1.7,91,7.8,0
2024-11-29T10:00:00Z,0,0,0,61,-1.9,92,6.8,0
2024-11-29T11:00:00Z,0,0,0,92,-1.8,92,6.3,0
2024-11-29T12:00:00Z,0,0,0,92,-1.8,92,5.7,0
2024-11-29T13:00:00Z,8,0,8,96,-1.5,92,6.6,0
2024-11-29T14:00:00Z,79,20,59,96,-0.3,86,9.1,0
2024-11-29T15:00:00Z,151,43,108,98,0.8,82,10.3,0.1
2024-11-29T16:00:00Z,201,49,152,95,2,77,11.1,0.1
2024-11-29T17:00:00Z,230,55,175,99,2,78,12.5,0.1
2024-11-29T18:00:00Z,275,108,167,96,2.4,74,14.1,0.1
2024-11-29T19:00:00Z,225,86,139,97,2.5,72,15.4,0
2024-11-29T20:00:00Z,142,37,105,98,2.1,67,16.2,0
2024-11-29T21:00:00Z,53,10,43,96,1.6,69,15,0.1
2024-11-29T22:00:00Z,2,0,2,99,0.7,70,13.3,0
2024-11-29T23:00:00Z,0,0,0,99,0.5,71,14.6,0
2024-11-30T00:00:00Z,0,0,0,100,0.3,71,15.2,0
2024-11-30T01:00:00Z,0,0,0,100,0.1,72,15.1,0
2024-11-30T02:00:00Z,0,0,0,99,0.1,72,14.9,0
2024-11-30T03:00:00Z,0,0,0,97,-0.2,72,14,0
2024-11-30T04:00:00Z,0,0,0,99,-0.4,74,12.4,0
2024-11-30T05:00:00Z,0,0,0,95,-0.7,77,11.1,0
2024-11-30T06:00:00Z,0,0,0,97,-1,80,9.9,0
2024-11-30T07:00:00Z,0,0,0,93,-1,83,9.2,0
2024-11-30T08:00:00Z,0,0,0,89,-1.4,84,8.2,0
2024-11-30T09:00:00Z,0,0,0,79,-1.4,84,8.1,0
2024-11-30T10:00:00Z,0,0,0,59,-1.7,86,7,0
2024-11-30T11:00:00Z,0,0,0,29,-1.7,87,5.8,0
2024-11-30T12:00:00Z,0,0,0,45,-1.9,89,6,0
2024-11-30T13:00:00Z,10,4,6,31,-1.3,90,8.6,0
2024-11-30T14:00:00Z,93,50,43,43,-0.7,85,11.1,0.1
2024-11-30T15:00:00Z,196,112,84,75,0.5,73,14.6,0.1
2024-11-30T16:00:00Z,229,132,97,95,1.4,64,13.4,0
2024-11-30T17:00:00Z,239,92,147,94,1.6,62,13.1,0
2024-11-30T18:00:00Z,249,113,136,77,1.9,61,14.2,0.1
2024-11-30T19:00:00Z,214,95,119,89,2.1,61,14.5,0
2024-11-30T20:00:00Z,170,94,76,92,1.7,63,11.6,0
2024-11-30T21:00:00Z,58,22,36,93,0.5,73,10.1,0.1
2024-11-30T22:00:00Z,2,0,2,95,-0.1,75,11.1,0
2024-11-30T23:00:00Z,0,0,0,97,-0.5,80,12.4,0
2024-12-01T00:00:00Z,0,0,0,99,-0.7,79,12.2,0
2024-12-01T01:00:00Z,0,0,0,84,-0.8,79,12.4,0
2024-12-01T02:00:00Z,0,0,0,53,-1.2,80,13.2,0
2024-12-01T03:00:00Z,0,0,0,64,-1.5,80,13.7,0
2024-12-01T04:00:00Z,0,0,0,57,-1.5,79,14.1,0
2024-12-01T05:00:00Z,0,0,0,76,-1.1,77,14.1,0
2024-12-01T06:00:00Z,0,0,0,90,-1.1,75,14,0
2024-12-01T07:00:00Z,0,0,0,80,-1.8,71,13.6,0
2024-12-01T08:00:00Z,0,0,0,70,-2.2,72,13.4,0
2024-12-01T09:00:00Z,0,0,0,94,-2.2,72,12.7,0
2024-12-01T10:00:00Z,0,0,0,99,-2.3,74,11.8,0
2024-12-01T11:00:00Z,0,0,0,100,-2.5,76,12.1,0
2024-12-01T12:00:00Z,0,0,0,100,-2.6,80,10.8,0
2024-12-01T13:00:00Z,6,0,6,100,-2.8,84,11.5,0
2024-12-01T14:00:00Z,55,3,52,99,-2.1,81,12.2,0.1
2024-12-01T15:00:00Z,136,29,107,99,-1.5,79,10.8,0.2
2024-12-01T16:00:00Z,211,68,143,99,-1,72,9.3,0.1
2024-12-01T17:00:00Z,238,94,144,99,-0.6,71,8.9,0.1
2024-12-01T18:00:00Z,186,78,108,100,-0.6,71,7.2,0.1
2024-12-01T19:00:00Z,176,57,119,97,-0.7,71,6.8,0.1
2024-12-01T20:00:00Z,114,44,70,82,-0.8,69,7.9,0.2
2024-12-01T21:00:00Z,44,17,27,53,-1.2,71,6.9,0.1
2024-12-01T22:00:00Z,2,0,2,12,-2.6,80,7.6,0
2024-12-01T23:00:00Z,0,0,0,0,-2.8,82,8,0
2024-12-02T00:00:00Z,0,0,0,2,-3.3,82,8.7,0
2024-12-02T01:00:00Z,0,0,0,3,-3.7,80,9.1,0
2024-12-02T02:00:00Z,0,0,0,3,-4.1,78,9.2,0
2024-12-02T03:00:00Z,0,0,0,1,-4.3,77,8.5,0
2024-12-02T04:00:00Z,0,0,0,0,-4.6,78,8,0
2024-12-02T05:00:00Z,0,0,0,6,-4.5,80,7.6,0
2024-12-02T06:00:00Z,0,0,0,13,-5.4,82,8.2,0
2024-12-02T07:00:00Z,0,0,0,17,-5.5,84,8.8,0
2024-12-02T08:00:00Z,0,0,0,22,-5.6,86,9.2,0
2024-12-02T09:00:00Z,0,0,0,24,-5.6,87,8.9,0
2024-12-02T10:00:00Z,0,0,0,26,-5.8,89,7.7,0
2024-12-02T11:00:00Z,0,0,0,49,-6.3,90,7.9,0
2024-12-02T12:00:00Z,0,0,0,86,-6.2,89,8.9,0
2024-12-02T13:00:00Z,10,4,6,89,-5.7,89,10,0
2024-12-02T14:00:00Z,94,52,42,90,-4.4,85,10.1,0
2024-12-02T15:00:00Z,207,129,78,77,-2.8,81,10.2,0
2024-12-02T16:00:00Z,265,146,119,89,-1.5,74,10.1,0
2024-12-02T17:00:00Z,315,198,117,100,-1,69,10.4,0
2024-12-02T18:00:00Z,227,70,157,100,-0.7,68,10,0
2024-12-02T19:00:00Z,142,27,115,96,-0.7,67,9.9,0
2024-12-02T20:00:00Z,99,15,84,97,-0.8,68,7.9,0
2024-12-02T21:00:00Z,44,14,30,100,-1.2,72,7.4,0
2024-12-02T22:00:00Z,1,0,1,43,-1.8,76,8.5,0
2024-12-02T23:00:00Z,0,0,0,59,-2.1,79,7.6,0
2024-12-03T00:00:00Z,0,0,0,73,-2.4,82,7,0
2024-12-03T01:00:00Z,0,0,0,76,-2.6,84,6.9,0
2024-12-03T02:00:00Z,0,0,0,69,-2.8,86,6.9,0.1
2024-12-03T03:00:00Z,0,0,0,68,-2.6,88,6.8,0.1
2024-12-03T04:00:00Z,0,0,0,50,-2.9,90,7.2,0
2024-12-03T05:00:00Z,0,0,0,35,-2.8,90,7.4,0
2024-12-03T06:00:00Z,0,0,0,29,-2.3,91,7.8,0
2024-12-03T07:00:00Z,0,0,0,36,-2.1,90,8.1,0
2024-12-03T08:00:00Z,0,0,0,42,-3.6,89,8.7,0
2024-12-03T09:00:00Z,0,0,0,36,-3.5,88,9,0
2024-12-03T10:00:00Z,0,0,0,75,-3.9,82,7,0
2024-12-03T11:00:00Z,0,0,0,50,-3.3,83,7.3,0
2024-12-03T12:00:00Z,0,0,0,42,-4.9,86,7.1,0
2024-12-03T13:00:00Z,8,3,5,53,-4.4,86,8.4,0
2024-12-03T14:00:00Z,80,26,54,57,-2.9,79,11.2,0.1
2024-12-03T15:00:00Z,163,75,88,60,-2.4,66,13.7,0.1
2024-12-03T16:00:00Z,183,50,133,100,-2.1,63,12.7,0
2024-12-03T17:00:00Z,190,69,121,100,-1.8,60,11.3,0
2024-12-03T18:00:00Z,241,81,160,99,-1.2,57,9.4,0
2024-12-03T19:00:00Z,179,57,122,96,-1.1,55,8.6,0.1
2024-12-03T20:00:00Z,115,30,85,93,-1.2,56,7.5,0
2024-12-03T21:00:00Z,57,21,36,91,-1.6,58,5.9,0
2024-12-03T22:00:00Z,2,0,2,93,-3.1,75,6.9,0
2024-12-03T23:00:00Z,0,0,0,82,-4.1,80,4.9,0
2024-12-04T00:00:00Z,0,0,0,58,-5.3,86,4,0
2024-12-04T01:00:00Z,0,0,0,78,-5.6,88,5.8,0
2024-12-04T02:00:00Z,0,0,0,96,-5.5,88,6.9,0
2024-12-04T03:00:00Z,0,0,0,86,-5.6,86,7.4,0
2024-12-04T04:00:00Z,0,0,0,95,-5.8,85,8.8,0
2024-12-04T05:00:00Z,0,0,0,98,-5.9,83,10.3,0
2024-12-04T06:00:00Z,0,0,0,47,-5.7,84,12.1,0
2024-12-04T07:00:00Z,0,0,0,50,-5.4,85,12.9,0
2024-12-04T08:00:00Z,0,0,0,89,-5.6,87,14.1,0
2024-12-04T09:00:00Z,0,0,0,97,-5.1,89,14.6,0
2024-12-04T10:00:00Z,0,0,0,99,-4.4,92,14.6,0
2024-12-04T11:00:00Z,0,0,0,100,-3.9,92,14.6,0
2024-12-04T12:00:00Z,0,0,0,99,-3.5,93,14.8,0
2024-12-04T13:00:00Z,5,0,5,100,-2.9,91,15.6,0.1
2024-12-04T14:00:00Z,45,0,45,99,-2,90,17.3,0.2
2024-12-04T15:00:00Z,92,6,86,100,-1.3,90,18.7,0.4
2024-12-04T16:00:00Z,120,3,117,100,-0.9,93,20.7,0.7
2024-12-04T17:00:00Z,146,7,139,100,-0.6,90,22.5,0.7
2024-12-04T18:00:00Z,114,0,114,100,-0.4,89,20.7,0.7
2024-12-04T19:00:00Z,77,2,75,100,-0.7,87,16.9,0.6
2024-12-04T20:00:00Z,48,0,48,100,-1.1,91,15.4,0.6
2024-12-04T21:00:00Z,19,0,19,100,-1.1,94,17.6,0.7
2024-12-04T22:00:00Z,1,0,1,100,-1.4,94,17.9,0.7
2024-12-04T23:00:00Z,0,0,0,100,-1.2,92,17,0.6
2024-12-05T00:00:00Z,0,0,0,100,-1.3,93,17.2,0.6
2024-12-05T01:00:00Z,0,0,0,100,-1.4,94,17.2,0.5
2024-12-05T02:00:00Z,0,0,0,100,-1.4,93,16.2,0.5
2024-12-05T03:00:00Z,0,0,0,100,-1.3,94,15.7,0.6
2024-12-05T04:00:00Z,0,0,0,100,-1.3,95,15,0.5
2024-12-05T05:00:00Z,0,0,0,100,-1.1,94,14.5,0.4
2024-12-05T06:00:00Z,0,0,0,98,-0.9,93,14.4,0.4
2024-12-05T07:00:00Z,0,0,0,100,-1.3,93,14.2,0.4
2024-12-05T08:00:00Z,0,0,0,100,-1.1,94,13.8,0.4
2024-12-05T09:00:00Z,0,0,0,93,-0.9,94,12.5,0.5
2024-12-05T10:00:00Z,0,0,0,91,-1.4,95,10.6,0.3
2024-12-05T11:00:00Z,0,0,0,92,-1.2,95,8.5,0.3
2024-12-05T12:00:00Z,0,0,0,82,-2,96,7.3,0.2
2024-12-05T13:00:00Z,6,1,5,92,-1.7,96,8.4,0.2
2024-12-05T14:00:00Z,79,32,47,94,-1.4,94,9.4,0.1
2024-12-05T15:00:00Z,164,75,89,94,0,89,13.5,0.1
2024-12-05T16:00:00Z,231,122,109,96,0.5,89,17,0.1
2024-12-05T17:00:00Z,230,97,133,98,0.6,86,17,0.3
2024-12-05T18:00:00Z,223,96,127,99,0.6,84,18.7,0.2
2024-12-05T19:00:00Z,156,25,131,97,0.4,86,18.6,0.3
2024-12-05T20:00:00Z,99,13,86,100,0.4,87,17.5,0.2
2024-12-05T21:00:00Z,39,1,38,100,0.2,82,21.8,0.1
2024-12-05T22:00:00Z,1,0,1,95,-0.6,79,18.8,0.1
2024-12-05T23:00:00Z,0,0,0,97,-1,80,21.9,0
2024-12-06T00:00:00Z,0,0,0,99,-1.5,78,24.1,0
2024-12-06T01:00:00Z,0,0,0,98,-2,76,25.4,0
2024-12-06T02:00:00Z,0,0,0,99,-2.6,73,25.3,0
2024-12-06T03:00:00Z,0,0,0,98,-3.1,69,24.6,0
2024-12-06T04:00:00Z,0,0,0,1,-3.8,68,24.2,0
2024-12-06T05:00:00Z,0,0,0,15,-4.3,69,23.1,0
2024-12-06T06:00:00Z,0,0,0,96,-4.9,71,22.3,0
2024-12-06T07:00:00Z,0,0,0,66,-5.5,71,20.8,0
2024-12-06T08:00:00Z,0,0,0,99,-6.2,72,20.8,0
2024-12-06T09:00:00Z,0,0,0,100,-6.8,73,20.8,0
2024-12-06T10:00:00Z,0,0,0,98,-7.7,70,21.2,0
2024-12-06T11:00:00Z,0,0,0,99,-7.9,70,21.9,0
2024-12-06T12:00:00Z,0,0,0,99,-7.9,70,20.6,0
2024-12-06T13:00:00Z,4,0,4,100,-8.1,69,19.2,0
2024-12-06T14:00:00Z,48,2,46,100,-7.7,65,18.3,0
2024-12-06T15:00:00Z,116,20,96,100,-7.4,62,17.1,0
2024-12-06T16:00:00Z,176,24,152,100,-7.2,60,16.4,0
2024-12-06T17:00:00Z,180,10,170,100,-7,60,16.3,0
2024-12-06T18:00:00Z,201,17,184,100,-6.7,61,15.8,0
2024-12-06T19:00:00Z,168,13,155,100,-6.4,59,15.7,0
2024-12-06T20:00:00Z,121,14,107,99,-6.2,59,16,0
2024-12-06T21:00:00Z,53,8,45,91,-6.3,60,12,0
2024-12-06T22:00:00Z,2,0,2,60,-7,65,7.6,0
2024-12-06T23:00:00Z,0,0,0,94,-8.6,71,6.3,0
2024-12-07T00:00:00Z,0,0,0,93,-8.6,74,5.4,0
2024-12-07T01:00:00Z,0,0,0,92,-8.6,77,4.9,0
2024-12-07T02:00:00Z,0,0,0,95,-7.6,79,5.2,0
2024-12-07T03:00:00Z,0,0,0,92,-7.3,82,6.5,0
2024-12-07T04:00:00Z,0,0,0,91,-6.2,82,7.2,0
2024-12-07T05:00:00Z,0,0,0,85,-5.7,83,7.1,0
2024-12-07T06:00:00Z,0,0,0,85,-5.8,84,8.6,0
2024-12-07T07:00:00Z,0,0,0,64,-6,84,9,0
2024-12-07T08:00:00Z,0,0,0,61,-6.3,85,9.1,0
2024-12-07T09:00:00Z,0,0,0,34,-6.4,86,9.1,0
2024-12-07T10:00:00Z,0,0,0,41,-6.6,86,10.6,0
2024-12-07T11:00:00Z,0,0,0,61,-7,86,9.9,0
2024-12-07T12:00:00Z,0,0,0,78,-7.3,87,8.2,0
2024-12-07T13:00:00Z,7,3,4,84,-7.9,87,6.3,0
2024-12-07T14:00:00Z,96,55,41,77,-6.6,80,5.4,0
2024-12-07T15:00:00Z,207,129,78,89,-6.1,73,3,0
2024-12-07T16:00:00Z,282,164,118,91,-5.5,69,2,0
2024-12-07T17:00:00Z,319,173,146,100,-4.5,63,2.8,0
2024-12-07T18:00:00Z,263,86,177,100,-4,62,3.5,0
2024-12-07T19:00:00Z,169,16,153,100,-4,64,4.9,0
2024-12-07T20:00:00Z,88,8,80,100,-4.1,66,7.2,0
2024-12-07T21:00:00Z,30,1,29,100,-4.2,69,9.7,0.1
2024-12-07T22:00:00Z,1,0,1,100,-5.4,80,10.5,0.1
2024-12-07T23:00:00Z,0,0,0,100,-5.5,84,12.2,0.3
2024-12-08T00:00:00Z,0,0,0,100,-5.5,87,12.9,0.5
2024-12-08T01:00:00Z,0,0,0,100,-5.5,91,13.3,0.8
2024-12-08T02:00:00Z,0,0,0,100,-5.2,95,13.5,1.1
2024-12-08T03:00:00Z,0,0,0,100,-4.3,99,15.7,1.2
2024-12-08T04:00:00Z,0,0,0,100,-3.2,99,16.2,1.2
2024-12-08T05:00:00Z,0,0,0,100,-2.3,99,17.3,1.3
2024-12-08T06:00:00Z,0,0,0,100,-1.7,99,17.1,1.4
2024-12-08T07:00:00Z,0,0,0,100,-1.4,98,16.6,1.3
2024-12-08T08:00:00Z,0,0,0,99,-1,98,15.8,1.7
2024-12-08T09:00:00Z,0,0,0,100,-0.8,99,16.1,2
2024-12-08T10:00:00Z,0,0,0,100,-0.3,97,16,1
2024-12-08T11:00:00Z,0,0,0,99,-0.2,96,15.1,0.4
2024-12-08T12:00:00Z,0,0,0,81,0.7,91,14.1,0.2
2024-12-08T13:00:00Z,2,0,2,80,1.5,88,14.6,0
2024-12-08T14:00:00Z,42,7,35,98,2.1,85,15.8,0
2024-12-08T15:00:00Z,111,32,79,99,1.9,82,17.9,0
2024-12-08T16:00:00Z,139,31,108,100,1.3,76,20,0
2024-12-08T17:00:00Z,170,78,92,100,0.8,75,20.1,0
2024-12-08T18:00:00Z,156,26,130,100,0.7,71,20.8,0
2024-12-08T19:00:00Z,130,10,120,99,0.3,68,20.5,0
2024-12-08T20:00:00Z,72,6,66,96,-0.4,67,18.9,0
2024-12-08T21:00:00Z,38,2,36,92,-1.3,69,15.7,0
2024-12-08T22:00:00Z,1,0,1,94,-2.1,69,14.1,0
2024-12-08T23:00:00Z,0,0,0,98,-2.8,71,12.6,0
2024-12-09T00:00:00Z,0,0,0,98,-3.5,72,11.3,0
2024-12-09T01:00:00Z,0,0,0,97,-3.9,73,11,0
2024-12-09T02:00:00Z,0,0,0,100,-4.7,78,9.2,0
2024-12-09T03:00:00Z,0,0,0,100,-4.8,80,7.3,0
2024-12-09T04:00:00Z,0,0,0,100,-5.4,81,5.5,0
2024-12-09T05:00:00Z,0,0,0,96,-6.5,83,4.8,0
2024-12-09T06:00:00Z,0,0,0,96,-6,82,4.6,0
2024-12-09T07:00:00Z,0,0,0,100,-7,84,4,0
2024-12-09T08:00:00Z,0,0,0,100,-5.1,83,8,0
2024-12-09T09:00:00Z,0,0,0,100,-5.4,80,10,0
2024-12-09T10:00:00Z,0,0,0,100,-5.9,79,10.6,0
2024-12-09T11:00:00Z,0,0,0,100,-6.2,77,11.1,0
2024-12-09T12:00:00Z,0,0,0,99,-6.4,77,12.1,0
2024-12-09T13:00:00Z,3,0,3,100,-6.6,77,13,0
2024-12-09T14:00:00Z,43,8,35,100,-6.8,77,13.4,0.1
2024-12-09T15:00:00Z,152,45,107,100,-6.4,73,16.4,0
2024-12-09T16:00:00Z,199,46,153,100,-6.3,73,17.2,0
2024-12-09T17:00:00Z,205,31,174,100,-6.3,72,19.9,0
2024-12-09T18:00:00Z,165,9,156,100,-6.4,72,20.2,0
2024-12-09T19:00:00Z,92,3,89,100,-6.4,72,20.4,0.2
2024-12-09T20:00:00Z,46,0,46,100,-6.6,74,21.6,0.6
2024-12-09T21:00:00Z,19,0,19,100,-7,77,21,0.7
2024-12-09T22:00:00Z,1,0,1,100,-7.7,81,18.9,0.8
2024-12-09T23:00:00Z,0,0,0,99,-7.7,84,19.1,0.7
2024-12-10T00:00:00Z,0,0,0,100,-7.3,86,23.2,0.4
2024-12-10T01:00:00Z,0,0,0,100,-7.1,87,18.4,0.2
2024-12-10T02:00:00Z,0,0,0,99,-6.7,87,17.8,0.1
2024-12-10T03:00:00Z,0,0,0,100,-6.3,89,16,0.2
2024-12-10T04:00:00Z,0,0,0,100,-5.9,91,14.8,0.4
2024-12-10T05:00:00Z,0,0,0,100,-5.4,93,12.7,0.3
2024-12-10T06:00:00Z,0,0,0,100,-5,94,10.9,0.3
2024-12-10T07:00:00Z,0,0,0,100,-4.7,95,9.6,0.1
2024-12-10T08:00:00Z,0,0,0,100,-4.6,96,9.1,0
2024-12-10T09:00:00Z,0,0,0,100,-4.3,97,7.2,0
2024-12-10T10:00:00Z,0,0,0,100,-3.8,97,4,0
2024-12-10T11:00:00Z,0,0,0,100,-3.7,98,4.6,0
2024-12-10T12:00:00Z,0,0,0,100,-3.5,99,5.6,0
2024-12-10T13:00:00Z,1,0,1,100,-3.2,100,6.1,0
2024-12-10T14:00:00Z,25,0,25,100,-2.6,99,6.4,0
2024-12-10T15:00:00Z,48,0,48,100,-2,100,6.8,0
2024-12-10T16:00:00Z,63,0,63,100,-0.9,100,6.4,0
2024-12-10T17:00:00Z,88,2,86,100,0.3,99,6,0.1
2024-12-10T18:00:00Z,92,0,92,100,1.2,99,7.2,0
2024-12-10T19:00:00Z,80,0,80,100,1.4,98,7.6,0
2024-12-10T20:00:00Z,40,0,40,100,1.6,98,6.8,0.1
2024-12-10T21:00:00Z,17,0,17,100,1.9,98,7.4,0
2024-12-10T22:00:00Z,0,0,0,100,1.3,98,7.1,0
2024-12-10T23:00:00Z,0,0,0,100,1.4,99,7.9,0.1
2024-12-11T00:00:00Z,0,0,0,100,1.4,99,9.9,0.2
2024-12-11T01:00:00Z,0,0,0,100,1.5,99,10.7,0.3
2024-12-11T02:00:00Z,0,0,0,100,1.5,99,10.5,1.5
2024-12-11T03:00:00Z,0,0,0,100,1.7,98,11.1,2.1
2024-12-11T04:00:00Z,0,0,0,100,1.8,98,9.7,1.5
2024-12-11T05:00:00Z,0,0,0,100,1.8,99,8.4,1.2
2024-12-11T06:00:00Z,0,0,0,100,1.8,99,7.8,0.8
2024-12-11T07:00:00Z,0,0,0,100,1.8,99,7.3,0.6
2024-12-11T08:00:00Z,0,0,0,100,1.7,100,6.5,0.3
2024-12-11T09:00:00Z,0,0,0,100,1.6,100,6,0.1
2024-12-11T10:00:00Z,0,0,0,100,1,100,6.5,0
2024-12-11T11:00:00Z,0,0,0,100,1.2,100,5.9,0
2024-12-11T12:00:00Z,0,0,0,100,1.1,100,4.2,0
2024-12-11T13:00:00Z,1,0,1,100,1,100,4.2,0
2024-12-11T14:00:00Z,21,0,21,100,1.1,99,5.5,0
2024-12-11T15:00:00Z,32,0,32,100,1.2,99,6.2,0
2024-12-11T16:00:00Z,43,0,43,100,1.5,97,6.2,0.1
2024-12-11T17:00:00Z,51,0,51,100,1.8,97,6.9,0.8
2024-12-11T18:00:00Z,47,0,47,100,1.9,96,7.3,0.5
2024-12-11T19:00:00Z,39,0,39,100,1.9,97,7.4,0.5
2024-12-11T20:00:00Z,29,0,29,100,1.9,96,6.8,0.3
2024-12-11T21:00:00Z,13,0,13,100,2,96,8.8,0.6
2024-12-11T22:00:00Z,0,0,0,100,1.3,98,9.6,0.8
2024-12-11T23:00:00Z,0,0,0,100,1.2,98,10.1,0.8
2024-12-12T00:00:00Z,0,0,0,100,1.2,98,10.9,0.5
2024-12-12T01:00:00Z,0,0,0,100,1.1,97,11.8,0.5
2024-12-12T02:00:00Z,0,0,0,100,1.2,96,14.1,0.7
2024-12-12T03:00:00Z,0,0,0,100,1.4,95,16.3,0.7
2024-12-12T04:00:00Z,0,0,0,100,1.6,93,20.6,0.5
2024-12-12T05:00:00Z,0,0,0,100,1.5,87,22.7,0.4
2024-12-12T06:00:00Z,0,0,0,72,0.6,82,21.3,0.2
2024-12-12T07:00:00Z,0,0,0,64,-0.5,80,19,0
2024-12-12T08:00:00Z,0,0,0,30,-1.5,81,16.7,0
2024-12-12T09:00:00Z,0,0,0,29,-2.1,80,14.2,0
2024-12-12T10:00:00Z,0,0,0,58,-2.8,84,11.8,0
2024-12-12T11:00:00Z,0,0,0,78,-1.9,83,13.4,0
2024-12-12T12:00:00Z,0,0,0,69,-2,84,14,0.1
2024-12-12T13:00:00Z,4,1,3,64,-1.9,83,14.9,0.1
2024-12-12T14:00:00Z,72,35,37,58,-1.1,75,15.3,0.1
2024-12-12T15:00:00Z,191,117,74,78,-0.6,66,17.9,0.1
2024-12-12T16:00:00Z,280,183,97,85,-0.5,68,22.2,0.1
2024-12-12T17:00:00Z,268,139,129,96,-0.7,72,24.8,0.2
2024-12-12T18:00:00Z,202,94,108,85,-1,72,27.4,0.4
2024-12-12T19:00:00Z,152,19,133,98,-1.9,66,24.9,0.3
2024-12-12T20:00:00Z,121,14,107,95,-2.6,65,23.7,0.2
2024-12-12T21:00:00Z,46,4,42,99,-3.2,66,20.5,0.1
2024-12-12T22:00:00Z,2,0,2,92,-3.7,67,18.9,0.1
2024-12-12T23:00:00Z,0,0,0,58,-4.9,68,19.3,0
2024-12-13T00:00:00Z,0,0,0,46,-6.4,68,19,0
2024-12-13T01:00:00Z,0,0,0,0,-7.2,69,15.8,0
2024-12-13T02:00:00Z,0,0,0,0,-7.7,68,12.8,0
2024-12-13T03:00:00Z,0,0,0,0,-8.2,70,12,0
2024-12-13T04:00:00Z,0,0,0,0,-8.6,71,9,0
2024-12-13T05:00:00Z,0,0,0,57,-9,72,7.6,0
2024-12-13T06:00:00Z,0,0,0,96,-9.5,74,8.3,0
2024-12-13T07:00:00Z,0,0,0,95,-9.9,75,7.6,0
2024-12-13T08:00:00Z,0,0,0,52,-10.7,80,7.6,0
2024-12-13T09:00:00Z,0,0,0,26,-10.4,84,8,0
2024-12-13T10:00:00Z,0,0,0,36,-10.1,92,8.4,0
2024-12-13T11:00:00Z,0,0,0,4,-9.7,92,10.3,0
2024-12-13T12:00:00Z,0,0,0,0,-10.6,89,11.9,0
2024-12-13T13:00:00Z,4,1,3,1,-10.8,83,12.7,0
2024-12-13T14:00:00Z,90,55,35,0,-9.2,76,12.9,0
2024-12-13T15:00:00Z,218,161,57,38,-7.4,64,17.2,0
2024-12-13T16:00:00Z,318,250,68,96,-5.4,60,19.6,0
2024-12-13T17:00:00Z,320,184,136,100,-4.7,57,18.9,0
2024-12-13T18:00:00Z,246,90,156,100,-4.3,56,18.2,0
2024-12-13T19:00:00Z,256,127,129,75,-3.8,53,17.3,0
2024-12-13T20:00:00Z,176,91,85,72,-4,53,17.3,0
2024-12-13T21:00:00Z,65,23,42,12,-4.6,58,12.6,0
2024-12-13T22:00:00Z,2,0,2,14,-5.4,61,9.6,0
2024-12-13T23:00:00Z,0,0,0,6,-5.9,63,8.9,0
2024-12-14T00:00:00Z,0,0,0,1,-6.5,64,7.9,0
2024-12-14T01:00:00Z,0,0,0,6,-6.9,67,7.6,0
2024-12-14T02:00:00Z,0,0,0,4,-7.3,70,7.2,0
2024-12-14T03:00:00Z,0,0,0,2,-7.8,74,9.7,0
2024-12-14T04:00:00Z,0,0,0,6,-8.4,76,9.2,0
2024-12-14T05:00:00Z,0,0,0,8,-8.5,78,9.3,0
2024-12-14T06:00:00Z,0,0,0,10,-9,79,9.6,0
2024-12-14T07:00:00Z,0,0,0,18,-9.6,82,8.2,0
2024-12-14T08:00:00Z,0,0,0,20,-9.8,84,7.8,0
2024-12-14T09:00:00Z,0,0,0,32,-10,86,6.5,0
2024-12-14T10:00:00Z,0,0,0,67,-11.4,89,9.7,0
2024-12-14T11:00:00Z,0,0,0,86,-11.6,90,8.7,0
2024-12-14T12:00:00Z,0,0,0,87,-11.9,88,7.4,0
2024-12-14T13:00:00Z,4,1,3,87,-12.6,89,5.4,0
2024-12-14T14:00:00Z,79,38,41,89,-11.3,88,5.6,0
2024-12-14T15:00:00Z,193,115,78,80,-8.7,80,5.1,0
2024-12-14T16:00:00Z,267,159,108,99,-8,76,4.2,0
2024-12-14T17:00:00Z,322,188,134,92,-6.7,68,2.7,0
2024-12-14T18:00:00Z,322,196,126,60,-6.1,69,2.6,0
2024-12-14T19:00:00Z,272,166,106,76,-5.6,60,3.9,0
2024-12-14T20:00:00Z,182,108,74,13,-5.2,61,3.7,0
2024-12-14T21:00:00Z,72,40,32,5,-5.5,63,3.6,0
2024-12-14T22:00:00Z,2,1,1,34,-8.3,74,5.4,0
2024-12-14T23:00:00Z,0,0,0,25,-9.2,81,6.3,0
2024-12-15T00:00:00Z,0,0,0,5,-10.2,88,7.8,0
2024-12-15T01:00:00Z,0,0,0,7,-11.2,90,7.1,0
2024-12-15T02:00:00Z,0,0,0,24,-13.1,93,8,0
2024-12-15T03:00:00Z,0,0,0,15,-12.9,92,6.5,0
2024-12-15T04:00:00Z,0,0,0,10,-12.3,90,7.4,0
2024-12-15T05:00:00Z,0,0,0,13,-12,89,7.4,0
2024-12-15T06:00:00Z,0,0,0,25,-12.1,89,7.6,0
2024-12-15T07:00:00Z,0,0,0,49,-12.1,88,7.4,0
2024-12-15T08:00:00Z,0,0,0,96,-13.2,85,8,0
2024-12-15T09:00:00Z,0,0,0,100,-14,86,9.8,0
2024-12-15T10:00:00Z,0,0,0,100,-14,88,10.8,0
2024-12-15T11:00:00Z,0,0,0,100,-14.4,89,11.4,0
2024-12-15T12:00:00Z,0,0,0,100,-14.3,89,11.6,0
2024-12-15T13:00:00Z,2,0,2,100,-14.1,91,11.7,0
2024-12-15T14:00:00Z,49,11,38,100,-13.2,91,12.4,0
2024-12-15T15:00:00Z,175,80,95,100,-10.8,86,11.3,0
2024-12-15T16:00:00Z,219,76,143,99,-9.3,82,11.2,0
2024-12-15T17:00:00Z,244,63,181,100,-7.5,75,11.6,0
2024-12-15T18:00:00Z,229,56,173,98,-6,74,11.8,0
2024-12-15T19:00:00Z,173,21,152,100,-5.4,73,11.4,0
2024-12-15T20:00:00Z,123,10,113,100,-4.9,73,11.3,0
2024-12-15T21:00:00Z,51,5,46,100,-4.8,76,11.9,0
2024-12-15T22:00:00Z,2,0,2,100,-5.8,84,11.7,0
2024-12-15T23:00:00Z,0,0,0,100,-5.9,85,12.2,0
2024-12-16T00:00:00Z,0,0,0,99,-6,86,12.1,0
2024-12-16T01:00:00Z,0,0,0,100,-6.1,87,11.9,0
2024-12-16T02:00:00Z,0,0,0,100,-6,87,11.7,0
2024-12-16T03:00:00Z,0,0,0,100,-5.5,86,11.7,0
2024-12-16T04:00:00Z,0,0,0,100,-5,87,11.2,0
2024-12-16T05:00:00Z,0,0,0,100,-4.3,88,10.9,0
2024-12-16T06:00:00Z,0,0,0,100,-3.8,89,10.8,0.1
2024-12-16T07:00:00Z,0,0,0,100,-3.6,91,9.9,0
2024-12-16T08:00:00Z,0,0,0,100,-3.4,94,9.9,0
2024-12-16T09:00:00Z,0,0,0,100,-3.1,96,10.4,0
2024-12-16T10:00:00Z,0,0,0,100,-2.9,95,10.9,0
2024-12-16T11:00:00Z,0,0,0,100,-2.4,95,12.1,0
2024-12-16T12:00:00Z,0,0,0,92,-2,95,12.1,0
2024-12-16T13:00:00Z,2,0,2,99,-1.9,96,8.3,0
2024-12-16T14:00:00Z,38,14,24,100,-1.4,95,7.5,0
2024-12-16T15:00:00Z,44,1,43,100,-0.8,94,8.9,0
2024-12-16T16:00:00Z,60,0,60,99,-0.7,94,10.6,0
2024-12-16T17:00:00Z,93,8,85,100,-0,92,10.8,0
2024-12-16T18:00:00Z,153,28,125,100,1.1,87,10.8,0
2024-12-16T19:00:00Z,54,0,54,100,1.7,85,11.4,0
2024-12-16T20:00:00Z,40,1,39,100,1.8,86,11.3,0
2024-12-16T21:00:00Z,11,0,11,100,2.1,87,11.5,0
2024-12-16T22:00:00Z,1,0,1,100,1.8,89,11.7,0
2024-12-16T23:00:00Z,0,0,0,100,2,90,12.6,0
2024-12-17T00:00:00Z,0,0,0,100,2.4,90,14.4,0
2024-12-17T01:00:00Z,0,0,0,100,2.4,92,14.9,0.1
2024-12-17T02:00:00Z,0,0,0,100,2.6,93,15.9,0.1
2024-12-17T03:00:00Z,0,0,0,100,3,94,15.8,0.1
2024-12-17T04:00:00Z,0,0,0,100,2.9,95,14.1,0.4
2024-12-17T05:00:00Z,0,0,0,100,3,95,15.4,1.8
2024-12-17T06:00:00Z,0,0,0,100,3.2,95,16,2.5
2024-12-17T07:00:00Z,0,0,0,100,3.2,97,15.9,1.7
2024-12-17T08:00:00Z,0,0,0,100,3.6,99,16.2,0.5
2024-12-17T09:00:00Z,0,0,0,100,4.7,98,18.7,1.1
2024-12-17T10:00:00Z,0,0,0,100,5.8,96,21.6,1.3
2024-12-17T11:00:00Z,0,0,0,93,6.1,92,21.5,0.1
2024-12-17T12:00:00Z,0,0,0,100,6,89,20.2,0
2024-12-17T13:00:00Z,1,0,1,99,5.8,86,18.7,0
2024-12-17T14:00:00Z,28,5,23,91,5.8,83,17.9,0
2024-12-17T15:00:00Z,74,6,68,71,5.6,81,18.5,0
2024-12-17T16:00:00Z,108,22,86,92,5.6,78,18.4,0
2024-12-17T17:00:00Z,131,22,109,89,5.8,76,18.1,0
2024-12-17T18:00:00Z,103,13,90,70,5.7,77,18.8,0.1
2024-12-17T19:00:00Z,217,119,98,72,5.8,76,19.5,0.1
2024-12-17T20:00:00Z,139,72,67,66,5.8,74,16.7,0
2024-12-17T21:00:00Z,46,15,31,85,5.3,74,16.8,0
2024-12-17T22:00:00Z,2,0,2,51,4.4,72,13.8,0
2024-12-17T23:00:00Z,0,0,0,44,3.5,76,13.7,0
2024-12-18T00:00:00Z,0,0,0,56,3.2,78,14.5,0
2024-12-18T01:00:00Z,0,0,0,73,3,78,14.5,0
2024-12-18T02:00:00Z,0,0,0,84,2.7,81,14.9,0
2024-12-18T03:00:00Z,0,0,0,100,2.7,82,13.9,0
2024-12-18T04:00:00Z,0,0,0,97,2.6,83,12,0
2024-12-18T05:00:00Z,0,0,0,100,2.6,83,12.2,0
2024-12-18T06:00:00Z,0,0,0,100,2.9,82,12.1,0
2024-12-18T07:00:00Z,0,0,0,100,2.7,83,11.5,0
2024-12-18T08:00:00Z,0,0,0,99,2.5,84,10.1,0
2024-12-18T09:00:00Z,0,0,0,99,2.2,85,10.3,0
2024-12-18T10:00:00Z,0,0,0,100,2.4,85,11.6,0
2024-12-18T11:00:00Z,0,0,0,100,2.3,85,10.9,0
2024-12-18T12:00:00Z,0,0,0,99,2.2,86,10.4,0
2024-12-18T13:00:00Z,2,0,2,99,2.1,85,9.8,0
2024-12-18T14:00:00Z,47,10,37,100,2.2,85,10.3,0
2024-12-18T15:00:00Z,112,18,94,100,2.4,85,9.6,0
2024-12-18T16:00:00Z,171,29,142,100,2.8,82,10.1,0
2024-12-18T17:00:00Z,171,18,153,100,2.8,83,8.9,0.1
2024-12-18T18:00:00Z,116,3,113,100,2.2,89,9.3,0.1
2024-12-18T19:00:00Z,91,1,90,100,1.5,95,10.2,0.3
2024-12-18T20:00:00Z,61,0,61,100,0.9,99,10,0.3
2024-12-18T21:00:00Z,21,0,21,100,0.8,99,9.2,0.4
2024-12-18T22:00:00Z,1,0,1,100,0.5,99,9.2,0.5
2024-12-18T23:00:00Z,0,0,0,100,0.7,98,8.4,0.5
2024-12-19T00:00:00Z,0,0,0,99,0.7,98,7.8,0.3
2024-12-19T01:00:00Z,0,0,0,95,0.7,98,8.4,0.1
2024-12-19T02:00:00Z,0,0,0,97,0.5,96,9.4,0.1
2024-12-19T03:00:00Z,0,0,0,94,0.6,95,10.6,0.1
2024-12-19T04:00:00Z,0,0,0,90,0.5,94,11.7,0
2024-12-19T05:00:00Z,0,0,0,84,0,93,13.3,0
2024-12-19T06:00:00Z,0,0,0,96,-0.4,91,14.3,0
2024-12-19T07:00:00Z,0,0,0,100,-0.6,89,14.4,0
2024-12-19T08:00:00Z,0,0,0,100,-0.8,85,14.8,0
2024-12-19T09:00:00Z,0,0,0,99,-1.2,80,15.6,0
2024-12-19T10:00:00Z,0,0,0,100,-1.9,74,16.1,0
2024-12-19T11:00:00Z,0,0,0,96,-2.6,67,16.6,0
2024-12-19T12:00:00Z,0,0,0,99,-3.2,65,17,0
2024-12-19T13:00:00Z,2,0,2,97,-3.9,62,17.2,0
2024-12-19T14:00:00Z,54,12,42,99,-4.5,68,16.8,0
2024-12-19T15:00:00Z,144,36,108,100,-5.4,64,16,0
2024-12-19T16:00:00Z,250,137,113,96,-5.7,61,15.3,0
2024-12-19T17:00:00Z,311,185,126,81,-5.9,61,14.1,0
2024-12-19T18:00:00Z,303,189,114,43,-6.1,61,13.4,0
2024-12-19T19:00:00Z,268,166,102,52,-6.2,60,11.8,0
2024-12-19T20:00:00Z,192,121,71,36,-6.5,61,9.3,0
2024-12-19T21:00:00Z,77,43,34,96,-7.3,65,8.3,0
2024-12-19T22:00:00Z,3,1,2,98,-9.3,71,9.9,0
2024-12-19T23:00:00Z,0,0,0,100,-10.3,75,8.2,0
2024-12-20T00:00:00Z,0,0,0,99,-10.4,78,7.5,0
2024-12-20T01:00:00Z,0,0,0,100,-10.3,80,6.6,0
2024-12-20T02:00:00Z,0,0,0,100,-10.2,81,7.6,0
2024-12-20T03:00:00Z,0,0,0,100,-10.6,82,9.3,0
2024-12-20T04:00:00Z,0,0,0,100,-10.9,84,8.8,0
2024-12-20T05:00:00Z,0,0,0,100,-11.6,85,8.5,0
2024-12-20T06:00:00Z,0,0,0,100,-11.8,85,8.5,0
2024-12-20T07:00:00Z,0,0,0,99,-12.3,87,7.8,0
2024-12-20T08:00:00Z,0,0,0,96,-12.6,87,8,0
2024-12-20T09:00:00Z,0,0,0,100,-12.8,88,6.9,0
2024-12-20T10:00:00Z,0,0,0,100,-13,86,6.7,0
2024-12-20T11:00:00Z,0,0,0,100,-12.8,85,6.7,0
2024-12-20T12:00:00Z,0,0,0,98,-12.5,84,7.1,0
2024-12-20T13:00:00Z,1,0,1,100,-12.4,85,8.4,0
2024-12-20T14:00:00Z,46,2,44,100,-11.9,84,8.3,0
2024-12-20T15:00:00Z,123,17,106,100,-10.9,83,8.4,0
2024-12-20T16:00:00Z,199,46,153,100,-10.1,82,9.1,0
2024-12-20T17:00:00Z,236,56,180,100,-9.3,79,9.1,0
2024-12-20T18:00:00Z,271,111,160,100,-8.6,77,9.2,0
2024-12-20T19:00:00Z,160,17,143,100,-8.2,76,8.9,0.1
2024-12-20T20:00:00Z,107,17,90,100,-7.8,75,9.2,0.1
2024-12-20T21:00:00Z,39,2,37,99,-7.7,76,9.8,0.1
2024-12-20T22:00:00Z,2,0,2,99,-7.7,76,9.4,0.1
2024-12-20T23:00:00Z,0,0,0,100,-7.8,76,9.5,0.1
2024-12-21T00:00:00Z,0,0,0,99,-7.7,78,9.6,0
2024-12-21T01:00:00Z,0,0,0,100,-7.8,79,9.7,0.1
2024-12-21T02:00:00Z,0,0,0,100,-7.9,81,10.3,0.1
2024-12-21T03:00:00Z,0,0,0,100,-8.2,84,11.6,0.1
2024-12-21T04:00:00Z,0,0,0,100,-8.3,84,12.2,0.1
2024-12-21T05:00:00Z,0,0,0,99,-8.6,85,12.9,0.1
2024-12-21T06:00:00Z,0,0,0,100,-8.8,85,14,0.1
2024-12-21T07:00:00Z,0,0,0,99,-9.2,84,14.5,0.1
2024-12-21T08:00:00Z,0,0,0,100,-9.5,84,14.9,0
2024-12-21T09:00:00Z,0,0,0,100,-9.9,84,15.5,0
2024-12-21T10:00:00Z,0,0,0,100,-10.5,81,16.6,0
2024-12-21T11:00:00Z,0,0,0,100,-10.9,81,16.9,0
2024-12-21T12:00:00Z,0,0,0,100,-11.3,79,17.3,0
2024-12-21T13:00:00Z,2,0,2,100,-11.6,79,17.7,0
2024-12-21T14:00:00Z,50,7,43,99,-11.8,77,18.5,0
2024-12-21T15:00:00Z,124,27,97,87,-11.4,73,18.9,0
2024-12-21T16:00:00Z,230,113,117,83,-11.4,72,18.9,0
2024-12-21T17:00:00Z,269,133,136,86,-11.4,70,18.8,0
2024-12-21T18:00:00Z,290,164,126,94,-11.3,68,18.5,0
2024-12-21T19:00:00Z,252,143,109,85,-11.5,67,18.2,0
2024-12-21T20:00:00Z,169,90,79,90,-11.9,67,18.3,0
2024-12-21T21:00:00Z,66,30,36,87,-12.4,68,18,0
2024-12-21T22:00:00Z,2,0,2,99,-13.3,70,18.1,0
2024-12-21T23:00:00Z,0,0,0,93,-14,71,18.5,0
2024-12-22T00:00:00Z,0,0,0,82,-14.3,71,17.6,0
2024-12-22T01:00:00Z,0,0,0,87,-14.6,72,16.5,0
2024-12-22T02:00:00Z,0,0,0,79,-15.1,74,15.4,0
2024-12-22T03:00:00Z,0,0,0,86,-15.6,76,14.7,0
2024-12-22T04:00:00Z,0,0,0,100,-15.8,78,14.1,0
2024-12-22T05:00:00Z,0,0,0,90,-16,81,14.1,0
2024-12-22T06:00:00Z,0,0,0,89,-16,81,13.6,0
2024-12-22T07:00:00Z,0,0,0,100,-16.1,83,13.1,0
2024-12-22T08:00:00Z,0,0,0,100,-16.3,85,12.5,0
2024-12-22T09:00:00Z,0,0,0,100,-16.5,86,12.5,0
2024-12-22T10:00:00Z,0,0,0,100,-16.6,86,10.8,0
2024-12-22T11:00:00Z,0,0,0,100,-16.8,87,10.9,0
2024-12-22T12:00:00Z,0,0,0,98,-17,87,10.3,0
2024-12-22T13:00:00Z,2,0,2,94,-17.2,88,9.6,0
2024-12-22T14:00:00Z,72,37,35,97,-16.4,86,8.4,0
2024-12-22T15:00:00Z,184,108,76,100,-14.8,79,7.1,0
2024-12-22T16:00:00Z,272,175,97,99,-13.8,75,5.7,0
2024-12-22T17:00:00Z,323,208,115,87,-12.9,71,5,0
2024-12-22T18:00:00Z,324,212,112,100,-12.3,68,5.2,0
2024-12-22T19:00:00Z,279,187,92,100,-11.9,66,5.4,0
2024-12-22T20:00:00Z,189,117,72,62,-11.7,66,4.8,0
2024-12-22T21:00:00Z,80,46,34,38,-12.2,68,4.8,0
2024-12-22T22:00:00Z,3,1,2,26,-13.1,72,4.7,0
2024-12-22T23:00:00Z,0,0,0,0,-14.2,76,5,0
2024-12-23T00:00:00Z,0,0,0,0,-15.3,78,5.5,0
2024-12-23T01:00:00Z,0,0,0,0,-14.9,77,5.1,0
2024-12-23T02:00:00Z,0,0,0,0,-15.2,78,5.6,0
2024-12-23T03:00:00Z,0,0,0,12,-15.1,79,6.4,0
2024-12-23T04:00:00Z,0,0,0,73,-15.1,81,7,0
2024-12-23T05:00:00Z,0,0,0,76,-15.2,81,7.5,0
2024-12-23T06:00:00Z,0,0,0,11,-15.8,86,7.3,0
2024-12-23T07:00:00Z,0,0,0,82,-16.6,93,8.5,0
2024-12-23T08:00:00Z,0,0,0,98,-16.2,96,9.1,0
2024-12-23T09:00:00Z,0,0,0,98,-15,96,8.4,0
2024-12-23T10:00:00Z,0,0,0,97,-14.9,90,7.4,0
2024-12-23T11:00:00Z,0,0,0,94,-13.8,89,7.9,0
2024-12-23T12:00:00Z,0,0,0,100,-13.3,88,8.8,0
2024-12-23T13:00:00Z,1,0,1,94,-13,86,10.1,0
2024-12-23T14:00:00Z,49,11,38,100,-12.6,84,10.3,0
2024-12-23T15:00:00Z,160,83,77,95,-11.5,82,11.2,0
2024-12-23T16:00:00Z,242,140,102,97,-10.4,83,11.4,0
2024-12-23T17:00:00Z,318,219,99,98,-9.7,78,11.7,0
2024-12-23T18:00:00Z,270,138,132,100,-8.9,74,12.4,0
2024-12-23T19:00:00Z,111,12,99,100,-8.4,71,12.8,0.1
2024-12-23T20:00:00Z,64,1,63,100,-8.1,72,12.2,0.2
2024-12-23T21:00:00Z,20,0,20,100,-8.1,78,10.9,0.5
2024-12-23T22:00:00Z,1,0,1,100,-8.7,85,9.7,0.9
2024-12-23T23:00:00Z,0,0,0,100,-8.8,90,11.3,1.2
2024-12-24T00:00:00Z,0,0,0,100,-8.7,93,10.4,1.3
2024-12-24T01:00:00Z,0,0,0,100,-9.1,95,8.8,1.2
2024-12-24T02:00:00Z,0,0,0,100,-8.9,97,8,0.9
2024-12-24T03:00:00Z,0,0,0,100,-8.4,96,7.3,0.8
2024-12-24T04:00:00Z,0,0,0,100,-8,94,6.9,0.8
2024-12-24T05:00:00Z,0,0,0,100,-7.5,95,6.3,0.8
2024-12-24T06:00:00Z,0,0,0,100,-7.1,95,5.4,0.8
2024-12-24T07:00:00Z,0,0,0,100,-7,94,5.7,0.7
2024-12-24T08:00:00Z,0,0,0,100,-6.9,95,5.7,0.6
2024-12-24T09:00:00Z,0,0,0,100,-6.9,95,5.9,0.4
2024-12-24T10:00:00Z,0,0,0,99,-7.8,92,6.8,0.2
2024-12-24T11:00:00Z,0,0,0,99,-7.8,91,7.5,0.1
2024-12-24T12:00:00Z,0,0,0,98,-8.3,91,7.9,0
2024-12-24T13:00:00Z,1,0,1,93,-8.6,91,8.1,0
2024-12-24T14:00:00Z,59,20,39,98,-7.8,88,8.5,0
2024-12-24T15:00:00Z,173,101,72,100,-6.7,80,9.2,0
2024-12-24T16:00:00Z,266,170,96,100,-6.1,79,8.9,0
2024-12-24T17:00:00Z,299,184,115,92,-5.3,75,8.5,0
2024-12-24T18:00:00Z,274,141,133,75,-4.7,74,8.3,0
2024-12-24T19:00:00Z,232,91,141,97,-4.4,69,9.4,0
2024-12-24T20:00:00Z,138,40,98,95,-4.4,69,10.4,0
2024-12-24T21:00:00Z,61,23,38,90,-4.9,71,8.8,0
2024-12-24T22:00:00Z,2,0,2,82,-6.6,79,7.8,0
2024-12-24T23:00:00Z,0,0,0,75,-7.7,84,8.4,0
2024-12-25T00:00:00Z,0,0,0,65,-8.2,85,8.4,0
2024-12-25T01:00:00Z,0,0,0,72,-8.7,85,8.7,0
2024-12-25T02:00:00Z,0,0,0,64,-9.3,85,8.5,0
2024-12-25T03:00:00Z,0,0,0,47,-9.4,85,7.7,0
2024-12-25T04:00:00Z,0,0,0,50,-9.6,85,7.4,0
2024-12-25T05:00:00Z,0,0,0,42,-10.1,88,7.4,0
2024-12-25T06:00:00Z,0,0,0,55,-12,89,7.1,0
2024-12-25T07:00:00Z,0,0,0,60,-12.6,89,6.4,0
2024-12-25T08:00:00Z,0,0,0,60,-13.3,89,5.6,0
2024-12-25T09:00:00Z,0,0,0,60,-13.7,87,5,0
2024-12-25T10:00:00Z,0,0,0,60,-14.7,88,5.5,0
2024-12-25T11:00:00Z,0,0,0,98,-15.7,88,4.2,0
2024-12-25T12:00:00Z,0,0,0,93,-16,84,3.6,0
2024-12-25T13:00:00Z,1,0,1,94,-15.2,85,2.7,0
2024-12-25T14:00:00Z,41,3,38,100,-13.8,86,2.5,0
2024-12-25T15:00:00Z,121,18,103,100,-11.6,88,1.5,0
2024-12-25T16:00:00Z,176,27,149,100,-10.4,90,0.8,0
2024-12-25T17:00:00Z,260,86,174,100,-8.7,87,0.4,0
2024-12-25T18:00:00Z,292,137,155,95,-7.4,83,1.8,0
2024-12-25T19:00:00Z,300,215,85,83,-6.9,81,2.4,0
2024-12-25T20:00:00Z,193,127,66,93,-6.4,78,1.8,0
2024-12-25T21:00:00Z,68,30,38,94,-7,80,2.5,0
2024-12-25T22:00:00Z,3,1,2,93,-7.9,81,3.1,0
2024-12-25T23:00:00Z,0,0,0,78,-8.9,83,3.1,0
2024-12-26T00:00:00Z,0,0,0,86,-8.5,83,3.6,0
2024-12-26T01:00:00Z,0,0,0,97,-8.8,85,2.6,0
2024-12-26T02:00:00Z,0,0,0,94,-8.5,88,1.7,0
2024-12-26T03:00:00Z,0,0,0,97,-8.8,92,2.6,0
2024-12-26T04:00:00Z,0,0,0,95,-9.1,91,1.9,0
2024-12-26T05:00:00Z,0,0,0,85,-9.1,90,1.4,0
2024-12-26T06:00:00Z,0,0,0,100,-9.6,90,1.4,0
2024-12-26T07:00:00Z,0,0,0,100,-10.2,89,1.8,0
2024-12-26T08:00:00Z,0,0,0,100,-10.7,89,3.1,0
2024-12-26T09:00:00Z,0,0,0,100,-11.8,88,2.2,0
2024-12-26T10:00:00Z,0,0,0,99,-10.6,88,2.7,0
2024-12-26T11:00:00Z,0,0,0,100,-10.7,89,3.1,0
2024-12-26T12:00:00Z,0,0,0,100,-10.8,87,2.7,0
2024-12-26T13:00:00Z,1,0,1,100,-10.6,88,1.9,0
2024-12-26T14:00:00Z,38,5,33,100,-9.4,89,2.4,0
2024-12-26T15:00:00Z,135,46,89,100,-8.4,87,2.3,0
2024-12-26T16:00:00Z,217,93,124,96,-7.4,81,3.2,0
2024-12-26T17:00:00Z,250,83,167,100,-6.6,75,3.5,0
2024-12-26T18:00:00Z,286,121,165,100,-6,72,3.3,0
2024-12-26T19:00:00Z,181,24,157,100,-6.1,74,2.3,0
2024-12-26T20:00:00Z,109,10,99,100,-5.9,70,2.2,0
2024-12-26T21:00:00Z,53,3,50,99,-6.5,74,3.1,0
2024-12-26T22:00:00Z,3,0,3,95,-6.6,80,3,0
2024-12-26T23:00:00Z,0,0,0,92,-6.7,83,4.2,0
2024-12-27T00:00:00Z,0,0,0,92,-6.8,84,5.6,0
2024-12-27T01:00:00Z,0,0,0,94,-7.3,85,6.5,0
2024-12-27T02:00:00Z,0,0,0,92,-7.3,85,6.2,0
2024-12-27T03:00:00Z,0,0,0,87,-7.6,85,6,0
2024-12-27T04:00:00Z,0,0,0,81,-9.4,86,5.1,0
2024-12-27T05:00:00Z,0,0,0,87,-9.5,87,5.1,0
2024-12-27T06:00:00Z,0,0,0,98,-10.6,89,5.1,0
2024-12-27T07:00:00Z,0,0,0,100,-11.6,91,5.9,0
2024-12-27T08:00:00Z,0,0,0,98,-12.4,91,4.9,0
2024-12-27T09:00:00Z,0,0,0,96,-11.2,91,6,0
2024-12-27T10:00:00Z,0,0,0,95,-10.2,91,4,0
2024-12-27T11:00:00Z,0,0,0,100,-9.8,91,3.3,0
2024-12-27T12:00:00Z,0,0,0,100,-9.6,89,3.9,0
2024-12-27T13:00:00Z,1,0,1,100,-9.3,88,6.4,0
2024-12-27T14:00:00Z,31,3,28,100,-8.7,87,7.1,0
2024-12-27T15:00:00Z,101,8,93,100,-7.9,86,4,0
2024-12-27T16:00:00Z,172,46,126,100,-7.3,83,3.1,0
2024-12-27T17:00:00Z,249,121,128,82,-6.2,79,4.8,0
2024-12-27T18:00:00Z,250,130,120,100,-5.6,77,4.8,0
2024-12-27T19:00:00Z,218,90,128,99,-5.3,76,5.3,0
2024-12-27T20:00:00Z,148,58,90,97,-4.9,75,6.3,0
2024-12-27T21:00:00Z,66,12,54,100,-5.2,78,7.1,0
2024-12-27T22:00:00Z,4,0,4,100,-6,82,7.4,0
2024-12-27T23:00:00Z,0,0,0,100,-6.3,82,8.3,0
2024-12-28T00:00:00Z,0,0,0,100,-6.5,83,8.6,0
2024-12-28T01:00:00Z,0,0,0,99,-6.9,84,9.8,0
2024-12-28T02:00:00Z,0,0,0,99,-6.9,84,11,0
2024-12-28T03:00:00Z,0,0,0,99,-7.2,84,10.4,0
2024-12-28T04:00:00Z,0,0,0,100,-7.7,85,9.4,0
2024-12-28T05:00:00Z,0,0,0,100,-8,86,11.4,0
2024-12-28T06:00:00Z,0,0,0,99,-7.8,85,11.2,0
2024-12-28T07:00:00Z,0,0,0,90,-8,86,10.8,0
2024-12-28T08:00:00Z,0,0,0,97,-8.2,87,10.6,0
2024-12-28T09:00:00Z,0,0,0,100,-8.4,88,11,0
2024-12-28T10:00:00Z,0,0,0,100,-8,87,9.7,0
2024-12-28T11:00:00Z,0,0,0,100,-7.9,86,10.4,0
2024-12-28T12:00:00Z,0,0,0,100,-7.7,87,10.6,0
2024-12-28T13:00:00Z,1,0,1,100,-7.5,86,9.9,0
2024-12-28T14:00:00Z,19,0,19,93,-7.2,86,10.2,0
2024-12-28T15:00:00Z,61,10,51,99,-6.5,85,8.9,0
2024-12-28T16:00:00Z,95,14,81,99,-5.4,84,8.2,0
2024-12-28T17:00:00Z,89,4,85,100,-4.7,85,8.1,0
2024-12-28T18:00:00Z,56,0,56,100,-4.3,88,8.5,0
2024-12-28T19:00:00Z,51,0,51,100,-3.5,88,9.2,0
2024-12-28T20:00:00Z,40,0,40,100,-3,89,9.8,0
2024-12-28T21:00:00Z,16,0,16,100,-2.5,92,10.2,0
2024-12-28T22:00:00Z,1,0,1,95,-2.2,93,9.7,0
2024-12-28T23:00:00Z,0,0,0,100,-2.1,94,9.2,0
2024-12-29T00:00:00Z,0,0,0,100,-1.7,94,9.1,0
2024-12-29T01:00:00Z,0,0,0,99,-1.4,96,9.6,0
2024-12-29T02:00:00Z,0,0,0,100,-0.8,97,10.1,0
2024-12-29T03:00:00Z,0,0,0,76,-0,98,10.5,0.1
2024-12-29T04:00:00Z,0,0,0,73,0.5,98,9,0.1
2024-12-29T05:00:00Z,0,0,0,70,0.8,99,8.7,0
2024-12-29T06:00:00Z,0,0,0,79,1,99,9.2,0
2024-12-29T07:00:00Z,0,0,0,100,0.3,99,8.8,0
2024-12-29T08:00:00Z,0,0,0,100,0.2,100,8.8,0
2024-12-29T09:00:00Z,0,0,0,100,0.4,100,8.1,0
2024-12-29T10:00:00Z,0,0,0,100,-0.2,100,6.3,0
2024-12-29T11:00:00Z,0,0,0,100,-0.1,100,5.9,0
2024-12-29T12:00:00Z,0,0,0,100,-0,100,5.9,0
2024-12-29T13:00:00Z,1,0,1,100,0.1,99,3.6,0
2024-12-29T14:00:00Z,20,1,19,100,0.8,100,3.8,0
2024-12-29T15:00:00Z,40,0,40,100,0.7,100,3.7,0
2024-12-29T16:00:00Z,69,0,69,100,1.1,99,6,0
2024-12-29T17:00:00Z,75,0,75,100,2.1,98,9.1,0
2024-12-29T18:00:00Z,52,0,52,100,2.2,99,9.2,0.2
2024-12-29T19:00:00Z,31,0,31,100,2.3,99,12.3,1.2
2024-12-29T20:00:00Z,20,0,20,100,2.5,100,14.5,1.2
2024-12-29T21:00:00Z,7,0,7,100,2.7,100,15.8,0.9
2024-12-29T22:00:00Z,1,0,1,100,2.8,98,15.7,0.5
2024-12-29T23:00:00Z,0,0,0,100,2.9,96,16.1,0.4
2024-12-30T00:00:00Z,0,0,0,99,3.2,96,17.1,0.3
2024-12-30T01:00:00Z,0,0,0,100,3.4,97,17.5,0.4
2024-12-30T02:00:00Z,0,0,0,100,4,97,17.8,0.6
2024-12-30T03:00:00Z,0,0,0,100,4.7,96,18.1,0.8
2024-12-30T04:00:00Z,0,0,0,100,4.7,96,17.3,0.8
2024-12-30T05:00:00Z,0,0,0,100,5.4,96,15.7,0.6
2024-12-30T06:00:00Z,0,0,0,100,5.8,96,16.1,0.1
2024-12-30T07:00:00Z,0,0,0,100,6.3,96,17.1,0.3
2024-12-30T08:00:00Z,0,0,0,100,6.5,95,16.8,1.1
2024-12-30T09:00:00Z,0,0,0,100,7,95,16.1,0.3
2024-12-30T10:00:00Z,0,0,0,100,8.1,94,9.8,0.2
2024-12-30T11:00:00Z,0,0,0,92,7.8,94,8.6,0.3
2024-12-30T12:00:00Z,0,0,0,86,7.4,94,9.5,0.2
2024-12-30T13:00:00Z,1,0,1,100,6.5,93,10.4,0.1
2024-12-30T14:00:00Z,42,22,20,100,6.6,88,6.1,0
2024-12-30T15:00:00Z,101,41,60,67,6.9,85,9.3,0
2024-12-30T16:00:00Z,198,116,82,95,7.4,80,13.5,0
2024-12-30T17:00:00Z,222,103,119,67,7.6,69,18.2,0
2024-12-30T18:00:00Z,145,18,127,85,6.7,66,22,0
2024-12-30T19:00:00Z,124,16,108,98,5,76,22.6,0
2024-12-30T20:00:00Z,98,30,68,100,3.7,87,21.3,0.2
2024-12-30T21:00:00Z,14,0,14,100,3.4,92,20.3,0.4
2024-12-30T22:00:00Z,2,0,2,100,3.2,92,20.1,0.4
2024-12-30T23:00:00Z,0,0,0,100,3.3,93,19.9,0.3
2024-12-31T00:00:00Z,0,0,0,100,3.1,93,20.1,0.3
2024-12-31T01:00:00Z,0,0,0,100,2.9,93,20.2,0.2
2024-12-31T02:00:00Z,0,0,0,100,2.9,92,19.3,0.2
2024-12-31T03:00:00Z,0,0,0,100,3.2,91,18,0.1
2024-12-31T04:00:00Z,0,0,0,99,3.1,90,17.7,0.1
2024-12-31T05:00:00Z,0,0,0,96,3,90,17.1,0
2024-12-31T06:00:00Z,0,0,0,95,3.1,88,16,0
2024-12-31T07:00:00Z,0,0,0,92,2.9,87,15.2,0
2024-12-31T08:00:00Z,0,0,0,97,2.7,87,14.4,0
2024-12-31T09:00:00Z,0,0,0,93,2.6,87,13.6,0
2024-12-31T10:00:00Z,0,0,0,87,2.5,87,12.2,0
2024-12-31T11:00:00Z,0,0,0,94,2.5,87,12.7,0
2024-12-31T12:00:00Z,0,0,0,90,2.5,87,12.3,0
2024-12-31T13:00:00Z,0,0,0,94,2.2,89,11.1,0
2024-12-31T14:00:00Z,20,2,18,93,2.5,88,10.2,0
2024-12-31T15:00:00Z,76,11,65,89,3.5,84,9.4,0
2024-12-31T16:00:00Z,126,32,94,81,4.3,80,9.8,0
2024-12-31T17:00:00Z,216,76,140,88,4.9,72,7.6,0
2024-12-31T18:00:00Z,171,45,126,98,5.2,70,6.7,0
2024-12-31T19:00:00Z,159,31,128,95,5,71,5.8,0
2024-12-31T20:00:00Z,95,12,83,83,4,76,4.1,0
2024-12-31T21:00:00Z,56,15,41,74,3.7,77,5.4,0
2024-12-31T22:00:00Z,3,0,3,96,3.2,78,6.4,0
2024-12-31T23:00:00Z,0,0,0,100,3,80,8.2,0
2025-01-01T00:00:00Z,0,0,0,100,2.7,81,9.6,0
2025-01-01T01:00:00Z,0,0,0,100,2.3,82,11.7,0
2025-01-01T02:00:00Z,0,0,0,99,2.4,82,13.3,0
2025-01-01T03:00:00Z,0,0,0,100,2.7,81,13.6,0
2025-01-01T04:00:00Z,0,0,0,100,2.8,81,13.4,0
2025-01-01T05:00:00Z,0,0,0,100,2.7,82,12.7,0
2025-01-01T06:00:00Z,0,0,0,100,2.7,83,12.9,0.1
2025-01-01T07:00:00Z,0,0,0,100,2.5,84,12.6,0.3
2025-01-01T08:00:00Z,0,0,0,100,2.4,84,12.8,0.2
2025-01-01T09:00:00Z,0,0,0,100,2.3,85,12.3,0.1
2025-01-01T10:00:00Z,0,0,0,100,2,87,8.8,0
2025-01-01T11:00:00Z,0,0,0,100,1.9,87,8,0
2025-01-01T12:00:00Z,0,0,0,100,2,86,8.1,0.1
2025-01-01T13:00:00Z,0,0,0,100,1.7,88,8.8,0.2
2025-01-01T14:00:00Z,19,0,19,100,1.6,90,8.4,0.3
2025-01-01T15:00:00Z,39,0,39,100,1.6,93,7.8,0.6
2025-01-01T16:00:00Z,57,0,57,100,1.5,94,7.2,1.1
2025-01-01T17:00:00Z,54,0,54,100,1.6,94,7.9,0.9
2025-01-01T18:00:00Z,61,0,61,100,1.7,95,9.1,0.8
2025-01-01T19:00:00Z,61,0,61,100,1.7,96,10.4,0.6
2025-01-01T20:00:00Z,42,0,42,100,1.5,99,11.2,0.5
2025-01-01T21:00:00Z,22,0,22,100,1.4,99,12.4,0.5
2025-01-01T22:00:00Z,2,0,2,100,1,97,13,0.4
2025-01-01T23:00:00Z,0,0,0,100,1.1,95,15.6,0.4
2025-01-02T00:00:00Z,0,0,0,100,1.2,94,19.4,0.4
2025-01-02T01:00:00Z,0,0,0,100,0.8,91,22.5,0.4
2025-01-02T02:00:00Z,0,0,0,100,0.3,88,23.9,0.3
2025-01-02T03:00:00Z,0,0,0,100,-0.2,85,24.3,0.2
2025-01-02T04:00:00Z,0,0,0,100,-0.4,82,24.1,0.2
2025-01-02T05:00:00Z,0,0,0,100,-0.7,80,24.5,0.2
2025-01-02T06:00:00Z,0,0,0,100,-0.8,82,24.9,0.2
2025-01-02T07:00:00Z,0,0,0,100,-1,81,25.8,0.1
2025-01-02T08:00:00Z,0,0,0,100,-1,80,24.9,0
2025-01-02T09:00:00Z,0,0,0,100,-1,78,24.1,0
2025-01-02T10:00:00Z,0,0,0,100,-1.2,75,24,0
2025-01-02T11:00:00Z,0,0,0,100,-1.3,75,23.5,0
2025-01-02T12:00:00Z,0,0,0,100,-1.3,73,25,0
2025-01-02T13:00:00Z,1,0,1,100,-1.6,72,24.1,0
2025-01-02T14:00:00Z,41,3,38,100,-1.7,69,24.7,0
2025-01-02T15:00:00Z,104,12,92,100,-1.3,69,25,0
2025-01-02T16:00:00Z,223,93,130,96,-1.1,68,26.4,0
2025-01-02T17:00:00Z,272,145,127,97,-1,67,27.5,0
2025-01-02T18:00:00Z,290,159,131,90,-0.7,65,27.9,0
2025-01-02T19:00:00Z,221,90,131,95,-0.8,64,26.6,0
2025-01-02T20:00:00Z,146,43,103,96,-1.3,65,23.4,0
2025-01-02T21:00:00Z,74,24,50,96,-1.7,67,21.6,0
2025-01-02T22:00:00Z,6,2,4,99,-2.1,70,20,0
2025-01-02T23:00:00Z,0,0,0,100,-2.4,69,19.8,0
2025-01-03T00:00:00Z,0,0,0,100,-2.7,70,21.5,0
2025-01-03T01:00:00Z,0,0,0,99,-2.9,68,20.4,0
2025-01-03T02:00:00Z,0,0,0,100,-3.1,67,21.1,0
2025-01-03T03:00:00Z,0,0,0,98,-3.3,65,21.6,0
2025-01-03T04:00:00Z,0,0,0,100,-3.6,63,22.1,0
2025-01-03T05:00:00Z,0,0,0,100,-4,61,23.7,0
2025-01-03T06:00:00Z,0,0,0,100,-4.4,59,22.8,0
2025-01-03T07:00:00Z,0,0,0,100,-4.8,58,23.4,0
2025-01-03T08:00:00Z,0,0,0,100,-5.2,58,23.1,0
2025-01-03T09:00:00Z,0,0,0,93,-5.4,58,21.6,0
2025-01-03T10:00:00Z,0,0,0,97,-6.1,62,16.3,0
2025-01-03T11:00:00Z,0,0,0,90,-6.4,63,18.1,0
2025-01-03T12:00:00Z,0,0,0,97,-6.7,64,17.9,0
2025-01-03T13:00:00Z,1,0,1,100,-7.2,64,18,0
2025-01-03T14:00:00Z,50,5,45,100,-7.2,61,19.4,0
2025-01-03T15:00:00Z,141,26,115,100,-7,58,18.6,0
2025-01-03T16:00:00Z,220,62,158,100,-6.9,56,18.2,0
2025-01-03T17:00:00Z,292,142,150,99,-6.9,60,17.9,0
2025-01-03T18:00:00Z,270,88,182,96,-6.9,60,18.2,0
2025-01-03T19:00:00Z,226,62,164,99,-7.2,61,18.1,0
2025-01-03T20:00:00Z,159,48,111,96,-7.3,61,17.8,0
2025-01-03T21:00:00Z,69,12,57,99,-7.9,62,17.1,0
2025-01-03T22:00:00Z,5,0,5,99,-8.6,66,15.9,0
2025-01-03T23:00:00Z,0,0,0,100,-9.1,68,17.1,0
2025-01-04T00:00:00Z,0,0,0,100,-9.4,69,18,0
2025-01-04T01:00:00Z,0,0,0,100,-9.9,69,18,0
2025-01-04T02:00:00Z,0,0,0,100,-10.3,70,17.7,0
2025-01-04T03:00:00Z,0,0,0,100,-10.8,72,17.1,0
2025-01-04T04:00:00Z,0,0,0,99,-11.1,74,16.9,0
2025-01-04T05:00:00Z,0,0,0,100,-11.4,73,17.1,0
2025-01-04T06:00:00Z,0,0,0,99,-11.7,72,17.3,0
2025-01-04T07:00:00Z,0,0,0,100,-12,70,17.7,0
2025-01-04T08:00:00Z,0,0,0,100,-12.3,70,17.5,0
2025-01-04T09:00:00Z,0,0,0,99,-12.7,70,17.8,0
2025-01-04T10:00:00Z,0,0,0,100,-12.7,67,17.4,0
2025-01-04T11:00:00Z,0,0,0,100,-12.7,69,17.4,0
2025-01-04T12:00:00Z,0,0,0,100,-12.6,69,17,0
2025-01-04T13:00:00Z,1,0,1,98,-12.5,68,16.2,0
2025-01-04T14:00:00Z,49,9,40,95,-12.3,70,17.2,0
2025-01-04T15:00:00Z,129,26,103,100,-11.8,69,17.4,0.1
2025-01-04T16:00:00Z,161,9,152,100,-11.3,68,17.3,0.1
2025-01-04T17:00:00Z,220,41,179,100,-10.9,69,16.6,0.1
2025-01-04T18:00:00Z,258,79,179,100,-10.3,68,16.6,0
2025-01-04T19:00:00Z,237,89,148,100,-9.9,70,17,0
2025-01-04T20:00:00Z,157,40,117,100,-9.5,69,16.8,0
2025-01-04T21:00:00Z,66,13,53,100,-9.4,71,15.2,0.1
2025-01-04T22:00:00Z,6,0,6,100,-8.9,74,11.2,0.1
2025-01-04T23:00:00Z,0,0,0,100,-8.8,77,9.1,0.1
2025-01-05T00:00:00Z,0,0,0,99,-8.7,78,12,0.1
2025-01-05T01:00:00Z,0,0,0,100,-8.9,80,13.6,0.1
2025-01-05T02:00:00Z,0,0,0,99,-9.1,78,13.6,0.1
2025-01-05T03:00:00Z,0,0,0,98,-9.3,76,12.3,0
2025-01-05T04:00:00Z,0,0,0,100,-9.5,73,10.8,0
2025-01-05T05:00:00Z,0,0,0,100,-9.8,73,11.1,0.1
2025-01-05T06:00:00Z,0,0,0,100,-10.3,71,8.9,0
2025-01-05T07:00:00Z,0,0,0,100,-10.9,70,11.3,0
2025-01-05T08:00:00Z,0,0,0,100,-11.3,68,12.9,0
2025-01-05T09:00:00Z,0,0,0,100,-11.7,67,13.6,0
2025-01-05T10:00:00Z,0,0,0,100,-11.5,68,11.8,0
2025-01-05T11:00:00Z,0,0,0,98,-12.2,64,12.5,0
2025-01-05T12:00:00Z,0,0,0,97,-12.7,62,13.1,0
2025-01-05T13:00:00Z,1,0,1,99,-13.1,62,13.6,0
2025-01-05T14:00:00Z,71,37,34,98,-13.4,62,14.5,0
2025-01-05T15:00:00Z,196,131,65,99,-13.4,64,13.7,0
2025-01-05T16:00:00Z,301,223,78,92,-13.1,63,13.1,0
2025-01-05T17:00:00Z,367,292,75,79,-12.7,62,12.2,0
2025-01-05T18:00:00Z,370,290,80,44,-12.1,60,12,0
2025-01-05T19:00:00Z,321,239,82,20,-11.7,60,12,0
2025-01-05T20:00:00Z,230,164,66,81,-11.5,60,12.4,0
2025-01-05T21:00:00Z,111,72,39,0,-11.5,61,11.3,0
2025-01-05T22:00:00Z,10,5,5,39,-11.9,62,8.2,0
2025-01-05T23:00:00Z,0,0,0,34,-12.4,65,6.6,0
2025-01-06T00:00:00Z,0,0,0,38,-12.6,65,6.2,0
2025-01-06T01:00:00Z,0,0,0,51,-12.5,65,5.9,0
2025-01-06T02:00:00Z,0,0,0,73,-12.6,67,6.1,0
2025-01-06T03:00:00Z,0,0,0,91,-13,68,7.2,0
2025-01-06T04:00:00Z,0,0,0,91,-13.3,70,7.2,0
2025-01-06T05:00:00Z,0,0,0,74,-13.7,71,7.7,0
2025-01-06T06:00:00Z,0,0,0,60,-14,74,7.6,0
2025-01-06T07:00:00Z,0,0,0,43,-14.2,76,6.1,0
2025-01-06T08:00:00Z,0,0,0,63,-14.5,77,5.4,0
2025-01-06T09:00:00Z,0,0,0,74,-14.8,78,5,0
2025-01-06T10:00:00Z,0,0,0,42,-14.7,77,6.9,0
2025-01-06T11:00:00Z,0,0,0,56,-14.8,78,7.2,0
2025-01-06T12:00:00Z,0,0,0,69,-14.8,79,7.9,0
2025-01-06T13:00:00Z,1,0,1,80,-14.7,79,9.3,0
2025-01-06T14:00:00Z,75,48,27,62,-13.8,77,12.5,0
2025-01-06T15:00:00Z,193,134,59,74,-12.6,73,10.7,0
2025-01-06T16:00:00Z,295,213,82,92,-11.7,68,10.5,0
2025-01-06T17:00:00Z,366,287,79,81,-10.8,64,12.5,0
2025-01-06T18:00:00Z,369,283,86,44,-10.3,64,14,0
2025-01-06T19:00:00Z,332,266,66,12,-10,63,14.1,0
2025-01-06T20:00:00Z,233,163,70,6,-9.9,63,14.5,0
2025-01-06T21:00:00Z,110,69,41,26,-9.8,64,14.4,0
2025-01-06T22:00:00Z,11,6,5,27,-10.1,67,10.8,0
2025-01-06T23:00:00Z,0,0,0,32,-10.2,68,13.3,0
2025-01-07T00:00:00Z,0,0,0,40,-10.2,69,16,0
2025-01-07T01:00:00Z,0,0,0,96,-10.2,70,17.3,0
2025-01-07T02:00:00Z,0,0,0,99,-10.3,70,17.3,0
2025-01-07T03:00:00Z,0,0,0,100,-10.1,71,17.1,0
2025-01-07T04:00:00Z,0,0,0,99,-10,73,17.3,0
2025-01-07T05:00:00Z,0,0,0,100,-9.8,75,18.1,0
2025-01-07T06:00:00Z,0,0,0,100,-9.5,75,19.3,0.1
2025-01-07T07:00:00Z,0,0,0,100,-9.5,75,20.1,0.1
2025-01-07T08:00:00Z,0,0,0,100,-9.4,74,21.1,0.1
2025-01-07T09:00:00Z,0,0,0,100,-9.3,72,22.2,0.1
2025-01-07T10:00:00Z,0,0,0,99,-9.6,72,19.8,0.1
2025-01-07T11:00:00Z,0,0,0,100,-9.6,72,23,0
2025-01-07T12:00:00Z,0,0,0,99,-9.7,71,23.2,0
2025-01-07T13:00:00Z,1,0,1,100,-9.7,71,23.4,0
2025-01-07T14:00:00Z,52,6,46,100,-9.4,69,20.2,0
2025-01-07T15:00:00Z,133,27,106,100,-8.7,67,28.4,0
2025-01-07T16:00:00Z,225,84,141,100,-8,64,26.9,0
2025-01-07T17:00:00Z,295,145,150,100,-7.3,61,26.5,0
2025-01-07T18:00:00Z,285,118,167,99,-6.9,58,25.5,0
2025-01-07T19:00:00Z,236,79,157,97,-6.8,57,25.2,0
2025-01-07T20:00:00Z,150,41,109,94,-6.9,58,24.3,0
2025-01-07T21:00:00Z,72,13,59,99,-7.2,58,22.8,0
2025-01-07T22:00:00Z,8,2,6,97,-7.9,63,19.5,0
2025-01-07T23:00:00Z,0,0,0,86,-8.7,65,19.5,0
2025-01-08T00:00:00Z,0,0,0,88,-9.1,65,19.8,0
2025-01-08T01:00:00Z,0,0,0,98,-9.6,66,20.5,0
2025-01-08T02:00:00Z,0,0,0,100,-10.2,68,20.9,0
2025-01-08T03:00:00Z,0,0,0,100,-10.9,70,21.1,0
2025-01-08T04:00:00Z,0,0,0,100,-11.4,70,21.4,0
2025-01-08T05:00:00Z,0,0,0,100,-12.2,71,20.9,0
2025-01-08T06:00:00Z,0,0,0,100,-13,69,20.8,0
2025-01-08T07:00:00Z,0,0,0,100,-13.5,69,20.3,0
2025-01-08T08:00:00Z,0,0,0,98,-14,69,18.8,0
2025-01-08T09:00:00Z,0,0,0,98,-14.5,70,17.7,0
2025-01-08T10:00:00Z,0,0,0,99,-14.6,69,16.3,0
2025-01-08T11:00:00Z,0,0,0,100,-14.8,69,17.2,0
2025-01-08T12:00:00Z,0,0,0,98,-15,69,17.3,0
2025-01-08T13:00:00Z,1,0,1,100,-15.1,69,17.7,0
2025-01-08T14:00:00Z,52,7,45,100,-15,69,22,0
2025-01-08T15:00:00Z,108,5,103,100,-14.5,67,21.1,0
2025-01-08T16:00:00Z,196,38,158,100,-13.9,68,21.6,0
2025-01-08T17:00:00Z,228,54,174,100,-13.2,66,21.7,0
2025-01-08T18:00:00Z,261,74,187,100,-12.4,66,22.4,0
2025-01-08T19:00:00Z,249,90,159,99,-11.6,64,23.2,0
2025-01-08T20:00:00Z,173,56,117,99,-11.4,66,22.7,0
2025-01-08T21:00:00Z,84,22,62,95,-11.1,67,23.1,0
2025-01-08T22:00:00Z,9,1,8,93,-11,69,18.3,0
2025-01-08T23:00:00Z,0,0,0,99,-10.9,69,20.9,0.1
2025-01-09T00:00:00Z,0,0,0,100,-11,69,22.7,0.1
2025-01-09T01:00:00Z,0,0,0,100,-11.2,70,23.5,0.1
2025-01-09T02:00:00Z,0,0,0,100,-11.5,70,23,0.1
2025-01-09T03:00:00Z,0,0,0,100,-11.8,70,21.4,0
2025-01-09T04:00:00Z,0,0,0,100,-12.2,69,21.2,0
2025-01-09T05:00:00Z,0,0,0,100,-12.6,68,21.6,0
2025-01-09T06:00:00Z,0,0,0,100,-12.9,69,20.3,0.1
2025-01-09T07:00:00Z,0,0,0,100,-13.1,69,22.4,0
2025-01-09T08:00:00Z,0,0,0,100,-13,70,21.9,0.1
2025-01-09T09:00:00Z,0,0,0,100,-12.9,70,21.3,0
2025-01-09T10:00:00Z,0,0,0,98,-12.8,70,19.6,0
2025-01-09T11:00:00Z,0,0,0,99,-12.7,70,21.3,0
2025-01-09T12:00:00Z,0,0,0,99,-12.7,70,21.6,0
2025-01-09T13:00:00Z,1,0,1,100,-12.7,70,22.1,0
2025-01-09T14:00:00Z,45,10,35,100,-12.4,71,19.5,0
2025-01-09T15:00:00Z,142,50,92,99,-11.2,67,22.4,0
2025-01-09T16:00:00Z,237,118,119,80,-9.9,64,25.2,0
2025-01-09T17:00:00Z,292,145,147,67,-8.5,63,25.4,0
2025-01-09T18:00:00Z,316,176,140,69,-7.5,61,25.7,0
2025-01-09T19:00:00Z,264,139,125,79,-6.7,60,25.6,0
2025-01-09T20:00:00Z,201,105,96,79,-6.7,61,23.8,0
2025-01-09T21:00:00Z,91,34,57,87,-6.7,62,21,0
2025-01-09T22:00:00Z,11,4,7,80,-7,64,16.7,0
2025-01-09T23:00:00Z,0,0,0,83,-7,64,19,0
2025-01-10T00:00:00Z,0,0,0,96,-7.3,66,19.9,0
2025-01-10T01:00:00Z,0,0,0,95,-7.6,66,19.2,0
2025-01-10T02:00:00Z,0,0,0,87,-7.8,67,17.6,0
2025-01-10T03:00:00Z,0,0,0,86,-8.1,67,16.2,0
2025-01-10T04:00:00Z,0,0,0,89,-9.1,70,16.4,0
2025-01-10T05:00:00Z,0,0,0,96,-9.7,71,16.4,0
2025-01-10T06:00:00Z,0,0,0,89,-10.1,71,16,0
2025-01-10T07:00:00Z,0,0,0,84,-10.7,72,15.1,0
2025-01-10T08:00:00Z,0,0,0,79,-11.2,73,14.3,0
2025-01-10T09:00:00Z,0,0,0,75,-11.8,75,13.4,0
2025-01-10T10:00:00Z,0,0,0,52,-12.1,74,15,0
2025-01-10T11:00:00Z,0,0,0,46,-12.4,73,13.9,0
2025-01-10T12:00:00Z,0,0,0,27,-12.9,73,11.7,0
2025-01-10T13:00:00Z,2,0,2,15,-13.1,71,12.4,0
2025-01-10T14:00:00Z,73,42,31,11,-12.4,65,11.5,0
2025-01-10T15:00:00Z,193,124,69,0,-10.4,57,11.3,0
2025-01-10T16:00:00Z,314,242,72,0,-9.1,52,9,0
2025-01-10T17:00:00Z,383,313,70,0,-7.4,47,8.4,0
2025-01-10T18:00:00Z,394,326,68,9,-6,43,10,0
2025-01-10T19:00:00Z,350,283,67,52,-5.2,42,9.3,0
2025-01-10T20:00:00Z,255,196,59,31,-4.7,42,6.6,0
2025-01-10T21:00:00Z,127,84,43,100,-4.9,42,4.1,0
2025-01-10T22:00:00Z,14,4,10,100,-6,42,7.4,0
2025-01-10T23:00:00Z,0,0,0,100,-6.3,43,9,0
2025-01-11T00:00:00Z,0,0,0,100,-6.4,44,6.4,0
2025-01-11T01:00:00Z,0,0,0,100,-6.8,47,7.6,0
2025-01-11T02:00:00Z,0,0,0,100,-7.1,49,7.1,0
2025-01-11T03:00:00Z,0,0,0,100,-7,52,5.6,0
2025-01-11T04:00:00Z,0,0,0,100,-7.1,53,3.3,0
2025-01-11T05:00:00Z,0,0,0,100,-7.2,56,3.1,0
2025-01-11T06:00:00Z,0,0,0,100,-7.3,57,2.4,0.1
2025-01-11T07:00:00Z,0,0,0,100,-7.2,59,3.1,0.1
2025-01-11T08:00:00Z,0,0,0,100,-7.4,64,4.3,0.1
2025-01-11T09:00:00Z,0,0,0,100,-7.2,66,4.7,0.1
2025-01-11T10:00:00Z,0,0,0,100,-7.2,70,5.1,0.1
2025-01-11T11:00:00Z,0,0,0,100,-7.3,72,4.9,0.1
2025-01-11T12:00:00Z,0,0,0,100,-7.3,74,5.4,0.1
2025-01-11T13:00:00Z,1,0,1,100,-7.5,75,4.8,0.1
2025-01-11T14:00:00Z,25,0,25,100,-7.3,74,4.8,0.1
2025-01-11T15:00:00Z,90,4,86,100,-6.8,73,5.6,0
2025-01-11T16:00:00Z,169,10,159,100,-5.9,71,6.2,0
2025-01-11T17:00:00Z,210,19,191,100,-5.1,68,6.9,0
2025-01-11T18:00:00Z,263,74,189,100,-4.3,66,8.3,0
2025-01-11T19:00:00Z,269,114,155,85,-3.8,64,10.1,0
2025-01-11T20:00:00Z,205,95,110,80,-3.6,65,10.9,0
2025-01-11T21:00:00Z,101,33,68,87,-3.7,66,9.1,0
2025-01-11T22:00:00Z,15,6,9,25,-4.9,70,8,0
2025-01-11T23:00:00Z,0,0,0,12,-5.8,74,8.8,0
2025-01-12T00:00:00Z,0,0,0,8,-6.2,76,10.4,0
2025-01-12T01:00:00Z,0,0,0,10,-6.4,77,10.8,0
2025-01-12T02:00:00Z,0,0,0,11,-6.2,78,9.9,0
2025-01-12T03:00:00Z,0,0,0,15,-6.1,79,8.9,0
2025-01-12T04:00:00Z,0,0,0,25,-6.2,80,8.7,0
2025-01-12T05:00:00Z,0,0,0,15,-6,80,8.9,0
2025-01-12T06:00:00Z,0,0,0,3,-5.9,80,8.4,0
2025-01-12T07:00:00Z,0,0,0,5,-6.5,82,7.8,0
2025-01-12T08:00:00Z,0,0,0,5,-7.2,84,7.4,0
2025-01-12T09:00:00Z,0,0,0,4,-7.7,86,8.1,0
2025-01-12T10:00:00Z,0,0,0,10,-8,85,8.3,0
2025-01-12T11:00:00Z,0,0,0,22,-8.6,86,8.9,0
2025-01-12T12:00:00Z,0,0,0,33,-9,86,8.6,0
2025-01-12T13:00:00Z,2,1,1,36,-9.2,86,8.3,0
2025-01-12T14:00:00Z,70,39,31,43,-7.2,81,5.1,0
2025-01-12T15:00:00Z,191,122,69,84,-6,77,4.9,0
2025-01-12T16:00:00Z,296,209,87,98,-5.3,75,4.4,0
2025-01-12T17:00:00Z,353,244,109,94,-4.4,73,4.4,0
2025-01-12T18:00:00Z,361,240,121,86,-2.9,67,4.5,0
2025-01-12T19:00:00Z,301,164,137,59,-2.4,65,4,0
2025-01-12T20:00:00Z,205,121,84,77,-2.2,64,4.7,0
2025-01-12T21:00:00Z,74,25,49,87,-2.2,69,3.7,0
2025-01-12T22:00:00Z,8,1,7,97,-2.3,67,0.4,0
2025-01-12T23:00:00Z,0,0,0,98,-2.6,69,2.7,0
2025-01-13T00:00:00Z,0,0,0,99,-2.7,72,3.9,0
2025-01-13T01:00:00Z,0,0,0,100,-3,75,4.2,0
2025-01-13T02:00:00Z,0,0,0,100,-2.9,77,4,0.1
2025-01-13T03:00:00Z,0,0,0,99,-3.2,80,4.7,0.2
2025-01-13T04:00:00Z,0,0,0,97,-3.4,83,5.8,0.2
2025-01-13T05:00:00Z,0,0,0,100,-3.5,87,6,0.1
2025-01-13T06:00:00Z,0,0,0,100,-3.5,89,7.1,0.2
2025-01-13T07:00:00Z,0,0,0,100,-3.5,90,7.9,0.2
2025-01-13T08:00:00Z,0,0,0,98,-3.5,92,8.3,0.3
2025-01-13T09:00:00Z,0,0,0,100,-3.5,93,8.7,0.3
2025-01-13T10:00:00Z,0,0,0,99,-3.8,93,8.2,0.2
2025-01-13T11:00:00Z,0,0,0,98,-3.8,94,8.7,0.2
2025-01-13T12:00:00Z,0,0,0,97,-3.9,94,8.8,0.2
2025-01-13T13:00:00Z,1,0,1,100,-3.8,93,8.9,0.2
2025-01-13T14:00:00Z,31,2,29,100,-3.5,92,9.6,0.2
2025-01-13T15:00:00Z,61,2,59,99,-3.1,93,10,0.3
2025-01-13T16:00:00Z,75,4,71,98,-3,94,10.8,0.4
2025-01-13T17:00:00Z,114,0,114,86,-2.6,94,10.4,0.5
2025-01-13T18:00:00Z,113,4,109,93,-2.1,95,10.2,0.4
2025-01-13T19:00:00Z,226,105,121,90,-1.1,93,8.9,0.6
2025-01-13T20:00:00Z,128,35,93,80,-0.4,92,5.1,0.3
2025-01-13T21:00:00Z,96,39,57,84,-1.1,93,6.1,0.3
2025-01-13T22:00:00Z,12,2,10,87,-1.3,92,11.1,0.3
2025-01-13T23:00:00Z,0,0,0,84,-1.3,89,13.4,0.1
2025-01-14T00:00:00Z,0,0,0,71,-1.5,88,14.4,0
2025-01-14T01:00:00Z,0,0,0,68,-1.9,86,16.2,0.1
2025-01-14T02:00:00Z,0,0,0,86,-2,83,17.5,0
2025-01-14T03:00:00Z,0,0,0,98,-2,80,17.6,0
2025-01-14T04:00:00Z,0,0,0,93,-2,75,17.5,0
2025-01-14T05:00:00Z,0,0,0,91,-2.4,72,16.8,0
2025-01-14T06:00:00Z,0,0,0,89,-2.8,70,16,0
2025-01-14T07:00:00Z,0,0,0,87,-3.5,71,16,0
2025-01-14T08:00:00Z,0,0,0,86,-4.2,72,16,0
2025-01-14T09:00:00Z,0,0,0,86,-4.6,72,16.7,0
2025-01-14T10:00:00Z,0,0,0,87,-4.7,73,14.5,0
2025-01-14T11:00:00Z,0,0,0,94,-5,72,15.3,0
2025-01-14T12:00:00Z,0,0,0,59,-5.3,73,15.9,0
2025-01-14T13:00:00Z,2,0,2,66,-5.6,74,15.7,0
2025-01-14T14:00:00Z,62,22,40,95,-5.4,74,16.5,0.1
2025-01-14T15:00:00Z,152,44,108,99,-5.1,72,18.6,0.1
2025-01-14T16:00:00Z,222,58,164,100,-4.7,70,23.3,0.1
2025-01-14T17:00:00Z,214,26,188,100,-4.5,72,21.3,0.1
2025-01-14T18:00:00Z,243,38,205,100,-4,70,19.9,0.1
2025-01-14T19:00:00Z,172,12,160,100,-4,70,18.5,0.1
2025-01-14T20:00:00Z,121,4,117,100,-4.2,71,15.4,0.1
2025-01-14T21:00:00Z,71,1,70,99,-4.5,75,13.6,0.1
2025-01-14T22:00:00Z,13,1,12,100,-4.9,78,12.6,0
2025-01-14T23:00:00Z,0,0,0,100,-5.4,80,14.4,0
2025-01-15T00:00:00Z,0,0,0,99,-5.8,80,16,0
2025-01-15T01:00:00Z,0,0,0,100,-6.5,78,16.4,0
2025-01-15T02:00:00Z,0,0,0,100,-7.3,78,15.9,0
2025-01-15T03:00:00Z,0,0,0,88,-8.1,78,15.5,0
2025-01-15T04:00:00Z,0,0,0,88,-8.7,78,15.8,0
2025-01-15T05:00:00Z,0,0,0,100,-9.2,79,15.9,0
2025-01-15T06:00:00Z,0,0,0,100,-9.4,77,15.9,0
2025-01-15T07:00:00Z,0,0,0,100,-9.3,75,15.7,0
2025-01-15T08:00:00Z,0,0,0,100,-9.4,74,15.4,0
2025-01-15T09:00:00Z,0,0,0,98,-9.3,74,15.1,0
2025-01-15T10:00:00Z,0,0,0,100,-9,74,13.1,0
2025-01-15T11:00:00Z,0,0,0,100,-9.2,74,12.8,0
2025-01-15T12:00:00Z,0,0,0,100,-9.1,74,13,0
2025-01-15T13:00:00Z,2,0,2,100,-9.2,74,13.5,0
2025-01-15T14:00:00Z,58,8,50,100,-8.9,73,12.7,0
2025-01-15T15:00:00Z,161,56,105,99,-8.2,69,16.3,0
2025-01-15T16:00:00Z,212,54,158,100,-7.7,67,14.8,0
2025-01-15T17:00:00Z,272,76,196,100,-7,65,14.2,0
2025-01-15T18:00:00Z,290,91,199,100,-6.5,64,14,0
2025-01-15T19:00:00Z,320,175,145,74,-6.2,63,14.1,0
2025-01-15T20:00:00Z,251,151,100,60,-6.1,62,14,0
2025-01-15T21:00:00Z,128,68,60,26,-6.4,62,10.3,0
2025-01-15T22:00:00Z,22,11,11,27,-8.9,71,8.2,0
2025-01-15T23:00:00Z,0,0,0,3,-9.9,72,9.6,0
2025-01-16T00:00:00Z,0,0,0,2,-9.4,71,7.7,0
2025-01-16T01:00:00Z,0,0,0,1,-9,74,7.7,0
2025-01-16T02:00:00Z,0,0,0,3,-9.7,78,9.7,0
2025-01-16T03:00:00Z,0,0,0,24,-9.9,79,11.4,0
2025-01-16T04:00:00Z,0,0,0,71,-10.7,81,12,0
2025-01-16T05:00:00Z,0,0,0,97,-9.6,79,10.6,0
2025-01-16T06:00:00Z,0,0,0,100,-9.2,78,9.9,0
2025-01-16T07:00:00Z,0,0,0,55,-9.9,77,11.4,0
2025-01-16T08:00:00Z,0,0,0,91,-10.2,79,12.5,0
2025-01-16T09:00:00Z,0,0,0,99,-11.4,82,11.9,0
2025-01-16T10:00:00Z,0,0,0,99,-8.8,81,10.9,0
2025-01-16T11:00:00Z,0,0,0,100,-7.7,81,9.9,0
2025-01-16T12:00:00Z,0,0,0,100,-7.6,82,11.4,0
2025-01-16T13:00:00Z,3,0,3,100,-8.1,82,10.7,0
2025-01-16T14:00:00Z,73,23,50,98,-7.7,82,8.5,0
2025-01-16T15:00:00Z,164,48,116,98,-6.7,81,7.9,0
2025-01-16T16:00:00Z,179,34,145,99,-5.8,80,9.3,0
2025-01-16T17:00:00Z,186,27,159,99,-4.8,82,11.6,0.1
2025-01-16T18:00:00Z,195,5,190,96,-3.9,80,13.4,0.1
2025-01-16T19:00:00Z,174,11,163,99,-3.2,73,13.9,0.1
2025-01-16T20:00:00Z,119,4,115,99,-3,71,11.9,0.1
2025-01-16T21:00:00Z,96,25,71,90,-3.2,75,10.5,0
2025-01-16T22:00:00Z,16,2,14,93,-4.3,78,9.7,0
2025-01-16T23:00:00Z,0,0,0,98,-5.4,82,9.7,0
2025-01-17T00:00:00Z,0,0,0,99,-6,85,9.6,0
2025-01-17T01:00:00Z,0,0,0,96,-6,86,9.3,0
2025-01-17T02:00:00Z,0,0,0,96,-6.2,88,9.2,0
2025-01-17T03:00:00Z,0,0,0,95,-7.4,90,8.7,0
2025-01-17T04:00:00Z,0,0,0,96,-8,90,7.8,0
2025-01-17T05:00:00Z,0,0,0,89,-8.8,91,6.6,0
2025-01-17T06:00:00Z,0,0,0,34,-6.9,92,7.8,0
2025-01-17T07:00:00Z,0,0,0,7,-6.6,93,8.9,0
2025-01-17T08:00:00Z,0,0,0,17,-7.1,95,9,0
2025-01-17T09:00:00Z,0,0,0,25,-7.3,97,9.2,0
2025-01-17T10:00:00Z,0,0,0,56,-7.4,95,7.8,0
2025-01-17T11:00:00Z,0,0,0,70,-8.6,94,8.5,0
2025-01-17T12:00:00Z,0,0,0,80,-7.3,91,8.3,0
2025-01-17T13:00:00Z,2,0,2,82,-7.2,91,6.6,0
2025-01-17T14:00:00Z,61,16,45,100,-6.3,87,5.3,0
2025-01-17T15:00:00Z,134,26,108,97,-4.7,83,3.5,0
2025-01-17T16:00:00Z,248,108,140,46,-3.2,76,3.6,0
2025-01-17T17:00:00Z,312,163,149,45,-2.4,74,6.3,0
2025-01-17T18:00:00Z,293,101,192,94,-1.8,73,6.5,0
2025-01-17T19:00:00Z,318,189,129,100,-1.5,73,7.7,0
2025-01-17T20:00:00Z,178,66,112,100,-1.6,73,10.1,0
2025-01-17T21:00:00Z,69,4,65,100,-1.5,74,9.4,0
2025-01-17T22:00:00Z,12,0,12,100,-1.4,76,10.8,0
2025-01-17T23:00:00Z,0,0,0,100,-1.5,77,13.1,0
2025-01-18T00:00:00Z,0,0,0,100,-0.9,76,14,0
2025-01-18T01:00:00Z,0,0,0,100,-0.7,77,15.2,0
2025-01-18T02:00:00Z,0,0,0,100,-0.6,79,15.5,0
2025-01-18T03:00:00Z,0,0,0,100,-0.3,80,16.7,0
2025-01-18T04:00:00Z,0,0,0,97,0.1,78,17.9,0
2025-01-18T05:00:00Z,0,0,0,100,0.3,75,18.4,0
2025-01-18T06:00:00Z,0,0,0,98,0.4,73,18.8,0
2025-01-18T07:00:00Z,0,0,0,97,0.6,71,18.6,0
2025-01-18T08:00:00Z,0,0,0,96,0.6,70,18.2,0
2025-01-18T09:00:00Z,0,0,0,97,0.5,70,18,0
2025-01-18T10:00:00Z,0,0,0,100,0.7,68,17.1,0
2025-01-18T11:00:00Z,0,0,0,100,0.9,67,17,0
2025-01-18T12:00:00Z,0,0,0,100,1.4,66,17.7,0
2025-01-18T13:00:00Z,1,0,1,100,1.6,66,18.3,0
2025-01-18T14:00:00Z,20,0,20,100,1.8,68,18.8,0.1
2025-01-18T15:00:00Z,53,0,53,100,1.8,75,18.7,0.2
2025-01-18T16:00:00Z,61,0,61,100,1.5,83,18.6,0.5
2025-01-18T17:00:00Z,59,0,59,100,1.5,87,17.4,0.7
2025-01-18T18:00:00Z,60,0,60,100,1.7,88,18.2,0.7
2025-01-18T19:00:00Z,67,0,67,100,1.8,90,18.5,0.7
2025-01-18T20:00:00Z,44,0,44,100,1.6,95,16.2,0.8
2025-01-18T21:00:00Z,27,0,27,100,1.1,98,13.4,0.8
2025-01-18T22:00:00Z,5,0,5,100,0.5,98,10.6,0.5
2025-01-18T23:00:00Z,0,0,0,100,0.6,98,11.8,0.4
2025-01-19T00:00:00Z,0,0,0,100,0.7,90,17.6,0.2
2025-01-19T01:00:00Z,0,0,0,100,-0.6,80,18.5,0.1
2025-01-19T02:00:00Z,0,0,0,100,-2.4,77,18.4,0
2025-01-19T03:00:00Z,0,0,0,97,-4.4,73,19,0
2025-01-19T04:00:00Z,0,0,0,98,-6.2,73,18.9,0
2025-01-19T05:00:00Z,0,0,0,99,-8,74,18.3,0
2025-01-19T06:00:00Z,0,0,0,98,-9.5,76,16.6,0
2025-01-19T07:00:00Z,0,0,0,100,-10.8,76,15.6,0
2025-01-19T08:00:00Z,0,0,0,99,-11.7,76,15.4,0
2025-01-19T09:00:00Z,0,0,0,100,-12.4,76,14.6,0
2025-01-19T10:00:00Z,0,0,0,100,-13,75,14.8,0
2025-01-19T11:00:00Z,0,0,0,97,-13.6,76,13.9,0
2025-01-19T12:00:00Z,0,0,0,99,-14.2,79,12.4,0
2025-01-19T13:00:00Z,4,2,2,98,-14.9,78,10.9,0
2025-01-19T14:00:00Z,87,39,48,96,-14.7,75,10.2,0
2025-01-19T15:00:00Z,207,108,99,100,-13.7,72,9.6,0
2025-01-19T16:00:00Z,309,181,128,97,-13,68,9.3,0
2025-01-19T17:00:00Z,324,134,190,100,-12.3,65,10.2,0
2025-01-19T18:00:00Z,328,113,215,100,-11.9,63,8.7,0
2025-01-19T19:00:00Z,265,62,203,100,-11.5,61,10.8,0
2025-01-19T20:00:00Z,183,21,162,100,-11.5,62,12,0
2025-01-19T21:00:00Z,95,5,90,100,-11.4,62,11.4,0
2025-01-19T22:00:00Z,18,0,18,100,-12,63,8.3,0
2025-01-19T23:00:00Z,0,0,0,100,-12.3,66,7.6,0
2025-01-20T00:00:00Z,0,0,0,100,-12.5,68,5.8,0
2025-01-20T01:00:00Z,0,0,0,100,-12.7,69,6.3,0
2025-01-20T02:00:00Z,0,0,0,100,-12.9,69,9.4,0
2025-01-20T03:00:00Z,0,0,0,99,-13.2,69,9.7,0
2025-01-20T04:00:00Z,0,0,0,100,-13.5,69,9.2,0
2025-01-20T05:00:00Z,0,0,0,99,-14.2,70,9.3,0
2025-01-20T06:00:00Z,0,0,0,100,-14.5,71,10.1,0
2025-01-20T07:00:00Z,0,0,0,100,-15,72,11.2,0
2025-01-20T08:00:00Z,0,0,0,95,-15.7,73,11.2,0
2025-01-20T09:00:00Z,0,0,0,55,-16.5,74,10.9,0
2025-01-20T10:00:00Z,0,0,0,46,-18,74,10.2,0
2025-01-20T11:00:00Z,0,0,0,40,-18.9,75,10.2,0
2025-01-20T12:00:00Z,0,0,0,36,-19.5,74,9.9,0
2025-01-20T13:00:00Z,5,2,3,0,-20.2,74,10.1,0
2025-01-20T14:00:00Z,105,72,33,17,-19.4,69,10.6,0
2025-01-20T15:00:00Z,250,190,60,46,-18.1,65,9.7,0
2025-01-20T16:00:00Z,370,303,67,26,-16.9,58,10.1,0
2025-01-20T17:00:00Z,439,366,73,8,-16,53,11.4,0
2025-01-20T18:00:00Z,453,378,75,10,-15.1,49,11.1,0
2025-01-20T19:00:00Z,409,337,72,12,-14.4,47,10.5,0
2025-01-20T20:00:00Z,311,244,67,31,-14.2,48,8.9,0
2025-01-20T21:00:00Z,175,128,47,21,-14.9,50,5.7,0
2025-01-20T22:00:00Z,35,20,15,51,-15.2,52,3.7,0
2025-01-20T23:00:00Z,0,0,0,86,-15.7,54,2.3,0
2025-01-21T00:00:00Z,0,0,0,61,-16.3,59,4.9,0
2025-01-21T01:00:00Z,0,0,0,88,-18.6,65,8,0
2025-01-21T02:00:00Z,0,0,0,95,-18.4,66,9.2,0
2025-01-21T03:00:00Z,0,0,0,94,-18.3,67,10.3,0
2025-01-21T04:00:00Z,0,0,0,74,-18.4,66,8.1,0
2025-01-21T05:00:00Z,0,0,0,57,-18,65,7.2,0
2025-01-21T06:00:00Z,0,0,0,50,-17.1,65,10.4,0
2025-01-21T07:00:00Z,0,0,0,65,-17.2,68,10.9,0
2025-01-21T08:00:00Z,0,0,0,83,-17.8,72,10.8,0
2025-01-21T09:00:00Z,0,0,0,83,-18.5,76,9.2,0
2025-01-21T10:00:00Z,0,0,0,53,-18,76,8,0
2025-01-21T11:00:00Z,0,0,0,50,-18.1,78,7.3,0
2025-01-21T12:00:00Z,0,0,0,51,-18.9,80,6.9,0
2025-01-21T13:00:00Z,4,1,3,61,-19.5,83,6.3,0
2025-01-21T14:00:00Z,90,43,47,63,-18.2,77,4.2,0
2025-01-21T15:00:00Z,199,115,84,62,-15.8,71,4.2,0
2025-01-21T16:00:00Z,342,232,110,75,-13.9,68,6.1,0
2025-01-21T17:00:00Z,383,278,105,88,-12.4,60,8.8,0
2025-01-21T18:00:00Z,399,285,114,95,-11.6,56,9.4,0
2025-01-21T19:00:00Z,360,230,130,90,-11,51,9.2,0
2025-01-21T20:00:00Z,270,175,95,74,-11,46,8.8,0
2025-01-21T21:00:00Z,154,87,67,73,-11,44,7.7,0
2025-01-21T22:00:00Z,31,14,17,92,-11.1,52,7.1,0
2025-01-21T23:00:00Z,0,0,0,89,-12.6,55,6.2,0
2025-01-22T00:00:00Z,0,0,0,83,-13.7,60,7.6,0
2025-01-22T01:00:00Z,0,0,0,35,-15.1,64,9.9,0
2025-01-22T02:00:00Z,0,0,0,25,-17.1,67,10.9,0
2025-01-22T03:00:00Z,0,0,0,29,-17,67,11.6,0
2025-01-22T04:00:00Z,0,0,0,30,-17.6,67,11.1,0
2025-01-22T05:00:00Z,0,0,0,24,-18.4,65,9.7,0
2025-01-22T06:00:00Z,0,0,0,6,-18.2,64,10.7,0
2025-01-22T07:00:00Z,0,0,0,0,-18.5,63,11.8,0
2025-01-22T08:00:00Z,0,0,0,0,-18.8,63,12.4,0
2025-01-22T09:00:00Z,0,0,0,0,-18.4,63,11.6,0
2025-01-22T10:00:00Z,0,0,0,0,-20.9,71,9.2,0
2025-01-22T11:00:00Z,0,0,0,0,-20.5,69,8,0
2025-01-22T12:00:00Z,0,0,0,0,-20.8,71,7.7,0
2025-01-22T13:00:00Z,6,3,3,0,-20.7,72,7.4,0
2025-01-22T14:00:00Z,108,74,34,0,-18.4,68,5.8,0
2025-01-22T15:00:00Z,254,199,55,0,-16.5,67,6.2,0
2025-01-22T16:00:00Z,368,299,69,0,-13.9,61,8.3,0
2025-01-22T17:00:00Z,436,362,74,12,-12.3,58,10.7,0
2025-01-22T18:00:00Z,450,374,76,29,-10.9,51,14.3,0
2025-01-22T19:00:00Z,402,324,78,86,-9.9,43,14.9,0
2025-01-22T20:00:00Z,309,239,70,83,-9.7,41,14.7,0
2025-01-22T21:00:00Z,173,116,57,99,-9.7,41,14.6,0
2025-01-22T22:00:00Z,34,11,23,100,-10.3,49,9,0
2025-01-22T23:00:00Z,0,0,0,98,-10.7,53,10,0
2025-01-23T00:00:00Z,0,0,0,100,-10.6,57,12.1,0
2025-01-23T01:00:00Z,0,0,0,98,-10.7,61,13.4,0
2025-01-23T02:00:00Z,0,0,0,97,-10.5,64,14.4,0.1
2025-01-23T03:00:00Z,0,0,0,99,-10.4,64,14.5,0.1
2025-01-23T04:00:00Z,0,0,0,99,-10.3,62,13.9,0.2
2025-01-23T05:00:00Z,0,0,0,98,-10.3,63,12.4,0.2
2025-01-23T06:00:00Z,0,0,0,99,-10.3,64,11.9,0.2
2025-01-23T07:00:00Z,0,0,0,99,-10.2,65,11.2,0.1
2025-01-23T08:00:00Z,0,0,0,98,-10.1,67,11,0.1
2025-01-23T09:00:00Z,0,0,0,99,-9.8,71,10.9,0.1
2025-01-23T10:00:00Z,0,0,0,99,-9.5,77,9.7,0.2
2025-01-23T11:00:00Z,0,0,0,100,-9.5,78,10.4,0.2
2025-01-23T12:00:00Z,0,0,0,100,-9.5,79,10.7,0.2
2025-01-23T13:00:00Z,3,0,3,100,-9.6,77,11.4,0.3
2025-01-23T14:00:00Z,39,1,38,100,-9.5,77,12,0.3
2025-01-23T15:00:00Z,100,1,99,100,-9.1,80,13.3,0.2
2025-01-23T16:00:00Z,156,8,148,100,-8.4,81,13.7,0.2
2025-01-23T17:00:00Z,199,10,189,100,-7.6,80,14.3,0.2
2025-01-23T18:00:00Z,206,10,196,99,-6.7,80,13.8,0.2
2025-01-23T19:00:00Z,174,15,159,100,-6.1,80,13.8,0.2
2025-01-23T20:00:00Z,160,11,149,99,-5.4,78,12.1,0.1
2025-01-23T21:00:00Z,81,0,81,99,-5.2,78,9.1,0.1
2025-01-23T22:00:00Z,25,4,21,98,-6.1,82,8.5,0.1
2025-01-23T23:00:00Z,0,0,0,99,-6.8,84,8.1,0
2025-01-24T00:00:00Z,0,0,0,41,-7.5,85,7.9,0
2025-01-24T01:00:00Z,0,0,0,2,-9.1,86,7.5,0
2025-01-24T02:00:00Z,0,0,0,5,-10.1,86,9.1,0
2025-01-24T03:00:00Z,0,0,0,21,-10.4,85,9.1,0
2025-01-24T04:00:00Z,0,0,0,38,-10.9,85,10.7,0
2025-01-24T05:00:00Z,0,0,0,27,-11.6,83,11.3,0
2025-01-24T06:00:00Z,0,0,0,17,-12.8,82,10.9,0
2025-01-24T07:00:00Z,0,0,0,0,-13.7,81,10.5,0
2025-01-24T08:00:00Z,0,0,0,0,-15.2,82,9.7,0
2025-01-24T09:00:00Z,0,0,0,4,-15.9,81,9.1,0
2025-01-24T10:00:00Z,0,0,0,9,-18.3,82,9.3,0
2025-01-24T11:00:00Z,0,0,0,18,-19.2,82,8.8,0
2025-01-24T12:00:00Z,0,0,0,34,-19.5,82,8.1,0
2025-01-24T13:00:00Z,6,2,4,56,-19.5,82,7.7,0
2025-01-24T14:00:00Z,91,44,47,73,-16.9,79,8.4,0
2025-01-24T15:00:00Z,221,117,104,100,-14.8,76,7.1,0
2025-01-24T16:00:00Z,321,178,143,54,-13.2,71,6.7,0
2025-01-24T17:00:00Z,429,314,115,44,-11.6,65,7.9,0
2025-01-24T18:00:00Z,454,354,100,30,-10.6,58,9.6,0
2025-01-24T19:00:00Z,421,347,74,24,-10,56,9,0
2025-01-24T20:00:00Z,326,259,67,0,-9.7,55,8,0
2025-01-24T21:00:00Z,190,140,50,54,-10.6,57,6.9,0
2025-01-24T22:00:00Z,44,27,17,0,-13.2,62,9,0
2025-01-24T23:00:00Z,0,0,0,0,-13.7,66,8.8,0
2025-01-25T00:00:00Z,0,0,0,0,-14.5,70,7.5,0
2025-01-25T01:00:00Z,0,0,0,0,-15.4,73,7,0
2025-01-25T02:00:00Z,0,0,0,0,-16.3,77,5.2,0
2025-01-25T03:00:00Z,0,0,0,0,-17.1,81,2.9,0
2025-01-25T04:00:00Z,0,0,0,0,-18.1,83,2,0
2025-01-25T05:00:00Z,0,0,0,60,-18.5,84,2.8,0
2025-01-25T06:00:00Z,0,0,0,60,-18.4,83,4.3,0
2025-01-25T07:00:00Z,0,0,0,57,-17.6,82,5.2,0
2025-01-25T08:00:00Z,0,0,0,51,-18.1,85,5.6,0
2025-01-25T09:00:00Z,0,0,0,59,-18,85,4.8,0
2025-01-25T10:00:00Z,0,0,0,12,-17.3,83,2.7,0
2025-01-25T11:00:00Z,0,0,0,15,-16.8,79,1.7,0
2025-01-25T12:00:00Z,0,0,0,2,-16.6,78,5.4,0
2025-01-25T13:00:00Z,7,3,4,6,-16.8,81,9.1,0
2025-01-25T14:00:00Z,112,72,40,66,-15.9,83,7.3,0
2025-01-25T15:00:00Z,261,198,63,4,-13,78,7.1,0
2025-01-25T16:00:00Z,376,295,81,46,-10.6,71,8.8,0
2025-01-25T17:00:00Z,439,348,91,82,-8.6,67,10.9,0
2025-01-25T18:00:00Z,392,220,172,99,-6.9,65,15.3,0
2025-01-25T19:00:00Z,215,39,176,98,-6.1,67,16,0.2
2025-01-25T20:00:00Z,155,9,146,99,-5.5,68,15.3,0.2
2025-01-25T21:00:00Z,115,18,97,100,-5,71,14.6,0.1
2025-01-25T22:00:00Z,33,7,26,100,-5.3,73,14.3,0
2025-01-25T23:00:00Z,0,0,0,99,-5.6,78,13.6,0
2025-01-26T00:00:00Z,0,0,0,88,-5.8,81,14,0
2025-01-26T01:00:00Z,0,0,0,88,-5.5,83,13.9,0
2025-01-26T02:00:00Z,0,0,0,94,-4.8,82,13.8,0
2025-01-26T03:00:00Z,0,0,0,97,-4.2,82,13.7,0
2025-01-26T04:00:00Z,0,0,0,97,-4.1,82,14,0
2025-01-26T05:00:00Z,0,0,0,93,-4.1,83,13.8,0
2025-01-26T06:00:00Z,0,0,0,99,-3.8,85,13.9,0.1
2025-01-26T07:00:00Z,0,0,0,100,-3,85,15.9,0.3
2025-01-26T08:00:00Z,0,0,0,93,-2.4,85,16.2,0.3
2025-01-26T09:00:00Z,0,0,0,89,-2.1,86,16.1,0.2
2025-01-26T10:00:00Z,0,0,0,69,-2.4,80,15.7,0.1
2025-01-26T11:00:00Z,0,0,0,42,-2.4,77,16.8,0
2025-01-26T12:00:00Z,0,0,0,65,-1.9,76,17.9,0
2025-01-26T13:00:00Z,6,2,4,48,-2.1,78,19,0
2025-01-26T14:00:00Z,86,27,59,25,-1.6,72,20.2,0
2025-01-26T15:00:00Z,201,79,122,45,-1.8,63,24.4,0.1
2025-01-26T16:00:00Z,328,199,129,26,-2.6,61,22.6,0.1
2025-01-26T17:00:00Z,421,311,110,71,-2.9,59,21.2,0
2025-01-26T18:00:00Z,440,319,121,74,-2.8,55,20.8,0
2025-01-26T19:00:00Z,407,297,110,61,-2.5,52,21.6,0
2025-01-26T20:00:00Z,292,195,97,65,-2.7,48,21,0
2025-01-26T21:00:00Z,172,96,76,8,-3.1,48,15.7,0
2025-01-26T22:00:00Z,50,29,21,18,-4.7,54,12.8,0
2025-01-26T23:00:00Z,0,0,0,33,-7.1,59,9.2,0
2025-01-27T00:00:00Z,0,0,0,64,-9.2,62,9.3,0
2025-01-27T01:00:00Z,0,0,0,86,-10.1,64,9.9,0
2025-01-27T02:00:00Z,0,0,0,69,-9.4,63,8.8,0
2025-01-27T03:00:00Z,0,0,0,74,-7,64,10.1,0
2025-01-27T04:00:00Z,0,0,0,68,-6.4,69,14.2,0
2025-01-27T05:00:00Z,0,0,0,60,-5.7,73,15.9,0
2025-01-27T06:00:00Z,0,0,0,87,-5.1,75,15.7,0
2025-01-27T07:00:00Z,0,0,0,81,-4.5,74,15.8,0
2025-01-27T08:00:00Z,0,0,0,99,-4.7,74,16.5,0
2025-01-27T09:00:00Z,0,0,0,100,-4.5,73,18.3,0
2025-01-27T10:00:00Z,0,0,0,71,-3.5,70,18.8,0
2025-01-27T11:00:00Z,0,0,0,52,-3.9,70,19.4,0
2025-01-27T12:00:00Z,0,0,0,34,-4.1,71,20,0
2025-01-27T13:00:00Z,7,2,5,51,-4,71,21.5,0
2025-01-27T14:00:00Z,98,53,45,100,-3.2,69,22,0
2025-01-27T15:00:00Z,189,81,108,100,-2.2,66,22.6,0
2025-01-27T16:00:00Z,297,148,149,100,-1.1,59,27.8,0
2025-01-27T17:00:00Z,247,31,216,100,-0.1,54,31.4,0
2025-01-27T18:00:00Z,167,0,167,100,0.4,53,28.6,0
2025-01-27T19:00:00Z,128,3,125,99,1,50,29.1,0
2025-01-27T20:00:00Z,76,6,70,97,1.2,48,32.4,0
2025-01-27T21:00:00Z,58,0,58,98,1.2,49,29.6,0
2025-01-27T22:00:00Z,22,8,14,100,0.6,54,29,0
2025-01-27T23:00:00Z,0,0,0,100,0.4,56,28.4,0.1
2025-01-28T00:00:00Z,0,0,0,100,-0.1,59,28.1,0.2
2025-01-28T01:00:00Z,0,0,0,100,-1,69,27.1,0.3
2025-01-28T02:00:00Z,0,0,0,100,-1.8,81,25.5,0.4
2025-01-28T03:00:00Z,0,0,0,100,-2.2,86,24,0.4
2025-01-28T04:00:00Z,0,0,0,100,-1.7,88,21,0.6
2025-01-28T05:00:00Z,0,0,0,100,-3.2,89,16.8,1
2025-01-28T06:00:00Z,0,0,0,100,-6.7,75,23.1,0.3
2025-01-28T07:00:00Z,0,0,0,100,-8.1,73,20.6,0.2
2025-01-28T08:00:00Z,0,0,0,83,-9.5,74,20.7,0.1
2025-01-28T09:00:00Z,0,0,0,93,-11.5,67,22.1,0
2025-01-28T10:00:00Z,0,0,0,4,-13.7,65,20.8,0
2025-01-28T11:00:00Z,0,0,0,75,-15.3,65,18.9,0
2025-01-28T12:00:00Z,0,0,0,40,-16.3,65,16.3,0
2025-01-28T13:00:00Z,10,4,6,40,-16.9,65,14.5,0
2025-01-28T14:00:00Z,121,74,47,51,-16.2,61,14.7,0
2025-01-28T15:00:00Z,261,175,86,100,-15.4,57,16.1,0
2025-01-28T16:00:00Z,366,236,130,100,-14.6,54,13.9,0
2025-01-28T17:00:00Z,456,344,112,99,-13.7,52,12.8,0
2025-01-28T18:00:00Z,474,366,108,92,-13,50,13.5,0
2025-01-28T19:00:00Z,441,359,82,47,-12.4,48,12.9,0
2025-01-28T20:00:00Z,346,276,70,98,-12.1,47,13.7,0
2025-01-28T21:00:00Z,193,119,74,100,-12.1,49,10.7,0
2025-01-28T22:00:00Z,38,3,35,100,-11.4,51,5.6,0
2025-01-28T23:00:00Z,0,0,0,100,-11,54,4,0
2025-01-29T00:00:00Z,0,0,0,100,-12.2,58,4.6,0
2025-01-29T01:00:00Z,0,0,0,100,-11.2,58,5.8,0.1
2025-01-29T02:00:00Z,0,0,0,100,-11.5,65,7.8,0.2
2025-01-29T03:00:00Z,0,0,0,100,-11.8,72,9.4,0.3
2025-01-29T04:00:00Z,0,0,0,100,-12.3,78,10.4,0.4
2025-01-29T05:00:00Z,0,0,0,100,-12.6,83,11.4,0.4
2025-01-29T06:00:00Z,0,0,0,100,-12.9,85,13.1,0.4
2025-01-29T07:00:00Z,0,0,0,100,-13.4,85,14,0.3
2025-01-29T08:00:00Z,0,0,0,100,-13.4,86,15.1,0.2
2025-01-29T09:00:00Z,0,0,0,100,-13,85,15,0.3
2025-01-29T10:00:00Z,0,0,0,98,-12.7,86,13.5,0.3
2025-01-29T11:00:00Z,0,0,0,100,-12.9,86,12.9,0.4
2025-01-29T12:00:00Z,0,0,0,100,-12.7,87,11,0.5
2025-01-29T13:00:00Z,3,0,3,100,-12.3,85,8.6,0.5
2025-01-29T14:00:00Z,32,0,32,100,-12.3,84,9.3,0.5
2025-01-29T15:00:00Z,89,0,89,100,-11.8,81,8.7,0.3
2025-01-29T16:00:00Z,183,6,177,100,-10.5,75,10,0.1
2025-01-29T17:00:00Z,360,159,201,100,-9.4,70,13.2,0
2025-01-29T18:00:00Z,377,185,192,96,-8.5,67,16.1,0
2025-01-29T19:00:00Z,350,156,194,88,-8.1,66,16.3,0
2025-01-29T20:00:00Z,272,121,151,98,-8.2,69,17.1,0
2025-01-29T21:00:00Z,139,37,102,97,-8.2,69,15,0
2025-01-29T22:00:00Z,44,12,32,100,-8.4,72,11.8,0
2025-01-29T23:00:00Z,0,0,0,100,-8.7,75,11.7,0
2025-01-30T00:00:00Z,0,0,0,98,-9.2,73,14.1,0
2025-01-30T01:00:00Z,0,0,0,100,-10.3,71,17.1,0
2025-01-30T02:00:00Z,0,0,0,100,-11.3,67,17.7,0
2025-01-30T03:00:00Z,0,0,0,100,-12.7,65,17.9,0
2025-01-30T04:00:00Z,0,0,0,100,-14.2,64,17.4,0
2025-01-30T05:00:00Z,0,0,0,100,-15.7,65,15.9,0
2025-01-30T06:00:00Z,0,0,0,48,-17.1,68,14.3,0
2025-01-30T07:00:00Z,0,0,0,4,-18.6,70,12.4,0
2025-01-30T08:00:00Z,0,0,0,2,-19.8,70,10.6,0
2025-01-30T09:00:00Z,0,0,0,0,-21.2,72,8.8,0
2025-01-30T10:00:00Z,0,0,0,0,-23.7,74,10,0
2025-01-30T11:00:00Z,0,0,0,0,-24.7,77,11.5,0
2025-01-30T12:00:00Z,0,0,0,0,-25.2,80,12.1,0
2025-01-30T13:00:00Z,12,6,6,0,-24.7,80,10.1,0
2025-01-30T14:00:00Z,133,92,41,49,-21.3,73,4.1,0
2025-01-30T15:00:00Z,284,220,64,0,-17.1,64,3.8,0
2025-01-30T16:00:00Z,402,323,79,14,-15,58,6.4,0
2025-01-30T17:00:00Z,466,372,94,98,-13.2,57,7.4,0
2025-01-30T18:00:00Z,459,320,139,49,-11.6,59,7.3,0
2025-01-30T19:00:00Z,428,321,107,70,-10.3,61,8.5,0
2025-01-30T20:00:00Z,315,200,115,56,-9.3,62,9.2,0
2025-01-30T21:00:00Z,191,119,72,24,-8.8,63,9.5,0
2025-01-30T22:00:00Z,59,32,27,60,-10.1,73,8.5,0
2025-01-30T23:00:00Z,0,0,0,100,-10,77,9.9,0
2025-01-31T00:00:00Z,0,0,0,99,-9.9,81,10.9,0
2025-01-31T01:00:00Z,0,0,0,100,-9.2,84,11.4,0
2025-01-31T02:00:00Z,0,0,0,100,-8.3,84,10.4,0.1
2025-01-31T03:00:00Z,0,0,0,100,-8.1,87,9.1,0.2
2025-01-31T04:00:00Z,0,0,0,99,-8.1,87,7.1,0.2
2025-01-31T05:00:00Z,0,0,0,94,-8.2,88,7.2,0.1
2025-01-31T06:00:00Z,0,0,0,55,-9,88,8,0
2025-01-31T07:00:00Z,0,0,0,42,-9.5,87,7.9,0
2025-01-31T08:00:00Z,0,0,0,51,-9.7,87,8.4,0
2025-01-31T09:00:00Z,0,0,0,61,-10.8,89,10.3,0
2025-01-31T10:00:00Z,0,0,0,68,-11.7,90,7.5,0
2025-01-31T11:00:00Z,0,0,0,88,-12.1,90,7.8,0
2025-01-31T12:00:00Z,0,0,0,93,-11.4,89,7.3,0
2025-01-31T13:00:00Z,8,1,7,97,-10.3,87,5.7,0
2025-01-31T14:00:00Z,79,9,70,99,-8.6,84,6,0
2025-01-31T15:00:00Z,216,90,126,98,-5.6,79,5.4,0
2025-01-31T16:00:00Z,333,192,141,98,-4,74,6.2,0
2025-01-31T17:00:00Z,411,266,145,95,-2.8,69,8,0
2025-01-31T18:00:00Z,405,255,150,68,-2.4,69,9.4,0
2025-01-31T19:00:00Z,387,224,163,76,-2.2,66,8.5,0
2025-01-31T20:00:00Z,256,105,151,67,-2.6,65,10.1,0
2025-01-31T21:00:00Z,173,81,92,86,-3.2,65,10.8,0
2025-01-31T22:00:00Z,44,7,37,92,-4.6,66,10.3,0
2025-01-31T23:00:00Z,0,0,0,100,-5.1,64,13.2,0
2025-02-01T00:00:00Z,0,0,0,96,-6,64,13.9,0
2025-02-01T01:00:00Z,0,0,0,98,-7.2,66,13.5,0
2025-02-01T02:00:00Z,0,0,0,72,-8.1,67,15.1,0
2025-02-01T03:00:00Z,0,0,0,26,-9.3,68,16.2,0
2025-02-01T04:00:00Z,0,0,0,21,-10.5,69,16.5,0
2025-02-01T05:00:00Z,0,0,0,8,-11.7,70,16.8,0
2025-02-01T06:00:00Z,0,0,0,0,-12.7,71,17.5,0
2025-02-01T07:00:00Z,0,0,0,0,-13.6,71,17.9,0
2025-02-01T08:00:00Z,0,0,0,19,-14.6,70,18,0
2025-02-01T09:00:00Z,0,0,0,40,-15.6,70,17.9,0
2025-02-01T10:00:00Z,0,0,0,40,-16.9,68,17.1,0
2025-02-01T11:00:00Z,0,0,0,40,-17.8,68,17.1,0
2025-02-01T12:00:00Z,0,0,0,40,-18.3,66,17.5,0
2025-02-01T13:00:00Z,15,7,8,5,-18.9,65,17.5,0
2025-02-01T14:00:00Z,142,97,45,64,-18.5,61,17.8,0
2025-02-01T15:00:00Z,297,227,70,20,-17.7,57,16.3,0
2025-02-01T16:00:00Z,421,342,79,0,-16.9,53,15,0
2025-02-01T17:00:00Z,497,417,80,0,-15.8,50,14.2,0
2025-02-01T18:00:00Z,512,430,82,0,-15.1,49,13.9,0
2025-02-01T19:00:00Z,470,391,79,0,-14.4,47,13.9,0
2025-02-01T20:00:00Z,374,304,70,0,-14,46,13.9,0
2025-02-01T21:00:00Z,233,177,56,0,-13.7,46,11.9,0
2025-02-01T22:00:00Z,75,50,25,0,-16.1,55,7.3,0
2025-02-01T23:00:00Z,0,0,0,0,-19.3,63,8.7,0
2025-02-02T00:00:00Z,0,0,0,0,-19.5,65,8.5,0
2025-02-02T01:00:00Z,0,0,0,0,-20.3,67,6.5,0
2025-02-02T02:00:00Z,0,0,0,0,-21.1,70,6.4,0
2025-02-02T03:00:00Z,0,0,0,0,-21.7,75,7.2,0
2025-02-02T04:00:00Z,0,0,0,0,-21.8,76,8,0
2025-02-02T05:00:00Z,0,0,0,29,-22.7,79,3.9,0
2025-02-02T06:00:00Z,0,0,0,33,-22.7,79,2.1,0
2025-02-02T07:00:00Z,0,0,0,100,-24.6,80,6,0
2025-02-02T08:00:00Z,0,0,0,97,-25.3,82,5.6,0
2025-02-02T09:00:00Z,0,0,0,100,-25.7,80,6.4,0
2025-02-02T10:00:00Z,0,0,0,100,-24.6,76,6.9,0
2025-02-02T11:00:00Z,0,0,0,100,-22.4,73,6.1,0
2025-02-02T12:00:00Z,0,0,0,100,-21.2,72,6.8,0
2025-02-02T13:00:00Z,9,0,9,100,-20.4,72,8,0
2025-02-02T14:00:00Z,71,1,70,100,-18.8,68,7.7,0
2025-02-02T15:00:00Z,145,5,140,100,-16.5,63,9.2,0
2025-02-02T16:00:00Z,201,5,196,100,-15,59,10.4,0
2025-02-02T17:00:00Z,244,12,232,100,-13.8,57,10.6,0.1
2025-02-02T18:00:00Z,212,5,207,100,-13,57,11.5,0.2
2025-02-02T19:00:00Z,163,8,155,100,-12.7,60,11.9,0.1
2025-02-02T20:00:00Z,126,2,124,100,-12.7,62,12.3,0.1
2025-02-02T21:00:00Z,91,1,90,100,-12.5,63,12.4,0
2025-02-02T22:00:00Z,35,0,35,100,-12.7,64,12.3,0
2025-02-02T23:00:00Z,0,0,0,100,-13,67,12.2,0
2025-02-03T00:00:00Z,0,0,0,100,-13.2,69,12.4,0.2
2025-02-03T01:00:00Z,0,0,0,100,-13.3,72,11.4,0.4
2025-02-03T02:00:00Z,0,0,0,100,-13.3,76,9.2,0.5
2025-02-03T03:00:00Z,0,0,0,99,-13.2,80,7.7,0.3
2025-02-03T04:00:00Z,0,0,0,99,-13.3,83,6.1,0.2
2025-02-03T05:00:00Z,0,0,0,95,-13.1,85,5.5,0.1
2025-02-03T06:00:00Z,0,0,0,88,-13,86,4.3,0.1
2025-02-03T07:00:00Z,0,0,0,86,-12.9,86,3.9,0
2025-02-03T08:00:00Z,0,0,0,86,-12.8,87,3.8,0
2025-02-03T09:00:00Z,0,0,0,77,-12.5,89,5.5,0
2025-02-03T10:00:00Z,0,0,0,100,-13.4,89,3.7,0
2025-02-03T11:00:00Z,0,0,0,100,-12.8,90,5.4,0
2025-02-03T12:00:00Z,0,0,0,100,-12.2,89,6.2,0
2025-02-03T13:00:00Z,7,0,7,100,-11.4,91,8.6,0
2025-02-03T14:00:00Z,50,0,50,100,-9.9,91,12,0.1
2025-02-03T15:00:00Z,125,1,124,100,-7.5,90,13.2,0.1
2025-02-03T16:00:00Z,119,11,108,100,-6.1,91,14.2,0.1
2025-02-03T17:00:00Z,118,3,115,100,-4.7,92,14.4,0.4
2025-02-03T18:00:00Z,113,0,113,100,-3.5,93,13,0.8
2025-02-03T19:00:00Z,77,0,77,100,-2.9,93,12.2,0.9
2025-02-03T20:00:00Z,48,0,48,100,-2.4,94,12.4,0.8
2025-02-03T21:00:00Z,67,1,66,100,-1.8,93,12.8,0.3
2025-02-03T22:00:00Z,16,0,16,100,-1.9,94,11.4,0.2
2025-02-03T23:00:00Z,0,0,0,100,-2,95,10.7,0.2
2025-02-04T00:00:00Z,0,0,0,100,-1.5,95,10.9,0.2
2025-02-04T01:00:00Z,0,0,0,100,-1.5,94,11.4,0.1
2025-02-04T02:00:00Z,0,0,0,99,-1.8,90,11.5,0
2025-02-04T03:00:00Z,0,0,0,97,-2.4,82,11.4,0
2025-02-04T04:00:00Z,0,0,0,92,-3.4,74,10.7,0
2025-02-04T05:00:00Z,0,0,0,90,-5.1,76,11.2,0
2025-02-04T06:00:00Z,0,0,0,85,-6.2,77,11.5,0
2025-02-04T07:00:00Z,0,0,0,85,-7.5,80,11.1,0
2025-02-04T08:00:00Z,0,0,0,94,-7.7,80,10.5,0
2025-02-04T09:00:00Z,0,0,0,98,-7.9,79,10.4,0
2025-02-04T10:00:00Z,0,0,0,100,-8,79,10.1,0
2025-02-04T11:00:00Z,0,0,0,100,-8,79,11.3,0
2025-02-04T12:00:00Z,0,0,0,98,-8,79,12.9,0
2025-02-04T13:00:00Z,14,3,11,71,-8.4,78,14.8,0
2025-02-04T14:00:00Z,130,76,54,99,-8.4,73,18.7,0
2025-02-04T15:00:00Z,258,128,130,100,-8.1,67,21.8,0
2025-02-04T16:00:00Z,375,211,164,100,-8,63,21.9,0
2025-02-04T17:00:00Z,461,299,162,100,-7.6,58,21.5,0
2025-02-04T18:00:00Z,481,326,155,100,-7.4,55,21,0
2025-02-04T19:00:00Z,444,301,143,100,-7.4,54,20.2,0
2025-02-04T20:00:00Z,362,255,107,99,-7.3,51,19.2,0
2025-02-04T21:00:00Z,232,159,73,0,-7.8,51,16.6,0
2025-02-04T22:00:00Z,85,56,29,0,-9.2,56,10.5,0
2025-02-04T23:00:00Z,1,0,1,0,-10.7,61,10.8,0
2025-02-05T00:00:00Z,0,0,0,1,-11.9,65,11.9,0
2025-02-05T01:00:00Z,0,0,0,0,-12.9,66,12.3,0
2025-02-05T02:00:00Z,0,0,0,0,-13.8,68,12.3,0
2025-02-05T03:00:00Z,0,0,0,0,-14.6,69,11.8,0
2025-02-05T04:00:00Z,0,0,0,0,-15.2,69,11.8,0
2025-02-05T05:00:00Z,0,0,0,0,-16.2,71,11.9,0
2025-02-05T06:00:00Z,0,0,0,1,-17.2,72,11.5,0
2025-02-05T07:00:00Z,0,0,0,3,-18.1,74,10.9,0
2025-02-05T08:00:00Z,0,0,0,0,-18.5,75,9.3,0
2025-02-05T09:00:00Z,0,0,0,0,-19.2,73,8.1,0
2025-02-05T10:00:00Z,0,0,0,0,-21.2,73,10.3,0
2025-02-05T11:00:00Z,0,0,0,0,-21.7,74,10.3,0
2025-02-05T12:00:00Z,0,0,0,0,-23,76,10.2,0
2025-02-05T13:00:00Z,21,12,9,0,-23.2,76,10.2,0
2025-02-05T14:00:00Z,158,111,47,0,-19.6,68,6,0
2025-02-05T15:00:00Z,317,249,68,0,-15.6,58,5.6,0
2025-02-05T16:00:00Z,442,363,79,0,-13.6,49,6.7,0
2025-02-05T17:00:00Z,517,431,86,0,-12.6,49,8.6,0
2025-02-05T18:00:00Z,534,448,86,0,-11.7,48,8.1,0
2025-02-05T19:00:00Z,492,410,82,0,-10.8,47,9.1,0
2025-02-05T20:00:00Z,395,320,75,0,-10.3,46,8.4,0
2025-02-05T21:00:00Z,253,194,59,0,-10.7,49,9.1,0
2025-02-05T22:00:00Z,91,60,31,0,-13.2,57,5.8,0
2025-02-05T23:00:00Z,1,0,1,44,-16.8,68,10,0
2025-02-06T00:00:00Z,0,0,0,0,-18.5,73,11.6,0
2025-02-06T01:00:00Z,0,0,0,0,-19.7,76,11.4,0
2025-02-06T02:00:00Z,0,0,0,56,-20.9,79,11.8,0
2025-02-06T03:00:00Z,0,0,0,20,-21.3,81,12.1,0
2025-02-06T04:00:00Z,0,0,0,36,-20.3,81,10.9,0
2025-02-06T05:00:00Z,0,0,0,81,-17.7,78,8.9,0
2025-02-06T06:00:00Z,0,0,0,80,-19.9,84,9.7,0
2025-02-06T07:00:00Z,0,0,0,91,-20.2,86,9.8,0
2025-02-06T08:00:00Z,0,0,0,99,-20.5,86,8.2,0
2025-02-06T09:00:00Z,0,0,0,95,-20.1,87,7.9,0
2025-02-06T10:00:00Z,0,0,0,100,-18.3,85,9,0
2025-02-06T11:00:00Z,0,0,0,100,-18.1,85,11.5,0
2025-02-06T12:00:00Z,0,0,0,100,-17,84,12.8,0
2025-02-06T13:00:00Z,6,0,6,100,-15.8,82,13.8,0.2
2025-02-06T14:00:00Z,34,0,34,100,-15.1,81,15,0.3
2025-02-06T15:00:00Z,55,0,55,100,-14.1,80,15.7,0.6
2025-02-06T16:00:00Z,77,1,76,100,-13.4,81,15.5,0.8
2025-02-06T17:00:00Z,96,7,89,99,-12.5,83,15,0.6
2025-02-06T18:00:00Z,102,2,100,100,-12,84,13.9,0.6
2025-02-06T19:00:00Z,84,0,84,100,-11.3,85,12.5,0.4
2025-02-06T20:00:00Z,75,0,75,100,-10.8,86,9.9,0.4
2025-02-06T21:00:00Z,51,1,50,100,-10.1,87,5.6,0.3
2025-02-06T22:00:00Z,18,0,18,99,-9.7,89,1,0.1
2025-02-06T23:00:00Z,1,0,1,99,-9.5,91,7,0
2025-02-07T00:00:00Z,0,0,0,100,-8.7,90,8,0
2025-02-07T01:00:00Z,0,0,0,99,-7.9,90,11.6,0
2025-02-07T02:00:00Z,0,0,0,99,-5.6,87,14.5,0
2025-02-07T03:00:00Z,0,0,0,87,-4.1,83,16.3,0
2025-02-07T04:00:00Z,0,0,0,44,-2.4,79,20.2,0.1
2025-02-07T05:00:00Z,0,0,0,54,-2,76,20.1,0.1
2025-02-07T06:00:00Z,0,0,0,61,-2,78,17.9,0
2025-02-07T07:00:00Z,0,0,0,92,-2,78,15.9,0
2025-02-07T08:00:00Z,0,0,0,97,-2.3,77,16.9,0.1
2025-02-07T09:00:00Z,0,0,0,96,-3.2,72,20.9,0.2
2025-02-07T10:00:00Z,0,0,0,82,-4.6,74,25.9,0.1
2025-02-07T11:00:00Z,0,0,0,100,-5.3,65,24.2,0
2025-02-07T12:00:00Z,0,0,0,100,-6.4,67,21.6,0
2025-02-07T13:00:00Z,22,10,12,86,-7.1,67,20.9,0
2025-02-07T14:00:00Z,145,80,65,89,-6.7,65,20.3,0
2025-02-07T15:00:00Z,294,197,97,100,-6,63,24.3,0
2025-02-07T16:00:00Z,388,259,129,98,-5.5,60,26.4,0
2025-02-07T17:00:00Z,417,208,209,100,-5.1,59,27.5,0
2025-02-07T18:00:00Z,385,126,259,100,-4.7,57,26.9,0
2025-02-07T19:00:00Z,381,166,215,93,-4.5,55,26.6,0
2025-02-07T20:00:00Z,299,112,187,75,-4.5,55,22.9,0
2025-02-07T21:00:00Z,226,134,92,80,-4.8,54,19.5,0
2025-02-07T22:00:00Z,87,46,41,85,-5.8,58,13.7,0
2025-02-07T23:00:00Z,2,1,1,78,-6.9,62,12.8,0
2025-02-08T00:00:00Z,0,0,0,11,-7.9,64,10.1,0
2025-02-08T01:00:00Z,0,0,0,5,-9.2,68,9.1,0
2025-02-08T02:00:00Z,0,0,0,1,-9.7,69,8.8,0
2025-02-08T03:00:00Z,0,0,0,10,-10,69,8,0
2025-02-08T04:00:00Z,0,0,0,41,-10.3,70,7.8,0
2025-02-08T05:00:00Z,0,0,0,87,-9.9,71,8.8,0
2025-02-08T06:00:00Z,0,0,0,88,-9.7,72,8.6,0
2025-02-08T07:00:00Z,0,0,0,92,-8.8,74,7.6,0.1
2025-02-08T08:00:00Z,0,0,0,87,-8.9,76,8.9,0.1
2025-02-08T09:00:00Z,0,0,0,26,-9.7,79,9.6,0
2025-02-08T10:00:00Z,0,0,0,22,-9.9,81,10.6,0
2025-02-08T11:00:00Z,0,0,0,11,-11.5,82,10.3,0
2025-02-08T12:00:00Z,0,0,0,11,-12.3,83,9,0
2025-02-08T13:00:00Z,26,16,10,5,-13,82,7.7,0
2025-02-08T14:00:00Z,167,122,45,0,-10.9,76,6.9,0
2025-02-08T15:00:00Z,333,268,65,11,-7.6,67,7,0
2025-02-08T16:00:00Z,456,381,75,47,-6,58,9,0
2025-02-08T17:00:00Z,529,447,82,64,-4.9,53,9.2,0
2025-02-08T18:00:00Z,537,439,98,87,-4.2,52,6,0
2025-02-08T19:00:00Z,481,371,110,64,-3.9,54,3.1,0
2025-02-08T20:00:00Z,391,306,85,99,-3.9,56,4.8,0
2025-02-08T21:00:00Z,203,83,120,100,-4.5,53,4.5,0
2025-02-08T22:00:00Z,75,15,60,100,-4.7,60,7.8,0
2025-02-08T23:00:00Z,2,0,2,100,-5.4,64,8.3,0
2025-02-09T00:00:00Z,0,0,0,100,-5.8,66,8.8,0
2025-02-09T01:00:00Z,0,0,0,100,-6.2,69,7.4,0.1
2025-02-09T02:00:00Z,0,0,0,100,-6.5,72,8.1,0.2
2025-02-09T03:00:00Z,0,0,0,100,-6.6,75,7.9,0.2
2025-02-09T04:00:00Z,0,0,0,100,-6.9,79,7.2,0.2
2025-02-09T05:00:00Z,0,0,0,100,-7,82,6.8,0.3
2025-02-09T06:00:00Z,0,0,0,100,-7.1,86,8.4,0.3
2025-02-09T07:00:00Z,0,0,0,100,-7.3,88,8.6,0.2
2025-02-09T08:00:00Z,0,0,0,100,-7.4,88,8.5,0.2
2025-02-09T09:00:00Z,0,0,0,100,-7.6,88,8.1,0.1
2025-02-09T10:00:00Z,0,0,0,100,-8.7,88,6.2,0.1
2025-02-09T11:00:00Z,0,0,0,100,-9.7,88,5.5,0
2025-02-09T12:00:00Z,0,0,0,97,-11.1,88,6,0
2025-02-09T13:00:00Z,21,2,19,97,-11.3,88,5.1,0
2025-02-09T14:00:00Z,140,57,83,100,-8.9,83,2.5,0
2025-02-09T15:00:00Z,255,98,157,100,-6.5,79,1.2,0
2025-02-09T16:00:00Z,382,184,198,100,-4.9,70,4.1,0
2025-02-09T17:00:00Z,373,149,224,100,-4.2,69,6,0
2025-02-09T18:00:00Z,378,117,261,100,-3.7,71,7.1,0.1
2025-02-09T19:00:00Z,292,47,245,100,-3.7,72,9.9,0.1
2025-02-09T20:00:00Z,217,35,182,100,-3.4,71,11.4,0.1
2025-02-09T21:00:00Z,131,7,124,100,-3.1,72,8.8,0.1
2025-02-09T22:00:00Z,66,15,51,85,-4,78,4,0
2025-02-09T23:00:00Z,2,0,2,88,-4.5,78,5.5,0.2
2025-02-10T00:00:00Z,0,0,0,75,-4,81,8.1,0.1
2025-02-10T01:00:00Z,0,0,0,31,-4,81,11.7,0.1
2025-02-10T02:00:00Z,0,0,0,10,-4.8,79,12.1,0
2025-02-10T03:00:00Z,0,0,0,1,-6.2,81,10.1,0
2025-02-10T04:00:00Z,0,0,0,1,-7.7,80,8.2,0
2025-02-10T05:00:00Z,0,0,0,47,-8.6,78,8,0
2025-02-10T06:00:00Z,0,0,0,88,-9.4,75,8.4,0
2025-02-10T07:00:00Z,0,0,0,100,-10.4,75,8,0
2025-02-10T08:00:00Z,0,0,0,98,-11.2,75,7.9,0
2025-02-10T09:00:00Z,0,0,0,98,-11.9,75,8.4,0
2025-02-10T10:00:00Z,0,0,0,73,-12.2,77,9.5,0
2025-02-10T11:00:00Z,0,0,0,24,-12.8,76,9,0
2025-02-10T12:00:00Z,0,0,0,15,-13.7,76,7.6,0
2025-02-10T13:00:00Z,30,16,14,0,-13.7,76,7.6,0
2025-02-10T14:00:00Z,176,125,51,0,-12.3,71,5.9,0
2025-02-10T15:00:00Z,331,253,78,15,-10.1,60,5.5,0
2025-02-10T16:00:00Z,452,355,97,29,-8.8,52,5.5,0
2025-02-10T17:00:00Z,530,421,109,27,-8.1,53,6.2,0
2025-02-10T18:00:00Z,548,442,106,80,-7.4,52,10.8,0
2025-02-10T19:00:00Z,497,381,116,86,-6.7,51,12.1,0
2025-02-10T20:00:00Z,347,183,164,100,-6.2,51,13.2,0
2025-02-10T21:00:00Z,190,58,132,98,-6,52,7.2,0
2025-02-10T22:00:00Z,85,30,55,56,-5,44,4.8,0
2025-02-10T23:00:00Z,4,1,3,85,-9.2,62,6.7,0
2025-02-11T00:00:00Z,0,0,0,94,-9.3,67,8.9,0
2025-02-11T01:00:00Z,0,0,0,99,-8.6,68,8.7,0
2025-02-11T02:00:00Z,0,0,0,96,-8.6,71,7.9,0.1
2025-02-11T03:00:00Z,0,0,0,83,-8.1,72,10.3,0.1
2025-02-11T04:00:00Z,0,0,0,49,-7.9,74,13,0
2025-02-11T05:00:00Z,0,0,0,7,-8.4,76,14.6,0
2025-02-11T06:00:00Z,0,0,0,1,-8.6,78,14.6,0
2025-02-11T07:00:00Z,0,0,0,10,-8.5,78,13.8,0
2025-02-11T08:00:00Z,0,0,0,1,-8.7,78,11,0
2025-02-11T09:00:00Z,0,0,0,8,-9.7,81,8.8,0
2025-02-11T10:00:00Z,0,0,0,79,-10.3,81,9.4,0
2025-02-11T11:00:00Z,0,0,0,74,-10,81,12,0
2025-02-11T12:00:00Z,0,0,0,55,-9.2,81,13.8,0
2025-02-11T13:00:00Z,14,1,13,86,-8.3,79,16.5,0
2025-02-11T14:00:00Z,118,36,82,98,-7.3,77,14.1,0
2025-02-11T15:00:00Z,229,90,139,84,-5.5,69,16.4,0
2025-02-11T16:00:00Z,381,208,173,85,-4.6,59,17.6,0.1
2025-02-11T17:00:00Z,385,159,226,76,-5.1,52,19.5,0
2025-02-11T18:00:00Z,388,151,237,98,-5.4,48,18.3,0
2025-02-11T19:00:00Z,436,241,195,60,-5.6,44,16.2,0
2025-02-11T20:00:00Z,382,245,137,67,-6,41,15.3,0
2025-02-11T21:00:00Z,251,142,109,57,-6.6,40,13.2,0
2025-02-11T22:00:00Z,99,44,55,29,-8.1,43,6.7,0
2025-02-11T23:00:00Z,5,2,3,18,-10,52,7,0
2025-02-12T00:00:00Z,0,0,0,0,-11.3,56,9.8,0
2025-02-12T01:00:00Z,0,0,0,19,-13.3,60,9.4,0
2025-02-12T02:00:00Z,0,0,0,64,-15.1,63,9.2,0
2025-02-12T03:00:00Z,0,0,0,13,-16.5,66,9.1,0
2025-02-12T04:00:00Z,0,0,0,0,-17,64,9.3,0
2025-02-12T05:00:00Z,0,0,0,0,-17.6,63,8.5,0
2025-02-12T06:00:00Z,0,0,0,0,-17.9,62,8.3,0
2025-02-12T07:00:00Z,0,0,0,5,-20.1,66,7.7,0
2025-02-12T08:00:00Z,0,0,0,92,-21.4,68,8.3,0
2025-02-12T09:00:00Z,0,0,0,39,-21.7,68,7.3,0
2025-02-12T10:00:00Z,0,0,0,33,-21.4,65,7.5,0
2025-02-12T11:00:00Z,0,0,0,32,-22.1,65,7.9,0
2025-02-12T12:00:00Z,0,0,0,34,-22.7,66,8.1,0
2025-02-12T13:00:00Z,36,22,14,52,-21.5,64,9,0
2025-02-12T14:00:00Z,192,141,51,97,-16.4,53,6.7,0
2025-02-12T15:00:00Z,333,236,97,93,-14.7,49,5.9,0
2025-02-12T16:00:00Z,447,320,127,70,-12.5,44,8.3,0
2025-02-12T17:00:00Z,510,360,150,78,-10.9,42,8,0
2025-02-12T18:00:00Z,535,385,150,3,-9.9,39,8.3,0
2025-02-12T19:00:00Z,526,439,87,10,-9.4,38,7.3,0
2025-02-12T20:00:00Z,428,351,77,8,-9.1,37,8.6,0
2025-02-12T21:00:00Z,286,224,62,90,-9.1,37,10.5,0
2025-02-12T22:00:00Z,99,42,57,91,-10.1,42,7.5,0
2025-02-12T23:00:00Z,6,1,5,97,-11.3,48,10.7,0
2025-02-13T00:00:00Z,0,0,0,96,-11.4,50,13.2,0
2025-02-13T01:00:00Z,0,0,0,100,-11.8,53,14.1,0
2025-02-13T02:00:00Z,0,0,0,100,-12.2,57,16.1,0.2
2025-02-13T03:00:00Z,0,0,0,100,-12.5,65,20,0.6
2025-02-13T04:00:00Z,0,0,0,100,-12.5,68,20.4,0.7
2025-02-13T05:00:00Z,0,0,0,100,-12.7,76,18.2,1
2025-02-13T06:00:00Z,0,0,0,100,-12.2,79,20.5,1.3
2025-02-13T07:00:00Z,0,0,0,100,-11.9,82,22.7,1.5
2025-02-13T08:00:00Z,0,0,0,100,-11.6,85,22.7,1.7
2025-02-13T09:00:00Z,0,0,0,100,-11,86,22.5,1.6
2025-02-13T10:00:00Z,0,0,0,100,-10.3,87,21.5,1.4
2025-02-13T11:00:00Z,0,0,0,100,-10,88,21.7,1.3
2025-02-13T12:00:00Z,0,0,0,100,-9.4,89,20,1.5
2025-02-13T13:00:00Z,4,0,4,100,-8.8,90,18.7,1.4
2025-02-13T14:00:00Z,35,0,35,100,-8,90,17.1,0.9
2025-02-13T15:00:00Z,62,0,62,100,-7,90,13.8,1.1
2025-02-13T16:00:00Z,76,0,76,100,-5.8,91,10.9,1.3
2025-02-13T17:00:00Z,87,0,87,100,-4.6,90,6.7,1.1
2025-02-13T18:00:00Z,87,2,85,100,-3.4,92,2,0.8
2025-02-13T19:00:00Z,73,0,73,96,-2.9,94,12.1,0.5
2025-02-13T20:00:00Z,147,27,120,89,-4.2,84,19.8,0.1
2025-02-13T21:00:00Z,160,60,100,96,-5.8,75,24.1,0
2025-02-13T22:00:00Z,101,45,56,85,-6.6,71,19.5,0
2025-02-13T23:00:00Z,7,2,5,72,-6.9,70,19.7,0
2025-02-14T00:00:00Z,0,0,0,100,-7.2,70,20.8,0
2025-02-14T01:00:00Z,0,0,0,99,-7.4,70,21.6,0
2025-02-14T02:00:00Z,0,0,0,100,-7.9,71,21.5,0
2025-02-14T03:00:00Z,0,0,0,100,-8.5,70,20.7,0
2025-02-14T04:00:00Z,0,0,0,100,-9,69,19.9,0
2025-02-14T05:00:00Z,0,0,0,100,-9.8,69,19.1,0
2025-02-14T06:00:00Z,0,0,0,33,-10.7,69,17.9,0
2025-02-14T07:00:00Z,0,0,0,0,-11.6,71,16.1,0
2025-02-14T08:00:00Z,0,0,0,0,-12.4,73,14.5,0
2025-02-14T09:00:00Z,0,0,0,0,-13.4,77,12.8,0
2025-02-14T10:00:00Z,0,0,0,38,-14.9,79,11.4,0
2025-02-14T11:00:00Z,0,0,0,23,-15.5,79,11.4,0
2025-02-14T12:00:00Z,0,0,0,20,-15.9,78,10.3,0
2025-02-14T13:00:00Z,39,22,17,11,-15,77,10.9,0
2025-02-14T14:00:00Z,187,122,65,7,-12.9,71,11.8,0
2025-02-14T15:00:00Z,350,265,85,13,-10.2,63,15.4,0
2025-02-14T16:00:00Z,484,385,99,28,-9.2,57,16.7,0
2025-02-14T17:00:00Z,557,441,116,49,-8.3,53,19.4,0
2025-02-14T18:00:00Z,566,422,144,56,-7.7,47,21.3,0
2025-02-14T19:00:00Z,498,344,154,31,-7.2,45,21,0
2025-02-14T20:00:00Z,438,344,94,23,-6.9,42,19.3,0
2025-02-14T21:00:00Z,301,238,63,31,-6.8,41,18.5,0
2025-02-14T22:00:00Z,130,91,39,0,-8.1,48,8.2,0
2025-02-14T23:00:00Z,9,4,5,1,-10.4,59,7.2,0
2025-02-15T00:00:00Z,0,0,0,86,-13,66,8.7,0
2025-02-15T01:00:00Z,0,0,0,99,-15.1,68,9.6,0
2025-02-15T02:00:00Z,0,0,0,99,-15.4,69,7,0
2025-02-15T03:00:00Z,0,0,0,93,-15.4,71,7.4,0
2025-02-15T04:00:00Z,0,0,0,100,-16,74,6.3,0
2025-02-15T05:00:00Z,0,0,0,100,-15.6,75,4.5,0
2025-02-15T06:00:00Z,0,0,0,99,-17.1,80,4.1,0
2025-02-15T07:00:00Z,0,0,0,100,-17.6,80,5.3,0
2025-02-15T08:00:00Z,0,0,0,100,-17.2,79,6.7,0
2025-02-15T09:00:00Z,0,0,0,100,-16.6,80,5.8,0
2025-02-15T10:00:00Z,0,0,0,100,-15.2,74,6.4,0
2025-02-15T11:00:00Z,0,0,0,100,-15.4,74,7.2,0
2025-02-15T12:00:00Z,0,0,0,100,-15.2,75,8.1,0
2025-02-15T13:00:00Z,24,1,23,79,-14.2,73,7.2,0
2025-02-15T14:00:00Z,109,5,104,100,-12.2,68,7.7,0
2025-02-15T15:00:00Z,268,107,161,84,-9.9,64,9.2,0
2025-02-15T16:00:00Z,366,134,232,99,-7.9,60,9.8,0
2025-02-15T17:00:00Z,406,132,274,100,-6.9,58,10.8,0.1
2025-02-15T18:00:00Z,384,97,287,100,-6.5,57,11.7,0.1
2025-02-15T19:00:00Z,322,41,281,100,-6.5,59,13.9,0.1
2025-02-15T20:00:00Z,238,18,220,100,-6.8,62,13,0.1
2025-02-15T21:00:00Z,104,4,100,100,-7.5,66,13.5,0.3
2025-02-15T22:00:00Z,48,0,48,100,-8.2,74,12.1,0.5
2025-02-15T23:00:00Z,3,0,3,100,-8.8,76,13.9,0.4
2025-02-16T00:00:00Z,0,0,0,100,-9.4,79,15.7,0.6
2025-02-16T01:00:00Z,0,0,0,100,-9.9,82,15.7,0.5
2025-02-16T02:00:00Z,0,0,0,100,-10,82,16.2,0.5
2025-02-16T03:00:00Z,0,0,0,100,-10.2,82,15.5,0.5
2025-02-16T04:00:00Z,0,0,0,100,-10.2,81,16.8,0.3
2025-02-16T05:00:00Z,0,0,0,100,-10.5,82,17.2,0.2
2025-02-16T06:00:00Z,0,0,0,100,-10.4,80,17.2,0.1
2025-02-16T07:00:00Z,0,0,0,100,-10.4,80,17.4,0
2025-02-16T08:00:00Z,0,0,0,100,-10.1,80,19.3,0.1
2025-02-16T09:00:00Z,0,0,0,100,-9.9,80,19.9,0.2
2025-02-16T10:00:00Z,0,0,0,100,-9.3,78,20.4,0.3
2025-02-16T11:00:00Z,0,0,0,100,-9.2,78,20.7,0.5
2025-02-16T12:00:00Z,0,0,0,100,-9.2,79,22.3,0.5
2025-02-16T13:00:00Z,10,0,10,100,-9.1,79,22.3,0.5
2025-02-16T14:00:00Z,37,0,37,100,-9,79,19.7,0.7
2025-02-16T15:00:00Z,59,0,59,100,-9.2,81,22.7,1.2
2025-02-16T16:00:00Z,56,0,56,100,-9.5,84,20.2,1.8
2025-02-16T17:00:00Z,79,0,79,100,-9.4,84,21.2,2
2025-02-16T18:00:00Z,55,0,55,100,-9.5,85,21.9,2.1
2025-02-16T19:00:00Z,59,0,59,100,-9.5,86,22.5,2.2
2025-02-16T20:00:00Z,52,0,52,100,-9.4,85,20.9,1.6
2025-02-16T21:00:00Z,49,0,49,100,-9.3,85,18.6,1.2
2025-02-16T22:00:00Z,31,0,31,100,-9.4,85,14.5,0.9
2025-02-16T23:00:00Z,3,0,3,100,-9.4,84,14.5,0.6
2025-02-17T00:00:00Z,0,0,0,100,-9.6,84,15.1,0.4
2025-02-17T01:00:00Z,0,0,0,100,-10.2,83,16.6,0.2
2025-02-17T02:00:00Z,0,0,0,100,-11,80,15.6,0.1
2025-02-17T03:00:00Z,0,0,0,100,-11.6,79,15,0.2
2025-02-17T04:00:00Z,0,0,0,100,-11.9,80,16.2,0.3
2025-02-17T05:00:00Z,0,0,0,100,-12.1,80,17.7,0.3
2025-02-17T06:00:00Z,0,0,0,100,-12.5,78,18.6,0.2
2025-02-17T07:00:00Z,0,0,0,100,-13,76,19.7,0.1
2025-02-17T08:00:00Z,0,0,0,100,-13.4,74,20.3,0.1
2025-02-17T09:00:00Z,0,0,0,100,-13.9,75,21.2,0.1
2025-02-17T10:00:00Z,0,0,0,100,-14.5,72,19.5,0.1
2025-02-17T11:00:00Z,0,0,0,100,-14.9,71,20.2,0.1
2025-02-17T12:00:00Z,0,0,0,100,-15.3,70,22,0
2025-02-17T13:00:00Z,32,2,30,100,-15.5,67,22.4,0
2025-02-17T14:00:00Z,140,23,117,100,-15.2,64,26.1,0
2025-02-17T15:00:00Z,316,164,152,100,-14.3,61,26.5,0
2025-02-17T16:00:00Z,475,337,138,100,-13.3,59,25.7,0
2025-02-17T17:00:00Z,553,407,146,100,-12.4,57,25.4,0
2025-02-17T18:00:00Z,587,463,124,92,-11.1,56,25.5,0
2025-02-17T19:00:00Z,542,424,118,57,-10.2,54,26.7,0
2025-02-17T20:00:00Z,437,326,111,73,-9.8,54,27.1,0
2025-02-17T21:00:00Z,272,169,103,22,-9.6,54,25.8,0
2025-02-17T22:00:00Z,136,85,51,60,-9.8,56,20.7,0
2025-02-17T23:00:00Z,12,5,7,68,-10.5,60,21.1,0
2025-02-18T00:00:00Z,0,0,0,77,-11,61,21.5,0
2025-02-18T01:00:00Z,0,0,0,87,-11.4,61,22.4,0
2025-02-18T02:00:00Z,0,0,0,95,-12.1,63,23,0
2025-02-18T03:00:00Z,0,0,0,100,-12.8,62,22.7,0
2025-02-18T04:00:00Z,0,0,0,100,-13.4,62,22,0
2025-02-18T05:00:00Z,0,0,0,100,-14,63,20.9,0
2025-02-18T06:00:00Z,0,0,0,100,-14.5,62,20.4,0
2025-02-18T07:00:00Z,0,0,0,100,-15.1,63,20.2,0
2025-02-18T08:00:00Z,0,0,0,100,-15.6,63,19.3,0
2025-02-18T09:00:00Z,0,0,0,100,-16.2,63,18.6,0
2025-02-18T10:00:00Z,0,0,0,100,-16.8,65,14.2,0
2025-02-18T11:00:00Z,0,0,0,100,-17,64,15.8,0
2025-02-18T12:00:00Z,0,0,0,51,-17.2,65,15.8,0
2025-02-18T13:00:00Z,48,23,25,55,-16.9,63,15.3,0
2025-02-18T14:00:00Z,201,123,78,68,-15.9,60,19.3,0
2025-02-18T15:00:00Z,344,218,126,100,-15,53,20.5,0
2025-02-18T16:00:00Z,451,261,190,100,-14.2,52,19.8,0
2025-02-18T17:00:00Z,511,301,210,100,-13.6,51,20.1,0
2025-02-18T18:00:00Z,541,336,205,100,-13.1,50,20.5,0
2025-02-18T19:00:00Z,459,208,251,100,-12.6,49,19.9,0
2025-02-18T20:00:00Z,401,225,176,100,-12.4,50,19.5,0
2025-02-18T21:00:00Z,248,100,148,100,-12.6,50,18.2,0
2025-02-18T22:00:00Z,108,30,78,90,-13.3,55,10.6,0
2025-02-18T23:00:00Z,11,3,8,88,-13.9,59,11.2,0
2025-02-19T00:00:00Z,0,0,0,92,-14.2,62,12.7,0
2025-02-19T01:00:00Z,0,0,0,95,-14.6,65,13.4,0
2025-02-19T02:00:00Z,0,0,0,98,-14.9,67,13.8,0
2025-02-19T03:00:00Z,0,0,0,100,-15.3,68,14,0
2025-02-19T04:00:00Z,0,0,0,99,-15.5,70,14,0
2025-02-19T05:00:00Z,0,0,0,90,-15.9,72,13.4,0
2025-02-19T06:00:00Z,0,0,0,65,-16.4,72,12.2,0
2025-02-19T07:00:00Z,0,0,0,79,-17.3,72,11.5,0
2025-02-19T08:00:00Z,0,0,0,86,-18.1,74,11.2,0
2025-02-19T09:00:00Z,0,0,0,25,-18.4,75,10.8,0
2025-02-19T10:00:00Z,0,0,0,2,-18.6,75,9.6,0
2025-02-19T11:00:00Z,0,0,0,7,-18.9,75,10.6,0
2025-02-19T12:00:00Z,0,0,0,1,-19.2,76,10.8,0
2025-02-19T13:00:00Z,56,35,21,1,-18.2,72,11,0
2025-02-19T14:00:00Z,219,161,58,4,-16.2,64,11,0
2025-02-19T15:00:00Z,382,304,78,1,-14.3,58,11.4,0
2025-02-19T16:00:00Z,507,414,93,7,-13,55,10.4,0
2025-02-19T17:00:00Z,572,465,107,33,-11.9,53,10.5,0
2025-02-19T18:00:00Z,590,484,106,29,-10.9,52,10.7,0
2025-02-19T19:00:00Z,552,446,106,25,-10,50,10.5,0
2025-02-19T20:00:00Z,459,370,89,32,-9.5,50,10.6,0
2025-02-19T21:00:00Z,309,229,80,24,-9.1,51,11.1,0
2025-02-19T22:00:00Z,143,94,49,16,-9.6,56,5.3,0
2025-02-19T23:00:00Z,15,7,8,26,-11.2,65,6.7,0
2025-02-20T00:00:00Z,0,0,0,39,-12,66,7.7,0
2025-02-20T01:00:00Z,0,0,0,48,-13,66,7.2,0
2025-02-20T02:00:00Z,0,0,0,28,-13.7,68,6.9,0
2025-02-20T03:00:00Z,0,0,0,17,-14.7,71,7.7,0
2025-02-20T04:00:00Z,0,0,0,15,-15.1,72,8.7,0
2025-02-20T05:00:00Z,0,0,0,20,-15.5,74,9.8,0
2025-02-20T06:00:00Z,0,0,0,17,-16.2,76,10,0
2025-02-20T07:00:00Z,0,0,0,9,-16.6,77,9.4,0
2025-02-20T08:00:00Z,0,0,0,7,-17.5,78,9.3,0
2025-02-20T09:00:00Z,0,0,0,6,-17.9,79,8.9,0
2025-02-20T10:00:00Z,0,0,0,7,-19,80,7.4,0
2025-02-20T11:00:00Z,0,0,0,5,-18.8,81,8,0
2025-02-20T12:00:00Z,0,0,0,8,-19.1,80,9,0
2025-02-20T13:00:00Z,60,37,23,2,-17.9,78,9.5,0
2025-02-20T14:00:00Z,219,155,64,8,-14.6,73,8.6,0
2025-02-20T15:00:00Z,383,298,85,26,-11.4,63,9.5,0
2025-02-20T16:00:00Z,499,383,116,28,-9.6,59,10.1,0
2025-02-20T17:00:00Z,570,436,134,17,-8.1,56,10.3,0
2025-02-20T18:00:00Z,566,415,151,28,-7.2,55,10.5,0
2025-02-20T19:00:00Z,514,334,180,64,-6.5,56,11.7,0
2025-02-20T20:00:00Z,328,149,179,95,-6.4,58,12.8,0
2025-02-20T21:00:00Z,179,45,134,99,-6.5,61,13.7,0
2025-02-20T22:00:00Z,86,21,65,100,-7.2,65,11.6,0
2025-02-20T23:00:00Z,7,0,7,100,-7.8,69,13.2,0.1
2025-02-21T00:00:00Z,0,0,0,99,-8.3,71,14.9,0
2025-02-21T01:00:00Z,0,0,0,100,-8.8,72,15.6,0
2025-02-21T02:00:00Z,0,0,0,100,-9.4,71,16.3,0
2025-02-21T03:00:00Z,0,0,0,96,-10.1,72,16.6,0.1
2025-02-21T04:00:00Z,0,0,0,98,-10.6,72,17,0
2025-02-21T05:00:00Z,0,0,0,98,-11.4,72,17.2,0
2025-02-21T06:00:00Z,0,0,0,99,-11.9,72,17.4,0
2025-02-21T07:00:00Z,0,0,0,100,-12.3,71,17.2,0
2025-02-21T08:00:00Z,0,0,0,100,-12.6,71,16.5,0
2025-02-21T09:00:00Z,0,0,0,100,-12.9,70,16,0
2025-02-21T10:00:00Z,0,0,0,52,-13.2,69,14.1,0
2025-02-21T11:00:00Z,0,0,0,44,-13.3,69,14.4,0
2025-02-21T12:00:00Z,0,0,0,38,-13.4,70,14,0
2025-02-21T13:00:00Z,60,33,27,48,-13,68,13.2,0
2025-02-21T14:00:00Z,213,128,85,31,-12.2,65,16.5,0
2025-02-21T15:00:00Z,369,248,121,13,-11,62,15.6,0
2025-02-21T16:00:00Z,489,342,147,15,-10.1,59,15.2,0
2025-02-21T17:00:00Z,555,370,185,30,-9.1,55,15.9,0
2025-02-21T18:00:00Z,581,414,167,9,-8.5,55,15,0
2025-02-21T19:00:00Z,562,449,113,2,-7.8,53,14.9,0
2025-02-21T20:00:00Z,476,394,82,0,-7.4,52,14.6,0
2025-02-21T21:00:00Z,333,265,68,21,-7.4,53,15.1,0
2025-02-21T22:00:00Z,156,105,51,8,-8,56,10.2,0
2025-02-21T23:00:00Z,18,10,8,7,-9.1,61,10.4,0
2025-02-22T00:00:00Z,0,0,0,6,-10.1,67,11.1,0
2025-02-22T01:00:00Z,0,0,0,1,-11.4,69,10.7,0
2025-02-22T02:00:00Z,0,0,0,0,-12.5,71,9.6,0
2025-02-22T03:00:00Z,0,0,0,0,-13.5,72,8.2,0
2025-02-22T04:00:00Z,0,0,0,0,-14.4,73,7.2,0
2025-02-22T05:00:00Z,0,0,0,0,-14.8,75,7.4,0
2025-02-22T06:00:00Z,0,0,0,31,-15.8,77,7.7,0
2025-02-22T07:00:00Z,0,0,0,99,-16.6,78,7.9,0
2025-02-22T08:00:00Z,0,0,0,100,-18,80,7.7,0
2025-02-22T09:00:00Z,0,0,0,99,-18.8,82,8.3,0
2025-02-22T10:00:00Z,0,0,0,77,-19.8,82,9.2,0
2025-02-22T11:00:00Z,0,0,0,0,-19.9,84,9.7,0
2025-02-22T12:00:00Z,0,0,0,4,-20,85,7.2,0
2025-02-22T13:00:00Z,69,45,24,47,-17.5,82,9,0
2025-02-22T14:00:00Z,232,165,67,51,-14.4,77,7.6,0
2025-02-22T15:00:00Z,338,241,97,52,-10.5,71,7.7,0
2025-02-22T16:00:00Z,481,370,111,44,-7.6,68,9.5,0
2025-02-22T17:00:00Z,495,294,201,72,-5.6,68,12.6,0
2025-02-22T18:00:00Z,491,279,212,100,-4,67,14.4,0
2025-02-22T19:00:00Z,340,114,226,100,-3.1,64,15.8,0
2025-02-22T20:00:00Z,207,9,198,100,-2.6,60,16.7,0
2025-02-22T21:00:00Z,130,3,127,95,-2.2,59,16,0
2025-02-22T22:00:00Z,67,15,52,100,-2.3,62,8.9,0
2025-02-22T23:00:00Z,11,2,9,100,-2.9,66,8.6,0
2025-02-23T00:00:00Z,0,0,0,99,-3,69,9.5,0
2025-02-23T01:00:00Z,0,0,0,100,-3.5,73,11,0.1
2025-02-23T02:00:00Z,0,0,0,100,-3.8,78,12,0.1
2025-02-23T03:00:00Z,0,0,0,100,-4.1,82,12.8,0.2
2025-02-23T04:00:00Z,0,0,0,100,-4.1,83,12.8,0.2
2025-02-23T05:00:00Z,0,0,0,99,-4,85,12.5,0.2
2025-02-23T06:00:00Z,0,0,0,99,-4,86,12.1,0.1
2025-02-23T07:00:00Z,0,0,0,99,-4.1,84,12.2,0.1
2025-02-23T08:00:00Z,0,0,0,98,-4.3,86,12.3,0.1
2025-02-23T09:00:00Z,0,0,0,94,-4.5,86,11.2,0
2025-02-23T10:00:00Z,0,0,0,95,-5.1,88,8.7,0
2025-02-23T11:00:00Z,0,0,0,93,-5.1,88,8.2,0
2025-02-23T12:00:00Z,0,0,0,96,-5,87,8,0
2025-02-23T13:00:00Z,47,12,35,91,-4.4,86,7.4,0
2025-02-23T14:00:00Z,158,51,107,81,-3.3,83,7.8,0
2025-02-23T15:00:00Z,258,68,190,96,-2.6,76,12.2,0
2025-02-23T16:00:00Z,326,78,248,100,-2.1,73,12.2,0
2025-02-23T17:00:00Z,303,25,278,100,-1.8,70,12.9,0
2025-02-23T18:00:00Z,294,48,246,100,-1.4,67,12.5,0
2025-02-23T19:00:00Z,328,55,273,100,-1.6,66,10.5,0
2025-02-23T20:00:00Z,221,35,186,100,-1.4,63,9.7,0
2025-02-23T21:00:00Z,185,56,129,100,-1.2,61,8.9,0
2025-02-23T22:00:00Z,80,9,71,99,-1.3,64,7.4,0
2025-02-23T23:00:00Z,15,3,12,99,-2.4,71,6.7,0
2025-02-24T00:00:00Z,0,0,0,98,-2.9,73,5.5,0
2025-02-24T01:00:00Z,0,0,0,89,-3.4,73,4.4,0
2025-02-24T02:00:00Z,0,0,0,77,-3.1,73,5.8,0
2025-02-24T03:00:00Z,0,0,0,79,-4.1,79,5.6,0
2025-02-24T04:00:00Z,0,0,0,78,-5.7,82,7.2,0
2025-02-24T05:00:00Z,0,0,0,78,-6.2,81,7,0
2025-02-24T06:00:00Z,0,0,0,80,-4.5,79,8.7,0
2025-02-24T07:00:00Z,0,0,0,60,-4.3,80,8.7,0
2025-02-24T08:00:00Z,0,0,0,62,-4.6,84,9.3,0
2025-02-24T09:00:00Z,0,0,0,77,-4.6,87,9.7,0
2025-02-24T10:00:00Z,0,0,0,90,-3.9,90,11.4,0
2025-02-24T11:00:00Z,0,0,0,100,-3.2,89,12.4,0.1
2025-02-24T12:00:00Z,0,0,0,100,-2.6,90,13.5,0.1
2025-02-24T13:00:00Z,20,0,20,100,-1.9,88,15.1,0.1
2025-02-24T14:00:00Z,72,0,72,100,-1.3,85,15,0
2025-02-24T15:00:00Z,186,13,173,100,0.3,79,15,0
2025-02-24T16:00:00Z,268,42,226,100,1.6,71,17.4,0
2025-02-24T17:00:00Z,292,36,256,100,2.5,69,18.4,0.1
2025-02-24T18:00:00Z,282,22,260,100,3.1,68,18.1,0.1
2025-02-24T19:00:00Z,118,0,118,100,3.1,68,20.3,0.2
2025-02-24T20:00:00Z,103,11,92,88,3.1,68,24.8,0.5
2025-02-24T21:00:00Z,154,47,107,93,3.7,69,25.7,0.7
2025-02-24T22:00:00Z,48,3,45,82,4.6,67,28.1,0.5
2025-02-24T23:00:00Z,11,5,6,100,5.1,65,24.9,0.3
2025-02-25T00:00:00Z,0,0,0,88,5.3,65,23.2,0.3
2025-02-25T01:00:00Z,0,0,0,46,5.4,64,21.3,0
2025-02-25T02:00:00Z,0,0,0,26,5.2,65,19,0
2025-02-25T03:00:00Z,0,0,0,52,4.7,70,17.2,0
2025-02-25T04:00:00Z,0,0,0,80,4.3,73,15.7,0
2025-02-25T05:00:00Z,0,0,0,45,4.2,75,14.7,0
2025-02-25T06:00:00Z,0,0,0,24,4,77,12,0
2025-02-25T07:00:00Z,0,0,0,49,2.9,82,10.3,0
2025-02-25T08:00:00Z,0,0,0,64,2.3,84,10.3,0
2025-02-25T09:00:00Z,0,0,0,87,1.7,87,9.4,0
2025-02-25T10:00:00Z,0,0,0,100,0.4,88,7.6,0
2025-02-25T11:00:00Z,0,0,0,100,0.2,89,6.6,0
2025-02-25T12:00:00Z,1,0,1,100,-0.5,90,6.5,0
2025-02-25T13:00:00Z,55,8,47,99,0.4,89,5.7,0
2025-02-25T14:00:00Z,159,32,127,100,2.1,85,5.3,0
2025-02-25T15:00:00Z,266,64,202,100,3.7,78,5.2,0
2025-02-25T16:00:00Z,270,30,240,100,4,79,3.9,0.1
2025-02-25T17:00:00Z,170,3,167,100,4.9,74,3,0.4
2025-02-25T18:00:00Z,223,15,208,100,4.9,76,2.3,0.5
2025-02-25T19:00:00Z,156,2,154,100,4.1,83,3.1,0.7
2025-02-25T20:00:00Z,137,5,132,100,3,91,4.6,0.6
2025-02-25T21:00:00Z,75,0,75,100,2.8,95,4.3,0.5
2025-02-25T22:00:00Z,49,0,49,100,2.3,97,6.2,0.3
2025-02-25T23:00:00Z,9,0,9,100,2.1,98,6.9,0.1
2025-02-26T00:00:00Z,0,0,0,100,2.2,97,7.1,0.1
2025-02-26T01:00:00Z,0,0,0,98,2.2,95,7.6,0
2025-02-26T02:00:00Z,0,0,0,81,1.8,94,8.3,0
2025-02-26T03:00:00Z,0,0,0,66,1,93,8.4,0
2025-02-26T04:00:00Z,0,0,0,88,0.4,93,8.4,0
2025-02-26T05:00:00Z,0,0,0,76,0.3,94,8,0
2025-02-26T06:00:00Z,0,0,0,81,1,94,9.4,0.3
2025-02-26T07:00:00Z,0,0,0,100,1.3,92,12.2,0.2
2025-02-26T08:00:00Z,0,0,0,98,1.2,90,13.5,0.1
2025-02-26T09:00:00Z,0,0,0,97,0.8,88,13.7,0
2025-02-26T10:00:00Z,0,0,0,94,-0.4,84,15.7,0
2025-02-26T11:00:00Z,0,0,0,100,-1,82,16.2,0
2025-02-26T12:00:00Z,0,0,0,98,-1.5,78,15.3,0
2025-02-26T13:00:00Z,33,1,32,96,-2.4,72,15,0
2025-02-26T14:00:00Z,135,24,111,100,-2.6,67,13.4,0
2025-02-26T15:00:00Z,262,42,220,90,-2,60,12.9,0
2025-02-26T16:00:00Z,434,185,249,38,-1.2,55,12.6,0
2025-02-26T17:00:00Z,601,425,176,2,0.1,48,11.6,0
2025-02-26T18:00:00Z,652,546,106,4,1,43,9.5,0
2025-02-26T19:00:00Z,609,526,83,4,1.9,39,7.8,0
2025-02-26T20:00:00Z,503,420,83,10,2.2,39,7.9,0
2025-02-26T21:00:00Z,353,277,76,31,2.2,41,8.1,0
2025-02-26T22:00:00Z,173,120,53,58,1.2,42,4.7,0
2025-02-26T23:00:00Z,25,10,15,94,1.2,39,6,0
2025-02-27T00:00:00Z,0,0,0,95,-1.6,54,7,0
2025-02-27T01:00:00Z,0,0,0,75,-3.5,66,8.7,0
2025-02-27T02:00:00Z,0,0,0,33,-4.8,72,9.4,0
2025-02-27T03:00:00Z,0,0,0,17,-6.1,75,7.9,0
2025-02-27T04:00:00Z,0,0,0,9,-7.1,79,8.4,0
2025-02-27T05:00:00Z,0,0,0,10,-7.2,86,7.2,0
2025-02-27T06:00:00Z,0,0,0,14,-6.5,89,9,0
2025-02-27T07:00:00Z,0,0,0,21,-7.7,94,6.4,0
2025-02-27T08:00:00Z,0,0,0,20,-9.8,96,9.3,0
2025-02-27T09:00:00Z,0,0,0,67,-8.8,96,8.3,0
2025-02-27T10:00:00Z,0,0,0,92,-10.3,97,9.4,0
2025-02-27T11:00:00Z,0,0,0,98,-8.5,92,7,0
2025-02-27T12:00:00Z,1,0,1,96,-7.5,92,7.8,0
2025-02-27T13:00:00Z,47,10,37,100,-6.7,92,8.5,0.1
2025-02-27T14:00:00Z,74,0,74,99,-5.1,88,8.6,0.3
2025-02-27T15:00:00Z,95,1,94,100,-3.3,87,8.3,0.5
2025-02-27T16:00:00Z,98,0,98,100,-2.8,89,8.4,0.7
2025-02-27T17:00:00Z,145,3,142,97,-2,88,7.6,0.7
2025-02-27T18:00:00Z,208,39,169,95,-1.3,88,5.4,0.6
2025-02-27T19:00:00Z,181,26,155,87,-0.7,87,4.2,0.4
2025-02-27T20:00:00Z,172,28,144,95,-0.1,87,6.2,0.1
2025-02-27T21:00:00Z,259,108,151,81,0.2,85,8.9,0
2025-02-27T22:00:00Z,124,31,93,99,0.8,84,7.7,0
2025-02-27T23:00:00Z,18,1,17,95,0.3,88,8.2,0
2025-02-28T00:00:00Z,0,0,0,100,0.1,90,9,0
2025-02-28T01:00:00Z,0,0,0,100,0.7,88,11.8,0
2025-02-28T02:00:00Z,0,0,0,96,1.5,87,15,0
2025-02-28T03:00:00Z,0,0,0,99,1.9,85,17.3,0
2025-02-28T04:00:00Z,0,0,0,92,2.2,85,17.4,0
2025-02-28T05:00:00Z,0,0,0,99,1.3,82,18.7,0
2025-02-28T06:00:00Z,0,0,0,98,-1.8,74,22.8,0
2025-02-28T07:00:00Z,0,0,0,96,-4.2,70,22.7,0
2025-02-28T08:00:00Z,0,0,0,99,-6.2,70,23.8,0
2025-02-28T09:00:00Z,0,0,0,99,-8.3,68,23,0
2025-02-28T10:00:00Z,0,0,0,96,-10.7,64,22.2,0
2025-02-28T11:00:00Z,0,0,0,97,-11.8,63,18.8,0
2025-02-28T12:00:00Z,2,0,2,97,-13,64,15.9,0
2025-02-28T13:00:00Z,102,67,35,98,-13.3,60,16,0
2025-02-28T14:00:00Z,275,196,79,97,-12.8,56,14.3,0
2025-02-28T15:00:00Z,444,341,103,22,-11.7,50,10.9,0
2025-02-28T16:00:00Z,585,499,86,100,-10.6,45,9.2,0
2025-02-28T17:00:00Z,651,537,114,100,-9.5,41,6.3,0
2025-02-28T18:00:00Z,543,239,304,100,-8.5,38,4.5,0
2025-02-28T19:00:00Z,505,227,278,99,-8,38,1.3,0
2025-02-28T20:00:00Z,506,393,113,100,-7.7,38,5,0
2025-02-28T21:00:00Z,246,59,187,100,-7.8,42,10.2,0
2025-02-28T22:00:00Z,92,0,92,100,-7.6,47,12.3,0
2025-02-28T23:00:00Z,12,0,12,100,-8.2,56,14.5,0.2
2025-03-01T00:00:00Z,0,0,0,100,-8.8,67,15.3,0.4
2025-03-01T01:00:00Z,0,0,0,100,-9.1,73,18.4,0.7
2025-03-01T02:00:00Z,0,0,0,100,-9.1,78,19.4,0.7
2025-03-01T03:00:00Z,0,0,0,100,-8.9,82,19.6,0.6
2025-03-01T04:00:00Z,0,0,0,100,-8.6,89,18.2,0.4
2025-03-01T05:00:00Z,0,0,0,98,-8.2,90,17.2,0.6
2025-03-01T06:00:00Z,0,0,0,90,-7.7,90,15.7,0.2
2025-03-01T07:00:00Z,0,0,0,97,-7.4,91,13.7,0
2025-03-01T08:00:00Z,0,0,0,100,-7.2,92,10.8,0.1
2025-03-01T09:00:00Z,0,0,0,100,-6.9,92,8.4,0.6
2025-03-01T10:00:00Z,0,0,0,98,-7,94,4.5,0.7
2025-03-01T11:00:00Z,0,0,0,98,-6,93,5.5,0.3
2025-03-01T12:00:00Z,2,0,2,99,-4.8,96,6.2,0.1
2025-03-01T13:00:00Z,42,5,37,98,-2.4,91,12.4,0.1
2025-03-01T14:00:00Z,118,19,99,98,-2.2,84,17.3,0.1
2025-03-01T15:00:00Z,154,37,117,100,-6.4,79,22.2,0.1
2025-03-01T16:00:00Z,150,35,115,99,-8.4,75,22.6,0
2025-03-01T17:00:00Z,276,45,231,100,-9.2,72,23,0
2025-03-01T18:00:00Z,388,75,313,97,-9.4,67,23.2,0.1
2025-03-01T19:00:00Z,500,228,272,93,-9.3,63,23.5,0.1
2025-03-01T20:00:00Z,407,154,253,97,-9.3,60,23.1,0.1
2025-03-01T21:00:00Z,252,52,200,95,-9.9,62,22.4,0.1
2025-03-01T22:00:00Z,129,31,98,99,-10.6,63,19.1,0
2025-03-01T23:00:00Z,27,6,21,100,-11.2,65,18.4,0
2025-03-02T00:00:00Z,0,0,0,97,-11.8,67,19.7,0
2025-03-02T01:00:00Z,0,0,0,100,-12.5,65,20.2,0
2025-03-02T02:00:00Z,0,0,0,98,-13.4,64,20.2,0
2025-03-02T03:00:00Z,0,0,0,54,-14.5,64,18.6,0
2025-03-02T04:00:00Z,0,0,0,41,-15.6,65,17.7,0
2025-03-02T05:00:00Z,0,0,0,40,-16.7,66,17.1,0
2025-03-02T06:00:00Z,0,0,0,40,-17.6,67,16.5,0
2025-03-02T07:00:00Z,0,0,0,40,-18.6,67,15.7,0
2025-03-02T08:00:00Z,0,0,0,40,-19.7,68,15.3,0
2025-03-02T09:00:00Z,0,0,0,40,-20.5,68,14.5,0
2025-03-02T10:00:00Z,0,0,0,40,-21.6,68,13.8,0
2025-03-02T11:00:00Z,0,0,0,40,-22.1,69,13.2,0
2025-03-02T12:00:00Z,3,1,2,8,-22.2,70,13,0
2025-03-02T13:00:00Z,110,72,38,25,-21.1,66,13.1,0
2025-03-02T14:00:00Z,291,218,73,85,-19.4,60,14.8,0
2025-03-02T15:00:00Z,449,341,108,99,-17.7,55,14.7,0
2025-03-02T16:00:00Z,583,470,113,99,-16.2,52,15,0
2025-03-02T17:00:00Z,664,558,106,100,-15,50,14.8,0
2025-03-02T18:00:00Z,674,550,124,100,-13.7,49,14.6,0
2025-03-02T19:00:00Z,625,501,124,89,-12.9,49,14.6,0
2025-03-02T20:00:00Z,531,430,101,60,-12.2,48,14.3,0
2025-03-02T21:00:00Z,382,299,83,84,-11.7,49,13.8,0
2025-03-02T22:00:00Z,204,148,56,1,-11.7,51,8.1,0
2025-03-02T23:00:00Z,40,24,16,0,-14.1,61,6.2,0
2025-03-03T00:00:00Z,0,0,0,0,-16.1,65,8.2,0
2025-03-03T01:00:00Z,0,0,0,0,-18,67,8.8,0
2025-03-03T02:00:00Z,0,0,0,0,-19.1,68,9.7,0
2025-03-03T03:00:00Z,0,0,0,0,-20.2,72,8.9,0
2025-03-03T04:00:00Z,0,0,0,0,-21.3,74,8.3,0
2025-03-03T05:00:00Z,0,0,0,0,-21.8,76,7.8,0
2025-03-03T06:00:00Z,0,0,0,4,-21.7,77,8.3,0
2025-03-03T07:00:00Z,0,0,0,11,-22.5,79,8.7,0
2025-03-03T08:00:00Z,0,0,0,5,-23,80,9,0
2025-03-03T09:00:00Z,0,0,0,0,-23.2,81,8.3,0
2025-03-03T10:00:00Z,0,0,0,0,-23.8,82,8,0
2025-03-03T11:00:00Z,0,0,0,0,-23.8,83,6,0
2025-03-03T12:00:00Z,4,2,2,0,-22.5,83,4.1,0
2025-03-03T13:00:00Z,117,80,37,2,-20.4,82,0.9,0
2025-03-03T14:00:00Z,301,237,64,7,-16.3,64,2.6,0
2025-03-03T15:00:00Z,473,390,83,25,-12.1,59,5,0
2025-03-03T16:00:00Z,596,486,110,65,-8.5,51,8.1,0
2025-03-03T17:00:00Z,668,559,109,99,-6.5,49,9.8,0
2025-03-03T18:00:00Z,681,571,110,100,-4.7,48,10.8,0
2025-03-03T19:00:00Z,561,330,231,100,-3.3,50,12,0
2025-03-03T20:00:00Z,324,90,234,99,-2.3,52,13.5,0
2025-03-03T21:00:00Z,226,43,183,99,-1.8,56,12.3,0
2025-03-03T22:00:00Z,86,2,84,100,-2.3,62,11.6,0.1
2025-03-03T23:00:00Z,24,1,23,98,-2.7,70,12.1,0.1
2025-03-04T00:00:00Z,0,0,0,96,-3.4,75,11.4,0.1
2025-03-04T01:00:00Z,0,0,0,95,-4.1,79,10.4,0
2025-03-04T02:00:00Z,0,0,0,97,-4.4,80,10.4,0
2025-03-04T03:00:00Z,0,0,0,94,-3.8,80,10.8,0
2025-03-04T04:00:00Z,0,0,0,63,-3.9,80,10.8,0
2025-03-04T05:00:00Z,0,0,0,59,-3.9,80,10.9,0
2025-03-04T06:00:00Z,0,0,0,100,-4,81,10.8,0
2025-03-04T07:00:00Z,0,0,0,98,-3.9,81,10.9,0
2025-03-04T08:00:00Z,0,0,0,97,-4,82,10,0
2025-03-04T09:00:00Z,0,0,0,100,-3.8,81,10.1,0
2025-03-04T10:00:00Z,0,0,0,100,-3.9,83,9.3,0
2025-03-04T11:00:00Z,0,0,0,100,-4.1,84,8.5,0
2025-03-04T12:00:00Z,4,0,4,100,-3.6,84,8.5,0
2025-03-04T13:00:00Z,64,5,59,100,-2.5,80,9.6,0
2025-03-04T14:00:00Z,172,19,153,100,-0.9,73,10.5,0
2025-03-04T15:00:00Z,228,14,214,100,0.4,71,12.9,0.1
2025-03-04T16:00:00Z,169,1,168,100,0.4,78,12.5,0.3
2025-03-04T17:00:00Z,259,23,236,100,0.8,79,12.2,0.4
2025-03-04T18:00:00Z,160,2,158,100,0.7,86,9.1,0.4
2025-03-04T19:00:00Z,123,0,123,100,0.6,89,7.6,1.1
2025-03-04T20:00:00Z,80,3,77,100,0.5,93,7.4,1.3
2025-03-04T21:00:00Z,71,6,65,100,0.7,94,8.6,0.9
2025-03-04T22:00:00Z,19,0,19,100,0.5,96,6,0.6
2025-03-04T23:00:00Z,6,0,6,100,0.3,97,4.7,0.3
2025-03-05T00:00:00Z,0,0,0,100,0.5,98,4.9,0.2
2025-03-05T01:00:00Z,0,0,0,100,0.7,96,6.5,0.3
2025-03-05T02:00:00Z,0,0,0,100,0.9,96,6.4,0.3
2025-03-05T03:00:00Z,0,0,0,100,0.9,96,4.7,0.5
2025-03-05T04:00:00Z,0,0,0,100,0.9,96,4.6,0.8
2025-03-05T05:00:00Z,0,0,0,100,0.9,96,6.3,0.9
2025-03-05T06:00:00Z,0,0,0,92,1,97,6.7,0.7
2025-03-05T07:00:00Z,0,0,0,100,1.1,95,9.1,0
2025-03-05T08:00:00Z,0,0,0,100,1.3,94,10.1,0
2025-03-05T09:00:00Z,0,0,0,100,1.3,95,11.5,0
2025-03-05T10:00:00Z,0,0,0,100,1.3,95,11.2,0
2025-03-05T11:00:00Z,0,0,0,100,1.2,96,13.3,0
2025-03-05T12:00:00Z,3,0,3,100,1.3,95,13.7,0
2025-03-05T13:00:00Z,34,0,34,100,1.5,93,15.1,0
2025-03-05T14:00:00Z,73,1,72,100,1.8,89,14.4,0.1
2025-03-05T15:00:00Z,168,1,167,100,2.5,86,13.9,0.1
2025-03-05T16:00:00Z,259,10,249,100,3.2,83,14.1,0.1
2025-03-05T17:00:00Z,315,32,283,100,3.8,82,14.4,0.1
2025-03-05T18:00:00Z,333,52,281,100,4.3,83,15.1,0.1
2025-03-05T19:00:00Z,84,0,84,100,3.9,87,16.6,0.7
2025-03-05T20:00:00Z,55,0,55,100,3.5,91,17.3,0.9
2025-03-05T21:00:00Z,41,0,41,100,3.5,91,16.6,0.8
2025-03-05T22:00:00Z,19,0,19,100,3.3,94,16.3,0.9
2025-03-05T23:00:00Z,9,0,9,100,3.4,94,15.2,1.5
2025-03-06T00:00:00Z,0,0,0,100,3.3,95,14.4,2
2025-03-06T01:00:00Z,0,0,0,100,3.2,95,13.8,0.8
2025-03-06T02:00:00Z,0,0,0,100,3.4,97,13.4,0.4
2025-03-06T03:00:00Z,0,0,0,100,3.6,98,11.9,0.6
2025-03-06T04:00:00Z,0,0,0,100,3.8,98,12,0.6
2025-03-06T05:00:00Z,0,0,0,100,3.9,99,11.2,1.7
2025-03-06T06:00:00Z,0,0,0,100,4,99,9.7,1.2
2025-03-06T07:00:00Z,0,0,0,100,4.4,99,8.7,0.1
2025-03-06T08:00:00Z,0,0,0,100,4.4,98,8.8,0.1
2025-03-06T09:00:00Z,0,0,0,100,4.6,99,9.9,0
2025-03-06T10:00:00Z,0,0,0,100,4.2,99,12.2,0
2025-03-06T11:00:00Z,0,0,0,100,3.9,99,13.8,0.1
2025-03-06T12:00:00Z,2,0,2,100,3.5,97,15.3,0
2025-03-06T13:00:00Z,23,0,23,100,3,91,15.4,0.1
2025-03-06T14:00:00Z,76,8,68,100,3,85,14,0.1
2025-03-06T15:00:00Z,233,48,185,100,3.6,80,18.3,0
2025-03-06T16:00:00Z,257,20,237,100,3.8,78,18.1,0
2025-03-06T17:00:00Z,252,33,219,100,3.5,78,18.6,0
2025-03-06T18:00:00Z,194,10,184,98,3.2,78,16,0.1
2025-03-06T19:00:00Z,147,9,138,98,3.1,79,16.3,0.1
2025-03-06T20:00:00Z,126,14,112,100,2.8,78,17.2,0.2
2025-03-06T21:00:00Z,68,1,67,100,1.7,81,18.5,0.2
2025-03-06T22:00:00Z,50,0,50,100,-0.3,83,18.5,0.3
2025-03-06T23:00:00Z,13,0,13,100,-1.1,83,19.1,0.4
2025-03-07T00:00:00Z,0,0,0,100,-2.5,79,22.6,0.4
2025-03-07T01:00:00Z,0,0,0,100,-4.6,73,24.6,0.3
2025-03-07T02:00:00Z,0,0,0,100,-6.6,69,24.9,0.2
2025-03-07T03:00:00Z,0,0,0,100,-7.6,70,23.3,0.1
2025-03-07T04:00:00Z,0,0,0,100,-8.2,74,20.4,0.1
2025-03-07T05:00:00Z,0,0,0,100,-8.4,78,16.7,0.1
2025-03-07T06:00:00Z,0,0,0,99,-8.3,77,20,0.1
2025-03-07T07:00:00Z,0,0,0,100,-8.1,76,20,0.1
2025-03-07T08:00:00Z,0,0,0,100,-8,76,19.8,0.1
2025-03-07T09:00:00Z,0,0,0,92,-8,77,19.2,0
2025-03-07T10:00:00Z,0,0,0,73,-8,77,16.2,0
2025-03-07T11:00:00Z,0,0,0,31,-8.1,78,16.5,0
2025-03-07T12:00:00Z,8,3,5,2,-8.2,78,17.2,0
2025-03-07T13:00:00Z,137,94,43,3,-7.2,75,15.9,0
2025-03-07T14:00:00Z,326,260,66,21,-5.4,68,20.4,0
2025-03-07T15:00:00Z,491,402,89,78,-3.5,56,26.4,0
2025-03-07T16:00:00Z,615,504,111,60,-2.2,52,28.6,0
2025-03-07T17:00:00Z,641,424,217,93,-1.3,51,28.6,0
2025-03-07T18:00:00Z,584,332,252,100,-1,52,28,0
2025-03-07T19:00:00Z,492,188,304,83,-0.8,51,27.6,0
2025-03-07T20:00:00Z,357,107,250,71,-0.8,52,26.6,0
2025-03-07T21:00:00Z,300,112,188,59,-0.9,47,25.5,0
2025-03-07T22:00:00Z,217,150,67,42,-1.4,47,19.5,0
2025-03-07T23:00:00Z,53,33,20,17,-2.2,49,17.8,0
2025-03-08T00:00:00Z,0,0,0,0,-2.7,50,15.8,0
2025-03-08T01:00:00Z,0,0,0,1,-3.5,56,12.6,0
2025-03-08T02:00:00Z,0,0,0,21,-4.6,63,11.9,0
2025-03-08T03:00:00Z,0,0,0,23,-5.3,68,12.3,0
2025-03-08T04:00:00Z,0,0,0,4,-5.8,72,13.3,0
2025-03-08T05:00:00Z,0,0,0,36,-6.5,74,14.3,0
2025-03-08T06:00:00Z,0,0,0,71,-7.4,77,15.4,0
2025-03-08T07:00:00Z,0,0,0,45,-7.8,75,16.6,0
2025-03-08T08:00:00Z,0,0,0,39,-7.9,69,18.7,0
2025-03-08T09:00:00Z,0,0,0,92,-8.5,67,19.5,0
2025-03-08T10:00:00Z,0,0,0,99,-8.9,69,19.3,0
2025-03-08T11:00:00Z,0,0,0,100,-8.9,68,20.3,0
2025-03-08T12:00:00Z,10,3,7,100,-9,68,21,0
2025-03-08T13:00:00Z,122,56,66,99,-8.3,66,18.9,0
2025-03-08T14:00:00Z,294,184,110,98,-7.5,59,28.8,0
2025-03-08T15:00:00Z,416,227,189,100,-6.5,56,27,0
2025-03-08T16:00:00Z,543,333,210,100,-5.5,53,26,0
2025-03-08T17:00:00Z,621,419,202,100,-4.5,51,25.3,0
2025-03-08T18:00:00Z,659,467,192,88,-3.2,47,25,0
2025-03-08T19:00:00Z,632,453,179,21,-2.2,43,25,0
2025-03-08T20:00:00Z,555,448,107,24,-1,38,24.6,0
2025-03-08T21:00:00Z,409,328,81,1,-0.8,39,23.9,0
2025-03-08T22:00:00Z,229,171,58,0,-0.9,42,17.6,0
2025-03-08T23:00:00Z,56,36,20,0,-1.8,46,16.8,0
2025-03-09T00:00:00Z,0,0,0,0,-2.4,49,16.7,0
2025-03-09T01:00:00Z,0,0,0,0,-3,51,15.5,0
2025-03-09T02:00:00Z,0,0,0,0,-3.7,55,14.3,0
2025-03-09T03:00:00Z,0,0,0,10,-4.3,61,13.9,0
2025-03-09T04:00:00Z,0,0,0,73,-5.2,66,13.7,0
2025-03-09T05:00:00Z,0,0,0,97,-5.6,70,12.6,0
2025-03-09T06:00:00Z,0,0,0,58,-6.1,74,12.8,0
2025-03-09T07:00:00Z,0,0,0,59,-6.6,77,10.6,0
2025-03-09T08:00:00Z,0,0,0,98,-6.7,78,8.9,0
2025-03-09T09:00:00Z,0,0,0,99,-5.6,79,9.6,0
2025-03-09T10:00:00Z,0,0,0,99,-4.8,80,11.8,0.1
2025-03-09T11:00:00Z,0,0,0,95,-4.2,81,11.2,0.1
2025-03-09T12:00:00Z,8,2,6,90,-4.3,84,11,0
2025-03-09T13:00:00Z,99,46,53,72,-3.3,80,10.9,0
2025-03-09T14:00:00Z,258,146,112,50,-1.7,78,13.2,0
2025-03-09T15:00:00Z,444,266,178,57,-0,63,18.1,0.1
2025-03-09T16:00:00Z,505,284,221,50,0.6,58,19.7,0
2025-03-09T17:00:00Z,534,228,306,57,1,55,20.9,0
2025-03-09T18:00:00Z,649,434,215,88,1.4,52,21.6,0
2025-03-09T19:00:00Z,530,255,275,100,1.6,49,22.6,0
2025-03-09T20:00:00Z,465,234,231,87,1.8,47,20.9,0
2025-03-09T21:00:00Z,385,270,115,57,1.8,44,18.1,0
2025-03-09T22:00:00Z,189,123,66,99,1.8,48,10.1,0
2025-03-09T23:00:00Z,40,9,31,100,0.9,58,7.8,0
2025-03-10T00:00:00Z,0,0,0,100,0.2,67,3.8,0.1
2025-03-10T01:00:00Z,0,0,0,100,-0.1,73,4.7,0.3
2025-03-10T02:00:00Z,0,0,0,100,-0.4,84,3.5,0.6
2025-03-10T03:00:00Z,0,0,0,100,-0.8,90,3.8,1.4
2025-03-10T04:00:00Z,0,0,0,100,-1,93,4.3,1.5
2025-03-10T05:00:00Z,0,0,0,100,-1.4,96,5.2,1.2
2025-03-10T06:00:00Z,0,0,0,93,-1.3,95,3.3,0.7
2025-03-10T07:00:00Z,0,0,0,91,-1.5,94,2,0.3
2025-03-10T08:00:00Z,0,0,0,90,-1.9,94,3.1,0.1
2025-03-10T09:00:00Z,0,0,0,88,-1.7,94,4,0
2025-03-10T10:00:00Z,0,0,0,90,-2.5,94,3.7,0
2025-03-10T11:00:00Z,0,0,0,72,-2.3,94,3.7,0
2025-03-10T12:00:00Z,10,3,7,83,-2.1,94,5.7,0
2025-03-10T13:00:00Z,101,46,55,83,-1,88,5.9,0
2025-03-10T14:00:00Z,217,66,151,89,0.2,79,10.2,0
2025-03-10T15:00:00Z,308,60,248,99,1,74,11.2,0
2025-03-10T16:00:00Z,412,99,313,100,1.7,69,11.2,0
2025-03-10T17:00:00Z,584,314,270,96,2.4,64,11.8,0
2025-03-10T18:00:00Z,659,472,187,98,3.4,60,12.6,0
2025-03-10T19:00:00Z,558,308,250,100,4.2,55,10.3,0
2025-03-10T20:00:00Z,398,124,274,100,4.6,54,8.3,0
2025-03-10T21:00:00Z,252,27,225,100,4.3,59,5.4,0
2025-03-10T22:00:00Z,162,38,124,100,5.3,51,1.9,0
2025-03-10T23:00:00Z,38,12,26,100,2.9,65,5.5,0
2025-03-11T00:00:00Z,0,0,0,98,2.4,71,9.1,0
2025-03-11T01:00:00Z,0,0,0,67,2.1,72,11.7,0
2025-03-11T02:00:00Z,0,0,0,100,1.2,77,12.5,0
2025-03-11T03:00:00Z,0,0,0,98,0.7,80,12.2,0
2025-03-11T04:00:00Z,0,0,0,99,0.5,81,11.1,0
2025-03-11T05:00:00Z,0,0,0,98,-0.1,83,10.3,0
2025-03-11T06:00:00Z,0,0,0,99,-0.6,86,10.2,0
2025-03-11T07:00:00Z,0,0,0,97,-1.2,87,9.8,0
2025-03-11T08:00:00Z,0,0,0,99,-1.3,85,9.6,0
2025-03-11T09:00:00Z,0,0,0,92,-1,85,10.2,0
2025-03-11T10:00:00Z,0,0,0,56,-0.8,85,12.3,0
2025-03-11T11:00:00Z,0,0,0,70,-0.5,86,15.3,0
2025-03-11T12:00:00Z,15,5,10,69,1.1,82,17.3,0
2025-03-11T13:00:00Z,137,79,58,80,3.7,71,18.5,0
2025-03-11T14:00:00Z,272,164,108,54,6.4,62,18,0.6
2025-03-11T15:00:00Z,405,262,143,56,8.4,56,16.5,0.6
2025-03-11T16:00:00Z,520,379,141,20,9.4,54,16.1,0.5
2025-03-11T17:00:00Z,652,525,127,4,10.6,50,17.7,0
2025-03-11T18:00:00Z,704,597,107,65,11.8,43,18.9,0
2025-03-11T19:00:00Z,577,375,202,63,11.4,44,20.3,0
2025-03-11T20:00:00Z,405,235,170,51,9,54,22.3,0
2025-03-11T21:00:00Z,307,174,133,48,7.3,58,24.3,0
2025-03-11T22:00:00Z,202,126,76,13,4.7,53,19,0
2025-03-11T23:00:00Z,57,34,23,13,2.7,52,18.2,0
2025-03-12T00:00:00Z,0,0,0,21,1.2,53,18.9,0
2025-03-12T01:00:00Z,0,0,0,30,-0.4,54,18.2,0
2025-03-12T02:00:00Z,0,0,0,61,-1.7,53,17.4,0
2025-03-12T03:00:00Z,0,0,0,97,-2.9,50,17,0
2025-03-12T04:00:00Z,0,0,0,57,-4.4,51,17,0
2025-03-12T05:00:00Z,0,0,0,48,-5.8,54,15.2,0
2025-03-12T06:00:00Z,0,0,0,99,-6.5,57,12.3,0
2025-03-12T07:00:00Z,0,0,0,98,-7.5,61,12.1,0
2025-03-12T08:00:00Z,0,0,0,90,-8.4,65,9.7,0
2025-03-12T09:00:00Z,0,0,0,85,-9.8,69,7.5,0
2025-03-12T10:00:00Z,0,0,0,0,-10.1,68,6.9,0
2025-03-12T11:00:00Z,0,0,0,0,-11.6,71,8.7,0
2025-03-12T12:00:00Z,20,11,9,0,-11.9,72,7.2,0
2025-03-12T13:00:00Z,169,119,50,0,-8.8,64,5.4,0
2025-03-12T14:00:00Z,352,268,84,0,-6.9,48,5,0
2025-03-12T15:00:00Z,523,429,94,56,-5.4,42,4.2,0
2025-03-12T16:00:00Z,639,504,135,100,-4.1,39,4.1,0
2025-03-12T17:00:00Z,606,284,322,100,-3.3,37,2.7,0
2025-03-12T18:00:00Z,504,148,356,100,-2.7,36,1.5,0
2025-03-12T19:00:00Z,464,109,355,100,-2.2,35,2.2,0
2025-03-12T20:00:00Z,359,54,305,100,-1.7,35,1.8,0
2025-03-12T21:00:00Z,256,58,198,100,-1.3,34,0.9,0
2025-03-12T22:00:00Z,185,63,122,71,-1.3,37,2.4,0
2025-03-12T23:00:00Z,64,34,30,5,-4.7,52,6,0
2025-03-13T00:00:00Z,0,0,0,15,-5.6,56,7.6,0
2025-03-13T01:00:00Z,0,0,0,46,-6.4,59,8,0
2025-03-13T02:00:00Z,0,0,0,16,-7.7,63,9.1,0
2025-03-13T03:00:00Z,0,0,0,2,-8.3,65,9.4,0
2025-03-13T04:00:00Z,0,0,0,0,-8.8,67,8.9,0
2025-03-13T05:00:00Z,0,0,0,0,-10.4,71,9.9,0
2025-03-13T06:00:00Z,0,0,0,3,-10.9,72,10.6,0
2025-03-13T07:00:00Z,0,0,0,2,-10.5,70,9.7,0
2025-03-13T08:00:00Z,0,0,0,41,-10.6,71,8.2,0
2025-03-13T09:00:00Z,0,0,0,35,-10,70,8,0
2025-03-13T10:00:00Z,0,0,0,27,-11.4,70,7.6,0
2025-03-13T11:00:00Z,0,0,0,47,-11.3,73,8.9,0
2025-03-13T12:00:00Z,21,10,11,90,-10.6,74,10.1,0
2025-03-13T13:00:00Z,161,98,63,100,-8.1,66,10.2,0
2025-03-13T14:00:00Z,334,225,109,99,-5.3,58,9.4,0
2025-03-13T15:00:00Z,472,291,181,95,-2.8,52,9.3,0
2025-03-13T16:00:00Z,552,319,233,94,-0.3,48,7.2,0
2025-03-13T17:00:00Z,603,405,198,93,1.8,45,5.6,0
2025-03-13T18:00:00Z,538,298,240,95,2.7,46,5.5,0
2025-03-13T19:00:00Z,607,361,246,97,4.2,48,6.8,0
2025-03-13T20:00:00Z,501,291,210,99,5.2,45,6.9,0
2025-03-13T21:00:00Z,382,220,162,98,5.6,45,5.6,0
2025-03-13T22:00:00Z,217,114,103,82,4.3,50,4.6,0
2025-03-13T23:00:00Z,66,34,32,90,1.2,58,7.7,0
2025-03-14T00:00:00Z,0,0,0,87,-0.6,65,7.3,0
2025-03-14T01:00:00Z,0,0,0,73,-1.5,68,7.6,0
2025-03-14T02:00:00Z,0,0,0,71,-1.8,69,8.9,0
2025-03-14T03:00:00Z,0,0,0,0,-3.6,74,9.4,0
2025-03-14T04:00:00Z,0,0,0,0,-1.9,69,10.3,0
2025-03-14T05:00:00Z,0,0,0,0,-1.7,71,5.2,0
2025-03-14T06:00:00Z,0,0,0,0,-2.6,73,3.9,0
2025-03-14T07:00:00Z,0,0,0,0,-2.9,75,2.7,0
2025-03-14T08:00:00Z,0,0,0,0,-3.9,79,2.6,0
2025-03-14T09:00:00Z,0,0,0,0,-5.9,85,5.6,0
2025-03-14T10:00:00Z,0,0,0,1,-8.4,89,6.4,0
2025-03-14T11:00:00Z,0,0,0,0,-7.4,88,6.7,0
2025-03-14T12:00:00Z,23,13,10,1,-7.3,89,6.1,0
2025-03-14T13:00:00Z,173,123,50,70,-4.7,72,2.6,0
2025-03-14T14:00:00Z,357,284,73,99,0.2,57,0.5,0
2025-03-14T15:00:00Z,521,434,87,86,4.5,52,1.8,0
2025-03-14T16:00:00Z,642,540,102,96,6.7,50,4,0
2025-03-14T17:00:00Z,694,532,162,97,8.6,43,5.9,0
2025-03-14T18:00:00Z,682,473,209,100,9.7,39,7.3,0
2025-03-14T19:00:00Z,653,502,151,100,10.2,37,8.3,0
2025-03-14T20:00:00Z,544,398,146,99,10.5,37,8.1,0
2025-03-14T21:00:00Z,367,193,174,97,10,42,6,0
2025-03-14T22:00:00Z,211,97,114,99,8.7,46,7.6,0
2025-03-14T23:00:00Z,59,18,41,98,7.4,50,9.5,0
2025-03-15T00:00:00Z,0,0,0,98,5.3,60,11.6,0
2025-03-15T01:00:00Z,0,0,0,98,4.2,64,11.6,0
2025-03-15T02:00:00Z,0,0,0,100,3.7,67,11.5,0
2025-03-15T03:00:00Z,0,0,0,100,3.1,71,11.1,0
2025-03-15T04:00:00Z,0,0,0,100,2.4,75,11.3,0
2025-03-15T05:00:00Z,0,0,0,100,2.1,76,10.6,0
2025-03-15T06:00:00Z,0,0,0,99,1.9,77,9.6,0
2025-03-15T07:00:00Z,0,0,0,98,1.8,77,9.4,0
2025-03-15T08:00:00Z,0,0,0,98,2.1,77,9.6,0
2025-03-15T09:00:00Z,0,0,0,97,2.1,79,10.6,0
2025-03-15T10:00:00Z,0,0,0,11,1.7,82,10.9,0
2025-03-15T11:00:00Z,0,0,0,6,1.6,83,10.8,0
2025-03-15T12:00:00Z,23,12,11,66,2.3,81,12.3,0.4
2025-03-15T13:00:00Z,136,76,60,82,4.5,74,11.6,0
2025-03-15T14:00:00Z,346,269,77,41,7.7,64,10.8,0
2025-03-15T15:00:00Z,504,414,90,100,10.6,56,13.3,0
2025-03-15T16:00:00Z,597,448,149,100,12.3,51,16.9,0
2025-03-15T17:00:00Z,597,318,279,100,13.2,51,17.3,0
2025-03-15T18:00:00Z,591,284,307,100,13.6,52,16.2,0
2025-03-15T19:00:00Z,452,103,349,100,14.1,53,14.8,0
2025-03-15T20:00:00Z,406,115,291,100,12.9,57,14.1,0
2025-03-15T21:00:00Z,289,98,191,100,11.8,60,13.2,0.2
2025-03-15T22:00:00Z,92,0,92,100,12.3,62,11.3,0.2
2025-03-15T23:00:00Z,39,2,37,100,10.2,70,12.3,0
2025-03-16T00:00:00Z,0,0,0,100,9.7,75,12.6,0
2025-03-16T01:00:00Z,0,0,0,100,9.5,78,13.1,0
2025-03-16T02:00:00Z,0,0,0,100,9.2,79,15,0
2025-03-16T03:00:00Z,0,0,0,100,9.1,77,15.7,0.5
2025-03-16T04:00:00Z,0,0,0,100,9.2,79,18.7,1.2
2025-03-16T05:00:00Z,0,0,0,96,9.5,82,20,0.9
2025-03-16T06:00:00Z,0,0,0,100,9.6,84,18.8,0.3
2025-03-16T07:00:00Z,0,0,0,99,9,86,16.7,0.7
2025-03-16T08:00:00Z,0,0,0,98,8.2,88,14.3,0.2
2025-03-16T09:00:00Z,0,0,0,100,7.4,92,14.1,0
2025-03-16T10:00:00Z,0,0,0,100,7.5,91,11.5,0.1
2025-03-16T11:00:00Z,0,0,0,100,7.2,94,10.9,0.7
2025-03-16T12:00:00Z,4,0,4,100,7.1,95,12,1.3
2025-03-16T13:00:00Z,27,2,25,100,7.5,96,12.7,1.1
2025-03-16T14:00:00Z,60,0,60,100,9,96,14.3,1.6
2025-03-16T15:00:00Z,85,0,85,100,10.8,94,17.8,1.7
2025-03-16T16:00:00Z,103,0,103,100,11.8,92,22.8,0.9
2025-03-16T17:00:00Z,119,0,119,100,12.6,87,23.3,1.5
2025-03-16T18:00:00Z,87,0,87,100,12.9,87,24.2,2.2
2025-03-16T19:00:00Z,287,46,241,96,13.9,85,26.1,0.6
2025-03-16T20:00:00Z,120,7,113,90,14.6,86,25.5,0.4
2025-03-16T21:00:00Z,223,45,178,100,14.1,88,23.3,1.2
2025-03-16T22:00:00Z,54,3,51,100,13.8,89,24.4,2.4
2025-03-16T23:00:00Z,13,1,12,100,13.2,92,24.1,2.7
2025-03-17T00:00:00Z,0,0,0,100,12.9,92,25.3,0.4
2025-03-17T01:00:00Z,0,0,0,87,11.4,94,24,0
2025-03-17T02:00:00Z,0,0,0,87,10.7,93,20,0
2025-03-17T03:00:00Z,0,0,0,94,9.5,91,16.2,0
2025-03-17T04:00:00Z,0,0,0,81,7.8,90,14.2,0
2025-03-17T05:00:00Z,0,0,0,57,6.1,88,14.7,0
2025-03-17T06:00:00Z,0,0,0,77,4.1,87,15.5,0
2025-03-17T07:00:00Z,0,0,0,96,2.8,88,15,0
2025-03-17T08:00:00Z,0,0,0,100,2.3,89,12.6,0
2025-03-17T09:00:00Z,0,0,0,100,1.9,89,14.1,0
2025-03-17T10:00:00Z,0,0,0,99,1,82,17.2,0
2025-03-17T11:00:00Z,0,0,0,100,-0.4,76,18.9,0
2025-03-17T12:00:00Z,14,4,10,99,-1.3,69,18.6,0
2025-03-17T13:00:00Z,100,24,76,99,-1.7,66,17.9,0
2025-03-17T14:00:00Z,261,121,140,98,-1.3,63,15.7,0
2025-03-17T15:00:00Z,451,274,177,89,-0.6,60,16,0
2025-03-17T16:00:00Z,571,410,161,70,-0.1,57,15.6,0
2025-03-17T17:00:00Z,652,462,190,30,0.6,54,15.2,0
2025-03-17T18:00:00Z,700,519,181,16,1,52,14.4,0
2025-03-17T19:00:00Z,681,562,119,24,1.7,49,14.7,0
2025-03-17T20:00:00Z,592,480,112,15,2.5,44,14.7,0
2025-03-17T21:00:00Z,442,346,96,0,2.8,41,12.9,0
2025-03-17T22:00:00Z,271,211,60,12,2.9,39,5.6,0
2025-03-17T23:00:00Z,86,57,29,1,1.7,47,5.6,0
2025-03-18T00:00:00Z,1,0,1,0,-0,57,6.6,0
2025-03-18T01:00:00Z,0,0,0,0,-1.4,67,6.4,0
2025-03-18T02:00:00Z,0,0,0,0,-1.4,64,7.7,0
2025-03-18T03:00:00Z,0,0,0,0,-2.5,70,5.6,0
2025-03-18T04:00:00Z,0,0,0,0,-2.9,73,7,0
2025-03-18T05:00:00Z,0,0,0,0,-3.2,73,7.4,0
2025-03-18T06:00:00Z,0,0,0,0,-3.7,78,5.6,0
2025-03-18T07:00:00Z,0,0,0,0,-4,80,5.1,0
2025-03-18T08:00:00Z,0,0,0,0,-4.2,81,4.2,0
2025-03-18T09:00:00Z,0,0,0,44,-4.3,82,3.7,0
2025-03-18T10:00:00Z,0,0,0,75,-5,81,5.2,0
2025-03-18T11:00:00Z,0,0,0,12,-4.8,77,6.2,0
2025-03-18T12:00:00Z,34,21,13,1,-3.3,72,7.1,0
2025-03-18T13:00:00Z,193,142,51,0,-1.6,64,8.3,0
2025-03-18T14:00:00Z,379,311,68,0,0.7,54,12,0
2025-03-18T15:00:00Z,537,446,91,1,2.7,46,12.1,0
2025-03-18T16:00:00Z,666,571,95,2,4,43,13.4,0
2025-03-18T17:00:00Z,740,655,85,0,5.1,40,14,0
2025-03-18T18:00:00Z,734,637,97,0,6.5,38,13.9,0
2025-03-18T19:00:00Z,668,573,95,0,7.7,34,14.5,0
2025-03-18T20:00:00Z,591,510,81,0,9.5,29,14,0
2025-03-18T21:00:00Z,441,371,70,0,10.2,28,12.8,0
2025-03-18T22:00:00Z,263,207,56,53,9.3,32,6.3,0
2025-03-18T23:00:00Z,80,47,33,96,6.4,45,7.4,0
2025-03-19T00:00:00Z,1,0,1,97,4.9,49,9.4,0
2025-03-19T01:00:00Z,0,0,0,69,3.5,56,8.3,0
2025-03-19T02:00:00Z,0,0,0,89,2.4,63,6.9,0
2025-03-19T03:00:00Z,0,0,0,66,1.5,66,8,0
2025-03-19T04:00:00Z,0,0,0,100,0.9,71,8.5,0
2025-03-19T05:00:00Z,0,0,0,99,0.7,72,9.4,0
2025-03-19T06:00:00Z,0,0,0,100,1,71,10.3,0
2025-03-19T07:00:00Z,0,0,0,46,0.8,72,10.6,0
2025-03-19T08:00:00Z,0,0,0,97,0.2,75,10.5,0
2025-03-19T09:00:00Z,0,0,0,2,-0.1,78,11.2,0
2025-03-19T10:00:00Z,0,0,0,2,-0.1,75,13,0
2025-03-19T11:00:00Z,0,0,0,1,-0.3,76,13.3,0
2025-03-19T12:00:00Z,36,21,15,56,0.2,74,12.8,0
2025-03-19T13:00:00Z,186,126,60,96,2.2,65,12,0
2025-03-19T14:00:00Z,320,200,120,100,4.5,57,12.2,0
2025-03-19T15:00:00Z,459,271,188,100,7.7,49,12,0
2025-03-19T16:00:00Z,535,263,272,88,10.2,43,11.8,0
2025-03-19T17:00:00Z,621,357,264,70,12.6,40,12.2,0
2025-03-19T18:00:00Z,676,479,197,39,15.7,37,12.5,0
2025-03-19T19:00:00Z,688,602,86,29,17.5,33,13,0
2025-03-19T20:00:00Z,583,495,88,90,18.8,29,13,0
2025-03-19T21:00:00Z,363,193,170,92,19.1,30,9.5,0
2025-03-19T22:00:00Z,209,93,116,78,16.9,40,8.6,0
2025-03-19T23:00:00Z,71,28,43,69,12.9,51,8.7,0
2025-03-20T00:00:00Z,1,0,1,5,10.4,60,8.9,0
2025-03-20T01:00:00Z,0,0,0,11,9,63,9.3,0
2025-03-20T02:00:00Z,0,0,0,32,8.4,62,11.7,0
2025-03-20T03:00:00Z,0,0,0,62,7.9,61,13.3,0
2025-03-20T04:00:00Z,0,0,0,45,7.7,59,14.2,0
2025-03-20T05:00:00Z,0,0,0,65,8.5,55,14.8,0
2025-03-20T06:00:00Z,0,0,0,93,9.9,50,15.6,0
2025-03-20T07:00:00Z,0,0,0,77,10.4,47,15.7,0
2025-03-20T08:00:00Z,0,0,0,82,10.1,49,17,0
2025-03-20T09:00:00Z,0,0,0,95,9.9,50,18,0
2025-03-20T10:00:00Z,0,0,0,98,9.5,50,17.1,0
2025-03-20T11:00:00Z,0,0,0,100,9.8,47,16.8,0
2025-03-20T12:00:00Z,23,2,21,98,10.4,44,17.5,0
2025-03-20T13:00:00Z,96,9,87,79,11.6,39,19.2,0
2025-03-20T14:00:00Z,246,110,136,85,13.9,34,19.8,0.1
2025-03-20T15:00:00Z,267,85,182,100,14.3,38,22.4,0.1
2025-03-20T16:00:00Z,284,77,207,100,14,44,20.1,0.3
2025-03-20T17:00:00Z,337,74,263,99,13.1,55,18.6,0.4
2025-03-20T18:00:00Z,205,43,162,98,11.8,69,18.5,1
2025-03-20T19:00:00Z,169,17,152,99,10.7,77,15.6,1.3
2025-03-20T20:00:00Z,110,12,98,100,10.2,82,14.7,1
2025-03-20T21:00:00Z,89,10,79,100,9.8,86,14,0.4
2025-03-20T22:00:00Z,40,0,40,98,8.4,86,15,0.3
2025-03-20T23:00:00Z,19,0,19,100,8.3,87,14.9,0.5
2025-03-21T00:00:00Z,1,0,1,99,7.9,88,15,0.5
2025-03-21T01:00:00Z,0,0,0,62,6.8,88,16.5,0.1
2025-03-21T02:00:00Z,0,0,0,66,6.1,89,15,0
2025-03-21T03:00:00Z,0,0,0,100,4.3,92,15.2,0.1
2025-03-21T04:00:00Z,0,0,0,100,1.1,89,24.9,0.1
2025-03-21T05:00:00Z,0,0,0,100,-0.3,85,23.5,0
2025-03-21T06:00:00Z,0,0,0,99,-0.8,80,23.2,0
2025-03-21T07:00:00Z,0,0,0,97,-1.2,72,23.5,0
2025-03-21T08:00:00Z,0,0,0,95,-2,67,23.5,0
2025-03-21T09:00:00Z,0,0,0,80,-2.9,66,23,0
2025-03-21T10:00:00Z,0,0,0,56,-3.8,61,21.4,0
2025-03-21T11:00:00Z,0,0,0,4,-4.3,60,19,0
2025-03-21T12:00:00Z,47,29,18,1,-4,57,18.9,0
2025-03-21T13:00:00Z,223,170,53,0,-3,51,19,0
2025-03-21T14:00:00Z,417,346,71,0,-1.7,45,17.8,0
2025-03-21T15:00:00Z,584,504,80,1,0.3,41,16.9,0
2025-03-21T16:00:00Z,705,620,85,0,2,35,16.3,0
2025-03-21T17:00:00Z,771,681,90,0,3.7,33,15.6,0
2025-03-21T18:00:00Z,777,687,90,0,5.1,32,15.8,0
2025-03-21T19:00:00Z,718,631,87,0,6.2,31,15.6,0
2025-03-21T20:00:00Z,611,529,82,0,7.1,30,14.4,0
2025-03-21T21:00:00Z,460,387,73,0,7.3,28,12.8,0
2025-03-21T22:00:00Z,279,220,59,0,7.2,27,7.1,0
2025-03-21T23:00:00Z,96,65,31,0,5.2,38,5.4,0
2025-03-22T00:00:00Z,2,1,1,2,3.6,43,8.7,0
2025-03-22T01:00:00Z,0,0,0,3,2.6,47,12.3,0
2025-03-22T02:00:00Z,0,0,0,28,2,53,13.6,0
2025-03-22T03:00:00Z,0,0,0,18,1.5,59,13.1,0
2025-03-22T04:00:00Z,0,0,0,34,1,64,11.1,0
2025-03-22T05:00:00Z,0,0,0,52,0.5,67,9.8,0
2025-03-22T06:00:00Z,0,0,0,88,0.4,68,10.3,0
2025-03-22T07:00:00Z,0,0,0,99,0.4,69,10,0
2025-03-22T08:00:00Z,0,0,0,97,0.4,72,9.9,0
2025-03-22T09:00:00Z,0,0,0,95,0.6,72,10.1,0
2025-03-22T10:00:00Z,0,0,0,98,1.1,70,9.4,0
2025-03-22T11:00:00Z,0,0,0,100,1,71,9.6,0
2025-03-22T12:00:00Z,34,7,27,95,2,69,10.5,0
2025-03-22T13:00:00Z,168,71,97,97,4,60,11.2,0
2025-03-22T14:00:00Z,304,172,132,98,5.7,55,13.2,0
2025-03-22T15:00:00Z,263,117,146,100,6.3,57,13.2,0.2
2025-03-22T16:00:00Z,256,50,206,97,5.4,71,14.9,0.5
2025-03-22T17:00:00Z,263,54,209,99,5.2,78,15,0.6
2025-03-22T18:00:00Z,168,2,166,98,4.7,85,16.7,0.8
2025-03-22T19:00:00Z,140,9,131,100,2.2,92,20.1,0.6
2025-03-22T20:00:00Z,118,17,101,100,-0.7,82,25.2,0.2
2025-03-22T21:00:00Z,161,35,126,66,-1.5,62,24.8,0.1
2025-03-22T22:00:00Z,224,154,70,89,-2,54,22.3,0
2025-03-22T23:00:00Z,94,60,34,53,-3.1,52,23.6,0
2025-03-23T00:00:00Z,2,1,1,79,-4.4,50,25.2,0
2025-03-23T01:00:00Z,0,0,0,99,-5.4,47,25.5,0
2025-03-23T02:00:00Z,0,0,0,100,-5.9,46,24.2,0
2025-03-23T03:00:00Z,0,0,0,86,-6.5,47,22.8,0
2025-03-23T04:00:00Z,0,0,0,96,-6.9,46,21.2,0
2025-03-23T05:00:00Z,0,0,0,44,-7.3,47,20.2,0
2025-03-23T06:00:00Z,0,0,0,4,-7.7,47,18.5,0
2025-03-23T07:00:00Z,0,0,0,0,-8.1,49,17.1,0
2025-03-23T08:00:00Z,0,0,0,3,-8.6,50,16,0
2025-03-23T09:00:00Z,0,0,0,18,-9.1,52,15,0
2025-03-23T10:00:00Z,0,0,0,73,-10.6,60,13.7,0
2025-03-23T11:00:00Z,0,0,0,70,-11,62,12.2,0
2025-03-23T12:00:00Z,56,36,20,55,-10.1,59,10.4,0
2025-03-23T13:00:00Z,235,179,56,47,-8.8,51,10.1,0
2025-03-23T14:00:00Z,426,353,73,31,-7.6,45,11.4,0
2025-03-23T15:00:00Z,593,509,84,6,-5.8,41,9.9,0
2025-03-23T16:00:00Z,716,626,90,0,-4.5,37,8.3,0
2025-03-23T17:00:00Z,787,694,93,0,-3,34,8.6,0
2025-03-23T18:00:00Z,798,705,93,0,-1.8,31,8.4,0
2025-03-23T19:00:00Z,743,653,90,0,-0.9,29,7.6,0
2025-03-23T20:00:00Z,636,553,83,0,-0.3,28,6.1,0
2025-03-23T21:00:00Z,483,409,74,0,0.2,25,5.1,0
2025-03-23T22:00:00Z,298,238,60,1,-0.2,26,2.2,0
2025-03-23T23:00:00Z,109,75,34,4,-1.9,33,5.6,0
2025-03-24T00:00:00Z,3,1,2,1,-2.7,40,7.4,0
2025-03-24T01:00:00Z,0,0,0,20,-3.5,42,6.6,0
2025-03-24T02:00:00Z,0,0,0,48,-3.9,43,7.3,0
2025-03-24T03:00:00Z,0,0,0,88,-4,45,8.6,0
2025-03-24T04:00:00Z,0,0,0,100,-3.6,44,9.4,0
2025-03-24T05:00:00Z,0,0,0,100,-3.5,45,10.7,0
2025-03-24T06:00:00Z,0,0,0,99,-3.3,45,13.1,0
2025-03-24T07:00:00Z,0,0,0,100,-3,45,14.9,0
2025-03-24T08:00:00Z,0,0,0,100,-2.9,45,17.7,0
2025-03-24T09:00:00Z,0,0,0,97,-2.9,49,17.1,0
2025-03-24T10:00:00Z,0,0,0,100,-3.3,60,15.8,0.2
2025-03-24T11:00:00Z,0,0,0,99,-3.6,70,17,0.7
2025-03-24T12:00:00Z,8,1,7,96,-4,82,16.7,1
2025-03-24T13:00:00Z,51,13,38,98,-3.7,85,16.5,0.6
2025-03-24T14:00:00Z,81,5,76,90,-3.1,87,16,0.4
2025-03-24T15:00:00Z,144,7,137,97,-1.7,88,15.1,0.3
2025-03-24T16:00:00Z,152,27,125,99,0.2,85,12.9,0.2
2025-03-24T17:00:00Z,205,0,205,100,2.3,85,10.6,0.2
2025-03-24T18:00:00Z,370,168,202,88,4.6,79,13.1,0.1
2025-03-24T19:00:00Z,376,175,201,78,5.1,72,18.1,0.1
2025-03-24T20:00:00Z,450,301,149,47,5.4,68,17.7,0.2
2025-03-24T21:00:00Z,363,242,121,26,5.6,65,15.4,0
2025-03-24T22:00:00Z,251,174,77,28,5.5,66,8.8,0
2025-03-24T23:00:00Z,84,43,41,70,3.9,73,10.8,0
2025-03-25T00:00:00Z,3,1,2,93,2.6,80,11.6,0
2025-03-25T01:00:00Z,0,0,0,99,1.9,88,12.9,0.1
2025-03-25T02:00:00Z,0,0,0,100,1.9,90,14.3,0.1
2025-03-25T03:00:00Z,0,0,0,98,1.6,92,14.3,0.2
2025-03-25T04:00:00Z,0,0,0,98,1.3,94,13.2,0.1
2025-03-25T05:00:00Z,0,0,0,92,1.1,93,12.3,0.1
2025-03-25T06:00:00Z,0,0,0,48,1,92,11.9,0
2025-03-25T07:00:00Z,0,0,0,53,0.6,91,12.7,0
2025-03-25T08:00:00Z,0,0,0,82,0.3,91,13.4,0
2025-03-25T09:00:00Z,0,0,0,98,0.5,89,13.4,0
2025-03-25T10:00:00Z,0,0,0,94,0.9,86,13,0.1
2025-03-25T11:00:00Z,0,0,0,90,1,87,12.3,0.2
2025-03-25T12:00:00Z,35,7,28,99,1.2,86,12.7,0.2
2025-03-25T13:00:00Z,120,19,101,96,1.8,83,14.6,0.2
2025-03-25T14:00:00Z,220,71,149,94,2.1,75,18.8,0.2
2025-03-25T15:00:00Z,390,157,233,99,3,68,15.5,0.1
2025-03-25T16:00:00Z,388,83,305,97,3.8,62,15,0.1
2025-03-25T17:00:00Z,373,72,301,98,3.7,62,14.3,0.1
2025-03-25T18:00:00Z,413,92,321,99,4.1,62,15.6,0.2
2025-03-25T19:00:00Z,387,93,294,99,3.9,65,15.8,0.1
2025-03-25T20:00:00Z,301,66,235,98,4.2,63,15.6,0.1
2025-03-25T21:00:00Z,224,46,178,100,3.7,67,14.3,0.1
2025-03-25T22:00:00Z,167,34,133,97,2.8,73,13.2,0.1
2025-03-25T23:00:00Z,87,41,46,96,2.1,78,11.2,0
2025-03-26T00:00:00Z,3,0,3,96,1.7,81,11.2,0
2025-03-26T01:00:00Z,0,0,0,98,1.4,84,10.3,0.1
2025-03-26T02:00:00Z,0,0,0,98,0.9,87,9,0
2025-03-26T03:00:00Z,0,0,0,94,0.7,87,8.8,0
2025-03-26T04:00:00Z,0,0,0,98,0.6,87,8.6,0
2025-03-26T05:00:00Z,0,0,0,98,0.2,89,8.2,0
2025-03-26T06:00:00Z,0,0,0,91,-0.1,89,7.5,0
2025-03-26T07:00:00Z,0,0,0,77,-0.6,91,7.9,0
2025-03-26T08:00:00Z,0,0,0,59,-0.6,91,7.6,0
2025-03-26T09:00:00Z,0,0,0,51,-0.8,91,7.8,0
2025-03-26T10:00:00Z,0,0,0,73,-1.2,84,8,0
2025-03-26T11:00:00Z,0,0,0,87,-1.1,82,8.3,0
2025-03-26T12:00:00Z,43,12,31,74,-0.7,80,9.7,0
2025-03-26T13:00:00Z,167,72,95,74,-0.1,75,11.2,0.1
2025-03-26T14:00:00Z,335,225,110,80,0.7,69,13.5,0.1
2025-03-26T15:00:00Z,417,194,223,100,1.6,64,13.3,0.1
2025-03-26T16:00:00Z,458,176,282,100,2,60,13.3,0.2
2025-03-26T17:00:00Z,437,121,316,98,2,59,12.8,0.2
2025-03-26T18:00:00Z,476,164,312,100,2.4,57,12.6,0.2
2025-03-26T19:00:00Z,418,125,293,100,2.5,57,13.8,0.1
2025-03-26T20:00:00Z,406,111,295,99,2.7,58,14.3,0.1
2025-03-26T21:00:00Z,253,38,215,100,2.5,58,14.6,0
2025-03-26T22:00:00Z,189,63,126,98,1.7,56,15.4,0
2025-03-26T23:00:00Z,101,54,47,99,1,59,13.2,0
2025-03-27T00:00:00Z,5,2,3,100,0.2,63,13.1,0
2025-03-27T01:00:00Z,0,0,0,92,-0.2,64,12.9,0
2025-03-27T02:00:00Z,0,0,0,49,-0.5,63,12.4,0
2025-03-27T03:00:00Z,0,0,0,37,-1.1,63,12.4,0
2025-03-27T04:00:00Z,0,0,0,28,-1.8,63,12.5,0
2025-03-27T05:00:00Z,0,0,0,2,-2.2,63,12.4,0
2025-03-27T06:00:00Z,0,0,0,4,-2.5,62,11.5,0
2025-03-27T07:00:00Z,0,0,0,0,-3,63,10.4,0
2025-03-27T08:00:00Z,0,0,0,0,-3.6,61,9.6,0
2025-03-27T09:00:00Z,0,0,0,0,-4.1,59,9.4,0
2025-03-27T10:00:00Z,0,0,0,0,-5.1,59,8.7,0
2025-03-27T11:00:00Z,0,0,0,0,-5.6,61,7.8,0
2025-03-27T12:00:00Z,74,49,25,0,-3.6,56,7.9,0
2025-03-27T13:00:00Z,256,198,58,0,-1.5,52,9.1,0
2025-03-27T14:00:00Z,444,370,74,0,0.9,48,9.8,0
2025-03-27T15:00:00Z,607,523,84,0,3.3,41,10.6,0
2025-03-27T16:00:00Z,725,635,90,0,5.3,36,12.2,0
2025-03-27T17:00:00Z,793,701,92,85,6.6,31,15,0
2025-03-27T18:00:00Z,805,719,86,91,7.5,32,16.7,0
2025-03-27T19:00:00Z,618,350,268,99,8.3,30,18.4,0
2025-03-27T20:00:00Z,530,293,237,97,8.5,30,19.2,0
2025-03-27T21:00:00Z,377,199,178,98,8.2,33,19.6,0
2025-03-27T22:00:00Z,218,131,87,100,6.9,37,17.6,0
2025-03-27T23:00:00Z,70,20,50,91,5.6,43,15.8,0
2025-03-28T00:00:00Z,3,0,3,92,4.4,52,16.6,0.1
2025-03-28T01:00:00Z,0,0,0,82,3.1,67,18.3,0.5
2025-03-28T02:00:00Z,0,0,0,87,3.1,72,17.9,0.2
2025-03-28T03:00:00Z,0,0,0,68,3.2,76,16.3,0
2025-03-28T04:00:00Z,0,0,0,94,2.8,77,17.9,0
2025-03-28T05:00:00Z,0,0,0,100,1.4,69,20.8,0
2025-03-28T06:00:00Z,0,0,0,98,-0.4,62,21,0
2025-03-28T07:00:00Z,0,0,0,100,-1.6,59,20,0
2025-03-28T08:00:00Z,0,0,0,100,-3,55,19.8,0
2025-03-28T09:00:00Z,0,0,0,96,-4.1,54,18,0
2025-03-28T10:00:00Z,0,0,0,98,-5.1,54,14.3,0
2025-03-28T11:00:00Z,0,0,0,100,-5.4,55,11.5,0
2025-03-28T12:00:00Z,50,6,44,99,-4.9,54,9.6,0
2025-03-28T13:00:00Z,171,39,132,100,-4.1,50,9.9,0
2025-03-28T14:00:00Z,350,165,185,92,-3,45,8.9,0
2025-03-28T15:00:00Z,443,146,297,97,-1.8,39,6.7,0
2025-03-28T16:00:00Z,414,63,351,95,-1.1,40,7.8,0
2025-03-28T17:00:00Z,553,183,370,98,0.2,36,9.3,0
2025-03-28T18:00:00Z,619,346,273,94,1,36,8.7,0
2025-03-28T19:00:00Z,653,390,263,98,2,35,7.4,0
2025-03-28T20:00:00Z,445,179,266,100,1.7,36,6.6,0
2025-03-28T21:00:00Z,173,28,145,100,1.7,37,5.9,0
2025-03-28T22:00:00Z,106,10,96,100,1,42,6.5,0.1
2025-03-28T23:00:00Z,35,3,32,100,0.2,50,7.8,0.1
2025-03-29T00:00:00Z,2,0,2,100,-0.4,59,9.2,0.3
2025-03-29T01:00:00Z,0,0,0,100,-1.2,67,11.3,0.4
2025-03-29T02:00:00Z,0,0,0,100,-1.7,74,13.1,0.6
2025-03-29T03:00:00Z,0,0,0,100,-2.2,83,12.8,1
2025-03-29T04:00:00Z,0,0,0,100,-2.3,88,10.5,1.6
2025-03-29T05:00:00Z,0,0,0,100,-2.3,88,11.4,1.1
2025-03-29T06:00:00Z,0,0,0,100,-2.3,89,12.2,0.6
2025-03-29T07:00:00Z,0,0,0,100,-2.6,89,13.7,1
2025-03-29T08:00:00Z,0,0,0,100,-2.7,88,15,0.8
2025-03-29T09:00:00Z,0,0,0,100,-3,88,14.3,1.1
2025-03-29T10:00:00Z,0,0,0,100,-3.2,87,13.2,1
2025-03-29T11:00:00Z,0,0,0,99,-3.4,81,13.7,0.3
2025-03-29T12:00:00Z,27,0,27,100,-3.5,75,14.7,0
2025-03-29T13:00:00Z,99,0,99,100,-3.7,69,14.4,0
2025-03-29T14:00:00Z,186,0,186,100,-3.5,65,13.8,0
2025-03-29T15:00:00Z,366,73,293,99,-3,60,13.8,0
2025-03-29T16:00:00Z,443,131,312,97,-2.4,57,11.3,0
2025-03-29T17:00:00Z,386,56,330,91,-1.7,54,10.4,0
2025-03-29T18:00:00Z,443,119,324,87,-0.7,50,9.3,0
2025-03-29T19:00:00Z,586,344,242,78,0.3,48,8.9,0
2025-03-29T20:00:00Z,630,488,142,99,1.1,47,8.5,0
2025-03-29T21:00:00Z,435,232,203,99,1.5,47,8,0
2025-03-29T22:00:00Z,220,73,147,97,0.3,54,6.3,0
2025-03-29T23:00:00Z,93,24,69,99,-0.7,58,5.5,0
2025-03-30T00:00:00Z,6,0,6,97,-1.2,64,6.8,0
2025-03-30T01:00:00Z,0,0,0,100,-1.9,70,7.8,0
2025-03-30T02:00:00Z,0,0,0,99,-2.2,73,8.1,0
2025-03-30T03:00:00Z,0,0,0,100,-2.6,75,8.4,0
2025-03-30T04:00:00Z,0,0,0,99,-2.4,74,9.2,0
2025-03-30T05:00:00Z,0,0,0,100,-2.2,70,11.2,0
2025-03-30T06:00:00Z,0,0,0,100,-2,66,13.1,0
2025-03-30T07:00:00Z,0,0,0,100,-2.1,63,13.9,0.5
2025-03-30T08:00:00Z,0,0,0,100,-2.2,62,13.7,1
2025-03-30T09:00:00Z,0,0,0,100,-2.1,64,13.4,0.9
2025-03-30T10:00:00Z,0,0,0,100,-2.2,77,12.4,0.8
2025-03-30T11:00:00Z,0,0,0,100,-2.1,80,11.8,0.9
2025-03-30T12:00:00Z,7,0,7,100,-1.6,81,12.5,0.8
2025-03-30T13:00:00Z,24,0,24,100,-1.3,80,13.4,0.8
2025-03-30T14:00:00Z,58,1,57,100,-1,80,13.4,1.6
2025-03-30T15:00:00Z,70,7,63,100,-1,84,13,1
2025-03-30T16:00:00Z,59,0,59,100,-1.1,89,13.7,0.5
2025-03-30T17:00:00Z,81,0,81,100,-0.9,91,13.1,0.3
2025-03-30T18:00:00Z,82,0,82,100,-0.7,91,12.1,0.3
2025-03-30T19:00:00Z,44,0,44,100,-0.4,92,12,0.3
2025-03-30T20:00:00Z,42,0,42,100,-0.3,94,11.8,0.4
2025-03-30T21:00:00Z,42,0,42,100,-0,95,12.3,0.5
2025-03-30T22:00:00Z,28,0,28,100,-0.1,95,9,0.5
2025-03-30T23:00:00Z,7,0,7,100,0.1,96,9.3,0.3
2025-03-31T00:00:00Z,1,0,1,100,0.2,96,9.4,0.5
2025-03-31T01:00:00Z,0,0,0,100,0.1,97,9.9,0.4
2025-03-31T02:00:00Z,0,0,0,100,-0.1,96,8.9,0.7
2025-03-31T03:00:00Z,0,0,0,100,-0.2,96,9.5,0.8
2025-03-31T04:00:00Z,0,0,0,100,-0.4,96,9.1,0.5
2025-03-31T05:00:00Z,0,0,0,100,-0.3,97,9.9,0.4
2025-03-31T06:00:00Z,0,0,0,100,-0.4,97,10.3,0.1
2025-03-31T07:00:00Z,0,0,0,100,0.5,99,11.2,0.1
2025-03-31T08:00:00Z,0,0,0,100,2.6,98,12.2,0.7
2025-03-31T09:00:00Z,0,0,0,100,5.4,98,13.2,1.2
2025-03-31T10:00:00Z,0,0,0,100,4.9,98,9.7,1.8
2025-03-31T11:00:00Z,0,0,0,100,6.5,98,12,1.9
2025-03-31T12:00:00Z,4,0,4,100,5.8,99,14,1
2025-03-31T13:00:00Z,25,0,25,100,5.4,99,13.6,0.3
2025-03-31T14:00:00Z,93,5,88,100,6.2,99,12.3,0.2
2025-03-31T15:00:00Z,161,2,159,100,7.4,98,12.8,0.4
2025-03-31T16:00:00Z,162,13,149,100,8.1,97,10.9,0.4
2025-03-31T17:00:00Z,71,0,71,100,7.8,99,9,0.1
2025-03-31T18:00:00Z,117,5,112,100,8,98,13,0
2025-03-31T19:00:00Z,53,0,53,85,8.2,97,14.8,0.3
2025-03-31T20:00:00Z,196,88,108,100,7.1,93,17.3,0
2025-03-31T21:00:00Z,183,24,159,100,6,85,16.6,0
2025-03-31T22:00:00Z,88,4,84,100,4.9,87,15.8,0.1
2025-03-31T23:00:00Z,38,9,29,100,3.2,80,19.1,0
2025-04-01T00:00:00Z,3,0,3,100,1.8,73,19.7,0
2025-04-01T01:00:00Z,0,0,0,100,1.2,70,19.6,0
2025-04-01T02:00:00Z,0,0,0,100,0.7,71,17.7,0
2025-04-01T03:00:00Z,0,0,0,100,0.3,71,17.9,0
2025-04-01T04:00:00Z,0,0,0,100,-0,69,16.6,0
2025-04-01T05:00:00Z,0,0,0,100,-0.2,71,14.2,0
2025-04-01T06:00:00Z,0,0,0,99,-0.6,69,14.4,0
2025-04-01T07:00:00Z,0,0,0,100,-1,69,15,0
2025-04-01T08:00:00Z,0,0,0,99,-1.1,68,16.1,0
2025-04-01T09:00:00Z,0,0,0,98,-1.3,65,16.6,0
2025-04-01T10:00:00Z,0,0,0,90,-2.2,68,15.8,0
2025-04-01T11:00:00Z,1,0,1,99,-2.7,66,17.6,0
2025-04-01T12:00:00Z,65,18,47,97,-3,62,18.6,0
2025-04-01T13:00:00Z,222,106,116,61,-3,58,18.3,0
2025-04-01T14:00:00Z,452,328,124,18,-2.7,54,18.5,0
2025-04-01T15:00:00Z,631,502,129,5,-1.7,50,19.3,0
2025-04-01T16:00:00Z,774,667,107,2,-0.6,44,19.7,0
2025-04-01T17:00:00Z,844,740,104,32,-0.2,45,19.7,0
2025-04-01T18:00:00Z,843,718,125,0,0,44,19.1,0
2025-04-01T19:00:00Z,792,686,106,14,0.6,41,19.2,0
2025-04-01T20:00:00Z,684,590,94,11,0.8,39,19.7,0
2025-04-01T21:00:00Z,528,442,86,2,0.6,37,19.2,0
2025-04-01T22:00:00Z,341,273,68,0,-0.2,38,14.2,0
2025-04-01T23:00:00Z,145,102,43,0,-1.1,41,10.8,0
2025-04-02T00:00:00Z,11,5,6,0,-2.3,45,9.3,0
2025-04-02T01:00:00Z,0,0,0,0,-3.2,47,8.7,0
2025-04-02T02:00:00Z,0,0,0,0,-3.9,49,9.2,0
2025-04-02T03:00:00Z,0,0,0,77,-4.4,50,7.6,0
2025-04-02T04:00:00Z,0,0,0,92,-4.9,52,8.3,0
2025-04-02T05:00:00Z,0,0,0,99,-5.5,54,9.4,0
2025-04-02T06:00:00Z,0,0,0,100,-6.1,57,8.8,0
2025-04-02T07:00:00Z,0,0,0,100,-6.3,57,7.9,0
2025-04-02T08:00:00Z,0,0,0,100,-6.8,59,6.4,0
2025-04-02T09:00:00Z,0,0,0,97,-7.3,59,6.6,0
2025-04-02T10:00:00Z,0,0,0,100,-8.3,62,6.9,0
2025-04-02T11:00:00Z,2,0,2,99,-8.4,63,7.6,0
2025-04-02T12:00:00Z,85,28,57,41,-7,58,9.5,0
2025-04-02T13:00:00Z,269,167,102,26,-5.3,47,12.5,0
2025-04-02T14:00:00Z,488,409,79,27,-3.2,40,15.6,0
2025-04-02T15:00:00Z,653,570,83,100,-1.9,35,17.8,0
2025-04-02T16:00:00Z,742,576,166,100,-1.1,33,16.2,0
2025-04-02T17:00:00Z,731,418,313,100,-0.2,31,17.6,0
2025-04-02T18:00:00Z,718,406,312,100,0.3,30,19.1,0
2025-04-02T19:00:00Z,535,164,371,100,0.5,30,18.7,0
2025-04-02T20:00:00Z,329,42,287,100,0.5,31,19.1,0
2025-04-02T21:00:00Z,208,16,192,100,0.1,38,18.6,0
2025-04-02T22:00:00Z,80,0,80,100,-1.2,57,15.8,0.2
2025-04-02T23:00:00Z,15,0,15,100,-2.1,73,14,0.7
2025-04-03T00:00:00Z,1,0,1,100,-2.4,80,15.8,1.5
2025-04-03T01:00:00Z,0,0,0,100,-2.5,86,20.3,1.3
2025-04-03T02:00:00Z,0,0,0,100,-2.3,91,22.6,0.8
2025-04-03T03:00:00Z,0,0,0,100,-1.8,90,21.9,0.4
2025-04-03T04:00:00Z,0,0,0,100,-1.4,91,19.6,0.3
2025-04-03T05:00:00Z,0,0,0,100,-0.9,91,19.5,0.2
2025-04-03T06:00:00Z,0,0,0,100,-0.3,92,18,0.5
2025-04-03T07:00:00Z,0,0,0,100,0.2,92,16.4,2
2025-04-03T08:00:00Z,0,0,0,100,0.7,93,16.1,3
2025-04-03T09:00:00Z,0,0,0,100,1.2,95,17.4,3.9
2025-04-03T10:00:00Z,0,0,0,100,3,95,17.4,2.2
2025-04-03T11:00:00Z,0,0,0,100,4,95,19.4,0.8
2025-04-03T12:00:00Z,14,0,14,100,4.7,94,18.4,0.6
2025-04-03T13:00:00Z,24,0,24,100,5.5,94,20.8,0.6
2025-04-03T14:00:00Z,146,27,119,99,7.2,92,22.4,0.1
2025-04-03T15:00:00Z,176,29,147,100,8.9,92,24.3,0.5
2025-04-03T16:00:00Z,95,1,94,100,9.8,92,20.6,0.8
2025-04-03T17:00:00Z,102,0,102,98,11.1,92,18.7,0.2
2025-04-03T18:00:00Z,446,152,294,79,15.2,81,15.2,0
2025-04-03T19:00:00Z,460,246,214,33,17.8,65,22.6,0
2025-04-03T20:00:00Z,552,428,124,30,15.4,49,24.3,0.1
2025-04-03T21:00:00Z,409,322,87,7,16.3,41,25.5,0
2025-04-03T22:00:00Z,303,229,74,15,14.4,43,23.8,0
2025-04-03T23:00:00Z,110,64,46,100,11.8,49,24.6,0
2025-04-04T00:00:00Z,7,0,7,58,10.1,55,21.1,0
2025-04-04T01:00:00Z,0,0,0,73,8.3,60,18,0
2025-04-04T02:00:00Z,0,0,0,4,7.4,60,14.2,0
2025-04-04T03:00:00Z,0,0,0,83,6.4,59,13.9,0
2025-04-04T04:00:00Z,0,0,0,15,5.3,61,13.5,0
2025-04-04T05:00:00Z,0,0,0,63,4.6,63,13.9,0
2025-04-04T06:00:00Z,0,0,0,96,3.8,66,13.9,0
2025-04-04T07:00:00Z,0,0,0,100,3.5,68,13.2,0
2025-04-04T08:00:00Z,0,0,0,99,2.8,71,13.3,0
2025-04-04T09:00:00Z,0,0,0,97,2.5,71,13.2,0
2025-04-04T10:00:00Z,0,0,0,100,2.3,71,11.9,0
2025-04-04T11:00:00Z,3,1,2,88,2.3,69,11.6,0
2025-04-04T12:00:00Z,85,41,44,60,3.5,64,12.9,0
2025-04-04T13:00:00Z,203,82,121,77,4.3,56,16.3,0
2025-04-04T14:00:00Z,304,106,198,92,5,54,16.7,0
2025-04-04T15:00:00Z,418,125,293,99,6,50,14.7,0
2025-04-04T16:00:00Z,535,188,347,85,7.1,46,13.7,0
2025-04-04T17:00:00Z,666,342,324,29,8.4,44,15.5,0
2025-04-04T18:00:00Z,828,723,105,0,9.6,41,14.3,0
2025-04-04T19:00:00Z,780,692,88,0,10.5,39,10.4,0
2025-04-04T20:00:00Z,671,584,87,0,11.1,37,12.8,0
2025-04-04T21:00:00Z,519,441,78,0,11.6,36,12.1,0
2025-04-04T22:00:00Z,338,273,65,36,11.1,36,6.4,0
2025-04-04T23:00:00Z,148,106,42,100,9.5,44,5.3,0
2025-04-05T00:00:00Z,11,1,10,100,7,53,7.3,0
2025-04-05T01:00:00Z,0,0,0,100,4.9,59,6.6,0
2025-04-05T02:00:00Z,0,0,0,100,3.6,64,7.5,0
2025-04-05T03:00:00Z,0,0,0,100,2.5,68,6.7,0
2025-04-05T04:00:00Z,0,0,0,100,1.9,69,9.1,0
2025-04-05T05:00:00Z,0,0,0,99,1.7,69,9.8,0
2025-04-05T06:00:00Z,0,0,0,100,1.8,68,8.7,0
2025-04-05T07:00:00Z,0,0,0,100,2.2,67,10.3,0
2025-04-05T08:00:00Z,0,0,0,100,2.4,66,12.1,0
2025-04-05T09:00:00Z,0,0,0,100,2.5,65,14.8,0
2025-04-05T10:00:00Z,0,0,0,100,2.6,67,15.6,0
2025-04-05T11:00:00Z,2,0,2,100,2.6,64,15.1,0
2025-04-05T12:00:00Z,39,1,38,100,2.5,64,17.3,0.1
2025-04-05T13:00:00Z,89,8,81,100,2.8,61,15.9,0
2025-04-05T14:00:00Z,105,16,89,100,2.8,63,16.4,0.3
2025-04-05T15:00:00Z,81,2,79,100,2.2,78,16.2,2.6
2025-04-05T16:00:00Z,107,11,96,100,2.2,88,16.9,0.8
2025-04-05T17:00:00Z,69,0,69,100,2.9,90,17.1,0.6
2025-04-05T18:00:00Z,59,0,59,100,3.6,94,15.9,1
2025-04-05T19:00:00Z,44,0,44,100,4.6,94,15.4,1.5
2025-04-05T20:00:00Z,41,0,41,100,5.7,93,16.5,1.4
2025-04-05T21:00:00Z,21,0,21,100,6,95,15.6,1.6
2025-04-05T22:00:00Z,21,0,21,100,6.9,96,6.9,1.6
2025-04-05T23:00:00Z,8,0,8,100,6.7,98,5.4,1.2
2025-04-06T00:00:00Z,1,0,1,100,6.5,99,6.1,0.7
2025-04-06T01:00:00Z,0,0,0,100,6.2,99,8.7,0.2
2025-04-06T02:00:00Z,0,0,0,100,5.8,98,10,0
2025-04-06T03:00:00Z,0,0,0,100,4.7,97,12.1,0
2025-04-06T04:00:00Z,0,0,0,100,4,95,14.4,0
2025-04-06T05:00:00Z,0,0,0,100,3.6,95,13.4,0
2025-04-06T06:00:00Z,0,0,0,100,3.8,94,11.4,0
2025-04-06T07:00:00Z,0,0,0,100,3.8,95,9.4,0
2025-04-06T08:00:00Z,0,0,0,100,3.7,96,6.5,0
2025-04-06T09:00:00Z,0,0,0,100,3.7,96,7.9,0
2025-04-06T10:00:00Z,0,0,0,100,3.6,94,10.1,0
2025-04-06T11:00:00Z,1,0,1,100,3.8,91,13.7,0
2025-04-06T12:00:00Z,28,0,28,97,3.8,89,14.4,0
2025-04-06T13:00:00Z,140,27,113,69,3.8,80,16.7,0
2025-04-06T14:00:00Z,268,78,190,100,4.4,74,18.5,0
2025-04-06T15:00:00Z,353,98,255,99,5.4,60,19.1,0
2025-04-06T16:00:00Z,465,239,226,97,6,50,20.6,0
2025-04-06T17:00:00Z,602,305,297,89,5.9,45,19.8,0
2025-04-06T18:00:00Z,664,392,272,96,6.1,38,18.9,0
2025-04-06T19:00:00Z,679,438,241,61,6.7,32,17.7,0
2025-04-06T20:00:00Z,627,451,176,84,6.6,31,16.9,0
2025-04-06T21:00:00Z,484,327,157,50,6.3,32,16.4,0
2025-04-06T22:00:00Z,310,198,112,34,5.7,30,12.3,0
2025-04-06T23:00:00Z,151,101,50,62,4.5,32,9.4,0
2025-04-07T00:00:00Z,13,4,9,88,2.7,40,8.6,0
2025-04-07T01:00:00Z,0,0,0,93,1.5,47,7.9,0
2025-04-07T02:00:00Z,0,0,0,94,0.9,48,7.8,0
2025-04-07T03:00:00Z,0,0,0,96,0.2,52,8.6,0
2025-04-07T04:00:00Z,0,0,0,97,-0.3,53,8.7,0
2025-04-07T05:00:00Z,0,0,0,84,-1.3,61,7.6,0
2025-04-07T06:00:00Z,0,0,0,71,-1.8,68,4.5,0
2025-04-07T07:00:00Z,0,0,0,68,-0.9,58,3.4,0
2025-04-07T08:00:00Z,0,0,0,39,-1.2,62,5,0
2025-04-07T09:00:00Z,0,0,0,29,-2.4,70,5,0
2025-04-07T10:00:00Z,0,0,0,8,-4.3,77,6.8,0
2025-04-07T11:00:00Z,8,3,5,5,-3.8,74,7.3,0
2025-04-07T12:00:00Z,128,89,39,1,-0.6,60,6.8,0
2025-04-07T13:00:00Z,318,256,62,0,1.9,50,9.3,0
2025-04-07T14:00:00Z,505,430,75,1,3.8,39,11,0
2025-04-07T15:00:00Z,665,580,85,0,5,34,11.5,0
2025-04-07T16:00:00Z,791,712,79,81,6,33,12.4,0
2025-04-07T17:00:00Z,834,701,133,97,7,30,14.3,0
2025-04-07T18:00:00Z,745,485,260,100,7.4,32,13.7,0
2025-04-07T19:00:00Z,524,192,332,100,8,31,13,0
2025-04-07T20:00:00Z,487,190,297,100,8.2,30,13,0
2025-04-07T21:00:00Z,308,77,231,91,8.8,27,10.8,0
2025-04-07T22:00:00Z,144,24,120,94,7.6,37,4.8,0
2025-04-07T23:00:00Z,61,6,55,100,6.1,47,6.8,0
2025-04-08T00:00:00Z,7,0,7,100,4.8,52,9,0.1
2025-04-08T01:00:00Z,0,0,0,100,4,58,8.3,0.2
2025-04-08T02:00:00Z,0,0,0,100,3.4,67,7.6,0.5
2025-04-08T03:00:00Z,0,0,0,100,2.2,76,6.8,0.8
2025-04-08T04:00:00Z,0,0,0,90,1.5,80,8.6,0.7
2025-04-08T05:00:00Z,0,0,0,89,0.8,85,6.7,1
2025-04-08T06:00:00Z,0,0,0,77,-0,88,6,1.3
2025-04-08T07:00:00Z,0,0,0,66,-0.3,90,7.3,0.3
2025-04-08T08:00:00Z,0,0,0,84,-0.7,94,7.1,0.3
2025-04-08T09:00:00Z,0,0,0,100,-1.3,92,6.3,0.4
2025-04-08T10:00:00Z,0,0,0,92,-1.3,91,5.3,0.6
2025-04-08T11:00:00Z,1,0,1,100,-1.8,93,10.4,0.7
2025-04-08T12:00:00Z,29,0,29,100,-2.6,88,14.9,0.7
2025-04-08T13:00:00Z,84,0,84,100,-4,83,20.2,0.5
2025-04-08T14:00:00Z,152,0,152,100,-5.2,79,22.8,0.4
2025-04-08T15:00:00Z,235,14,221,100,-6.2,79,23.8,0.5
2025-04-08T16:00:00Z,314,19,295,100,-6.6,76,24.5,0.4
2025-04-08T17:00:00Z,445,72,373,100,-6,74,24.1,0.2
2025-04-08T18:00:00Z,500,87,413,100,-5.2,68,23.5,0.1
2025-04-08T19:00:00Z,533,104,429,99,-4.2,64,22.1,0.1
2025-04-08T20:00:00Z,414,138,276,99,-4,59,24,0
2025-04-08T21:00:00Z,328,131,197,98,-3.5,56,22.3,0
2025-04-08T22:00:00Z,283,126,157,93,-3.2,60,19.8,0
2025-04-08T23:00:00Z,130,51,79,94,-4,62,17.2,0
2025-04-09T00:00:00Z,17,6,11,96,-4.9,66,16.5,0
2025-04-09T01:00:00Z,0,0,0,43,-5.7,69,16.6,0
2025-04-09T02:00:00Z,0,0,0,4,-6.3,70,16.2,0
2025-04-09T03:00:00Z,0,0,0,0,-7,72,15,0
2025-04-09T04:00:00Z,0,0,0,0,-8.2,77,13.1,0
2025-04-09T05:00:00Z,0,0,0,0,-8.9,79,12.2,0
2025-04-09T06:00:00Z,0,0,0,4,-9.5,80,11.3,0
2025-04-09T07:00:00Z,0,0,0,0,-10.6,82,10,0
2025-04-09T08:00:00Z,0,0,0,0,-11.1,83,9.8,0
2025-04-09T09:00:00Z,0,0,0,0,-11.6,84,9,0
2025-04-09T10:00:00Z,0,0,0,0,-12.4,85,8.7,0
2025-04-09T11:00:00Z,11,5,6,59,-13.2,88,9.2,0
2025-04-09T12:00:00Z,141,98,43,43,-10.7,82,8.5,0
2025-04-09T13:00:00Z,339,268,71,1,-7.2,70,8.1,0
2025-04-09T14:00:00Z,533,444,89,63,-5.1,60,10.3,0
2025-04-09T15:00:00Z,693,568,125,97,-3.2,56,11,0
2025-04-09T16:00:00Z,640,430,210,100,-2,51,12.1,0
2025-04-09T17:00:00Z,618,284,334,100,-0.9,47,12.8,0
2025-04-09T18:00:00Z,654,220,434,100,0.4,42,12.7,0
2025-04-09T19:00:00Z,515,114,401,92,1.6,38,12.2,0.1
2025-04-09T20:00:00Z,525,216,309,85,2.1,35,11.7,0
2025-04-09T21:00:00Z,348,104,244,98,2.7,34,10.5,0
2025-04-09T22:00:00Z,264,104,160,99,1.9,39,10,0
2025-04-09T23:00:00Z,127,42,85,95,0.1,52,5.5,0
2025-04-10T00:00:00Z,16,4,12,78,0.2,50,8.3,0
2025-04-10T01:00:00Z,0,0,0,36,-0.5,58,9.1,0
2025-04-10T02:00:00Z,0,0,0,2,-2,65,8.9,0
2025-04-10T03:00:00Z,0,0,0,0,-3.9,68,8.3,0
2025-04-10T04:00:00Z,0,0,0,0,-5.5,70,10,0
2025-04-10T05:00:00Z,0,0,0,0,-6.4,68,11.3,0
2025-04-10T06:00:00Z,0,0,0,0,-7.2,70,11.9,0
2025-04-10T07:00:00Z,0,0,0,0,-7.7,71,11.3,0
2025-04-10T08:00:00Z,0,0,0,0,-7.9,72,9.6,0
2025-04-10T09:00:00Z,0,0,0,0,-6.4,72,7.1,0
2025-04-10T10:00:00Z,0,0,0,22,-6.2,72,5.4,0
2025-04-10T11:00:00Z,13,6,7,0,-5.7,72,4,0
2025-04-10T12:00:00Z,148,104,44,0,-3.2,70,3.2,0
2025-04-10T13:00:00Z,341,268,73,19,-1.2,62,1,0
2025-04-10T14:00:00Z,532,443,89,69,0.3,67,3.7,0
2025-04-10T15:00:00Z,686,569,117,96,2.3,54,4.9,0
2025-04-10T16:00:00Z,788,638,150,100,2.9,53,5.5,0
2025-04-10T17:00:00Z,789,512,277,100,3.6,53,4.6,0
2025-04-10T18:00:00Z,726,388,338,98,3.6,55,4,0
2025-04-10T19:00:00Z,677,354,323,99,4.3,53,5.4,0
2025-04-10T20:00:00Z,519,309,210,100,5,49,6.4,0
2025-04-10T21:00:00Z,404,187,217,100,5.2,49,6.4,0
2025-04-10T22:00:00Z,224,51,173,99,5.2,49,2.7,0
2025-04-10T23:00:00Z,71,0,71,100,4.7,54,4.2,0
2025-04-11T00:00:00Z,9,0,9,100,4.4,57,5.8,0.1
2025-04-11T01:00:00Z,0,0,0,100,4.2,55,6.2,0.1
2025-04-11T02:00:00Z,0,0,0,100,3.6,61,7.5,0.1
2025-04-11T03:00:00Z,0,0,0,100,3.4,63,8.9,0.1
2025-04-11T04:00:00Z,0,0,0,100,2.9,69,9.4,0.1
2025-04-11T05:00:00Z,0,0,0,100,2.2,75,9.5,0.3
2025-04-11T06:00:00Z,0,0,0,100,2,77,9.5,0.4
2025-04-11T07:00:00Z,0,0,0,100,1.4,84,10.2,0.4
2025-04-11T08:00:00Z,0,0,0,100,1.1,91,9.8,0.4
2025-04-11T09:00:00Z,0,0,0,100,1.2,95,9.7,0.4
2025-04-11T10:00:00Z,0,0,0,100,1.3,97,9.2,0.3
2025-04-11T11:00:00Z,3,0,3,100,1.4,97,10,0.2
2025-04-11T12:00:00Z,57,5,52,100,1.6,95,10.5,0.2
2025-04-11T13:00:00Z,97,6,91,99,1.7,94,9.2,0.1
2025-04-11T14:00:00Z,183,21,162,100,2.5,91,9,0.1
2025-04-11T15:00:00Z,215,3,212,100,3.7,86,8.9,0.1
2025-04-11T16:00:00Z,262,20,242,100,4.1,84,9,0
2025-04-11T17:00:00Z,309,32,277,100,4.6,82,8.7,0
2025-04-11T18:00:00Z,286,62,224,100,5.4,78,8.6,0.1
2025-04-11T19:00:00Z,212,17,195,100,6.2,75,7.9,0.1
2025-04-11T20:00:00Z,242,14,228,100,6.4,76,8.8,0
2025-04-11T21:00:00Z,233,41,192,100,6.2,82,7.5,0
2025-04-11T22:00:00Z,112,2,110,100,6.4,73,3.1,0
2025-04-11T23:00:00Z,43,5,38,100,6,79,3.9,0
2025-04-12T00:00:00Z,5,0,5,99,5.3,81,4,0
2025-04-12T01:00:00Z,0,0,0,98,4.9,82,5.2,0.1
2025-04-12T02:00:00Z,0,0,0,98,4.3,85,6.3,0
2025-04-12T03:00:00Z,0,0,0,99,4,87,6.7,0
2025-04-12T04:00:00Z,0,0,0,91,3.8,88,6.5,0.1
2025-04-12T05:00:00Z,0,0,0,77,3.4,91,6.2,0.1
2025-04-12T06:00:00Z,0,0,0,71,3.2,92,7,0
2025-04-12T07:00:00Z,0,0,0,59,2.4,93,7.3,0
2025-04-12T08:00:00Z,0,0,0,100,2.1,93,7.4,0
2025-04-12T09:00:00Z,0,0,0,100,2.4,93,8.6,0
2025-04-12T10:00:00Z,0,0,0,100,2.6,91,8.6,0
2025-04-12T11:00:00Z,9,2,7,100,2.8,90,8.2,0
2025-04-12T12:00:00Z,108,49,59,100,3.9,86,7.9,0
2025-04-12T13:00:00Z,198,64,134,100,5.2,80,7.7,0
2025-04-12T14:00:00Z,316,162,154,100,6.6,75,8,0
2025-04-12T15:00:00Z,387,146,241,96,8.3,67,7.6,0
2025-04-12T16:00:00Z,566,280,286,100,8.6,64,7.6,0
2025-04-12T17:00:00Z,486,190,296,100,9.1,60,8.4,0
2025-04-12T18:00:00Z,463,126,337,100,9.9,56,8.6,0
2025-04-12T19:00:00Z,369,84,285,100,10.4,54,8.7,0
2025-04-12T20:00:00Z,352,124,228,100,13.1,45,8.4,0
2025-04-12T21:00:00Z,241,77,164,99,13,46,8,0
2025-04-12T22:00:00Z,129,9,120,93,12.2,49,4.4,0
2025-04-12T23:00:00Z,60,10,50,79,10.9,54,4.5,0
2025-04-13T00:00:00Z,12,2,10,69,9.2,59,6.4,0
2025-04-13T01:00:00Z,0,0,0,61,7.4,67,5.8,0
2025-04-13T02:00:00Z,0,0,0,55,5.8,73,7.2,0
2025-04-13T03:00:00Z,0,0,0,37,5.8,70,4.1,0
2025-04-13T04:00:00Z,0,0,0,21,4.2,80,2.2,0
2025-04-13T05:00:00Z,0,0,0,12,2.9,85,4.5,0
2025-04-13T06:00:00Z,0,0,0,16,1.4,89,5.6,0
2025-04-13T07:00:00Z,0,0,0,22,0.9,91,4.2,0
2025-04-13T08:00:00Z,0,0,0,36,0.2,93,3.5,0
2025-04-13T09:00:00Z,0,0,0,39,0.1,94,2.9,0
2025-04-13T10:00:00Z,0,0,0,46,0.2,94,3.3,0
2025-04-13T11:00:00Z,13,6,7,46,0.2,96,4.1,0
2025-04-13T12:00:00Z,110,58,52,48,3.3,88,3.4,0
2025-04-13T13:00:00Z,234,88,146,45,6.9,76,1.4,0
2025-04-13T14:00:00Z,331,135,196,52,9.3,64,2.7,0
2025-04-13T15:00:00Z,532,329,203,54,11.1,57,2.6,0
2025-04-13T16:00:00Z,690,481,209,43,12.7,51,2.7,0
2025-04-13T17:00:00Z,700,438,262,47,13.7,44,3.9,0.1
2025-04-13T18:00:00Z,526,210,316,88,14.8,42,8.5,0.1
2025-04-13T19:00:00Z,581,305,276,56,15,37,8.6,0
2025-04-13T20:00:00Z,597,422,175,39,16.2,32,9.1,0
2025-04-13T21:00:00Z,482,348,134,0,16,30,7.8,0
2025-04-13T22:00:00Z,347,275,72,0,15.9,25,6.3,0
2025-04-13T23:00:00Z,173,125,48,0,14.9,28,5.9,0
2025-04-14T00:00:00Z,27,16,11,0,10.3,45,8.9,0
2025-04-14T01:00:00Z,0,0,0,0,8.5,49,8.8,0
2025-04-14T02:00:00Z,0,0,0,0,6.9,55,9.5,0
2025-04-14T03:00:00Z,0,0,0,0,5,62,7.8,0
2025-04-14T04:00:00Z,0,0,0,0,3.5,66,6.5,0
2025-04-14T05:00:00Z,0,0,0,0,2.5,70,6.3,0
2025-04-14T06:00:00Z,0,0,0,0,1.9,71,8.5,0
2025-04-14T07:00:00Z,0,0,0,100,1.1,75,7.4,0
2025-04-14T08:00:00Z,0,0,0,40,-0.2,80,5.9,0
2025-04-14T09:00:00Z,0,0,0,22,-0.6,82,4.9,0
2025-04-14T10:00:00Z,0,0,0,92,-1.2,85,4.4,0
2025-04-14T11:00:00Z,19,10,9,90,0.1,83,4.2,0
2025-04-14T12:00:00Z,161,118,43,76,3.2,72,4.1,0
2025-04-14T13:00:00Z,354,294,60,72,6,62,3.6,0
2025-04-14T14:00:00Z,541,473,68,98,9.3,52,5.5,0
2025-04-14T15:00:00Z,692,605,87,98,13,42,5.9,0
2025-04-14T16:00:00Z,782,644,138,100,15.2,35,10.2,0
2025-04-14T17:00:00Z,702,407,295,99,16.1,30,13.1,0
2025-04-14T18:00:00Z,798,628,170,93,17.2,27,15.3,0
2025-04-14T19:00:00Z,569,312,257,54,17.7,25,17.2,0.5
2025-04-14T20:00:00Z,505,289,216,100,18.3,22,17.1,0
2025-04-14T21:00:00Z,158,33,125,100,17.1,28,11.5,0
2025-04-14T22:00:00Z,63,0,63,100,15.4,31,11.5,0
2025-04-14T23:00:00Z,36,1,35,100,14.5,33,10.4,0.1
2025-04-15T00:00:00Z,8,0,8,100,13,44,7.3,0.2
2025-04-15T01:00:00Z,0,0,0,98,11.3,61,8.4,0.8
2025-04-15T02:00:00Z,0,0,0,66,10.4,69,8.7,0
2025-04-15T03:00:00Z,0,0,0,30,8.1,77,7.8,0
2025-04-15T04:00:00Z,0,0,0,13,7.1,76,7.1,0
2025-04-15T05:00:00Z,0,0,0,9,5.8,79,7.6,0
2025-04-15T06:00:00Z,0,0,0,34,6.8,78,6.4,0
2025-04-15T07:00:00Z,0,0,0,31,5.1,82,5.5,0.2
2025-04-15T08:00:00Z,0,0,0,39,4.8,84,8.2,0.3
2025-04-15T09:00:00Z,0,0,0,88,4.7,84,11.3,0.1
2025-04-15T10:00:00Z,0,0,0,52,4.9,88,9.7,0
2025-04-15T11:00:00Z,9,3,6,57,5.2,87,7.9,0
2025-04-15T12:00:00Z,121,79,42,54,6.4,84,9.3,0
2025-04-15T13:00:00Z,285,199,86,38,8.4,76,9.8,0
2025-04-15T14:00:00Z,444,277,167,40,9.4,70,10.5,0.2
2025-04-15T15:00:00Z,523,366,157,68,10.3,68,13,0.1
2025-04-15T16:00:00Z,571,344,227,71,10.4,68,14.8,0.1
2025-04-15T17:00:00Z,539,266,273,90,10.7,67,16.3,0.3
2025-04-15T18:00:00Z,494,208,286,100,10,69,16.9,0.3
2025-04-15T19:00:00Z,238,5,233,96,7.8,78,9.4,0.3
2025-04-15T20:00:00Z,507,327,180,51,7.4,80,17.1,0.3
2025-04-15T21:00:00Z,375,207,168,87,7.7,72,17.7,0.2
2025-04-15T22:00:00Z,144,25,119,96,7,73,13.9,0.3
2025-04-15T23:00:00Z,78,29,49,99,6.2,72,14.9,0.2
2025-04-16T00:00:00Z,10,0,10,93,5.5,72,16.7,0
2025-04-16T01:00:00Z,0,0,0,90,5,74,18.8,0
2025-04-16T02:00:00Z,0,0,0,100,4.2,77,19.7,0
2025-04-16T03:00:00Z,0,0,0,100,3.4,79,20.2,0
2025-04-16T04:00:00Z,0,0,0,100,2.9,77,19.4,0
2025-04-16T05:00:00Z,0,0,0,96,2.3,76,20,0
2025-04-16T06:00:00Z,0,0,0,91,1.4,76,19.6,0
2025-04-16T07:00:00Z,0,0,0,97,0.8,75,20.3,0
2025-04-16T08:00:00Z,0,0,0,44,0.3,75,20.4,0
2025-04-16T09:00:00Z,0,0,0,18,-0,75,19.4,0
2025-04-16T10:00:00Z,0,0,0,84,-0.5,73,18.8,0
2025-04-16T11:00:00Z,20,9,11,100,-0.4,71,19.2,0
2025-04-16T12:00:00Z,119,61,58,98,0.2,70,23.7,0
2025-04-16T13:00:00Z,222,100,122,100,0.4,70,22.6,0
2025-04-16T14:00:00Z,217,31,186,100,0.7,73,21.5,0.1
2025-04-16T15:00:00Z,137,7,130,100,1,74,21.7,0.2
2025-04-16T16:00:00Z,227,8,219,100,1.4,75,21.8,0.3
2025-04-16T17:00:00Z,296,13,283,100,1.8,73,23,0.2
2025-04-16T18:00:00Z,366,78,288,100,2.6,71,23.6,0.1
2025-04-16T19:00:00Z,371,46,325,100,2.9,69,26.1,0
2025-04-16T20:00:00Z,301,89,212,100,3.4,65,25.6,0
2025-04-16T21:00:00Z,350,81,269,97,3.6,62,23,0
2025-04-16T22:00:00Z,229,57,172,80,3.6,60,18.1,0
2025-04-16T23:00:00Z,119,29,90,74,3,59,18.1,0
2025-04-17T00:00:00Z,19,2,17,93,2.2,61,19.7,0
2025-04-17T01:00:00Z,0,0,0,97,1.7,62,20.5,0
2025-04-17T02:00:00Z,0,0,0,88,1.3,63,21.3,0
2025-04-17T03:00:00Z,0,0,0,60,0.9,65,21.1,0
2025-04-17T04:00:00Z,0,0,0,13,0.8,63,20.6,0
2025-04-17T05:00:00Z,0,0,0,3,0.5,62,18.7,0
2025-04-17T06:00:00Z,0,0,0,5,0.2,61,17.4,0
2025-04-17T07:00:00Z,0,0,0,6,-0.2,60,16.6,0
2025-04-17T08:00:00Z,0,0,0,4,-0.9,60,15.9,0
2025-04-17T09:00:00Z,0,0,0,3,-1.5,61,15.3,0
2025-04-17T10:00:00Z,0,0,0,2,-1.6,64,13.8,0
2025-04-17T11:00:00Z,27,16,11,3,-1.4,62,15.2,0
2025-04-17T12:00:00Z,184,136,48,0,-0.2,57,18.2,0
2025-04-17T13:00:00Z,377,302,75,1,0.8,49,17,0
2025-04-17T14:00:00Z,567,481,86,0,2.1,41,15.3,0
2025-04-17T15:00:00Z,730,643,87,0,3.9,35,14.9,0
2025-04-17T16:00:00Z,844,753,91,0,5.3,31,15.3,0
2025-04-17T17:00:00Z,904,810,94,0,6.8,30,15.8,0
2025-04-17T18:00:00Z,905,811,94,0,8,27,15.3,0
2025-04-17T19:00:00Z,844,752,92,9,8.9,25,15.5,0
2025-04-17T20:00:00Z,731,643,88,0,9.8,22,16.1,0
2025-04-17T21:00:00Z,576,497,79,0,10.4,20,14.3,0
2025-04-17T22:00:00Z,391,324,67,7,10.3,19,10.7,0
2025-04-17T23:00:00Z,197,148,49,1,9.7,23,4.1,0
2025-04-18T00:00:00Z,36,22,14,0,6.2,41,7.4,0
2025-04-18T01:00:00Z,0,0,0,0,6.8,28,8.8,0
2025-04-18T02:00:00Z,0,0,0,0,4.3,39,9.1,0
2025-04-18T03:00:00Z,0,0,0,0,4.2,40,6.5,0
2025-04-18T04:00:00Z,0,0,0,0,2.1,53,6.5,0
2025-04-18T05:00:00Z,0,0,0,26,0.6,63,6.5,0
2025-04-18T06:00:00Z,0,0,0,0,-0.2,69,5.6,0
2025-04-18T07:00:00Z,0,0,0,100,-1,74,4.7,0
2025-04-18T08:00:00Z,0,0,0,100,-1.4,78,6.5,0
2025-04-18T09:00:00Z,0,0,0,100,-1.8,84,7,0
2025-04-18T10:00:00Z,0,0,0,100,-1.9,88,8.6,0
2025-04-18T11:00:00Z,24,5,19,100,-1.1,86,10,0
2025-04-18T12:00:00Z,151,64,87,100,2.2,71,9.1,0
2025-04-18T13:00:00Z,308,149,159,100,5.8,52,9.7,0
2025-04-18T14:00:00Z,351,103,248,100,8.2,41,11.1,0
2025-04-18T15:00:00Z,275,23,252,100,9.4,36,12.1,0
2025-04-18T16:00:00Z,158,0,158,100,8.9,43,11.2,0.2
2025-04-18T17:00:00Z,158,0,158,100,9.2,47,10.6,0.1
2025-04-18T18:00:00Z,148,0,148,100,9.9,49,12.3,0.5
2025-04-18T19:00:00Z,166,7,159,100,11.8,50,11.2,0
2025-04-18T20:00:00Z,229,55,174,100,12.8,55,8.5,2.1
2025-04-18T21:00:00Z,126,31,95,100,12,70,8.1,2.1
2025-04-18T22:00:00Z,170,64,106,98,12.5,68,7,0.2
2025-04-18T23:00:00Z,68,24,44,46,12.7,69,7.9,0.2
2025-04-19T00:00:00Z,25,12,13,13,11.7,70,8.7,0
2025-04-19T01:00:00Z,0,0,0,93,10.2,71,7.7,0
2025-04-19T02:00:00Z,0,0,0,100,10.1,72,9.3,0.1
2025-04-19T03:00:00Z,0,0,0,100,9.8,75,8.8,0.6
2025-04-19T04:00:00Z,0,0,0,100,10,81,8.8,1.7
2025-04-19T05:00:00Z,0,0,0,100,9.7,87,10.3,1.8
2025-04-19T06:00:00Z,0,0,0,98,9.6,91,6.2,1.8
2025-04-19T07:00:00Z,0,0,0,100,9.1,95,8.1,0
2025-04-19T08:00:00Z,0,0,0,100,8.9,96,5.6,0.8
2025-04-19T09:00:00Z,0,0,0,100,8.9,96,7.5,0.6
2025-04-19T10:00:00Z,0,0,0,99,8.9,97,8.3,0.1
2025-04-19T11:00:00Z,11,1,10,100,9.1,95,8.9,0
2025-04-19T12:00:00Z,68,10,58,99,10.1,94,9.9,0.7
2025-04-19T13:00:00Z,106,6,100,100,11.1,94,12.1,0.4
2025-04-19T14:00:00Z,163,4,159,100,12.4,93,12.9,0.2
2025-04-19T15:00:00Z,222,27,195,100,15,89,14,0
2025-04-19T16:00:00Z,149,7,142,100,15.6,90,22.3,0
2025-04-19T17:00:00Z,115,0,115,100,17.3,89,17.6,0
2025-04-19T18:00:00Z,185,22,163,100,18.8,86,22.7,0
2025-04-19T19:00:00Z,300,53,247,100,19.2,76,17,0.2
2025-04-19T20:00:00Z,438,204,234,100,18.6,71,17.5,0
2025-04-19T21:00:00Z,179,14,165,100,17.3,69,16,0
2025-04-19T22:00:00Z,117,14,103,100,16.8,73,12.9,0
2025-04-19T23:00:00Z,57,2,55,100,15.7,74,12.7,0
2025-04-20T00:00:00Z,9,0,9,99,14.2,76,18.2,0.1
2025-04-20T01:00:00Z,0,0,0,100,12.4,75,21.3,0
2025-04-20T02:00:00Z,0,0,0,97,10.5,70,22.8,0
2025-04-20T03:00:00Z,0,0,0,84,8.2,69,23.5,0
2025-04-20T04:00:00Z,0,0,0,98,6.2,66,22.3,0
2025-04-20T05:00:00Z,0,0,0,96,4.9,68,21.2,0
2025-04-20T06:00:00Z,0,0,0,100,4.1,69,21,0
2025-04-20T07:00:00Z,0,0,0,100,3.1,69,21,0
2025-04-20T08:00:00Z,0,0,0,99,2.4,65,21.7,0
2025-04-20T09:00:00Z,0,0,0,100,1.8,62,20.8,0
2025-04-20T10:00:00Z,0,0,0,92,1.7,62,15.4,0
2025-04-20T11:00:00Z,16,0,16,26,1.8,59,16.9,0
2025-04-20T12:00:00Z,104,12,92,76,2.5,56,19.5,0
2025-04-20T13:00:00Z,260,93,167,93,3,53,19.4,0
2025-04-20T14:00:00Z,511,336,175,64,4.2,48,19.7,0
2025-04-20T15:00:00Z,694,540,154,8,5.7,43,18.9,0
2025-04-20T16:00:00Z,843,751,92,5,6.8,40,18.5,0
2025-04-20T17:00:00Z,899,796,103,0,8,37,18.4,0
2025-04-20T18:00:00Z,905,809,96,0,8.9,35,17.8,0
2025-04-20T19:00:00Z,848,755,93,2,9.8,33,17.5,0
2025-04-20T20:00:00Z,740,653,87,11,10.2,31,17.6,0
2025-04-20T21:00:00Z,587,508,79,4,10.6,29,15.7,0
2025-04-20T22:00:00Z,404,334,70,87,10.1,28,10.1,0
2025-04-20T23:00:00Z,205,148,57,58,9.4,29,6.9,0
2025-04-21T00:00:00Z,38,18,20,31,7,39,5.9,0
2025-04-21T01:00:00Z,0,0,0,49,4.7,46,6.3,0
2025-04-21T02:00:00Z,0,0,0,82,3.4,54,6.4,0
2025-04-21T03:00:00Z,0,0,0,99,1.6,66,6.3,0
2025-04-21T04:00:00Z,0,0,0,100,0.7,69,6,0
2025-04-21T05:00:00Z,0,0,0,94,0.1,70,6.3,0
2025-04-21T06:00:00Z,0,0,0,94,-0.1,73,6.9,0
2025-04-21T07:00:00Z,0,0,0,98,-0.2,72,7.6,0
2025-04-21T08:00:00Z,0,0,0,95,-0.8,75,6.5,0
2025-04-21T09:00:00Z,0,0,0,88,-0.8,75,8.6,0
2025-04-21T10:00:00Z,0,0,0,93,-0.6,68,9.7,0
2025-04-21T11:00:00Z,27,10,17,89,1,62,11.5,0
2025-04-21T12:00:00Z,182,120,62,75,3.6,50,12.4,0
2025-04-21T13:00:00Z,372,292,80,44,5.6,39,14.8,0
2025-04-21T14:00:00Z,515,398,117,98,7.8,32,17.3,0
2025-04-21T15:00:00Z,614,370,244,100,8.9,29,18.4,0
2025-04-21T16:00:00Z,573,215,358,100,9.5,31,18.7,0
2025-04-21T17:00:00Z,677,288,389,100,11,29,19.6,0
2025-04-21T18:00:00Z,525,175,350,100,11.3,28,19,0
2025-04-21T19:00:00Z,196,14,182,100,9.9,40,12.5,0.9
2025-04-21T20:00:00Z,95,12,83,100,7.7,67,16.2,1.2
2025-04-21T21:00:00Z,60,0,60,100,6.9,77,17.4,0.7
2025-04-21T22:00:00Z,105,10,95,99,7,82,16.7,0.5
2025-04-21T23:00:00Z,17,1,16,100,6.6,88,15.6,2.8
2025-04-22T00:00:00Z,5,0,5,100,6.6,90,14.6,2.8
2025-04-22T01:00:00Z,0,0,0,100,6.7,91,15.5,0.3
2025-04-22T02:00:00Z,0,0,0,100,7.2,92,14.4,0.1
2025-04-22T03:00:00Z,0,0,0,100,7.8,94,12.9,0.1
2025-04-22T04:00:00Z,0,0,0,100,8.9,93,10.9,0.5
2025-04-22T05:00:00Z,0,0,0,100,9.7,93,10.3,1
2025-04-22T06:00:00Z,0,0,0,100,10.5,93,12.6,0.3
2025-04-22T07:00:00Z,0,0,0,92,10,92,14.9,0.1
2025-04-22T08:00:00Z,0,0,0,9,8.5,88,14,0
2025-04-22T09:00:00Z,0,0,0,11,7.1,87,13.4,0
2025-04-22T10:00:00Z,0,0,0,34,6.9,86,11.5,0
2025-04-22T11:00:00Z,29,13,16,84,6.9,86,13.6,0
2025-04-22T12:00:00Z,96,32,64,87,7.7,83,16.4,0
2025-04-22T13:00:00Z,180,52,128,97,8.1,77,16.1,0
2025-04-22T14:00:00Z,180,12,168,100,8.5,66,21.3,0
2025-04-22T15:00:00Z,253,50,203,100,9.2,62,21.4,0
2025-04-22T16:00:00Z,210,11,199,100,9.4,61,20.6,0
2025-04-22T17:00:00Z,288,58,230,100,9.9,59,21.1,0
2025-04-22T18:00:00Z,293,45,248,100,10.5,56,21.1,0
2025-04-22T19:00:00Z,331,69,262,99,11.1,54,21.7,0
2025-04-22T20:00:00Z,304,28,276,100,11.1,53,20.9,0
2025-04-22T21:00:00Z,247,50,197,100,10.7,53,20,0
2025-04-22T22:00:00Z,147,8,139,96,10,54,15.9,0
2025-04-22T23:00:00Z,81,19,62,94,9.6,54,15,0
2025-04-23T00:00:00Z,15,2,13,96,8.9,57,14.4,0
2025-04-23T01:00:00Z,0,0,0,93,8.2,59,13.9,0
2025-04-23T02:00:00Z,0,0,0,89,7.5,62,13.5,0
2025-04-23T03:00:00Z,0,0,0,91,6.8,65,13.5,0
2025-04-23T04:00:00Z,0,0,0,89,6.1,67,13.5,0
2025-04-23T05:00:00Z,0,0,0,85,5.6,69,13.6,0
2025-04-23T06:00:00Z,0,0,0,67,4.8,73,13.5,0
2025-04-23T07:00:00Z,0,0,0,38,4.1,76,13.3,0
2025-04-23T08:00:00Z,0,0,0,13,3.5,78,12.7,0
2025-04-23T09:00:00Z,0,0,0,23,3,80,11.9,0
2025-04-23T10:00:00Z,0,0,0,24,2,84,9.6,0
2025-04-23T11:00:00Z,35,18,17,33,2.8,82,10.6,0
2025-04-23T12:00:00Z,164,99,65,48,4.6,75,12.2,0
2025-04-23T13:00:00Z,294,184,110,36,5.9,68,13.1,0
2025-04-23T14:00:00Z,493,350,143,9,7.4,60,12,0
2025-04-23T15:00:00Z,616,410,206,0,9.1,55,12.1,0
2025-04-23T16:00:00Z,760,583,177,3,10.8,50,12.9,0
2025-04-23T17:00:00Z,884,772,112,3,12.4,45,13.4,0
2025-04-23T18:00:00Z,882,767,115,6,13.6,41,13.6,0
2025-04-23T19:00:00Z,776,605,171,27,14.6,38,14.4,0
2025-04-23T20:00:00Z,696,562,134,25,15.2,36,14.7,0
2025-04-23T21:00:00Z,529,401,128,0,15.9,33,12.7,0
2025-04-23T22:00:00Z,358,257,101,2,14.9,35,10.6,0
2025-04-23T23:00:00Z,209,155,54,20,14.2,38,5.5,0
2025-04-24T00:00:00Z,48,30,18,3,11.8,48,6.2,0
2025-04-24T01:00:00Z,0,0,0,4,9.5,56,6.2,0
2025-04-24T02:00:00Z,0,0,0,8,8,60,8.5,0
2025-04-24T03:00:00Z,0,0,0,27,6.2,66,11.1,0
2025-04-24T04:00:00Z,0,0,0,76,5.3,69,11.1,0
2025-04-24T05:00:00Z,0,0,0,99,4.3,72,9.7,0
2025-04-24T06:00:00Z,0,0,0,99,4.1,73,8.9,0
2025-04-24T07:00:00Z,0,0,0,96,3.8,75,9.8,0
2025-04-24T08:00:00Z,0,0,0,96,2.9,78,10.1,0
2025-04-24T09:00:00Z,0,0,0,95,2.7,79,8.8,0
2025-04-24T10:00:00Z,0,0,0,4,3.1,78,9.6,0
2025-04-24T11:00:00Z,41,22,19,26,4.1,76,10.4,0
2025-04-24T12:00:00Z,184,120,64,64,6.5,68,11.9,0
2025-04-24T13:00:00Z,341,231,110,89,8.1,64,11.2,0
2025-04-24T14:00:00Z,511,389,122,95,10.7,56,10.5,0
2025-04-24T15:00:00Z,569,363,206,85,11.6,55,10.2,0
2025-04-24T16:00:00Z,500,209,291,68,12.6,55,11.1,0.1
2025-04-24T17:00:00Z,557,268,289,21,14.1,49,11,0
2025-04-24T18:00:00Z,782,545,237,51,16.8,45,11,0
2025-04-24T19:00:00Z,747,594,153,70,18.4,44,10.7,0.2
2025-04-24T20:00:00Z,420,219,201,78,19.7,43,8.5,0
2025-04-24T21:00:00Z,440,273,167,84,18.5,50,7.5,0
2025-04-24T22:00:00Z,259,136,123,54,19.5,44,1.7,0
2025-04-24T23:00:00Z,150,84,66,70,18.1,60,4.1,0
2025-04-25T00:00:00Z,43,23,20,56,17.6,55,5.4,0
2025-04-25T01:00:00Z,0,0,0,89,14.4,68,6.6,0
2025-04-25T02:00:00Z,0,0,0,100,13.8,65,9.4,0
2025-04-25T03:00:00Z,0,0,0,99,12.7,63,10.7,0
2025-04-25T04:00:00Z,0,0,0,100,11.5,64,10.8,0
2025-04-25T05:00:00Z,0,0,0,98,10.7,65,11.5,0
2025-04-25T06:00:00Z,0,0,0,98,9.7,68,11.3,0
2025-04-25T07:00:00Z,0,0,0,91,8.7,70,10.6,0
2025-04-25T08:00:00Z,0,0,0,57,7.5,76,9.7,0
2025-04-25T09:00:00Z,0,0,0,87,7.8,76,9.5,0
2025-04-25T10:00:00Z,0,0,0,75,7.8,73,10.4,0
2025-04-25T11:00:00Z,32,9,23,97,8.1,72,10.3,0
2025-04-25T12:00:00Z,146,45,101,99,9.2,66,10,0
2025-04-25T13:00:00Z,340,201,139,100,10.6,61,9.4,0
2025-04-25T14:00:00Z,488,302,186,100,12.1,55,10.1,0
2025-04-25T15:00:00Z,628,405,223,100,14,51,10.3,0
2025-04-25T16:00:00Z,762,561,201,99,15.4,47,9.6,0
2025-04-25T17:00:00Z,787,592,195,99,16.1,45,8.8,0
2025-04-25T18:00:00Z,810,604,206,99,16.9,43,7.8,0
2025-04-25T19:00:00Z,532,282,250,100,17.1,42,7.6,0.3
2025-04-25T20:00:00Z,190,25,165,100,17.3,41,10.4,0
2025-04-25T21:00:00Z,254,80,174,100,16.5,45,10.8,0.8
2025-04-25T22:00:00Z,191,32,159,100,14.2,61,8.3,0
2025-04-25T23:00:00Z,61,1,60,100,13.1,63,8.9,0.8
2025-04-26T00:00:00Z,19,5,14,97,12.7,63,9.9,1
2025-04-26T01:00:00Z,0,0,0,84,12,67,13.6,0.4
2025-04-26T02:00:00Z,0,0,0,99,11.5,69,14.1,0
2025-04-26T03:00:00Z,0,0,0,100,10.9,71,14.4,0
2025-04-26T04:00:00Z,0,0,0,100,10.5,71,14.1,0
2025-04-26T05:00:00Z,0,0,0,100,10.2,72,14.4,0
2025-04-26T06:00:00Z,0,0,0,100,10.1,72,14.4,0
2025-04-26T07:00:00Z,0,0,0,100,9.9,73,13.4,0
2025-04-26T08:00:00Z,0,0,0,100,9.6,77,12,0
2025-04-26T09:00:00Z,0,0,0,100,9.1,82,10.4,0.1
2025-04-26T10:00:00Z,0,0,0,100,8.6,77,8.6,0.2
2025-04-26T11:00:00Z,11,0,11,100,8.4,83,7.2,0.3
2025-04-26T12:00:00Z,44,1,43,100,8.4,89,8.5,0.5
2025-04-26T13:00:00Z,48,0,48,100,8.4,92,9.1,1
2025-04-26T14:00:00Z,44,0,44,100,8.2,94,9.9,1.5
2025-04-26T15:00:00Z,38,1,37,100,7.9,94,10.9,1.5
2025-04-26T16:00:00Z,83,0,83,100,8.2,94,10.3,0.6
2025-04-26T17:00:00Z,139,6,133,100,8.1,94,9.5,0.1
2025-04-26T18:00:00Z,173,2,171,100,8.3,93,10.6,0.3
2025-04-26T19:00:00Z,96,0,96,100,8.1,93,11,0.6
2025-04-26T20:00:00Z,77,1,76,100,7.5,95,11.5,0.3
2025-04-26T21:00:00Z,44,0,44,100,7,95,11.2,0.6
2025-04-26T22:00:00Z,36,1,35,100,6.4,95,9.7,1.1
2025-04-26T23:00:00Z,13,0,13,100,6,95,10.9,1.1
2025-04-27T00:00:00Z,6,0,6,100,5.3,94,10.7,0.9
2025-04-27T01:00:00Z,0,0,0,100,4.4,95,10.4,0.9
2025-04-27T02:00:00Z,0,0,0,100,3.7,95,11.5,0.9
2025-04-27T03:00:00Z,0,0,0,100,3.5,95,13.3,1.1
2025-04-27T04:00:00Z,0,0,0,100,3.2,95,14.6,1.4
2025-04-27T05:00:00Z,0,0,0,100,3.1,97,17.1,1.6
2025-04-27T06:00:00Z,0,0,0,100,3.3,97,18,1.5
2025-04-27T07:00:00Z,0,0,0,100,3.5,94,18.4,1.2
2025-04-27T08:00:00Z,0,0,0,100,3.6,94,18.4,1.1
2025-04-27T09:00:00Z,0,0,0,100,3.5,94,20.8,1.1
2025-04-27T10:00:00Z,0,0,0,100,4,92,22.8,1.2
2025-04-27T11:00:00Z,9,1,8,95,4.3,91,23.2,1
2025-04-27T12:00:00Z,32,0,32,92,4.9,89,21.9,0.6
2025-04-27T13:00:00Z,113,0,113,95,5.7,86,18.9,0.2
2025-04-27T14:00:00Z,317,94,223,66,7.3,76,19.9,0
2025-04-27T15:00:00Z,589,374,215,47,11,56,23.2,0
2025-04-27T16:00:00Z,808,661,147,16,13.9,45,24.6,0
2025-04-27T17:00:00Z,898,768,130,2,15.5,37,24.4,0
2025-04-27T18:00:00Z,905,790,115,0,16.5,33,24.3,0
2025-04-27T19:00:00Z,863,770,93,0,17.3,32,24,0
2025-04-27T20:00:00Z,752,664,88,0,18,28,23.3,0
2025-04-27T21:00:00Z,601,520,81,0,18.5,25,22.1,0
2025-04-27T22:00:00Z,419,349,70,0,18.4,23,15.3,0
2025-04-27T23:00:00Z,228,174,54,0,17.6,24,13,0
2025-04-28T00:00:00Z,59,38,21,0,15.1,31,12.5,0
2025-04-28T01:00:00Z,0,0,0,0,12.4,39,12.7,0
2025-04-28T02:00:00Z,0,0,0,0,10.9,45,12.1,0
2025-04-28T03:00:00Z,0,0,0,0,9.1,51,11.6,0
2025-04-28T04:00:00Z,0,0,0,0,7.6,58,11.2,0
2025-04-28T05:00:00Z,0,0,0,0,6.6,62,10.4,0
2025-04-28T06:00:00Z,0,0,0,0,5.2,69,9.7,0
2025-04-28T07:00:00Z,0,0,0,0,4.2,73,8.9,0
2025-04-28T08:00:00Z,0,0,0,0,3.7,76,8.4,0
2025-04-28T09:00:00Z,0,0,0,0,3.3,79,9.3,0
2025-04-28T10:00:00Z,0,0,0,24,2.1,82,8.6,0
2025-04-28T11:00:00Z,59,38,21,87,3.9,78,8.6,0
2025-04-28T12:00:00Z,225,167,58,67,7.8,66,6.1,0
2025-04-28T13:00:00Z,401,309,92,91,11.8,53,4.7,0
2025-04-28T14:00:00Z,513,319,194,92,14.7,44,4.7,0
2025-04-28T15:00:00Z,582,282,300,54,17.3,37,7.1,0
2025-04-28T16:00:00Z,716,415,301,19,19.4,30,11.6,0
2025-04-28T17:00:00Z,843,643,200,7,20.4,26,13,0
2025-04-28T18:00:00Z,873,703,170,0,21.4,25,14.1,0
2025-04-28T19:00:00Z,850,758,92,2,21.9,24,14.5,0
2025-04-28T20:00:00Z,740,652,88,44,22.6,22,15.7,0
2025-04-28T21:00:00Z,589,507,82,0,22.5,21,16.2,0
2025-04-28T22:00:00Z,412,342,70,0,22,19,12.9,0
2025-04-28T23:00:00Z,223,170,53,12,20.7,21,14.1,0
2025-04-29T00:00:00Z,59,37,22,48,18,28,15.2,0
2025-04-29T01:00:00Z,0,0,0,81,15.3,34,14.1,0
2025-04-29T02:00:00Z,0,0,0,100,13.7,40,12.6,0
2025-04-29T03:00:00Z,0,0,0,17,12.4,45,10.5,0
2025-04-29T04:00:00Z,0,0,0,84,10.6,51,9.6,0
2025-04-29T05:00:00Z,0,0,0,81,10.1,51,10.6,0
2025-04-29T06:00:00Z,0,0,0,95,9.9,56,11.6,0
2025-04-29T07:00:00Z,0,0,0,100,9.7,59,11.8,0
2025-04-29T08:00:00Z,0,0,0,95,10,59,13,0
2025-04-29T09:00:00Z,0,0,0,88,11,57,15.3,0
2025-04-29T10:00:00Z,0,0,0,63,11.8,54,18.3,0
2025-04-29T11:00:00Z,56,35,21,79,13.2,49,18.5,0
2025-04-29T12:00:00Z,212,152,60,89,15.4,42,18.9,0
2025-04-29T13:00:00Z,385,292,93,98,17.3,39,16.7,0
2025-04-29T14:00:00Z,434,228,206,100,19,39,16.4,0.1
2025-04-29T15:00:00Z,383,115,268,100,19.6,43,15.9,0
2025-04-29T16:00:00Z,524,242,282,100,20.2,48,15.7,1
2025-04-29T17:00:00Z,635,445,190,98,20.7,61,23.4,3.6
2025-04-29T18:00:00Z,604,338,266,68,22.1,54,24.6,0.9
2025-04-29T19:00:00Z,789,662,127,98,23.3,52,24,4.6
2025-04-29T20:00:00Z,520,267,253,99,24.6,55,24.4,1.8
2025-04-29T21:00:00Z,319,93,226,94,24.6,56,23.2,0.2
2025-04-29T22:00:00Z,233,107,126,74,25.6,53,14.5,0
2025-04-29T23:00:00Z,114,26,88,98,24.3,55,15.5,0
2025-04-30T00:00:00Z,41,15,26,34,20.5,73,18,1.1
2025-04-30T01:00:00Z,0,0,0,27,19.6,74,22.2,0
2025-04-30T02:00:00Z,0,0,0,9,17.1,65,27.4,0
2025-04-30T03:00:00Z,0,0,0,83,13.1,64,29.1,0
2025-04-30T04:00:00Z,0,0,0,68,8.5,58,27.3,0
2025-04-30T05:00:00Z,0,0,0,28,5.4,55,27.8,0
2025-04-30T06:00:00Z,0,0,0,23,3.4,61,26.9,0
2025-04-30T07:00:00Z,0,0,0,21,1.8,66,25.1,0
2025-04-30T08:00:00Z,0,0,0,19,0.7,69,23.1,0
2025-04-30T09:00:00Z,0,0,0,14,0,70,21.4,0
2025-04-30T10:00:00Z,0,0,0,0,-0.5,67,16.6,0
2025-04-30T11:00:00Z,65,40,25,13,-0.5,65,16.9,0
2025-04-30T12:00:00Z,242,188,54,2,-0.1,62,15.3,0
2025-04-30T13:00:00Z,439,369,70,0,0.6,59,13.9,0
2025-04-30T14:00:00Z,621,537,84,0,1.7,56,13,0
2025-04-30T15:00:00Z,774,684,90,0,3.1,53,12.6,0
2025-04-30T16:00:00Z,881,785,96,0,4.8,49,11.8,0
2025-04-30T17:00:00Z,937,839,98,0,6.3,47,11.2,0
2025-04-30T18:00:00Z,936,838,98,4,7.5,45,9.7,0
2025-04-30T19:00:00Z,877,782,95,76,8.7,41,11,0
2025-04-30T20:00:00Z,750,620,130,8,9.7,38,10.7,0
2025-04-30T21:00:00Z,614,531,83,87,10.4,37,10.7,0
2025-04-30T22:00:00Z,421,331,90,99,10.5,35,6.4,0
2025-04-30T23:00:00Z,229,159,70,100,9.7,37,5.4,0
2025-05-01T00:00:00Z,60,26,34,98,7.9,49,5.1,0
2025-05-01T01:00:00Z,0,0,0,99,5.7,58,3.6,0
2025-05-01T02:00:00Z,0,0,0,100,5,62,2,0
2025-05-01T03:00:00Z,0,0,0,100,3.3,69,0.9,0
2025-05-01T04:00:00Z,0,0,0,100,2.7,72,2,0
2025-05-01T05:00:00Z,0,0,0,97,1.7,76,4.8,0
2025-05-01T06:00:00Z,0,0,0,33,1.8,75,5.8,0
2025-05-01T07:00:00Z,0,0,0,51,0.5,82,6.5,0
2025-05-01T08:00:00Z,0,0,0,49,-0.9,87,5.4,0
2025-05-01T09:00:00Z,0,0,0,44,-1.3,86,5.1,0
2025-05-01T10:00:00Z,0,0,0,99,-1.5,89,6,0
2025-05-01T11:00:00Z,63,34,29,57,1.2,85,7.5,0
2025-05-01T12:00:00Z,232,168,64,26,4.5,75,6.3,0
2025-05-01T13:00:00Z,391,257,134,55,7,64,7,0
2025-05-01T14:00:00Z,566,413,153,58,9.5,55,7.3,0
2025-05-01T15:00:00Z,700,491,209,98,12,45,8.7,0
2025-05-01T16:00:00Z,841,687,154,100,13.9,39,9.7,0
2025-05-01T17:00:00Z,840,582,258,100,15.3,35,8.9,0
2025-05-01T18:00:00Z,778,430,348,100,16.3,32,9.2,0
2025-05-01T19:00:00Z,644,282,362,100,16.6,32,9.1,0
2025-05-01T20:00:00Z,490,165,325,100,16.5,31,8.8,0
2025-05-01T21:00:00Z,199,13,186,100,16.2,33,8.3,0
2025-05-01T22:00:00Z,81,3,78,100,14.3,42,5.8,0.1
2025-05-01T23:00:00Z,34,0,34,100,13.1,49,6.3,0.4
2025-05-02T00:00:00Z,9,0,9,100,11.1,69,9.1,1.3
2025-05-02T01:00:00Z,0,0,0,100,10,80,13.7,2.6
2025-05-02T02:00:00Z,0,0,0,100,9,85,17.8,2.7
2025-05-02T03:00:00Z,0,0,0,100,8.8,88,18.5,3.6
2025-05-02T04:00:00Z,0,0,0,100,8.4,91,19.2,3.2
2025-05-02T05:00:00Z,0,0,0,100,8.6,90,18.4,1.7
2025-05-02T06:00:00Z,0,0,0,100,9,88,15.7,1
2025-05-02T07:00:00Z,0,0,0,100,9,92,12.7,0.7
2025-05-02T08:00:00Z,0,0,0,100,9.2,94,10.6,1.2
2025-05-02T09:00:00Z,0,0,0,100,9.7,96,11.1,1
2025-05-02T10:00:00Z,0,0,0,99,11.2,95,12.6,1.3
2025-05-02T11:00:00Z,9,0,9,100,11.9,96,14.1,0.9
2025-05-02T12:00:00Z,42,0,42,78,12.8,96,14.4,0.2
2025-05-02T13:00:00Z,95,0,95,81,13.8,95,16.3,0
2025-05-02T14:00:00Z,158,7,151,92,14.9,91,17.4,0.1
2025-05-02T15:00:00Z,301,87,214,100,16.5,84,19.5,0.3
2025-05-02T16:00:00Z,367,95,272,97,17.6,76,19,0.2
2025-05-02T17:00:00Z,390,115,275,83,18.9,68,19,0.1
2025-05-02T18:00:00Z,380,63,317,94,19.2,67,18.7,0
2025-05-02T19:00:00Z,573,248,325,88,20,62,19.9,0
2025-05-02T20:00:00Z,447,217,230,84,20.2,59,20.4,0
2025-05-02T21:00:00Z,330,95,235,95,20.3,57,19.6,0
2025-05-02T22:00:00Z,267,121,146,45,19,57,17.2,0
2025-05-02T23:00:00Z,177,102,75,27,17.7,55,14.8,0
2025-05-03T00:00:00Z,47,20,27,23,15.7,59,14.6,0
2025-05-03T01:00:00Z,0,0,0,83,14.1,60,16.2,0
2025-05-03T02:00:00Z,0,0,0,69,12.9,61,16.7,0
2025-05-03T03:00:00Z,0,0,0,100,11.6,63,16.7,0
2025-05-03T04:00:00Z,0,0,0,97,10.3,68,14.2,0
2025-05-03T05:00:00Z,0,0,0,100,9.5,74,10.8,0
2025-05-03T06:00:00Z,0,0,0,100,8.6,78,10,0
2025-05-03T07:00:00Z,0,0,0,100,7.8,80,10.1,0
2025-05-03T08:00:00Z,0,0,0,100,6.9,81,10.8,0
2025-05-03T09:00:00Z,0,0,0,100,6.5,80,11.2,0
2025-05-03T10:00:00Z,0,0,0,100,7,78,9.9,0
2025-05-03T11:00:00Z,24,0,24,100,6.9,76,10.1,0
2025-05-03T12:00:00Z,94,5,89,100,7.2,74,10.6,0
2025-05-03T13:00:00Z,137,4,133,100,7.4,70,8.3,0
2025-05-03T14:00:00Z,222,6,216,100,8.1,67,8.2,0
2025-05-03T15:00:00Z,318,22,296,100,9.2,64,8.3,0
2025-05-03T16:00:00Z,390,54,336,100,10.1,59,7.4,0
2025-05-03T17:00:00Z,585,199,386,100,11.8,56,6.7,0
2025-05-03T18:00:00Z,713,350,363,100,13.2,52,6.7,0
2025-05-03T19:00:00Z,624,243,381,100,14.1,49,7.1,0
2025-05-03T20:00:00Z,718,569,149,95,14.9,46,7,0
2025-05-03T21:00:00Z,552,400,152,96,15.2,45,6.5,0
2025-05-03T22:00:00Z,363,209,154,82,14.9,46,6.4,0
2025-05-03T23:00:00Z,207,120,87,100,14.2,48,5.9,0
2025-05-04T00:00:00Z,51,11,40,100,12.6,59,7.1,0
2025-05-04T01:00:00Z,0,0,0,100,10.9,64,8.2,0
2025-05-04T02:00:00Z,0,0,0,100,9.8,68,8.9,0
2025-05-04T03:00:00Z,0,0,0,99,8.9,70,8.7,0
2025-05-04T04:00:00Z,0,0,0,100,7.7,74,9.6,0
2025-05-04T05:00:00Z,0,0,0,100,6.9,77,9.7,0
2025-05-04T06:00:00Z,0,0,0,100,6.2,79,8.8,0
2025-05-04T07:00:00Z,0,0,0,100,5.3,81,8.3,0
2025-05-04T08:00:00Z,0,0,0,97,5,83,9,0
2025-05-04T09:00:00Z,0,0,0,97,4.8,83,8.8,0
2025-05-04T10:00:00Z,1,0,1,99,4.4,80,9.4,0
2025-05-04T11:00:00Z,56,11,45,99,5.4,78,10.1,0
2025-05-04T12:00:00Z,187,64,123,97,8.1,68,9.2,0
2025-05-04T13:00:00Z,364,184,180,98,11.5,54,9.2,0
2025-05-04T14:00:00Z,509,282,227,94,13.9,45,9.6,0
2025-05-04T15:00:00Z,666,432,234,89,15.6,39,9.1,0
2025-05-04T16:00:00Z,775,531,244,68,17,34,8.7,0
2025-05-04T17:00:00Z,880,713,167,63,18.3,31,8.2,0
2025-05-04T18:00:00Z,912,799,113,19,19.3,31,7.5,0
2025-05-04T19:00:00Z,866,763,103,61,20,29,7.4,0
2025-05-04T20:00:00Z,753,636,117,78,20.7,28,7,0
2025-05-04T21:00:00Z,608,512,96,95,21,27,8.3,0
2025-05-04T22:00:00Z,419,322,97,99,20.9,26,7.5,0
2025-05-04T23:00:00Z,236,162,74,100,20,30,5.6,0
2025-05-05T00:00:00Z,65,26,39,99,18,37,7.4,0
2025-05-05T01:00:00Z,1,0,1,99,15.6,42,10.8,0
2025-05-05T02:00:00Z,0,0,0,98,14.4,45,13.1,0
2025-05-05T03:00:00Z,0,0,0,99,13.7,45,15,0
2025-05-05T04:00:00Z,0,0,0,100,12.9,42,15.5,0
2025-05-05T05:00:00Z,0,0,0,100,11.9,45,15.7,0
2025-05-05T06:00:00Z,0,0,0,100,11.5,46,16.2,0
2025-05-05T07:00:00Z,0,0,0,100,10.9,44,15.8,0
2025-05-05T08:00:00Z,0,0,0,100,10,41,15.1,0
2025-05-05T09:00:00Z,0,0,0,100,9.3,40,14.3,0
2025-05-05T10:00:00Z,1,0,1,100,9.1,39,12.5,0
2025-05-05T11:00:00Z,44,7,37,100,9.6,37,13.3,0
2025-05-05T12:00:00Z,171,47,124,100,11.4,36,14.2,0
2025-05-05T13:00:00Z,328,121,207,100,13.2,33,14.9,0
2025-05-05T14:00:00Z,510,272,238,100,15.7,32,16.4,0
2025-05-05T15:00:00Z,570,269,301,98,17.5,31,17.4,0
2025-05-05T16:00:00Z,679,321,358,100,19.3,31,17.8,0
2025-05-05T17:00:00Z,715,351,364,99,21,32,17.9,0
2025-05-05T18:00:00Z,610,254,356,96,21.2,35,17.9,0
2025-05-05T19:00:00Z,590,285,305,93,21.4,39,18.3,0
2025-05-05T20:00:00Z,587,334,253,100,21.5,44,18.2,0
2025-05-05T21:00:00Z,472,255,217,99,21.6,47,18.3,0
2025-05-05T22:00:00Z,227,60,167,100,20.7,54,10.7,0.4
2025-05-05T23:00:00Z,101,11,90,100,19,69,12.4,0.2
2025-05-06T00:00:00Z,25,3,22,100,17.9,79,14.1,0.7
2025-05-06T01:00:00Z,0,0,0,100,16.6,88,15,0.6
2025-05-06T02:00:00Z,0,0,0,100,16.2,91,15.8,0.9
2025-05-06T03:00:00Z,0,0,0,100,15.9,91,15.4,2.1
2025-05-06T04:00:00Z,0,0,0,100,15.2,93,15,1.6
2025-05-06T05:00:00Z,0,0,0,100,14.9,93,15.5,1.1
2025-05-06T06:00:00Z,0,0,0,100,14.5,94,15.5,0.5
2025-05-06T07:00:00Z,0,0,0,100,14.3,94,14.6,0.3
2025-05-06T08:00:00Z,0,0,0,100,14.1,95,14.1,0.2
2025-05-06T09:00:00Z,0,0,0,100,13.7,94,13.6,0.2
2025-05-06T10:00:00Z,0,0,0,100,13.5,94,13.3,0.1
2025-05-06T11:00:00Z,8,0,8,100,13.7,94,13.5,0
2025-05-06T12:00:00Z,53,8,45,97,14.2,94,13.2,0
2025-05-06T13:00:00Z,187,50,137,98,15.4,89,14.7,0
2025-05-06T14:00:00Z,349,141,208,100,17.4,83,13.1,0
2025-05-06T15:00:00Z,287,59,228,100,18.3,78,13,0
2025-05-06T16:00:00Z,415,49,366,99,20.3,70,11.5,0.1
2025-05-06T17:00:00Z,351,45,306,97,21.5,66,9.3,0.1
2025-05-06T18:00:00Z,353,66,287,96,22,66,11.5,0.1
2025-05-06T19:00:00Z,375,74,301,99,22.8,61,12.8,0.4
2025-05-06T20:00:00Z,205,27,178,98,22.9,60,10.2,0.6
2025-05-06T21:00:00Z,171,14,157,91,22.8,63,8.4,0.1
2025-05-06T22:00:00Z,187,75,112,95,20.3,76,6,0
2025-05-06T23:00:00Z,152,61,91,87,19.9,77,2.9,0
2025-05-07T00:00:00Z,48,19,29,96,19,83,7.1,0.1
2025-05-07T01:00:00Z,0,0,0,99,17.8,87,8.4,1.5
2025-05-07T02:00:00Z,0,0,0,97,17.1,90,10.1,1.3
2025-05-07T03:00:00Z,0,0,0,95,16.4,93,9.9,1.6
2025-05-07T04:00:00Z,0,0,0,95,16,93,9,2.8
2025-05-07T05:00:00Z,0,0,0,100,15.9,92,10,1.2
2025-05-07T06:00:00Z,0,0,0,84,15.7,93,10,1.1
2025-05-07T07:00:00Z,0,0,0,85,15.2,94,9.1,0.7
2025-05-07T08:00:00Z,0,0,0,87,14.7,94,8.9,0.2
2025-05-07T09:00:00Z,0,0,0,88,14.4,95,8.2,0
2025-05-07T10:00:00Z,0,0,0,67,15,94,6.2,0.1
2025-05-07T11:00:00Z,21,1,20,80,15.4,93,5.9,0
2025-05-07T12:00:00Z,48,0,48,83,15.7,93,6.6,0
2025-05-07T13:00:00Z,94,3,91,98,16.4,90,6.3,0.1
2025-05-07T14:00:00Z,123,9,114,97,16.5,90,5,0.2
2025-05-07T15:00:00Z,160,34,126,100,15.9,90,3.7,0.6
2025-05-07T16:00:00Z,159,4,155,100,14.5,91,5.4,0.3
2025-05-07T17:00:00Z,192,17,175,100,12.3,91,13.8,0.2
2025-05-07T18:00:00Z,162,27,135,100,10.7,91,18,0.4
2025-05-07T19:00:00Z,143,0,143,100,10.2,91,19.5,0.2
2025-05-07T20:00:00Z,213,14,199,100,10.1,87,20.1,0
2025-05-07T21:00:00Z,163,42,121,98,10.2,80,19.4,0
2025-05-07T22:00:00Z,93,4,89,73,11,76,13,0
2025-05-07T23:00:00Z,44,0,44,76,10.7,74,14.2,0
2025-05-08T00:00:00Z,16,1,15,43,10.2,74,14.7,0
2025-05-08T01:00:00Z,0,0,0,67,9.6,75,15.1,0
2025-05-08T02:00:00Z,0,0,0,100,9.1,76,15.2,0
2025-05-08T03:00:00Z,0,0,0,100,8.5,76,14.1,0
2025-05-08T04:00:00Z,0,0,0,100,8.1,76,13,0
2025-05-08T05:00:00Z,0,0,0,100,7.6,78,12.8,0
2025-05-08T06:00:00Z,0,0,0,100,7.3,76,13.7,0
2025-05-08T07:00:00Z,0,0,0,100,6.7,76,14.1,0.3
2025-05-08T08:00:00Z,0,0,0,100,6.3,75,13.7,0.2
2025-05-08T09:00:00Z,0,0,0,100,6,75,13.9,0.2
2025-05-08T10:00:00Z,0,0,0,100,4.8,89,14.9,0.2
2025-05-08T11:00:00Z,13,0,13,98,4.7,87,14.9,0.1
2025-05-08T12:00:00Z,46,10,36,99,4.7,86,13.6,0
2025-05-08T13:00:00Z,134,38,96,98,5.4,76,16.4,0
2025-05-08T14:00:00Z,226,87,139,96,6.3,69,15.3,0
2025-05-08T15:00:00Z,292,148,144,90,7.6,62,13.2,0
2025-05-08T16:00:00Z,383,141,242,98,9.1,56,11.1,0
2025-05-08T17:00:00Z,455,161,294,100,10.7,53,11.2,0
2025-05-08T18:00:00Z,484,152,332,100,11.8,49,11.9,0
2025-05-08T19:00:00Z,271,22,249,100,11.9,47,11.7,0
2025-05-08T20:00:00Z,256,41,215,100,12.1,48,10.9,0
2025-05-08T21:00:00Z,231,32,199,100,12.3,49,9.9,0
2025-05-08T22:00:00Z,112,12,100,91,12.7,51,1,0
2025-05-08T23:00:00Z,60,1,59,96,12.2,54,1,0
2025-05-09T00:00:00Z,24,4,20,96,11.4,60,3.1,0
2025-05-09T01:00:00Z,1,0,1,98,9.8,67,5.4,0
2025-05-09T02:00:00Z,0,0,0,93,8.3,75,8.1,0
2025-05-09T03:00:00Z,0,0,0,93,7,82,8.8,0
2025-05-09T04:00:00Z,0,0,0,88,5.9,88,7.5,0
2025-05-09T05:00:00Z,0,0,0,94,5.5,90,6,0
2025-05-09T06:00:00Z,0,0,0,89,5.6,90,5.5,0
2025-05-09T07:00:00Z,0,0,0,89,5.7,89,5.5,0
2025-05-09T08:00:00Z,0,0,0,79,5.8,88,6.2,0
2025-05-09T09:00:00Z,0,0,0,83,5.7,87,7.9,0
2025-05-09T10:00:00Z,1,0,1,97,5.4,87,9.3,0
2025-05-09T11:00:00Z,42,6,36,96,6.2,84,9,0
2025-05-09T12:00:00Z,133,31,102,100,7.7,76,7.9,0
2025-05-09T13:00:00Z,204,30,174,100,8.5,73,8.8,0
2025-05-09T14:00:00Z,224,7,217,100,8.9,71,7.6,0
2025-05-09T15:00:00Z,248,9,239,100,9.6,70,8.3,0
2025-05-09T16:00:00Z,421,76,345,100,10.6,67,8.9,0
2025-05-09T17:00:00Z,362,39,323,100,11.4,65,9.1,0
2025-05-09T18:00:00Z,374,26,348,100,12.6,62,9.6,0
2025-05-09T19:00:00Z,289,26,263,100,13.1,60,9.7,0
2025-05-09T20:00:00Z,222,5,217,100,13,60,9.4,0
2025-05-09T21:00:00Z,154,5,149,100,12.9,61,8.6,0
2025-05-09T22:00:00Z,97,0,97,100,12,67,6.3,0
2025-05-09T23:00:00Z,66,0,66,100,11.4,71,7.2,0
2025-05-10T00:00:00Z,32,6,26,100,10.7,74,7.1,0
2025-05-10T01:00:00Z,1,0,1,100,9.1,81,4.4,0
2025-05-10T02:00:00Z,0,0,0,100,8.2,85,3.9,0
2025-05-10T03:00:00Z,0,0,0,100,7.6,89,4.4,0
2025-05-10T04:00:00Z,0,0,0,100,7.3,89,5.5,0
2025-05-10T05:00:00Z,0,0,0,100,6.8,90,3.8,0
2025-05-10T06:00:00Z,0,0,0,99,6,92,7,0
2025-05-10T07:00:00Z,0,0,0,67,5.5,94,6.8,0
2025-05-10T08:00:00Z,0,0,0,43,4.8,95,6.5,0
2025-05-10T09:00:00Z,0,0,0,21,4.4,96,7.1,0
2025-05-10T10:00:00Z,3,1,2,34,4.9,97,8.9,0
2025-05-10T11:00:00Z,81,50,31,24,6.6,94,9,0
2025-05-10T12:00:00Z,246,178,68,8,9.3,85,7.1,0
2025-05-10T13:00:00Z,442,355,87,0,11.9,72,8.7,0
2025-05-10T14:00:00Z,632,542,90,0,14.9,60,10.2,0
2025-05-10T15:00:00Z,791,706,85,0,17,51,10.4,0
2025-05-10T16:00:00Z,894,803,91,2,18.3,43,11.1,0
2025-05-10T17:00:00Z,921,794,127,2,19.1,39,11.8,0
2025-05-10T18:00:00Z,932,825,107,1,20.1,36,12.4,0
2025-05-10T19:00:00Z,862,743,119,1,20.6,35,13.2,0
2025-05-10T20:00:00Z,759,655,104,8,21.2,32,14.9,0
2025-05-10T21:00:00Z,572,440,132,18,21,31,17,0
2025-05-10T22:00:00Z,411,323,88,59,20.5,28,15.7,0
2025-05-10T23:00:00Z,233,164,69,58,18.4,31,18.8,0
2025-05-11T00:00:00Z,76,44,32,62,15.1,40,22.6,0
2025-05-11T01:00:00Z,2,1,1,35,13.1,46,22.7,0
2025-05-11T02:00:00Z,0,0,0,0,11.6,50,22.2,0
2025-05-11T03:00:00Z,0,0,0,0,10,52,21.2,0
2025-05-11T04:00:00Z,0,0,0,0,8.3,54,20.3,0
2025-05-11T05:00:00Z,0,0,0,0,7,54,19.5,0
2025-05-11T06:00:00Z,0,0,0,0,5.8,55,19.2,0
2025-05-11T07:00:00Z,0,0,0,0,4.5,56,18.2,0
2025-05-11T08:00:00Z,0,0,0,0,3.3,56,16.6,0
2025-05-11T09:00:00Z,0,0,0,0,2.2,59,15.1,0
2025-05-11T10:00:00Z,4,1,3,0,1.4,64,12.8,0
2025-05-11T11:00:00Z,100,66,34,0,2.5,61,13.2,0
2025-05-11T12:00:00Z,279,218,61,0,4,55,13.3,0
2025-05-11T13:00:00Z,471,395,76,0,5.6,49,11.6,0
2025-05-11T14:00:00Z,649,563,86,5,7.4,43,10.9,0
2025-05-11T15:00:00Z,797,703,94,11,9.7,36,11.9,0
2025-05-11T16:00:00Z,900,800,100,8,11.4,31,12.4,0
2025-05-11T17:00:00Z,953,853,100,37,13.3,28,11.8,0
2025-05-11T18:00:00Z,951,852,99,0,14.9,25,10.9,0
2025-05-11T19:00:00Z,894,797,97,0,15.8,25,9.9,0
2025-05-11T20:00:00Z,787,695,92,0,16.4,25,8.5,0
2025-05-11T21:00:00Z,638,553,85,0,17.2,23,7,0
2025-05-11T22:00:00Z,459,385,74,0,17.2,21,3.1,0
2025-05-11T23:00:00Z,269,210,59,0,16.7,22,6.2,0
2025-05-12T00:00:00Z,94,62,32,13,14.5,37,7.9,0
2025-05-12T01:00:00Z,3,1,2,69,11.4,43,9.4,0
2025-05-12T02:00:00Z,0,0,0,6,10.6,47,9.9,0
2025-05-12T03:00:00Z,0,0,0,22,9.1,54,10.6,0
2025-05-12T04:00:00Z,0,0,0,40,9.7,50,9.7,0
2025-05-12T05:00:00Z,0,0,0,36,9.1,54,8.3,0
2025-05-12T06:00:00Z,0,0,0,18,8.4,61,6.6,0
2025-05-12T07:00:00Z,0,0,0,33,7.3,69,6.2,0
2025-05-12T08:00:00Z,0,0,0,63,7,72,6.4,0
2025-05-12T09:00:00Z,0,0,0,5,6.7,72,7.9,0
2025-05-12T10:00:00Z,4,1,3,1,6.2,73,9.6,0
2025-05-12T11:00:00Z,95,61,34,2,8,68,11.7,0
2025-05-12T12:00:00Z,249,179,70,39,10.7,52,10.2,0
2025-05-12T13:00:00Z,394,286,108,51,12.7,44,10.9,0
2025-05-12T14:00:00Z,453,290,163,2,14.7,38,12,0
2025-05-12T15:00:00Z,664,524,140,7,17.8,30,13.1,0
2025-05-12T16:00:00Z,679,515,164,3,19.1,28,13.5,0
2025-05-12T17:00:00Z,827,687,140,12,20.9,27,12.6,0
2025-05-12T18:00:00Z,833,704,129,6,22.1,27,11.2,0
2025-05-12T19:00:00Z,827,713,114,6,23.1,26,10.1,0
2025-05-12T20:00:00Z,692,588,104,6,23.9,26,9.6,0
2025-05-12T21:00:00Z,609,527,82,5,24.1,25,8,0
2025-05-12T22:00:00Z,436,360,76,37,24.1,26,5.7,0
2025-05-12T23:00:00Z,253,190,63,29,23.2,30,10.1,0
2025-05-13T00:00:00Z,90,58,32,41,20.7,37,13.6,0
2025-05-13T01:00:00Z,3,1,2,38,18.5,40,14.5,0
2025-05-13T02:00:00Z,0,0,0,42,16.4,46,10.9,0
2025-05-13T03:00:00Z,0,0,0,51,14.9,53,8.4,0
2025-05-13T04:00:00Z,0,0,0,31,13.7,57,8.7,0
2025-05-13T05:00:00Z,0,0,0,29,12.7,60,8.8,0
2025-05-13T06:00:00Z,0,0,0,48,12.1,63,10.1,0
2025-05-13T07:00:00Z,0,0,0,47,11.8,63,11.7,0
2025-05-13T08:00:00Z,0,0,0,45,11.5,61,12.8,0
2025-05-13T09:00:00Z,0,0,0,51,11.4,57,14.5,0
2025-05-13T10:00:00Z,4,1,3,78,11.6,58,15.2,0
2025-05-13T11:00:00Z,95,59,36,39,13.1,54,15.1,0
2025-05-13T12:00:00Z,267,206,61,49,15.4,46,14.2,0
2025-05-13T13:00:00Z,433,345,88,63,17.3,40,15.3,0
2025-05-13T14:00:00Z,585,449,136,86,19.8,36,15.4,0
2025-05-13T15:00:00Z,717,538,179,92,21.8,34,14.5,0
2025-05-13T16:00:00Z,823,658,165,84,23.5,35,13.1,0
2025-05-13T17:00:00Z,890,727,163,77,25.1,35,12,0
2025-05-13T18:00:00Z,879,720,159,56,26.2,36,11.3,0
2025-05-13T19:00:00Z,852,745,107,50,27.3,36,10.8,0
2025-05-13T20:00:00Z,745,633,112,61,27.8,35,10.6,0
2025-05-13T21:00:00Z,611,519,92,19,27.7,36,10.5,0
2025-05-13T22:00:00Z,434,356,78,13,28,35,5.1,0
2025-05-13T23:00:00Z,239,179,60,34,27.4,39,3.1,0
2025-05-14T00:00:00Z,84,51,33,45,24.8,53,6.6,0
2025-05-14T01:00:00Z,4,1,3,42,22.5,58,6.3,0
2025-05-14T02:00:00Z,0,0,0,30,20.7,65,7.1,0
2025-05-14T03:00:00Z,0,0,0,46,19.1,71,7.6,0
2025-05-14T04:00:00Z,0,0,0,46,17.9,75,7.2,0
2025-05-14T05:00:00Z,0,0,0,72,16.9,77,6.8,0
2025-05-14T06:00:00Z,0,0,0,86,15.9,79,9.6,0
2025-05-14T07:00:00Z,0,0,0,75,14.7,83,8.5,0
2025-05-14T08:00:00Z,0,0,0,31,14.3,86,6.6,0
2025-05-14T09:00:00Z,0,0,0,41,13.7,89,6.7,0
2025-05-14T10:00:00Z,5,1,4,58,13.8,87,6.4,0
2025-05-14T11:00:00Z,84,49,35,64,15.7,82,7.6,0
2025-05-14T12:00:00Z,249,174,75,60,18.6,72,6.8,0
2025-05-14T13:00:00Z,395,306,89,71,20.6,66,8.5,0
2025-05-14T14:00:00Z,468,318,150,80,21.8,61,9.7,0
2025-05-14T15:00:00Z,511,333,178,88,23,57,10.1,0
2025-05-14T16:00:00Z,634,352,282,61,24,53,11.2,0
2025-05-14T17:00:00Z,600,292,308,50,25,49,13,0
2025-05-14T18:00:00Z,358,92,266,72,25.5,48,14.7,0
2025-05-14T19:00:00Z,557,370,187,85,25.5,49,13.7,0
2025-05-14T20:00:00Z,414,213,201,63,25.2,52,11.8,0
2025-05-14T21:00:00Z,315,189,126,62,24.6,53,10,0
2025-05-14T22:00:00Z,195,107,88,94,23.9,58,6.1,0
2025-05-14T23:00:00Z,146,76,70,65,23.2,62,5.2,0
2025-05-15T00:00:00Z,47,15,32,82,23.1,62,5.4,0
2025-05-15T01:00:00Z,2,0,2,97,22.3,69,1.5,0
2025-05-15T02:00:00Z,0,0,0,83,20.9,74,4.3,0
2025-05-15T03:00:00Z,0,0,0,74,19.9,77,6.8,0
2025-05-15T04:00:00Z,0,0,0,67,19.5,78,9.8,0
2025-05-15T05:00:00Z,0,0,0,85,19,80,9.1,0
2025-05-15T06:00:00Z,0,0,0,79,18.9,80,8.6,0
2025-05-15T07:00:00Z,0,0,0,91,18.5,81,7.7,0
2025-05-15T08:00:00Z,0,0,0,97,18,84,6.9,0.1
2025-05-15T09:00:00Z,0,0,0,100,18,85,7.3,0.3
2025-05-15T10:00:00Z,2,0,2,100,17.5,86,5.5,0.1
2025-05-15T11:00:00Z,19,0,19,100,17.7,86,5.1,0
2025-05-15T12:00:00Z,33,0,33,100,17.8,87,5.5,0.2
2025-05-15T13:00:00Z,90,11,79,100,18.1,87,5.1,0
2025-05-15T14:00:00Z,75,0,75,100,18.3,86,3.9,0
2025-05-15T15:00:00Z,142,0,142,100,19.3,84,3,0
2025-05-15T16:00:00Z,183,2,181,100,20,80,4.2,0
2025-05-15T17:00:00Z,253,31,222,100,21.2,76,5.2,0
2025-05-15T18:00:00Z,396,112,284,96,22.7,69,6.7,0.1
2025-05-15T19:00:00Z,416,134,282,100,23.1,67,7.6,0.1
2025-05-15T20:00:00Z,374,120,254,99,24.4,60,9.1,0
2025-05-15T21:00:00Z,305,116,189,86,23.9,63,9.8,0
2025-05-15T22:00:00Z,215,77,138,100,23.2,63,7.7,0
2025-05-15T23:00:00Z,166,93,73,86,22.6,63,4.9,0
2025-05-16T00:00:00Z,67,27,40,77,22.4,61,5.9,0
2025-05-16T01:00:00Z,3,0,3,87,21.6,67,4.7,0
2025-05-16T02:00:00Z,0,0,0,26,19.7,76,2.3,0
2025-05-16T03:00:00Z,0,0,0,38,17.2,86,2.4,0
2025-05-16T04:00:00Z,0,0,0,72,16,89,3.1,0
2025-05-16T05:00:00Z,0,0,0,66,15.2,91,7,0
2025-05-16T06:00:00Z,0,0,0,30,14.8,93,2.7,0
2025-05-16T07:00:00Z,0,0,0,1,14.5,93,4.7,0
2025-05-16T08:00:00Z,0,0,0,0,14.1,94,6.5,0
2025-05-16T09:00:00Z,0,0,0,72,14,95,1.3,0
2025-05-16T10:00:00Z,6,2,4,100,13.7,96,4.4,0
2025-05-16T11:00:00Z,91,46,45,96,15.8,92,4.7,0
2025-05-16T12:00:00Z,237,139,98,90,18.7,83,6.8,0
2025-05-16T13:00:00Z,418,315,103,62,20.8,75,9,0
2025-05-16T14:00:00Z,544,415,129,84,22.3,71,10.4,0
2025-05-16T15:00:00Z,672,513,159,100,24.4,64,11.1,0
2025-05-16T16:00:00Z,676,347,329,99,25.8,59,9.9,0
2025-05-16T17:00:00Z,519,207,312,90,26.4,57,11.7,0.1
2025-05-16T18:00:00Z,376,146,230,90,25.3,66,12.3,2.8
2025-05-16T19:00:00Z,496,226,270,85,26.1,63,13,0.1
2025-05-16T20:00:00Z,455,233,222,69,27,57,10.8,0
2025-05-16T21:00:00Z,450,315,135,35,24.6,70,9.5,0
2025-05-16T22:00:00Z,337,241,96,64,26.3,57,5.1,0
2025-05-16T23:00:00Z,176,116,60,49,24.8,69,6.1,0.3
2025-05-17T00:00:00Z,77,47,30,50,23.3,74,7.8,0
2025-05-17T01:00:00Z,4,1,3,56,21.2,81,9,0.1
2025-05-17T02:00:00Z,0,0,0,31,19.7,88,8.6,0
2025-05-17T03:00:00Z,0,0,0,15,18.5,92,8,0
2025-05-17T04:00:00Z,0,0,0,16,16.7,96,6.9,0
2025-05-17T05:00:00Z,0,0,0,50,15.5,98,7.9,0
2025-05-17T06:00:00Z,0,0,0,100,14.8,98,8.2,0
2025-05-17T07:00:00Z,0,0,0,95,13.7,98,7.6,0
2025-05-17T08:00:00Z,0,0,0,100,12.7,98,7.7,0
2025-05-17T09:00:00Z,0,0,0,98,13.1,97,6.6,0
2025-05-17T10:00:00Z,6,0,6,100,13.4,92,5.9,0
2025-05-17T11:00:00Z,84,26,58,100,14.4,90,4.9,0
2025-05-17T12:00:00Z,204,63,141,100,15.9,87,6,0
2025-05-17T13:00:00Z,303,81,222,100,17.1,86,8.4,0
2025-05-17T14:00:00Z,368,100,268,100,17.7,88,9.7,0
2025-05-17T15:00:00Z,378,58,320,100,18.4,85,8.9,0
2025-05-17T16:00:00Z,502,146,356,100,19.5,77,12.1,0.2
2025-05-17T17:00:00Z,290,59,231,100,18.7,86,12.1,3.8
2025-05-17T18:00:00Z,148,0,148,99,18.4,90,14.5,3.9
2025-05-17T19:00:00Z,214,14,200,99,18.3,89,10.5,0.2
2025-05-17T20:00:00Z,438,255,183,77,18.9,87,8.8,0
2025-05-17T21:00:00Z,375,202,173,66,20.2,79,6.9,0.1
2025-05-17T22:00:00Z,317,207,110,91,19.4,78,15.1,1.7
2025-05-17T23:00:00Z,174,88,86,92,17.6,86,12.7,0.4
2025-05-18T00:00:00Z,57,22,35,98,17,84,13.9,0.1
2025-05-18T01:00:00Z,5,1,4,91,15.6,87,17.5,0.1
2025-05-18T02:00:00Z,0,0,0,97,14.8,91,15.7,0.4
2025-05-18T03:00:00Z,0,0,0,99,13.7,94,13,1.2
2025-05-18T04:00:00Z,0,0,0,98,12.7,96,13,1.5
2025-05-18T05:00:00Z,0,0,0,100,12.1,98,12.9,1.2
2025-05-18T06:00:00Z,0,0,0,100,11.9,100,12.4,0.7
2025-05-18T07:00:00Z,0,0,0,100,11.8,100,11.7,0
2025-05-18T08:00:00Z,0,0,0,100,11.8,100,10.3,0
2025-05-18T09:00:00Z,0,0,0,100,11.9,100,9.4,0
2025-05-18T10:00:00Z,1,0,1,100,12.3,93,3.6,0.7
2025-05-18T11:00:00Z,13,0,13,100,12.3,95,4.8,1.1
2025-05-18T12:00:00Z,30,2,28,100,12.4,98,7.6,1.6
2025-05-18T13:00:00Z,33,0,33,100,12.7,99,12.3,1.1
2025-05-18T14:00:00Z,58,0,58,100,12.2,97,17.2,0.6
2025-05-18T15:00:00Z,64,0,64,100,10.6,94,18.9,0.3
2025-05-18T16:00:00Z,103,0,103,100,9.6,93,21.7,0.1
2025-05-18T17:00:00Z,111,0,111,100,8.8,92,22.5,0.1
2025-05-18T18:00:00Z,82,0,82,100,8.3,92,23.1,0.1
2025-05-18T19:00:00Z,84,0,84,100,7.6,92,23.6,0.1
2025-05-18T20:00:00Z,74,1,73,100,7.3,91,23.6,0.1
2025-05-18T21:00:00Z,86,3,83,99,7,92,23.5,0.1
2025-05-18T22:00:00Z,54,0,54,100,8.1,80,18.2,0.1
2025-05-18T23:00:00Z,58,0,58,99,7.9,80,19.1,0.2
2025-05-19T00:00:00Z,24,0,24,100,7.6,79,19.2,0.1
2025-05-19T01:00:00Z,1,0,1,100,7.4,79,18.1,0.2
2025-05-19T02:00:00Z,0,0,0,99,7.5,75,17,0
2025-05-19T03:00:00Z,0,0,0,100,7.8,71,18.1,0
2025-05-19T04:00:00Z,0,0,0,98,7.4,71,18.4,0
2025-05-19T05:00:00Z,0,0,0,95,7.2,72,18.5,0
2025-05-19T06:00:00Z,0,0,0,78,7.1,71,18.5,0
2025-05-19T07:00:00Z,0,0,0,50,6.9,70,18.3,0
2025-05-19T08:00:00Z,0,0,0,43,6.6,69,18.1,0
2025-05-19T09:00:00Z,0,0,0,52,6.2,70,17.8,0
2025-05-19T10:00:00Z,6,2,4,47,5.1,72,17,0
2025-05-19T11:00:00Z,85,49,36,68,5.1,71,19,0
2025-05-19T12:00:00Z,181,82,99,77,5.4,71,19.4,0
2025-05-19T13:00:00Z,360,216,144,78,6,69,20.5,0
2025-05-19T14:00:00Z,440,263,177,89,6.7,66,21.1,0
2025-05-19T15:00:00Z,385,163,222,91,6.9,65,20.8,0
2025-05-19T16:00:00Z,308,42,266,98,7,64,21.2,0
2025-05-19T17:00:00Z,420,104,316,100,7.3,63,22.2,0
2025-05-19T18:00:00Z,292,34,258,99,7.5,63,22.5,0
2025-05-19T19:00:00Z,392,119,273,92,8,60,22.9,0
2025-05-19T20:00:00Z,202,14,188,96,8.3,58,22.4,0
2025-05-19T21:00:00Z,320,109,211,100,8.1,58,22,0
2025-05-19T22:00:00Z,152,11,141,100,8.5,56,19.9,0
2025-05-19T23:00:00Z,92,3,89,99,8.3,56,20.6,0
2025-05-20T00:00:00Z,36,0,36,86,8.2,56,16.8,0
2025-05-20T01:00:00Z,4,0,4,45,7.9,56,16.7,0
2025-05-20T02:00:00Z,0,0,0,87,7.4,58,16,0
2025-05-20T03:00:00Z,0,0,0,98,6.8,62,14.4,0
2025-05-20T04:00:00Z,0,0,0,95,6.1,65,13,0
2025-05-20T05:00:00Z,0,0,0,94,5.6,68,12.6,0
2025-05-20T06:00:00Z,0,0,0,93,5.4,71,12.7,0
2025-05-20T07:00:00Z,0,0,0,95,5,72,12.5,0
2025-05-20T08:00:00Z,0,0,0,67,4.6,75,12.7,0
2025-05-20T09:00:00Z,0,0,0,41,4.3,76,13.1,0
2025-05-20T10:00:00Z,7,2,5,27,4.7,74,12.4,0
2025-05-20T11:00:00Z,84,46,38,16,5.6,73,11.4,0
2025-05-20T12:00:00Z,259,191,68,10,7.3,65,14.4,0
2025-05-20T13:00:00Z,397,269,128,27,8.5,63,14.5,0
2025-05-20T14:00:00Z,505,270,235,78,9.6,60,12.5,0
2025-05-20T15:00:00Z,593,295,298,100,11.1,58,11.7,0
2025-05-20T16:00:00Z,620,251,369,100,12,56,11.4,0
2025-05-20T17:00:00Z,503,138,365,100,12.5,55,11.7,0
2025-05-20T18:00:00Z,419,75,344,100,12.9,55,10.6,0
2025-05-20T19:00:00Z,379,77,302,100,13.1,55,9.6,0
2025-05-20T20:00:00Z,241,28,213,100,13.1,56,9.1,0
2025-05-20T21:00:00Z,165,11,154,100,12.8,57,8.9,0
2025-05-20T22:00:00Z,119,15,104,99,12.8,59,6.1,0
2025-05-20T23:00:00Z,68,1,67,96,12.5,60,5.6,0
2025-05-21T00:00:00Z,31,0,31,100,12,63,5.1,0
2025-05-21T01:00:00Z,3,0,3,100,11.2,71,4.7,0
2025-05-21T02:00:00Z,0,0,0,100,10.8,72,5.3,0
2025-05-21T03:00:00Z,0,0,0,100,10.4,74,6.4,0
2025-05-21T04:00:00Z,0,0,0,100,10,76,6.9,0
2025-05-21T05:00:00Z,0,0,0,100,9.6,79,9.1,0
2025-05-21T06:00:00Z,0,0,0,100,9.5,80,9,0
2025-05-21T07:00:00Z,0,0,0,100,9.2,84,7.1,0
2025-05-21T08:00:00Z,0,0,0,100,9,86,7.4,0
2025-05-21T09:00:00Z,0,0,0,100,8.9,87,9.4,0
2025-05-21T10:00:00Z,1,0,1,100,8.9,86,8.8,0
2025-05-21T11:00:00Z,14,0,14,99,9.1,86,10.2,0
2025-05-21T12:00:00Z,49,4,45,100,9.6,84,9.8,0
2025-05-21T13:00:00Z,121,7,114,100,10.4,81,15.7,0
2025-05-21T14:00:00Z,197,15,182,100,11.1,78,15.7,0
2025-05-21T15:00:00Z,264,57,207,100,12.2,75,15.7,0
2025-05-21T16:00:00Z,192,50,142,100,12.5,74,16.4,0
2025-05-21T17:00:00Z,120,13,107,100,12.6,76,16.1,0
2025-05-21T18:00:00Z,137,3,134,100,13.3,74,14.9,0
2025-05-21T19:00:00Z,212,37,175,100,13.4,73,14.8,0
2025-05-21T20:00:00Z,137,6,131,100,13,75,18,0
2025-05-21T21:00:00Z,161,36,125,100,13.1,76,15.2,0
2025-05-21T22:00:00Z,133,21,112,100,13.3,74,12.1,0
2025-05-21T23:00:00Z,68,1,67,100,13,74,12.6,0
2025-05-22T00:00:00Z,27,0,27,100,12.6,76,12.1,0
2025-05-22T01:00:00Z,2,0,2,100,12,78,10.5,0.2
2025-05-22T02:00:00Z,0,0,0,100,11.7,80,9.6,0.4
2025-05-22T03:00:00Z,0,0,0,100,11.1,84,10.9,0.4
2025-05-22T04:00:00Z,0,0,0,100,10.5,87,13.1,0.4
2025-05-22T05:00:00Z,0,0,0,100,9.7,87,13.4,0.4
2025-05-22T06:00:00Z,0,0,0,100,9.2,87,13.5,0.3
2025-05-22T07:00:00Z,0,0,0,100,8.6,86,14,0.1
2025-05-22T08:00:00Z,0,0,0,100,8.2,86,14.8,0.1
2025-05-22T09:00:00Z,0,0,0,100,7.8,87,15.6,0.1
2025-05-22T10:00:00Z,3,0,3,100,8.1,83,15.9,0.1
2025-05-22T11:00:00Z,31,3,28,100,8.1,85,16.8,0.4
2025-05-22T12:00:00Z,64,2,62,100,8.3,85,17.4,0.3
2025-05-22T13:00:00Z,71,0,71,100,8.5,87,18.9,0.3
2025-05-22T14:00:00Z,134,6,128,100,8.9,86,19.4,0.3
2025-05-22T15:00:00Z,208,24,184,100,9.5,81,18.7,0.2
2025-05-22T16:00:00Z,193,10,183,100,9.9,83,18.6,0.4
2025-05-22T17:00:00Z,194,2,192,100,10,85,24.3,0.5
2025-05-22T18:00:00Z,260,9,251,100,10.3,84,17.5,0.5
2025-05-22T19:00:00Z,174,14,160,100,10.4,86,16.6,0.3
2025-05-22T20:00:00Z,171,2,169,100,10.5,86,17.5,0.3
2025-05-22T21:00:00Z,150,3,147,100,10.5,86,18.8,0.2
2025-05-22T22:00:00Z,84,0,84,100,10.4,81,15.7,0.2
2025-05-22T23:00:00Z,69,1,68,100,10.2,80,17.3,0.1
2025-05-23T00:00:00Z,28,1,27,100,10,79,17.8,0
2025-05-23T01:00:00Z,3,0,3,100,9.6,79,17.6,0
2025-05-23T02:00:00Z,0,0,0,100,9.4,77,16.8,0
2025-05-23T03:00:00Z,0,0,0,100,9,78,16,0
2025-05-23T04:00:00Z,0,0,0,100,8.7,78,15.7,0
2025-05-23T05:00:00Z,0,0,0,100,8.4,79,15.2,0
2025-05-23T06:00:00Z,0,0,0,99,8.2,80,14.4,0
2025-05-23T07:00:00Z,0,0,0,100,7.8,81,14,0
2025-05-23T08:00:00Z,0,0,0,100,7.5,83,14.2,0
2025-05-23T09:00:00Z,0,0,0,100,7.4,84,14.4,0.1
2025-05-23T10:00:00Z,2,0,2,99,7.6,84,13.2,0.1
2025-05-23T11:00:00Z,18,0,18,98,7.7,87,12.6,0.2
2025-05-23T12:00:00Z,54,0,54,100,8,88,11.9,0.2
2025-05-23T13:00:00Z,101,1,100,100,8.7,87,13.2,0.3
2025-05-23T14:00:00Z,199,10,189,100,9.4,84,11.7,0.3
2025-05-23T15:00:00Z,267,32,235,100,10.3,80,11.7,0.3
2025-05-23T16:00:00Z,298,38,260,100,10.6,78,10,0.2
2025-05-23T17:00:00Z,293,14,279,100,10.9,75,7.2,0.2
2025-05-23T18:00:00Z,290,17,273,100,11.1,76,6.2,0.2
2025-05-23T19:00:00Z,202,4,198,100,11.1,78,5.4,0.3
2025-05-23T20:00:00Z,172,25,147,100,11.1,79,7,0.5
2025-05-23T21:00:00Z,124,1,123,100,10.5,85,6.2,0.6
2025-05-23T22:00:00Z,85,0,85,100,9.8,89,7.5,0.8
2025-05-23T23:00:00Z,65,8,57,100,9.5,92,7.9,0.6
2025-05-24T00:00:00Z,22,0,22,100,9,94,6.3,0.5
2025-05-24T01:00:00Z,2,0,2,100,8.6,95,5.4,0.4
2025-05-24T02:00:00Z,0,0,0,100,8.3,96,4.7,0.3
2025-05-24T03:00:00Z,0,0,0,100,8.1,96,4.1,0.2
2025-05-24T04:00:00Z,0,0,0,100,7.8,96,3.8,0.2
2025-05-24T05:00:00Z,0,0,0,100,7.7,97,3.6,0.2
2025-05-24T06:00:00Z,0,0,0,100,7.7,97,4.1,0.3
2025-05-24T07:00:00Z,0,0,0,100,7.4,98,4.3,0.5
2025-05-24T08:00:00Z,0,0,0,100,7.4,96,5.2,0.3
2025-05-24T09:00:00Z,0,0,0,100,7.3,98,6.1,0.2
2025-05-24T10:00:00Z,4,0,4,100,7.3,98,7,0.1
2025-05-24T11:00:00Z,41,0,41,100,7.8,97,7.6,0.1
2025-05-24T12:00:00Z,110,1,109,99,8.8,94,8.4,0.1
2025-05-24T13:00:00Z,267,66,201,100,9.4,85,8.9,0.1
2025-05-24T14:00:00Z,286,76,210,99,9.4,83,8.7,0.2
2025-05-24T15:00:00Z,439,182,257,100,10.3,77,9.8,0.1
2025-05-24T16:00:00Z,500,217,283,100,11.3,71,12.5,0.1
2025-05-24T17:00:00Z,367,84,283,99,11.6,70,12.3,0.1
2025-05-24T18:00:00Z,322,31,291,100,12.1,67,12.2,0
2025-05-24T19:00:00Z,327,40,287,100,12.7,64,11.9,0.3
2025-05-24T20:00:00Z,217,28,189,100,12.7,66,10.6,0.1
2025-05-24T21:00:00Z,222,10,212,100,12.8,68,9.8,0.1
2025-05-24T22:00:00Z,132,17,115,98,11.5,80,9.3,0.1
2025-05-24T23:00:00Z,108,12,96,100,11.6,80,9.3,0
2025-05-25T00:00:00Z,41,0,41,98,11,82,8.5,0
2025-05-25T01:00:00Z,5,0,5,95,10.4,85,8.5,0
2025-05-25T02:00:00Z,0,0,0,91,9.7,88,8.5,0
2025-05-25T03:00:00Z,0,0,0,80,8.8,91,8.5,0
2025-05-25T04:00:00Z,0,0,0,24,8.2,92,9,0
2025-05-25T05:00:00Z,0,0,0,11,8,92,9.5,0
2025-05-25T06:00:00Z,0,0,0,12,7.6,93,10.2,0
2025-05-25T07:00:00Z,0,0,0,7,7.5,94,10.4,0
2025-05-25T08:00:00Z,0,0,0,8,7.3,93,10.3,0
2025-05-25T09:00:00Z,0,0,0,23,7.2,94,9.7,0
2025-05-25T10:00:00Z,10,3,7,27,7.3,94,9.1,0
2025-05-25T11:00:00Z,110,66,44,35,8.4,93,8.4,0
2025-05-25T12:00:00Z,240,152,88,55,10.2,89,7.2,0
2025-05-25T13:00:00Z,401,259,142,86,12.1,82,6.6,0
2025-05-25T14:00:00Z,448,218,230,99,13.4,75,6.4,0
2025-05-25T15:00:00Z,540,231,309,87,15.1,71,6.9,0
2025-05-25T16:00:00Z,766,500,266,86,16.6,62,5.6,0
2025-05-25T17:00:00Z,831,596,235,81,17.6,58,6,0
2025-05-25T18:00:00Z,889,694,195,78,18.2,56,7.1,0.1
2025-05-25T19:00:00Z,584,340,244,68,18,59,7.6,0
2025-05-25T20:00:00Z,611,383,228,54,18.4,52,9.5,0.1
2025-05-25T21:00:00Z,475,309,166,57,18.1,52,11.3,0.5
2025-05-25T22:00:00Z,370,267,103,37,15.6,61,6.7,0
2025-05-25T23:00:00Z,214,135,79,42,15.4,66,0.5,0
2025-05-26T00:00:00Z,85,46,39,53,14.7,69,3.6,0.1
2025-05-26T01:00:00Z,8,3,5,39,13.7,75,6.2,0.4
2025-05-26T02:00:00Z,0,0,0,42,11.9,86,6.5,0.5
2025-05-26T03:00:00Z,0,0,0,13,10.6,91,6.6,0
2025-05-26T04:00:00Z,0,0,0,16,10.1,93,7.6,0
2025-05-26T05:00:00Z,0,0,0,27,9.3,95,6.9,0
2025-05-26T06:00:00Z,0,0,0,40,8.6,96,6.3,0
2025-05-26T07:00:00Z,0,0,0,1,7.9,97,6.7,0
2025-05-26T08:00:00Z,0,0,0,0,7.3,97,6.4,0
2025-05-26T09:00:00Z,0,0,0,7,7.3,96,6.8,0
2025-05-26T10:00:00Z,12,5,7,11,7.8,97,5.8,0
2025-05-26T11:00:00Z,123,82,41,20,9.3,94,6.6,0
2025-05-26T12:00:00Z,294,231,63,22,11.7,87,4.4,0
2025-05-26T13:00:00Z,477,399,78,29,14.2,77,3.4,0
2025-05-26T14:00:00Z,647,559,88,43,16.7,66,3.9,0
2025-05-26T15:00:00Z,788,692,96,6,19.2,57,5.6,0
2025-05-26T16:00:00Z,886,783,103,3,20.7,51,7.2,0
2025-05-26T17:00:00Z,935,820,115,20,22.2,44,9.1,0
2025-05-26T18:00:00Z,911,789,122,30,23,35,9.4,0
2025-05-26T19:00:00Z,808,657,151,26,23,34,9.7,0
2025-05-26T20:00:00Z,711,581,130,46,22.2,36,9.8,0.1
2025-05-26T21:00:00Z,586,443,143,58,22.2,36,9.5,0
2025-05-26T22:00:00Z,415,310,105,48,22.3,35,3.9,0
2025-05-26T23:00:00Z,266,191,75,18,22,38,5.4,0
2025-05-27T00:00:00Z,117,77,40,17,19.5,54,8.1,0
2025-05-27T01:00:00Z,12,5,7,18,15.9,64,10.5,0
2025-05-27T02:00:00Z,0,0,0,35,13.7,72,10.8,0
2025-05-27T03:00:00Z,0,0,0,16,12,78,9.8,0
2025-05-27T04:00:00Z,0,0,0,0,10.7,81,8.6,0
2025-05-27T05:00:00Z,0,0,0,0,10,82,8.4,0
2025-05-27T06:00:00Z,0,0,0,0,9.6,82,8,0
2025-05-27T07:00:00Z,0,0,0,0,8.7,83,7.1,0
2025-05-27T08:00:00Z,0,0,0,0,7.8,85,6,0
2025-05-27T09:00:00Z,0,0,0,0,7.4,86,5.9,0
2025-05-27T10:00:00Z,13,6,7,0,7.4,93,10.1,0
2025-05-27T11:00:00Z,128,87,41,0,9.6,87,9.3,0
2025-05-27T12:00:00Z,301,238,63,0,12.7,77,6.4,0
2025-05-27T13:00:00Z,485,408,77,0,15.9,65,4.2,0
2025-05-27T14:00:00Z,655,568,87,0,18.9,56,2.4,0
2025-05-27T15:00:00Z,797,703,94,0,21.6,47,2.9,0
2025-05-27T16:00:00Z,895,796,99,4,23.4,41,5,0
2025-05-27T17:00:00Z,931,825,106,5,24.8,33,7.2,0
2025-05-27T18:00:00Z,906,785,121,3,25.8,27,8.7,0
2025-05-27T19:00:00Z,895,798,97,2,26.2,23,9.2,0
2025-05-27T20:00:00Z,792,697,95,11,26.7,22,10,0
2025-05-27T21:00:00Z,604,500,104,29,26.3,20,9.3,0
2025-05-27T22:00:00Z,424,333,91,22,25.1,23,5.4,0
2025-05-27T23:00:00Z,282,211,71,36,24.7,27,4.1,0
2025-05-28T00:00:00Z,114,74,40,25,22.2,41,5.9,0
2025-05-28T01:00:00Z,13,6,7,17,17.7,51,6.7,0
2025-05-28T02:00:00Z,0,0,0,5,16.4,54,10.3,0
2025-05-28T03:00:00Z,0,0,0,0,15.3,62,9.6,0
2025-05-28T04:00:00Z,0,0,0,13,14.1,67,9.3,0
2025-05-28T05:00:00Z,0,0,0,10,12.1,75,9,0
2025-05-28T06:00:00Z,0,0,0,8,10.1,81,7.8,0
2025-05-28T07:00:00Z,0,0,0,0,9.3,84,7.3,0
2025-05-28T08:00:00Z,0,0,0,0,8.3,87,5.9,0
2025-05-28T09:00:00Z,0,0,0,0,7.5,89,6.4,0
2025-05-28T10:00:00Z,14,6,8,0,7.9,90,4.6,0
2025-05-28T11:00:00Z,131,91,40,0,11.2,84,5.1,0
2025-05-28T12:00:00Z,304,241,63,0,15.1,71,2,0
2025-05-28T13:00:00Z,486,409,77,0,18.2,61,0.8,0
2025-05-28T14:00:00Z,655,568,87,0,21.3,47,2,0
2025-05-28T15:00:00Z,795,702,93,0,23.8,37,3.4,0
2025-05-28T16:00:00Z,896,801,95,7,25.5,29,4,0
2025-05-28T17:00:00Z,947,849,98,30,26.7,25,5.2,0
2025-05-28T18:00:00Z,946,842,104,64,27.4,25,7.2,0
2025-05-28T19:00:00Z,892,781,111,91,27.6,24,8.1,0
2025-05-28T20:00:00Z,790,685,105,82,27.9,22,7.4,0
2025-05-28T21:00:00Z,615,474,141,72,27.9,21,6.2,0
2025-05-28T22:00:00Z,362,178,184,89,26.6,27,5.1,0
2025-05-28T23:00:00Z,210,89,121,54,25.4,35,5.4,0
2025-05-29T00:00:00Z,89,31,58,75,23.1,45,7,0
2025-05-29T01:00:00Z,10,1,9,82,19.9,53,7.5,0
2025-05-29T02:00:00Z,0,0,0,82,18.2,59,7.7,0
2025-05-29T03:00:00Z,0,0,0,81,17.1,63,8.1,0
2025-05-29T04:00:00Z,0,0,0,90,16.1,68,8.7,0
2025-05-29T05:00:00Z,0,0,0,97,15.2,73,10.9,0
2025-05-29T06:00:00Z,0,0,0,100,14.3,78,9.3,0.1
2025-05-29T07:00:00Z,0,0,0,94,14,81,8.3,0
2025-05-29T08:00:00Z,0,0,0,97,13.7,82,6.1,0.1
2025-05-29T09:00:00Z,0,0,0,99,13,87,6.9,0.1
2025-05-29T10:00:00Z,7,1,6,91,13.7,87,5.4,0
2025-05-29T11:00:00Z,33,6,27,91,14.4,83,4.7,0.1
2025-05-29T12:00:00Z,146,48,98,83,15.1,84,4.4,0.6
2025-05-29T13:00:00Z,197,68,129,95,15.4,85,5.5,0.5
2025-05-29T14:00:00Z,162,48,114,100,15.4,88,5.5,1.5
2025-05-29T15:00:00Z,141,3,138,100,15.2,91,7.1,0.6
2025-05-29T16:00:00Z,118,3,115,100,15.1,92,6.4,0.3
2025-05-29T17:00:00Z,132,3,129,100,15.5,93,7.2,0.4
2025-05-29T18:00:00Z,184,13,171,100,16.2,90,8.1,0.4
2025-05-29T19:00:00Z,50,0,50,100,16.3,87,9.4,0.1
2025-05-29T20:00:00Z,144,4,140,100,17,84,10.7,0.1
2025-05-29T21:00:00Z,68,0,68,100,17.2,84,8.3,0
2025-05-29T22:00:00Z,61,0,61,97,16.7,86,6.9,0
2025-05-29T23:00:00Z,45,0,45,90,16.8,86,8.2,0
2025-05-30T00:00:00Z,15,0,15,91,16.5,88,9.3,0
2025-05-30T01:00:00Z,2,0,2,90,15.9,90,9.8,0
2025-05-30T02:00:00Z,0,0,0,73,15.6,92,9.7,0
2025-05-30T03:00:00Z,0,0,0,64,15.2,92,9.9,0
2025-05-30T04:00:00Z,0,0,0,78,14.7,93,9.7,0
2025-05-30T05:00:00Z,0,0,0,93,14.7,93,8.9,0
2025-05-30T06:00:00Z,0,0,0,87,14.6,92,8.7,0
2025-05-30T07:00:00Z,0,0,0,87,14.2,93,9.2,0
2025-05-30T08:00:00Z,0,0,0,92,13.9,93,9,0
2025-05-30T09:00:00Z,0,0,0,85,13.7,94,8.3,0
2025-05-30T10:00:00Z,7,2,5,91,13.8,94,5.9,0
2025-05-30T11:00:00Z,56,12,44,85,14.3,92,6.6,0
2025-05-30T12:00:00Z,164,58,106,83,14.9,89,8.7,0
2025-05-30T13:00:00Z,307,165,142,54,15.8,82,10.3,0
2025-05-30T14:00:00Z,365,107,258,100,16.7,78,11.1,0
2025-05-30T15:00:00Z,493,143,350,100,18,74,11.7,0
2025-05-30T16:00:00Z,562,235,327,100,19.1,69,12.1,0
2025-05-30T17:00:00Z,627,305,322,100,20.2,64,10.6,0
2025-05-30T18:00:00Z,674,413,261,100,21.5,58,10.5,0
2025-05-30T19:00:00Z,535,234,301,100,22.8,53,8.6,0
2025-05-30T20:00:00Z,568,343,225,100,22.9,53,7.3,0
2025-05-30T21:00:00Z,474,257,217,100,23.5,52,6.1,0
2025-05-30T22:00:00Z,319,128,191,92,23.1,51,7,0
2025-05-30T23:00:00Z,164,75,89,96,19.2,70,5.8,1.2
2025-05-31T00:00:00Z,74,28,46,100,18.5,74,6.2,0
2025-05-31T01:00:00Z,10,1,9,100,17.8,78,5.9,0
2025-05-31T02:00:00Z,0,0,0,100,17,83,6.7,0.4
2025-05-31T03:00:00Z,0,0,0,100,15.9,88,7.2,0
2025-05-31T04:00:00Z,0,0,0,100,15.1,91,8.9,0
2025-05-31T05:00:00Z,0,0,0,100,14,93,9.7,0
2025-05-31T06:00:00Z,0,0,0,100,13.3,93,11.5,0
2025-05-31T07:00:00Z,0,0,0,94,12.6,91,14,0.1
2025-05-31T08:00:00Z,0,0,0,100,11.8,89,16.8,0.2
2025-05-31T09:00:00Z,0,0,0,100,11.3,88,19.3,0.3
2025-05-31T10:00:00Z,6,1,5,100,10.3,90,19,0
2025-05-31T11:00:00Z,31,0,31,100,9.8,88,18.5,0.4
2025-05-31T12:00:00Z,66,5,61,100,9.2,90,19.3,0.8
2025-05-31T13:00:00Z,89,3,86,100,9,90,18.4,0.7
2025-05-31T14:00:00Z,110,0,110,100,8.7,90,18.4,0.4
2025-05-31T15:00:00Z,129,1,128,100,8.8,87,19.4,0.4
2025-05-31T16:00:00Z,134,2,132,100,8.8,85,20.7,0.2
2025-05-31T17:00:00Z,176,13,163,100,9.1,80,21.1,0.1
2025-05-31T18:00:00Z,223,16,207,100,10.1,73,18.7,0
2025-05-31T19:00:00Z,182,2,180,100,11.6,66,16.8,0.2
2025-05-31T20:00:00Z,128,11,117,100,12.8,61,15.4,0.2
2025-05-31T21:00:00Z,124,1,123,100,13.5,55,16.7,0.1
2025-05-31T22:00:00Z,157,27,130,100,13.1,61,15.7,0
2025-05-31T23:00:00Z,96,18,78,100,13.4,55,18.2,0
2025-06-01T00:00:00Z,28,2,26,100,12.8,57,20.6,0
2025-06-01T01:00:00Z,5,0,5,99,12.2,57,21.5,0
2025-06-01T02:00:00Z,0,0,0,100,11.7,57,22,0
2025-06-01T03:00:00Z,0,0,0,99,10.9,60,22.1,0
2025-06-01T04:00:00Z,0,0,0,99,10,62,21.6,0
2025-06-01T05:00:00Z,0,0,0,97,9.5,63,20.5,0
2025-06-01T06:00:00Z,0,0,0,95,8.9,66,19,0
2025-06-01T07:00:00Z,0,0,0,82,8.4,67,18.1,0
2025-06-01T08:00:00Z,0,0,0,91,8,69,17.4,0
2025-06-01T09:00:00Z,0,0,0,93,7.5,73,17.5,0
2025-06-01T10:00:00Z,6,1,5,86,7.5,74,14.1,0
2025-06-01T11:00:00Z,67,22,45,70,7.8,75,15.6,0
2025-06-01T12:00:00Z,158,77,81,89,8.3,75,20.2,0
2025-06-01T13:00:00Z,243,113,130,100,8.9,75,20,0
2025-06-01T14:00:00Z,227,96,131,100,8.9,77,19.9,0
2025-06-01T15:00:00Z,246,11,235,100,9.8,74,18.8,0.1
2025-06-01T16:00:00Z,236,12,224,100,10.3,72,20.5,0.1
2025-06-01T17:00:00Z,165,3,162,100,10.5,72,20.7,0.1
2025-06-01T18:00:00Z,189,2,187,100,11.1,71,20.7,0.2
2025-06-01T19:00:00Z,230,32,198,100,11.3,70,20.9,0
2025-06-01T20:00:00Z,270,18,252,100,11.4,71,21,0.1
2025-06-01T21:00:00Z,200,11,189,100,11.2,75,19.8,0
2025-06-01T22:00:00Z,113,0,113,99,11.1,72,14.7,0.1
2025-06-01T23:00:00Z,52,0,52,99,10.7,76,14,0.2
2025-06-02T00:00:00Z,26,0,26,100,10.4,77,13.3,0.2
2025-06-02T01:00:00Z,5,0,5,100,9.7,81,11.5,0.1
2025-06-02T02:00:00Z,0,0,0,100,9.5,83,10.3,0
2025-06-02T03:00:00Z,0,0,0,100,9.1,84,10,0
2025-06-02T04:00:00Z,0,0,0,99,8.9,84,10,0
2025-06-02T05:00:00Z,0,0,0,89,8.7,83,10.1,0
2025-06-02T06:00:00Z,0,0,0,58,8.2,85,10.2,0
2025-06-02T07:00:00Z,0,0,0,23,7.5,86,10.7,0
2025-06-02T08:00:00Z,0,0,0,5,6.4,90,11.4,0
2025-06-02T09:00:00Z,0,0,0,1,5.3,93,10.8,0
2025-06-02T10:00:00Z,16,8,8,3,5.7,91,10.4,0
2025-06-02T11:00:00Z,138,95,43,4,7.3,87,9.7,0
2025-06-02T12:00:00Z,311,245,66,16,9.9,77,9.4,0
2025-06-02T13:00:00Z,498,419,79,8,12.1,69,9.6,0
2025-06-02T14:00:00Z,668,580,88,15,14.4,57,12.5,0
2025-06-02T15:00:00Z,811,716,95,10,16.4,47,16.2,0
2025-06-02T16:00:00Z,876,770,106,4,17.7,41,17.5,0
2025-06-02T17:00:00Z,969,872,97,8,18.9,38,17.7,0
2025-06-02T18:00:00Z,969,869,100,9,19.5,37,17.2,0
2025-06-02T19:00:00Z,898,773,125,17,20.1,36,17,0
2025-06-02T20:00:00Z,769,624,145,44,20.6,34,18,0
2025-06-02T21:00:00Z,574,442,132,24,21.2,30,16.4,0
2025-06-02T22:00:00Z,496,424,72,3,21.6,26,10.1,0
2025-06-02T23:00:00Z,300,236,64,0,21.1,31,5.6,0
2025-06-03T00:00:00Z,131,86,45,0,18.8,47,6,0
2025-06-03T01:00:00Z,19,9,10,0,14.7,59,7.7,0
2025-06-03T02:00:00Z,0,0,0,0,13,67,8.8,0
2025-06-03T03:00:00Z,0,0,0,0,10.6,79,8.5,0
2025-06-03T04:00:00Z,0,0,0,0,9.5,83,7.3,0
2025-06-03T05:00:00Z,0,0,0,0,8.3,89,7.1,0
2025-06-03T06:00:00Z,0,0,0,44,7.2,92,7,0
2025-06-03T07:00:00Z,0,0,0,87,7.2,92,5.2,0
2025-06-03T08:00:00Z,0,0,0,82,7,95,5.5,0
2025-06-03T09:00:00Z,0,0,0,39,7.4,95,5.4,0
2025-06-03T10:00:00Z,12,5,7,64,8.7,91,5.6,0
2025-06-03T11:00:00Z,110,66,44,81,9.9,85,8,0
2025-06-03T12:00:00Z,290,216,74,32,12.6,71,7.4,0
2025-06-03T13:00:00Z,457,362,95,47,15,60,8.5,0
2025-06-03T14:00:00Z,614,503,111,61,17.2,54,9.6,0
2025-06-03T15:00:00Z,763,635,128,31,19.8,49,11.9,0
2025-06-03T16:00:00Z,857,722,135,37,21.7,46,13.3,0
2025-06-03T17:00:00Z,908,776,132,75,23.3,43,14.1,0
2025-06-03T18:00:00Z,915,779,136,73,24.4,43,14.8,0
2025-06-03T19:00:00Z,870,762,108,48,25.7,40,15.7,0
2025-06-03T20:00:00Z,776,677,99,0,26,38,16.6,0
2025-06-03T21:00:00Z,643,556,87,0,26.1,35,16.4,0
2025-06-03T22:00:00Z,482,404,78,0,25.5,36,13.8,0
2025-06-03T23:00:00Z,306,242,64,0,24.4,37,13.9,0
2025-06-04T00:00:00Z,137,94,43,25,22.5,43,14.1,0
2025-06-04T01:00:00Z,19,9,10,35,20.3,49,13.6,0
2025-06-04T02:00:00Z,0,0,0,21,18.6,57,11.8,0
2025-06-04T03:00:00Z,0,0,0,44,17.1,64,11.1,0
2025-06-04T04:00:00Z,0,0,0,62,16,69,11,0
2025-06-04T05:00:00Z,0,0,0,63,15.2,73,11.7,0
2025-06-04T06:00:00Z,0,0,0,86,15.1,75,13.1,0
2025-06-04T07:00:00Z,0,0,0,62,14.7,78,12.6,0
2025-06-04T08:00:00Z,0,0,0,38,14.6,79,12.1,0
2025-06-04T09:00:00Z,0,0,0,82,14.7,80,12.9,0
2025-06-04T10:00:00Z,16,5,11,79,15,81,13.8,0
2025-06-04T11:00:00Z,125,72,53,79,16.4,75,13.8,0
2025-06-04T12:00:00Z,289,211,78,56,18.6,67,13.3,0
2025-06-04T13:00:00Z,460,359,101,40,20.8,60,14.9,0
2025-06-04T14:00:00Z,626,518,108,72,23.2,54,15.9,0
2025-06-04T15:00:00Z,762,642,120,80,25.8,50,16.9,0
2025-06-04T16:00:00Z,863,741,122,73,27.4,48,17.9,0
2025-06-04T17:00:00Z,924,817,107,33,29,46,18.4,0
2025-06-04T18:00:00Z,941,848,93,3,30.1,44,19.6,0
2025-06-04T19:00:00Z,869,750,119,4,30.6,44,20,0
2025-06-04T20:00:00Z,765,666,99,15,30.9,42,19.9,0
2025-06-04T21:00:00Z,637,552,85,24,30.7,42,19.1,0
2025-06-04T22:00:00Z,438,354,84,19,29.5,47,12.9,0
2025-06-04T23:00:00Z,276,209,67,28,27.8,51,11.2,0
2025-06-05T00:00:00Z,93,60,33,59,26.2,57,9.7,0
2025-06-05T01:00:00Z,13,6,7,73,25.1,61,7.8,0
2025-06-05T02:00:00Z,0,0,0,87,23.9,65,6.8,0
2025-06-05T03:00:00Z,0,0,0,88,23.1,70,6.8,0
2025-06-05T04:00:00Z,0,0,0,82,21.9,77,5.8,0
2025-06-05T05:00:00Z,0,0,0,85,21,84,5.4,0.2
2025-06-05T06:00:00Z,0,0,0,94,20.4,89,6.1,0.7
2025-06-05T07:00:00Z,0,0,0,80,20.1,91,5.9,0.5
2025-06-05T08:00:00Z,0,0,0,75,19.4,94,8.4,0.3
2025-06-05T09:00:00Z,0,0,0,73,19.3,94,8.8,0.1
2025-06-05T10:00:00Z,10,2,8,88,19.1,94,8.4,0
2025-06-05T11:00:00Z,75,35,40,73,19.1,93,10.3,0
2025-06-05T12:00:00Z,161,70,91,82,19.6,92,11.5,0
2025-06-05T13:00:00Z,245,83,162,92,20.2,89,12.2,0
2025-06-05T14:00:00Z,278,84,194,85,20.3,84,11.1,0
2025-06-05T15:00:00Z,299,124,175,92,20.6,81,10.6,0
2025-06-05T16:00:00Z,386,126,260,99,20.9,76,10.5,0
2025-06-05T17:00:00Z,400,159,241,98,21.3,72,10.4,0
2025-06-05T18:00:00Z,578,305,273,99,22.3,67,10.3,0
2025-06-05T19:00:00Z,620,267,353,96,23.6,59,10.8,0
2025-06-05T20:00:00Z,562,253,309,100,23.4,57,10.3,0
2025-06-05T21:00:00Z,393,124,269,100,23.5,57,9.4,0
2025-06-05T22:00:00Z,297,85,212,100,23.1,59,6.9,0
2025-06-05T23:00:00Z,195,36,159,98,22.4,62,5.4,0
2025-06-06T00:00:00Z,89,10,79,74,21.5,66,5.4,0
2025-06-06T01:00:00Z,19,6,13,25,18.9,77,5.6,0
2025-06-06T02:00:00Z,0,0,0,3,18.1,82,5.9,0
2025-06-06T03:00:00Z,0,0,0,1,16.5,87,7.2,0
2025-06-06T04:00:00Z,0,0,0,4,15.4,91,6.7,0
2025-06-06T05:00:00Z,0,0,0,1,14.6,93,6.2,0
2025-06-06T06:00:00Z,0,0,0,1,13.7,96,6,0
2025-06-06T07:00:00Z,0,0,0,65,13.2,96,5.4,0
2025-06-06T08:00:00Z,0,0,0,100,13,96,6.7,0
2025-06-06T09:00:00Z,0,0,0,99,12.8,96,7.2,0
2025-06-06T10:00:00Z,16,4,12,98,12.9,94,7.9,0
2025-06-06T11:00:00Z,110,42,68,96,14.2,90,6.5,0
2025-06-06T12:00:00Z,213,77,136,98,16.1,85,4.6,0
2025-06-06T13:00:00Z,397,212,185,99,18.7,75,4.3,0
2025-06-06T14:00:00Z,541,302,239,99,20.9,65,4.2,0
2025-06-06T15:00:00Z,657,364,293,77,22.8,56,3,0
2025-06-06T16:00:00Z,794,525,269,93,23.8,52,2.7,0
2025-06-06T17:00:00Z,810,507,303,91,24.7,47,2.6,0
2025-06-06T18:00:00Z,723,375,348,73,24.8,46,2.6,0
2025-06-06T19:00:00Z,797,607,190,75,25.3,44,3.4,0
2025-06-06T20:00:00Z,583,373,210,49,25.4,44,5.7,0
2025-06-06T21:00:00Z,426,286,140,54,25.5,42,6.4,0
2025-06-06T22:00:00Z,323,185,138,47,25.1,44,2.6,0
2025-06-06T23:00:00Z,208,114,94,86,24,49,2.2,0
2025-06-07T00:00:00Z,82,20,62,98,21.8,56,3.5,0
2025-06-07T01:00:00Z,13,3,10,100,20.2,62,5.7,0
2025-06-07T02:00:00Z,0,0,0,97,19.5,66,5.9,0
2025-06-07T03:00:00Z,0,0,0,100,18.8,70,6.1,0
2025-06-07T04:00:00Z,0,0,0,99,18,73,6.1,0
2025-06-07T05:00:00Z,0,0,0,76,17.7,76,5.7,0
2025-06-07T06:00:00Z,0,0,0,47,17.3,77,7.6,0
2025-06-07T07:00:00Z,0,0,0,50,16.6,78,10,0
2025-06-07T08:00:00Z,0,0,0,32,16.3,77,11.1,0
2025-06-07T09:00:00Z,0,0,0,44,15.4,72,12,0
2025-06-07T10:00:00Z,15,6,9,49,15.4,72,13.2,0
2025-06-07T11:00:00Z,104,51,53,24,16.2,70,12.3,0
2025-06-07T12:00:00Z,262,170,92,7,17.7,64,12.1,0
2025-06-07T13:00:00Z,475,393,82,38,19.1,59,13.1,0
2025-06-07T14:00:00Z,598,460,138,66,20.4,56,13.2,0
2025-06-07T15:00:00Z,741,591,150,46,21.8,51,13.6,0
2025-06-07T16:00:00Z,880,776,104,18,22.8,47,13.4,0
2025-06-07T17:00:00Z,839,722,117,17,23.5,43,12.8,0
2025-06-07T18:00:00Z,877,760,117,12,24.3,40,12.8,0
2025-06-07T19:00:00Z,837,727,110,23,24.6,39,13.7,0
2025-06-07T20:00:00Z,745,619,126,23,24.3,40,15.5,0.7
2025-06-07T21:00:00Z,630,538,92,11,24.2,35,15.9,0
2025-06-07T22:00:00Z,464,388,76,6,23.4,32,13.8,0
2025-06-07T23:00:00Z,315,250,65,3,22.6,32,11.6,0
2025-06-08T00:00:00Z,148,104,44,1,20.8,36,11.1,0
2025-06-08T01:00:00Z,22,11,11,0,17.8,46,11.7,0
2025-06-08T02:00:00Z,0,0,0,0,15.3,55,12.1,0
2025-06-08T03:00:00Z,0,0,0,0,13.6,62,11.7,0
2025-06-08T04:00:00Z,0,0,0,0,12.3,67,11.3,0
2025-06-08T05:00:00Z,0,0,0,0,11.6,70,11.2,0
2025-06-08T06:00:00Z,0,0,0,0,11,70,9.9,0
2025-06-08T07:00:00Z,0,0,0,1,10.3,71,9.4,0
2025-06-08T08:00:00Z,0,0,0,0,9.6,72,9.4,0
2025-06-08T09:00:00Z,0,0,0,1,9.4,73,8.4,0
2025-06-08T10:00:00Z,18,9,9,0,9.2,82,8.7,0
2025-06-08T11:00:00Z,139,96,43,0,11.6,76,9,0
2025-06-08T12:00:00Z,312,248,64,4,14.7,63,7.4,0
2025-06-08T13:00:00Z,495,418,77,91,17.5,52,9.8,0
2025-06-08T14:00:00Z,664,576,88,98,19.8,43,11.7,0
2025-06-08T15:00:00Z,804,705,99,93,21.6,39,12,0
2025-06-08T16:00:00Z,907,811,96,62,22.8,34,11,0
2025-06-08T17:00:00Z,955,837,118,97,23.6,32,10.8,0
2025-06-08T18:00:00Z,938,802,136,100,24.1,31,11,0
2025-06-08T19:00:00Z,889,709,180,100,24.7,29,10.8,0
2025-06-08T20:00:00Z,783,600,183,100,24.7,29,10.2,0
2025-06-08T21:00:00Z,504,260,244,100,24.5,30,9.9,0
2025-06-08T22:00:00Z,345,139,206,100,24.1,31,8.3,0
2025-06-08T23:00:00Z,198,41,157,100,23,35,10.5,0
2025-06-09T00:00:00Z,73,0,73,99,21.7,37,11.2,0
2025-06-09T01:00:00Z,12,0,12,61,19.8,43,11.4,0
2025-06-09T02:00:00Z,0,0,0,27,18.7,49,11.4,0
2025-06-09T03:00:00Z,0,0,0,7,17.4,53,12,0
2025-06-09T04:00:00Z,0,0,0,16,16.6,57,12.6,0
2025-06-09T05:00:00Z,0,0,0,27,15.7,64,11.8,0
2025-06-09T06:00:00Z,0,0,0,52,15.5,71,10.8,0
2025-06-09T07:00:00Z,0,0,0,44,15.4,77,10.3,0
2025-06-09T08:00:00Z,0,0,0,49,15.4,80,9.6,0
2025-06-09T09:00:00Z,0,0,0,38,15.7,82,9.9,0
2025-06-09T10:00:00Z,9,4,5,79,16.5,83,10.3,0
2025-06-09T11:00:00Z,76,27,49,97,17.3,81,10,0
2025-06-09T12:00:00Z,101,29,72,100,18.4,79,9.8,0
2025-06-09T13:00:00Z,85,3,82,100,18.6,79,12,0
2025-06-09T14:00:00Z,89,3,86,100,18.5,79,14.1,0.1
2025-06-09T15:00:00Z,102,2,100,100,18.2,80,15.2,0.1
2025-06-09T16:00:00Z,149,6,143,100,17.6,85,15.4,0.5
2025-06-09T17:00:00Z,159,18,141,100,17.4,88,13.7,0.3
2025-06-09T18:00:00Z,173,0,173,100,17.7,87,13.2,0.5
2025-06-09T19:00:00Z,186,10,176,100,18,89,11.1,0.6
2025-06-09T20:00:00Z,152,0,152,100,18.9,88,10.3,0.3
2025-06-09T21:00:00Z,146,2,144,100,19.6,88,8.9,0.3
2025-06-09T22:00:00Z,78,0,78,100,19.1,90,10.2,0.9
2025-06-09T23:00:00Z,106,9,97,93,19.2,91,10.2,0.1
2025-06-10T00:00:00Z,88,12,76,100,19.2,93,9.4,0
2025-06-10T01:00:00Z,12,0,12,100,18.3,95,7.8,0.1
2025-06-10T02:00:00Z,0,0,0,100,17.9,94,9.4,3.2
2025-06-10T03:00:00Z,0,0,0,100,17.6,97,12.9,4.3
2025-06-10T04:00:00Z,0,0,0,100,17.7,97,15.2,5.1
2025-06-10T05:00:00Z,0,0,0,100,17.6,98,18.6,4
2025-06-10T06:00:00Z,0,0,0,100,17.5,98,19.6,3.6
2025-06-10T07:00:00Z,0,0,0,100,17.3,97,17.5,0.8
2025-06-10T08:00:00Z,0,0,0,100,17.1,97,13.6,0.3
2025-06-10T09:00:00Z,0,0,0,100,17,98,13.4,0.1
2025-06-10T10:00:00Z,3,0,3,98,17.1,97,12.1,0.1
2025-06-10T11:00:00Z,42,7,35,100,17.8,97,14.2,0.1
2025-06-10T12:00:00Z,95,12,83,60,18.3,93,16.3,0.1
2025-06-10T13:00:00Z,238,43,195,70,19.7,88,17.6,0.1
2025-06-10T14:00:00Z,381,217,164,89,21.1,81,14.2,0.2
2025-06-10T15:00:00Z,319,35,284,64,19.9,76,16.6,1.9
2025-06-10T16:00:00Z,572,406,166,31,21.4,77,15,0.2
2025-06-10T17:00:00Z,717,577,140,21,22.3,59,16.2,0.1
2025-06-10T18:00:00Z,841,710,131,27,22.9,51,21.3,0
2025-06-10T19:00:00Z,641,460,181,36,22.6,49,22,0
2025-06-10T20:00:00Z,622,478,144,40,22.7,47,21.6,0
2025-06-10T21:00:00Z,450,311,139,42,22.6,45,21.3,0
2025-06-10T22:00:00Z,364,275,89,93,21.6,47,16,0
2025-06-10T23:00:00Z,202,114,88,5,20.6,51,14,0
2025-06-11T00:00:00Z,126,81,45,9,19.7,56,14.8,0
2025-06-11T01:00:00Z,22,11,11,6,18.4,61,14.4,0
2025-06-11T02:00:00Z,0,0,0,0,17.3,66,13.9,0
2025-06-11T03:00:00Z,0,0,0,0,16.1,69,13.7,0
2025-06-11T04:00:00Z,0,0,0,0,15.3,71,12.8,0
2025-06-11T05:00:00Z,0,0,0,0,14.6,73,12.8,0
2025-06-11T06:00:00Z,0,0,0,0,14.3,76,12.7,0
2025-06-11T07:00:00Z,0,0,0,0,13.7,78,11.9,0
2025-06-11T08:00:00Z,0,0,0,0,13.3,82,11.8,0
2025-06-11T09:00:00Z,0,0,0,0,12.7,85,11.6,0
2025-06-11T10:00:00Z,18,8,10,0,12.8,86,10.1,0
2025-06-11T11:00:00Z,133,90,43,0,14.1,84,9.8,0
2025-06-11T12:00:00Z,300,234,66,24,15.6,78,13.2,0
2025-06-11T13:00:00Z,475,393,82,34,17.1,72,14.1,0
2025-06-11T14:00:00Z,620,506,114,63,18.7,68,15.9,0
2025-06-11T15:00:00Z,691,543,148,36,20.3,63,17.2,0.1
2025-06-11T16:00:00Z,691,558,133,50,21.4,57,18.6,0
2025-06-11T17:00:00Z,578,352,226,72,22.3,53,17.5,0
2025-06-11T18:00:00Z,362,49,313,79,22.2,56,17,0
2025-06-11T19:00:00Z,652,435,217,69,23.4,51,17.5,0
2025-06-11T20:00:00Z,419,147,272,45,23.5,52,16.3,0
2025-06-11T21:00:00Z,426,216,210,53,23.8,50,15.9,0
2025-06-11T22:00:00Z,354,273,81,94,23.1,54,12.2,0
2025-06-11T23:00:00Z,138,70,68,80,22,59,13.9,0
2025-06-12T00:00:00Z,32,5,27,88,20.6,67,14.4,0.2
2025-06-12T01:00:00Z,5,0,5,57,19.8,74,12.2,0.1
2025-06-12T02:00:00Z,0,0,0,78,18.7,79,10.1,0.1
2025-06-12T03:00:00Z,0,0,0,97,17.8,84,9.8,0.2
2025-06-12T04:00:00Z,0,0,0,90,17.8,82,9.5,0.1
2025-06-12T05:00:00Z,0,0,0,100,17.1,85,10.1,0
2025-06-12T06:00:00Z,0,0,0,99,16.2,88,12.5,0
2025-06-12T07:00:00Z,0,0,0,62,15.8,88,13.1,0
2025-06-12T08:00:00Z,0,0,0,17,15,89,11.7,0
2025-06-12T09:00:00Z,0,0,0,16,14.4,90,11.9,0
2025-06-12T10:00:00Z,17,7,10,36,14.6,90,10.5,0
2025-06-12T11:00:00Z,101,61,40,17,15.5,86,13.2,0
2025-06-12T12:00:00Z,258,168,90,15,16.4,81,15.8,0
2025-06-12T13:00:00Z,418,317,101,35,16.8,72,18,0
2025-06-12T14:00:00Z,531,385,146,28,16.6,62,18.7,0
2025-06-12T15:00:00Z,633,456,177,56,16.5,56,19.2,0
2025-06-12T16:00:00Z,736,542,194,73,16.6,56,19.5,0
2025-06-12T17:00:00Z,725,473,252,65,16.9,55,19.6,0
2025-06-12T18:00:00Z,773,532,241,70,17.1,54,20.2,0
2025-06-12T19:00:00Z,630,344,286,77,16.8,55,20.1,0
2025-06-12T20:00:00Z,645,474,171,82,17.2,54,21.3,0
2025-06-12T21:00:00Z,497,319,178,47,17.4,52,18.7,0
2025-06-12T22:00:00Z,414,297,117,15,17.2,51,15.5,0
2025-06-12T23:00:00Z,267,183,84,10,16.4,53,14,0
2025-06-13T00:00:00Z,135,82,53,49,15.3,58,12.3,0
2025-06-13T01:00:00Z,21,8,13,59,14.1,59,12.6,0
2025-06-13T02:00:00Z,0,0,0,3,13,62,12.3,0
2025-06-13T03:00:00Z,0,0,0,1,11.6,66,11.3,0
2025-06-13T04:00:00Z,0,0,0,93,10.6,71,10.1,0
2025-06-13T05:00:00Z,0,0,0,99,10,74,9.9,0
2025-06-13T06:00:00Z,0,0,0,54,9.1,78,10.1,0
2025-06-13T07:00:00Z,0,0,0,11,8.4,81,9.3,0
2025-06-13T08:00:00Z,0,0,0,5,7.5,85,8.4,0
2025-06-13T09:00:00Z,0,0,0,6,7,87,7.7,0
2025-06-13T10:00:00Z,19,9,10,21,7.1,88,8.1,0
2025-06-13T11:00:00Z,137,91,46,16,8.6,83,6.7,0
2025-06-13T12:00:00Z,296,218,78,15,10.2,70,7,0
2025-06-13T13:00:00Z,463,357,106,45,11.2,65,6.5,0
2025-06-13T14:00:00Z,572,345,227,84,12.1,63,7.6,0
2025-06-13T15:00:00Z,523,295,228,96,12.6,61,8,0
2025-06-13T16:00:00Z,623,305,318,99,13.5,58,7.4,0
2025-06-13T17:00:00Z,596,149,447,99,14.4,55,6.3,0
2025-06-13T18:00:00Z,627,251,376,99,15.1,53,5.6,0
2025-06-13T19:00:00Z,783,485,298,92,15.9,52,6.9,0
2025-06-13T20:00:00Z,719,467,252,96,16.6,49,7.2,0
2025-06-13T21:00:00Z,520,273,247,100,16.9,49,7.4,0
2025-06-13T22:00:00Z,330,123,207,99,16.8,49,8.4,0
2025-06-13T23:00:00Z,188,31,157,99,16.2,52,6.8,0
2025-06-14T00:00:00Z,75,3,72,100,15.3,58,4.6,0
2025-06-14T01:00:00Z,12,0,12,98,13.5,72,5.1,0
2025-06-14T02:00:00Z,0,0,0,98,12.9,76,5.5,0
2025-06-14T03:00:00Z,0,0,0,99,12,80,6.1,0
2025-06-14T04:00:00Z,0,0,0,100,10.9,84,6.1,0
2025-06-14T05:00:00Z,0,0,0,92,9.9,87,7.5,0
2025-06-14T06:00:00Z,0,0,0,29,9,89,7.6,0
2025-06-14T07:00:00Z,0,0,0,6,8.3,89,7.1,0
2025-06-14T08:00:00Z,0,0,0,0,7.9,89,8,0
2025-06-14T09:00:00Z,0,0,0,0,7.5,87,9.4,0
2025-06-14T10:00:00Z,19,9,10,0,7.9,78,10.5,0
2025-06-14T11:00:00Z,142,99,43,0,9.7,74,8.8,0
2025-06-14T12:00:00Z,316,253,63,0,12.3,66,7.3,0
2025-06-14T13:00:00Z,497,420,77,0,14.7,59,6.9,0
2025-06-14T14:00:00Z,667,579,88,0,17.1,47,7,0
2025-06-14T15:00:00Z,811,717,94,0,18.5,42,8,0
2025-06-14T16:00:00Z,910,810,100,2,19.5,40,8.2,0
2025-06-14T17:00:00Z,958,851,107,3,20.3,39,8,0
2025-06-14T18:00:00Z,963,858,105,2,21.3,38,8,0
2025-06-14T19:00:00Z,908,796,112,6,21.6,37,8.4,0
2025-06-14T20:00:00Z,812,711,101,7,22.1,35,8.5,0
2025-06-14T21:00:00Z,677,590,87,3,22.3,34,8.1,0
2025-06-14T22:00:00Z,510,431,79,0,21.7,36,6,0
2025-06-14T23:00:00Z,331,266,65,0,21.3,35,5.8,0
2025-06-15T00:00:00Z,154,104,50,0,19.7,43,5.4,0
2025-06-15T01:00:00Z,27,14,13,2,16.2,53,6.5,0
2025-06-15T02:00:00Z,0,0,0,0,14.2,59,6.9,0
2025-06-15T03:00:00Z,0,0,0,0,12.6,63,7.2,0
2025-06-15T04:00:00Z,0,0,0,0,10.7,70,6.4,0
2025-06-15T05:00:00Z,0,0,0,1,9.5,74,6.7,0
2025-06-15T06:00:00Z,0,0,0,0,8.8,76,6,0
2025-06-15T07:00:00Z,0,0,0,1,8.4,78,6.4,0
2025-06-15T08:00:00Z,0,0,0,0,7.8,81,7.3,0
2025-06-15T09:00:00Z,0,0,0,0,7.1,86,6.5,0
2025-06-15T10:00:00Z,19,10,9,0,8,84,5.4,0
2025-06-15T11:00:00Z,141,97,44,0,10.9,78,6.9,0
2025-06-15T12:00:00Z,313,249,64,0,14.3,64,4.1,0
2025-06-15T13:00:00Z,494,418,76,2,17.4,51,3.2,0
2025-06-15T14:00:00Z,660,574,86,12,19.7,43,3.1,0
2025-06-15T15:00:00Z,801,702,99,0,21.3,38,4.2,0
2025-06-15T16:00:00Z,903,805,98,7,22.3,35,4.4,0
2025-06-15T17:00:00Z,957,853,104,31,23.1,33,3.7,0
2025-06-15T18:00:00Z,957,857,100,49,23.8,32,3.4,0
2025-06-15T19:00:00Z,840,635,205,47,23.9,32,3.3,0
2025-06-15T20:00:00Z,753,585,168,35,24.3,31,4.4,0
2025-06-15T21:00:00Z,618,491,127,34,24.6,30,4.5,0
2025-06-15T22:00:00Z,473,353,120,12,24.6,33,2.4,0
2025-06-15T23:00:00Z,321,252,69,0,24.3,32,1.2,0
2025-06-16T00:00:00Z,156,110,46,0,21.9,49,3.5,0
2025-06-16T01:00:00Z,28,15,13,0,17.8,61,4.1,0
2025-06-16T02:00:00Z,0,0,0,0,14.9,74,1.6,0
2025-06-16T03:00:00Z,0,0,0,0,12.3,84,0.8,0
2025-06-16T04:00:00Z,0,0,0,0,11.5,87,0.5,0
2025-06-16T05:00:00Z,0,0,0,0,10.6,90,1.4,0
2025-06-16T06:00:00Z,0,0,0,0,10.4,89,2.3,0
2025-06-16T07:00:00Z,0,0,0,0,9.9,89,2.5,0
2025-06-16T08:00:00Z,0,0,0,0,8.9,91,3.6,0
2025-06-16T09:00:00Z,0,0,0,0,9.1,88,4.5,0
2025-06-16T10:00:00Z,19,10,9,0,9,87,3.5,0
2025-06-16T11:00:00Z,141,98,43,2,12.6,79,4.7,0
2025-06-16T12:00:00Z,314,249,65,45,16,71,3.2,0
2025-06-16T13:00:00Z,492,412,80,78,19,60,3.2,0
2025-06-16T14:00:00Z,641,529,112,97,21.5,52,5.3,0
2025-06-16T15:00:00Z,784,664,120,88,23.7,47,7.9,0
2025-06-16T16:00:00Z,874,729,145,74,24.9,43,8.2,0
2025-06-16T17:00:00Z,880,685,195,99,25.8,43,9.6,0
2025-06-16T18:00:00Z,803,561,242,100,26.5,41,11.5,0
2025-06-16T19:00:00Z,662,409,253,100,27.3,39,11.5,0
2025-06-16T20:00:00Z,531,273,258,97,27.7,37,9.7,0
2025-06-16T21:00:00Z,412,248,164,62,27.7,37,7.9,0
2025-06-16T22:00:00Z,356,224,132,22,27.2,42,8.4,0
2025-06-16T23:00:00Z,300,220,80,75,25.9,50,6.5,0
2025-06-17T00:00:00Z,143,95,48,79,24.6,56,7.4,0
2025-06-17T01:00:00Z,26,13,13,71,22.3,68,10,0
2025-06-17T02:00:00Z,0,0,0,53,20.6,76,10.5,0
2025-06-17T03:00:00Z,0,0,0,74,19.2,81,9.5,0
2025-06-17T04:00:00Z,0,0,0,88,18.3,85,9.2,0
2025-06-17T05:00:00Z,0,0,0,88,17.6,88,7.2,0
2025-06-17T06:00:00Z,0,0,0,68,17.1,89,8.5,0
2025-06-17T07:00:00Z,0,0,0,19,16.3,91,9.6,0
2025-06-17T08:00:00Z,0,0,0,69,16.1,92,7.7,0
2025-06-17T09:00:00Z,0,0,0,62,16,93,7.4,0
2025-06-17T10:00:00Z,17,6,11,100,16.5,95,7.9,0
2025-06-17T11:00:00Z,111,58,53,100,18.1,90,9.4,0
2025-06-17T12:00:00Z,206,65,141,100,19.2,86,10,0
2025-06-17T13:00:00Z,319,116,203,100,20.4,82,10.4,0
2025-06-17T14:00:00Z,494,250,244,100,21.9,76,12.1,0
2025-06-17T15:00:00Z,535,217,318,96,23.6,66,13.8,0
2025-06-17T16:00:00Z,476,161,315,100,23.8,64,13.6,0
2025-06-17T17:00:00Z,618,218,400,96,25,60,14.2,0
2025-06-17T18:00:00Z,638,239,399,82,25.7,56,14.2,0
2025-06-17T19:00:00Z,468,136,332,97,27.1,50,14.6,0
2025-06-17T20:00:00Z,467,192,275,92,27.4,49,14.7,0
2025-06-17T21:00:00Z,385,133,252,52,27.3,50,15.6,0
2025-06-17T22:00:00Z,304,109,195,62,26.2,60,13.3,0
2025-06-17T23:00:00Z,262,182,80,74,25.8,63,12,0
2025-06-18T00:00:00Z,105,49,56,70,24.5,69,13.3,0
2025-06-18T01:00:00Z,23,10,13,85,23.2,75,13.4,0
2025-06-18T02:00:00Z,0,0,0,67,22.2,81,14,0
2025-06-18T03:00:00Z,0,0,0,70,21.2,87,13.9,0
2025-06-18T04:00:00Z,0,0,0,80,20.3,91,12.5,0
2025-06-18T05:00:00Z,0,0,0,43,20.1,93,13.1,0
2025-06-18T06:00:00Z,0,0,0,33,20.2,94,12.8,0
2025-06-18T07:00:00Z,0,0,0,72,20.3,93,11.1,0
2025-06-18T08:00:00Z,0,0,0,95,20.1,94,10.3,0
2025-06-18T09:00:00Z,0,0,0,100,19.8,95,10.7,0
2025-06-18T10:00:00Z,11,3,8,89,20.5,93,11.2,0
2025-06-18T11:00:00Z,73,20,53,73,21.4,89,10.4,0.2
2025-06-18T12:00:00Z,141,37,104,99,21.9,86,12.8,0.1
2025-06-18T13:00:00Z,233,77,156,99,23.1,82,12.8,0
2025-06-18T14:00:00Z,295,104,191,94,23.9,78,12.7,0.1
2025-06-18T15:00:00Z,361,119,242,91,25,72,11.7,0.1
2025-06-18T16:00:00Z,498,208,290,99,26,67,11.6,0
2025-06-18T17:00:00Z,602,271,331,100,26.8,63,11,0
2025-06-18T18:00:00Z,610,314,296,82,27.4,59,9.9,0
2025-06-18T19:00:00Z,741,527,214,26,28.1,56,10.1,0
2025-06-18T20:00:00Z,578,327,251,96,28.5,53,10.2,0
2025-06-18T21:00:00Z,575,367,208,98,28.9,51,8.7,0
2025-06-18T22:00:00Z,348,180,168,40,29.1,49,9.4,0
2025-06-18T23:00:00Z,191,41,150,31,28.4,53,6.5,0
2025-06-19T00:00:00Z,91,28,63,63,26.6,64,5.9,0
2025-06-19T01:00:00Z,19,3,16,100,25.1,65,6.9,0
2025-06-19T02:00:00Z,0,0,0,100,23.6,73,7.4,0
2025-06-19T03:00:00Z,0,0,0,99,22.5,77,7.1,0
2025-06-19T04:00:00Z,0,0,0,100,22.1,80,6.5,0
2025-06-19T05:00:00Z,0,0,0,100,21.4,85,5.9,0
2025-06-19T06:00:00Z,0,0,0,99,20.9,89,5.5,0
2025-06-19T07:00:00Z,0,0,0,99,20.6,93,4.2,0
2025-06-19T08:00:00Z,0,0,0,100,20.4,95,3.4,0
2025-06-19T09:00:00Z,0,0,0,100,20.6,95,4.7,0
2025-06-19T10:00:00Z,5,0,5,100,20.2,95,2.5,0.3
2025-06-19T11:00:00Z,25,0,25,100,20.3,97,2.9,1.2
2025-06-19T12:00:00Z,40,0,40,100,20.7,97,2.2,1.6
2025-06-19T13:00:00Z,67,0,67,100,21.3,95,4.8,1.7
2025-06-19T14:00:00Z,60,0,60,100,21.6,93,5.7,1.9
2025-06-19T15:00:00Z,120,1,119,100,22.1,91,9.9,2
2025-06-19T16:00:00Z,112,0,112,98,21.9,91,11.9,0.8
2025-06-19T17:00:00Z,500,350,150,59,23.5,80,15.6,0.4
2025-06-19T18:00:00Z,532,313,219,58,24.2,76,14.3,0.2
2025-06-19T19:00:00Z,423,254,169,80,25.7,69,18.2,1.9
2025-06-19T20:00:00Z,440,274,166,62,23.3,78,17.6,1.4
2025-06-19T21:00:00Z,373,238,135,56,24.5,73,14.7,0
2025-06-19T22:00:00Z,203,96,107,82,24.2,73,7.8,0.1
2025-06-19T23:00:00Z,189,128,61,43,23.6,76,1.3,0
2025-06-20T00:00:00Z,105,64,41,36,22.6,80,4.6,0.1
2025-06-20T01:00:00Z,16,7,9,90,21.7,83,2.7,0
2025-06-20T02:00:00Z,0,0,0,99,21.3,82,8,0.1
2025-06-20T03:00:00Z,0,0,0,100,20.3,86,12.4,0.3
2025-06-20T04:00:00Z,0,0,0,100,18.3,92,19.3,0.4
2025-06-20T05:00:00Z,0,0,0,100,16.2,94,24.1,1.2
2025-06-20T06:00:00Z,0,0,0,100,14.9,94,25.7,1.3
2025-06-20T07:00:00Z,0,0,0,100,14.7,93,26.5,1
2025-06-20T08:00:00Z,0,0,0,100,14.5,93,25.9,0.8
2025-06-20T09:00:00Z,0,0,0,99,13.9,95,23.2,0.3
2025-06-20T10:00:00Z,5,0,5,99,14.6,91,18.6,0
2025-06-20T11:00:00Z,53,5,48,96,14.7,90,17.5,0
2025-06-20T12:00:00Z,192,46,146,91,15.1,87,19.7,0
2025-06-20T13:00:00Z,357,174,183,91,15.7,82,22,0
2025-06-20T14:00:00Z,568,351,217,93,17,73,23.5,0
2025-06-20T15:00:00Z,726,511,215,45,18.4,66,21.5,0
2025-06-20T16:00:00Z,873,725,148,17,19.6,59,19.7,0
2025-06-20T17:00:00Z,935,781,154,6,20.7,52,18.5,0
2025-06-20T18:00:00Z,943,822,121,9,21.4,50,18.1,0
2025-06-20T19:00:00Z,925,825,100,19,22.2,48,19.7,0
2025-06-20T20:00:00Z,778,635,143,33,22.7,46,19.7,0
2025-06-20T21:00:00Z,691,615,76,32,22.6,46,18.8,0
2025-06-20T22:00:00Z,501,404,97,0,22.3,42,13.8,0
2025-06-20T23:00:00Z,310,230,80,0,22,46,9.5,0
2025-06-21T00:00:00Z,162,115,47,0,20.8,52,7.8,0
2025-06-21T01:00:00Z,30,16,14,0,17.8,66,7.4,0
2025-06-21T02:00:00Z,0,0,0,37,16,73,6.6,0
2025-06-21T03:00:00Z,0,0,0,12,14.3,80,6.5,0
2025-06-21T04:00:00Z,0,0,0,0,13.4,83,7.3,0
2025-06-21T05:00:00Z,0,0,0,0,12.4,87,7.5,0
2025-06-21T06:00:00Z,0,0,0,0,11.8,88,7.8,0
2025-06-21T07:00:00Z,0,0,0,0,11.3,90,7,0
2025-06-21T08:00:00Z,0,0,0,0,10.9,92,6.2,0
2025-06-21T09:00:00Z,0,0,0,0,10.6,93,6.6,0
2025-06-21T10:00:00Z,18,9,9,0,10.6,93,5.9,0
2025-06-21T11:00:00Z,134,91,43,0,13.2,88,5,0
2025-06-21T12:00:00Z,301,237,64,0,15.7,82,0.4,0
2025-06-21T13:00:00Z,479,401,78,79,19,71,2.5,0
2025-06-21T14:00:00Z,645,555,90,100,21.4,59,6.9,0
2025-06-21T15:00:00Z,784,683,101,100,23,51,7.5,0
2025-06-21T16:00:00Z,888,789,99,100,24.3,46,8.7,0
2025-06-21T17:00:00Z,942,840,102,100,25.2,43,11.2,0
2025-06-21T18:00:00Z,947,846,101,100,26,41,12.3,0
2025-06-21T19:00:00Z,843,610,233,100,26.5,41,12.7,0
2025-06-21T20:00:00Z,633,287,346,100,26.5,43,14,0
2025-06-21T21:00:00Z,462,187,275,100,26,48,14.1,0
2025-06-21T22:00:00Z,150,17,133,100,24.4,59,11.7,0
2025-06-21T23:00:00Z,41,0,41,100,23.5,62,10.6,0
2025-06-22T00:00:00Z,45,3,42,100,22.7,70,13.1,0.3
2025-06-22T01:00:00Z,12,1,11,100,21.8,78,14.3,0.4
2025-06-22T02:00:00Z,0,0,0,100,21.4,82,16.2,0.2
2025-06-22T03:00:00Z,0,0,0,100,21.4,83,18.2,0.4
2025-06-22T04:00:00Z,0,0,0,100,21.5,83,16.9,0.8
2025-06-22T05:00:00Z,0,0,0,100,21.3,86,16.7,8.7
2025-06-22T06:00:00Z,0,0,0,100,20.9,92,12.3,5
2025-06-22T07:00:00Z,0,0,0,100,21.1,91,12.6,5.2
2025-06-22T08:00:00Z,0,0,0,81,21,92,12.8,0.7
2025-06-22T09:00:00Z,0,0,0,99,21,93,11.9,0.1
2025-06-22T10:00:00Z,4,0,4,92,20.6,94,12.3,0
2025-06-22T11:00:00Z,26,0,26,86,21.6,92,8.2,0
2025-06-22T12:00:00Z,84,0,84,65,22.6,89,7.9,0
2025-06-22T13:00:00Z,194,24,170,48,23.7,86,11.1,0.1
2025-06-22T14:00:00Z,441,258,183,76,24.7,77,14.8,0
2025-06-22T15:00:00Z,607,418,189,81,26.3,70,14.8,0
2025-06-22T16:00:00Z,607,285,322,94,27.1,67,15.2,0
2025-06-22T17:00:00Z,536,195,341,86,27.7,66,13,0
2025-06-22T18:00:00Z,584,195,389,53,28.1,64,12.1,0
2025-06-22T19:00:00Z,799,617,182,41,28.3,63,11.2,0
2025-06-22T20:00:00Z,647,412,235,21,28.6,63,11.3,0
2025-06-22T21:00:00Z,571,405,166,15,28.9,61,11.5,0
2025-06-22T22:00:00Z,468,387,81,0,29.3,58,8.3,0
2025-06-22T23:00:00Z,317,247,70,15,28.5,61,5.5,0
2025-06-23T00:00:00Z,135,70,65,64,27.1,68,4.2,0
2025-06-23T01:00:00Z,25,8,17,84,24.6,79,6.2,0
2025-06-23T02:00:00Z,0,0,0,95,23.3,85,5.1,0
2025-06-23T03:00:00Z,0,0,0,98,22.3,88,5.8,0
2025-06-23T04:00:00Z,0,0,0,99,22,88,7.6,0
2025-06-23T05:00:00Z,0,0,0,94,22.5,87,7.9,0
2025-06-23T06:00:00Z,0,0,0,96,22.5,87,7.6,0
2025-06-23T07:00:00Z,0,0,0,97,22,88,6.5,0
2025-06-23T08:00:00Z,0,0,0,98,21.5,90,6.7,0
2025-06-23T09:00:00Z,0,0,0,88,20.8,93,6.7,0
2025-06-23T10:00:00Z,15,4,11,67,20.8,91,7.1,0
2025-06-23T11:00:00Z,115,66,49,62,22.2,89,7.4,0
2025-06-23T12:00:00Z,264,179,85,68,24.7,85,8.3,0
2025-06-23T13:00:00Z,452,366,86,17,27,81,10.8,0
2025-06-23T14:00:00Z,617,525,92,6,29.2,75,13,0
2025-06-23T15:00:00Z,758,659,99,35,31.1,69,15.5,0
2025-06-23T16:00:00Z,856,742,114,25,32.6,64,17.4,0
2025-06-23T17:00:00Z,913,813,100,25,34,57,18.1,0
2025-06-23T18:00:00Z,907,800,107,22,34.5,54,18,0
2025-06-23T19:00:00Z,793,656,137,4,35.2,49,18,0
2025-06-23T20:00:00Z,700,584,116,7,35.4,48,18.1,0
2025-06-23T21:00:00Z,550,418,132,7,35.8,44,17.2,0
2025-06-23T22:00:00Z,458,366,92,38,35,47,14.5,0
2025-06-23T23:00:00Z,311,245,66,30,33.9,52,11.1,0
2025-06-24T00:00:00Z,149,103,46,24,32.1,60,9.8,0
2025-06-24T01:00:00Z,28,14,14,11,30.4,67,11.1,0
2025-06-24T02:00:00Z,0,0,0,0,29.3,70,11.8,0
2025-06-24T03:00:00Z,0,0,0,0,28.1,71,11.6,0
2025-06-24T04:00:00Z,0,0,0,0,26.9,73,10.6,0
2025-06-24T05:00:00Z,0,0,0,2,26.2,74,11.7,0
2025-06-24T06:00:00Z,0,0,0,5,25.7,75,12.1,0
2025-06-24T07:00:00Z,0,0,0,1,25.3,74,12.6,0
2025-06-24T08:00:00Z,0,0,0,0,25,74,12.9,0
2025-06-24T09:00:00Z,0,0,0,1,24.5,76,11.3,0
2025-06-24T10:00:00Z,16,7,9,0,24.8,77,9.4,0
2025-06-24T11:00:00Z,123,81,42,4,25.9,74,9,0
2025-06-24T12:00:00Z,280,217,63,36,27.2,72,8.9,0
2025-06-24T13:00:00Z,448,362,86,11,28.7,69,10.3,0
2025-06-24T14:00:00Z,600,502,98,4,30,66,10.9,0
2025-06-24T15:00:00Z,723,588,135,27,31.4,61,10.6,0
2025-06-24T16:00:00Z,796,633,163,50,32.2,60,11.7,0
2025-06-24T17:00:00Z,785,601,184,41,32.3,60,13.5,0
2025-06-24T18:00:00Z,632,476,156,31,31.6,65,13.7,2.5
2025-06-24T19:00:00Z,781,650,131,19,30.8,68,13.7,0
2025-06-24T20:00:00Z,545,396,149,58,31.7,60,12.6,0.1
2025-06-24T21:00:00Z,501,401,100,77,31.4,60,9.4,1.3
2025-06-24T22:00:00Z,210,85,125,98,29.7,69,1.5,0.4
2025-06-24T23:00:00Z,182,63,119,97,29.3,71,3.4,0
2025-06-25T00:00:00Z,104,39,65,88,28.2,74,7.1,0
2025-06-25T01:00:00Z,20,6,14,76,26.5,80,7.7,0
2025-06-25T02:00:00Z,0,0,0,28,25.3,79,7.6,0
2025-06-25T03:00:00Z,0,0,0,23,24.3,76,9.2,0
2025-06-25T04:00:00Z,0,0,0,59,22.8,77,10.7,0
2025-06-25T05:00:00Z,0,0,0,87,22,80,11.4,0
2025-06-25T06:00:00Z,0,0,0,93,21.3,83,9.5,0
2025-06-25T07:00:00Z,0,0,0,77,20.8,84,8.3,0
2025-06-25T08:00:00Z,0,0,0,69,20.3,86,7.7,0
2025-06-25T09:00:00Z,0,0,0,50,20.1,87,7.9,0
2025-06-25T10:00:00Z,11,4,7,0,20.2,84,9.6,0
2025-06-25T11:00:00Z,128,84,44,1,21.2,76,11.2,0
2025-06-25T12:00:00Z,283,221,62,17,21.9,66,13.1,0
2025-06-25T13:00:00Z,400,295,105,38,22.6,61,13.9,0
2025-06-25T14:00:00Z,483,316,167,100,23,57,14.8,0
2025-06-25T15:00:00Z,618,435,183,100,23.8,52,14.2,0
2025-06-25T16:00:00Z,718,483,235,98,24.2,49,13.5,0
2025-06-25T17:00:00Z,741,561,180,81,24.5,46,12.3,0
2025-06-25T18:00:00Z,792,653,139,16,24.8,44,10.6,0
2025-06-25T19:00:00Z,807,649,158,7,25.6,43,11.1,0
2025-06-25T20:00:00Z,774,660,114,15,26,41,12.2,0
2025-06-25T21:00:00Z,669,577,92,4,25.9,39,13.4,0
2025-06-25T22:00:00Z,511,432,79,0,25.6,40,11.3,0
2025-06-25T23:00:00Z,335,270,65,1,24.8,40,9.2,0
2025-06-26T00:00:00Z,154,96,58,11,23.4,44,8.4,0
2025-06-26T01:00:00Z,21,2,19,45,21.4,49,9.7,0
2025-06-26T02:00:00Z,0,0,0,83,20.3,50,11.3,0
2025-06-26T03:00:00Z,0,0,0,87,18.7,54,12.8,0
2025-06-26T04:00:00Z,0,0,0,92,17.9,57,12.5,0
2025-06-26T05:00:00Z,0,0,0,86,17.1,60,11.3,0
2025-06-26T06:00:00Z,0,0,0,93,16.7,61,11.6,0
2025-06-26T07:00:00Z,0,0,0,62,16.1,64,11.2,0
2025-06-26T08:00:00Z,0,0,0,76,16.1,61,11,0
2025-06-26T09:00:00Z,0,0,0,85,15.8,63,10.9,0
2025-06-26T10:00:00Z,8,1,7,91,15.8,61,9.8,0
2025-06-26T11:00:00Z,78,18,60,100,16.4,61,10.5,0
2025-06-26T12:00:00Z,136,28,108,100,17,60,10.6,0
2025-06-26T13:00:00Z,135,11,124,100,17.4,59,11.9,0
2025-06-26T14:00:00Z,153,6,147,100,17.3,60,10,0
2025-06-26T15:00:00Z,181,18,163,100,17.4,61,8.1,0
2025-06-26T16:00:00Z,168,2,166,100,17.6,61,8.1,0
2025-06-26T17:00:00Z,258,46,212,100,18,60,8,0
2025-06-26T18:00:00Z,412,107,305,100,18.4,55,9.2,0
2025-06-26T19:00:00Z,151,0,151,100,19.4,49,7.3,0
2025-06-26T20:00:00Z,187,21,166,100,20.4,45,5.6,0
2025-06-26T21:00:00Z,303,94,209,98,21.1,42,6.8,0
2025-06-26T22:00:00Z,408,243,165,88,20.6,46,6.1,0
2025-06-26T23:00:00Z,317,237,80,61,20.7,46,4.4,0
2025-06-27T00:00:00Z,163,116,47,17,19.4,54,2.9,0
2025-06-27T01:00:00Z,29,15,14,24,17.8,59,4.3,0
2025-06-27T02:00:00Z,0,0,0,50,16.5,66,5.9,0
2025-06-27T03:00:00Z,0,0,0,78,14.7,76,5.2,0
2025-06-27T04:00:00Z,0,0,0,80,12.8,88,6.1,0
2025-06-27T05:00:00Z,0,0,0,82,12.3,88,6.6,0
2025-06-27T06:00:00Z,0,0,0,74,12.4,86,7.3,0
2025-06-27T07:00:00Z,0,0,0,55,12.6,81,8.7,0
2025-06-27T08:00:00Z,0,0,0,73,12.7,76,9.7,0
2025-06-27T09:00:00Z,0,0,0,90,12.4,76,9.5,0
2025-06-27T10:00:00Z,12,3,9,65,12.6,76,10.1,0
2025-06-27T11:00:00Z,102,40,62,62,14.2,73,10.9,0
2025-06-27T12:00:00Z,185,102,83,99,16.1,68,11.1,0
2025-06-27T13:00:00Z,261,133,128,100,17.9,60,12.6,0
2025-06-27T14:00:00Z,346,140,206,100,19.6,53,15.3,0
2025-06-27T15:00:00Z,408,194,214,100,20.9,47,17,0
2025-06-27T16:00:00Z,548,289,259,100,21.7,43,17.8,0
2025-06-27T17:00:00Z,649,373,276,100,22.5,42,17.6,0
2025-06-27T18:00:00Z,644,371,273,100,22.8,45,14.7,0
2025-06-27T19:00:00Z,171,4,167,100,22.1,52,12.1,0.4
2025-06-27T20:00:00Z,195,24,171,100,21,64,11,0.6
2025-06-27T21:00:00Z,218,14,204,100,19.5,78,12.2,1.9
2025-06-27T22:00:00Z,99,2,97,100,17.4,94,13,2.6
2025-06-27T23:00:00Z,41,0,41,100,17.5,96,15.1,1.7
2025-06-28T00:00:00Z,23,0,23,100,17.6,97,13.1,0.3
2025-06-28T01:00:00Z,5,0,5,100,17.9,97,11.2,0.3
2025-06-28T02:00:00Z,0,0,0,99,18.1,96,11.3,0.4
2025-06-28T03:00:00Z,0,0,0,95,18.4,95,11.5,0
2025-06-28T04:00:00Z,0,0,0,98,18.8,92,12.6,0.2
2025-06-28T05:00:00Z,0,0,0,100,19.1,91,13.5,0.8
2025-06-28T06:00:00Z,0,0,0,100,19.2,90,14.1,1.2
2025-06-28T07:00:00Z,0,0,0,100,19.1,90,14.4,1.1
2025-06-28T08:00:00Z,0,0,0,100,18.7,94,15.2,2.4
2025-06-28T09:00:00Z,0,0,0,100,18.7,94,15.5,3
2025-06-28T10:00:00Z,3,0,3,96,18.5,95,12.2,0.1
2025-06-28T11:00:00Z,19,0,19,94,18.6,95,13.9,0.2
2025-06-28T12:00:00Z,48,1,47,99,19.1,94,14.2,0.2
2025-06-28T13:00:00Z,116,5,111,100,19.7,93,14.9,0.1
2025-06-28T14:00:00Z,251,84,167,100,20.8,87,18.6,0
2025-06-28T15:00:00Z,290,35,255,100,22,87,18.8,0.1
2025-06-28T16:00:00Z,494,215,279,46,23.5,79,18.6,0.1
2025-06-28T17:00:00Z,638,463,175,45,24.9,71,17.8,0.3
2025-06-28T18:00:00Z,822,695,127,36,25.6,66,18.4,0.3
2025-06-28T19:00:00Z,667,508,159,33,26.3,64,18.9,0.1
2025-06-28T20:00:00Z,648,516,132,29,26.4,61,18.3,0.1
2025-06-28T21:00:00Z,521,432,89,45,25.3,60,17.9,0
2025-06-28T22:00:00Z,391,256,135,50,24.6,60,15.6,0
2025-06-28T23:00:00Z,178,94,84,48,22.7,64,15,0
2025-06-29T00:00:00Z,68,19,49,60,21.4,69,14.6,0
2025-06-29T01:00:00Z,12,3,9,63,20.2,72,13,0
2025-06-29T02:00:00Z,0,0,0,76,19.4,75,12.2,0
2025-06-29T03:00:00Z,0,0,0,75,18.6,79,11.6,0
2025-06-29T04:00:00Z,0,0,0,73,18.4,80,11.1,0
2025-06-29T05:00:00Z,0,0,0,74,18.1,82,11.5,0
2025-06-29T06:00:00Z,0,0,0,83,18,81,12.1,0
2025-06-29T07:00:00Z,0,0,0,74,17.6,82,11.8,0
2025-06-29T08:00:00Z,0,0,0,49,17.1,83,10.6,0
2025-06-29T09:00:00Z,0,0,0,65,16.7,84,9.6,0
2025-06-29T10:00:00Z,7,1,6,100,17.1,84,8.5,0
2025-06-29T11:00:00Z,50,7,43,100,17.6,83,9.6,0
2025-06-29T12:00:00Z,109,6,103,100,18.1,81,9.7,0
2025-06-29T13:00:00Z,163,33,130,98,18.5,79,11.6,0
2025-06-29T14:00:00Z,246,48,198,99,19.4,75,13.2,0
2025-06-29T15:00:00Z,289,25,264,100,19.9,73,10,0
2025-06-29T16:00:00Z,486,103,383,100,21.1,67,8.8,0
2025-06-29T17:00:00Z,511,97,414,99,21.8,66,10.2,0
2025-06-29T18:00:00Z,733,535,198,99,23.4,61,11.3,0
2025-06-29T19:00:00Z,433,60,373,95,24.2,59,10.9,0
2025-06-29T20:00:00Z,479,215,264,67,25.1,57,11.1,0
2025-06-29T21:00:00Z,595,410,185,14,25.6,57,9.9,0
2025-06-29T22:00:00Z,443,325,118,46,25.5,55,6.4,0
2025-06-29T23:00:00Z,313,246,67,9,25,56,5.6,0
2025-06-30T00:00:00Z,154,108,46,65,23.7,63,8.1,0
2025-06-30T01:00:00Z,29,15,14,87,21.6,70,10.2,0
2025-06-30T02:00:00Z,0,0,0,75,20,75,12.3,0
2025-06-30T03:00:00Z,0,0,0,90,18.5,83,12.9,0
2025-06-30T04:00:00Z,0,0,0,79,17.5,87,11.9,0
2025-06-30T05:00:00Z,0,0,0,64,16.9,90,10.6,0
2025-06-30T06:00:00Z,0,0,0,79,16.3,91,10.5,0
2025-06-30T07:00:00Z,0,0,0,81,15.8,93,9.4,0
2025-06-30T08:00:00Z,0,0,0,72,15.4,94,8.5,0
2025-06-30T09:00:00Z,0,0,0,68,15,94,7.8,0
2025-06-30T10:00:00Z,14,6,8,3,15.5,91,7.2,0
2025-06-30T11:00:00Z,121,80,41,4,17.4,88,7.4,0
2025-06-30T12:00:00Z,282,220,62,20,19.5,80,7.7,0
2025-06-30T13:00:00Z,453,377,76,37,21.6,73,8.3,0
2025-06-30T14:00:00Z,617,533,84,55,23.6,67,9.8,0
2025-06-30T15:00:00Z,754,661,93,22,25.7,61,11.6,0
2025-06-30T16:00:00Z,857,761,96,15,27.1,57,12.6,0
2025-06-30T17:00:00Z,908,808,100,81,28.2,54,13.9,0
2025-06-30T18:00:00Z,913,814,99,100,29.1,50,13.9,0
2025-06-30T19:00:00Z,850,715,135,82,29.5,49,13.4,0
2025-06-30T20:00:00Z,769,657,112,67,29.7,49,13,0
2025-06-30T21:00:00Z,624,484,140,67,29.7,48,13,0
2025-06-30T22:00:00Z,441,286,155,34,29.5,48,10.2,0
2025-06-30T23:00:00Z,261,139,122,63,28.3,52,10.8,0
2025-07-01T00:00:00Z,121,62,59,66,26.2,59,12.1,0
2025-07-01T01:00:00Z,16,6,10,92,25,63,10.8,0
2025-07-01T02:00:00Z,0,0,0,95,24.2,68,9.1,0
2025-07-01T03:00:00Z,0,0,0,100,23.6,72,9.6,0
2025-07-01T04:00:00Z,0,0,0,100,22.9,77,8.9,0
2025-07-01T05:00:00Z,0,0,0,99,22.4,83,8.3,0.7
2025-07-01T06:00:00Z,0,0,0,99,21.9,88,9.5,0.2
2025-07-01T07:00:00Z,0,0,0,100,21.7,91,9.5,0.5
2025-07-01T08:00:00Z,0,0,0,100,21.1,94,9.6,0.4
2025-07-01T09:00:00Z,0,0,0,100,21.2,95,9.3,0.2
2025-07-01T10:00:00Z,2,0,2,98,21.3,98,9.7,0.1
2025-07-01T11:00:00Z,18,0,18,82,21.7,97,7.7,0
2025-07-01T12:00:00Z,135,65,70,83,22.8,91,11.7,0
2025-07-01T13:00:00Z,240,80,160,100,23.8,87,12,0.1
2025-07-01T14:00:00Z,401,208,193,100,24.8,80,13,0.1
2025-07-01T15:00:00Z,554,352,202,98,26.1,77,12.8,0.1
2025-07-01T16:00:00Z,546,278,268,100,27,70,12,0.1
2025-07-01T17:00:00Z,399,141,258,100,24.6,80,12,3.3
2025-07-01T18:00:00Z,574,234,340,100,26.5,76,12.8,0.1
2025-07-01T19:00:00Z,638,319,319,94,27.4,74,12.4,0
2025-07-01T20:00:00Z,497,292,205,83,27.8,68,15.6,0.5
2025-07-01T21:00:00Z,360,162,198,74,26,72,13,1.2
2025-07-01T22:00:00Z,295,186,109,59,26.5,71,7.2,0
2025-07-01T23:00:00Z,277,200,77,29,26.3,70,9,0
2025-07-02T00:00:00Z,123,82,41,29,24.9,78,8.6,0
2025-07-02T01:00:00Z,26,13,13,27,23.1,85,8.9,0
2025-07-02T02:00:00Z,0,0,0,12,22.5,87,8.7,0
2025-07-02T03:00:00Z,0,0,0,5,21.3,89,8.5,0
2025-07-02T04:00:00Z,0,0,0,6,21,86,8.2,0
2025-07-02T05:00:00Z,0,0,0,4,20.3,85,8.1,0
2025-07-02T06:00:00Z,0,0,0,2,19.4,83,9.4,0
2025-07-02T07:00:00Z,0,0,0,0,18.7,84,9.9,0
2025-07-02T08:00:00Z,0,0,0,1,18.2,86,9.6,0
2025-07-02T09:00:00Z,0,0,0,0,17.7,89,9.7,0
2025-07-02T10:00:00Z,13,6,7,3,17.8,90,9.2,0
2025-07-02T11:00:00Z,115,74,41,0,19,87,8.5,0
2025-07-02T12:00:00Z,280,216,64,0,20.7,81,8.8,0
2025-07-02T13:00:00Z,457,380,77,0,22.3,76,9.2,0
2025-07-02T14:00:00Z,627,542,85,14,23.7,71,10.4,0
2025-07-02T15:00:00Z,767,672,95,23,25.2,63,12.3,0
2025-07-02T16:00:00Z,838,715,123,33,26.2,59,11.6,0
2025-07-02T17:00:00Z,855,739,116,24,27,56,12.1,0
2025-07-02T18:00:00Z,702,550,152,31,27.3,56,12,0
2025-07-02T19:00:00Z,662,520,142,38,26.8,58,13,0
2025-07-02T20:00:00Z,640,504,136,45,27.4,56,13.9,0
2025-07-02T21:00:00Z,576,464,112,35,27,58,10.8,0
2025-07-02T22:00:00Z,445,347,98,51,27.5,56,10,0
2025-07-02T23:00:00Z,246,168,78,55,25.1,66,11.2,1.3
2025-07-03T00:00:00Z,108,54,54,95,22.3,80,13.7,2.4
2025-07-03T01:00:00Z,16,6,10,78,21.5,83,9.8,0
2025-07-03T02:00:00Z,0,0,0,49,20.9,84,10.6,0
2025-07-03T03:00:00Z,0,0,0,34,20.3,83,10.9,0
2025-07-03T04:00:00Z,0,0,0,9,19.7,83,9.6,0
2025-07-03T05:00:00Z,0,0,0,6,19.2,84,7.9,0
2025-07-03T06:00:00Z,0,0,0,51,18.3,87,7.2,0
2025-07-03T07:00:00Z,0,0,0,94,17.6,90,6.5,0
2025-07-03T08:00:00Z,0,0,0,92,17.4,91,6.1,0
2025-07-03T09:00:00Z,0,0,0,94,17.6,90,5.8,0
2025-07-03T10:00:00Z,7,0,7,91,17.9,91,5.4,0
2025-07-03T11:00:00Z,85,39,46,98,18.3,92,6.8,0
2025-07-03T12:00:00Z,215,116,99,87,19,90,8.2,0.6
2025-07-03T13:00:00Z,322,164,158,96,18.9,90,6.7,1.8
2025-07-03T14:00:00Z,384,129,255,52,19.6,87,5.3,0.7
2025-07-03T15:00:00Z,507,327,180,64,20.9,77,7.8,0.2
2025-07-03T16:00:00Z,631,458,173,81,21.5,74,14.2,0.3
2025-07-03T17:00:00Z,586,316,270,49,19.9,80,11.5,1.1
2025-07-03T18:00:00Z,574,296,278,68,21.4,68,9.4,0.1
2025-07-03T19:00:00Z,772,573,199,68,22.2,63,9.8,0.2
2025-07-03T20:00:00Z,481,237,244,76,23,58,12.2,2.1
2025-07-03T21:00:00Z,389,221,168,40,22.7,51,13.1,0
2025-07-03T22:00:00Z,355,238,117,55,22.3,58,11.6,0.1
2025-07-03T23:00:00Z,258,191,67,22,21.8,54,13.5,0
2025-07-04T00:00:00Z,137,89,48,6,20.5,53,14.8,0
2025-07-04T01:00:00Z,27,14,13,6,18.5,56,14.7,0
2025-07-04T02:00:00Z,0,0,0,9,16.8,63,13,0
2025-07-04T03:00:00Z,0,0,0,3,15.3,69,10.8,0
2025-07-04T04:00:00Z,0,0,0,1,14.1,74,9.3,0
2025-07-04T05:00:00Z,0,0,0,0,13,79,9.5,0
2025-07-04T06:00:00Z,0,0,0,0,12.1,84,9.6,0
2025-07-04T07:00:00Z,0,0,0,0,11.4,88,9.8,0
2025-07-04T08:00:00Z,0,0,0,0,11,89,10.1,0
2025-07-04T09:00:00Z,0,0,0,9,10.6,91,10.4,0
2025-07-04T10:00:00Z,12,5,7,37,11.2,89,10.1,0
2025-07-04T11:00:00Z,104,58,46,68,13,85,9.9,0
2025-07-04T12:00:00Z,222,127,95,75,15.1,75,12.6,0
2025-07-04T13:00:00Z,340,180,160,58,16,71,14.6,0
2025-07-04T14:00:00Z,457,226,231,98,17.2,65,14.1,0
2025-07-04T15:00:00Z,586,319,267,92,18.8,60,13.1,0
2025-07-04T16:00:00Z,701,405,296,98,20.3,56,11.7,0
2025-07-04T17:00:00Z,772,435,337,94,21.8,50,11.1,0
2025-07-04T18:00:00Z,847,575,272,87,23.2,47,10.4,0
2025-07-04T19:00:00Z,637,273,364,89,23.9,44,9.8,0
2025-07-04T20:00:00Z,586,234,352,100,24.6,42,10.8,0
2025-07-04T21:00:00Z,540,333,207,84,24.9,42,10.1,0
2025-07-04T22:00:00Z,501,413,88,27,24.2,43,6.3,0
2025-07-04T23:00:00Z,327,257,70,18,24,43,3.9,0
2025-07-05T00:00:00Z,158,112,46,1,22.5,55,6.2,0
2025-07-05T01:00:00Z,29,16,13,0,18.9,69,5.9,0
2025-07-05T02:00:00Z,0,0,0,0,17.5,72,6.8,0
2025-07-05T03:00:00Z,0,0,0,99,16.6,73,7.5,0
2025-07-05T04:00:00Z,0,0,0,73,15.7,75,7.6,0
2025-07-05T05:00:00Z,0,0,0,70,14.7,81,7.6,0
2025-07-05T06:00:00Z,0,0,0,100,14.2,84,7.4,0
2025-07-05T07:00:00Z,0,0,0,100,13.8,87,8.5,0
2025-07-05T08:00:00Z,0,0,0,100,13.4,91,8.9,0
2025-07-05T09:00:00Z,0,0,0,96,13,94,8.6,0
2025-07-05T10:00:00Z,11,2,9,98,13.4,95,7.6,0
2025-07-05T11:00:00Z,103,47,56,99,15,91,8.1,0
2025-07-05T12:00:00Z,236,127,109,98,17.1,84,8.6,0
2025-07-05T13:00:00Z,352,196,156,100,19.2,75,9.7,0
2025-07-05T14:00:00Z,300,50,250,100,20.7,70,10.6,0
2025-07-05T15:00:00Z,224,0,224,100,21.3,68,12.5,0
2025-07-05T16:00:00Z,259,47,212,98,22.2,65,14.2,0
2025-07-05T17:00:00Z,573,248,325,98,24,60,15,0
2025-07-05T18:00:00Z,650,308,342,95,25.6,57,15.4,0
2025-07-05T19:00:00Z,806,623,183,87,27.3,53,16.5,0
2025-07-05T20:00:00Z,655,483,172,100,28.4,52,16,0
2025-07-05T21:00:00Z,478,326,152,76,28.8,51,15,0
2025-07-05T22:00:00Z,355,183,172,95,28.3,52,14.7,0
2025-07-05T23:00:00Z,226,127,99,100,27.7,52,16.8,0
2025-07-06T00:00:00Z,116,51,65,80,26.3,56,15.9,0
2025-07-06T01:00:00Z,22,6,16,78,24.6,61,14.2,0
2025-07-06T02:00:00Z,0,0,0,99,23.8,64,14.4,0
2025-07-06T03:00:00Z,0,0,0,99,23,68,14.2,0
2025-07-06T04:00:00Z,0,0,0,79,22.7,72,12.8,0
2025-07-06T05:00:00Z,0,0,0,90,21.9,77,11.3,0
2025-07-06T06:00:00Z,0,0,0,71,21.6,80,9.6,0
2025-07-06T07:00:00Z,0,0,0,40,21.3,84,8,0
2025-07-06T08:00:00Z,0,0,0,96,21.2,86,7.8,0
2025-07-06T09:00:00Z,0,0,0,96,21.1,88,8.7,0
2025-07-06T10:00:00Z,9,1,8,97,21.2,88,9.7,0
2025-07-06T11:00:00Z,64,12,52,98,22.2,87,9.8,0
2025-07-06T12:00:00Z,203,92,111,95,23.9,82,10.3,0
2025-07-06T13:00:00Z,342,217,125,62,25.5,77,11.6,0
2025-07-06T14:00:00Z,521,325,196,69,27.5,70,13.2,0
2025-07-06T15:00:00Z,607,415,192,94,29.4,63,13.6,0
2025-07-06T16:00:00Z,691,484,207,73,30.8,59,14.4,0
2025-07-06T17:00:00Z,785,589,196,28,32.1,53,15.3,0
2025-07-06T18:00:00Z,532,392,140,60,30.9,55,14.1,0.5
2025-07-06T19:00:00Z,464,346,118,96,28,72,14,0.1
2025-07-06T20:00:00Z,243,31,212,92,26.8,80,15.4,0
2025-07-06T21:00:00Z,170,36,134,96,26.2,82,11.8,0
2025-07-06T22:00:00Z,181,89,92,98,27.9,70,5.9,0
2025-07-06T23:00:00Z,85,18,67,83,26.7,74,7.7,0.1
2025-07-07T00:00:00Z,25,0,25,75,25.3,82,12,0.1
2025-07-07T01:00:00Z,5,0,5,64,24.2,88,12.7,0.1
2025-07-07T02:00:00Z,0,0,0,63,22.8,93,11.3,0
2025-07-07T03:00:00Z,0,0,0,56,21.6,95,10.8,0
2025-07-07T04:00:00Z,0,0,0,46,21,96,9.4,0
2025-07-07T05:00:00Z,0,0,0,65,20.3,97,8.7,0
2025-07-07T06:00:00Z,0,0,0,80,20.1,95,7.8,0
2025-07-07T07:00:00Z,0,0,0,83,19.8,95,7.2,0
2025-07-07T08:00:00Z,0,0,0,74,19.6,95,6.7,0.3
2025-07-07T09:00:00Z,0,0,0,74,19.6,95,5.6,0.5
2025-07-07T10:00:00Z,4,0,4,100,20.7,98,8.7,0.2
2025-07-07T11:00:00Z,36,3,33,100,21.3,98,12.9,0.1
2025-07-07T12:00:00Z,120,40,80,100,22.2,94,13.1,0.3
2025-07-07T13:00:00Z,200,62,138,98,22.6,92,9.5,1.8
2025-07-07T14:00:00Z,168,47,121,100,21.7,94,8,2.5
2025-07-07T15:00:00Z,181,24,157,99,19.4,98,3,1.3
2025-07-07T16:00:00Z,218,29,189,100,18.8,100,3.5,0.9
2025-07-07T17:00:00Z,217,4,213,100,18.7,100,7.5,0.6
2025-07-07T18:00:00Z,176,0,176,100,18.7,98,14.1,0.4
2025-07-07T19:00:00Z,164,9,155,100,18.9,97,12.9,1.9
2025-07-07T20:00:00Z,103,0,103,100,18.3,98,12.8,1
2025-07-07T21:00:00Z,203,35,168,100,18.6,96,12.7,0
2025-07-07T22:00:00Z,106,15,91,100,18.2,98,13.2,0.2
2025-07-07T23:00:00Z,58,6,52,100,17.5,97,13.9,0.2
2025-07-08T00:00:00Z,13,0,13,100,17.3,95,13.2,0.1
2025-07-08T01:00:00Z,3,0,3,100,17.5,95,10.4,0.1
2025-07-08T02:00:00Z,0,0,0,98,17.6,95,8.3,0
2025-07-08T03:00:00Z,0,0,0,94,17.4,96,7.8,0
2025-07-08T04:00:00Z,0,0,0,81,16.9,97,7.6,0
2025-07-08T05:00:00Z,0,0,0,77,16.6,97,7.1,0
2025-07-08T06:00:00Z,0,0,0,57,16.4,96,5.8,0
2025-07-08T07:00:00Z,0,0,0,52,16.1,96,4.8,0
2025-07-08T08:00:00Z,0,0,0,49,15.7,97,6.5,0
2025-07-08T09:00:00Z,0,0,0,44,15.3,96,6.8,0
2025-07-08T10:00:00Z,9,4,5,96,15.8,97,6.5,0
2025-07-08T11:00:00Z,100,56,44,98,16.5,96,5.2,0
2025-07-08T12:00:00Z,265,192,73,96,17.6,94,4.2,0
2025-07-08T13:00:00Z,423,317,106,96,18.9,88,4.2,0
2025-07-08T14:00:00Z,574,472,102,93,20.4,80,3.3,0
2025-07-08T15:00:00Z,736,581,155,92,21.8,72,3.6,0
2025-07-08T16:00:00Z,844,702,142,91,22.9,67,2.2,0
2025-07-08T17:00:00Z,918,776,142,72,23.6,63,1.8,0
2025-07-08T18:00:00Z,940,814,126,100,24.7,58,3.1,0
2025-07-08T19:00:00Z,403,116,287,100,25.3,56,3.2,0
2025-07-08T20:00:00Z,377,68,309,100,25.8,53,4.5,0
2025-07-08T21:00:00Z,284,57,227,95,25.9,52,5.2,0
2025-07-08T22:00:00Z,266,102,164,59,24.9,59,2.5,0
2025-07-08T23:00:00Z,154,43,111,52,24.6,62,3.1,0
2025-07-09T00:00:00Z,95,41,54,51,23.4,67,4,0
2025-07-09T01:00:00Z,16,5,11,65,21,80,4.6,0
2025-07-09T02:00:00Z,0,0,0,57,19.5,85,5.2,0
2025-07-09T03:00:00Z,0,0,0,67,17.7,93,5.8,0
2025-07-09T04:00:00Z,0,0,0,49,16.8,96,6,0
2025-07-09T05:00:00Z,0,0,0,5,16.3,96,6.2,0
2025-07-09T06:00:00Z,0,0,0,4,16.3,96,6.3,0
2025-07-09T07:00:00Z,0,0,0,52,15.6,97,5.6,0
2025-07-09T08:00:00Z,0,0,0,100,15.2,97,5,0
2025-07-09T09:00:00Z,0,0,0,91,14.5,98,0.7,0
2025-07-09T10:00:00Z,7,1,6,100,15.1,99,3.4,0
2025-07-09T11:00:00Z,69,18,51,100,16.3,98,2.2,0
2025-07-09T12:00:00Z,165,49,116,91,18.4,97,1.3,0
2025-07-09T13:00:00Z,383,263,120,61,21.4,84,1.1,0
2025-07-09T14:00:00Z,549,445,104,44,23.4,76,1.1,0
2025-07-09T15:00:00Z,699,518,181,60,24.9,67,2.4,0.1
2025-07-09T16:00:00Z,750,549,201,79,25.8,63,4.2,0
2025-07-09T17:00:00Z,691,439,252,100,26.5,59,4.7,0
2025-07-09T18:00:00Z,654,406,248,99,26.8,57,5.6,0
2025-07-09T19:00:00Z,579,375,204,100,27.2,56,6.3,0
2025-07-09T20:00:00Z,565,350,215,100,27.3,56,4.2,0
2025-07-09T21:00:00Z,413,170,243,98,27.6,56,4,0
2025-07-09T22:00:00Z,266,66,200,100,25.8,65,6.7,0.5
2025-07-09T23:00:00Z,167,60,107,98,24.7,70,6.1,0.1
2025-07-10T00:00:00Z,108,38,70,91,23.2,75,3.8,0.1
2025-07-10T01:00:00Z,15,3,12,69,21.3,86,5.1,0
2025-07-10T02:00:00Z,0,0,0,52,20.6,89,4.5,0
2025-07-10T03:00:00Z,0,0,0,37,19.8,91,3.8,0
2025-07-10T04:00:00Z,0,0,0,51,19.3,92,3.4,0.7
2025-07-10T05:00:00Z,0,0,0,55,18.1,95,4,1.7
2025-07-10T06:00:00Z,0,0,0,31,17.7,96,4.1,2.7
2025-07-10T07:00:00Z,0,0,0,31,17.4,97,4.9,0
2025-07-10T08:00:00Z,0,0,0,14,16.9,97,5.4,0
2025-07-10T09:00:00Z,0,0,0,11,16.8,96,4.8,0
2025-07-10T10:00:00Z,8,3,5,85,17.1,99,2.7,0
2025-07-10T11:00:00Z,95,55,40,74,18.7,97,3.6,0
2025-07-10T12:00:00Z,206,106,100,64,19.9,96,4.8,0.1
2025-07-10T13:00:00Z,263,103,160,45,20.7,94,4.9,0.1
2025-07-10T14:00:00Z,517,365,152,39,22.4,88,4.4,0.1
2025-07-10T15:00:00Z,569,342,227,22,24.3,81,3.6,0.1
2025-07-10T16:00:00Z,666,378,288,24,25.1,78,4.4,0.1
2025-07-10T17:00:00Z,780,570,210,25,26.3,72,5.7,0
2025-07-10T18:00:00Z,719,534,185,16,26.6,61,6.9,0
2025-07-10T19:00:00Z,802,660,142,40,27.3,57,6.5,0
2025-07-10T20:00:00Z,727,574,153,49,27.4,54,6.8,0
2025-07-10T21:00:00Z,563,434,129,65,27.5,54,8,0.2
2025-07-10T22:00:00Z,310,198,112,87,26.3,62,9.7,0.2
2025-07-10T23:00:00Z,237,155,82,71,25.8,67,9.5,0
2025-07-11T00:00:00Z,119,65,54,67,25.2,70,6.5,0.1
2025-07-11T01:00:00Z,18,5,13,56,22.7,79,1.4,0
2025-07-11T02:00:00Z,0,0,0,76,21.5,86,3,0
2025-07-11T03:00:00Z,0,0,0,40,21.2,85,5,0
2025-07-11T04:00:00Z,0,0,0,20,20.2,90,4.9,0
2025-07-11T05:00:00Z,0,0,0,17,19.2,91,6.4,0
2025-07-11T06:00:00Z,0,0,0,11,18.4,93,6.6,0
2025-07-11T07:00:00Z,0,0,0,8,18,93,7.7,0
2025-07-11T08:00:00Z,0,0,0,4,17.6,95,6.6,0
2025-07-11T09:00:00Z,0,0,0,3,15.9,98,5.3,0
2025-07-11T10:00:00Z,8,3,5,8,16,97,5.1,0
2025-07-11T11:00:00Z,103,61,42,58,18.1,97,2.1,0
2025-07-11T12:00:00Z,219,108,111,2,20.2,93,2,0
2025-07-11T13:00:00Z,423,327,96,54,22.2,87,2.1,0
2025-07-11T14:00:00Z,593,482,111,92,23.9,82,2.6,0
2025-07-11T15:00:00Z,753,648,105,90,26,71,4.7,0.1
2025-07-11T16:00:00Z,773,656,117,100,27.4,62,6.4,0
2025-07-11T17:00:00Z,712,567,145,98,28.4,54,6.6,0
2025-07-11T18:00:00Z,848,691,157,96,29.3,49,7.9,0
2025-07-11T19:00:00Z,720,478,242,97,29.9,44,8.4,0
2025-07-11T20:00:00Z,650,473,177,100,30.3,43,7.5,0
2025-07-11T21:00:00Z,580,406,174,99,30.2,44,6.7,0
2025-07-11T22:00:00Z,416,266,150,98,29.8,48,5.2,0
2025-07-11T23:00:00Z,237,144,93,96,28.8,53,2.4,0
2025-07-12T00:00:00Z,93,39,54,62,26.6,61,3.3,0
2025-07-12T01:00:00Z,16,4,12,4,24.4,71,6,0
2025-07-12T02:00:00Z,0,0,0,8,22.6,76,7.6,0
2025-07-12T03:00:00Z,0,0,0,0,21.2,82,8.2,0
2025-07-12T04:00:00Z,0,0,0,0,19.9,86,6.3,0
2025-07-12T05:00:00Z,0,0,0,0,18.8,90,5.9,0
2025-07-12T06:00:00Z,0,0,0,0,18.5,91,7,0
2025-07-12T07:00:00Z,0,0,0,2,18,92,5.4,0
2025-07-12T08:00:00Z,0,0,0,58,18.2,92,5.7,0
2025-07-12T09:00:00Z,0,0,0,95,17.8,94,5.7,0
2025-07-12T10:00:00Z,8,3,5,100,17.4,97,5.1,0
2025-07-12T11:00:00Z,98,54,44,80,19.4,96,6,0
2025-07-12T12:00:00Z,253,176,77,3,22,88,5.4,0
2025-07-12T13:00:00Z,430,339,91,5,24.2,80,6.2,0
2025-07-12T14:00:00Z,594,489,105,33,26.2,72,7.7,0
2025-07-12T15:00:00Z,732,617,115,51,28.2,63,9.4,0
2025-07-12T16:00:00Z,812,651,161,88,29.3,59,9.9,0
2025-07-12T17:00:00Z,886,746,140,93,30.5,55,10.6,0
2025-07-12T18:00:00Z,850,730,120,87,31.2,53,11.8,0
2025-07-12T19:00:00Z,592,436,156,52,31.2,53,12.2,0
2025-07-12T20:00:00Z,543,351,192,43,31.6,53,11.1,0
2025-07-12T21:00:00Z,506,398,108,92,31.8,53,10,0
2025-07-12T22:00:00Z,413,316,97,98,30.6,59,8.8,0
2025-07-12T23:00:00Z,259,171,88,96,29.9,62,7.8,0
2025-07-13T00:00:00Z,121,64,57,92,28.5,68,8.8,0
2025-07-13T01:00:00Z,19,6,13,76,26.9,74,10.7,0
2025-07-13T02:00:00Z,0,0,0,74,25.9,78,11.1,0
2025-07-13T03:00:00Z,0,0,0,77,24.9,83,12,0
2025-07-13T04:00:00Z,0,0,0,60,24.2,86,12.1,0
2025-07-13T05:00:00Z,0,0,0,49,23.5,90,11.8,0
2025-07-13T06:00:00Z,0,0,0,39,23.1,93,11.5,0
2025-07-13T07:00:00Z,0,0,0,32,22.9,93,11.3,0
2025-07-13T08:00:00Z,0,0,0,26,22.7,93,11.4,0.2
2025-07-13T09:00:00Z,0,0,0,28,22.6,92,10.6,0.5
2025-07-13T10:00:00Z,5,1,4,57,22.5,94,9.1,1.4
2025-07-13T11:00:00Z,76,37,39,53,23.3,94,7.3,2.8
2025-07-13T12:00:00Z,178,102,76,65,24.3,92,7.9,1.6
2025-07-13T13:00:00Z,259,157,102,71,25.4,89,10.5,0
2025-07-13T14:00:00Z,360,218,142,52,26.7,85,11.1,0.2
2025-07-13T15:00:00Z,475,294,181,77,27.9,83,11.2,0.3
2025-07-13T16:00:00Z,623,441,182,97,29.4,76,14.8,0.5
2025-07-13T17:00:00Z,607,435,172,92,27.9,80,9.3,6.5
2025-07-13T18:00:00Z,286,67,219,60,25.6,86,10.3,2.2
2025-07-13T19:00:00Z,634,422,212,28,26.2,83,9.5,0.2
2025-07-13T20:00:00Z,687,535,152,80,26.4,82,12.7,0.2
2025-07-13T21:00:00Z,346,199,147,82,27.4,79,14.5,2.9
2025-07-13T22:00:00Z,187,61,126,51,25.2,90,10.8,2
2025-07-13T23:00:00Z,249,167,82,54,26,86,9.5,0
2025-07-14T00:00:00Z,103,59,44,49,25.5,87,9.6,0.2
2025-07-14T01:00:00Z,14,5,9,53,24,93,8.4,0.3
2025-07-14T02:00:00Z,0,0,0,46,23.5,94,7.6,0
2025-07-14T03:00:00Z,0,0,0,32,22.7,95,8.8,0
2025-07-14T04:00:00Z,0,0,0,30,22.2,96,9.9,0
2025-07-14T05:00:00Z,0,0,0,31,21.5,96,10.3,0
2025-07-14T06:00:00Z,0,0,0,38,21.1,94,9.6,0
2025-07-14T07:00:00Z,0,0,0,32,20.4,92,9.5,0
2025-07-14T08:00:00Z,0,0,0,44,19.7,91,8.7,0
2025-07-14T09:00:00Z,0,0,0,80,18.9,92,8.4,0
2025-07-14T10:00:00Z,6,1,5,90,18.7,93,8.9,0
2025-07-14T11:00:00Z,83,28,55,87,19.3,94,7.5,0
2025-07-14T12:00:00Z,191,62,129,96,20.2,93,8.2,0
2025-07-14T13:00:00Z,327,131,196,100,21,89,8.5,0
2025-07-14T14:00:00Z,500,260,240,100,22.3,85,7.9,0
2025-07-14T15:00:00Z,663,396,267,100,24,76,7.2,0
2025-07-14T16:00:00Z,786,568,218,100,25.6,65,8.4,0
2025-07-14T17:00:00Z,909,774,135,82,27,58,9,0
2025-07-14T18:00:00Z,927,817,110,29,27.6,52,10.9,0
2025-07-14T19:00:00Z,777,578,199,10,28.1,50,10.6,0
2025-07-14T20:00:00Z,718,568,150,4,28.5,49,9.7,0
2025-07-14T21:00:00Z,649,559,90,7,28.8,49,8.9,0
2025-07-14T22:00:00Z,493,418,75,2,28.8,50,7.4,0
2025-07-14T23:00:00Z,315,252,63,0,28.2,55,6,0
2025-07-15T00:00:00Z,146,102,44,0,26.4,67,7.4,0
2025-07-15T01:00:00Z,22,12,10,0,24,73,8.3,0
2025-07-15T02:00:00Z,0,0,0,0,23.3,73,10.5,0
2025-07-15T03:00:00Z,0,0,0,0,21.4,78,10.8,0
2025-07-15T04:00:00Z,0,0,0,1,20.2,83,9.8,0
2025-07-15T05:00:00Z,0,0,0,1,19.5,85,8.5,0
2025-07-15T06:00:00Z,0,0,0,0,19.1,85,7.3,0
2025-07-15T07:00:00Z,0,0,0,0,18.3,86,6.9,0
2025-07-15T08:00:00Z,0,0,0,0,17.6,88,7.6,0
2025-07-15T09:00:00Z,0,0,0,0,16.9,89,8.2,0
2025-07-15T10:00:00Z,6,2,4,27,17.2,89,7.2,0
2025-07-15T11:00:00Z,98,63,35,68,18.8,86,9.6,0
2025-07-15T12:00:00Z,256,197,59,25,21.1,77,5.8,0
2025-07-15T13:00:00Z,429,355,74,44,23,72,4.7,0
2025-07-15T14:00:00Z,594,511,83,62,24.4,70,4.5,0
2025-07-15T15:00:00Z,738,647,91,61,25.9,69,4.9,0
2025-07-15T16:00:00Z,808,708,100,50,27.4,65,5.2,0
2025-07-15T17:00:00Z,684,517,167,58,28,62,7,0
2025-07-15T18:00:00Z,700,498,202,27,28.6,61,7.8,0
2025-07-15T19:00:00Z,776,653,123,33,29.3,58,9.2,0
2025-07-15T20:00:00Z,566,393,173,27,29.7,57,9.2,0
2025-07-15T21:00:00Z,450,343,107,53,29.8,57,6,0
2025-07-15T22:00:00Z,449,368,81,10,29.5,57,5.4,0
2025-07-15T23:00:00Z,285,217,68,36,28.9,60,4.7,0
2025-07-16T00:00:00Z,135,89,46,52,27.2,73,5.3,0
2025-07-16T01:00:00Z,20,9,11,73,24.6,82,6.8,0
2025-07-16T02:00:00Z,0,0,0,68,23.6,83,8.9,0
2025-07-16T03:00:00Z,0,0,0,93,23.4,81,10.7,0
2025-07-16T04:00:00Z,0,0,0,92,22.3,83,11.1,0
2025-07-16T05:00:00Z,0,0,0,89,21.5,85,10.7,0
2025-07-16T06:00:00Z,0,0,0,53,20.6,85,9.8,0
2025-07-16T07:00:00Z,0,0,0,4,20.1,85,8.5,0
2025-07-16T08:00:00Z,0,0,0,0,19.3,86,7.4,0
2025-07-16T09:00:00Z,0,0,0,0,18.5,88,6.1,0
2025-07-16T10:00:00Z,6,2,4,0,18.7,90,5.8,0
2025-07-16T11:00:00Z,95,61,34,3,20.4,89,7.6,0
2025-07-16T12:00:00Z,253,195,58,5,22.6,83,8.1,0
2025-07-16T13:00:00Z,426,353,73,54,24.8,77,9,0
2025-07-16T14:00:00Z,594,510,84,86,26.6,72,8.5,0
2025-07-16T15:00:00Z,734,637,97,89,28.8,63,9.9,0
2025-07-16T16:00:00Z,839,735,104,82,30.3,57,9.8,0
2025-07-16T17:00:00Z,811,686,125,50,31.3,52,11.1,0
2025-07-16T18:00:00Z,844,750,94,56,31.9,48,13,0
2025-07-16T19:00:00Z,734,608,126,64,32.3,46,14.7,0
2025-07-16T20:00:00Z,644,493,151,55,32.4,46,14.5,0
2025-07-16T21:00:00Z,518,400,118,31,32.3,48,13.4,0
2025-07-16T22:00:00Z,405,325,80,51,31.6,50,12.7,0
2025-07-16T23:00:00Z,267,196,71,35,30.6,53,9.4,0
2025-07-17T00:00:00Z,124,79,45,41,28.6,59,9.1,0
2025-07-17T01:00:00Z,19,9,10,56,26.6,67,8.8,0
2025-07-17T02:00:00Z,0,0,0,76,26.1,68,9.8,0
2025-07-17T03:00:00Z,0,0,0,96,24.9,74,8.9,0
2025-07-17T04:00:00Z,0,0,0,94,23.6,79,6.9,0
2025-07-17T05:00:00Z,0,0,0,92,22.6,84,5.8,0
2025-07-17T06:00:00Z,0,0,0,78,22,88,3.5,0
2025-07-17T07:00:00Z,0,0,0,91,22,89,4.2,0
2025-07-17T08:00:00Z,0,0,0,98,21.7,91,8.1,0.2
2025-07-17T09:00:00Z,0,0,0,97,21.6,94,10.2,0
2025-07-17T10:00:00Z,4,0,4,97,21.8,95,9.9,0
2025-07-17T11:00:00Z,60,22,38,100,22.6,95,11.9,0.1
2025-07-17T12:00:00Z,171,101,70,100,23.2,94,9.7,0.2
2025-07-17T13:00:00Z,213,105,108,100,23.7,96,9,0.2
2025-07-17T14:00:00Z,318,156,162,100,25.1,93,11.9,0.1
2025-07-17T15:00:00Z,435,222,213,99,26.8,81,14.7,0.1
2025-07-17T16:00:00Z,338,145,193,100,25.1,86,12.5,5.3
2025-07-17T17:00:00Z,308,148,160,100,25.2,89,16.6,0.6
2025-07-17T18:00:00Z,257,22,235,90,26.1,86,15,0.1
2025-07-17T19:00:00Z,479,299,180,95,26.5,85,17.3,0.4
2025-07-17T20:00:00Z,241,84,157,94,25.6,83,19.3,2.4
2025-07-17T21:00:00Z,209,87,122,67,22.4,94,22.6,0
2025-07-17T22:00:00Z,273,128,145,99,20.2,85,21.5,0
2025-07-17T23:00:00Z,163,33,130,85,19.4,78,23.8,0
2025-07-18T00:00:00Z,111,59,52,48,19,77,22.6,0
2025-07-18T01:00:00Z,16,6,10,46,18.5,75,20.5,0
2025-07-18T02:00:00Z,0,0,0,66,17.6,77,19.6,0
2025-07-18T03:00:00Z,0,0,0,99,16.6,75,19,0
2025-07-18T04:00:00Z,0,0,0,100,15.7,74,18.8,0
2025-07-18T05:00:00Z,0,0,0,80,14.7,75,19.2,0
2025-07-18T06:00:00Z,0,0,0,40,13.8,78,18.1,0
2025-07-18T07:00:00Z,0,0,0,21,13,81,16.2,0
2025-07-18T08:00:00Z,0,0,0,9,12,86,14.7,0
2025-07-18T09:00:00Z,0,0,0,2,11.2,91,12.3,0
2025-07-18T10:00:00Z,5,2,3,0,11.2,89,9.6,0
2025-07-18T11:00:00Z,99,65,34,0,12.5,89,8,0
2025-07-18T12:00:00Z,265,205,60,0,14.5,82,8,0
2025-07-18T13:00:00Z,446,371,75,0,16.5,74,8.1,0
2025-07-18T14:00:00Z,616,532,84,0,18.4,68,7.8,0
2025-07-18T15:00:00Z,761,669,92,11,20.3,61,8.5,0
2025-07-18T16:00:00Z,867,770,97,37,21.5,56,9.8,0
2025-07-18T17:00:00Z,927,826,101,62,22.7,52,9.2,0
2025-07-18T18:00:00Z,869,762,107,64,23.4,48,9.6,0
2025-07-18T19:00:00Z,474,169,305,62,23.5,48,9.9,0
2025-07-18T20:00:00Z,431,188,243,57,23.9,49,10.4,0
2025-07-18T21:00:00Z,462,264,198,44,24.3,47,9.8,0
2025-07-18T22:00:00Z,390,254,136,26,24,46,7.7,0
2025-07-18T23:00:00Z,275,205,70,23,23.6,50,8.9,0
2025-07-19T00:00:00Z,132,85,47,17,21.9,59,10.1,0
2025-07-19T01:00:00Z,20,10,10,8,18.7,70,10.5,0
2025-07-19T02:00:00Z,0,0,0,12,17.4,74,10.9,0
2025-07-19T03:00:00Z,0,0,0,19,17.1,73,10.4,0
2025-07-19T04:00:00Z,0,0,0,12,16.3,76,9.5,0
2025-07-19T05:00:00Z,0,0,0,11,14.5,85,9.5,0
2025-07-19T06:00:00Z,0,0,0,10,14,90,8.6,0
2025-07-19T07:00:00Z,0,0,0,17,13.7,92,7.5,0
2025-07-19T08:00:00Z,0,0,0,66,13.4,94,7.3,0
2025-07-19T09:00:00Z,0,0,0,63,13.7,94,7.3,0
2025-07-19T10:00:00Z,4,1,3,59,13.7,93,7.2,0
2025-07-19T11:00:00Z,66,26,40,60,14.7,92,7.5,0
2025-07-19T12:00:00Z,196,131,65,77,16.8,85,6.4,0
2025-07-19T13:00:00Z,303,158,145,91,18.6,79,6.6,0
2025-07-19T14:00:00Z,431,286,145,84,20.3,71,7.6,0
2025-07-19T15:00:00Z,514,303,211,81,21.8,65,8.1,0
2025-07-19T16:00:00Z,511,261,250,29,22.4,61,9.5,0
2025-07-19T17:00:00Z,626,370,256,74,23.4,58,12.1,0
2025-07-19T18:00:00Z,730,579,151,76,24.5,53,11.2,0
2025-07-19T19:00:00Z,611,320,291,78,25.1,48,12.4,0
2025-07-19T20:00:00Z,679,463,216,86,25.2,47,11.1,0
2025-07-19T21:00:00Z,502,332,170,93,25.5,46,8.8,0
2025-07-19T22:00:00Z,269,112,157,94,24.6,54,8.2,0
2025-07-19T23:00:00Z,162,59,103,91,23.1,59,9.1,0
2025-07-20T00:00:00Z,80,41,39,89,21.6,62,11.5,0.4
2025-07-20T01:00:00Z,13,3,10,97,20.6,64,7.8,0
2025-07-20T02:00:00Z,0,0,0,99,19.8,68,6.1,0.9
2025-07-20T03:00:00Z,0,0,0,97,18.8,77,5.2,0.4
2025-07-20T04:00:00Z,0,0,0,98,18.5,79,6.3,0
2025-07-20T05:00:00Z,0,0,0,96,18.1,83,5.6,0.2
2025-07-20T06:00:00Z,0,0,0,100,17.9,83,6.2,0.5
2025-07-20T07:00:00Z,0,0,0,100,17.6,85,8.4,1
2025-07-20T08:00:00Z,0,0,0,98,17,89,9.5,0.8
2025-07-20T09:00:00Z,0,0,0,100,16.8,91,8.4,0.9
2025-07-20T10:00:00Z,1,0,1,100,17.1,93,5.2,1.4
2025-07-20T11:00:00Z,31,16,15,97,17.5,93,8.3,2.2
2025-07-20T12:00:00Z,93,51,42,82,18,91,6.2,0.9
2025-07-20T13:00:00Z,162,77,85,34,18.7,88,5.6,0.1
2025-07-20T14:00:00Z,283,121,162,37,19.6,85,5.8,0
2025-07-20T15:00:00Z,463,285,178,62,20.9,78,6.8,0.2
2025-07-20T16:00:00Z,581,408,173,55,22,75,6.2,0
2025-07-20T17:00:00Z,720,563,157,50,23.2,68,4.9,0.2
2025-07-20T18:00:00Z,679,539,140,43,23.6,68,6.2,0.1
2025-07-20T19:00:00Z,573,455,118,44,24.4,62,9.9,0.2
2025-07-20T20:00:00Z,604,485,119,35,24.9,58,11.7,0
2025-07-20T21:00:00Z,454,365,89,50,24.5,59,11.8,0.1
2025-07-20T22:00:00Z,349,270,79,79,24,61,5.4,0.1
2025-07-20T23:00:00Z,218,147,71,69,22.9,63,9.7,0
2025-07-21T00:00:00Z,106,71,35,6,21.4,67,11.5,0
2025-07-21T01:00:00Z,13,5,8,6,19.4,74,12.6,0
2025-07-21T02:00:00Z,0,0,0,19,18.5,78,13.9,0
2025-07-21T03:00:00Z,0,0,0,23,17.7,78,14.8,0
2025-07-21T04:00:00Z,0,0,0,25,17.1,76,14.3,0
2025-07-21T05:00:00Z,0,0,0,24,16.2,75,13.9,0
2025-07-21T06:00:00Z,0,0,0,16,15.4,74,14,0
2025-07-21T07:00:00Z,0,0,0,5,14.4,74,13.7,0
2025-07-21T08:00:00Z,0,0,0,0,13.2,77,12.8,0
2025-07-21T09:00:00Z,0,0,0,0,12.2,81,12.5,0
2025-07-21T10:00:00Z,4,1,3,0,12,85,12.1,0
2025-07-21T11:00:00Z,93,59,34,3,13.2,81,10.8,0
2025-07-21T12:00:00Z,258,199,59,33,14.7,74,13.4,0
2025-07-21T13:00:00Z,435,361,74,45,15.9,68,15,0
2025-07-21T14:00:00Z,591,486,105,52,17.1,61,16.5,0
2025-07-21T15:00:00Z,676,548,128,82,18.1,56,16.6,0
2025-07-21T16:00:00Z,676,412,264,98,18.7,53,16.1,0
2025-07-21T17:00:00Z,600,236,364,100,19.2,51,15.2,0
2025-07-21T18:00:00Z,517,102,415,100,19.8,49,14.7,0
2025-07-21T19:00:00Z,347,42,305,94,19.8,49,14.3,0
2025-07-21T20:00:00Z,358,64,294,99,19.6,52,14.2,0
2025-07-21T21:00:00Z,279,59,220,98,19.3,54,13.5,0
2025-07-21T22:00:00Z,173,13,160,66,18.9,56,11,0
2025-07-21T23:00:00Z,177,34,143,23,18.5,56,9.7,0
2025-07-22T00:00:00Z,88,30,58,21,17.4,61,8.5,0
2025-07-22T01:00:00Z,15,6,9,16,15.3,70,7.6,0
2025-07-22T02:00:00Z,0,0,0,16,13.9,75,7.7,0
2025-07-22T03:00:00Z,0,0,0,23,12.5,80,7.8,0
2025-07-22T04:00:00Z,0,0,0,31,11.5,83,7,0
2025-07-22T05:00:00Z,0,0,0,39,10.5,87,6,0
2025-07-22T06:00:00Z,0,0,0,14,10.1,87,6.7,0
2025-07-22T07:00:00Z,0,0,0,14,9.5,89,5.8,0
2025-07-22T08:00:00Z,0,0,0,9,9.3,92,5.9,0
2025-07-22T09:00:00Z,0,0,0,9,8.6,95,5.5,0
2025-07-22T10:00:00Z,3,1,2,3,8.4,97,6.3,0
2025-07-22T11:00:00Z,90,57,33,27,11,93,6.5,0
2025-07-22T12:00:00Z,255,196,59,77,13.8,83,4.4,0
2025-07-22T13:00:00Z,436,360,76,97,16.4,68,3,0
2025-07-22T14:00:00Z,609,521,88,98,18.4,55,1.5,0
2025-07-22T15:00:00Z,716,538,178,97,19.4,53,3.1,0
2025-07-22T16:00:00Z,707,392,315,79,20,51,4,0
2025-07-22T17:00:00Z,716,385,331,75,20.4,50,4,0
2025-07-22T18:00:00Z,793,518,275,67,21.1,49,4.6,0
2025-07-22T19:00:00Z,789,549,240,100,21.9,48,5.8,0
2025-07-22T20:00:00Z,650,353,297,96,22.1,46,5,0
2025-07-22T21:00:00Z,471,196,275,25,22.5,45,3.8,0
2025-07-22T22:00:00Z,449,335,114,6,22.1,47,4.3,0
2025-07-22T23:00:00Z,270,169,101,15,21.9,47,3.2,0
2025-07-23T00:00:00Z,130,86,44,36,20,56,2.7,0
2025-07-23T01:00:00Z,16,8,8,46,16,77,5.6,0
2025-07-23T02:00:00Z,0,0,0,7,14.5,81,4.9,0
2025-07-23T03:00:00Z,0,0,0,23,14.1,79,6.1,0
2025-07-23T04:00:00Z,0,0,0,97,13.2,80,6.6,0
2025-07-23T05:00:00Z,0,0,0,88,12.4,82,6.6,0
2025-07-23T06:00:00Z,0,0,0,98,11.2,87,6.2,0
2025-07-23T07:00:00Z,0,0,0,92,10.5,89,6.8,0
2025-07-23T08:00:00Z,0,0,0,49,10.3,90,6.6,0
2025-07-23T09:00:00Z,0,0,0,32,10.3,91,6.6,0
2025-07-23T10:00:00Z,3,1,2,14,10.4,94,6.8,0
2025-07-23T11:00:00Z,85,53,32,24,12.9,92,8.9,0
2025-07-23T12:00:00Z,243,181,62,32,16.1,83,7.7,0
2025-07-23T13:00:00Z,423,349,74,53,18.7,75,8.7,0
2025-07-23T14:00:00Z,591,507,84,28,20.7,65,10,0
2025-07-23T15:00:00Z,733,640,93,12,23.2,57,9.4,0
2025-07-23T16:00:00Z,837,744,93,22,24.5,51,10.8,0
2025-07-23T17:00:00Z,895,799,96,12,25.4,47,11.4,0
2025-07-23T18:00:00Z,890,764,126,51,26.2,45,11.2,0
2025-07-23T19:00:00Z,837,710,127,68,26.7,43,11.7,0
2025-07-23T20:00:00Z,706,514,192,82,27,42,11.9,0
2025-07-23T21:00:00Z,559,397,162,56,27.4,43,11.9,0
2025-07-23T22:00:00Z,430,299,131,50,26.8,45,11.6,0
2025-07-23T23:00:00Z,287,215,72,41,26.3,46,10.5,0
2025-07-24T00:00:00Z,122,75,47,11,24.3,51,11.9,0
2025-07-24T01:00:00Z,14,6,8,6,22.2,57,12.8,0
2025-07-24T02:00:00Z,0,0,0,55,20.9,62,12,0
2025-07-24T03:00:00Z,0,0,0,99,18.9,69,11.1,0
2025-07-24T04:00:00Z,0,0,0,100,17.8,74,10.1,0
2025-07-24T05:00:00Z,0,0,0,88,17.4,77,9,0
2025-07-24T06:00:00Z,0,0,0,64,16.5,81,8.7,0
2025-07-24T07:00:00Z,0,0,0,30,16.2,83,9.3,0
2025-07-24T08:00:00Z,0,0,0,0,16,85,10.3,0
2025-07-24T09:00:00Z,0,0,0,28,15.9,87,10.9,0
2025-07-24T10:00:00Z,2,1,1,95,16.5,92,12.1,0
2025-07-24T11:00:00Z,67,31,36,71,18.8,88,13.2,0
2025-07-24T12:00:00Z,183,92,91,90,21.2,81,13.3,0
2025-07-24T13:00:00Z,373,254,119,94,23.2,74,15.3,0
2025-07-24T14:00:00Z,466,324,142,99,24.9,70,16,0
2025-07-24T15:00:00Z,647,514,133,95,27.5,63,15.6,0
2025-07-24T16:00:00Z,783,636,147,48,29.3,60,17.7,0
2025-07-24T17:00:00Z,859,739,120,31,30.9,58,19.5,0
2025-07-24T18:00:00Z,893,788,105,23,32,56,20.5,0
2025-07-24T19:00:00Z,769,645,124,19,32.8,54,21.5,0
2025-07-24T20:00:00Z,674,556,118,19,33.1,53,19.7,0
2025-07-24T21:00:00Z,486,359,127,42,33.2,53,17.7,0
2025-07-24T22:00:00Z,332,249,83,27,32.6,57,17.2,0
2025-07-24T23:00:00Z,227,159,68,22,31.6,62,16.8,0
2025-07-25T00:00:00Z,90,50,40,33,29.6,68,15,0
2025-07-25T01:00:00Z,11,4,7,98,27.3,76,14.1,0
2025-07-25T02:00:00Z,0,0,0,100,26.4,78,12.7,0
2025-07-25T03:00:00Z,0,0,0,100,25.5,81,11.7,0
2025-07-25T04:00:00Z,0,0,0,98,25.1,81,6.6,0.2
2025-07-25T05:00:00Z,0,0,0,94,24.3,85,10.6,0.3
2025-07-25T06:00:00Z,0,0,0,99,23.9,87,17.2,0
2025-07-25T07:00:00Z,0,0,0,100,23.6,88,17.5,0
2025-07-25T08:00:00Z,0,0,0,100,23.1,90,15.6,0
2025-07-25T09:00:00Z,0,0,0,100,22.7,90,14.6,0
2025-07-25T10:00:00Z,1,0,1,100,22.4,91,14.5,0.1
2025-07-25T11:00:00Z,19,0,19,87,22.1,91,11,0.3
2025-07-25T12:00:00Z,47,1,46,100,22,90,9.2,0.1
2025-07-25T13:00:00Z,137,7,130,100,22.5,86,9.8,0
2025-07-25T14:00:00Z,329,165,164,95,23.5,82,9.7,0
2025-07-25T15:00:00Z,577,382,195,71,25,73,9.8,0
2025-07-25T16:00:00Z,775,573,202,40,26,64,10.4,0
2025-07-25T17:00:00Z,863,731,132,28,26.7,58,11.8,0
2025-07-25T18:00:00Z,849,746,103,24,27.4,53,13.2,0
2025-07-25T19:00:00Z,763,653,110,21,27.8,50,13.9,0
2025-07-25T20:00:00Z,690,568,122,14,27.9,47,13.6,0
2025-07-25T21:00:00Z,585,458,127,5,27.8,47,13.2,0
2025-07-25T22:00:00Z,450,362,88,4,27,50,8.5,0
2025-07-25T23:00:00Z,291,231,60,1,26.2,56,6.9,0
2025-07-26T00:00:00Z,125,85,40,0,24.4,63,5.6,0
2025-07-26T01:00:00Z,13,6,7,0,21.2,76,5.9,0
2025-07-26T02:00:00Z,0,0,0,0,20.7,77,6.2,0
2025-07-26T03:00:00Z,0,0,0,0,19.1,83,3.3,0
2025-07-26T04:00:00Z,0,0,0,0,17.3,89,4.4,0
2025-07-26T05:00:00Z,0,0,0,1,15.8,95,4.1,0
2025-07-26T06:00:00Z,0,0,0,1,14.9,98,4.1,0
2025-07-26T07:00:00Z,0,0,0,2,14,100,4.3,0
2025-07-26T08:00:00Z,0,0,0,35,14.2,98,4.5,0
2025-07-26T09:00:00Z,0,0,0,83,14.9,95,5.1,0
2025-07-26T10:00:00Z,2,0,2,67,13.7,98,6.3,0
2025-07-26T11:00:00Z,77,46,31,69,15.7,94,4.3,0
2025-07-26T12:00:00Z,229,164,65,90,18.4,89,1.8,0
2025-07-26T13:00:00Z,391,291,100,82,21,79,3.1,0
2025-07-26T14:00:00Z,552,432,120,68,23.7,68,5.1,0
2025-07-26T15:00:00Z,717,593,124,89,26.2,58,6.7,0
2025-07-26T16:00:00Z,781,610,171,72,27.6,53,8.5,0
2025-07-26T17:00:00Z,836,584,252,82,28.7,50,10.1,0
2025-07-26T18:00:00Z,822,560,262,88,29.5,47,10.1,0
2025-07-26T19:00:00Z,494,318,176,95,29.7,46,12,0
2025-07-26T20:00:00Z,586,376,210,92,29.5,50,10.8,0
2025-07-26T21:00:00Z,434,227,207,100,29.2,51,11,0
2025-07-26T22:00:00Z,305,168,137,99,28.8,50,11.9,0
2025-07-26T23:00:00Z,194,72,122,100,27.7,53,11.4,0
2025-07-27T00:00:00Z,63,5,58,94,26,58,10.6,0
2025-07-27T01:00:00Z,7,1,6,93,24.2,63,10.7,0
2025-07-27T02:00:00Z,0,0,0,85,22.9,69,8.7,0
2025-07-27T03:00:00Z,0,0,0,65,21.7,76,6.9,0
2025-07-27T04:00:00Z,0,0,0,30,20.2,83,7.2,0
2025-07-27T05:00:00Z,0,0,0,25,19.3,87,7.5,0
2025-07-27T06:00:00Z,0,0,0,30,19,90,7.3,0
2025-07-27T07:00:00Z,0,0,0,1,18.8,92,6.7,0
2025-07-27T08:00:00Z,0,0,0,12,18.6,93,6,0
2025-07-27T09:00:00Z,0,0,0,23,19,93,5.5,0
2025-07-27T10:00:00Z,1,0,1,66,19.5,92,5.3,0
2025-07-27T11:00:00Z,49,24,25,46,20.8,89,4.5,0
2025-07-27T12:00:00Z,124,70,54,90,21.7,87,4.7,0
2025-07-27T13:00:00Z,295,197,98,30,23.1,83,4.9,0.1
2025-07-27T14:00:00Z,294,159,135,29,23.4,82,6.9,0.4
2025-07-27T15:00:00Z,217,56,161,31,23.5,85,6.7,0
2025-07-27T16:00:00Z,475,273,202,28,24.9,80,6,0.3
2025-07-27T17:00:00Z,469,296,173,57,26,76,5.8,0.1
2025-07-27T18:00:00Z,547,260,287,25,27.1,72,6.6,0.1
2025-07-27T19:00:00Z,730,612,118,37,28.9,65,8.4,0.1
2025-07-27T20:00:00Z,628,506,122,25,30.3,57,10.9,0.1
2025-07-27T21:00:00Z,545,438,107,38,31.1,51,11.7,0.1
2025-07-27T22:00:00Z,413,335,78,21,30.2,56,8.2,0
2025-07-27T23:00:00Z,247,179,68,19,29.4,58,6.2,0
2025-07-28T00:00:00Z,97,60,37,21,27.6,65,7.2,0
2025-07-28T01:00:00Z,10,4,6,27,25.6,71,10.3,0
2025-07-28T02:00:00Z,0,0,0,12,24.1,76,11.4,0
2025-07-28T03:00:00Z,0,0,0,18,23,80,11.6,0
2025-07-28T04:00:00Z,0,0,0,19,22.1,84,12.1,0
2025-07-28T05:00:00Z,0,0,0,2,21.3,88,11.5,0
2025-07-28T06:00:00Z,0,0,0,10,20.6,90,10.5,0
2025-07-28T07:00:00Z,0,0,0,7,19.8,93,10.1,0
2025-07-28T08:00:00Z,0,0,0,0,19.1,94,8.9,0
2025-07-28T09:00:00Z,0,0,0,0,18.4,95,8.3,0
2025-07-28T10:00:00Z,1,0,1,0,17.8,97,3.8,0
2025-07-28T11:00:00Z,72,44,28,0,19.2,95,2.7,0
2025-07-28T12:00:00Z,227,171,56,0,21.7,89,2.2,0
2025-07-28T13:00:00Z,401,330,71,72,24.4,77,3,0
2025-07-28T14:00:00Z,557,460,97,48,26.3,67,5.8,0
2025-07-28T15:00:00Z,698,581,117,55,28.3,58,9,0
2025-07-28T16:00:00Z,814,718,96,61,29.6,54,10.8,0
2025-07-28T17:00:00Z,865,749,116,70,30.8,49,13.5,0
2025-07-28T18:00:00Z,855,736,119,78,31.7,47,15,0
2025-07-28T19:00:00Z,659,501,158,90,32.6,44,16,0
2025-07-28T20:00:00Z,673,532,141,73,33.4,42,17.7,0
2025-07-28T21:00:00Z,504,379,125,50,33.1,43,19.4,0
2025-07-28T22:00:00Z,316,178,138,57,32.7,44,12.5,0
2025-07-28T23:00:00Z,193,122,71,74,31.3,47,13.3,0
2025-07-29T00:00:00Z,105,56,49,46,29.8,52,9.4,0
2025-07-29T01:00:00Z,9,4,5,33,28,58,3.2,0
2025-07-29T02:00:00Z,0,0,0,27,27.3,61,3.4,0
2025-07-29T03:00:00Z,0,0,0,56,26.4,66,4.9,0
2025-07-29T04:00:00Z,0,0,0,46,25.3,71,5.6,0
2025-07-29T05:00:00Z,0,0,0,24,24.3,75,5.6,0
2025-07-29T06:00:00Z,0,0,0,7,23.6,79,10,0
2025-07-29T07:00:00Z,0,0,0,2,22.6,84,12.8,0
2025-07-29T08:00:00Z,0,0,0,1,21.7,87,11.6,0
2025-07-29T09:00:00Z,0,0,0,3,20.9,89,11.7,0
2025-07-29T10:00:00Z,1,0,1,27,20,91,11.5,0
2025-07-29T11:00:00Z,66,37,29,46,20.9,88,11.3,0
2025-07-29T12:00:00Z,189,126,63,33,21.8,84,10.7,0
2025-07-29T13:00:00Z,294,174,120,27,22.4,78,13.2,0
2025-07-29T14:00:00Z,436,231,205,25,23.2,74,12.7,0
2025-07-29T15:00:00Z,611,413,198,22,24.8,65,11.1,0
2025-07-29T16:00:00Z,759,560,199,29,25.8,61,9,0
2025-07-29T17:00:00Z,857,719,138,45,27.1,56,7.8,0
2025-07-29T18:00:00Z,874,752,122,47,28,53,7,0
2025-07-29T19:00:00Z,825,697,128,9,28.6,50,6.4,0
2025-07-29T20:00:00Z,675,555,120,31,28.9,48,7.3,0
2025-07-29T21:00:00Z,415,262,153,61,28.2,49,8.6,0
2025-07-29T22:00:00Z,280,150,130,56,27,58,8,0
2025-07-29T23:00:00Z,177,76,101,82,26.3,61,6.8,0
2025-07-30T00:00:00Z,67,28,39,67,25.2,66,8.7,0
2025-07-30T01:00:00Z,7,2,5,44,23.2,74,6.9,0
2025-07-30T02:00:00Z,0,0,0,49,22.5,77,3.2,0
2025-07-30T03:00:00Z,0,0,0,75,21.5,79,5.3,0
2025-07-30T04:00:00Z,0,0,0,52,20.4,82,6,0
2025-07-30T05:00:00Z,0,0,0,27,19.7,83,5.6,0
2025-07-30T06:00:00Z,0,0,0,18,19.2,85,6.5,0
2025-07-30T07:00:00Z,0,0,0,7,18.5,88,7.2,0
2025-07-30T08:00:00Z,0,0,0,4,17.9,91,8.4,0
2025-07-30T09:00:00Z,0,0,0,7,17.5,94,9.9,0
2025-07-30T10:00:00Z,1,0,1,52,18.1,91,10.4,0
2025-07-30T11:00:00Z,52,16,36,41,19,91,9.1,0
2025-07-30T12:00:00Z,172,109,63,44,21,85,6.7,0
2025-07-30T13:00:00Z,347,268,79,66,22.9,78,3.6,0
2025-07-30T14:00:00Z,515,392,123,90,24.4,73,4.6,0
2025-07-30T15:00:00Z,619,446,173,100,25.7,69,6.1,0
2025-07-30T16:00:00Z,560,377,183,100,25.6,67,7.4,0.1
2025-07-30T17:00:00Z,711,544,167,97,26,59,15.2,0
2025-07-30T18:00:00Z,683,466,217,100,26,55,16.1,0
2025-07-30T19:00:00Z,533,265,268,97,26.3,51,15.1,0
2025-07-30T20:00:00Z,548,279,269,99,26.3,46,14.9,0.1
2025-07-30T21:00:00Z,359,143,216,99,25.9,42,14.8,0
2025-07-30T22:00:00Z,290,103,187,99,24.9,50,12.2,0
2025-07-30T23:00:00Z,113,14,99,99,23.5,53,10.6,0
2025-07-31T00:00:00Z,61,3,58,100,22.3,55,11.1,0
2025-07-31T01:00:00Z,5,0,5,98,21.1,55,11.6,0
2025-07-31T02:00:00Z,0,0,0,99,20,57,11.5,0
2025-07-31T03:00:00Z,0,0,0,90,18.8,59,12,0
2025-07-31T04:00:00Z,0,0,0,57,17.2,66,11.4,0
2025-07-31T05:00:00Z,0,0,0,93,16.6,68,10.6,0
2025-07-31T06:00:00Z,0,0,0,99,15.9,70,9.9,0
2025-07-31T07:00:00Z,0,0,0,97,15.1,74,8.8,0
2025-07-31T08:00:00Z,0,0,0,99,14.4,78,9.2,0
2025-07-31T09:00:00Z,0,0,0,99,14,80,10.3,0
2025-07-31T10:00:00Z,1,0,1,97,14.1,79,11,0
2025-07-31T11:00:00Z,51,12,39,100,14.6,78,10.9,0
2025-07-31T12:00:00Z,156,42,114,100,15.7,75,10.8,0
2025-07-31T13:00:00Z,318,154,164,99,17.3,66,11,0
2025-07-31T14:00:00Z,493,297,196,87,18.7,56,10.5,0
2025-07-31T15:00:00Z,639,368,271,100,20.4,50,10.2,0
2025-07-31T16:00:00Z,687,392,295,100,20.8,46,11.2,0
2025-07-31T17:00:00Z,793,523,270,100,21.4,44,11.2,0
2025-07-31T18:00:00Z,784,556,228,100,21.8,44,10.8,0
2025-07-31T19:00:00Z,382,68,314,100,22.4,42,10.7,0
2025-07-31T20:00:00Z,479,172,307,91,22.1,43,11.2,0
2025-07-31T21:00:00Z,489,309,180,51,22,43,11.9,0
2025-07-31T22:00:00Z,424,321,103,43,21.6,45,12.3,0
2025-07-31T23:00:00Z,242,162,80,11,20.8,48,10.7,0
2025-08-01T00:00:00Z,105,68,37,1,19.2,55,9.1,0
2025-08-01T01:00:00Z,7,3,4,1,16.8,63,10.2,0
2025-08-01T02:00:00Z,0,0,0,0,15.1,69,11.5,0
2025-08-01T03:00:00Z,0,0,0,0,13.5,74,12.2,0
2025-08-01T04:00:00Z,0,0,0,0,12.4,78,12,0
2025-08-01T05:00:00Z,0,0,0,0,11.9,80,11.7,0
2025-08-01T06:00:00Z,0,0,0,0,11.4,79,11.5,0
2025-08-01T07:00:00Z,0,0,0,0,10.9,81,11.1,0
2025-08-01T08:00:00Z,0,0,0,0,10.5,81,10.6,0
2025-08-01T09:00:00Z,0,0,0,0,9.8,84,9.9,0
2025-08-01T10:00:00Z,0,0,0,0,9.6,86,9.8,0
2025-08-01T11:00:00Z,66,40,26,0,11,84,9.6,0
2025-08-01T12:00:00Z,228,172,56,0,13.5,73,8.6,0
2025-08-01T13:00:00Z,401,323,78,0,16.2,62,8.7,0
2025-08-01T14:00:00Z,575,486,89,0,18.2,51,8.6,0
2025-08-01T15:00:00Z,715,622,93,11,19.8,45,8,0
2025-08-01T16:00:00Z,832,721,111,65,20.8,41,8.1,0
2025-08-01T17:00:00Z,846,662,184,64,21.4,39,7.8,0
2025-08-01T18:00:00Z,879,750,129,9,22.3,37,7.6,0
2025-08-01T19:00:00Z,781,602,179,46,22.8,35,8.4,0
2025-08-01T20:00:00Z,703,547,156,68,23.1,33,9.6,0
2025-08-01T21:00:00Z,521,329,192,86,22.9,34,10.1,0
2025-08-01T22:00:00Z,335,166,169,72,22.5,36,10,0
2025-08-01T23:00:00Z,284,221,63,33,21.7,41,8.3,0
2025-08-02T00:00:00Z,105,67,38,12,18.7,58,6.3,0
2025-08-02T01:00:00Z,7,3,4,2,17.6,56,6.5,0
2025-08-02T02:00:00Z,0,0,0,0,16.1,66,6.1,0
2025-08-02T03:00:00Z,0,0,0,0,14.4,75,6.7,0
2025-08-02T04:00:00Z,0,0,0,1,13.3,83,6.8,0
2025-08-02T05:00:00Z,0,0,0,0,10.6,93,7.5,0
2025-08-02T06:00:00Z,0,0,0,5,10.6,90,7.9,0
2025-08-02T07:00:00Z,0,0,0,7,10.3,89,8.5,0
2025-08-02T08:00:00Z,0,0,0,7,10.5,87,8,0
2025-08-02T09:00:00Z,0,0,0,6,11.1,85,8.8,0
2025-08-02T10:00:00Z,0,0,0,5,10.7,81,9.5,0
2025-08-02T11:00:00Z,62,37,25,3,12.1,81,9.4,0
2025-08-02T12:00:00Z,221,167,54,0,14.7,78,7.6,0
2025-08-02T13:00:00Z,401,331,70,0,17.6,71,8.8,0
2025-08-02T14:00:00Z,574,493,81,13,20.1,63,10,0
2025-08-02T15:00:00Z,717,625,92,22,22.5,56,10.8,0
2025-08-02T16:00:00Z,829,735,94,34,24.4,48,13.6,0
2025-08-02T17:00:00Z,818,670,148,37,25.5,43,14.7,0
2025-08-02T18:00:00Z,672,467,205,26,26.2,41,14.7,0
2025-08-02T19:00:00Z,750,618,132,16,26.8,39,15,0
2025-08-02T20:00:00Z,700,606,94,34,26.9,39,15.2,0
2025-08-02T21:00:00Z,552,455,97,42,26.9,39,15.1,0
2025-08-02T22:00:00Z,323,242,81,55,26,44,12.6,0
2025-08-02T23:00:00Z,206,148,58,48,25.1,49,8.3,0
2025-08-03T00:00:00Z,76,38,38,66,23.2,56,7.5,0
2025-08-03T01:00:00Z,5,1,4,36,21.2,63,6.8,0
2025-08-03T02:00:00Z,0,0,0,6,19.9,67,7,0
2025-08-03T03:00:00Z,0,0,0,6,18.9,70,9.3,0
2025-08-03T04:00:00Z,0,0,0,5,18.1,71,10,0
2025-08-03T05:00:00Z,0,0,0,4,17.4,76,9.4,0
2025-08-03T06:00:00Z,0,0,0,25,16.9,79,9.1,0
2025-08-03T07:00:00Z,0,0,0,50,16.3,84,9.2,0
2025-08-03T08:00:00Z,0,0,0,83,15.5,88,9.3,0
2025-08-03T09:00:00Z,0,0,0,74,15.2,91,9.1,0
2025-08-03T10:00:00Z,0,0,0,29,15.3,93,8.8,0
2025-08-03T11:00:00Z,58,34,24,45,16,93,9.2,0
2025-08-03T12:00:00Z,207,152,55,58,17.7,89,10.8,0
2025-08-03T13:00:00Z,382,307,75,70,19.4,84,12.4,0
2025-08-03T14:00:00Z,560,476,84,69,21,76,12.9,0
2025-08-03T15:00:00Z,707,616,91,55,22.6,69,14.1,0
2025-08-03T16:00:00Z,816,720,96,27,24.2,61,13,0
2025-08-03T17:00:00Z,879,783,96,22,25.6,55,12.1,0
2025-08-03T18:00:00Z,888,792,96,6,26.8,50,12,0
2025-08-03T19:00:00Z,810,712,98,4,27.5,48,11.7,0
2025-08-03T20:00:00Z,724,627,97,1,28,47,11.7,0
2025-08-03T21:00:00Z,604,519,85,2,28.3,46,12.1,0
2025-08-03T22:00:00Z,437,362,75,3,27.8,45,10.3,0
2025-08-03T23:00:00Z,262,203,59,1,26.8,51,7.8,0
2025-08-04T00:00:00Z,101,67,34,1,24.8,60,6.1,0
2025-08-04T01:00:00Z,5,2,3,7,22.3,67,5.8,0
2025-08-04T02:00:00Z,0,0,0,7,20.4,73,5,0
2025-08-04T03:00:00Z,0,0,0,13,19.4,75,6.1,0
2025-08-04T04:00:00Z,0,0,0,5,18.7,75,5.9,0
2025-08-04T05:00:00Z,0,0,0,4,18,76,8.4,0
2025-08-04T06:00:00Z,0,0,0,6,17.5,78,10.7,0
2025-08-04T07:00:00Z,0,0,0,5,17.3,81,11.1,0
2025-08-04T08:00:00Z,0,0,0,3,16.6,85,10.6,0
2025-08-04T09:00:00Z,0,0,0,3,16.2,90,10.5,0
2025-08-04T10:00:00Z,0,0,0,24,16.1,91,10.2,0
2025-08-04T11:00:00Z,52,28,24,37,16.8,91,11.4,0
2025-08-04T12:00:00Z,187,125,62,47,18.6,87,10.8,0
2025-08-04T13:00:00Z,330,217,113,69,20,81,9.4,0
2025-08-04T14:00:00Z,461,329,132,57,21.2,74,8.5,0
2025-08-04T15:00:00Z,572,415,157,54,22.2,69,8.2,0
2025-08-04T16:00:00Z,610,348,262,76,22.8,67,8.9,0
2025-08-04T17:00:00Z,704,523,181,40,23.4,64,9,0
2025-08-04T18:00:00Z,719,538,181,22,23.7,60,9,0
2025-08-04T19:00:00Z,731,562,169,29,24.4,56,9.6,0
2025-08-04T20:00:00Z,660,512,148,10,24.3,54,10.3,0
2025-08-04T21:00:00Z,583,495,88,27,24.2,51,10,0
2025-08-04T22:00:00Z,450,375,75,6,23.2,53,10.5,0
2025-08-04T23:00:00Z,263,197,66,17,22.3,54,10.3,0
2025-08-05T00:00:00Z,90,57,33,1,20.3,60,9.9,0
2025-08-05T01:00:00Z,5,1,4,43,18.2,67,10,0
2025-08-05T02:00:00Z,0,0,0,91,17.1,71,9.7,0
2025-08-05T03:00:00Z,0,0,0,91,16.1,74,9.1,0
2025-08-05T04:00:00Z,0,0,0,96,15.4,77,8.7,0
2025-08-05T05:00:00Z,0,0,0,99,14.9,79,8.8,0
2025-08-05T06:00:00Z,0,0,0,96,14.5,80,8.3,0
2025-08-05T07:00:00Z,0,0,0,98,14.2,82,8.9,0
2025-08-05T08:00:00Z,0,0,0,98,14.1,84,10,0
2025-08-05T09:00:00Z,0,0,0,98,13.7,83,10.8,0
2025-08-05T10:00:00Z,0,0,0,100,13.6,86,11,0
2025-08-05T11:00:00Z,37,5,32,98,14.1,80,10.3,0
2025-08-05T12:00:00Z,131,38,93,98,15.4,74,10,0
2025-08-05T13:00:00Z,278,135,143,100,17.3,64,9.6,0
2025-08-05T14:00:00Z,489,308,181,100,19.5,58,8.8,0
2025-08-05T15:00:00Z,612,405,207,98,21.3,52,8.5,0
2025-08-05T16:00:00Z,720,499,221,87,22.8,50,8.8,0
2025-08-05T17:00:00Z,789,577,212,73,24.1,47,7.7,0
2025-08-05T18:00:00Z,833,660,173,74,24.9,45,7.3,0
2025-08-05T19:00:00Z,617,419,198,45,25.3,43,6.7,0.1
2025-08-05T20:00:00Z,535,356,179,36,25.7,43,5.6,0
2025-08-05T21:00:00Z,413,263,150,35,25.7,43,5.1,0
2025-08-05T22:00:00Z,313,201,112,43,24.6,48,5.2,0
2025-08-05T23:00:00Z,189,118,71,32,23.6,56,4.5,0
2025-08-06T00:00:00Z,85,54,31,18,21.6,70,4.2,0
2025-08-06T01:00:00Z,4,1,3,14,18.7,79,4.6,0
2025-08-06T02:00:00Z,0,0,0,13,17.4,82,6.4,0
2025-08-06T03:00:00Z,0,0,0,11,16.2,84,7.5,0
2025-08-06T04:00:00Z,0,0,0,9,15.4,83,7.2,0
2025-08-06T05:00:00Z,0,0,0,8,14.8,83,7.2,0
2025-08-06T06:00:00Z,0,0,0,8,14.1,84,7.7,0
2025-08-06T07:00:00Z,0,0,0,10,13.5,84,8,0
2025-08-06T08:00:00Z,0,0,0,30,13.2,84,8.1,0
2025-08-06T09:00:00Z,0,0,0,28,12.7,85,8.4,0
2025-08-06T10:00:00Z,0,0,0,7,12.5,87,8.1,0
2025-08-06T11:00:00Z,54,33,21,9,14.1,80,8.9,0
2025-08-06T12:00:00Z,194,141,53,11,16.5,73,8.1,0
2025-08-06T13:00:00Z,381,311,70,6,19.4,63,8.9,0
2025-08-06T14:00:00Z,531,452,79,10,21.8,54,9.2,0
2025-08-06T15:00:00Z,676,575,101,7,23.9,48,9.6,0
2025-08-06T16:00:00Z,759,622,137,10,25.1,44,9.6,0
2025-08-06T17:00:00Z,875,779,96,7,26.4,40,9,0
2025-08-06T18:00:00Z,887,792,95,1,27.6,38,8.2,0
2025-08-06T19:00:00Z,847,756,91,1,28.1,37,7.8,0
2025-08-06T20:00:00Z,749,665,84,6,28.4,37,7.5,0
2025-08-06T21:00:00Z,599,516,83,29,28.5,37,7,0
2025-08-06T22:00:00Z,419,326,93,57,27.7,41,6.4,0
2025-08-06T23:00:00Z,246,172,74,64,26.6,46,7,0
2025-08-07T00:00:00Z,86,44,42,74,24,55,8.2,0
2025-08-07T01:00:00Z,3,1,2,86,21.3,61,8.5,0
2025-08-07T02:00:00Z,0,0,0,50,19.7,65,8.7,0
2025-08-07T03:00:00Z,0,0,0,20,18.2,70,8.2,0
2025-08-07T04:00:00Z,0,0,0,22,17.3,73,8.5,0
2025-08-07T05:00:00Z,0,0,0,26,16.6,75,8.4,0
2025-08-07T06:00:00Z,0,0,0,56,15.9,76,8.5,0
2025-08-07T07:00:00Z,0,0,0,81,15.3,78,8.5,0
2025-08-07T08:00:00Z,0,0,0,85,14.5,80,8,0
2025-08-07T09:00:00Z,0,0,0,69,13.9,81,7.8,0
2025-08-07T10:00:00Z,0,0,0,43,13.3,83,6.4,0
2025-08-07T11:00:00Z,52,30,22,1,14.9,79,6.6,0
2025-08-07T12:00:00Z,201,146,55,4,17.3,74,6.1,0
2025-08-07T13:00:00Z,361,289,72,15,19.9,68,5.8,0
2025-08-07T14:00:00Z,544,454,90,8,22.4,63,5.7,0
2025-08-07T15:00:00Z,684,581,103,10,24.6,57,5.9,0
2025-08-07T16:00:00Z,800,701,99,1,26.3,54,6.4,0
2025-08-07T17:00:00Z,795,701,94,2,27.6,50,6,0
2025-08-07T18:00:00Z,705,581,124,19,28.2,48,5.8,0
2025-08-07T19:00:00Z,708,575,133,19,28.6,48,5.6,0
2025-08-07T20:00:00Z,660,560,100,23,29,48,5.6,0
2025-08-07T21:00:00Z,489,385,104,19,29.1,48,6.3,0
2025-08-07T22:00:00Z,343,260,83,59,27.8,55,6.9,0
2025-08-07T23:00:00Z,212,149,63,44,26.6,59,7.6,0
2025-08-08T00:00:00Z,61,29,32,47,24.3,68,7.9,0
2025-08-08T01:00:00Z,2,1,1,47,22,76,9.1,0
2025-08-08T02:00:00Z,0,0,0,33,21.1,77,8.9,0
2025-08-08T03:00:00Z,0,0,0,25,20.1,79,8.8,0
2025-08-08T04:00:00Z,0,0,0,35,19.1,81,8.3,0
2025-08-08T05:00:00Z,0,0,0,58,17.7,85,7.3,0
2025-08-08T06:00:00Z,0,0,0,74,16.9,87,5.6,0
2025-08-08T07:00:00Z,0,0,0,84,16.4,89,5.7,0
2025-08-08T08:00:00Z,0,0,0,87,15.5,93,6,0
2025-08-08T09:00:00Z,0,0,0,91,14.8,94,6.1,0
2025-08-08T10:00:00Z,0,0,0,84,15.3,96,5.3,0
2025-08-08T11:00:00Z,48,28,20,68,16.5,96,6.8,0
2025-08-08T12:00:00Z,179,125,54,77,18.9,90,5.3,0
2025-08-08T13:00:00Z,363,280,83,77,21.3,82,6.3,0
2025-08-08T14:00:00Z,519,438,81,32,23.6,73,7.4,0
2025-08-08T15:00:00Z,661,560,101,10,26,64,8.1,0
2025-08-08T16:00:00Z,685,579,106,10,27.5,54,10.8,0
2025-08-08T17:00:00Z,801,669,132,23,29,47,13.4,0
2025-08-08T18:00:00Z,703,515,188,32,29.7,45,14.1,0
2025-08-08T19:00:00Z,747,612,135,45,30.2,43,14.5,0
2025-08-08T20:00:00Z,606,467,139,11,30.3,43,14.9,0
2025-08-08T21:00:00Z,563,473,90,31,30.9,38,14.3,0
2025-08-08T22:00:00Z,416,338,78,47,29.6,41,14.3,0
2025-08-08T23:00:00Z,228,163,65,34,28.5,43,15.4,0
2025-08-09T00:00:00Z,79,46,33,32,26.6,48,14.2,0
2025-08-09T01:00:00Z,2,1,1,31,24.6,53,12.1,0
2025-08-09T02:00:00Z,0,0,0,29,22.7,59,10.2,0
2025-08-09T03:00:00Z,0,0,0,44,21.2,66,10,0
2025-08-09T04:00:00Z,0,0,0,51,20.2,72,9.3,0
2025-08-09T05:00:00Z,0,0,0,61,19.2,77,8.8,0
2025-08-09T06:00:00Z,0,0,0,64,18.6,82,7.7,0
2025-08-09T07:00:00Z,0,0,0,88,18.2,86,6.9,0
2025-08-09T08:00:00Z,0,0,0,64,17.5,91,6.4,0
2025-08-09T09:00:00Z,0,0,0,47,17.6,92,6.2,0
2025-08-09T10:00:00Z,0,0,0,53,17.8,92,6.5,0
2025-08-09T11:00:00Z,42,22,20,63,18.7,91,7.5,0
2025-08-09T12:00:00Z,175,112,63,74,20.8,85,6.2,0
2025-08-09T13:00:00Z,336,255,81,46,23.3,76,6.5,0
2025-08-09T14:00:00Z,510,409,101,42,25.5,67,8.3,0
2025-08-09T15:00:00Z,639,510,129,42,27.9,59,10.3,0
2025-08-09T16:00:00Z,710,507,203,10,29.4,53,11.6,0
2025-08-09T17:00:00Z,756,555,201,79,30.8,49,12.4,0
2025-08-09T18:00:00Z,800,620,180,100,31.9,44,12.9,0
2025-08-09T19:00:00Z,768,600,168,100,32.8,41,13.6,0
2025-08-09T20:00:00Z,673,569,104,98,32.9,41,13.5,0
2025-08-09T21:00:00Z,484,369,115,79,32.5,42,13.1,0
2025-08-09T22:00:00Z,341,220,121,91,31.9,45,14.9,0
2025-08-09T23:00:00Z,168,100,68,100,29.6,51,12,0.2
2025-08-10T00:00:00Z,34,5,29,100,26.1,71,8.7,1.3
2025-08-10T01:00:00Z,1,0,1,100,24.4,81,7.9,0.2
2025-08-10T02:00:00Z,0,0,0,99,23.4,87,7,0
2025-08-10T03:00:00Z,0,0,0,100,22.5,88,8.1,0
2025-08-10T04:00:00Z,0,0,0,100,22.3,85,9.7,0
2025-08-10T05:00:00Z,0,0,0,97,21.8,85,8.5,0
2025-08-10T06:00:00Z,0,0,0,90,21.5,85,8.1,0
2025-08-10T07:00:00Z,0,0,0,92,21,85,8.9,0
2025-08-10T08:00:00Z,0,0,0,93,20.4,86,8,0
2025-08-10T09:00:00Z,0,0,0,96,20,88,6.2,0
2025-08-10T10:00:00Z,0,0,0,96,20,88,6.2,0
2025-08-10T11:00:00Z,35,16,19,97,20.4,87,6.6,0
2025-08-10T12:00:00Z,171,113,58,97,22.2,86,6.2,0
2025-08-10T13:00:00Z,356,278,78,93,24.2,78,4.3,0
2025-08-10T14:00:00Z,525,432,93,80,26.1,72,6.3,0
2025-08-10T15:00:00Z,676,582,94,54,29.2,61,8.3,0
2025-08-10T16:00:00Z,769,663,106,75,31.2,52,11,0
2025-08-10T17:00:00Z,830,712,118,83,32.7,45,13.5,0
2025-08-10T18:00:00Z,836,722,114,96,33.7,41,15.2,0
2025-08-10T19:00:00Z,731,599,132,93,34.3,39,15.6,0
2025-08-10T20:00:00Z,517,368,149,97,34.6,37,15.7,0
2025-08-10T21:00:00Z,370,193,177,94,34.4,38,15.3,0
2025-08-10T22:00:00Z,307,208,99,79,32.1,47,13.8,0
2025-08-10T23:00:00Z,205,145,60,68,31,47,14.1,0
2025-08-11T00:00:00Z,74,44,30,56,29,52,14,0
2025-08-11T01:00:00Z,1,0,1,19,27.1,57,13.5,0
2025-08-11T02:00:00Z,0,0,0,13,25.9,61,13.4,0
2025-08-11T03:00:00Z,0,0,0,20,24.8,64,12.1,0
2025-08-11T04:00:00Z,0,0,0,19,23.7,67,10.5,0
2025-08-11T05:00:00Z,0,0,0,16,22.5,72,9.4,0
2025-08-11T06:00:00Z,0,0,0,19,21.4,76,9.3,0
2025-08-11T07:00:00Z,0,0,0,23,20.5,80,8.1,0
2025-08-11T08:00:00Z,0,0,0,9,19.8,84,7.1,0
2025-08-11T09:00:00Z,0,0,0,6,19.3,87,7.2,0
2025-08-11T10:00:00Z,0,0,0,79,19,86,5.9,0
2025-08-11T11:00:00Z,42,24,18,23,20.1,84,6,0
2025-08-11T12:00:00Z,187,136,51,33,22.6,77,5.4,0
2025-08-11T13:00:00Z,357,285,72,34,24.9,69,6.3,0
2025-08-11T14:00:00Z,527,443,84,36,26.9,62,7.2,0
2025-08-11T15:00:00Z,675,586,89,24,29.5,54,7.4,0
2025-08-11T16:00:00Z,782,689,93,0,31.2,48,7.9,0
2025-08-11T17:00:00Z,847,753,94,0,32.6,42,9.6,0
2025-08-11T18:00:00Z,853,758,95,12,33.5,39,11.7,0
2025-08-11T19:00:00Z,738,609,129,4,34,38,13,0
2025-08-11T20:00:00Z,686,559,127,2,33.9,38,13.6,0
2025-08-11T21:00:00Z,566,482,84,3,33.8,38,14.1,0
2025-08-11T22:00:00Z,407,337,70,6,32.8,39,13.4,0
2025-08-11T23:00:00Z,217,158,59,3,31.3,42,12.7,0
2025-08-12T00:00:00Z,69,42,27,2,28.9,47,12.7,0
2025-08-12T01:00:00Z,1,0,1,1,26.5,55,12.2,0
2025-08-12T02:00:00Z,0,0,0,0,24.8,60,11.1,0
2025-08-12T03:00:00Z,0,0,0,0,23.5,63,11,0
2025-08-12T04:00:00Z,0,0,0,0,22.3,66,10.4,0
2025-08-12T05:00:00Z,0,0,0,0,21.2,70,9.3,0
2025-08-12T06:00:00Z,0,0,0,0,20.5,72,7.9,0
2025-08-12T07:00:00Z,0,0,0,0,19.6,75,7.1,0
2025-08-12T08:00:00Z,0,0,0,0,18.8,80,6.6,0
2025-08-12T09:00:00Z,0,0,0,0,18,83,7.4,0
2025-08-12T10:00:00Z,0,0,0,10,18.4,82,6.7,0
2025-08-12T11:00:00Z,41,24,17,12,19.6,81,7.4,0
2025-08-12T12:00:00Z,182,132,50,9,22.2,74,6.5,0
2025-08-12T13:00:00Z,360,290,70,0,24.8,66,7,0
2025-08-12T14:00:00Z,524,441,83,2,27.2,60,7.4,0
2025-08-12T15:00:00Z,647,536,111,5,29.6,55,8.5,0
2025-08-12T16:00:00Z,706,619,87,36,31,52,11.4,0
2025-08-12T17:00:00Z,752,638,114,36,32,50,12.8,0
2025-08-12T18:00:00Z,716,575,141,25,32.6,49,14,0
2025-08-12T19:00:00Z,532,403,129,29,32.4,50,14.3,0
2025-08-12T20:00:00Z,595,458,137,27,33.3,48,13.1,0
2025-08-12T21:00:00Z,510,420,90,35,33.3,48,13.1,0
2025-08-12T22:00:00Z,366,270,96,24,31.4,55,11.5,0.3
2025-08-12T23:00:00Z,185,114,71,57,30.3,57,10.5,0
2025-08-13T00:00:00Z,43,20,23,55,28.6,62,11.6,0
2025-08-13T01:00:00Z,1,0,1,56,26.5,70,10.3,0
2025-08-13T02:00:00Z,0,0,0,78,25.7,73,10.3,0
2025-08-13T03:00:00Z,0,0,0,98,24.4,78,10.7,0
2025-08-13T04:00:00Z,0,0,0,78,24.2,79,9.5,0
2025-08-13T05:00:00Z,0,0,0,54,23.5,82,8.8,0
2025-08-13T06:00:00Z,0,0,0,28,23.1,84,8.9,0
2025-08-13T07:00:00Z,0,0,0,19,22.6,87,8.6,0
2025-08-13T08:00:00Z,0,0,0,34,22.4,89,7.6,0
2025-08-13T09:00:00Z,0,0,0,44,22.2,90,7.3,0
2025-08-13T10:00:00Z,0,0,0,56,22.4,93,6.8,0
2025-08-13T11:00:00Z,32,15,17,61,22.6,94,5.7,0.4
2025-08-13T12:00:00Z,121,54,67,98,23.4,90,7.7,0
2025-08-13T13:00:00Z,210,79,131,100,23.6,89,8.6,0.1
2025-08-13T14:00:00Z,143,29,114,97,23.8,89,10.1,0.2
2025-08-13T15:00:00Z,250,54,196,99,24,88,11.1,1.7
2025-08-13T16:00:00Z,326,86,240,100,23.3,88,9.1,3.9
2025-08-13T17:00:00Z,454,192,262,99,24.5,86,6.2,0.3
2025-08-13T18:00:00Z,565,396,169,99,27.1,70,4.3,0
2025-08-13T19:00:00Z,619,363,256,67,29.5,56,5,0.2
2025-08-13T20:00:00Z,543,379,164,32,30.2,47,5.4,0.1
2025-08-13T21:00:00Z,448,362,86,47,29.9,47,7.1,0
2025-08-13T22:00:00Z,291,229,62,51,28.5,57,7.9,0
2025-08-13T23:00:00Z,147,84,63,44,27.5,60,6.7,0
2025-08-14T00:00:00Z,56,33,23,47,25.7,68,7.8,0
2025-08-14T01:00:00Z,0,0,0,40,24.1,70,9.5,0
2025-08-14T02:00:00Z,0,0,0,30,23.2,70,11.4,0
2025-08-14T03:00:00Z,0,0,0,19,21.7,73,13.2,0
2025-08-14T04:00:00Z,0,0,0,5,20.7,77,13.4,0
2025-08-14T05:00:00Z,0,0,0,9,19.9,79,12.8,0
2025-08-14T06:00:00Z,0,0,0,4,19.3,80,12.5,0
2025-08-14T07:00:00Z,0,0,0,8,18.7,81,12.9,0
2025-08-14T08:00:00Z,0,0,0,8,18.2,82,13.6,0
2025-08-14T09:00:00Z,0,0,0,10,17.5,85,13.6,0
2025-08-14T10:00:00Z,0,0,0,3,17.3,86,14.1,0
2025-08-14T11:00:00Z,37,21,16,1,17.8,84,13,0
2025-08-14T12:00:00Z,183,134,49,1,19,79,14.5,0
2025-08-14T13:00:00Z,365,298,67,2,20.3,72,15.4,0
2025-08-14T14:00:00Z,541,463,78,0,21.6,63,14.1,0
2025-08-14T15:00:00Z,678,587,91,0,23,55,12.7,0
2025-08-14T16:00:00Z,797,705,92,2,23.8,50,12.4,0
2025-08-14T17:00:00Z,860,762,98,2,24.6,45,12.8,0
2025-08-14T18:00:00Z,869,774,95,4,25,43,13.7,0
2025-08-14T19:00:00Z,797,654,143,0,25.5,39,13.9,0
2025-08-14T20:00:00Z,730,640,90,0,25.5,36,13.7,0
2025-08-14T21:00:00Z,593,514,79,0,25.2,36,12.6,0
2025-08-14T22:00:00Z,423,353,70,0,24.4,38,10.3,0
2025-08-14T23:00:00Z,238,183,55,0,23.2,42,9.1,0
2025-08-15T00:00:00Z,71,45,26,0,20.7,49,9.2,0
2025-08-15T01:00:00Z,0,0,0,0,18.1,60,9.5,0
2025-08-15T02:00:00Z,0,0,0,0,16.7,66,9.7,0
2025-08-15T03:00:00Z,0,0,0,0,14.5,74,9.6,0
2025-08-15T04:00:00Z,0,0,0,0,13.3,80,8.3,0
2025-08-15T05:00:00Z,0,0,0,0,12.4,85,7.9,0
2025-08-15T06:00:00Z,0,0,0,0,11.8,88,8,0
2025-08-15T07:00:00Z,0,0,0,0,11.6,89,8,0
2025-08-15T08:00:00Z,0,0,0,0,10.8,91,7.3,0
2025-08-15T09:00:00Z,0,0,0,0,10,93,7.3,0
2025-08-15T10:00:00Z,0,0,0,0,9.9,93,7.6,0
2025-08-15T11:00:00Z,38,23,15,0,12,86,6.7,0
2025-08-15T12:00:00Z,190,140,50,0,15.4,75,5,0
2025-08-15T13:00:00Z,374,306,68,0,18.5,64,5,0
2025-08-15T14:00:00Z,551,471,80,0,20.7,55,6.1,0
2025-08-15T15:00:00Z,701,613,88,0,22.8,47,5.8,0
2025-08-15T16:00:00Z,811,718,93,0,24.3,43,4.1,0
2025-08-15T17:00:00Z,872,777,95,0,25.2,38,2.8,0
2025-08-15T18:00:00Z,877,783,94,0,26,36,2.8,0
2025-08-15T19:00:00Z,820,728,92,1,26.7,34,2.1,0
2025-08-15T20:00:00Z,715,628,87,0,27.5,33,1.3,0
2025-08-15T21:00:00Z,583,504,79,0,27.6,32,1.5,0
2025-08-15T22:00:00Z,412,344,68,0,27,39,1.9,0
2025-08-15T23:00:00Z,229,175,54,0,25.7,46,5.2,0
2025-08-16T00:00:00Z,65,41,24,0,22.8,54,9.6,0
2025-08-16T01:00:00Z,0,0,0,0,20.4,58,11.1,0
2025-08-16T02:00:00Z,0,0,0,4,18.5,65,10.6,0
2025-08-16T03:00:00Z,0,0,0,2,17,70,9.9,0
2025-08-16T04:00:00Z,0,0,0,13,15.8,75,8.3,0
2025-08-16T05:00:00Z,0,0,0,14,15.2,78,6.2,0
2025-08-16T06:00:00Z,0,0,0,24,14.5,81,6.2,0
2025-08-16T07:00:00Z,0,0,0,35,13.7,87,7.2,0
2025-08-16T08:00:00Z,0,0,0,16,12.8,90,7.1,0
2025-08-16T09:00:00Z,0,0,0,25,12.2,92,5.7,0
2025-08-16T10:00:00Z,0,0,0,71,13.1,89,7.2,0
2025-08-16T11:00:00Z,33,18,15,77,14.4,89,4,0
2025-08-16T12:00:00Z,175,125,50,74,18.1,79,3.5,0
2025-08-16T13:00:00Z,346,271,75,23,20.9,70,3.9,0
2025-08-16T14:00:00Z,514,427,87,6,24.3,61,5,0
2025-08-16T15:00:00Z,666,579,87,3,26.8,52,6,0
2025-08-16T16:00:00Z,772,680,92,2,28.6,46,8,0
2025-08-16T17:00:00Z,832,737,95,10,30,41,9.8,0
2025-08-16T18:00:00Z,838,744,94,57,30.9,38,10.7,0
2025-08-16T19:00:00Z,594,384,210,69,31.5,36,10.3,0
2025-08-16T20:00:00Z,432,232,200,64,31.9,36,10.6,0
2025-08-16T21:00:00Z,388,220,168,68,31.9,36,9.4,0
2025-08-16T22:00:00Z,318,205,113,82,31.8,40,8.8,0
2025-08-16T23:00:00Z,123,47,76,100,30.4,43,8.6,0
2025-08-17T00:00:00Z,34,16,18,85,27.3,53,9.2,0
2025-08-17T01:00:00Z,0,0,0,18,25.2,63,10.7,0
2025-08-17T02:00:00Z,0,0,0,21,23.8,68,11.2,0
2025-08-17T03:00:00Z,0,0,0,22,22.1,79,11,0
2025-08-17T04:00:00Z,0,0,0,9,21.4,81,10.2,0
2025-08-17T05:00:00Z,0,0,0,15,20.5,84,8.9,0
2025-08-17T06:00:00Z,0,0,0,88,20.5,85,8.9,0
2025-08-17T07:00:00Z,0,0,0,99,21.2,83,9.9,0
2025-08-17T08:00:00Z,0,0,0,96,20.4,85,11.1,0
2025-08-17T09:00:00Z,0,0,0,98,20,86,11.1,0
2025-08-17T10:00:00Z,0,0,0,92,20.5,90,13.3,0.1
2025-08-17T11:00:00Z,12,2,10,98,20.1,90,17.4,0.8
2025-08-17T12:00:00Z,59,7,52,99,18.8,90,18.5,1.4
2025-08-17T13:00:00Z,64,3,61,99,17.6,91,16.3,2
2025-08-17T14:00:00Z,83,4,79,100,17,91,17.1,2.1
2025-08-17T15:00:00Z,87,5,82,100,15.8,89,15.5,1.8
2025-08-17T16:00:00Z,109,8,101,100,15.5,90,15.2,1.1
2025-08-17T17:00:00Z,189,35,154,100,16.1,83,14.7,0.3
2025-08-17T18:00:00Z,260,95,165,98,17.4,72,14,0
2025-08-17T19:00:00Z,222,88,134,80,19.1,60,14.7,0
2025-08-17T20:00:00Z,334,180,154,35,20.3,52,15.5,0
2025-08-17T21:00:00Z,400,226,174,18,21.4,45,15.5,0
2025-08-17T22:00:00Z,393,314,79,0,20.8,46,13.5,0
2025-08-17T23:00:00Z,225,167,58,0,19.7,49,12.6,0
2025-08-18T00:00:00Z,60,38,22,0,17.6,56,13.1,0
2025-08-18T01:00:00Z,0,0,0,0,15.5,65,14.6,0
2025-08-18T02:00:00Z,0,0,0,0,14.6,68,15.3,0
2025-08-18T03:00:00Z,0,0,0,0,13.6,72,14.7,0
2025-08-18T04:00:00Z,0,0,0,0,12.5,74,14.3,0
2025-08-18T05:00:00Z,0,0,0,0,11.9,74,13.7,0
2025-08-18T06:00:00Z,0,0,0,0,10.7,80,12.6,0
2025-08-18T07:00:00Z,0,0,0,60,9.8,86,11.9,0
2025-08-18T08:00:00Z,0,0,0,0,9.4,87,11.6,0
2025-08-18T09:00:00Z,0,0,0,11,8.8,88,11.9,0
2025-08-18T10:00:00Z,0,0,0,80,8.6,87,12,0
2025-08-18T11:00:00Z,30,12,18,91,9.3,87,11.7,0
2025-08-18T12:00:00Z,165,93,72,97,11.9,76,11.1,0
2025-08-18T13:00:00Z,349,250,99,100,14.1,59,10.7,0
2025-08-18T14:00:00Z,525,404,121,98,16.1,51,9.7,0
2025-08-18T15:00:00Z,671,547,124,92,17.3,48,8.4,0
2025-08-18T16:00:00Z,788,659,129,46,18.1,46,6.9,0
2025-08-18T17:00:00Z,858,734,124,42,19.1,44,5.9,0
2025-08-18T18:00:00Z,862,734,128,60,20,42,5.6,0
2025-08-18T19:00:00Z,792,640,152,40,20.4,41,5.3,0
2025-08-18T20:00:00Z,707,593,114,38,20.9,40,5.1,0
2025-08-18T21:00:00Z,560,449,111,89,20.9,41,5,0
2025-08-18T22:00:00Z,290,120,170,100,19.9,47,4.2,0
2025-08-18T23:00:00Z,136,27,109,100,19.1,52,3.8,0
2025-08-19T00:00:00Z,42,13,29,99,16.7,70,2.7,0
2025-08-19T01:00:00Z,0,0,0,100,15.1,75,3.1,0
2025-08-19T02:00:00Z,0,0,0,100,14.1,78,3.5,0
2025-08-19T03:00:00Z,0,0,0,95,13.9,77,4.4,0
2025-08-19T04:00:00Z,0,0,0,94,13,84,4.8,0
2025-08-19T05:00:00Z,0,0,0,99,11.7,91,6.3,0
2025-08-19T06:00:00Z,0,0,0,99,11.9,91,6.8,0
2025-08-19T07:00:00Z,0,0,0,97,12,89,6.1,0
2025-08-19T08:00:00Z,0,0,0,96,11.9,87,8.1,0
2025-08-19T09:00:00Z,0,0,0,96,11.7,86,9.4,0
2025-08-19T10:00:00Z,0,0,0,98,10.9,82,10.3,0
2025-08-19T11:00:00Z,22,3,19,100,11.3,80,11.4,0
2025-08-19T12:00:00Z,109,22,87,100,13,77,9.2,0
2025-08-19T13:00:00Z,255,86,169,100,14.9,72,10.8,0
2025-08-19T14:00:00Z,355,149,206,100,17.1,63,12.3,0
2025-08-19T15:00:00Z,519,258,261,100,19,56,13.9,0
2025-08-19T16:00:00Z,730,560,170,100,20.3,51,11.9,0
2025-08-19T17:00:00Z,849,711,138,99,21.3,47,11.2,0
2025-08-19T18:00:00Z,846,705,141,98,21.7,46,10.4,0
2025-08-19T19:00:00Z,608,328,280,100,21.9,47,9.6,0.2
2025-08-19T20:00:00Z,171,19,152,100,21.8,48,10.8,0
2025-08-19T21:00:00Z,68,0,68,100,21.3,50,8.4,0.1
2025-08-19T22:00:00Z,46,0,46,100,18.8,65,6.9,0.2
2025-08-19T23:00:00Z,32,0,32,70,18.2,68,6.8,0
2025-08-20T00:00:00Z,5,0,5,79,17.6,68,7.8,0
2025-08-20T01:00:00Z,0,0,0,80,17.2,68,8.4,0
2025-08-20T02:00:00Z,0,0,0,98,16.9,69,9.6,0
2025-08-20T03:00:00Z,0,0,0,100,16.5,70,8.1,0
2025-08-20T04:00:00Z,0,0,0,100,16.3,71,9,0
2025-08-20T05:00:00Z,0,0,0,100,16.3,71,10.9,0
2025-08-20T06:00:00Z,0,0,0,100,16.6,72,11.5,0
2025-08-20T07:00:00Z,0,0,0,100,16.1,75,11.2,0.1
2025-08-20T08:00:00Z,0,0,0,100,15.9,77,11.3,0
2025-08-20T09:00:00Z,0,0,0,100,15.6,78,10.9,0
2025-08-20T10:00:00Z,0,0,0,100,15.5,79,8.3,0
2025-08-20T11:00:00Z,5,0,5,100,15.4,80,8.5,0
2025-08-20T12:00:00Z,44,1,43,100,15.5,80,8.3,0
2025-08-20T13:00:00Z,116,30,86,100,16.1,78,8.1,0
2025-08-20T14:00:00Z,268,144,124,100,17.4,75,7.8,0
2025-08-20T15:00:00Z,320,169,151,100,18.8,72,8.1,0
2025-08-20T16:00:00Z,360,195,165,99,20.2,67,7.8,0
2025-08-20T17:00:00Z,444,228,216,88,21.6,63,7.8,0
2025-08-20T18:00:00Z,331,109,222,54,22,61,8,0.1
2025-08-20T19:00:00Z,599,420,179,79,22.1,63,9.1,0
2025-08-20T20:00:00Z,446,292,154,100,22.3,61,7.7,0
2025-08-20T21:00:00Z,189,43,146,95,22.2,64,6.3,0
2025-08-20T22:00:00Z,162,39,123,79,22.2,61,5.1,0
2025-08-20T23:00:00Z,85,17,68,70,21.5,65,5.3,0
2025-08-21T00:00:00Z,26,6,20,38,20.1,72,5.4,0
2025-08-21T01:00:00Z,0,0,0,29,18.5,79,7.3,0
2025-08-21T02:00:00Z,0,0,0,34,17.2,83,7.5,0
2025-08-21T03:00:00Z,0,0,0,27,16.2,87,6.9,0
2025-08-21T04:00:00Z,0,0,0,29,15.2,91,5.6,0
2025-08-21T05:00:00Z,0,0,0,33,14,95,5.6,0
2025-08-21T06:00:00Z,0,0,0,32,12.6,98,5.4,0
2025-08-21T07:00:00Z,0,0,0,23,12,99,5.4,0
2025-08-21T08:00:00Z,0,0,0,22,11.5,100,5.9,0
2025-08-21T09:00:00Z,0,0,0,19,11,100,6.1,0
2025-08-21T10:00:00Z,0,0,0,27,10.9,97,6,0
2025-08-21T11:00:00Z,23,12,11,23,12,95,5.6,0
2025-08-21T12:00:00Z,136,84,52,18,14.8,87,4.1,0
2025-08-21T13:00:00Z,283,203,80,18,17.5,75,4.6,0
2025-08-21T14:00:00Z,445,338,107,16,19.9,60,5.5,0
2025-08-21T15:00:00Z,563,437,126,19,22,53,5.5,0
2025-08-21T16:00:00Z,650,480,170,16,23.2,52,5.8,0
2025-08-21T17:00:00Z,747,588,159,72,24.4,50,8.7,0
2025-08-21T18:00:00Z,813,680,133,100,25.4,46,7.1,0
2025-08-21T19:00:00Z,361,92,269,94,26.3,42,5.6,0
2025-08-21T20:00:00Z,368,143,225,94,26.3,41,4.5,0
2025-08-21T21:00:00Z,355,190,165,65,26.4,41,4,0
2025-08-21T22:00:00Z,267,150,117,77,25.4,45,3.7,0
2025-08-21T23:00:00Z,131,61,70,74,24.8,46,1.9,0
2025-08-22T00:00:00Z,29,14,15,66,21.2,65,2.5,0
2025-08-22T01:00:00Z,0,0,0,39,18.5,75,3.9,0
2025-08-22T02:00:00Z,0,0,0,4,16.5,82,5.5,0
2025-08-22T03:00:00Z,0,0,0,6,15.1,87,6.1,0
2025-08-22T04:00:00Z,0,0,0,0,14.3,90,5.8,0
2025-08-22T05:00:00Z,0,0,0,0,13.8,93,5.4,0
2025-08-22T06:00:00Z,0,0,0,1,12.9,96,5.6,0
2025-08-22T07:00:00Z,0,0,0,2,12.4,98,5.1,0
2025-08-22T08:00:00Z,0,0,0,0,11.8,100,6,0
2025-08-22T09:00:00Z,0,0,0,57,11.6,100,5.9,0
2025-08-22T10:00:00Z,0,0,0,100,10.9,100,2.8,0
2025-08-22T11:00:00Z,18,4,14,100,12.4,99,2.2,0
2025-08-22T12:00:00Z,113,38,75,100,15.2,94,1.7,0
2025-08-22T13:00:00Z,293,174,119,30,17.9,90,1.6,0
2025-08-22T14:00:00Z,466,339,127,2,21.8,73,3.2,0
2025-08-22T15:00:00Z,657,571,86,1,24.5,58,4.8,0
2025-08-22T16:00:00Z,764,673,91,47,26.3,49,5.8,0
2025-08-22T17:00:00Z,831,741,90,33,27.1,45,6.2,0
2025-08-22T18:00:00Z,782,654,128,42,27.9,41,7.2,0
2025-08-22T19:00:00Z,562,352,210,63,28.4,38,8.2,0
2025-08-22T20:00:00Z,465,238,227,32,28.1,39,8.1,0
2025-08-22T21:00:00Z,409,218,191,40,28,40,7.7,0
2025-08-22T22:00:00Z,330,254,76,76,27.4,43,6.7,0
2025-08-22T23:00:00Z,101,28,73,82,26.4,45,7.3,0
2025-08-23T00:00:00Z,23,9,14,54,24.1,56,9.7,0
2025-08-23T01:00:00Z,0,0,0,1,22.3,61,12.2,0
2025-08-23T02:00:00Z,0,0,0,2,21.1,65,13.7,0
2025-08-23T03:00:00Z,0,0,0,8,20,69,12.5,0
2025-08-23T04:00:00Z,0,0,0,81,19.3,72,10.6,0
2025-08-23T05:00:00Z,0,0,0,100,18.3,76,10.1,0
2025-08-23T06:00:00Z,0,0,0,85,17.5,78,8.9,0
2025-08-23T07:00:00Z,0,0,0,87,16.9,81,8,0
2025-08-23T08:00:00Z,0,0,0,79,16.6,82,7.7,0
2025-08-23T09:00:00Z,0,0,0,58,16.1,85,8.3,0
2025-08-23T10:00:00Z,0,0,0,59,15.5,88,8.6,0
2025-08-23T11:00:00Z,21,9,12,82,16.1,89,9.8,0
2025-08-23T12:00:00Z,125,53,72,88,18.2,84,9,0
2025-08-23T13:00:00Z,270,159,111,92,20.4,77,9.4,0
2025-08-23T14:00:00Z,438,287,151,99,22.5,69,11,0
2025-08-23T15:00:00Z,570,385,185,99,24.2,62,12.6,0
2025-08-23T16:00:00Z,662,450,212,94,25.7,55,14.2,0
2025-08-23T17:00:00Z,710,431,279,99,27,51,16.9,0
2025-08-23T18:00:00Z,612,303,309,100,27.6,52,18.2,0
2025-08-23T19:00:00Z,479,200,279,100,27.1,54,19.4,0
2025-08-23T20:00:00Z,257,17,240,100,26.7,56,16.6,0
2025-08-23T21:00:00Z,195,7,188,100,26.2,59,16.9,0
2025-08-23T22:00:00Z,110,0,110,100,25.8,60,15.5,0
2025-08-23T23:00:00Z,86,12,74,100,25.2,63,15.3,0
2025-08-24T00:00:00Z,19,0,19,98,24.4,67,15.2,0
2025-08-24T01:00:00Z,0,0,0,99,24,69,15.4,0.1
2025-08-24T02:00:00Z,0,0,0,100,23.2,73,15.2,0
2025-08-24T03:00:00Z,0,0,0,100,21.7,83,14.2,0
2025-08-24T04:00:00Z,0,0,0,100,21,87,13.9,0.2
2025-08-24T05:00:00Z,0,0,0,100,20.5,90,13.9,0.5
2025-08-24T06:00:00Z,0,0,0,99,19.8,92,14.2,1.1
2025-08-24T07:00:00Z,0,0,0,100,19.7,93,14.1,1.6
2025-08-24T08:00:00Z,0,0,0,99,19,95,14.2,2.2
2025-08-24T09:00:00Z,0,0,0,100,18.4,98,14.9,1
2025-08-24T10:00:00Z,0,0,0,96,18.9,96,12.3,0.5
2025-08-24T11:00:00Z,3,0,3,85,18.6,97,11.9,0.6
2025-08-24T12:00:00Z,44,9,35,49,19.4,95,10.9,0.2
2025-08-24T13:00:00Z,210,118,92,30,20.6,87,11.8,0.1
2025-08-24T14:00:00Z,372,259,113,24,22,73,12.1,0
2025-08-24T15:00:00Z,509,394,115,6,23.4,58,12,0
2025-08-24T16:00:00Z,702,595,107,3,24.7,51,11.5,0
2025-08-24T17:00:00Z,801,696,105,4,25.5,45,12.3,0
2025-08-24T18:00:00Z,753,639,114,8,26.6,40,12.4,0
2025-08-24T19:00:00Z,741,620,121,34,26.9,39,13.9,0
2025-08-24T20:00:00Z,507,329,178,63,27.1,38,14.9,0
2025-08-24T21:00:00Z,310,152,158,79,26.5,40,12,0
2025-08-24T22:00:00Z,210,111,99,65,25.8,47,6.6,0
2025-08-24T23:00:00Z,106,48,58,59,24.8,52,2.7,0
2025-08-25T00:00:00Z,20,9,11,52,22.1,67,7.1,0
2025-08-25T01:00:00Z,0,0,0,38,21.2,69,10.3,0
2025-08-25T02:00:00Z,0,0,0,40,20.2,72,10.7,0
2025-08-25T03:00:00Z,0,0,0,47,19.6,73,10.5,0
2025-08-25T04:00:00Z,0,0,0,38,19,71,9.9,0
2025-08-25T05:00:00Z,0,0,0,36,17.9,74,9.6,0
2025-08-25T06:00:00Z,0,0,0,30,17.2,78,8.4,0
2025-08-25T07:00:00Z,0,0,0,18,16.4,81,7.5,0
2025-08-25T08:00:00Z,0,0,0,13,15.9,82,7.9,0
2025-08-25T09:00:00Z,0,0,0,16,15.2,85,8.8,0
2025-08-25T10:00:00Z,0,0,0,13,14.6,88,8.3,0
2025-08-25T11:00:00Z,18,8,10,16,14.9,87,9.3,0
2025-08-25T12:00:00Z,138,89,49,28,16.9,81,8.9,0
2025-08-25T13:00:00Z,309,221,88,16,18.6,74,10,0
2025-08-25T14:00:00Z,445,342,103,11,20.1,63,10.3,0
2025-08-25T15:00:00Z,607,499,108,16,21.8,53,12.6,0
2025-08-25T16:00:00Z,649,546,103,37,22.7,47,15.9,0
2025-08-25T17:00:00Z,773,679,94,53,23.3,43,17.6,0
2025-08-25T18:00:00Z,602,461,141,46,23.6,42,17.4,0
2025-08-25T19:00:00Z,570,385,185,42,23.7,43,18.9,0
2025-08-25T20:00:00Z,453,320,133,50,23.9,42,18,0
2025-08-25T21:00:00Z,369,269,100,47,22.7,45,16.6,0.2
2025-08-25T22:00:00Z,261,178,83,61,21.9,49,10.4,0
2025-08-25T23:00:00Z,119,68,51,85,19.4,61,12.9,0.3
2025-08-26T00:00:00Z,15,6,9,64,17.8,70,13.8,0.1
2025-08-26T01:00:00Z,0,0,0,13,17.1,73,12.8,0
2025-08-26T02:00:00Z,0,0,0,17,16.3,74,12.2,0.1
2025-08-26T03:00:00Z,0,0,0,42,15.9,75,11.5,0
2025-08-26T04:00:00Z,0,0,0,63,15.1,78,11,0
2025-08-26T05:00:00Z,0,0,0,88,14.8,79,10.6,0.1
2025-08-26T06:00:00Z,0,0,0,87,14.8,79,9.7,0
2025-08-26T07:00:00Z,0,0,0,89,14.5,79,10.1,0
2025-08-26T08:00:00Z,0,0,0,88,14.2,78,11,0
2025-08-26T09:00:00Z,0,0,0,95,13.9,77,11.9,0
2025-08-26T10:00:00Z,0,0,0,87,13.5,78,12.5,0
2025-08-26T11:00:00Z,7,1,6,90,13.5,78,12.7,0
2025-08-26T12:00:00Z,62,19,43,95,13.9,77,13.1,0
2025-08-26T13:00:00Z,113,15,98,98,14.6,72,16,0
2025-08-26T14:00:00Z,202,55,147,100,15.5,68,15.8,0.1
2025-08-26T15:00:00Z,325,129,196,100,16.8,62,16,0.1
2025-08-26T16:00:00Z,317,130,187,100,16.9,63,16,0.1
2025-08-26T17:00:00Z,349,100,249,83,17.7,63,15.2,0.1
2025-08-26T18:00:00Z,465,269,196,74,18.8,60,14.2,0.1
2025-08-26T19:00:00Z,390,206,184,71,19.4,58,13.3,0
2025-08-26T20:00:00Z,375,214,161,62,19,59,12.9,0
2025-08-26T21:00:00Z,231,79,152,49,19,58,12.4,0
2025-08-26T22:00:00Z,142,46,96,51,18.3,61,12.1,0
2025-08-26T23:00:00Z,95,45,50,53,17.9,62,10.2,0
2025-08-27T00:00:00Z,19,9,10,47,16.5,69,9.3,0
2025-08-27T01:00:00Z,0,0,0,46,15.3,75,9.2,0
2025-08-27T02:00:00Z,0,0,0,42,15,77,9.3,0
2025-08-27T03:00:00Z,0,0,0,52,14.1,82,10.4,0
2025-08-27T04:00:00Z,0,0,0,45,13.6,83,11.3,0
2025-08-27T05:00:00Z,0,0,0,38,12.9,84,11.4,0
2025-08-27T06:00:00Z,0,0,0,37,11.9,86,10,0
2025-08-27T07:00:00Z,0,0,0,33,11,88,9,0
2025-08-27T08:00:00Z,0,0,0,34,10.2,91,8.9,0
2025-08-27T09:00:00Z,0,0,0,45,9.6,93,9.3,0
2025-08-27T10:00:00Z,0,0,0,79,9.9,91,6.7,0
2025-08-27T11:00:00Z,13,6,7,98,10.3,92,7.2,0
2025-08-27T12:00:00Z,116,74,42,99,12.1,86,6.7,0
2025-08-27T13:00:00Z,256,151,105,91,14.2,79,6.8,0
2025-08-27T14:00:00Z,471,370,101,82,16.5,64,7.2,0.1
2025-08-27T15:00:00Z,510,389,121,40,18.4,52,8,0
2025-08-27T16:00:00Z,611,478,133,52,19.3,45,12.2,0
2025-08-27T17:00:00Z,554,315,239,52,19.7,43,13.3,0
2025-08-27T18:00:00Z,342,77,265,57,19.7,44,12.9,0
2025-08-27T19:00:00Z,427,235,192,39,19.8,45,12,0
2025-08-27T20:00:00Z,483,323,160,48,20.5,43,9.7,0
2025-08-27T21:00:00Z,361,236,125,91,20.8,41,7.2,0
2025-08-27T22:00:00Z,254,161,93,94,20.6,41,7.6,0
2025-08-27T23:00:00Z,121,53,68,97,19.3,48,3.8,0
2025-08-28T00:00:00Z,22,6,16,97,16.4,59,5.2,0
2025-08-28T01:00:00Z,0,0,0,92,14.5,64,6.7,0
2025-08-28T02:00:00Z,0,0,0,96,13.8,68,7.3,0
2025-08-28T03:00:00Z,0,0,0,95,13.3,69,7.5,0
2025-08-28T04:00:00Z,0,0,0,99,13.2,70,7.8,0
2025-08-28T05:00:00Z,0,0,0,99,12.7,75,9,0
2025-08-28T06:00:00Z,0,0,0,100,12.7,78,9.6,0
2025-08-28T07:00:00Z,0,0,0,100,12.9,77,6.2,0.1
2025-08-28T08:00:00Z,0,0,0,100,12.4,80,4.6,0.4
2025-08-28T09:00:00Z,0,0,0,100,12,87,9.7,0.8
2025-08-28T10:00:00Z,0,0,0,100,12,91,11.3,1.2
2025-08-28T11:00:00Z,5,0,5,98,12.6,93,12.6,1.3
2025-08-28T12:00:00Z,17,0,17,99,13.4,94,12.7,1.6
2025-08-28T13:00:00Z,45,0,45,99,14,94,12.3,1.5
2025-08-28T14:00:00Z,62,0,62,100,14.7,94,13,1.8
2025-08-28T15:00:00Z,108,3,105,100,15.7,93,13.4,1.2
2025-08-28T16:00:00Z,168,3,165,100,16.9,92,11.3,1
2025-08-28T17:00:00Z,182,6,176,100,17.5,89,9,1.1
2025-08-28T18:00:00Z,157,37,120,100,17.1,88,6.6,1.6
2025-08-28T19:00:00Z,102,0,102,100,16.7,90,11.6,2.6
2025-08-28T20:00:00Z,170,9,161,100,16,95,11.8,3.1
2025-08-28T21:00:00Z,93,0,93,100,15.6,97,11.2,1.8
2025-08-28T22:00:00Z,60,1,59,100,14.9,98,11.3,2.4
2025-08-28T23:00:00Z,25,0,25,100,14.7,99,9.5,1.3
2025-08-29T00:00:00Z,5,0,5,100,14.7,100,8.8,0.4
2025-08-29T01:00:00Z,0,0,0,100,14.4,100,9.2,0.1
2025-08-29T02:00:00Z,0,0,0,100,14,100,8.8,0
2025-08-29T03:00:00Z,0,0,0,100,13.6,99,10.4,0
2025-08-29T04:00:00Z,0,0,0,100,13.3,99,12,0
2025-08-29T05:00:00Z,0,0,0,99,13.2,99,13.2,0
2025-08-29T06:00:00Z,0,0,0,100,12.8,99,13.4,0
2025-08-29T07:00:00Z,0,0,0,99,12.7,97,13.3,0
2025-08-29T08:00:00Z,0,0,0,92,12.4,96,13.4,0
2025-08-29T09:00:00Z,0,0,0,100,12.2,96,13.4,0
2025-08-29T10:00:00Z,0,0,0,93,11.9,97,11.9,0
2025-08-29T11:00:00Z,11,3,8,68,11.9,96,12.2,0
2025-08-29T12:00:00Z,99,39,60,67,12.8,91,15.1,0
2025-08-29T13:00:00Z,274,183,91,64,13.6,85,13.8,0
2025-08-29T14:00:00Z,377,235,142,51,14.5,76,12.3,0.1
2025-08-29T15:00:00Z,495,352,143,58,15.3,70,11.3,0.1
2025-08-29T16:00:00Z,589,411,178,75,16.5,67,11,0.1
2025-08-29T17:00:00Z,538,335,203,89,17,65,10.9,0.1
2025-08-29T18:00:00Z,592,405,187,57,17.4,65,11.7,0.2
2025-08-29T19:00:00Z,452,276,176,59,17.7,64,12,1
2025-08-29T20:00:00Z,532,400,132,41,17.5,65,14,0.1
2025-08-29T21:00:00Z,443,325,118,32,17.5,67,14,0.1
2025-08-29T22:00:00Z,283,206,77,65,16.4,76,7.4,1.4
2025-08-29T23:00:00Z,120,67,53,48,15.8,79,8.9,0
2025-08-30T00:00:00Z,17,7,10,44,14.1,85,7.8,0.5
2025-08-30T01:00:00Z,0,0,0,32,13.2,89,9.5,0
2025-08-30T02:00:00Z,0,0,0,29,12.7,91,10.1,0
2025-08-30T03:00:00Z,0,0,0,13,11.6,93,10.6,0
2025-08-30T04:00:00Z,0,0,0,8,11.2,92,11.8,0
2025-08-30T05:00:00Z,0,0,0,33,10.6,93,12.7,0
2025-08-30T06:00:00Z,0,0,0,45,10.3,93,12.8,0
2025-08-30T07:00:00Z,0,0,0,89,10.4,92,12.7,0
2025-08-30T08:00:00Z,0,0,0,97,10.4,91,13.1,0
2025-08-30T09:00:00Z,0,0,0,99,10.4,90,13.8,0.1
2025-08-30T10:00:00Z,0,0,0,99,10.6,89,15.2,0.3
2025-08-30T11:00:00Z,5,0,5,99,10.4,90,15.8,0.5
2025-08-30T12:00:00Z,34,0,34,96,10.7,91,16.8,0.4
2025-08-30T13:00:00Z,54,0,54,99,11.3,91,16.1,0.4
2025-08-30T14:00:00Z,117,7,110,97,12.6,91,19.2,0
2025-08-30T15:00:00Z,216,46,170,100,14.4,81,21.1,0
2025-08-30T16:00:00Z,354,111,243,95,16.3,73,19.6,0
2025-08-30T17:00:00Z,450,228,222,89,17,68,19.2,0.2
2025-08-30T18:00:00Z,397,217,180,93,18,63,19.5,0.1
2025-08-30T19:00:00Z,238,26,212,92,18.8,61,17.1,0.1
2025-08-30T20:00:00Z,327,140,187,80,19.1,59,16.2,0
2025-08-30T21:00:00Z,241,114,127,70,19,59,14.8,0
2025-08-30T22:00:00Z,178,77,101,47,18.7,62,12.4,0
2025-08-30T23:00:00Z,97,33,64,33,18.1,63,9.2,0
2025-08-31T00:00:00Z,20,10,10,32,15.1,77,8.3,0
2025-08-31T01:00:00Z,0,0,0,36,13.4,85,8.5,0
2025-08-31T02:00:00Z,0,0,0,37,12.8,86,8,0
2025-08-31T03:00:00Z,0,0,0,27,12.1,88,8.3,0
2025-08-31T04:00:00Z,0,0,0,10,11.5,88,8.5,0
2025-08-31T05:00:00Z,0,0,0,3,10.8,89,8.5,0
2025-08-31T06:00:00Z,0,0,0,0,10.3,89,8.4,0
2025-08-31T07:00:00Z,0,0,0,0,10,89,8.6,0
2025-08-31T08:00:00Z,0,0,0,0,9.4,90,9.4,0
2025-08-31T09:00:00Z,0,0,0,0,9,92,9.9,0
2025-08-31T10:00:00Z,0,0,0,10,8.8,94,10.8,0
2025-08-31T11:00:00Z,13,6,7,22,8.9,95,11.2,0
2025-08-31T12:00:00Z,135,90,45,0,11.8,89,9.9,0
2025-08-31T13:00:00Z,316,252,64,0,14.6,81,8.3,0
2025-08-31T14:00:00Z,491,415,76,2,17.9,72,6.2,0
2025-08-31T15:00:00Z,637,553,84,5,20.3,64,5,0
2025-08-31T16:00:00Z,737,644,93,3,22,56,4.5,0
2025-08-31T17:00:00Z,795,692,103,2,23.1,51,5.2,0
2025-08-31T18:00:00Z,772,667,105,18,23.8,49,5.8,0
2025-08-31T19:00:00Z,754,661,93,92,24.3,46,6,0
2025-08-31T20:00:00Z,436,311,125,85,24.7,44,6.7,0
2025-08-31T21:00:00Z,392,241,151,69,24.4,45,6.6,0
2025-08-31T22:00:00Z,285,218,67,74,23.7,48,3.9,0
2025-08-31T23:00:00Z,130,83,47,27,21.9,56,4.5,0
2025-09-01T00:00:00Z,17,9,8,14,18.1,72,5.2,0
2025-09-01T01:00:00Z,0,0,0,9,16,80,5.4,0
2025-09-01T02:00:00Z,0,0,0,5,14.4,86,7.9,0
2025-09-01T03:00:00Z,0,0,0,13,13.5,88,6.6,0
2025-09-01T04:00:00Z,0,0,0,17,12.1,92,4.3,0
2025-09-01T05:00:00Z,0,0,0,22,11,95,3,0
2025-09-01T06:00:00Z,0,0,0,21,10.6,95,3.4,0
2025-09-01T07:00:00Z,0,0,0,16,10.6,97,4,0
2025-09-01T08:00:00Z,0,0,0,20,10.2,99,5.4,0
2025-09-01T09:00:00Z,0,0,0,69,9.7,99,5.9,0
2025-09-01T10:00:00Z,0,0,0,77,9.1,99,5,0
2025-09-01T11:00:00Z,9,2,7,70,9.7,99,6.1,0
2025-09-01T12:00:00Z,98,47,51,28,13.4,94,5.4,0
2025-09-01T13:00:00Z,245,146,99,34,17.1,80,3.1,0
2025-09-01T14:00:00Z,367,247,120,31,20.6,65,2.1,0
2025-09-01T15:00:00Z,525,394,131,15,23.1,52,1,0
2025-09-01T16:00:00Z,606,414,192,14,24.4,48,0.9,0
2025-09-01T17:00:00Z,686,477,209,25,25.1,47,1.7,0
2025-09-01T18:00:00Z,734,582,152,31,26,45,2.2,0
2025-09-01T19:00:00Z,520,362,158,76,26.3,43,2,0
2025-09-01T20:00:00Z,490,366,124,74,25.9,46,1.7,0
2025-09-01T21:00:00Z,345,244,101,37,25.8,48,1.7,0
2025-09-01T22:00:00Z,223,133,90,100,24.6,51,4.5,0
2025-09-01T23:00:00Z,124,63,61,100,22.4,71,6.4,0
2025-09-02T00:00:00Z,13,2,11,100,19.2,79,6.7,0
2025-09-02T01:00:00Z,0,0,0,100,17,89,6.2,0
2025-09-02T02:00:00Z,0,0,0,100,16,93,5.2,0
2025-09-02T03:00:00Z,0,0,0,100,15,95,7.3,0
2025-09-02T04:00:00Z,0,0,0,100,14.8,94,7,0
2025-09-02T05:00:00Z,0,0,0,100,15.2,92,6.5,0
2025-09-02T06:00:00Z,0,0,0,100,14.6,93,5.4,0
2025-09-02T07:00:00Z,0,0,0,100,14.4,93,4.2,0
2025-09-02T08:00:00Z,0,0,0,100,14.6,92,2.8,0
2025-09-02T09:00:00Z,0,0,0,99,14.1,93,1.3,0
2025-09-02T10:00:00Z,0,0,0,89,14.4,91,0.9,0
2025-09-02T11:00:00Z,8,1,7,47,14,91,2.7,0
2025-09-02T12:00:00Z,96,35,61,84,15,94,2.5,0
2025-09-02T13:00:00Z,249,151,98,88,17.6,85,3.2,0
2025-09-02T14:00:00Z,431,327,104,87,20.4,70,4.4,0
2025-09-02T15:00:00Z,606,485,121,86,22.8,59,5.4,0
2025-09-02T16:00:00Z,631,480,151,73,24.2,52,6.2,0
2025-09-02T17:00:00Z,505,346,159,32,24.8,49,6.7,0
2025-09-02T18:00:00Z,561,386,175,31,25.1,48,7.6,0
2025-09-02T19:00:00Z,613,491,122,26,25.1,48,8.3,0
2025-09-02T20:00:00Z,525,403,122,24,25.3,47,7.7,0
2025-09-02T21:00:00Z,427,341,86,28,25.1,47,4.8,0.2
2025-09-02T22:00:00Z,253,181,72,60,22.6,63,6.9,0.3
2025-09-02T23:00:00Z,86,36,50,42,20.3,72,5.1,0.2
2025-09-03T00:00:00Z,12,5,7,9,18.2,75,6.4,0
2025-09-03T01:00:00Z,0,0,0,17,17.3,80,6.6,0
2025-09-03T02:00:00Z,0,0,0,1,16,86,7,0
2025-09-03T03:00:00Z,0,0,0,18,13.4,93,7.8,0
2025-09-03T04:00:00Z,0,0,0,28,12.6,93,8.4,0
2025-09-03T05:00:00Z,0,0,0,29,12.2,92,8.6,0
2025-09-03T06:00:00Z,0,0,0,51,11.9,93,8.6,0
2025-09-03T07:00:00Z,0,0,0,47,11.2,95,8.3,0
2025-09-03T08:00:00Z,0,0,0,9,11,96,8,0
2025-09-03T09:00:00Z,0,0,0,7,10.4,97,7.5,0
2025-09-03T10:00:00Z,0,0,0,43,11.7,96,5.9,0
2025-09-03T11:00:00Z,9,4,5,28,11,98,5.7,0
2025-09-03T12:00:00Z,122,79,43,45,14,93,4.8,0
2025-09-03T13:00:00Z,299,232,67,66,17,84,4.8,0
2025-09-03T14:00:00Z,466,384,82,65,19.9,72,6.3,0
2025-09-03T15:00:00Z,620,533,87,45,22.5,60,8.2,0
2025-09-03T16:00:00Z,728,639,89,37,24.1,51,10.1,0
2025-09-03T17:00:00Z,587,401,186,38,24.8,45,12.1,0
2025-09-03T18:00:00Z,495,340,155,49,25.2,44,13.9,0
2025-09-03T19:00:00Z,559,438,121,40,26,41,14.9,0
2025-09-03T20:00:00Z,392,222,170,47,26,41,13.4,0
2025-09-03T21:00:00Z,304,201,103,39,25.8,42,12.6,0
2025-09-03T22:00:00Z,256,182,74,31,24.6,45,13,0
2025-09-03T23:00:00Z,119,81,38,29,23,48,12.8,0
2025-09-04T00:00:00Z,12,5,7,24,20.7,56,13.1,0
2025-09-04T01:00:00Z,0,0,0,24,18.8,65,12.6,0
2025-09-04T02:00:00Z,0,0,0,19,17.5,72,12.1,0
2025-09-04T03:00:00Z,0,0,0,22,16.7,76,12.4,0
2025-09-04T04:00:00Z,0,0,0,66,16.3,77,13.1,0
2025-09-04T05:00:00Z,0,0,0,95,15.9,77,13.9,0
2025-09-04T06:00:00Z,0,0,0,78,15.8,75,14.6,0
2025-09-04T07:00:00Z,0,0,0,80,15.7,75,14.3,0
2025-09-04T08:00:00Z,0,0,0,96,15.6,75,14.1,0
2025-09-04T09:00:00Z,0,0,0,90,15.6,74,14.1,0
2025-09-04T10:00:00Z,0,0,0,82,15.9,74,14.3,0
2025-09-04T11:00:00Z,6,1,5,91,16.3,74,13.8,0
2025-09-04T12:00:00Z,70,23,47,66,17.6,71,13.8,0
2025-09-04T13:00:00Z,205,90,115,38,19.3,67,14.4,0
2025-09-04T14:00:00Z,430,307,123,74,21,60,16.7,0
2025-09-04T15:00:00Z,514,362,152,86,22.1,59,17.3,0
2025-09-04T16:00:00Z,655,503,152,100,23.3,56,19.8,0
2025-09-04T17:00:00Z,647,463,184,94,24.5,53,22,0
2025-09-04T18:00:00Z,662,520,142,98,23.8,56,20.9,0
2025-09-04T19:00:00Z,208,52,156,100,19.9,80,17,0.8
2025-09-04T20:00:00Z,86,0,86,100,18.9,88,17.5,3.7
2025-09-04T21:00:00Z,35,0,35,100,17.8,93,16.6,2.1
2025-09-04T22:00:00Z,86,4,82,100,13.4,96,7.7,0.2
2025-09-04T23:00:00Z,51,7,44,96,13.2,96,10.7,0
2025-09-05T00:00:00Z,7,0,7,92,12.4,97,10,0
2025-09-05T01:00:00Z,0,0,0,97,11.9,95,7.5,0
2025-09-05T02:00:00Z,0,0,0,88,11.9,92,4.5,0
2025-09-05T03:00:00Z,0,0,0,23,10,100,4.8,0
2025-09-05T04:00:00Z,0,0,0,10,9.4,100,3.8,0
2025-09-05T05:00:00Z,0,0,0,28,9,99,5.6,0
2025-09-05T06:00:00Z,0,0,0,21,8.8,100,4.4,0
2025-09-05T07:00:00Z,0,0,0,33,8.7,100,6,0
2025-09-05T08:00:00Z,0,0,0,44,8.7,100,6.9,0
2025-09-05T09:00:00Z,0,0,0,54,8.2,100,8.6,0
2025-09-05T10:00:00Z,0,0,0,84,9.1,100,9.1,0
2025-09-05T11:00:00Z,5,2,3,58,9.1,100,9.5,0
2025-09-05T12:00:00Z,106,63,43,87,11.4,97,9.5,0
2025-09-05T13:00:00Z,251,171,80,95,13.4,91,12.4,0
2025-09-05T14:00:00Z,373,211,162,61,15.9,83,14.3,0
2025-09-05T15:00:00Z,505,340,165,45,17.9,71,17.8,0
2025-09-05T16:00:00Z,604,424,180,36,19.4,63,17.9,0
2025-09-05T17:00:00Z,730,589,141,28,21.2,53,19.6,0
2025-09-05T18:00:00Z,598,404,194,98,22.2,46,25.6,0
2025-09-05T19:00:00Z,333,145,188,92,22.3,48,22.1,0
2025-09-05T20:00:00Z,388,182,206,70,22.7,51,25.4,0
2025-09-05T21:00:00Z,224,100,124,47,22.3,54,24.3,0
2025-09-05T22:00:00Z,147,78,69,95,20.9,63,26.3,0.3
2025-09-05T23:00:00Z,60,25,35,70,20.7,61,24.7,0
2025-09-06T00:00:00Z,8,3,5,48,19.9,63,23,0
2025-09-06T01:00:00Z,0,0,0,51,18.4,69,17.4,0.1
2025-09-06T02:00:00Z,0,0,0,23,17.3,75,15.5,0
2025-09-06T03:00:00Z,0,0,0,12,15.7,77,15.4,0
2025-09-06T04:00:00Z,0,0,0,11,14.2,74,13.5,0
2025-09-06T05:00:00Z,0,0,0,35,13.1,74,11.7,0
2025-09-06T06:00:00Z,0,0,0,88,12.1,76,11.5,0
2025-09-06T07:00:00Z,0,0,0,97,11.5,77,11.2,0
2025-09-06T08:00:00Z,0,0,0,100,11.1,80,11.3,0
2025-09-06T09:00:00Z,0,0,0,86,10.5,82,11.1,0
2025-09-06T10:00:00Z,0,0,0,87,10,88,8.7,0
2025-09-06T11:00:00Z,5,0,5,100,10.5,87,10.9,0
2025-09-06T12:00:00Z,42,1,41,100,11.5,88,10.6,0
2025-09-06T13:00:00Z,106,1,105,100,12.5,86,9.9,0
2025-09-06T14:00:00Z,169,7,162,100,13.5,82,11,0
2025-09-06T15:00:00Z,174,0,174,100,14.4,73,11.4,0
2025-09-06T16:00:00Z,222,7,215,100,15.1,64,13,0
2025-09-06T17:00:00Z,338,35,303,95,16.3,56,18,0
2025-09-06T18:00:00Z,478,225,253,100,17.9,49,15.7,0
2025-09-06T19:00:00Z,274,46,228,86,18.4,49,12,0
2025-09-06T20:00:00Z,356,139,217,65,18.7,50,10.7,0
2025-09-06T21:00:00Z,256,109,147,70,18.2,56,9.9,0
2025-09-06T22:00:00Z,172,76,96,67,17.8,60,8,0
2025-09-06T23:00:00Z,63,25,38,51,16.6,67,6.7,0
2025-09-07T00:00:00Z,6,3,3,53,15,77,5.8,0
2025-09-07T01:00:00Z,0,0,0,65,14.3,83,4.9,0
2025-09-07T02:00:00Z,0,0,0,64,14.5,77,3.8,0
2025-09-07T03:00:00Z,0,0,0,48,13.3,85,5.3,0
2025-09-07T04:00:00Z,0,0,0,42,12.2,90,5.4,0
2025-09-07T05:00:00Z,0,0,0,43,11.5,91,5.7,0
2025-09-07T06:00:00Z,0,0,0,46,10.8,93,6.1,0
2025-09-07T07:00:00Z,0,0,0,47,11.1,94,6.3,0
2025-09-07T08:00:00Z,0,0,0,49,11.2,95,6,0
2025-09-07T09:00:00Z,0,0,0,53,11.1,95,6.2,0
2025-09-07T10:00:00Z,0,0,0,41,11.5,93,7.8,0
2025-09-07T11:00:00Z,5,2,3,51,11.3,95,7.9,0
2025-09-07T12:00:00Z,88,45,43,52,12.6,92,8.4,0
2025-09-07T13:00:00Z,214,128,86,55,14.4,81,10.6,0
2025-09-07T14:00:00Z,344,223,121,33,15.6,70,13.6,0.2
2025-09-07T15:00:00Z,244,107,137,39,15,71,13.8,0.2
2025-09-07T16:00:00Z,387,163,224,23,15.8,61,14.2,0
2025-09-07T17:00:00Z,715,554,161,27,17.1,54,14.8,0
2025-09-07T18:00:00Z,685,533,152,26,17.6,51,16.4,0
2025-09-07T19:00:00Z,594,462,132,22,18,47,17,0
2025-09-07T20:00:00Z,505,386,119,25,18,46,16.8,0
2025-09-07T21:00:00Z,420,323,97,13,18,46,16.8,0
2025-09-07T22:00:00Z,274,210,64,72,17.1,51,12.6,0.1
2025-09-07T23:00:00Z,107,70,37,16,15.4,58,12.6,0
2025-09-08T00:00:00Z,7,2,5,20,13.2,67,10.7,0
2025-09-08T01:00:00Z,0,0,0,7,12.4,69,10,0
2025-09-08T02:00:00Z,0,0,0,5,11.8,71,10.2,0
2025-09-08T03:00:00Z,0,0,0,3,10.9,76,11.6,0
2025-09-08T04:00:00Z,0,0,0,3,10.1,81,12.1,0
2025-09-08T05:00:00Z,0,0,0,1,9.6,83,11.3,0
2025-09-08T06:00:00Z,0,0,0,0,8.7,86,10.8,0
2025-09-08T07:00:00Z,0,0,0,2,8,89,10.4,0
2025-09-08T08:00:00Z,0,0,0,2,7.5,92,9.9,0
2025-09-08T09:00:00Z,0,0,0,0,6.8,94,9,0
2025-09-08T10:00:00Z,0,0,0,1,6.3,95,6.9,0
2025-09-08T11:00:00Z,6,2,4,3,6.1,96,6.1,0
2025-09-08T12:00:00Z,113,76,37,17,8.5,92,7.4,0
2025-09-08T13:00:00Z,288,219,69,13,11,84,8.1,0
2025-09-08T14:00:00Z,468,389,79,22,13.5,74,9.7,0
2025-09-08T15:00:00Z,570,478,92,45,15.6,63,11.3,0
2025-09-08T16:00:00Z,599,434,165,69,16.3,56,12.8,0
2025-09-08T17:00:00Z,517,237,280,71,16.7,53,12.1,0
2025-09-08T18:00:00Z,432,165,267,87,17.3,51,11.5,0
2025-09-08T19:00:00Z,340,103,237,86,17.7,49,10.8,0
2025-09-08T20:00:00Z,311,106,205,91,17.8,49,9.8,0
2025-09-08T21:00:00Z,269,102,167,57,17.3,51,8.9,0
2025-09-08T22:00:00Z,204,107,97,17,16.9,54,6.2,0
2025-09-08T23:00:00Z,100,58,42,4,15.1,65,4.6,0
2025-09-09T00:00:00Z,6,2,4,0,11.7,79,3.9,0
2025-09-09T01:00:00Z,0,0,0,0,10.8,83,5.3,0
2025-09-09T02:00:00Z,0,0,0,0,9.3,88,6.2,0
2025-09-09T03:00:00Z,0,0,0,0,8.5,91,6.7,0
2025-09-09T04:00:00Z,0,0,0,0,7.9,91,6.6,0
2025-09-09T05:00:00Z,0,0,0,0,7.1,92,6.4,0
2025-09-09T06:00:00Z,0,0,0,0,6.4,91,7.1,0
2025-09-09T07:00:00Z,0,0,0,0,5.2,93,6.3,0
2025-09-09T08:00:00Z,0,0,0,0,4.7,93,5.1,0
2025-09-09T09:00:00Z,0,0,0,0,4.7,94,5.2,0
2025-09-09T10:00:00Z,0,0,0,62,4.2,96,5.6,0
2025-09-09T11:00:00Z,5,1,4,65,4.8,98,3.7,0
2025-09-09T12:00:00Z,90,44,46,69,6.6,100,2.8,0
2025-09-09T13:00:00Z,226,121,105,60,9.4,98,2.8,0
2025-09-09T14:00:00Z,399,282,117,51,12.8,87,3.5,0
2025-09-09T15:00:00Z,607,523,84,1,16.2,70,4.7,0
2025-09-09T16:00:00Z,714,624,90,20,18.3,57,5.7,0
2025-09-09T17:00:00Z,769,677,92,47,19.6,51,8.7,0
2025-09-09T18:00:00Z,769,678,91,53,20.5,48,9.5,0
2025-09-09T19:00:00Z,586,396,190,14,21.2,44,9.1,0
2025-09-09T20:00:00Z,555,416,139,0,21.6,42,7.8,0
2025-09-09T21:00:00Z,447,361,86,10,21.5,42,7.6,0
2025-09-09T22:00:00Z,283,222,61,21,20.2,51,7.7,0
2025-09-09T23:00:00Z,108,72,36,1,17.6,60,8.8,0
2025-09-10T00:00:00Z,5,2,3,6,14.2,73,9.8,0
2025-09-10T01:00:00Z,0,0,0,1,12.6,78,8.1,0
2025-09-10T02:00:00Z,0,0,0,0,11.3,82,7.4,0
2025-09-10T03:00:00Z,0,0,0,19,9.8,86,6.4,0
2025-09-10T04:00:00Z,0,0,0,24,9.5,84,6.6,0
2025-09-10T05:00:00Z,0,0,0,24,10.6,80,7.7,0
2025-09-10T06:00:00Z,0,0,0,64,9.9,85,5.2,0
2025-09-10T07:00:00Z,0,0,0,80,9.1,91,2.7,0
2025-09-10T08:00:00Z,0,0,0,89,8.3,92,1.9,0
2025-09-10T09:00:00Z,0,0,0,75,8.2,93,2.6,0
2025-09-10T10:00:00Z,0,0,0,73,7.7,94,2.7,0
2025-09-10T11:00:00Z,4,1,3,88,5.9,97,2.8,0
2025-09-10T12:00:00Z,83,34,49,87,8.6,99,3.4,0
2025-09-10T13:00:00Z,225,104,121,92,11.9,90,2.7,0
2025-09-10T14:00:00Z,416,298,118,98,15.8,74,3.2,0
2025-09-10T15:00:00Z,574,437,137,94,18.7,62,3.1,0
2025-09-10T16:00:00Z,660,468,192,98,20.3,55,2.7,0
2025-09-10T17:00:00Z,742,599,143,93,21.8,50,2.2,0
2025-09-10T18:00:00Z,737,608,129,64,22.9,46,2.2,0
2025-09-10T19:00:00Z,565,377,188,73,23.2,43,4.7,0
2025-09-10T20:00:00Z,467,319,148,65,23,45,4.3,0
2025-09-10T21:00:00Z,282,148,134,55,22.7,49,3.2,0
2025-09-10T22:00:00Z,190,83,107,62,22.1,52,4.7,0
2025-09-10T23:00:00Z,92,51,41,11,18.6,73,4.7,0
2025-09-11T00:00:00Z,3,1,2,3,15.5,84,5.4,0
2025-09-11T01:00:00Z,0,0,0,15,13.8,89,6.8,0
2025-09-11T02:00:00Z,0,0,0,15,14.3,86,5.9,0
2025-09-11T03:00:00Z,0,0,0,46,13.9,86,2.7,0
2025-09-11T04:00:00Z,0,0,0,70,13.6,86,2.2,0
2025-09-11T05:00:00Z,0,0,0,76,12.2,92,2.1,0
2025-09-11T06:00:00Z,0,0,0,81,11.4,93,5.8,0
2025-09-11T07:00:00Z,0,0,0,76,11.9,91,8,0
2025-09-11T08:00:00Z,0,0,0,76,11.4,91,9.5,0
2025-09-11T09:00:00Z,0,0,0,82,11.6,92,10.4,0
2025-09-11T10:00:00Z,0,0,0,88,11.6,94,10.8,0
2025-09-11T11:00:00Z,3,0,3,92,12.2,93,11.4,0
2025-09-11T12:00:00Z,53,14,39,82,14.4,90,11.6,0
2025-09-11T13:00:00Z,148,50,98,55,16,83,12.6,0
2025-09-11T14:00:00Z,261,106,155,38,17.6,75,12.1,0
2025-09-11T15:00:00Z,402,268,134,25,19.1,65,11.2,0
2025-09-11T16:00:00Z,633,513,120,7,20.5,58,10.5,0
2025-09-11T17:00:00Z,716,606,110,1,21.4,52,10.3,0
2025-09-11T18:00:00Z,696,597,99,2,21.7,48,11.1,0
2025-09-11T19:00:00Z,696,608,88,6,21.8,45,11.8,0
2025-09-11T20:00:00Z,542,446,96,6,21.4,45,12.3,0
2025-09-11T21:00:00Z,435,353,82,1,21,44,12.4,0
2025-09-11T22:00:00Z,280,222,58,0,19.4,50,11.9,0
2025-09-11T23:00:00Z,101,67,34,0,17.6,55,11.5,0
2025-09-12T00:00:00Z,3,1,2,0,15,63,12.2,0
2025-09-12T01:00:00Z,0,0,0,0,13.3,69,12.4,0
2025-09-12T02:00:00Z,0,0,0,0,11.9,74,11.7,0
2025-09-12T03:00:00Z,0,0,0,0,10.4,81,10.7,0
2025-09-12T04:00:00Z,0,0,0,0,9.3,85,9.9,0
2025-09-12T05:00:00Z,0,0,0,0,8.7,87,9.6,0
2025-09-12T06:00:00Z,0,0,0,0,7.7,90,9.2,0
2025-09-12T07:00:00Z,0,0,0,0,7.2,91,8,0
2025-09-12T08:00:00Z,0,0,0,0,6.8,93,6.9,0
2025-09-12T09:00:00Z,0,0,0,0,5.7,95,5.7,0
2025-09-12T10:00:00Z,0,0,0,0,4.4,98,5.3,0
2025-09-12T11:00:00Z,3,1,2,32,4.3,99,5.1,0
2025-09-12T12:00:00Z,101,65,36,93,8.2,93,4.8,0
2025-09-12T13:00:00Z,276,209,67,11,11.4,79,3.6,0
2025-09-12T14:00:00Z,453,370,83,0,14.4,66,3.5,0
2025-09-12T15:00:00Z,596,504,92,0,16.7,58,2.4,0
2025-09-12T16:00:00Z,712,622,90,2,18,51,0.7,0
2025-09-12T17:00:00Z,765,671,94,16,19.3,46,0.7,0
2025-09-12T18:00:00Z,767,680,87,84,20,43,1.4,0
2025-09-12T19:00:00Z,698,592,106,90,20.8,42,2.3,0
2025-09-12T20:00:00Z,570,433,137,93,20.8,41,2.7,0
2025-09-12T21:00:00Z,395,250,145,90,20.5,43,2.8,0
2025-09-12T22:00:00Z,216,105,111,100,19.2,54,3.4,0
2025-09-12T23:00:00Z,64,8,56,97,17.4,65,3.2,0
2025-09-13T00:00:00Z,2,0,2,85,14.9,74,3.9,0
2025-09-13T01:00:00Z,0,0,0,85,13.1,81,5.5,0
2025-09-13T02:00:00Z,0,0,0,94,13.1,80,5.3,0
2025-09-13T03:00:00Z,0,0,0,99,12.5,83,4.7,0
2025-09-13T04:00:00Z,0,0,0,99,12.4,83,4.2,0
2025-09-13T05:00:00Z,0,0,0,100,12.2,82,6.3,0
2025-09-13T06:00:00Z,0,0,0,99,11.7,84,6.8,0
2025-09-13T07:00:00Z,0,0,0,100,11.5,86,6.3,0
2025-09-13T08:00:00Z,0,0,0,100,11.6,85,6,0
2025-09-13T09:00:00Z,0,0,0,98,11.4,86,4.7,0
2025-09-13T10:00:00Z,0,0,0,51,11.1,88,3.7,0
2025-09-13T11:00:00Z,2,0,2,55,10.7,92,3.5,0
2025-09-13T12:00:00Z,51,12,39,85,11.8,94,2.3,0
2025-09-13T13:00:00Z,188,77,111,83,13.9,82,2,0
2025-09-13T14:00:00Z,336,194,142,64,16.3,73,1.8,0
2025-09-13T15:00:00Z,404,266,138,43,18.8,63,3.4,0
2025-09-13T16:00:00Z,378,270,108,31,20,57,3.7,0
2025-09-13T17:00:00Z,462,320,142,26,21,52,4.1,0
2025-09-13T18:00:00Z,382,241,141,26,21.3,51,6.3,0
2025-09-13T19:00:00Z,470,309,161,53,21.8,51,9.2,0
2025-09-13T20:00:00Z,343,189,154,42,21.9,52,9.9,0
2025-09-13T21:00:00Z,193,43,150,30,21.7,54,9.7,0
2025-09-13T22:00:00Z,196,118,78,36,20.2,58,8.6,0
2025-09-13T23:00:00Z,66,42,24,45,18.8,65,8.3,0
2025-09-14T00:00:00Z,1,0,1,52,17.2,74,8.1,0
2025-09-14T01:00:00Z,0,0,0,41,16.4,79,7.5,0
2025-09-14T02:00:00Z,0,0,0,26,15.5,84,8,0
2025-09-14T03:00:00Z,0,0,0,31,15,86,7.8,0.1
2025-09-14T04:00:00Z,0,0,0,23,14,89,7.4,0.1
2025-09-14T05:00:00Z,0,0,0,39,13.3,92,7.1,0
2025-09-14T06:00:00Z,0,0,0,28,13.1,94,6.5,0
2025-09-14T07:00:00Z,0,0,0,23,13.7,94,8,0
2025-09-14T08:00:00Z,0,0,0,40,13.7,95,9.4,0
2025-09-14T09:00:00Z,0,0,0,31,13.3,96,10.3,0
2025-09-14T10:00:00Z,0,0,0,29,12.8,96,11.1,0
2025-09-14T11:00:00Z,2,0,2,16,13.2,95,10.7,0
2025-09-14T12:00:00Z,73,36,37,9,14.5,92,11.2,0
2025-09-14T13:00:00Z,201,110,91,15,16.2,84,11.5,0
2025-09-14T14:00:00Z,371,256,115,12,18,75,10.8,0
2025-09-14T15:00:00Z,478,348,130,18,20.1,65,11.4,0
2025-09-14T16:00:00Z,511,356,155,42,20.7,62,12,0
2025-09-14T17:00:00Z,433,226,207,32,21,60,11.2,0
2025-09-14T18:00:00Z,587,385,202,23,21.6,58,10.1,0
2025-09-14T19:00:00Z,613,484,129,30,21.7,56,10.4,0
2025-09-14T20:00:00Z,523,400,123,9,21.5,53,10.7,0
2025-09-14T21:00:00Z,373,276,97,5,21.3,53,10.7,0
2025-09-14T22:00:00Z,255,200,55,2,20.8,55,10.7,0
2025-09-14T23:00:00Z,85,55,30,2,18.8,63,11.8,0
2025-09-15T00:00:00Z,1,0,1,7,16.4,72,12.1,0
2025-09-15T01:00:00Z,0,0,0,33,15.2,76,11.2,0
2025-09-15T02:00:00Z,0,0,0,12,14,81,11,0
2025-09-15T03:00:00Z,0,0,0,0,13.1,83,11,0
2025-09-15T04:00:00Z,0,0,0,0,12.4,87,10.5,0
2025-09-15T05:00:00Z,0,0,0,0,11.8,89,10.4,0
2025-09-15T06:00:00Z,0,0,0,0,10.9,92,9.6,0
2025-09-15T07:00:00Z,0,0,0,34,10.1,94,8.1,0
2025-09-15T08:00:00Z,0,0,0,83,9.6,95,6.9,0
2025-09-15T09:00:00Z,0,0,0,94,8.9,96,6.8,0
2025-09-15T10:00:00Z,0,0,0,92,8.1,96,6.4,0
2025-09-15T11:00:00Z,2,0,2,64,8.3,96,5.6,0
2025-09-15T12:00:00Z,87,52,35,22,10.8,92,6.2,0
2025-09-15T13:00:00Z,255,192,63,0,13.7,80,5.1,0
2025-09-15T14:00:00Z,419,338,81,1,16.5,67,4.5,0
2025-09-15T15:00:00Z,579,495,84,2,18.5,58,3,0
2025-09-15T16:00:00Z,682,590,92,2,20.1,54,2.1,0
2025-09-15T17:00:00Z,738,646,92,1,21.3,50,1.8,0
2025-09-15T18:00:00Z,736,645,91,2,22.1,50,1.3,0
2025-09-15T19:00:00Z,678,589,89,0,22.8,49,0.6,0
2025-09-15T20:00:00Z,570,487,83,0,22.9,47,1.3,0
2025-09-15T21:00:00Z,421,348,73,0,22.9,48,1.8,0
2025-09-15T22:00:00Z,248,190,58,0,21.5,55,2.3,0
2025-09-15T23:00:00Z,79,51,28,0,18.7,70,4.1,0
2025-09-16T00:00:00Z,1,0,1,0,15.3,82,4.1,0
2025-09-16T01:00:00Z,0,0,0,0,13.6,92,4.6,0
2025-09-16T02:00:00Z,0,0,0,2,12.3,96,4.9,0
2025-09-16T03:00:00Z,0,0,0,1,11.1,100,5,0
2025-09-16T04:00:00Z,0,0,0,1,9.7,100,6.5,0
2025-09-16T05:00:00Z,0,0,0,0,9.2,100,5.7,0
2025-09-16T06:00:00Z,0,0,0,0,8.7,99,6.2,0
2025-09-16T07:00:00Z,0,0,0,0,7.9,100,6,0
2025-09-16T08:00:00Z,0,0,0,0,7.2,100,6.5,0
2025-09-16T09:00:00Z,0,0,0,57,7.1,99,5.5,0
2025-09-16T10:00:00Z,0,0,0,100,6.9,100,6.1,0
2025-09-16T11:00:00Z,1,0,1,100,7.5,99,5,0
2025-09-16T12:00:00Z,58,16,42,100,10,97,4.4,0
2025-09-16T13:00:00Z,170,48,122,63,12.9,92,4.3,0
2025-09-16T14:00:00Z,332,173,159,2,16.7,79,3.8,0
2025-09-16T15:00:00Z,571,488,83,0,20.1,63,3.5,0
2025-09-16T16:00:00Z,678,590,88,0,22,54,3.6,0
2025-09-16T17:00:00Z,731,640,91,0,23.4,50,4.1,0
2025-09-16T18:00:00Z,728,638,90,0,24.5,45,3.9,0
2025-09-16T19:00:00Z,671,584,87,0,25.3,43,3.9,0
2025-09-16T20:00:00Z,563,481,82,0,25.5,42,4,0
2025-09-16T21:00:00Z,414,342,72,0,25.4,43,4.6,0
2025-09-16T22:00:00Z,241,185,56,0,23.6,52,4.4,0
2025-09-16T23:00:00Z,74,48,26,0,20.5,66,4.7,0
2025-09-17T00:00:00Z,0,0,0,0,17.2,77,5.1,0
2025-09-17T01:00:00Z,0,0,0,10,15.1,82,5.6,0
2025-09-17T02:00:00Z,0,0,0,28,13.6,86,6.3,0
2025-09-17T03:00:00Z,0,0,0,42,12.5,86,6.8,0
2025-09-17T04:00:00Z,0,0,0,37,11.7,87,6.7,0
2025-09-17T05:00:00Z,0,0,0,46,10.7,90,7.3,0
2025-09-17T06:00:00Z,0,0,0,60,10.1,92,7.7,0
2025-09-17T07:00:00Z,0,0,0,75,9.6,93,7.9,0
2025-09-17T08:00:00Z,0,0,0,86,9.1,94,7.9,0
2025-09-17T09:00:00Z,0,0,0,90,9,94,6.7,0
2025-09-17T10:00:00Z,0,0,0,95,8.4,95,6.3,0
2025-09-17T11:00:00Z,1,0,1,92,7.8,98,5.7,0
2025-09-17T12:00:00Z,74,33,41,97,11.1,95,4.8,0
2025-09-17T13:00:00Z,214,114,100,95,13.9,87,2.7,0
2025-09-17T14:00:00Z,356,200,156,96,17.1,79,1.8,0
2025-09-17T15:00:00Z,530,387,143,98,19.9,68,1.9,0
2025-09-17T16:00:00Z,637,487,150,100,22.1,60,1.7,0
2025-09-17T17:00:00Z,659,467,192,98,23.5,54,1.1,0
2025-09-17T18:00:00Z,676,505,171,96,24.8,49,1.7,0
2025-09-17T19:00:00Z,582,364,218,100,25.4,47,1.8,0
2025-09-17T20:00:00Z,463,250,213,99,25.4,46,2.2,0
2025-09-17T21:00:00Z,179,68,111,97,25.3,47,2.8,0
2025-09-17T22:00:00Z,182,72,110,97,23.8,58,4.3,0
2025-09-17T23:00:00Z,56,17,39,95,21.5,61,6,0
2025-09-18T00:00:00Z,0,0,0,94,18.7,71,7.2,0
2025-09-18T01:00:00Z,0,0,0,85,18.2,72,7.3,0
2025-09-18T02:00:00Z,0,0,0,84,17.6,74,8.6,0
2025-09-18T03:00:00Z,0,0,0,76,14.5,85,7.6,0
2025-09-18T04:00:00Z,0,0,0,0,13.7,89,8.9,0
2025-09-18T05:00:00Z,0,0,0,0,13.1,91,8.8,0
2025-09-18T06:00:00Z,0,0,0,0,13,92,8.5,0
2025-09-18T07:00:00Z,0,0,0,0,12.3,93,8.3,0
2025-09-18T08:00:00Z,0,0,0,0,11.6,96,8,0
2025-09-18T09:00:00Z,0,0,0,0,11.2,97,7.6,0
2025-09-18T10:00:00Z,0,0,0,3,9.7,100,7,0
2025-09-18T11:00:00Z,1,0,1,8,10.1,98,6.9,0
2025-09-18T12:00:00Z,81,52,29,1,12.5,95,7.7,0
2025-09-18T13:00:00Z,249,191,58,3,15.6,82,6.1,0
2025-09-18T14:00:00Z,415,347,68,31,18.8,69,7.4,0
2025-09-18T15:00:00Z,544,425,119,78,21.5,65,8.8,0
2025-09-18T16:00:00Z,558,420,138,80,22.6,67,9.9,0
2025-09-18T17:00:00Z,462,293,169,52,23.3,67,13.3,0
2025-09-18T18:00:00Z,315,124,191,45,23.4,69,15.5,0
2025-09-18T19:00:00Z,377,277,100,44,23.1,72,16.4,0
2025-09-18T20:00:00Z,402,267,135,35,22.9,73,16.3,0
2025-09-18T21:00:00Z,296,205,91,33,22.5,72,15.4,0
2025-09-18T22:00:00Z,178,118,60,37,22.1,69,13.8,0
2025-09-18T23:00:00Z,46,23,23,21,20.2,73,13.1,0
2025-09-19T00:00:00Z,0,0,0,29,19,74,14.9,0
2025-09-19T01:00:00Z,0,0,0,64,18.2,73,16.4,0
2025-09-19T02:00:00Z,0,0,0,61,17.4,71,16.8,0
2025-09-19T03:00:00Z,0,0,0,45,15.8,69,15.7,0
2025-09-19T04:00:00Z,0,0,0,58,14.6,68,14.7,0
2025-09-19T05:00:00Z,0,0,0,73,13.3,69,13.7,0
2025-09-19T06:00:00Z,0,0,0,82,12.1,73,12.9,0
2025-09-19T07:00:00Z,0,0,0,76,11.1,75,12,0
2025-09-19T08:00:00Z,0,0,0,74,9.7,80,11.1,0
2025-09-19T09:00:00Z,0,0,0,84,9.2,83,11,0
2025-09-19T10:00:00Z,0,0,0,63,8.8,81,11.6,0
2025-09-19T11:00:00Z,0,0,0,51,8.4,81,11.4,0
2025-09-19T12:00:00Z,50,18,32,28,9.7,76,11.2,0
2025-09-19T13:00:00Z,166,65,101,13,11.1,69,12.1,0
2025-09-19T14:00:00Z,337,196,141,13,12.5,61,12.4,0
2025-09-19T15:00:00Z,551,446,105,7,14.1,55,12.2,0
2025-09-19T16:00:00Z,670,563,107,0,15.4,50,12.4,0
2025-09-19T17:00:00Z,734,638,96,0,16.5,45,12.9,0
2025-09-19T18:00:00Z,736,646,90,0,17.4,41,13.1,0
2025-09-19T19:00:00Z,676,589,87,0,18,38,13,0
2025-09-19T20:00:00Z,565,485,80,0,18.1,37,13.2,0
2025-09-19T21:00:00Z,413,342,71,0,17.7,38,13.1,0
2025-09-19T22:00:00Z,235,180,55,0,15.9,43,12.4,0
2025-09-19T23:00:00Z,65,42,23,0,13.7,51,11.3,0
2025-09-20T00:00:00Z,0,0,0,0,11.1,62,11.1,0
2025-09-20T01:00:00Z,0,0,0,0,10,64,11.9,0
2025-09-20T02:00:00Z,0,0,0,0,9.1,67,12.1,0
2025-09-20T03:00:00Z,0,0,0,0,7.6,71,11.9,0
2025-09-20T04:00:00Z,0,0,0,0,6.4,74,11.6,0
2025-09-20T05:00:00Z,0,0,0,0,5.6,77,11,0
2025-09-20T06:00:00Z,0,0,0,0,4.6,82,9.9,0
2025-09-20T07:00:00Z,0,0,0,0,3.7,86,8.6,0
2025-09-20T08:00:00Z,0,0,0,0,3.1,89,6.9,0
2025-09-20T09:00:00Z,0,0,0,0,2.9,91,5.2,0
2025-09-20T10:00:00Z,0,0,0,10,1.8,94,5.7,0
2025-09-20T11:00:00Z,1,0,1,18,1.9,95,7.2,0
2025-09-20T12:00:00Z,80,51,29,21,4.5,90,7.8,0
2025-09-20T13:00:00Z,235,171,64,18,8,72,6.7,0
2025-09-20T14:00:00Z,434,361,73,1,10.7,55,5.4,0
2025-09-20T15:00:00Z,585,505,80,0,12.4,45,4.5,0
2025-09-20T16:00:00Z,694,608,86,0,13.7,41,4.9,0
2025-09-20T17:00:00Z,746,656,90,1,15.2,38,5,0
2025-09-20T18:00:00Z,742,653,89,13,16.4,34,5.2,0
2025-09-20T19:00:00Z,678,588,90,10,17.1,31,5.3,0
2025-09-20T20:00:00Z,552,459,93,2,17.6,30,5.1,0
2025-09-20T21:00:00Z,404,324,80,0,17.5,30,4,0
2025-09-20T22:00:00Z,232,178,54,0,16,38,3.3,0
2025-09-20T23:00:00Z,61,40,21,0,13.4,44,4.6,0
2025-09-21T00:00:00Z,0,0,0,0,11.1,58,4.3,0
2025-09-21T01:00:00Z,0,0,0,0,9.6,68,4.5,0
2025-09-21T02:00:00Z,0,0,0,0,8.6,73,5.9,0
2025-09-21T03:00:00Z,0,0,0,0,6.4,81,6.2,0
2025-09-21T04:00:00Z,0,0,0,0,5.2,86,7.6,0
2025-09-21T05:00:00Z,0,0,0,0,4.4,87,8,0
2025-09-21T06:00:00Z,0,0,0,0,3.6,88,7.6,0
2025-09-21T07:00:00Z,0,0,0,0,3.8,88,7.6,0
2025-09-21T08:00:00Z,0,0,0,0,3.6,88,8.3,0
2025-09-21T09:00:00Z,0,0,0,0,3.9,87,9.6,0
2025-09-21T10:00:00Z,0,0,0,0,3.1,88,8.6,0
2025-09-21T11:00:00Z,0,0,0,0,2.7,89,10.2,0
2025-09-21T12:00:00Z,78,51,27,0,4.5,87,10.8,0
2025-09-21T13:00:00Z,252,195,57,0,8,77,9,0
2025-09-21T14:00:00Z,428,357,71,0,11.7,62,7.9,0
2025-09-21T15:00:00Z,566,471,95,6,15,49,8,0
2025-09-21T16:00:00Z,663,557,106,50,17.6,44,8.9,0
2025-09-21T17:00:00Z,715,608,107,42,19.7,43,9.3,0
2025-09-21T18:00:00Z,675,517,158,59,21.2,44,9.6,0
2025-09-21T19:00:00Z,648,560,88,91,22.6,45,10.4,0
2025-09-21T20:00:00Z,518,409,109,91,23.3,46,10.6,0
2025-09-21T21:00:00Z,368,279,89,25,23.5,47,9.7,0
2025-09-21T22:00:00Z,204,146,58,32,22.1,54,8.7,0
2025-09-21T23:00:00Z,50,30,20,70,19.3,65,9.6,0
2025-09-22T00:00:00Z,0,0,0,20,17.9,71,10.2,0
2025-09-22T01:00:00Z,0,0,0,0,16.7,75,9.8,0
2025-09-22T02:00:00Z,0,0,0,0,15.6,78,10.1,0
2025-09-22T03:00:00Z,0,0,0,19,14.8,80,10.3,0
2025-09-22T04:00:00Z,0,0,0,92,14.1,83,10.4,0
2025-09-22T05:00:00Z,0,0,0,100,13.9,85,10.9,0
2025-09-22T06:00:00Z,0,0,0,100,14,85,11.1,0
2025-09-22T07:00:00Z,0,0,0,100,14.2,85,10.8,0
2025-09-22T08:00:00Z,0,0,0,92,14.3,86,10.6,0.5
2025-09-22T09:00:00Z,0,0,0,97,14.8,86,10.6,2
2025-09-22T10:00:00Z,0,0,0,100,14.5,92,10.7,0.6
2025-09-22T11:00:00Z,0,0,0,99,14.4,93,9.1,0.1
2025-09-22T12:00:00Z,15,0,15,100,15.2,93,9.6,1.6
2025-09-22T13:00:00Z,88,30,58,100,16.1,92,9.3,1.7
2025-09-22T14:00:00Z,160,41,119,100,17,91,10.5,1.1
2025-09-22T15:00:00Z,197,22,175,100,18,91,11.3,0.8
2025-09-22T16:00:00Z,244,28,216,100,18.8,89,9.9,0.8
2025-09-22T17:00:00Z,172,12,160,100,18.9,89,9,0.9
2025-09-22T18:00:00Z,109,0,109,100,18.7,92,8.3,1.1
2025-09-22T19:00:00Z,108,1,107,100,18.5,92,8.9,1
2025-09-22T20:00:00Z,74,0,74,100,18.4,95,8.4,1.7
2025-09-22T21:00:00Z,65,1,64,100,18.4,94,7.4,1.7
2025-09-22T22:00:00Z,30,0,30,100,18.3,98,3.7,1.3
2025-09-22T23:00:00Z,6,0,6,99,17.9,99,4.1,0.8
2025-09-23T00:00:00Z,0,0,0,100,17.5,100,5,0.7
2025-09-23T01:00:00Z,0,0,0,100,17.2,100,1.3,0.2
2025-09-23T02:00:00Z,0,0,0,100,17.2,100,2.7,0.1
2025-09-23T03:00:00Z,0,0,0,98,17,100,3.5,0
2025-09-23T04:00:00Z,0,0,0,66,17,100,5.1,0.1
2025-09-23T05:00:00Z,0,0,0,100,16.8,100,3.8,0.4
2025-09-23T06:00:00Z,0,0,0,100,16.8,100,3,0.6
2025-09-23T07:00:00Z,0,0,0,100,16.8,100,4.3,0
2025-09-23T08:00:00Z,0,0,0,100,16.7,100,5.7,0
2025-09-23T09:00:00Z,0,0,0,100,16.7,99,5.2,0
2025-09-23T10:00:00Z,0,0,0,100,16.8,99,5.1,0.1
2025-09-23T11:00:00Z,0,0,0,100,16.8,99,5.5,0.1
2025-09-23T12:00:00Z,6,0,6,100,16.9,99,6.6,0.1
2025-09-23T13:00:00Z,25,0,25,100,17.1,100,6.2,0.2
2025-09-23T14:00:00Z,38,0,38,100,17.2,100,5.1,0.4
2025-09-23T15:00:00Z,69,4,65,100,17.9,98,5.4,0.3
2025-09-23T16:00:00Z,108,2,106,100,18.8,95,5.1,0.2
2025-09-23T17:00:00Z,138,3,135,100,19.4,92,4.4,0.1
2025-09-23T18:00:00Z,170,52,118,100,20.1,87,3,0
2025-09-23T19:00:00Z,367,144,223,99,20.9,83,1.9,0.1
2025-09-23T20:00:00Z,391,247,144,99,21.1,81,2.3,0.1
2025-09-23T21:00:00Z,281,195,86,100,20.8,86,3.2,0.4
2025-09-23T22:00:00Z,118,64,54,94,20.5,90,2.9,0
2025-09-23T23:00:00Z,35,16,19,89,18.9,95,3.1,0
2025-09-24T00:00:00Z,0,0,0,96,17,99,4.3,0
2025-09-24T01:00:00Z,0,0,0,99,16.4,100,4.7,0
2025-09-24T02:00:00Z,0,0,0,99,15.9,100,5.4,0
2025-09-24T03:00:00Z,0,0,0,99,15.4,100,5.3,0
2025-09-24T04:00:00Z,0,0,0,100,15.4,99,4.3,0
2025-09-24T05:00:00Z,0,0,0,100,15,100,4.5,0
2025-09-24T06:00:00Z,0,0,0,97,15,100,4.6,0
2025-09-24T07:00:00Z,0,0,0,96,15.2,99,6.2,0
2025-09-24T08:00:00Z,0,0,0,92,15.1,99,6.7,0
2025-09-24T09:00:00Z,0,0,0,81,15.3,98,8.4,0
2025-09-24T10:00:00Z,0,0,0,100,15.6,99,9,0
2025-09-24T11:00:00Z,0,0,0,96,15.6,98,10.1,0
2025-09-24T12:00:00Z,30,13,17,100,15.7,97,10.7,0
2025-09-24T13:00:00Z,114,36,78,97,16.1,94,10.3,0
2025-09-24T14:00:00Z,253,111,142,100,16.9,88,11.9,0
2025-09-24T15:00:00Z,340,138,202,87,18.5,80,13.2,0
2025-09-24T16:00:00Z,431,209,222,67,19.6,77,13.7,0
2025-09-24T17:00:00Z,552,289,263,79,21.1,70,14.1,0
2025-09-24T18:00:00Z,619,416,203,87,22.3,64,13.8,0
2025-09-24T19:00:00Z,408,216,192,86,23.3,59,13.4,0
2025-09-24T20:00:00Z,374,227,147,95,23.4,57,13.3,0
2025-09-24T21:00:00Z,236,108,128,93,22.7,58,12.5,0
2025-09-24T22:00:00Z,139,66,73,71,21.3,65,11.6,0
2025-09-24T23:00:00Z,30,10,20,66,19.2,74,11.9,0
2025-09-25T00:00:00Z,0,0,0,83,18,78,13.2,0
2025-09-25T01:00:00Z,0,0,0,98,17.3,81,13.3,0
2025-09-25T02:00:00Z,0,0,0,98,17.1,82,12.8,0
2025-09-25T03:00:00Z,0,0,0,100,16.7,82,12.9,0
2025-09-25T04:00:00Z,0,0,0,100,16.5,81,10.8,0
2025-09-25T05:00:00Z,0,0,0,99,16.2,79,12.9,0.3
2025-09-25T06:00:00Z,0,0,0,99,15.6,83,12.5,0.5
2025-09-25T07:00:00Z,0,0,0,100,14.7,90,12.5,0.6
2025-09-25T08:00:00Z,0,0,0,100,14.4,93,12.8,1.1
2025-09-25T09:00:00Z,0,0,0,100,14.6,95,11.9,1.4
2025-09-25T10:00:00Z,0,0,0,97,14.4,95,11.4,1.5
2025-09-25T11:00:00Z,0,0,0,100,14.6,97,11.4,1
2025-09-25T12:00:00Z,5,0,5,100,15,99,12,0.7
2025-09-25T13:00:00Z,14,0,14,100,15.6,98,10.9,0.8
2025-09-25T14:00:00Z,24,0,24,100,16,98,13.5,0.8
2025-09-25T15:00:00Z,32,0,32,100,16.5,97,13.1,0.6
2025-09-25T16:00:00Z,48,0,48,100,16.7,97,10.7,0.8
2025-09-25T17:00:00Z,52,0,52,100,16.7,98,8.4,0.8
2025-09-25T18:00:00Z,47,0,47,100,16.9,98,7.8,0.7
2025-09-25T19:00:00Z,34,0,34,100,17,98,7.1,0.6
2025-09-25T20:00:00Z,43,0,43,100,17.2,97,7.3,0.6
2025-09-25T21:00:00Z,38,0,38,100,17,97,7.2,0.2
2025-09-25T22:00:00Z,28,0,28,100,17,98,5.5,0
2025-09-25T23:00:00Z,6,0,6,100,16.8,98,6.8,0
2025-09-26T00:00:00Z,0,0,0,100,16.7,98,7.9,0
2025-09-26T01:00:00Z,0,0,0,100,16.5,98,9.4,0
2025-09-26T02:00:00Z,0,0,0,100,16,98,7.7,0
2025-09-26T03:00:00Z,0,0,0,100,15.4,99,6.1,0
2025-09-26T04:00:00Z,0,0,0,100,15,99,7.2,0
2025-09-26T05:00:00Z,0,0,0,100,15,98,8,0
2025-09-26T06:00:00Z,0,0,0,83,15,98,7.9,0
2025-09-26T07:00:00Z,0,0,0,41,14.6,97,8.1,0
2025-09-26T08:00:00Z,0,0,0,29,14.6,96,8.8,0
2025-09-26T09:00:00Z,0,0,0,53,14.4,96,9.3,0
2025-09-26T10:00:00Z,0,0,0,47,14.4,97,9,0
2025-09-26T11:00:00Z,0,0,0,55,14.5,97,8.8,0
2025-09-26T12:00:00Z,37,18,19,69,15.4,97,9.7,0
2025-09-26T13:00:00Z,145,74,71,84,16.5,92,12.2,0
2025-09-26T14:00:00Z,255,120,135,99,17.9,88,12.8,0
2025-09-26T15:00:00Z,310,100,210,82,19.2,81,12.9,0
2025-09-26T16:00:00Z,319,97,222,49,19.4,79,12.8,0.1
2025-09-26T17:00:00Z,376,200,176,63,19.6,74,12.8,0.2
2025-09-26T18:00:00Z,408,262,146,75,20.4,71,12.1,0
2025-09-26T19:00:00Z,336,204,132,47,20.9,67,12,0
2025-09-26T20:00:00Z,354,231,123,46,20.1,71,12.3,0
2025-09-26T21:00:00Z,174,96,78,51,19.9,73,11.5,0
2025-09-26T22:00:00Z,90,40,50,83,18.6,77,9.9,0
2025-09-26T23:00:00Z,22,10,12,87,17,83,8.9,0
2025-09-27T00:00:00Z,0,0,0,67,16,87,8.9,0
2025-09-27T01:00:00Z,0,0,0,23,15,88,9.3,0
2025-09-27T02:00:00Z,0,0,0,11,14,89,8.3,0
2025-09-27T03:00:00Z,0,0,0,34,12.6,91,6.9,0
2025-09-27T04:00:00Z,0,0,0,47,11.4,94,6.2,0
2025-09-27T05:00:00Z,0,0,0,37,11,94,6,0
2025-09-27T06:00:00Z,0,0,0,42,10.4,96,5.7,0
2025-09-27T07:00:00Z,0,0,0,66,10.1,96,6.2,0
2025-09-27T08:00:00Z,0,0,0,74,10,98,5.4,0
2025-09-27T09:00:00Z,0,0,0,82,9.7,98,5.1,0
2025-09-27T10:00:00Z,0,0,0,99,10.1,95,4.9,0
2025-09-27T11:00:00Z,0,0,0,100,9.9,96,5.2,0
2025-09-27T12:00:00Z,21,11,10,96,10.7,92,5.4,0
2025-09-27T13:00:00Z,77,29,48,93,12.4,85,5.1,0
2025-09-27T14:00:00Z,153,45,108,97,14.7,73,5.6,0
2025-09-27T15:00:00Z,266,98,168,82,16.8,61,6.4,0
2025-09-27T16:00:00Z,330,148,182,96,17.9,55,7.1,0
2025-09-27T17:00:00Z,393,158,235,58,19,50,7.2,0
2025-09-27T18:00:00Z,393,184,209,59,19.8,50,7.8,0
2025-09-27T19:00:00Z,463,281,182,83,20,53,7.7,0
2025-09-27T20:00:00Z,250,120,130,94,20.5,56,7.6,0
2025-09-27T21:00:00Z,224,111,113,100,20.5,59,7.2,0
2025-09-27T22:00:00Z,127,51,76,100,19.6,70,8.7,0
2025-09-27T23:00:00Z,17,2,15,100,17.9,80,9.7,0
2025-09-28T00:00:00Z,0,0,0,100,16.8,87,10,0
2025-09-28T01:00:00Z,0,0,0,96,16.3,93,10.1,0
2025-09-28T02:00:00Z,0,0,0,87,16,97,11.1,0
2025-09-28T03:00:00Z,0,0,0,91,15.4,98,11,0
2025-09-28T04:00:00Z,0,0,0,67,15.2,98,11.6,0
2025-09-28T05:00:00Z,0,0,0,11,15,97,12.2,0
2025-09-28T06:00:00Z,0,0,0,1,14.8,97,11.6,0
2025-09-28T07:00:00Z,0,0,0,0,14.5,96,11.1,0
2025-09-28T08:00:00Z,0,0,0,0,14.5,97,10.3,0
2025-09-28T09:00:00Z,0,0,0,4,14.2,98,10,0
2025-09-28T10:00:00Z,0,0,0,0,14.4,97,8,0
2025-09-28T11:00:00Z,0,0,0,1,14.4,97,7.2,0
2025-09-28T12:00:00Z,50,29,21,0,15.3,95,9.9,0
2025-09-28T13:00:00Z,201,145,56,0,16.9,88,10.3,0
2025-09-28T14:00:00Z,359,276,83,1,18.2,79,13.3,0
2025-09-28T15:00:00Z,506,400,106,3,20,65,14.2,0
2025-09-28T16:00:00Z,631,544,87,1,21.7,53,14.7,0
2025-09-28T17:00:00Z,684,601,83,10,22.8,44,16.2,0
2025-09-28T18:00:00Z,639,520,119,2,23.4,38,16,0
2025-09-28T19:00:00Z,609,519,90,0,23.9,35,15.1,0
2025-09-28T20:00:00Z,501,425,76,0,24.1,32,14,0
2025-09-28T21:00:00Z,349,283,66,0,23.7,32,11.1,0
2025-09-28T22:00:00Z,176,129,47,0,21.6,40,9.4,0
2025-09-28T23:00:00Z,29,17,12,0,17.8,52,10.1,0
2025-09-29T00:00:00Z,0,0,0,0,15.6,59,10.1,0
2025-09-29T01:00:00Z,0,0,0,0,13.9,66,8.7,0
2025-09-29T02:00:00Z,0,0,0,0,12.6,72,8.1,0
2025-09-29T03:00:00Z,0,0,0,0,11.8,74,9,0
2025-09-29T04:00:00Z,0,0,0,0,11.5,74,11.1,0
2025-09-29T05:00:00Z,0,0,0,0,11.5,74,12,0
2025-09-29T06:00:00Z,0,0,0,0,10.9,77,12.1,0
2025-09-29T07:00:00Z,0,0,0,0,10.2,81,11.7,0
2025-09-29T08:00:00Z,0,0,0,0,9.7,83,11.2,0
2025-09-29T09:00:00Z,0,0,0,0,9.4,85,10.5,0
2025-09-29T10:00:00Z,0,0,0,0,9.3,86,9.7,0
2025-09-29T11:00:00Z,0,0,0,0,8.7,88,9.1,0
2025-09-29T12:00:00Z,51,32,19,0,10.4,85,9.7,0
2025-09-29T13:00:00Z,208,156,52,0,13.7,75,8.3,0
2025-09-29T14:00:00Z,374,306,68,0,17.2,64,7.6,0
2025-09-29T15:00:00Z,516,439,77,0,20,54,7,0
2025-09-29T16:00:00Z,618,535,83,0,22.2,48,8.5,0
2025-09-29T17:00:00Z,668,583,85,0,24.3,42,11.2,0
2025-09-29T18:00:00Z,662,577,85,0,25.5,39,13.4,0
2025-09-29T19:00:00Z,601,519,82,0,26.1,36,14.5,0
2025-09-29T20:00:00Z,488,413,75,0,26.8,33,13.9,0
2025-09-29T21:00:00Z,337,273,64,0,26.6,34,11.5,0
2025-09-29T22:00:00Z,167,121,46,0,24.3,42,10.6,0
2025-09-29T23:00:00Z,26,15,11,0,21.4,50,10.2,0
2025-09-30T00:00:00Z,0,0,0,0,19.3,57,10.7,0
2025-09-30T01:00:00Z,0,0,0,0,18,60,11.3,0
2025-09-30T02:00:00Z,0,0,0,0,17,63,12.4,0
2025-09-30T03:00:00Z,0,0,0,0,15.2,68,12.7,0
2025-09-30T04:00:00Z,0,0,0,0,14.8,69,12.8,0
2025-09-30T05:00:00Z,0,0,0,0,13.9,72,12,0
2025-09-30T06:00:00Z,0,0,0,0,12.9,77,11.2,0
2025-09-30T07:00:00Z,0,0,0,0,12,82,12.1,0
2025-09-30T08:00:00Z,0,0,0,0,11.8,83,13.8,0
2025-09-30T09:00:00Z,0,0,0,0,11.6,81,15.5,0
2025-09-30T10:00:00Z,0,0,0,1,11.4,77,14.2,0
2025-09-30T11:00:00Z,0,0,0,0,11.1,75,12.8,0
2025-09-30T12:00:00Z,48,29,19,1,12.2,72,11.6,0
2025-09-30T13:00:00Z,207,155,52,0,14.6,62,11.7,0
2025-09-30T14:00:00Z,382,313,69,0,16.4,52,13,0
2025-09-30T15:00:00Z,533,454,79,0,17.9,46,12.5,0
2025-09-30T16:00:00Z,639,556,83,0,18.7,40,13.5,0
2025-09-30T17:00:00Z,690,604,86,0,19.5,36,14.1,0
2025-09-30T18:00:00Z,682,596,86,0,19.8,35,14.4,0
2025-09-30T19:00:00Z,613,530,83,0,19.8,34,14.8,0
2025-09-30T20:00:00Z,497,421,76,0,19.5,33,14.5,0
2025-09-30T21:00:00Z,343,277,66,0,18.8,35,14.5,0
2025-09-30T22:00:00Z,168,122,46,0,17,39,11.9,0
2025-09-30T23:00:00Z,24,14,10,0,14.5,47,11.7,0
2025-10-01T00:00:00Z,0,0,0,0,12.5,55,12.2,0
2025-10-01T01:00:00Z,0,0,0,0,11.5,58,13.2,0
2025-10-01T02:00:00Z,0,0,0,0,10.4,61,13.1,0
2025-10-01T03:00:00Z,0,0,0,0,9.4,65,12.7,0
2025-10-01T04:00:00Z,0,0,0,0,8.4,68,12.5,0
2025-10-01T05:00:00Z,0,0,0,0,7.7,71,12.4,0
2025-10-01T06:00:00Z,0,0,0,0,7.3,74,12,0
2025-10-01T07:00:00Z,0,0,0,0,6.6,77,10.9,0
2025-10-01T08:00:00Z,0,0,0,0,5.8,81,11,0
2025-10-01T09:00:00Z,0,0,0,0,5.1,84,10.7,0
2025-10-01T10:00:00Z,0,0,0,0,4.5,86,10,0
2025-10-01T11:00:00Z,0,0,0,0,4.1,88,10,0
2025-10-01T12:00:00Z,47,29,18,0,5.5,85,9.9,0
2025-10-01T13:00:00Z,205,153,52,0,8.3,72,10.4,0
2025-10-01T14:00:00Z,376,307,69,0,10.3,59,9.8,0
2025-10-01T15:00:00Z,521,442,79,1,12.3,50,9.7,0
2025-10-01T16:00:00Z,623,539,84,0,13.5,45,9.7,0
2025-10-01T17:00:00Z,673,587,86,0,15,41,9.1,0
2025-10-01T18:00:00Z,666,580,86,0,16,36,8.9,0
2025-10-01T19:00:00Z,603,520,83,0,16.8,35,9.3,0
2025-10-01T20:00:00Z,488,412,76,0,17,34,9.4,0
2025-10-01T21:00:00Z,334,270,64,0,16.8,34,9.4,0
2025-10-01T22:00:00Z,161,116,45,0,15.2,41,8.4,0
2025-10-01T23:00:00Z,22,12,10,0,11.2,57,7.6,0
2025-10-02T00:00:00Z,0,0,0,0,9.3,65,9.4,0
2025-10-02T01:00:00Z,0,0,0,0,8.1,69,10.6,0
2025-10-02T02:00:00Z,0,0,0,0,7.1,72,10.7,0
2025-10-02T03:00:00Z,0,0,0,0,6.3,73,9.6,0
2025-10-02T04:00:00Z,0,0,0,0,5.2,77,9.2,0
2025-10-02T05:00:00Z,0,0,0,0,4.5,80,10.1,0
2025-10-02T06:00:00Z,0,0,0,0,3.8,83,10,0
2025-10-02T07:00:00Z,0,0,0,0,3.2,88,8.7,0
2025-10-02T08:00:00Z,0,0,0,40,2.7,91,7.6,0
2025-10-02T09:00:00Z,0,0,0,87,2.5,92,7,0
2025-10-02T10:00:00Z,0,0,0,81,2.4,92,5.9,0
2025-10-02T11:00:00Z,0,0,0,90,2.1,92,6.5,0
2025-10-02T12:00:00Z,39,16,23,95,4,88,7.4,0
2025-10-02T13:00:00Z,172,84,88,96,6.6,76,5.8,0
2025-10-02T14:00:00Z,346,242,104,86,10,65,4.6,0
2025-10-02T15:00:00Z,508,420,88,53,13.1,54,4.1,0
2025-10-02T16:00:00Z,616,535,81,4,15,46,4.5,0
2025-10-02T17:00:00Z,664,578,86,2,16.6,39,5.5,0
2025-10-02T18:00:00Z,655,569,86,0,17.6,36,6.1,0
2025-10-02T19:00:00Z,592,511,81,0,18.3,35,6.1,0
2025-10-02T20:00:00Z,478,404,74,5,18.6,34,6.5,0
2025-10-02T21:00:00Z,326,262,64,0,18.3,35,6.5,0
2025-10-02T22:00:00Z,154,110,44,14,16.5,43,5.3,0
2025-10-02T23:00:00Z,19,10,9,34,12,60,5.8,0
2025-10-03T00:00:00Z,0,0,0,33,10.2,66,6.8,0
2025-10-03T01:00:00Z,0,0,0,83,9.5,67,7.3,0
2025-10-03T02:00:00Z,0,0,0,100,8.3,71,7.2,0
2025-10-03T03:00:00Z,0,0,0,99,7.1,76,6.5,0
2025-10-03T04:00:00Z,0,0,0,99,6.1,83,6.1,0
2025-10-03T05:00:00Z,0,0,0,97,5.4,86,8.5,0
2025-10-03T06:00:00Z,0,0,0,99,5.5,86,8.5,0
2025-10-03T07:00:00Z,0,0,0,95,5.8,86,7.9,0
2025-10-03T08:00:00Z,0,0,0,79,4.9,91,8.1,0
2025-10-03T09:00:00Z,0,0,0,70,4.6,95,6.5,0
2025-10-03T10:00:00Z,0,0,0,0,3.7,97,8.3,0
2025-10-03T11:00:00Z,0,0,0,0,3.4,97,7.3,0
2025-10-03T12:00:00Z,41,25,16,0,6,98,5.6,0
2025-10-03T13:00:00Z,193,143,50,0,10,86,4.5,0
2025-10-03T14:00:00Z,360,293,67,2,13.8,73,5.2,0
2025-10-03T15:00:00Z,503,425,78,30,17.1,58,6.4,0
2025-10-03T16:00:00Z,603,516,87,23,19.3,51,7.3,0
2025-10-03T17:00:00Z,653,568,85,41,21.5,45,8.7,0
2025-10-03T18:00:00Z,646,561,85,23,23.2,39,10.4,0
2025-10-03T19:00:00Z,581,497,84,0,24,36,11.8,0
2025-10-03T20:00:00Z,463,382,81,0,24.4,34,12.1,0
2025-10-03T21:00:00Z,317,255,62,0,24.4,34,10,0
2025-10-03T22:00:00Z,144,102,42,7,22.4,41,11.3,0
2025-10-03T23:00:00Z,15,8,7,29,19.9,47,12.6,0
2025-10-04T00:00:00Z,0,0,0,32,18,57,13.2,0
2025-10-04T01:00:00Z,0,0,0,45,17.1,62,12.6,0
2025-10-04T02:00:00Z,0,0,0,32,16.7,64,10.6,0
2025-10-04T03:00:00Z,0,0,0,24,15.7,65,9.6,0
2025-10-04T04:00:00Z,0,0,0,11,14.5,68,9,0
2025-10-04T05:00:00Z,0,0,0,8,14.1,68,8.7,0
2025-10-04T06:00:00Z,0,0,0,1,13.4,72,8.1,0
2025-10-04T07:00:00Z,0,0,0,1,12.8,76,8.3,0
2025-10-04T08:00:00Z,0,0,0,0,12,80,8.3,0
2025-10-04T09:00:00Z,0,0,0,0,11.6,85,7.5,0
2025-10-04T10:00:00Z,0,0,0,1,10.9,88,5.9,0
2025-10-04T11:00:00Z,0,0,0,0,10.5,91,5.6,0
2025-10-04T12:00:00Z,36,21,15,0,11.6,92,4,0
2025-10-04T13:00:00Z,184,134,50,0,15,80,2.6,0
2025-10-04T14:00:00Z,345,278,67,0,18.3,71,1.6,0
2025-10-04T15:00:00Z,486,410,76,0,21.2,64,3.1,0
2025-10-04T16:00:00Z,581,499,82,6,23.3,59,4.3,0
2025-10-04T17:00:00Z,627,541,86,18,25,54,4.2,0
2025-10-04T18:00:00Z,618,528,90,22,26.3,49,3.5,0
2025-10-04T19:00:00Z,552,471,81,6,26.6,48,3.9,0
2025-10-04T20:00:00Z,434,359,75,6,26.9,47,5.9,0
2025-10-04T21:00:00Z,295,232,63,5,26.7,47,6.8,0
2025-10-04T22:00:00Z,134,92,42,14,24.3,54,7.5,0
2025-10-04T23:00:00Z,13,6,7,23,21.4,64,9.3,0
2025-10-05T00:00:00Z,0,0,0,23,20,68,10.8,0
2025-10-05T01:00:00Z,0,0,0,24,18.9,73,10.8,0
2025-10-05T02:00:00Z,0,0,0,13,17.6,79,10.4,0
2025-10-05T03:00:00Z,0,0,0,7,16.4,85,10,0
2025-10-05T04:00:00Z,0,0,0,9,15.7,88,8.7,0
2025-10-05T05:00:00Z,0,0,0,13,14.7,91,7.4,0
2025-10-05T06:00:00Z,0,0,0,31,14.3,90,6.9,0
2025-10-05T07:00:00Z,0,0,0,35,13.6,92,7.5,0
2025-10-05T08:00:00Z,0,0,0,0,13,93,6.9,0
2025-10-05T09:00:00Z,0,0,0,0,12.6,92,6.4,0
2025-10-05T10:00:00Z,0,0,0,0,12.4,92,7.1,0
2025-10-05T11:00:00Z,0,0,0,0,12.2,93,7.7,0
2025-10-05T12:00:00Z,35,20,15,0,13.3,92,9.2,0
2025-10-05T13:00:00Z,179,130,49,0,17.1,81,8.7,0
2025-10-05T14:00:00Z,341,275,66,0,20.5,69,7.9,0
2025-10-05T15:00:00Z,479,403,76,0,24,56,8.5,0
2025-10-05T16:00:00Z,576,494,82,0,26.3,50,9.9,0
2025-10-05T17:00:00Z,621,537,84,0,28.5,44,11.7,0
2025-10-05T18:00:00Z,609,523,86,0,29.5,40,13,0
2025-10-05T19:00:00Z,552,472,80,0,30.1,38,13.6,0
2025-10-05T20:00:00Z,441,368,73,0,30,37,13.8,0
2025-10-05T21:00:00Z,294,232,62,0,29.5,37,12.7,0
2025-10-05T22:00:00Z,131,90,41,0,27.1,42,13.9,0
2025-10-05T23:00:00Z,12,6,6,0,24.1,50,14,0
2025-10-06T00:00:00Z,0,0,0,0,22,58,13.4,0
2025-10-06T01:00:00Z,0,0,0,0,20.2,63,12.2,0
2025-10-06T02:00:00Z,0,0,0,0,18.9,68,11.3,0
2025-10-06T03:00:00Z,0,0,0,0,17.3,73,10.2,0
2025-10-06T04:00:00Z,0,0,0,0,16.1,77,9.3,0
2025-10-06T05:00:00Z,0,0,0,0,15.2,80,8.7,0
2025-10-06T06:00:00Z,0,0,0,0,14.7,82,8.4,0
2025-10-06T07:00:00Z,0,0,0,43,13.8,86,8.4,0
2025-10-06T08:00:00Z,0,0,0,96,13.2,89,8.6,0
2025-10-06T09:00:00Z,0,0,0,92,12.7,92,8.5,0
2025-10-06T10:00:00Z,0,0,0,91,12.3,93,8.4,0
2025-10-06T11:00:00Z,0,0,0,94,12.2,94,8.4,0
2025-10-06T12:00:00Z,32,16,16,90,13.2,93,9,0
2025-10-06T13:00:00Z,171,111,60,92,16.9,82,9,0
2025-10-06T14:00:00Z,333,254,79,87,20.2,68,9.6,0
2025-10-06T15:00:00Z,480,398,82,68,23.2,58,11.1,0
2025-10-06T16:00:00Z,579,495,84,67,25.7,50,12.9,0
2025-10-06T17:00:00Z,624,535,89,47,27.6,44,14.6,0
2025-10-06T18:00:00Z,614,526,88,26,28.5,40,16.7,0
2025-10-06T19:00:00Z,553,472,81,0,28.9,38,18.9,0
2025-10-06T20:00:00Z,441,368,73,2,28.7,37,18.9,0
2025-10-06T21:00:00Z,291,230,61,12,27.9,39,15.9,0
2025-10-06T22:00:00Z,126,86,40,40,25.9,46,15.4,0
2025-10-06T23:00:00Z,10,4,6,20,23.9,53,16.5,0
2025-10-07T00:00:00Z,0,0,0,0,22.2,60,16.9,0
2025-10-07T01:00:00Z,0,0,0,2,21.5,64,16.4,0
2025-10-07T02:00:00Z,0,0,0,1,20.9,67,15.4,0
2025-10-07T03:00:00Z,0,0,0,1,19.6,73,14,0
2025-10-07T04:00:00Z,0,0,0,0,19,74,12.6,0
2025-10-07T05:00:00Z,0,0,0,2,17.9,77,12,0
2025-10-07T06:00:00Z,0,0,0,15,17.1,79,11.9,0
2025-10-07T07:00:00Z,0,0,0,15,16.4,81,10.7,0
2025-10-07T08:00:00Z,0,0,0,13,15.9,82,10.7,0
2025-10-07T09:00:00Z,0,0,0,22,16,82,11.2,0
2025-10-07T10:00:00Z,0,0,0,40,16.3,85,9.2,0
2025-10-07T11:00:00Z,0,0,0,70,16.5,84,8.7,0.1
2025-10-07T12:00:00Z,23,10,13,99,17.2,83,9.2,0.1
2025-10-07T13:00:00Z,102,27,75,100,18.8,77,11.4,0.1
2025-10-07T14:00:00Z,163,40,123,100,18.8,84,13,1.6
2025-10-07T15:00:00Z,213,57,156,100,19.1,89,13.8,1.5
2025-10-07T16:00:00Z,189,19,170,100,17.8,98,14.6,0.9
2025-10-07T17:00:00Z,285,64,221,100,18.1,99,14.4,0.3
2025-10-07T18:00:00Z,206,42,164,100,18.9,98,14.5,0.2
2025-10-07T19:00:00Z,56,0,56,100,19.2,97,14.3,0.9
2025-10-07T20:00:00Z,163,75,88,100,18.4,97,14,0.9
2025-10-07T21:00:00Z,33,2,31,100,18.7,93,12.1,2.6
2025-10-07T22:00:00Z,10,0,10,100,16.7,96,14.5,1.3
2025-10-07T23:00:00Z,1,0,1,100,15.4,96,13.8,0.9
2025-10-08T00:00:00Z,0,0,0,100,14.6,96,10.9,0.8
2025-10-08T01:00:00Z,0,0,0,100,13.8,96,9.2,0.9
2025-10-08T02:00:00Z,0,0,0,99,13.1,96,10.7,0.2
2025-10-08T03:00:00Z,0,0,0,98,12.3,95,10.9,0
2025-10-08T04:00:00Z,0,0,0,100,11.8,95,10.1,0
2025-10-08T05:00:00Z,0,0,0,96,11.5,93,8.9,0
2025-10-08T06:00:00Z,0,0,0,92,10.9,92,8.9,0
2025-10-08T07:00:00Z,0,0,0,93,10.5,93,9.2,0
2025-10-08T08:00:00Z,0,0,0,93,10,93,8.6,0
2025-10-08T09:00:00Z,0,0,0,64,9,95,8.3,0
2025-10-08T10:00:00Z,0,0,0,55,8.6,94,6.3,0
2025-10-08T11:00:00Z,0,0,0,33,8.2,96,6,0
2025-10-08T12:00:00Z,27,15,12,33,9,93,6.3,0
2025-10-08T13:00:00Z,127,62,65,46,10.5,87,9.8,0
2025-10-08T14:00:00Z,288,210,78,47,11.8,75,13.2,0
2025-10-08T15:00:00Z,423,312,111,57,12.5,65,15.5,0.2
2025-10-08T16:00:00Z,511,389,122,62,12.5,67,17.3,0.1
2025-10-08T17:00:00Z,523,396,127,73,12.8,64,18.4,0
2025-10-08T18:00:00Z,485,390,95,40,12.2,62,18,0
2025-10-08T19:00:00Z,452,314,138,36,12.2,60,18.9,0
2025-10-08T20:00:00Z,353,241,112,13,11.8,61,18.6,0
2025-10-08T21:00:00Z,258,186,72,1,11.3,57,17,0
2025-10-08T22:00:00Z,121,77,44,0,10.3,53,14.6,0
2025-10-08T23:00:00Z,8,4,4,0,8.2,57,13.8,0
2025-10-09T00:00:00Z,0,0,0,0,6.9,60,14,0
2025-10-09T01:00:00Z,0,0,0,0,5.9,62,14.3,0
2025-10-09T02:00:00Z,0,0,0,0,5.1,64,13.8,0
2025-10-09T03:00:00Z,0,0,0,0,4.2,65,12,0
2025-10-09T04:00:00Z,0,0,0,0,3.3,66,10.4,0
2025-10-09T05:00:00Z,0,0,0,0,2.6,71,9.6,0
2025-10-09T06:00:00Z,0,0,0,0,2.2,75,9.5,0
2025-10-09T07:00:00Z,0,0,0,0,1.7,80,9.7,0
2025-10-09T08:00:00Z,0,0,0,0,1.5,83,10.2,0
2025-10-09T09:00:00Z,0,0,0,0,1.3,86,10.5,0
2025-10-09T10:00:00Z,0,0,0,0,0.5,90,11.1,0
2025-10-09T11:00:00Z,0,0,0,0,0.4,91,10.5,0
2025-10-09T12:00:00Z,29,17,12,5,1.2,89,9.6,0
2025-10-09T13:00:00Z,174,124,50,15,3.5,78,11,0
2025-10-09T14:00:00Z,342,269,73,22,5.8,66,11.7,0
2025-10-09T15:00:00Z,486,406,80,22,7.7,53,12.4,0
2025-10-09T16:00:00Z,587,504,83,29,9.1,46,11.1,0
2025-10-09T17:00:00Z,624,519,105,9,9.9,43,10,0
2025-10-09T18:00:00Z,617,508,109,1,10.8,39,8.9,0
2025-10-09T19:00:00Z,552,448,104,0,11.3,38,7.5,0
2025-10-09T20:00:00Z,448,375,73,0,11.5,36,5.7,0
2025-10-09T21:00:00Z,293,232,61,0,11.5,35,4.9,0
2025-10-09T22:00:00Z,121,83,38,0,9.2,46,4.8,0
2025-10-09T23:00:00Z,7,3,4,0,5.2,68,5.5,0
2025-10-10T00:00:00Z,0,0,0,0,3.1,77,5.1,0
2025-10-10T01:00:00Z,0,0,0,0,2.7,77,6.3,0
2025-10-10T02:00:00Z,0,0,0,0,4,70,6.1,0
2025-10-10T03:00:00Z,0,0,0,0,2.6,82,5.9,0
2025-10-10T04:00:00Z,0,0,0,0,1.3,89,5.9,0
2025-10-10T05:00:00Z,0,0,0,0,0.5,92,6.5,0
2025-10-10T06:00:00Z,0,0,0,0,0.6,88,8.3,0
2025-10-10T07:00:00Z,0,0,0,3,0.6,87,8.1,0
2025-10-10T08:00:00Z,0,0,0,0,0.1,88,7.8,0
2025-10-10T09:00:00Z,0,0,0,19,-0.2,89,8.1,0
2025-10-10T10:00:00Z,0,0,0,52,-1.8,93,6.2,0
2025-10-10T11:00:00Z,0,0,0,45,-2.1,94,6.9,0
2025-10-10T12:00:00Z,27,16,11,12,-0.2,93,6,0
2025-10-10T13:00:00Z,172,125,47,35,2.7,85,6.7,0
2025-10-10T14:00:00Z,338,269,69,92,6.5,72,6.9,0
2025-10-10T15:00:00Z,476,387,89,98,9.4,58,8,0
2025-10-10T16:00:00Z,576,479,97,94,11.4,52,10.1,0
2025-10-10T17:00:00Z,623,524,99,90,12.9,48,12.4,0
2025-10-10T18:00:00Z,601,486,115,88,14.1,45,12.6,0
2025-10-10T19:00:00Z,536,427,109,98,14.9,43,12.5,0
2025-10-10T20:00:00Z,369,208,161,100,15.1,43,13,0
2025-10-10T21:00:00Z,214,81,133,93,14.7,43,11.2,0
2025-10-10T22:00:00Z,84,22,62,56,13,49,10.7,0
2025-10-10T23:00:00Z,5,1,4,44,10.6,57,11,0
2025-10-11T00:00:00Z,0,0,0,35,8.9,66,10.3,0
2025-10-11T01:00:00Z,0,0,0,17,8.1,71,6.8,0
2025-10-11T02:00:00Z,0,0,0,22,7.2,77,7.2,0
2025-10-11T03:00:00Z,0,0,0,18,6.8,80,6.1,0
2025-10-11T04:00:00Z,0,0,0,71,6.9,81,7.8,0
2025-10-11T05:00:00Z,0,0,0,82,6.6,83,8.5,0.5
2025-10-11T06:00:00Z,0,0,0,77,6.7,85,8,0.5
2025-10-11T07:00:00Z,0,0,0,70,6.6,86,6.5,0
2025-10-11T08:00:00Z,0,0,0,85,6.9,87,5.9,0.2
2025-10-11T09:00:00Z,0,0,0,76,7,89,5.4,0.1
2025-10-11T10:00:00Z,0,0,0,68,6.8,89,5.7,0.1
2025-10-11T11:00:00Z,0,0,0,65,6.3,90,6.6,0.3
2025-10-11T12:00:00Z,20,9,11,57,7.5,90,7,0
2025-10-11T13:00:00Z,143,93,50,41,9.6,83,6.7,0
2025-10-11T14:00:00Z,303,227,76,10,11.5,77,6.6,0
2025-10-11T15:00:00Z,457,381,76,8,14,69,6.6,0
2025-10-11T16:00:00Z,537,452,85,5,15.6,63,6.4,0
2025-10-11T17:00:00Z,544,431,113,4,16.4,59,6.6,0
2025-10-11T18:00:00Z,549,456,93,7,17.5,56,6.9,0
2025-10-11T19:00:00Z,480,378,102,10,18,54,7.1,0
2025-10-11T20:00:00Z,386,303,83,22,17.9,53,6.5,0
2025-10-11T21:00:00Z,205,121,84,9,17.5,54,5.2,0
2025-10-11T22:00:00Z,92,56,36,5,15.4,63,5.3,0
2025-10-11T23:00:00Z,4,1,3,7,12.9,71,6.9,0
2025-10-12T00:00:00Z,0,0,0,2,11.9,74,8.5,0
2025-10-12T01:00:00Z,0,0,0,1,10.9,76,9,0
2025-10-12T02:00:00Z,0,0,0,0,10.4,78,8.9,0
2025-10-12T03:00:00Z,0,0,0,0,9.3,81,9.2,0
2025-10-12T04:00:00Z,0,0,0,0,8.4,83,9.8,0
2025-10-12T05:00:00Z,0,0,0,0,7.5,86,11.2,0
2025-10-12T06:00:00Z,0,0,0,0,6.9,89,12,0
2025-10-12T07:00:00Z,0,0,0,0,6.3,91,11.8,0
2025-10-12T08:00:00Z,0,0,0,0,5.9,93,11.2,0
2025-10-12T09:00:00Z,0,0,0,0,5.8,94,11.8,0
2025-10-12T10:00:00Z,0,0,0,0,5.9,92,12.1,0
2025-10-12T11:00:00Z,0,0,0,0,5.7,90,12.6,0
2025-10-12T12:00:00Z,23,12,11,0,6.6,86,13.1,0
2025-10-12T13:00:00Z,160,114,46,0,9.6,76,13.2,0
2025-10-12T14:00:00Z,324,260,64,0,12.8,65,13.8,0
2025-10-12T15:00:00Z,465,390,75,0,15.2,56,13.9,0
2025-10-12T16:00:00Z,565,485,80,0,17.3,49,13.6,0
2025-10-12T17:00:00Z,611,528,83,0,18.5,45,13.5,0
2025-10-12T18:00:00Z,600,518,82,0,19.4,41,13.4,0
2025-10-12T19:00:00Z,536,458,78,0,19.9,38,14.1,0
2025-10-12T20:00:00Z,422,351,71,0,19.7,38,15,0
2025-10-12T21:00:00Z,268,210,58,0,18.8,39,14,0
2025-10-12T22:00:00Z,102,68,34,0,16.9,45,12.4,0
2025-10-12T23:00:00Z,4,1,3,2,14.7,55,12.8,0
2025-10-13T00:00:00Z,0,0,0,1,13.7,61,12.8,0
2025-10-13T01:00:00Z,0,0,0,1,12.8,66,13.4,0
2025-10-13T02:00:00Z,0,0,0,3,11.6,69,13.9,0
2025-10-13T03:00:00Z,0,0,0,2,10.7,72,13.8,0
2025-10-13T04:00:00Z,0,0,0,0,9.4,76,13,0
2025-10-13T05:00:00Z,0,0,0,0,8.7,79,12.5,0
2025-10-13T06:00:00Z,0,0,0,0,8,81,11.8,0
2025-10-13T07:00:00Z,0,0,0,1,7.8,82,11.3,0
2025-10-13T08:00:00Z,0,0,0,0,7.4,83,11.8,0
2025-10-13T09:00:00Z,0,0,0,9,7.2,84,12.5,0
2025-10-13T10:00:00Z,0,0,0,51,7.2,85,10.8,0
2025-10-13T11:00:00Z,0,0,0,41,7,85,12.1,0
2025-10-13T12:00:00Z,20,10,10,13,7.4,84,11.3,0
2025-10-13T13:00:00Z,145,96,49,36,9.3,77,10.4,0
2025-10-13T14:00:00Z,296,218,78,92,11.1,68,12.7,0
2025-10-13T15:00:00Z,440,351,89,91,12.9,60,13.2,0
2025-10-13T16:00:00Z,556,482,74,63,14.3,55,11.9,0
2025-10-13T17:00:00Z,532,406,126,73,15.8,50,11.2,0
2025-10-13T18:00:00Z,458,317,141,67,16.9,47,10,0
2025-10-13T19:00:00Z,444,316,128,55,17.4,45,8.9,0
2025-10-13T20:00:00Z,302,159,143,91,17.2,44,10.2,0
2025-10-13T21:00:00Z,147,58,89,92,16.6,48,11.9,0
2025-10-13T22:00:00Z,41,9,32,100,15.2,51,11.4,0
2025-10-13T23:00:00Z,1,0,1,100,14,56,10.6,0
2025-10-14T00:00:00Z,0,0,0,100,13.6,58,10,0
2025-10-14T01:00:00Z,0,0,0,100,13.4,60,8.9,0
2025-10-14T02:00:00Z,0,0,0,100,12.9,64,9.3,0
2025-10-14T03:00:00Z,0,0,0,100,12,71,8.8,0
2025-10-14T04:00:00Z,0,0,0,100,11.4,75,9.6,0
2025-10-14T05:00:00Z,0,0,0,100,10.5,82,7.9,0
2025-10-14T06:00:00Z,0,0,0,100,9.7,89,5.2,0
2025-10-14T07:00:00Z,0,0,0,100,10.2,85,5.9,0
2025-10-14T08:00:00Z,0,0,0,100,10.1,86,5.8,0
2025-10-14T09:00:00Z,0,0,0,100,9.6,89,4.9,0
2025-10-14T10:00:00Z,0,0,0,100,9.5,88,3.2,0
2025-10-14T11:00:00Z,0,0,0,100,9.1,92,1.8,0
2025-10-14T12:00:00Z,6,0,6,100,9.5,90,2.7,0
2025-10-14T13:00:00Z,56,12,44,100,11,79,2.8,0
2025-10-14T14:00:00Z,133,56,77,98,12.5,70,3.6,0
2025-10-14T15:00:00Z,252,143,109,85,14.8,62,4.1,0
2025-10-14T16:00:00Z,437,340,97,60,16.7,57,3.3,0
2025-10-14T17:00:00Z,505,403,102,10,18.2,53,3.3,0
2025-10-14T18:00:00Z,569,474,95,2,19.4,51,4.7,0
2025-10-14T19:00:00Z,511,430,81,0,20.5,49,6.7,0
2025-10-14T20:00:00Z,403,337,66,3,21.1,49,8.4,0
2025-10-14T21:00:00Z,248,188,60,10,20.8,51,7.4,0
2025-10-14T22:00:00Z,82,49,33,45,18.4,61,7.4,0
2025-10-14T23:00:00Z,2,0,2,36,16.4,67,8.4,0
2025-10-15T00:00:00Z,0,0,0,13,15.4,70,10.1,0
2025-10-15T01:00:00Z,0,0,0,13,14.7,68,13.6,0
2025-10-15T02:00:00Z,0,0,0,100,13.9,64,16.7,0
2025-10-15T03:00:00Z,0,0,0,100,12.5,63,17.8,0
2025-10-15T04:00:00Z,0,0,0,99,11.2,64,17.9,0
2025-10-15T05:00:00Z,0,0,0,100,10.4,62,17.4,0
2025-10-15T06:00:00Z,0,0,0,100,9.8,60,17.3,0
2025-10-15T07:00:00Z,0,0,0,100,9.1,61,17.7,0
2025-10-15T08:00:00Z,0,0,0,100,8.5,59,17.6,0
2025-10-15T09:00:00Z,0,0,0,97,8,57,17,0
2025-10-15T10:00:00Z,0,0,0,98,7.1,57,13.9,0
2025-10-15T11:00:00Z,0,0,0,97,6.7,60,12.8,0
2025-10-15T12:00:00Z,13,3,10,98,6.7,63,12.4,0
2025-10-15T13:00:00Z,85,14,71,83,7.5,62,13.9,0
2025-10-15T14:00:00Z,271,158,113,84,8.7,58,14,0
2025-10-15T15:00:00Z,428,317,111,68,10.4,50,14.9,0
2025-10-15T16:00:00Z,520,395,125,100,11.5,45,16.1,0
2025-10-15T17:00:00Z,548,396,152,92,12,45,15,0
2025-10-15T18:00:00Z,524,371,153,64,12.5,43,15.6,0
2025-10-15T19:00:00Z,478,355,123,24,12.8,43,15.7,0
2025-10-15T20:00:00Z,373,266,107,8,12.6,43,15.5,0
2025-10-15T21:00:00Z,252,195,57,1,12,43,15.1,0
2025-10-15T22:00:00Z,88,57,31,3,9.9,49,11.2,0
2025-10-15T23:00:00Z,2,0,2,8,8.2,55,11.7,0
2025-10-16T00:00:00Z,0,0,0,14,7.1,59,12.2,0
2025-10-16T01:00:00Z,0,0,0,27,5.9,62,13.3,0
2025-10-16T02:00:00Z,0,0,0,38,5.3,63,14.2,0
2025-10-16T03:00:00Z,0,0,0,31,4.5,65,14,0
2025-10-16T04:00:00Z,0,0,0,45,4,65,14.3,0
2025-10-16T05:00:00Z,0,0,0,65,3.9,64,14.1,0
2025-10-16T06:00:00Z,0,0,0,97,3.6,64,13.5,0
2025-10-16T07:00:00Z,0,0,0,97,3.1,67,13,0
2025-10-16T08:00:00Z,0,0,0,85,2.9,69,12.2,0
2025-10-16T09:00:00Z,0,0,0,6,1.8,75,12.5,0
2025-10-16T10:00:00Z,0,0,0,17,0.9,79,10.9,0
2025-10-16T11:00:00Z,0,0,0,4,0.9,79,10.9,0
2025-10-16T12:00:00Z,16,8,8,2,1.8,78,11.8,0
2025-10-16T13:00:00Z,145,102,43,0,4.3,70,12.7,0
2025-10-16T14:00:00Z,308,245,63,0,6.8,60,14,0
2025-10-16T15:00:00Z,451,377,74,0,9.5,48,15.6,0
2025-10-16T16:00:00Z,546,469,77,0,11,41,17.5,0
2025-10-16T17:00:00Z,592,512,80,0,12.5,35,18.7,0
2025-10-16T18:00:00Z,561,460,101,3,13.8,32,19.9,0
2025-10-16T19:00:00Z,509,421,88,40,14.5,31,20.7,0
2025-10-16T20:00:00Z,380,282,98,90,13.9,34,20.5,0
2025-10-16T21:00:00Z,229,151,78,26,13.3,36,17.4,0
2025-10-16T22:00:00Z,75,43,32,47,11.4,40,13.6,0
2025-10-16T23:00:00Z,1,0,1,19,9.1,47,12.1,0
2025-10-17T00:00:00Z,0,0,0,0,7.4,54,12.2,0
2025-10-17T01:00:00Z,0,0,0,0,6.7,59,12,0
2025-10-17T02:00:00Z,0,0,0,5,5.8,63,11.2,0
2025-10-17T03:00:00Z,0,0,0,4,4.6,68,11.8,0
2025-10-17T04:00:00Z,0,0,0,11,3.3,76,11.2,0
2025-10-17T05:00:00Z,0,0,0,69,2.7,82,9.8,0
2025-10-17T06:00:00Z,0,0,0,74,1.6,87,8.7,0
2025-10-17T07:00:00Z,0,0,0,95,1.2,89,8.6,0
2025-10-17T08:00:00Z,0,0,0,3,0.6,92,7.9,0
2025-10-17T09:00:00Z,0,0,0,12,0,94,8.1,0
2025-10-17T10:00:00Z,0,0,0,98,-0.5,97,7.5,0
2025-10-17T11:00:00Z,0,0,0,96,-0.9,99,5.1,0
2025-10-17T12:00:00Z,14,7,7,80,-0.1,99,5.5,0
2025-10-17T13:00:00Z,132,87,45,94,3.5,89,6,0
2025-10-17T14:00:00Z,263,158,105,100,6.1,77,4.2,0
2025-10-17T15:00:00Z,398,272,126,100,8.7,62,5,0
2025-10-17T16:00:00Z,488,337,151,99,10.1,55,4.7,0
2025-10-17T17:00:00Z,488,279,209,98,11.3,51,5.6,0
2025-10-17T18:00:00Z,444,200,244,76,11.9,48,5.9,0
2025-10-17T19:00:00Z,483,380,103,78,12.4,46,6.1,0
2025-10-17T20:00:00Z,363,260,103,47,12.6,44,6.5,0
2025-10-17T21:00:00Z,220,146,74,46,12.2,45,5.6,0
2025-10-17T22:00:00Z,70,32,38,90,11.4,45,3.6,0
2025-10-17T23:00:00Z,1,0,1,99,10.1,54,4,0
2025-10-18T00:00:00Z,0,0,0,89,8.8,64,4,0
2025-10-18T01:00:00Z,0,0,0,100,7.6,74,4.7,0
2025-10-18T02:00:00Z,0,0,0,100,7.6,74,5.2,0
2025-10-18T03:00:00Z,0,0,0,100,7.8,70,6.7,0
2025-10-18T04:00:00Z,0,0,0,100,7.8,69,6.6,0
2025-10-18T05:00:00Z,0,0,0,100,7.5,71,6.6,0
2025-10-18T06:00:00Z,0,0,0,100,7.9,75,7.1,0.1
2025-10-18T07:00:00Z,0,0,0,98,8,79,7,0
2025-10-18T08:00:00Z,0,0,0,100,8.2,83,7.9,0
2025-10-18T09:00:00Z,0,0,0,99,8.7,83,8.6,0
2025-10-18T10:00:00Z,0,0,0,98,8.2,91,9.4,0
2025-10-18T11:00:00Z,0,0,0,100,8.5,92,9.8,0
2025-10-18T12:00:00Z,4,1,3,100,8.9,92,10.4,0.1
2025-10-18T13:00:00Z,28,9,19,89,9.1,94,11,0.1
2025-10-18T14:00:00Z,49,0,49,55,9.7,93,11.2,0.1
2025-10-18T15:00:00Z,85,2,83,26,10.7,89,11.3,0
2025-10-18T16:00:00Z,172,2,170,38,12.5,79,12.3,0
2025-10-18T17:00:00Z,288,121,167,29,14.6,67,13,0
2025-10-18T18:00:00Z,393,253,140,56,16.5,57,14.4,0
2025-10-18T19:00:00Z,428,315,113,54,17.2,54,15.6,0
2025-10-18T20:00:00Z,267,169,98,49,17.7,52,15.4,0
2025-10-18T21:00:00Z,152,97,55,46,16.9,55,13.3,0.2
2025-10-18T22:00:00Z,51,31,20,88,16.6,56,11.2,0
2025-10-18T23:00:00Z,0,0,0,78,15.2,62,10.8,0
2025-10-19T00:00:00Z,0,0,0,97,14.1,67,10.7,0
2025-10-19T01:00:00Z,0,0,0,92,13.3,71,8.1,0
2025-10-19T02:00:00Z,0,0,0,99,12.7,74,8.6,0
2025-10-19T03:00:00Z,0,0,0,100,12.4,76,8.7,0
2025-10-19T04:00:00Z,0,0,0,100,11.9,79,9.1,0
2025-10-19T05:00:00Z,0,0,0,100,11.7,79,9.4,0
2025-10-19T06:00:00Z,0,0,0,100,11.6,79,8.8,0
2025-10-19T07:00:00Z,0,0,0,90,11.4,79,8.5,0
2025-10-19T08:00:00Z,0,0,0,100,10.9,79,10.4,0
2025-10-19T09:00:00Z,0,0,0,43,11.1,77,10.9,0
2025-10-19T10:00:00Z,0,0,0,46,10.7,77,11.2,0
2025-10-19T11:00:00Z,0,0,0,21,10.4,78,12.4,0
2025-10-19T12:00:00Z,11,5,6,95,10.7,77,13.5,0
2025-10-19T13:00:00Z,108,56,52,100,12.6,70,14,0
2025-10-19T14:00:00Z,183,70,113,100,14.9,62,13.7,0
2025-10-19T15:00:00Z,298,164,134,100,17.6,54,15,0
2025-10-19T16:00:00Z,405,258,147,100,20.3,47,16.2,0
2025-10-19T17:00:00Z,411,243,168,69,22.2,44,17.7,0
2025-10-19T18:00:00Z,440,299,141,98,23.9,42,20.1,0
2025-10-19T19:00:00Z,440,317,123,54,24.9,41,21.4,0
2025-10-19T20:00:00Z,336,243,93,86,25.2,43,20.6,0
2025-10-19T21:00:00Z,203,135,68,45,24.7,44,21.1,0
2025-10-19T22:00:00Z,53,20,33,99,23.3,48,22.6,0
2025-10-19T23:00:00Z,0,0,0,100,22.2,51,22.9,0
2025-10-20T00:00:00Z,0,0,0,100,21.5,53,22,0
2025-10-20T01:00:00Z,0,0,0,97,21.1,54,20.6,0
2025-10-20T02:00:00Z,0,0,0,100,21.1,54,20.1,0
2025-10-20T03:00:00Z,0,0,0,100,21,55,18.4,0
2025-10-20T04:00:00Z,0,0,0,100,20.3,58,15.2,0.2
2025-10-20T05:00:00Z,0,0,0,100,18.5,74,14.8,0.5
2025-10-20T06:00:00Z,0,0,0,100,17.7,78,13.5,0.2
2025-10-20T07:00:00Z,0,0,0,100,17.1,82,11,0.1
2025-10-20T08:00:00Z,0,0,0,100,16.7,86,8.3,0
2025-10-20T09:00:00Z,0,0,0,100,16.2,88,5.7,0.5
2025-10-20T10:00:00Z,0,0,0,100,15.5,90,4,1.1
2025-10-20T11:00:00Z,0,0,0,100,15.4,89,1.8,0.3
2025-10-20T12:00:00Z,4,0,4,100,15.1,92,3.1,0
2025-10-20T13:00:00Z,31,6,25,100,15.4,93,2.5,0.3
2025-10-20T14:00:00Z,72,7,65,96,15.8,90,5.2,0.5
2025-10-20T15:00:00Z,94,8,86,70,16.1,87,9.6,0
2025-10-20T16:00:00Z,102,1,101,92,15.4,89,12.5,0
2025-10-20T17:00:00Z,81,2,79,100,14.6,90,14.1,0
2025-10-20T18:00:00Z,176,36,140,100,14,87,16.3,0
2025-10-20T19:00:00Z,118,13,105,100,13.6,84,17.8,0
2025-10-20T20:00:00Z,76,6,70,100,12.8,82,20.4,0
2025-10-20T21:00:00Z,32,3,29,100,12.2,81,21,0
2025-10-20T22:00:00Z,6,0,6,100,11.5,85,23.7,0
2025-10-20T23:00:00Z,0,0,0,100,10.6,87,21.7,0.1
2025-10-21T00:00:00Z,0,0,0,100,10.3,87,23.7,0.1
2025-10-21T01:00:00Z,0,0,0,100,10.1,86,23.7,0.1
2025-10-21T02:00:00Z,0,0,0,97,9.8,86,22.2,0.1
2025-10-21T03:00:00Z,0,0,0,100,9.5,85,22.1,0.2
2025-10-21T04:00:00Z,0,0,0,100,8.9,86,21,0.3
2025-10-21T05:00:00Z,0,0,0,98,8.7,83,18.8,0.1
2025-10-21T06:00:00Z,0,0,0,100,8.7,80,18.4,0
2025-10-21T07:00:00Z,0,0,0,100,8.7,78,18.2,0
2025-10-21T08:00:00Z,0,0,0,100,8.6,76,15.9,0
2025-10-21T09:00:00Z,0,0,0,100,8.4,77,13.9,0
2025-10-21T10:00:00Z,0,0,0,100,7.9,78,13.7,0
2025-10-21T11:00:00Z,0,0,0,100,7.6,77,12.4,0
2025-10-21T12:00:00Z,3,0,3,88,7.3,77,11.6,0
2025-10-21T13:00:00Z,68,39,29,26,8.1,76,10.4,0
2025-10-21T14:00:00Z,181,102,79,7,9.8,74,8.1,0
2025-10-21T15:00:00Z,344,238,106,28,11.2,70,9,0
2025-10-21T16:00:00Z,490,384,106,43,12.7,63,8,0
2025-10-21T17:00:00Z,518,400,118,34,13.7,56,10.3,0
2025-10-21T18:00:00Z,492,399,93,55,14.1,53,12.3,0
2025-10-21T19:00:00Z,340,209,131,91,14.5,52,13.9,0
2025-10-21T20:00:00Z,180,70,110,68,13.8,57,11.1,0.4
2025-10-21T21:00:00Z,121,56,65,92,13.3,63,10.8,0.1
2025-10-21T22:00:00Z,42,22,20,61,13.1,67,10.5,0
2025-10-21T23:00:00Z,0,0,0,59,12.3,72,11.6,0
2025-10-22T00:00:00Z,0,0,0,47,11.5,76,10.9,0
2025-10-22T01:00:00Z,0,0,0,39,10.9,79,9.1,0
2025-10-22T02:00:00Z,0,0,0,32,9.6,84,8.1,0
2025-10-22T03:00:00Z,0,0,0,34,8.1,90,6.6,0
2025-10-22T04:00:00Z,0,0,0,40,7.6,92,5.2,0
2025-10-22T05:00:00Z,0,0,0,62,6.6,95,6.4,0
2025-10-22T06:00:00Z,0,0,0,55,5.7,98,6.1,0
2025-10-22T07:00:00Z,0,0,0,49,5.9,98,5.8,0
2025-10-22T08:00:00Z,0,0,0,50,6.1,99,9.2,0
2025-10-22T09:00:00Z,0,0,0,45,6.8,99,8.8,0
2025-10-22T10:00:00Z,0,0,0,55,6.8,98,7.6,0
2025-10-22T11:00:00Z,0,0,0,27,6.5,99,8,0.3
2025-10-22T12:00:00Z,7,2,5,49,7.1,97,8.8,0.7
2025-10-22T13:00:00Z,93,40,53,90,8.4,93,8,0.8
2025-10-22T14:00:00Z,147,50,97,100,9.3,91,7.3,1
2025-10-22T15:00:00Z,150,38,112,100,10,92,7.4,0.6
2025-10-22T16:00:00Z,185,12,173,100,10.3,95,7.3,0.4
2025-10-22T17:00:00Z,213,40,173,100,10.5,94,8.9,0.4
2025-10-22T18:00:00Z,272,56,216,98,11.1,88,8.6,0.2
2025-10-22T19:00:00Z,221,74,147,92,11.2,84,10.4,0.2
2025-10-22T20:00:00Z,203,69,134,75,11.1,81,12.6,0.7
2025-10-22T21:00:00Z,153,84,69,64,11.3,77,12.2,0.2
2025-10-22T22:00:00Z,39,22,17,57,9.9,83,8.5,0
2025-10-22T23:00:00Z,0,0,0,55,8.8,86,12.8,0.2
2025-10-23T00:00:00Z,0,0,0,57,8.2,87,13.2,0
2025-10-23T01:00:00Z,0,0,0,87,7.6,89,10.9,0
2025-10-23T02:00:00Z,0,0,0,93,7.2,91,9.3,0
2025-10-23T03:00:00Z,0,0,0,61,7,93,9.6,0.2
2025-10-23T04:00:00Z,0,0,0,82,6.8,94,9.6,0
2025-10-23T05:00:00Z,0,0,0,84,6.5,97,9,0.1
2025-10-23T06:00:00Z,0,0,0,93,6.2,99,7.9,0
2025-10-23T07:00:00Z,0,0,0,96,6,100,6.8,0
2025-10-23T08:00:00Z,0,0,0,93,5.8,100,6.5,0
2025-10-23T09:00:00Z,0,0,0,87,5.8,99,7.7,0
2025-10-23T10:00:00Z,0,0,0,81,6.1,100,6.2,0
2025-10-23T11:00:00Z,0,0,0,96,6,99,6.7,0
2025-10-23T12:00:00Z,6,1,5,93,5.9,98,8.7,0
2025-10-23T13:00:00Z,84,41,43,87,6.5,92,10.8,0
2025-10-23T14:00:00Z,157,63,94,97,7.7,86,11.2,0
2025-10-23T15:00:00Z,225,73,152,93,9,78,12.8,0.1
2025-10-23T16:00:00Z,182,45,137,100,8.9,77,13.8,0.1
2025-10-23T17:00:00Z,250,97,153,100,9.5,74,13.9,0.1
2025-10-23T18:00:00Z,237,45,192,100,9.8,74,13.9,0
2025-10-23T19:00:00Z,197,68,129,96,9.6,77,15.6,0.1
2025-10-23T20:00:00Z,204,95,109,89,9.3,79,12.5,0.1
2025-10-23T21:00:00Z,117,49,68,71,9.2,79,10,0
2025-10-23T22:00:00Z,47,24,23,28,8.4,80,10.9,0
2025-10-23T23:00:00Z,0,0,0,41,7.4,84,10.7,0
2025-10-24T00:00:00Z,0,0,0,71,6.5,87,8.2,0
2025-10-24T01:00:00Z,0,0,0,85,6.2,87,8.5,0
2025-10-24T02:00:00Z,0,0,0,18,5.3,89,8.4,0
2025-10-24T03:00:00Z,0,0,0,0,4.9,89,7.4,0
2025-10-24T04:00:00Z,0,0,0,7,4.2,89,7,0
2025-10-24T05:00:00Z,0,0,0,11,3.8,89,6.4,0
2025-10-24T06:00:00Z,0,0,0,86,3.3,91,4.8,0
2025-10-24T07:00:00Z,0,0,0,98,3.1,92,5.5,0
2025-10-24T08:00:00Z,0,0,0,99,3,92,5.3,0
2025-10-24T09:00:00Z,0,0,0,100,3,93,4.3,0
2025-10-24T10:00:00Z,0,0,0,98,3.5,94,3.7,0
2025-10-24T11:00:00Z,0,0,0,95,3.4,95,2.5,0.1
2025-10-24T12:00:00Z,3,0,3,91,3.6,94,2.1,0.2
2025-10-24T13:00:00Z,35,1,34,55,4.6,93,2.9,0.2
2025-10-24T14:00:00Z,148,71,77,44,5.8,90,6,0.1
2025-10-24T15:00:00Z,216,104,112,42,6.8,88,7.2,0.1
2025-10-24T16:00:00Z,422,293,129,49,7.9,83,7.2,0.1
2025-10-24T17:00:00Z,412,266,146,50,8.3,78,6.9,0.2
2025-10-24T18:00:00Z,451,315,136,37,8.7,74,8.5,0.1
2025-10-24T19:00:00Z,361,235,126,49,8.9,69,10.9,0.1
2025-10-24T20:00:00Z,261,148,113,48,8.8,64,12.3,0
2025-10-24T21:00:00Z,162,93,69,67,8.4,59,11.3,0
2025-10-24T22:00:00Z,50,30,20,33,7.2,67,8.8,0
2025-10-24T23:00:00Z,0,0,0,42,6.1,73,10.4,0
2025-10-25T00:00:00Z,0,0,0,37,5.9,76,10.8,0
2025-10-25T01:00:00Z,0,0,0,54,5.8,80,10.9,0
2025-10-25T02:00:00Z,0,0,0,58,5.3,85,10.8,0
2025-10-25T03:00:00Z,0,0,0,21,4.9,87,10.6,0
2025-10-25T04:00:00Z,0,0,0,8,4.5,89,10.5,0
2025-10-25T05:00:00Z,0,0,0,1,4.1,90,10.3,0
2025-10-25T06:00:00Z,0,0,0,4,3.8,92,10.1,0
2025-10-25T07:00:00Z,0,0,0,7,3.2,94,9.7,0
2025-10-25T08:00:00Z,0,0,0,20,2.8,95,9.6,0
2025-10-25T09:00:00Z,0,0,0,37,2.4,97,9.1,0
2025-10-25T10:00:00Z,0,0,0,54,2.3,96,10.2,0
2025-10-25T11:00:00Z,0,0,0,43,2.3,96,9.6,0
2025-10-25T12:00:00Z,4,1,3,28,2.3,97,8.8,0
2025-10-25T13:00:00Z,84,47,37,47,4,91,10.2,0
2025-10-25T14:00:00Z,207,140,67,78,5.7,80,10.2,0
2025-10-25T15:00:00Z,291,188,103,100,7.1,72,11.9,0.1
2025-10-25T16:00:00Z,263,91,172,82,7.8,66,12.7,0.1
2025-10-25T17:00:00Z,226,42,184,87,8.2,65,13.1,0
2025-10-25T18:00:00Z,200,53,147,88,8.6,61,12.7,0.1
2025-10-25T19:00:00Z,239,87,152,77,8.5,60,11.8,0.1
2025-10-25T20:00:00Z,192,80,112,91,8.3,62,11.3,0
2025-10-25T21:00:00Z,97,22,75,84,7.9,63,10.6,0
2025-10-25T22:00:00Z,27,7,20,85,6.8,65,7.9,0
2025-10-25T23:00:00Z,0,0,0,83,5.7,70,7,0
2025-10-26T00:00:00Z,0,0,0,65,4.8,75,6.1,0
2025-10-26T01:00:00Z,0,0,0,55,4.2,79,6.6,0
2025-10-26T02:00:00Z,0,0,0,58,3.8,82,7.4,0
2025-10-26T03:00:00Z,0,0,0,58,3.2,84,7.8,0
2025-10-26T04:00:00Z,0,0,0,53,2.6,87,7.8,0
2025-10-26T05:00:00Z,0,0,0,30,2,89,7.5,0
2025-10-26T06:00:00Z,0,0,0,17,1.7,91,7.6,0
2025-10-26T07:00:00Z,0,0,0,21,1.8,91,8.2,0
2025-10-26T08:00:00Z,0,0,0,17,1.5,92,8.5,0
2025-10-26T09:00:00Z,0,0,0,14,1.3,94,8.7,0
2025-10-26T10:00:00Z,0,0,0,9,0.6,95,7.3,0
2025-10-26T11:00:00Z,0,0,0,44,0.2,95,7.5,0
2025-10-26T12:00:00Z,5,1,4,46,0.3,94,8.2,0
2025-10-26T13:00:00Z,91,53,38,62,2.6,85,9.7,0
2025-10-26T14:00:00Z,196,122,74,100,4.3,76,10.1,0
2025-10-26T15:00:00Z,259,119,140,100,5.9,69,9.7,0
2025-10-26T16:00:00Z,284,75,209,100,6.7,63,9.8,0
2025-10-26T17:00:00Z,245,49,196,100,7.2,60,9.8,0
2025-10-26T18:00:00Z,209,34,175,96,7.7,58,9.3,0
2025-10-26T19:00:00Z,214,30,184,100,8,57,8.7,0
2025-10-26T20:00:00Z,155,17,138,100,7.9,58,8.8,0
2025-10-26T21:00:00Z,79,9,70,100,7.5,58,9,0
2025-10-26T22:00:00Z,17,1,16,96,6.2,63,7.2,0
2025-10-26T23:00:00Z,0,0,0,95,4.8,72,6.4,0
2025-10-27T00:00:00Z,0,0,0,89,4,77,6.5,0
2025-10-27T01:00:00Z,0,0,0,84,3.4,80,6.4,0
2025-10-27T02:00:00Z,0,0,0,83,2.7,82,6.4,0
2025-10-27T03:00:00Z,0,0,0,77,2.1,84,6.2,0
2025-10-27T04:00:00Z,0,0,0,71,1.5,87,6.1,0
2025-10-27T05:00:00Z,0,0,0,69,1.1,88,6.5,0
2025-10-27T06:00:00Z,0,0,0,75,0.3,91,6.6,0
2025-10-27T07:00:00Z,0,0,0,70,0.5,92,6.6,0
2025-10-27T08:00:00Z,0,0,0,78,0.1,93,7.2,0
2025-10-27T09:00:00Z,0,0,0,76,0.4,94,7.7,0
2025-10-27T10:00:00Z,0,0,0,63,0.6,94,8.9,0
2025-10-27T11:00:00Z,0,0,0,50,0.5,95,9.6,0
2025-10-27T12:00:00Z,3,1,2,42,0.5,95,9.4,0
2025-10-27T13:00:00Z,71,32,39,32,5.9,76,7.9,0
2025-10-27T14:00:00Z,182,99,83,26,6.8,72,6.9,0
2025-10-27T15:00:00Z,308,207,101,7,7.9,67,6.1,0
2025-10-27T16:00:00Z,456,357,99,7,8.7,62,5.9,0
2025-10-27T17:00:00Z,432,296,136,8,9.9,55,5.2,0
2025-10-27T18:00:00Z,403,216,187,64,11,51,5.9,0
2025-10-27T19:00:00Z,328,217,111,73,11.6,47,6.1,0
2025-10-27T20:00:00Z,232,95,137,97,11.9,45,6.9,0
2025-10-27T21:00:00Z,96,24,72,80,11.5,50,4.8,0
2025-10-27T22:00:00Z,24,6,18,67,9.4,54,3.7,0
2025-10-27T23:00:00Z,0,0,0,66,6.4,75,6.2,0
2025-10-28T00:00:00Z,0,0,0,64,5.3,81,7.4,0
2025-10-28T01:00:00Z,0,0,0,59,5.3,80,7.3,0
2025-10-28T02:00:00Z,0,0,0,4,3.5,87,6,0
2025-10-28T03:00:00Z,0,0,0,17,3.8,84,6.8,0
2025-10-28T04:00:00Z,0,0,0,15,3.6,83,6.5,0
2025-10-28T05:00:00Z,0,0,0,26,3.2,85,6.6,0
2025-10-28T06:00:00Z,0,0,0,6,3.9,82,5.7,0
2025-10-28T07:00:00Z,0,0,0,11,3.4,86,6.7,0
2025-10-28T08:00:00Z,0,0,0,3,2.5,91,6.8,0
2025-10-28T09:00:00Z,0,0,0,2,2,94,7.4,0
2025-10-28T10:00:00Z,0,0,0,3,-0.1,94,6.3,0
2025-10-28T11:00:00Z,0,0,0,0,-0,93,6.8,0
2025-10-28T12:00:00Z,4,1,3,0,0.5,93,7.9,0
2025-10-28T13:00:00Z,96,63,33,0,3,87,8.8,0
2025-10-28T14:00:00Z,249,192,57,0,5.9,77,7.8,0
2025-10-28T15:00:00Z,381,313,68,0,8.7,67,7.8,0
2025-10-28T16:00:00Z,477,400,77,0,10.4,58,8.2,0
2025-10-28T17:00:00Z,519,440,79,0,11.9,51,9,0
2025-10-28T18:00:00Z,494,397,97,0,12.7,48,9.8,0
2025-10-28T19:00:00Z,443,370,73,0,13.3,44,10.4,0
2025-10-28T20:00:00Z,329,264,65,0,13.6,42,10.6,0
2025-10-28T21:00:00Z,181,133,48,0,13,43,8,0
2025-10-28T22:00:00Z,39,23,16,0,9.3,58,5.5,0
2025-10-28T23:00:00Z,0,0,0,0,6.8,68,6.9,0
2025-10-29T00:00:00Z,0,0,0,0,5.2,73,7.3,0
2025-10-29T01:00:00Z,0,0,0,0,4,78,7.9,0
2025-10-29T02:00:00Z,0,0,0,0,3.1,81,8.7,0
2025-10-29T03:00:00Z,0,0,0,0,2.3,84,8.9,0
2025-10-29T04:00:00Z,0,0,0,0,1.9,84,8.4,0
2025-10-29T05:00:00Z,0,0,0,0,1.9,84,8.6,0
2025-10-29T06:00:00Z,0,0,0,0,1.4,84,8.8,0
2025-10-29T07:00:00Z,0,0,0,0,0.9,85,9.2,0
2025-10-29T08:00:00Z,0,0,0,0,0.5,86,8.7,0
2025-10-29T09:00:00Z,0,0,0,0,0.2,87,8.4,0
2025-10-29T10:00:00Z,0,0,0,0,-0.4,89,7.6,0
2025-10-29T11:00:00Z,0,0,0,0,-0.6,89,7.6,0
2025-10-29T12:00:00Z,3,1,2,5,-0.3,90,8,0
2025-10-29T13:00:00Z,94,61,33,0,2.4,87,9.3,0
2025-10-29T14:00:00Z,247,190,57,0,5.5,75,7.9,0
2025-10-29T15:00:00Z,383,313,70,0,8.6,61,8,0
2025-10-29T16:00:00Z,481,408,73,0,10.2,53,8.2,0
2025-10-29T17:00:00Z,523,449,74,0,11.2,46,7.7,0
2025-10-29T18:00:00Z,507,431,76,0,12,44,7.9,0
2025-10-29T19:00:00Z,439,367,72,0,12.4,41,7.7,0
2025-10-29T20:00:00Z,324,261,63,0,12.6,40,7.8,0
2025-10-29T21:00:00Z,176,128,48,5,11.5,46,7.2,0
2025-10-29T22:00:00Z,36,21,15,10,7.6,59,5.6,0
2025-10-29T23:00:00Z,0,0,0,17,5.4,67,7.2,0
2025-10-30T00:00:00Z,0,0,0,7,4.6,70,9,0
2025-10-30T01:00:00Z,0,0,0,12,3.6,75,8.3,0
2025-10-30T02:00:00Z,0,0,0,0,2.6,79,8.3,0
2025-10-30T03:00:00Z,0,0,0,1,1.6,83,7.8,0
2025-10-30T04:00:00Z,0,0,0,40,0.8,86,9.8,0
2025-10-30T05:00:00Z,0,0,0,19,0.6,89,9.4,0
2025-10-30T06:00:00Z,0,0,0,49,0.7,90,8.4,0
2025-10-30T07:00:00Z,0,0,0,63,0.3,91,9.5,0
2025-10-30T08:00:00Z,0,0,0,51,0.4,91,8.5,0
2025-10-30T09:00:00Z,0,0,0,100,0.8,91,7.9,0
2025-10-30T10:00:00Z,0,0,0,100,0.7,92,8.3,0
2025-10-30T11:00:00Z,0,0,0,100,1,92,7.4,0
2025-10-30T12:00:00Z,1,0,1,100,1.5,93,10.1,0
2025-10-30T13:00:00Z,29,0,29,100,2.2,91,8.3,0.1
2025-10-30T14:00:00Z,78,3,75,100,3,92,8.9,0.3
2025-10-30T15:00:00Z,85,3,82,100,3.6,96,10.3,0.7
2025-10-30T16:00:00Z,79,0,79,100,4.3,96,13,1.3
2025-10-30T17:00:00Z,59,0,59,100,4.6,97,14,2.2
2025-10-30T18:00:00Z,55,2,53,100,4.8,96,14,3.8
2025-10-30T19:00:00Z,27,0,27,100,5.1,95,15.1,1.5
2025-10-30T20:00:00Z,26,0,26,100,5.4,94,16.7,2.1
2025-10-30T21:00:00Z,10,0,10,100,5.6,94,19.5,4.1
2025-10-30T22:00:00Z,2,0,2,100,5.3,95,18.3,4.8
2025-10-30T23:00:00Z,0,0,0,100,5.5,94,17.9,1.5
2025-10-31T00:00:00Z,0,0,0,100,5.9,94,18.3,1.3
2025-10-31T01:00:00Z,0,0,0,100,6.1,94,17.5,1.4
2025-10-31T02:00:00Z,0,0,0,100,6.5,95,17.3,1.2
2025-10-31T03:00:00Z,0,0,0,100,6.6,95,16.5,1
2025-10-31T04:00:00Z,0,0,0,100,6.6,97,16.1,1.3
2025-10-31T05:00:00Z,0,0,0,100,6.8,97,15.3,1.1
2025-10-31T06:00:00Z,0,0,0,100,7,97,14.7,1.4
2025-10-31T07:00:00Z,0,0,0,100,7,97,14,1.3
2025-10-31T08:00:00Z,0,0,0,100,7,97,12.9,1.3
2025-10-31T09:00:00Z,0,0,0,100,7,97,12.4,1.3
2025-10-31T10:00:00Z,0,0,0,100,7.2,98,8.3,1.3
2025-10-31T11:00:00Z,0,0,0,100,6.9,98,9.5,2.3
2025-10-31T12:00:00Z,0,0,0,100,6.6,97,15.1,2.7
2025-10-31T13:00:00Z,3,0,3,100,6.6,96,16.5,2.4
2025-10-31T14:00:00Z,10,0,10,100,6.7,96,14.4,2.5
2025-10-31T15:00:00Z,16,0,16,100,6.7,96,14.6,2.7
2025-10-31T16:00:00Z,22,0,22,100,6.7,95,16.5,2.2
2025-10-31T17:00:00Z,26,0,26,100,6.7,95,18.3,1.8
2025-10-31T18:00:00Z,24,0,24,100,6.5,95,20.1,1.5
2025-10-31T19:00:00Z,30,0,30,100,6.2,94,20.6,0.8
2025-10-31T20:00:00Z,23,0,23,100,5.7,94,21.2,1.1
2025-10-31T21:00:00Z,12,0,12,100,5.4,93,21.2,1
2025-10-31T22:00:00Z,4,0,4,100,3.7,95,21.7,0.7
2025-10-31T23:00:00Z,0,0,0,100,4.2,93,22.7,0.6
2025-11-01T00:00:00Z,0,0,0,100,4.6,93,22.8,0.6
2025-11-01T01:00:00Z,0,0,0,100,4.7,93,26.2,0.7
2025-11-01T02:00:00Z,0,0,0,100,5,91,25.7,0.6
2025-11-01T03:00:00Z,0,0,0,100,5.2,88,25.3,0.3
2025-11-01T04:00:00Z,0,0,0,100,5.1,88,24.9,0.2
2025-11-01T05:00:00Z,0,0,0,100,4.9,88,24.4,0.1
2025-11-01T06:00:00Z,0,0,0,100,4.9,86,23.9,0
2025-11-01T07:00:00Z,0,0,0,100,4.8,83,23.1,0
2025-11-01T08:00:00Z,0,0,0,100,4.6,80,21.9,0
2025-11-01T09:00:00Z,0,0,0,100,4.2,79,20.4,0
2025-11-01T10:00:00Z,0,0,0,95,3.9,74,16.9,0
2025-11-01T11:00:00Z,0,0,0,90,3.6,75,17,0
2025-11-01T12:00:00Z,1,0,1,81,3.6,75,16.5,0
2025-11-01T13:00:00Z,49,13,36,88,4,75,16.1,0
2025-11-01T14:00:00Z,138,48,90,84,4.5,73,21.5,0.1
2025-11-01T15:00:00Z,241,134,107,89,5.3,68,19.4,0
2025-11-01T16:00:00Z,269,136,133,92,5.7,63,19.4,0
2025-11-01T17:00:00Z,229,51,178,100,5.8,59,19.9,0
2025-11-01T18:00:00Z,205,32,173,98,6,59,19.8,0
2025-11-01T19:00:00Z,169,27,142,87,6.3,57,18.7,0
2025-11-01T20:00:00Z,146,51,95,80,6.4,57,17.5,0
2025-11-01T21:00:00Z,85,20,65,85,6.1,59,14.1,0
2025-11-01T22:00:00Z,16,3,13,78,5.4,65,11.2,0
2025-11-01T23:00:00Z,0,0,0,63,4.6,69,10.7,0
2025-11-02T00:00:00Z,0,0,0,26,4.1,72,10.6,0
2025-11-02T01:00:00Z,0,0,0,16,3.9,75,11.3,0
2025-11-02T02:00:00Z,0,0,0,20,3.9,76,11.6,0
2025-11-02T03:00:00Z,0,0,0,19,3.5,78,11.5,0
2025-11-02T04:00:00Z,0,0,0,17,3.4,78,10.7,0
2025-11-02T05:00:00Z,0,0,0,23,3.4,79,9.6,0
2025-11-02T06:00:00Z,0,0,0,22,3.1,80,8.7,0
2025-11-02T07:00:00Z,0,0,0,24,3,80,7.9,0
2025-11-02T08:00:00Z,0,0,0,25,2.7,81,7.2,0
2025-11-02T09:00:00Z,0,0,0,18,2.9,80,7.4,0
2025-11-02T10:00:00Z,0,0,0,17,2.1,81,7.4,0
2025-11-02T11:00:00Z,0,0,0,24,1.9,82,7.6,0
2025-11-02T12:00:00Z,1,0,1,28,1.8,83,7.8,0
2025-11-02T13:00:00Z,60,32,28,40,2.6,78,8.3,0
2025-11-02T14:00:00Z,148,68,80,51,3.8,72,7.6,0
2025-11-02T15:00:00Z,244,136,108,80,5.1,64,11.4,0
2025-11-02T16:00:00Z,337,203,134,98,5.5,52,12.5,0
2025-11-02T17:00:00Z,339,161,178,100,6.2,51,12.4,0
2025-11-02T18:00:00Z,259,67,192,100,6.8,52,12,0
2025-11-02T19:00:00Z,249,52,197,100,7.1,52,12.1,0
2025-11-02T20:00:00Z,179,32,147,100,7.3,51,12.7,0
2025-11-02T21:00:00Z,87,8,79,84,7.2,53,10.5,0
2025-11-02T22:00:00Z,17,3,14,69,5.6,64,6.9,0
2025-11-02T23:00:00Z,0,0,0,74,4.8,69,8.5,0
2025-11-03T00:00:00Z,0,0,0,69,4.1,70,10.9,0
2025-11-03T01:00:00Z,0,0,0,52,3.4,74,11.5,0
2025-11-03T02:00:00Z,0,0,0,43,2.8,78,11.5,0
2025-11-03T03:00:00Z,0,0,0,13,2.4,82,12.3,0
2025-11-03T04:00:00Z,0,0,0,13,2,87,12.8,0
2025-11-03T05:00:00Z,0,0,0,21,2.2,89,12.1,0
2025-11-03T06:00:00Z,0,0,0,15,2.6,89,11.7,0
2025-11-03T07:00:00Z,0,0,0,25,2.5,90,11.7,0
2025-11-03T08:00:00Z,0,0,0,63,2.8,90,11.7,0
2025-11-03T09:00:00Z,0,0,0,94,3,91,12.7,0
2025-11-03T10:00:00Z,0,0,0,99,3.7,92,13.8,0
2025-11-03T11:00:00Z,0,0,0,100,4.5,94,14.3,0
2025-11-03T12:00:00Z,1,0,1,99,5.7,93,15,0
2025-11-03T13:00:00Z,27,3,24,100,7.3,90,16.9,0
2025-11-03T14:00:00Z,82,7,75,100,8.7,85,17.4,0
2025-11-03T15:00:00Z,153,26,127,100,10.1,79,16.8,0
2025-11-03T16:00:00Z,166,7,159,100,10.4,79,21.1,0.2
2025-11-03T17:00:00Z,132,0,132,100,9.8,82,22.1,1.4
2025-11-03T18:00:00Z,129,2,127,100,9.2,82,21,1.2
2025-11-03T19:00:00Z,53,0,53,100,8.3,83,20.6,1.4
2025-11-03T20:00:00Z,59,0,59,99,7.9,86,20.3,0.9
2025-11-03T21:00:00Z,43,3,40,100,7.3,91,19.8,0.6
2025-11-03T22:00:00Z,4,0,4,100,6.9,91,20,0.8
2025-11-03T23:00:00Z,0,0,0,98,6.6,92,17.6,0.5
2025-11-04T00:00:00Z,0,0,0,86,6.9,90,19.1,0.1
2025-11-04T01:00:00Z,0,0,0,87,6.8,88,21.3,0.1
2025-11-04T02:00:00Z,0,0,0,84,6.7,86,22.5,0.1
2025-11-04T03:00:00Z,0,0,0,71,6.5,83,22.8,0
2025-11-04T04:00:00Z,0,0,0,71,6.5,79,23.4,0
2025-11-04T05:00:00Z,0,0,0,66,6.4,78,23.1,0.1
2025-11-04T06:00:00Z,0,0,0,69,6.1,78,22,0.1
2025-11-04T07:00:00Z,0,0,0,66,6,76,21.2,0
2025-11-04T08:00:00Z,0,0,0,61,5.7,75,21.7,0
2025-11-04T09:00:00Z,0,0,0,18,5.3,75,20.5,0
2025-11-04T10:00:00Z,0,0,0,4,4.2,79,18.6,0
2025-11-04T11:00:00Z,0,0,0,3,3.9,78,18,0
2025-11-04T12:00:00Z,1,0,1,1,3.4,79,16.3,0
2025-11-04T13:00:00Z,73,47,26,1,4.5,75,14.6,0
2025-11-04T14:00:00Z,221,168,53,0,6.5,66,15.7,0
2025-11-04T15:00:00Z,354,288,66,2,8.4,59,17.3,0
2025-11-04T16:00:00Z,446,371,75,27,9.9,52,20.3,0
2025-11-04T17:00:00Z,456,362,94,35,11,47,25,0
2025-11-04T18:00:00Z,458,367,91,28,11.3,43,23.6,0
2025-11-04T19:00:00Z,392,313,79,23,11.3,40,22.7,0
2025-11-04T20:00:00Z,281,206,75,39,10.9,39,21.3,0
2025-11-04T21:00:00Z,129,78,51,23,10.3,41,16.2,0
2025-11-04T22:00:00Z,21,10,11,94,8.9,45,17.5,0
2025-11-04T23:00:00Z,0,0,0,90,7,53,14.7,0
2025-11-05T00:00:00Z,0,0,0,45,5.5,60,12.7,0
2025-11-05T01:00:00Z,0,0,0,21,4.7,63,11,0
2025-11-05T02:00:00Z,0,0,0,0,3.8,67,9.6,0
2025-11-05T03:00:00Z,0,0,0,11,3.2,70,9.9,0
2025-11-05T04:00:00Z,0,0,0,26,3,72,10.5,0
2025-11-05T05:00:00Z,0,0,0,41,2.8,77,10.6,0
2025-11-05T06:00:00Z,0,0,0,42,2.8,80,9.7,0
2025-11-05T07:00:00Z,0,0,0,98,2.4,84,9.7,0
2025-11-05T08:00:00Z,0,0,0,95,2.3,86,8.9,0
2025-11-05T09:00:00Z,0,0,0,100,2,89,7.5,0
2025-11-05T10:00:00Z,0,0,0,100,2.4,89,8.5,0
2025-11-05T11:00:00Z,0,0,0,100,2.7,90,8,0
2025-11-05T12:00:00Z,0,0,0,100,3.3,88,9,0
2025-11-05T13:00:00Z,26,0,26,100,4.6,81,10.6,0.1
2025-11-05T14:00:00Z,55,0,55,100,5.3,79,9.1,0.3
2025-11-05T15:00:00Z,90,0,90,100,5.2,83,8.6,0.6
2025-11-05T16:00:00Z,112,3,109,100,5,87,6.4,0.7
2025-11-05T17:00:00Z,131,2,129,100,4.9,88,5.9,0.7
2025-11-05T18:00:00Z,77,0,77,100,4.6,91,8.1,0.9
2025-11-05T19:00:00Z,86,17,69,100,4.1,95,10.2,1.3
2025-11-05T20:00:00Z,56,7,49,100,3.8,96,9.9,0.8
2025-11-05T21:00:00Z,21,0,21,100,3.6,95,8.9,0.4
2025-11-05T22:00:00Z,3,0,3,100,3.2,95,10.1,0.4
2025-11-05T23:00:00Z,0,0,0,100,2.9,96,9,0.4
2025-11-06T00:00:00Z,0,0,0,100,2.8,97,10.5,0.3
2025-11-06T01:00:00Z,0,0,0,100,2.8,96,11.8,0.3
2025-11-06T02:00:00Z,0,0,0,100,3,93,13.6,0.1
2025-11-06T03:00:00Z,0,0,0,100,3.1,93,15,0
2025-11-06T04:00:00Z,0,0,0,100,3.3,94,16.3,0
2025-11-06T05:00:00Z,0,0,0,98,3.4,93,16.2,0.1
2025-11-06T06:00:00Z,0,0,0,98,3.5,94,16.1,0.1
2025-11-06T07:00:00Z,0,0,0,95,3.7,93,16.1,0
2025-11-06T08:00:00Z,0,0,0,47,3.3,91,17.2,0
2025-11-06T09:00:00Z,0,0,0,55,2.7,91,17.1,0
2025-11-06T10:00:00Z,0,0,0,89,2.3,88,15.7,0
2025-11-06T11:00:00Z,0,0,0,97,1.9,87,15.2,0
2025-11-06T12:00:00Z,0,0,0,97,1.8,85,14.9,0
2025-11-06T13:00:00Z,37,3,34,77,1.9,82,17,0
2025-11-06T14:00:00Z,155,76,79,78,2.5,77,16.7,0
2025-11-06T15:00:00Z,307,218,89,81,3,70,15.9,0.1
2025-11-06T16:00:00Z,315,209,106,60,3.5,61,18.1,0.1
2025-11-06T17:00:00Z,359,223,136,93,4,58,18.4,0.1
2025-11-06T18:00:00Z,251,77,174,93,4,56,19,0
2025-11-06T19:00:00Z,203,52,151,94,3.7,57,19.5,0
2025-11-06T20:00:00Z,149,45,104,79,3.3,56,17.8,0
2025-11-06T21:00:00Z,87,34,53,96,2.7,57,15.9,0
2025-11-06T22:00:00Z,11,1,10,53,1.2,58,17.5,0
2025-11-06T23:00:00Z,0,0,0,7,0.1,64,11.9,0
2025-11-07T00:00:00Z,0,0,0,3,-1.1,68,10.4,0
2025-11-07T01:00:00Z,0,0,0,14,-2.1,74,8.8,0
2025-11-07T02:00:00Z,0,0,0,0,-2.9,80,7,0
2025-11-07T03:00:00Z,0,0,0,5,-3.5,85,6.8,0
2025-11-07T04:00:00Z,0,0,0,61,-3.7,88,6.3,0
2025-11-07T05:00:00Z,0,0,0,71,-3.3,87,6.1,0
2025-11-07T06:00:00Z,0,0,0,5,-3.4,89,6.7,0
2025-11-07T07:00:00Z,0,0,0,54,-3.5,91,6.1,0
2025-11-07T08:00:00Z,0,0,0,42,-3.2,92,5.9,0
2025-11-07T09:00:00Z,0,0,0,100,-3.1,94,5.9,0
2025-11-07T10:00:00Z,0,0,0,100,-1.8,94,4.4,0.1
2025-11-07T11:00:00Z,0,0,0,100,-1.6,95,7.5,0.1
2025-11-07T12:00:00Z,0,0,0,100,-1.2,94,9.6,0.1
2025-11-07T13:00:00Z,25,0,25,100,-0.7,94,11.4,0
2025-11-07T14:00:00Z,70,3,67,92,0.5,87,14.2,0
2025-11-07T15:00:00Z,109,7,102,86,1.7,81,13,0
2025-11-07T16:00:00Z,110,9,101,100,2.8,77,13.7,0
2025-11-07T17:00:00Z,101,0,101,100,3.2,75,16.3,0
2025-11-07T18:00:00Z,83,1,82,100,3.3,76,16.6,0.3
2025-11-07T19:00:00Z,59,1,58,100,3.5,75,16.9,0.1
2025-11-07T20:00:00Z,30,0,30,100,3.3,79,15.2,2
2025-11-07T21:00:00Z,10,0,10,100,2.9,88,14.4,1.5
2025-11-07T22:00:00Z,2,0,2,100,2.8,95,12,0.8
2025-11-07T23:00:00Z,0,0,0,100,3.5,97,10.2,1.2
2025-11-08T00:00:00Z,0,0,0,100,4,98,10.3,1.4
2025-11-08T01:00:00Z,0,0,0,100,4.9,98,11.6,0.5
2025-11-08T02:00:00Z,0,0,0,100,5.8,97,11.9,0.2
2025-11-08T03:00:00Z,0,0,0,92,6.5,96,13.2,0.1
2025-11-08T04:00:00Z,0,0,0,90,7,94,14.7,0.1
2025-11-08T05:00:00Z,0,0,0,72,7.7,92,16.6,0.3
2025-11-08T06:00:00Z,0,0,0,97,7.8,90,18.8,0.1
2025-11-08T07:00:00Z,0,0,0,54,7.5,88,18.9,0.1
2025-11-08T08:00:00Z,0,0,0,84,7,86,21.1,0.1
2025-11-08T09:00:00Z,0,0,0,100,5.6,88,20.3,0
2025-11-08T10:00:00Z,0,0,0,100,3.8,85,18.6,0
2025-11-08T11:00:00Z,0,0,0,94,2.5,83,17.2,0
2025-11-08T12:00:00Z,0,0,0,94,1.5,84,17.7,0
2025-11-08T13:00:00Z,28,7,21,98,1.5,79,18.4,0
2025-11-08T14:00:00Z,69,3,66,100,1.7,74,17.9,0
2025-11-08T15:00:00Z,101,8,93,100,1.7,73,17.3,0
2025-11-08T16:00:00Z,176,23,153,100,1.9,67,16.1,0
2025-11-08T17:00:00Z,204,43,161,100,2.2,64,15.5,0
2025-11-08T18:00:00Z,222,30,192,99,2.2,61,14.5,0
2025-11-08T19:00:00Z,188,36,152,99,2.1,58,14.5,0
2025-11-08T20:00:00Z,164,32,132,86,1.9,57,14.3,0
2025-11-08T21:00:00Z,96,35,61,92,1.1,59,11.9,0
2025-11-08T22:00:00Z,13,4,9,65,-0.2,62,9.8,0
2025-11-08T23:00:00Z,0,0,0,52,-0.9,67,8.1,0
2025-11-09T00:00:00Z,0,0,0,45,-1.4,71,7.1,0
2025-11-09T01:00:00Z,0,0,0,45,-1.8,73,6.8,0
2025-11-09T02:00:00Z,0,0,0,100,-2.3,75,6.5,0
2025-11-09T03:00:00Z,0,0,0,100,-2.7,77,6,0
2025-11-09T04:00:00Z,0,0,0,100,-2.7,77,6.1,0
2025-11-09T05:00:00Z,0,0,0,100,-2.6,77,5.9,0
2025-11-09T06:00:00Z,0,0,0,98,-2.5,78,5.8,0
2025-11-09T07:00:00Z,0,0,0,98,-2.6,77,6.4,0
2025-11-09T08:00:00Z,0,0,0,100,-2.8,75,7.6,0
2025-11-09T09:00:00Z,0,0,0,100,-2.9,72,8.7,0
2025-11-09T10:00:00Z,0,0,0,99,-2.8,74,10.9,0
2025-11-09T11:00:00Z,0,0,0,100,-3,75,10.7,0.1
2025-11-09T12:00:00Z,0,0,0,100,-3.1,73,10.4,0.2
2025-11-09T13:00:00Z,30,1,29,100,-2.8,69,11.8,0.1
2025-11-09T14:00:00Z,67,0,67,96,-2.4,67,14.4,0.1
2025-11-09T15:00:00Z,121,5,116,90,-1.9,67,14.3,0.1
2025-11-09T16:00:00Z,217,52,165,100,-1.3,66,14.3,0.1
2025-11-09T17:00:00Z,200,41,159,100,-1.1,68,16.1,0.1
2025-11-09T18:00:00Z,83,0,83,100,-1.4,70,16.3,0.3
2025-11-09T19:00:00Z,89,1,88,100,-1.4,73,16.8,0.5
2025-11-09T20:00:00Z,52,0,52,100,-1.4,75,17.5,0.6
2025-11-09T21:00:00Z,20,0,20,100,-1.8,83,18,0.8
2025-11-09T22:00:00Z,2,0,2,100,-1.6,92,16.9,1.5
2025-11-09T23:00:00Z,0,0,0,99,-1.6,96,16.7,2.6
2025-11-10T00:00:00Z,0,0,0,99,-2.5,93,16.1,2.6
2025-11-10T01:00:00Z,0,0,0,100,-2.7,92,19.2,2.3
2025-11-10T02:00:00Z,0,0,0,100,-2.8,91,16.8,0.9
2025-11-10T03:00:00Z,0,0,0,100,-2.7,90,15.1,0.5
2025-11-10T04:00:00Z,0,0,0,100,-2.8,90,14.7,0.3
2025-11-10T05:00:00Z,0,0,0,100,-3,90,14.5,0.3
2025-11-10T06:00:00Z,0,0,0,99,-3.1,91,13.8,0.3
2025-11-10T07:00:00Z,0,0,0,99,-3.2,91,14.2,0.1
2025-11-10T08:00:00Z,0,0,0,99,-3.4,91,14.2,0
2025-11-10T09:00:00Z,0,0,0,96,-3.5,91,14.3,0
2025-11-10T10:00:00Z,0,0,0,100,-3.4,88,15.2,0
2025-11-10T11:00:00Z,0,0,0,99,-3.4,88,14.4,0
2025-11-10T12:00:00Z,0,0,0,98,-3.3,88,15.1,0
2025-11-10T13:00:00Z,30,9,21,96,-3.2,86,15.1,0
2025-11-10T14:00:00Z,96,16,80,100,-3,84,14.1,0
2025-11-10T15:00:00Z,139,15,124,100,-2.5,83,13.1,0
2025-11-10T16:00:00Z,144,7,137,100,-2.6,83,12.9,0
2025-11-10T17:00:00Z,164,28,136,100,-2.3,82,14,0
2025-11-10T18:00:00Z,146,20,126,100,-2.4,83,14.1,0
2025-11-10T19:00:00Z,107,5,102,100,-2.2,83,13.9,0
2025-11-10T20:00:00Z,60,2,58,100,-2.2,84,12.4,0.1
2025-11-10T21:00:00Z,30,1,29,100,-2.2,86,9.6,0.2
2025-11-10T22:00:00Z,4,0,4,96,-2.6,91,10.6,0.1
2025-11-10T23:00:00Z,0,0,0,96,-2.6,91,9.9,0.1
2025-11-11T00:00:00Z,0,0,0,99,-2.7,91,11.2,0.1
2025-11-11T01:00:00Z,0,0,0,100,-2.8,92,12,0.2
2025-11-11T02:00:00Z,0,0,0,100,-2.9,93,11.4,0.2
2025-11-11T03:00:00Z,0,0,0,100,-3,92,12.3,0.2
2025-11-11T04:00:00Z,0,0,0,95,-3.1,92,12.2,0.2
2025-11-11T05:00:00Z,0,0,0,98,-3.3,93,12,0.2
2025-11-11T06:00:00Z,0,0,0,100,-3.3,94,12.4,0.1
2025-11-11T07:00:00Z,0,0,0,100,-3.2,92,12.9,0.1
2025-11-11T08:00:00Z,0,0,0,98,-3.3,92,13.1,0.1
2025-11-11T09:00:00Z,0,0,0,98,-3.5,91,13.2,0
2025-11-11T10:00:00Z,0,0,0,100,-3.5,91,12.9,0.1
2025-11-11T11:00:00Z,0,0,0,100,-3.5,89,14.9,0.1
2025-11-11T12:00:00Z,0,0,0,98,-3.6,89,16.4,0.1
2025-11-11T13:00:00Z,17,0,17,96,-3.7,89,17.6,0.1
2025-11-11T14:00:00Z,72,0,72,99,-3.5,84,18.5,0.1
2025-11-11T15:00:00Z,171,21,150,99,-3.1,80,19.7,0
2025-11-11T16:00:00Z,218,21,197,98,-2.9,77,20.7,0.1
2025-11-11T17:00:00Z,222,23,199,100,-2.7,75,21.4,0.1
2025-11-11T18:00:00Z,171,2,169,100,-2.1,70,21.9,0.1
2025-11-11T19:00:00Z,192,26,166,100,-1,65,22.8,0
2025-11-11T20:00:00Z,91,2,89,100,-0.2,65,20.1,0
2025-11-11T21:00:00Z,43,1,42,100,-0.1,70,20.3,0
2025-11-11T22:00:00Z,7,0,7,89,-0.5,71,18,0
2025-11-11T23:00:00Z,0,0,0,79,-0.5,71,17.4,0
2025-11-12T00:00:00Z,0,0,0,30,-0.4,73,14.8,0
2025-11-12T01:00:00Z,0,0,0,47,-0.5,74,13,0
2025-11-12T02:00:00Z,0,0,0,88,-0.9,77,12,0
2025-11-12T03:00:00Z,0,0,0,98,-1.3,81,9.9,0
2025-11-12T04:00:00Z,0,0,0,62,-2.1,85,8.7,0
2025-11-12T05:00:00Z,0,0,0,83,-2.4,87,8.6,0
2025-11-12T06:00:00Z,0,0,0,79,-2.1,87,8.6,0
2025-11-12T07:00:00Z,0,0,0,41,-1.8,88,8,0
2025-11-12T08:00:00Z,0,0,0,40,-1.8,90,8.2,0
2025-11-12T09:00:00Z,0,0,0,96,-1.8,92,8.2,0
2025-11-12T10:00:00Z,0,0,0,99,-1.1,93,9.2,0
2025-11-12T11:00:00Z,0,0,0,97,-0.8,93,9.7,0.1
2025-11-12T12:00:00Z,0,0,0,89,-0.8,95,9.1,0
2025-11-12T13:00:00Z,21,3,18,100,-0.2,96,9.7,0.1
2025-11-12T14:00:00Z,53,0,53,100,0.4,97,7.9,0.2
2025-11-12T15:00:00Z,105,7,98,100,1.1,96,8.5,0.3
2025-11-12T16:00:00Z,106,7,99,100,1,98,10.9,0.4
2025-11-12T17:00:00Z,144,4,140,100,1.5,94,11.9,0.3
2025-11-12T18:00:00Z,256,65,191,100,2.3,87,12.5,0.1
2025-11-12T19:00:00Z,178,24,154,100,2.6,86,12.2,0.1
2025-11-12T20:00:00Z,81,3,78,100,2.3,91,9.4,0.3
2025-11-12T21:00:00Z,31,1,30,100,1.5,98,7.5,0.5
2025-11-12T22:00:00Z,3,0,3,100,1.2,100,6,0.6
2025-11-12T23:00:00Z,0,0,0,99,1.4,100,7.9,0.4
2025-11-13T00:00:00Z,0,0,0,92,1.5,98,11.4,0.1
2025-11-13T01:00:00Z,0,0,0,83,1.8,95,12.4,0
2025-11-13T02:00:00Z,0,0,0,77,2,93,12.2,0
2025-11-13T03:00:00Z,0,0,0,80,2.2,93,11.2,0
2025-11-13T04:00:00Z,0,0,0,91,2.2,93,10.1,0
2025-11-13T05:00:00Z,0,0,0,99,2.1,93,9,0
2025-11-13T06:00:00Z,0,0,0,100,1.9,93,9,0
2025-11-13T07:00:00Z,0,0,0,99,1.8,93,9.6,0.1
2025-11-13T08:00:00Z,0,0,0,100,1.6,92,10,0.1
2025-11-13T09:00:00Z,0,0,0,98,1.5,92,10.1,0.1
2025-11-13T10:00:00Z,0,0,0,98,1.3,94,9.8,0
2025-11-13T11:00:00Z,0,0,0,75,1.3,93,10.3,0
2025-11-13T12:00:00Z,0,0,0,60,1,94,10.8,0
2025-11-13T13:00:00Z,35,11,24,34,1.1,93,12,0
2025-11-13T14:00:00Z,133,60,73,67,1.6,89,16.5,0
2025-11-13T15:00:00Z,250,149,101,88,2.7,82,17.1,0
2025-11-13T16:00:00Z,247,107,140,84,3,79,19.8,0.1
2025-11-13T17:00:00Z,267,133,134,91,3.5,72,18.5,0.1
2025-11-13T18:00:00Z,257,89,168,94,3.9,69,17.1,0.1
2025-11-13T19:00:00Z,195,79,116,97,4.2,66,13.1,0
2025-11-13T20:00:00Z,111,21,90,97,4.2,69,11.3,0
2025-11-13T21:00:00Z,91,38,53,61,3.9,71,9.5,0
2025-11-13T22:00:00Z,10,4,6,72,1.9,79,10.8,0
2025-11-13T23:00:00Z,0,0,0,72,1.6,81,11.3,0
2025-11-14T00:00:00Z,0,0,0,62,1.6,82,11.4,0
2025-11-14T01:00:00Z,0,0,0,16,1.4,85,11.8,0
2025-11-14T02:00:00Z,0,0,0,1,1.2,87,12.1,0
2025-11-14T03:00:00Z,0,0,0,0,1.2,89,10.8,0
2025-11-14T04:00:00Z,0,0,0,1,1.1,90,10.6,0
2025-11-14T05:00:00Z,0,0,0,3,0.6,91,10.4,0
2025-11-14T06:00:00Z,0,0,0,6,0.6,93,8.9,0
2025-11-14T07:00:00Z,0,0,0,13,0.5,93,8.5,0
2025-11-14T08:00:00Z,0,0,0,19,0.2,93,8,0
2025-11-14T09:00:00Z,0,0,0,36,0.1,94,7.9,0
2025-11-14T10:00:00Z,0,0,0,29,-0.3,94,7.4,0
2025-11-14T11:00:00Z,0,0,0,21,-0.5,94,6.1,0
2025-11-14T12:00:00Z,0,0,0,32,-0.7,94,6.1,0
2025-11-14T13:00:00Z,34,16,18,34,0.9,90,4,0
2025-11-14T14:00:00Z,131,64,67,83,1.8,85,4.6,0
2025-11-14T15:00:00Z,174,60,114,79,2.6,81,5,0
2025-11-14T16:00:00Z,200,60,140,94,2.7,81,7.3,0
2025-11-14T17:00:00Z,226,51,175,84,3.2,78,7.8,0.1
2025-11-14T18:00:00Z,267,115,152,82,3.7,79,8.7,0.1
2025-11-14T19:00:00Z,250,119,131,64,3.2,82,10.1,0.1
2025-11-14T20:00:00Z,211,127,84,66,3.2,83,10.5,0.4
2025-11-14T21:00:00Z,86,46,40,75,2.2,87,11.6,0.1
2025-11-14T22:00:00Z,9,3,6,56,1,87,11.7,0
2025-11-14T23:00:00Z,0,0,0,0,0.5,87,11.4,0
2025-11-15T00:00:00Z,0,0,0,2,0.2,88,12.2,0
2025-11-15T01:00:00Z,0,0,0,17,-0.3,89,12.7,0
2025-11-15T02:00:00Z,0,0,0,33,-0.6,90,10.8,0
2025-11-15T03:00:00Z,0,0,0,4,-1.1,91,9.7,0
2025-11-15T04:00:00Z,0,0,0,1,-1.6,92,7.8,0
2025-11-15T05:00:00Z,0,0,0,1,-1.9,91,6.3,0
2025-11-15T06:00:00Z,0,0,0,3,-2.2,91,5.2,0
2025-11-15T07:00:00Z,0,0,0,67,-2.4,91,5.6,0
2025-11-15T08:00:00Z,0,0,0,100,-3,91,4.9,0
2025-11-15T09:00:00Z,0,0,0,99,-3.5,92,4.8,0
2025-11-15T10:00:00Z,0,0,0,100,-3.8,93,4.8,0
2025-11-15T11:00:00Z,0,0,0,100,-2.7,92,4.6,0
2025-11-15T12:00:00Z,0,0,0,100,-2.7,91,3.6,0
2025-11-15T13:00:00Z,31,7,24,44,-2,90,0.9,0
2025-11-15T14:00:00Z,107,19,88,98,-1.1,87,3,0
2025-11-15T15:00:00Z,147,22,125,98,-0.2,81,6,0
2025-11-15T16:00:00Z,140,6,134,100,0,77,7.5,0
2025-11-15T17:00:00Z,154,11,143,100,0.3,77,7.8,0
2025-11-15T18:00:00Z,160,5,155,100,0.5,77,9.1,0
2025-11-15T19:00:00Z,82,0,82,100,0.6,77,11.5,0.1
2025-11-15T20:00:00Z,84,6,78,100,0.5,78,13.1,0.1
2025-11-15T21:00:00Z,49,2,47,100,0.3,81,11.6,0
2025-11-15T22:00:00Z,2,0,2,100,0.1,87,11.4,0.3
2025-11-15T23:00:00Z,0,0,0,100,0.1,90,13,1.1
2025-11-16T00:00:00Z,0,0,0,100,0.1,91,13.7,1.7
2025-11-16T01:00:00Z,0,0,0,100,0,92,13.4,1.9
2025-11-16T02:00:00Z,0,0,0,100,-0.1,94,13.8,2.1
2025-11-16T03:00:00Z,0,0,0,100,-0.3,94,11.8,1.9
2025-11-16T04:00:00Z,0,0,0,100,-0.4,94,9.1,1.2
2025-11-16T05:00:00Z,0,0,0,100,-0.1,93,7,0.9
2025-11-16T06:00:00Z,0,0,0,100,-0,94,6.1,0.9
2025-11-16T07:00:00Z,0,0,0,100,0.3,95,7.7,0.3
2025-11-16T08:00:00Z,0,0,0,100,0.3,95,9.3,0.1
2025-11-16T09:00:00Z,0,0,0,98,0.4,95,11.4,0
2025-11-16T10:00:00Z,0,0,0,88,0.3,93,14.7,0
2025-11-16T11:00:00Z,0,0,0,77,0.5,93,15.6,0
2025-11-16T12:00:00Z,0,0,0,100,0.7,93,16.2,0
2025-11-16T13:00:00Z,14,0,14,99,1.4,92,18,0
2025-11-16T14:00:00Z,74,14,60,95,1.5,93,17.8,0.2
2025-11-16T15:00:00Z,149,34,115,87,1.7,90,20.3,0.2
2025-11-16T16:00:00Z,272,141,131,75,2.2,78,22.6,0.1
2025-11-16T17:00:00Z,246,89,157,92,1.8,79,21.9,0.2
2025-11-16T18:00:00Z,266,85,181,92,2,77,25.1,0.2
2025-11-16T19:00:00Z,183,35,148,96,1.7,75,26.5,0.1
2025-11-16T20:00:00Z,162,44,118,97,1.2,73,22.3,0.2
2025-11-16T21:00:00Z,68,7,61,100,0.6,74,23.3,0.3
2025-11-16T22:00:00Z,5,0,5,100,0.4,78,22.2,0
2025-11-16T23:00:00Z,0,0,0,98,-0.4,77,20.8,0.1
2025-11-17T00:00:00Z,0,0,0,99,-0.6,77,20.9,0.1
2025-11-17T01:00:00Z,0,0,0,99,-0.7,77,20.4,0.1
2025-11-17T02:00:00Z,0,0,0,98,-0.9,79,19.8,0.1
2025-11-17T03:00:00Z,0,0,0,100,-1.1,80,19.6,0.1
2025-11-17T04:00:00Z,0,0,0,100,-1.4,79,19.9,0.1
2025-11-17T05:00:00Z,0,0,0,100,-1.6,79,19,0.1
2025-11-17T06:00:00Z,0,0,0,100,-1.7,78,18.6,0
2025-11-17T07:00:00Z,0,0,0,100,-1.7,78,18.4,0
2025-11-17T08:00:00Z,0,0,0,100,-1.7,76,18.5,0.1
2025-11-17T09:00:00Z,0,0,0,99,-1.8,76,18.4,0
2025-11-17T10:00:00Z,0,0,0,99,-1.8,73,18.7,0
2025-11-17T11:00:00Z,0,0,0,98,-2,74,19.1,0
2025-11-17T12:00:00Z,0,0,0,99,-2.1,74,19,0
2025-11-17T13:00:00Z,25,9,16,100,-2,75,21.5,0
2025-11-17T14:00:00Z,110,48,62,96,-1.4,71,21.5,0
2025-11-17T15:00:00Z,206,108,98,99,-0.7,68,23.5,0
2025-11-17T16:00:00Z,236,88,148,99,-0.1,66,23.5,0
2025-11-17T17:00:00Z,246,62,184,99,0.2,64,23.1,0
2025-11-17T18:00:00Z,246,80,166,99,0.6,62,22.6,0
2025-11-17T19:00:00Z,184,24,160,98,0.8,62,22.6,0
2025-11-17T20:00:00Z,131,28,103,97,0.6,64,21.9,0
2025-11-17T21:00:00Z,47,1,46,100,0.2,67,19.1,0
2025-11-17T22:00:00Z,4,0,4,93,-0.2,69,17.4,0
2025-11-17T23:00:00Z,0,0,0,75,-0.5,70,17.8,0
2025-11-18T00:00:00Z,0,0,0,28,-0.9,72,17.8,0
2025-11-18T01:00:00Z,0,0,0,40,-0.9,72,17.7,0
2025-11-18T02:00:00Z,0,0,0,60,-1,73,17.4,0
2025-11-18T03:00:00Z,0,0,0,75,-1,73,16.9,0
2025-11-18T04:00:00Z,0,0,0,73,-1,73,16.2,0
2025-11-18T05:00:00Z,0,0,0,83,-1.2,73,15.8,0
2025-11-18T06:00:00Z,0,0,0,81,-1.3,74,15.6,0
2025-11-18T07:00:00Z,0,0,0,80,-1.3,74,15.7,0
2025-11-18T08:00:00Z,0,0,0,81,-1.3,74,15.8,0
2025-11-18T09:00:00Z,0,0,0,53,-1.4,74,15.3,0
2025-11-18T10:00:00Z,0,0,0,89,-1.6,78,12.8,0
2025-11-18T11:00:00Z,0,0,0,72,-1.7,79,13.1,0
2025-11-18T12:00:00Z,0,0,0,54,-1.8,80,13.3,0
2025-11-18T13:00:00Z,31,17,14,69,-1.6,79,12.6,0
2025-11-18T14:00:00Z,152,105,47,84,-0.6,74,15.1,0
2025-11-18T15:00:00Z,263,183,80,89,0.3,69,14.2,0
2025-11-18T16:00:00Z,327,215,112,64,0.8,67,13.4,0
2025-11-18T17:00:00Z,354,234,120,13,1.4,63,11.6,0
2025-11-18T18:00:00Z,331,209,122,5,1.7,63,11.1,0
2025-11-18T19:00:00Z,296,192,104,48,1.9,60,11.2,0
2025-11-18T20:00:00Z,197,115,82,49,1.6,61,9.9,0
2025-11-18T21:00:00Z,75,28,47,30,0.6,67,6.6,0
2025-11-18T22:00:00Z,6,2,4,64,-1.6,78,5,0
2025-11-18T23:00:00Z,0,0,0,68,-2,81,5.3,0
2025-11-19T00:00:00Z,0,0,0,82,-2.5,82,4.7,0
2025-11-19T01:00:00Z,0,0,0,79,-2.8,83,4.6,0
2025-11-19T02:00:00Z,0,0,0,72,-2.8,84,4.4,0
2025-11-19T03:00:00Z,0,0,0,64,-3.6,86,5,0
2025-11-19T04:00:00Z,0,0,0,46,-4.2,87,4.8,0
2025-11-19T05:00:00Z,0,0,0,20,-4.1,86,4.2,0
2025-11-19T06:00:00Z,0,0,0,28,-4.4,87,4.7,0
2025-11-19T07:00:00Z,0,0,0,20,-4.6,89,6,0
2025-11-19T08:00:00Z,0,0,0,15,-4.4,91,6.7,0
2025-11-19T09:00:00Z,0,0,0,18,-3.5,92,6.7,0
2025-11-19T10:00:00Z,0,0,0,42,-5.3,94,8.6,0
2025-11-19T11:00:00Z,0,0,0,66,-5.1,94,7.9,0
2025-11-19T12:00:00Z,0,0,0,95,-5.4,94,7.4,0
2025-11-19T13:00:00Z,24,11,13,92,-4.4,93,7.2,0
2025-11-19T14:00:00Z,115,49,66,100,-3.3,89,6.6,0
2025-11-19T15:00:00Z,173,59,114,100,-2.3,86,6,0
2025-11-19T16:00:00Z,247,121,126,99,-1.6,83,5.4,0
2025-11-19T17:00:00Z,269,122,147,99,-0.9,78,5.4,0
2025-11-19T18:00:00Z,253,73,180,99,-0.4,75,6.1,0
2025-11-19T19:00:00Z,210,79,131,90,0.2,73,6.9,0
2025-11-19T20:00:00Z,155,60,95,86,0.3,71,6.9,0
2025-11-19T21:00:00Z,74,25,49,74,-0.5,77,4.5,0
2025-11-19T22:00:00Z,5,1,4,60,-3.4,88,4.1,0
2025-11-19T23:00:00Z,0,0,0,29,-3.7,88,5.3,0
2025-11-20T00:00:00Z,0,0,0,26,-3.3,88,4.4,0
2025-11-20T01:00:00Z,0,0,0,13,-3,88,4.2,0
2025-11-20T02:00:00Z,0,0,0,25,-2.8,89,4.5,0
2025-11-20T03:00:00Z,0,0,0,18,-3,92,3.8,0
2025-11-20T04:00:00Z,0,0,0,20,-3.3,96,2.9,0
2025-11-20T05:00:00Z,0,0,0,38,-3.3,99,0.3,0
2025-11-20T06:00:00Z,0,0,0,57,-3.3,100,2.4,0
2025-11-20T07:00:00Z,0,0,0,75,-3.6,100,4.7,0
2025-11-20T08:00:00Z,0,0,0,81,-4.1,99,4.7,0
2025-11-20T09:00:00Z,0,0,0,79,-4.8,99,4,0
2025-11-20T10:00:00Z,0,0,0,100,-4.8,97,1.3,0
2025-11-20T11:00:00Z,0,0,0,100,-4.6,97,1.5,0
2025-11-20T12:00:00Z,0,0,0,100,-4.5,97,1.9,0
2025-11-20T13:00:00Z,12,0,12,100,-4.5,97,2.5,0
2025-11-20T14:00:00Z,60,0,60,100,-4.5,98,3.4,0
2025-11-20T15:00:00Z,138,22,116,100,-4,98,4.1,0
2025-11-20T16:00:00Z,209,45,164,100,-3.1,93,3.7,0
2025-11-20T17:00:00Z,303,152,151,100,-1.9,86,4,0
2025-11-20T18:00:00Z,317,186,131,85,-0.8,80,4.7,0
2025-11-20T19:00:00Z,305,199,106,68,-0.1,76,5.4,0
2025-11-20T20:00:00Z,185,84,101,18,0.2,74,5.7,0
2025-11-20T21:00:00Z,91,52,39,7,-0.6,82,6.5,0
2025-11-20T22:00:00Z,5,2,3,5,-2,88,6.2,0
2025-11-20T23:00:00Z,0,0,0,10,-1.7,92,6.5,0
2025-11-21T00:00:00Z,0,0,0,20,-3.2,92,8.3,0
2025-11-21T01:00:00Z,0,0,0,47,-3.6,93,7.1,0
2025-11-21T02:00:00Z,0,0,0,97,-3.4,94,6.8,0
2025-11-21T03:00:00Z,0,0,0,96,-3.2,95,5.7,0
2025-11-21T04:00:00Z,0,0,0,100,-3.3,96,6.7,0
2025-11-21T05:00:00Z,0,0,0,100,-3.1,97,6.8,0
2025-11-21T06:00:00Z,0,0,0,99,-3.3,97,5,0
2025-11-21T07:00:00Z,0,0,0,93,-3.2,97,6.1,0.2
2025-11-21T08:00:00Z,0,0,0,100,-3.1,96,6.4,0
2025-11-21T09:00:00Z,0,0,0,99,-2.7,94,6.5,0.1
2025-11-21T10:00:00Z,0,0,0,81,-2.4,95,8.6,0.1
2025-11-21T11:00:00Z,0,0,0,90,-1.7,95,8.3,0.1
2025-11-21T12:00:00Z,0,0,0,98,-1,95,8.4,0.2
2025-11-21T13:00:00Z,4,1,3,100,0.1,96,10.1,0.9
2025-11-21T14:00:00Z,11,0,11,100,1,98,11.4,1.3
2025-11-21T15:00:00Z,38,3,35,100,2.2,98,12.6,0.4
2025-11-21T16:00:00Z,46,0,46,100,3.1,96,12.7,0.2
2025-11-21T17:00:00Z,80,15,65,99,4,94,12.9,0
2025-11-21T18:00:00Z,101,0,101,100,5,91,13,0
2025-11-21T19:00:00Z,120,35,85,90,5.3,89,12.9,0
2025-11-21T20:00:00Z,119,43,76,78,5.1,86,12,0
2025-11-21T21:00:00Z,55,23,32,69,4.4,86,10.4,0
2025-11-21T22:00:00Z,3,1,2,59,2.8,91,9.7,0
2025-11-21T23:00:00Z,0,0,0,47,1.6,93,10.5,0
2025-11-22T00:00:00Z,0,0,0,42,1.1,94,9.7,0
2025-11-22T01:00:00Z,0,0,0,39,0.6,95,7.6,0
2025-11-22T02:00:00Z,0,0,0,45,0.1,96,6.9,0
2025-11-22T03:00:00Z,0,0,0,32,-0.5,97,7,0
2025-11-22T04:00:00Z,0,0,0,70,-1.1,97,7,0
2025-11-22T05:00:00Z,0,0,0,57,-1.3,98,6.9,0
2025-11-22T06:00:00Z,0,0,0,66,-1.4,99,7.2,0
2025-11-22T07:00:00Z,0,0,0,63,-1.6,99,7.3,0
2025-11-22T08:00:00Z,0,0,0,21,-1.3,99,9,0
2025-11-22T09:00:00Z,0,0,0,16,-0.6,97,9.8,0
2025-11-22T10:00:00Z,0,0,0,33,-0.7,94,12.2,0
2025-11-22T11:00:00Z,0,0,0,66,-0.8,95,12.2,0
2025-11-22T12:00:00Z,0,0,0,84,-0.9,95,12.7,0
2025-11-22T13:00:00Z,12,2,10,98,-0.6,94,13.6,0
2025-11-22T14:00:00Z,82,27,55,83,0.5,89,14.8,0
2025-11-22T15:00:00Z,111,17,94,92,1.4,83,14.5,0
2025-11-22T16:00:00Z,178,33,145,72,2,75,13.3,0
2025-11-22T17:00:00Z,156,35,121,73,2.3,67,14.3,0
2025-11-22T18:00:00Z,171,57,114,67,2.6,59,15.2,0
2025-11-22T19:00:00Z,248,128,120,79,2.4,56,14.6,0
2025-11-22T20:00:00Z,148,70,78,93,2.4,53,11.7,0
2025-11-22T21:00:00Z,46,10,36,86,1.8,56,10.4,0
2025-11-22T22:00:00Z,3,0,3,71,0.6,66,9.3,0
2025-11-22T23:00:00Z,0,0,0,46,-0.3,71,7.9,0
2025-11-23T00:00:00Z,0,0,0,18,-1.1,75,6.2,0
2025-11-23T01:00:00Z,0,0,0,15,-1.6,77,6.2,0
2025-11-23T02:00:00Z,0,0,0,68,-2.1,79,6.4,0
2025-11-23T03:00:00Z,0,0,0,100,-2.2,81,5.9,0
2025-11-23T04:00:00Z,0,0,0,97,-2.3,81,4.6,0
2025-11-23T05:00:00Z,0,0,0,44,-2.3,81,4.5,0
2025-11-23T06:00:00Z,0,0,0,86,-1.9,77,3.3,0
2025-11-23T07:00:00Z,0,0,0,100,-3,84,3.6,0
2025-11-23T08:00:00Z,0,0,0,100,-3,86,5.7,0
2025-11-23T09:00:00Z,0,0,0,100,-2.7,85,5.3,0
2025-11-23T10:00:00Z,0,0,0,100,-2.7,89,4.6,0
2025-11-23T11:00:00Z,0,0,0,100,-2.6,89,5.2,0.1
2025-11-23T12:00:00Z,0,0,0,100,-1.9,90,6.1,0.2
2025-11-23T13:00:00Z,8,0,8,100,-1.5,93,6.7,0.3
2025-11-23T14:00:00Z,40,0,40,100,-1,93,6.9,0.3
2025-11-23T15:00:00Z,74,1,73,100,0,92,9.2,0.4
2025-11-23T16:00:00Z,108,2,106,100,0.6,93,8.9,0.4
2025-11-23T17:00:00Z,112,4,108,100,0.8,95,10.8,0.5
2025-11-23T18:00:00Z,108,0,108,100,1.1,94,11.6,0.4
2025-11-23T19:00:00Z,78,0,78,99,0.9,94,11.1,0.3
2025-11-23T20:00:00Z,71,2,69,100,0.9,95,9.5,0.2
2025-11-23T21:00:00Z,24,0,24,100,1,97,6.7,0.1
2025-11-23T22:00:00Z,1,0,1,100,0.7,98,4.8,0.1
2025-11-23T23:00:00Z,0,0,0,100,0.7,98,3.5,0
2025-11-24T00:00:00Z,0,0,0,100,0.9,98,2.5,0
2025-11-24T01:00:00Z,0,0,0,99,0.9,98,2.4,0
2025-11-24T02:00:00Z,0,0,0,98,0.8,98,2.1,0
2025-11-24T03:00:00Z,0,0,0,100,1.2,97,5.1,0
2025-11-24T04:00:00Z,0,0,0,100,1.3,97,7.9,0
2025-11-24T05:00:00Z,0,0,0,99,1.2,96,9.5,0
2025-11-24T06:00:00Z,0,0,0,96,1.3,95,10.3,0
2025-11-24T07:00:00Z,0,0,0,99,1.2,95,10.9,0
2025-11-24T08:00:00Z,0,0,0,100,1.6,93,11.4,0
2025-11-24T09:00:00Z,0,0,0,99,1.7,93,11.4,0
2025-11-24T10:00:00Z,0,0,0,98,1.4,92,11.1,0
2025-11-24T11:00:00Z,0,0,0,95,1.3,92,10.6,0
2025-11-24T12:00:00Z,0,0,0,100,1.4,91,10.9,0
2025-11-24T13:00:00Z,8,0,8,96,1.4,90,11.4,0
2025-11-24T14:00:00Z,68,10,58,97,2.1,86,9.3,0
2025-11-24T15:00:00Z,133,33,100,100,2.5,78,10.1,0
2025-11-24T16:00:00Z,159,27,132,100,2.5,77,9.2,0
2025-11-24T17:00:00Z,179,11,168,100,2.7,75,9.3,0
2025-11-24T18:00:00Z,208,45,163,98,3,72,8.9,0
2025-11-24T19:00:00Z,231,99,132,82,3.2,71,9.7,0
2025-11-24T20:00:00Z,164,74,90,60,3.7,67,8.7,0
2025-11-24T21:00:00Z,76,35,41,92,3.1,74,7.9,0
2025-11-24T22:00:00Z,3,1,2,100,1.4,82,8.1,0
2025-11-24T23:00:00Z,0,0,0,98,1.4,83,9.6,0
2025-11-25T00:00:00Z,0,0,0,100,1.5,85,10.8,0
2025-11-25T01:00:00Z,0,0,0,100,2,85,12.1,0
2025-11-25T02:00:00Z,0,0,0,98,2.2,87,12.3,0
2025-11-25T03:00:00Z,0,0,0,99,2.3,89,12.6,0
2025-11-25T04:00:00Z,0,0,0,98,2.2,90,12.4,0
2025-11-25T05:00:00Z,0,0,0,100,1.8,92,11.1,0
2025-11-25T06:00:00Z,0,0,0,99,1.9,93,9,0
2025-11-25T07:00:00Z,0,0,0,100,1.7,93,7.6,0
2025-11-25T08:00:00Z,0,0,0,100,2.1,92,6.2,0
2025-11-25T09:00:00Z,0,0,0,100,1.9,93,6.5,0
2025-11-25T10:00:00Z,0,0,0,100,2,95,7.3,0
2025-11-25T11:00:00Z,0,0,0,100,1.8,95,6.9,0
2025-11-25T12:00:00Z,0,0,0,100,1.9,95,8.1,0
2025-11-25T13:00:00Z,8,0,8,100,2.2,95,5.9,0
2025-11-25T14:00:00Z,67,3,64,99,3.5,91,4.2,0
2025-11-25T15:00:00Z,202,86,116,63,5.1,82,4.6,0
2025-11-25T16:00:00Z,302,185,117,70,6.4,76,5,0
2025-11-25T17:00:00Z,199,56,143,79,6.9,73,6,0
2025-11-25T18:00:00Z,120,7,113,100,6.8,75,6.7,0
2025-11-25T19:00:00Z,213,89,124,100,6.8,74,7.3,0
2025-11-25T20:00:00Z,134,40,94,100,6.7,72,8.8,0
2025-11-25T21:00:00Z,50,6,44,100,5.4,77,10,0
2025-11-25T22:00:00Z,2,0,2,100,5.6,76,9.6,0
2025-11-25T23:00:00Z,0,0,0,100,5,78,10.1,0
2025-11-26T00:00:00Z,0,0,0,100,4.8,79,9.7,0
2025-11-26T01:00:00Z,0,0,0,100,4.3,82,8.8,0
2025-11-26T02:00:00Z,0,0,0,100,3.9,86,9.2,0.1
2025-11-26T03:00:00Z,0,0,0,99,3.8,89,8.8,0.3
2025-11-26T04:00:00Z,0,0,0,100,3.8,92,9,0.4
2025-11-26T05:00:00Z,0,0,0,100,3.4,96,8.6,0.4
2025-11-26T06:00:00Z,0,0,0,100,3.1,97,9.6,0.4
2025-11-26T07:00:00Z,0,0,0,100,3.2,97,9.9,0.2
2025-11-26T08:00:00Z,0,0,0,100,3.2,97,10.2,0.1
2025-11-26T09:00:00Z,0,0,0,100,3.2,98,10.8,0
2025-11-26T10:00:00Z,0,0,0,100,3.3,97,11.2,0.2
2025-11-26T11:00:00Z,0,0,0,100,3.3,97,12.3,0.5
2025-11-26T12:00:00Z,0,0,0,100,3.3,98,13,0.6
2025-11-26T13:00:00Z,1,0,1,100,3.3,98,13,0.4
2025-11-26T14:00:00Z,9,0,9,100,3.5,99,13.2,0.4
2025-11-26T15:00:00Z,20,0,20,100,3.6,100,12.4,0.3
2025-11-26T16:00:00Z,35,0,35,100,4,100,11.1,0.2
2025-11-26T17:00:00Z,36,0,36,100,4.3,99,10.8,0.2
2025-11-26T18:00:00Z,49,0,49,100,4.6,99,10.3,0.1
2025-11-26T19:00:00Z,29,0,29,100,4.8,99,10,0
2025-11-26T20:00:00Z,24,0,24,100,5,98,11.4,0.1
2025-11-26T21:00:00Z,10,0,10,100,5.1,98,12,0
2025-11-26T22:00:00Z,0,0,0,100,4.8,97,9,0.2
2025-11-26T23:00:00Z,0,0,0,99,5.2,97,9,1.5
2025-11-27T00:00:00Z,0,0,0,99,6,96,16.9,2.2
2025-11-27T01:00:00Z,0,0,0,95,5.6,89,18.6,1.1
2025-11-27T02:00:00Z,0,0,0,76,4.4,89,19.7,0.2
2025-11-27T03:00:00Z,0,0,0,67,3.9,87,19.1,0.1
2025-11-27T04:00:00Z,0,0,0,20,3.2,84,15.8,0
2025-11-27T05:00:00Z,0,0,0,15,2.6,81,15.3,0
2025-11-27T06:00:00Z,0,0,0,21,2.1,81,15.2,0
2025-11-27T07:00:00Z,0,0,0,48,1.6,80,14.3,0
2025-11-27T08:00:00Z,0,0,0,59,1.2,80,14.9,0
2025-11-27T09:00:00Z,0,0,0,79,1.2,79,15.8,0
2025-11-27T10:00:00Z,0,0,0,72,1.3,77,16,0
2025-11-27T11:00:00Z,0,0,0,94,1.3,76,15.3,0
2025-11-27T12:00:00Z,0,0,0,100,1.4,77,15.6,0
2025-11-27T13:00:00Z,5,0,5,96,1.5,77,15.7,0.1
2025-11-27T14:00:00Z,43,13,30,78,1.8,76,15.5,0.1
2025-11-27T15:00:00Z,88,16,72,92,2.4,75,16.8,0.1
2025-11-27T16:00:00Z,96,1,95,89,3,69,22.8,0
2025-11-27T17:00:00Z,127,10,117,100,3.5,66,23.2,0
2025-11-27T18:00:00Z,89,0,89,93,3.3,70,20.4,0.1
2025-11-27T19:00:00Z,167,58,109,58,3.5,64,21.2,0
2025-11-27T20:00:00Z,174,97,77,70,3.5,64,19.7,0
2025-11-27T21:00:00Z,74,34,40,81,2.6,70,18.7,0
2025-11-27T22:00:00Z,3,0,3,93,1.6,74,19.9,0
2025-11-27T23:00:00Z,0,0,0,97,1.4,76,19.4,0.1
2025-11-28T00:00:00Z,0,0,0,97,1.1,77,17.3,0.1
2025-11-28T01:00:00Z,0,0,0,95,1,77,15.5,0
2025-11-28T02:00:00Z,0,0,0,91,0.6,76,15,0.1
2025-11-28T03:00:00Z,0,0,0,90,-0.1,77,15.6,0.1
2025-11-28T04:00:00Z,0,0,0,87,-0.3,77,14.2,0
2025-11-28T05:00:00Z,0,0,0,97,-0.9,77,13.7,0
2025-11-28T06:00:00Z,0,0,0,86,-0.9,73,14.2,0
2025-11-28T07:00:00Z,0,0,0,95,-1.1,72,16,0.1
2025-11-28T08:00:00Z,0,0,0,99,-1.4,71,15.8,0.1
2025-11-28T09:00:00Z,0,0,0,100,-1.4,72,15.3,0.1
2025-11-28T10:00:00Z,0,0,0,100,-1.9,73,19.2,0.1
2025-11-28T11:00:00Z,0,0,0,100,-2.1,72,17.6,0
2025-11-28T12:00:00Z,0,0,0,99,-2.2,72,17.5,0
2025-11-28T13:00:00Z,10,1,9,100,-2.3,73,18.5,0
2025-11-28T14:00:00Z,66,6,60,100,-2.1,74,21.3,0
2025-11-28T15:00:00Z,117,11,106,97,-1.9,74,22,0.1
2025-11-28T16:00:00Z,169,19,150,100,-1.6,72,21.9,0.1
2025-11-28T17:00:00Z,208,25,183,100,-1.3,67,21.6,0.2
2025-11-28T18:00:00Z,178,27,151,100,-1.4,70,23.7,0.2
2025-11-28T19:00:00Z,132,11,121,100,-1.5,71,24.6,0.1
2025-11-28T20:00:00Z,107,9,98,100,-1.7,72,24.1,0.1
2025-11-28T21:00:00Z,46,1,45,98,-2,71,21.7,0
2025-11-28T22:00:00Z,2,0,2,100,-2.3,69,20.6,0
2025-11-28T23:00:00Z,0,0,0,92,-2.4,68,22.9,0
2025-11-29T00:00:00Z,0,0,0,100,-2.3,68,24.9,0
2025-11-29T01:00:00Z,0,0,0,100,-2.1,69,24,0
2025-11-29T02:00:00Z,0,0,0,96,-2,68,19.5,0
2025-11-29T03:00:00Z,0,0,0,93,-2.3,68,19.1,0
2025-11-29T04:00:00Z,0,0,0,99,-2.4,66,21.4,0
2025-11-29T05:00:00Z,0,0,0,96,-2.7,66,21.1,0
2025-11-29T06:00:00Z,0,0,0,87,-2.8,65,20.8,0
2025-11-29T07:00:00Z,0,0,0,93,-2.9,66,20.3,0
2025-11-29T08:00:00Z,0,0,0,89,-3.2,68,19.4,0
2025-11-29T09:00:00Z,0,0,0,98,-3.3,68,19,0
2025-11-29T10:00:00Z,0,0,0,40,-3.6,69,16.3,0
2025-11-29T11:00:00Z,0,0,0,85,-3.8,70,16.7,0
2025-11-29T12:00:00Z,0,0,0,99,-4.3,73,16.5,0
2025-11-29T13:00:00Z,11,3,8,93,-4.1,70,16.4,0
2025-11-29T14:00:00Z,80,13,67,100,-3.3,65,18.3,0
2025-11-29T15:00:00Z,167,62,105,96,-2.5,62,16.5,0
2025-11-29T16:00:00Z,214,61,153,68,-1.8,60,15.4,0
2025-11-29T17:00:00Z,250,85,165,68,-1.2,58,14.5,0
2025-11-29T18:00:00Z,230,80,150,57,-0.9,58,14.2,0
2025-11-29T19:00:00Z,252,160,92,49,-0.7,55,13.2,0
2025-11-29T20:00:00Z,165,93,72,32,-0.8,53,10.6,0
2025-11-29T21:00:00Z,71,39,32,32,-1.7,55,6,0
2025-11-29T22:00:00Z,3,1,2,100,-3.4,62,5.2,0
2025-11-29T23:00:00Z,0,0,0,100,-4.2,67,4.8,0
2025-11-30T00:00:00Z,0,0,0,100,-5,69,4.3,0
2025-11-30T01:00:00Z,0,0,0,72,-5.5,71,3.6,0
2025-11-30T02:00:00Z,0,0,0,82,-6.3,78,4.4,0
2025-11-30T03:00:00Z,0,0,0,100,-6.3,81,5.8,0
2025-11-30T04:00:00Z,0,0,0,100,-5.8,78,5.8,0
2025-11-30T05:00:00Z,0,0,0,100,-4.9,71,8.5,0
2025-11-30T06:00:00Z,0,0,0,100,-4.4,69,8.6,0
2025-11-30T07:00:00Z,0,0,0,100,-4,71,10.2,0
2025-11-30T08:00:00Z,0,0,0,100,-3.8,75,10.6,0.1
2025-11-30T09:00:00Z,0,0,0,100,-3.6,81,13,0.2
2025-11-30T10:00:00Z,0,0,0,100,-3.5,87,13.8,0.4
2025-11-30T11:00:00Z,0,0,0,100,-3.5,89,14.9,0.4
2025-11-30T12:00:00Z,0,0,0,100,-3.4,89,14.5,0.4
2025-11-30T13:00:00Z,3,0,3,100,-2.8,89,15.2,0.4
2025-11-30T14:00:00Z,39,1,38,100,-2.5,91,14.8,0.3
2025-11-30T15:00:00Z,74,2,72,100,-1.9,91,14.6,0.3
2025-11-30T16:00:00Z,86,2,84,100,-1.4,92,14.4,0.3
2025-11-30T17:00:00Z,87,6,81,100,-0.8,90,14.6,0.4
2025-11-30T18:00:00Z,82,3,79,100,-0.4,90,14.6,0.4
2025-11-30T19:00:00Z,73,1,72,100,-0.2,93,14.8,0.5
2025-11-30T20:00:00Z,49,0,49,97,0.3,92,19.9,0.5
2025-11-30T21:00:00Z,31,9,22,93,0.2,92,19.2,0.4
2025-11-30T22:00:00Z,2,0,2,99,0.9,92,18.4,0.3
2025-11-30T23:00:00Z,0,0,0,74,1.2,93,17.6,0.1
2025-12-01T00:00:00Z,0,0,0,53,1.4,92,17.2,0
2025-12-01T01:00:00Z,0,0,0,81,1.7,87,16.9,0.1
2025-12-01T02:00:00Z,0,0,0,99,1.6,85,16.8,0.1
2025-12-01T03:00:00Z,0,0,0,100,1.3,88,15.4,0.4
2025-12-01T04:00:00Z,0,0,0,100,1,90,19.1,0.4
2025-12-01T05:00:00Z,0,0,0,99,-0.1,81,23.7,0.2
2025-12-01T06:00:00Z,0,0,0,99,-1.7,76,24.7,0
2025-12-01T07:00:00Z,0,0,0,94,-3.1,71,24.4,0
2025-12-01T08:00:00Z,0,0,0,97,-4.4,67,23.9,0
2025-12-01T09:00:00Z,0,0,0,96,-5.5,67,22.4,0
2025-12-01T10:00:00Z,0,0,0,100,-6.8,66,21.8,0
2025-12-01T11:00:00Z,0,0,0,100,-7,71,19.6,0
2025-12-01T12:00:00Z,0,0,0,100,-7.7,70,17.4,0
2025-12-01T13:00:00Z,7,1,6,100,-8.2,70,16,0
2025-12-01T14:00:00Z,63,8,55,100,-7.7,67,14.3,0
2025-12-01T15:00:00Z,130,11,119,100,-7.5,66,13.8,0
2025-12-01T16:00:00Z,201,35,166,100,-7.3,66,12.2,0
2025-12-01T17:00:00Z,293,113,180,100,-7,66,10.7,0
2025-12-01T18:00:00Z,339,209,130,100,-6.6,64,10,0
2025-12-01T19:00:00Z,274,136,138,100,-6.5,64,8.4,0
2025-12-01T20:00:00Z,185,86,99,62,-6.7,65,7.2,0
2025-12-01T21:00:00Z,76,37,39,79,-7.6,67,6.6,0
2025-12-01T22:00:00Z,2,0,2,100,-9.4,73,5.3,0
2025-12-01T23:00:00Z,0,0,0,100,-8.4,71,2.9,0
2025-12-02T00:00:00Z,0,0,0,100,-8.5,71,2.5,0
2025-12-02T01:00:00Z,0,0,0,100,-8.8,73,0.2,0
2025-12-02T02:00:00Z,0,0,0,100,-9.1,77,5.1,0
2025-12-02T03:00:00Z,0,0,0,100,-10.3,82,6.5,0
2025-12-02T04:00:00Z,0,0,0,100,-9.6,81,7.2,0
2025-12-02T05:00:00Z,0,0,0,100,-9.2,79,8.4,0
2025-12-02T06:00:00Z,0,0,0,100,-9,80,9.7,0
2025-12-02T07:00:00Z,0,0,0,100,-8.7,81,9,0.1
2025-12-02T08:00:00Z,0,0,0,100,-8.6,83,6.6,0.1
2025-12-02T09:00:00Z,0,0,0,100,-8.4,85,5.8,0.1
2025-12-02T10:00:00Z,0,0,0,100,-8,87,6.2,0.1
2025-12-02T11:00:00Z,0,0,0,100,-7.9,87,5.5,0.1
2025-12-02T12:00:00Z,0,0,0,100,-8.1,88,7.4,0.1
2025-12-02T13:00:00Z,7,0,7,100,-8.4,89,7.4,0
2025-12-02T14:00:00Z,66,2,64,100,-8.1,88,6.3,0
2025-12-02T15:00:00Z,131,12,119,94,-7.3,86,5.8,0
2025-12-02T16:00:00Z,174,24,150,87,-6.3,82,5.6,0
2025-12-02T17:00:00Z,280,124,156,86,-5.4,80,5.8,0
2025-12-02T18:00:00Z,314,174,140,62,-4.5,77,5.9,0
2025-12-02T19:00:00Z,249,109,140,35,-3.9,75,6.2,0
2025-12-02T20:00:00Z,168,76,92,30,-4.3,77,6.8,0
2025-12-02T21:00:00Z,73,36,37,7,-5.7,80,6.5,0
2025-12-02T22:00:00Z,2,1,1,12,-7.5,83,6,0
2025-12-02T23:00:00Z,0,0,0,17,-8.4,85,5.3,0
2025-12-03T00:00:00Z,0,0,0,24,-8.9,87,6.6,0
2025-12-03T01:00:00Z,0,0,0,30,-9.1,88,6.9,0
2025-12-03T02:00:00Z,0,0,0,32,-9.9,91,7,0
2025-12-03T03:00:00Z,0,0,0,39,-9.9,92,6.6,0
2025-12-03T04:00:00Z,0,0,0,44,-8.7,90,4.7,0
2025-12-03T05:00:00Z,0,0,0,38,-8.2,91,2.9,0
2025-12-03T06:00:00Z,0,0,0,35,-8,91,3.5,0
2025-12-03T07:00:00Z,0,0,0,26,-8.2,94,5.8,0
2025-12-03T08:00:00Z,0,0,0,33,-8.6,95,7.5,0
2025-12-03T09:00:00Z,0,0,0,55,-8,95,7.8,0
2025-12-03T10:00:00Z,0,0,0,81,-11.2,95,5.8,0
2025-12-03T11:00:00Z,0,0,0,96,-10,96,7.8,0
2025-12-03T12:00:00Z,0,0,0,97,-9.4,95,10.1,0
2025-12-03T13:00:00Z,8,2,6,100,-9,97,10,0
2025-12-03T14:00:00Z,75,21,54,100,-7.6,96,10.9,0
2025-12-03T15:00:00Z,154,40,114,100,-6.1,93,11.7,0
2025-12-03T16:00:00Z,176,17,159,100,-4.7,89,14.4,0
2025-12-03T17:00:00Z,218,46,172,100,-2.9,87,17.2,0
2025-12-03T18:00:00Z,167,26,141,96,-2,85,17.3,0.1
2025-12-03T19:00:00Z,140,19,121,100,-1.4,86,19,0.1
2025-12-03T20:00:00Z,93,26,67,98,-0.6,85,18.3,0.1
2025-12-03T21:00:00Z,31,6,25,93,0,84,18,0.1
2025-12-03T22:00:00Z,1,0,1,99,0.2,89,16.6,0.1
2025-12-03T23:00:00Z,0,0,0,100,0.5,87,17.1,0.1
2025-12-04T00:00:00Z,0,0,0,100,0.4,85,17.2,0.1
2025-12-04T01:00:00Z,0,0,0,99,0.3,84,17.7,0
2025-12-04T02:00:00Z,0,0,0,99,0.2,84,18.5,0
2025-12-04T03:00:00Z,0,0,0,99,0,81,18,0
2025-12-04T04:00:00Z,0,0,0,99,-0.5,84,17.8,0.1
2025-12-04T05:00:00Z,0,0,0,100,-0.6,85,16.5,0.1
2025-12-04T06:00:00Z,0,0,0,100,-0.6,88,14.7,0.3
2025-12-04T07:00:00Z,0,0,0,100,-1.7,83,17.2,0.4
2025-12-04T08:00:00Z,0,0,0,98,-3.6,66,19.3,0.2
2025-12-04T09:00:00Z,0,0,0,97,-5.1,60,17.4,0
2025-12-04T10:00:00Z,0,0,0,98,-6.4,56,17.1,0
2025-12-04T11:00:00Z,0,0,0,94,-7.1,62,15.7,0
2025-12-04T12:00:00Z,0,0,0,73,-7.9,66,14.3,0
2025-12-04T13:00:00Z,8,1,7,80,-8.5,67,14.5,0
2025-12-04T14:00:00Z,100,46,54,96,-8.6,65,17.1,0
2025-12-04T15:00:00Z,190,92,98,100,-8.8,64,17.9,0
2025-12-04T16:00:00Z,275,135,140,88,-9.3,61,20.3,0
2025-12-04T17:00:00Z,297,128,169,33,-9.7,55,23.3,0
2025-12-04T18:00:00Z,355,246,109,32,-10.1,52,24.8,0
2025-12-04T19:00:00Z,314,244,70,90,-10.9,52,26.5,0
2025-12-04T20:00:00Z,211,147,64,96,-11.7,54,25.9,0
2025-12-04T21:00:00Z,70,25,45,64,-12.7,55,22.6,0
2025-12-04T22:00:00Z,2,1,1,4,-13.7,50,18.1,0
2025-12-04T23:00:00Z,0,0,0,4,-14.6,55,16.2,0
2025-12-05T00:00:00Z,0,0,0,5,-15.2,58,15.5,0
2025-12-05T01:00:00Z,0,0,0,5,-15.7,61,13.8,0
2025-12-05T02:00:00Z,0,0,0,4,-16.3,66,12.3,0
2025-12-05T03:00:00Z,0,0,0,8,-16.6,68,11.7,0
2025-12-05T04:00:00Z,0,0,0,6,-16.9,69,11,0
2025-12-05T05:00:00Z,0,0,0,2,-17.3,69,8.8,0
2025-12-05T06:00:00Z,0,0,0,4,-18.4,69,6.9,0
2025-12-05T07:00:00Z,0,0,0,16,-17.2,66,5.4,0
2025-12-05T08:00:00Z,0,0,0,33,-17,67,5,0
2025-12-05T09:00:00Z,0,0,0,0,-19.5,76,7.8,0
2025-12-05T10:00:00Z,0,0,0,85,-17.3,79,8.6,0
2025-12-05T11:00:00Z,0,0,0,95,-16.7,78,9.2,0
2025-12-05T12:00:00Z,0,0,0,90,-16.2,81,11.1,0
2025-12-05T13:00:00Z,8,2,6,82,-15.2,82,11.2,0
2025-12-05T14:00:00Z,88,38,50,88,-13.4,79,11.9,0
2025-12-05T15:00:00Z,151,44,107,97,-11.4,77,12.8,0
2025-12-05T16:00:00Z,149,44,105,100,-10,74,13.5,0
2025-12-05T17:00:00Z,192,46,146,100,-9,73,14.1,0
2025-12-05T18:00:00Z,193,22,171,100,-8.2,73,13.1,0
2025-12-05T19:00:00Z,154,6,148,99,-7.6,73,12.5,0.1
2025-12-05T20:00:00Z,104,7,97,100,-7.2,73,12.4,0.1
2025-12-05T21:00:00Z,36,0,36,99,-6.9,73,12.9,0.1
2025-12-05T22:00:00Z,1,0,1,99,-7.3,77,10.3,0.1
2025-12-05T23:00:00Z,0,0,0,96,-7.2,77,10,0.1
2025-12-06T00:00:00Z,0,0,0,90,-7.6,80,10.7,0
2025-12-06T01:00:00Z,0,0,0,77,-7.3,79,10.2,0
2025-12-06T02:00:00Z,0,0,0,79,-7,79,10.2,0
2025-12-06T03:00:00Z,0,0,0,99,-6.5,80,10.2,0
2025-12-06T04:00:00Z,0,0,0,100,-6.2,81,11.5,0
2025-12-06T05:00:00Z,0,0,0,99,-5.9,82,11.6,0
2025-12-06T06:00:00Z,0,0,0,100,-5.7,83,11.9,0
2025-12-06T07:00:00Z,0,0,0,99,-5.5,84,12.5,0.1
2025-12-06T08:00:00Z,0,0,0,100,-5.1,87,12.7,0.1
2025-12-06T09:00:00Z,0,0,0,100,-4.7,88,12.9,0.1
2025-12-06T10:00:00Z,0,0,0,100,-4.1,90,12.8,0.2
2025-12-06T11:00:00Z,0,0,0,100,-3.1,89,13.6,0.3
2025-12-06T12:00:00Z,0,0,0,100,-2.6,90,14.6,0.4
2025-12-06T13:00:00Z,2,0,2,100,-2.1,90,15.7,0.4
2025-12-06T14:00:00Z,25,0,25,99,-1.4,90,14.7,0.4
2025-12-06T15:00:00Z,50,0,50,100,-0.9,91,15.7,0.3
2025-12-06T16:00:00Z,92,11,81,100,-0.4,89,18.5,0.3
2025-12-06T17:00:00Z,125,16,109,99,-0.1,87,19.7,0.3
2025-12-06T18:00:00Z,143,11,132,91,-0.1,87,19.9,0.2
2025-12-06T19:00:00Z,161,40,121,93,0.6,80,18.3,0.1
2025-12-06T20:00:00Z,96,19,77,83,0.7,79,15.4,0.1
2025-12-06T21:00:00Z,40,9,31,64,0.6,79,13.4,0.1
2025-12-06T22:00:00Z,2,0,2,58,-0.4,85,12.1,0.1
2025-12-06T23:00:00Z,0,0,0,100,-1,86,13.2,0.2
2025-12-07T00:00:00Z,0,0,0,99,-1.2,84,17.1,0.2
2025-12-07T01:00:00Z,0,0,0,73,-1.7,77,18.6,0.1
2025-12-07T02:00:00Z,0,0,0,7,-3.1,66,16.9,0
2025-12-07T03:00:00Z,0,0,0,5,-5.7,61,14.5,0
2025-12-07T04:00:00Z,0,0,0,1,-7.7,65,11.7,0
2025-12-07T05:00:00Z,0,0,0,9,-9.4,71,9.9,0
2025-12-07T06:00:00Z,0,0,0,3,-10.4,74,8,0
2025-12-07T07:00:00Z,0,0,0,10,-11.1,75,5.9,0
2025-12-07T08:00:00Z,0,0,0,11,-11.6,79,7.8,0
2025-12-07T09:00:00Z,0,0,0,72,-12.6,82,5.7,0
2025-12-07T10:00:00Z,0,0,0,98,-11.8,84,7.3,0
2025-12-07T11:00:00Z,0,0,0,97,-12.1,86,5.5,0
2025-12-07T12:00:00Z,0,0,0,99,-12.9,87,5.5,0
2025-12-07T13:00:00Z,5,1,4,100,-12.8,89,5.3,0
2025-12-07T14:00:00Z,57,6,51,100,-11.9,86,4.9,0
2025-12-07T15:00:00Z,98,5,93,100,-10.6,82,5,0.1
2025-12-07T16:00:00Z,159,6,153,100,-9.9,81,4.7,0.1
2025-12-07T17:00:00Z,167,6,161,100,-9.5,78,4.1,0.1
2025-12-07T18:00:00Z,191,20,171,100,-9.2,77,3.9,0.2
2025-12-07T19:00:00Z,126,4,122,100,-9.1,79,4.8,0.3
2025-12-07T20:00:00Z,63,0,63,99,-9.7,81,5.5,0.4
2025-12-07T21:00:00Z,23,0,23,100,-9.9,85,5.6,0.3
2025-12-07T22:00:00Z,1,0,1,99,-10.4,87,4.5,0.2
2025-12-07T23:00:00Z,0,0,0,99,-11.6,89,2.5,0.1
2025-12-08T00:00:00Z,0,0,0,96,-12.3,88,3.8,0
2025-12-08T01:00:00Z,0,0,0,73,-13.1,87,5.9,0
2025-12-08T02:00:00Z,0,0,0,45,-13.8,86,7.1,0
2025-12-08T03:00:00Z,0,0,0,52,-15.1,88,9.2,0
2025-12-08T04:00:00Z,0,0,0,80,-12.2,88,12.8,0
2025-12-08T05:00:00Z,0,0,0,87,-10.9,81,19.1,0
2025-12-08T06:00:00Z,0,0,0,97,-11.4,77,20.2,0
2025-12-08T07:00:00Z,0,0,0,97,-12.7,75,20.2,0
2025-12-08T08:00:00Z,0,0,0,96,-14.4,73,18.3,0
2025-12-08T09:00:00Z,0,0,0,39,-16,71,14.9,0
2025-12-08T10:00:00Z,0,0,0,98,-17.4,75,16.6,0
2025-12-08T11:00:00Z,0,0,0,99,-18.1,76,13,0
2025-12-08T12:00:00Z,0,0,0,98,-18.7,77,11.3,0
2025-12-08T13:00:00Z,7,3,4,99,-18.9,77,11,0
2025-12-08T14:00:00Z,103,61,42,100,-17.1,73,11.8,0
2025-12-08T15:00:00Z,229,159,70,100,-15.1,68,10.9,0
2025-12-08T16:00:00Z,323,235,88,100,-14.1,66,10.1,0
2025-12-08T17:00:00Z,362,254,108,100,-13.2,62,9.6,0
2025-12-08T18:00:00Z,349,241,108,92,-12.6,60,9.9,0
2025-12-08T19:00:00Z,288,185,103,81,-12,57,9.4,0
2025-12-08T20:00:00Z,190,110,80,40,-11.9,55,9.2,0
2025-12-08T21:00:00Z,75,40,35,63,-13,60,8.3,0
2025-12-08T22:00:00Z,2,1,1,13,-16.5,69,6,0
2025-12-08T23:00:00Z,0,0,0,15,-18.7,73,7.9,0
2025-12-09T00:00:00Z,0,0,0,17,-18.8,75,7.5,0
2025-12-09T01:00:00Z,0,0,0,8,-18.7,79,7.4,0
2025-12-09T02:00:00Z,0,0,0,51,-18.4,83,6.3,0
2025-12-09T03:00:00Z,0,0,0,60,-20.3,87,5.6,0
2025-12-09T04:00:00Z,0,0,0,59,-22.7,89,5.6,0
2025-12-09T05:00:00Z,0,0,0,66,-22.3,87,5.2,0
2025-12-09T06:00:00Z,0,0,0,64,-21.6,84,4.1,0
2025-12-09T07:00:00Z,0,0,0,85,-22.5,85,2.9,0
2025-12-09T08:00:00Z,0,0,0,100,-20.4,84,2.7,0
2025-12-09T09:00:00Z,0,0,0,100,-19.8,83,3.3,0
2025-12-09T10:00:00Z,0,0,0,97,-18.9,81,0.9,0
2025-12-09T11:00:00Z,0,0,0,100,-18.6,82,3.3,0
2025-12-09T12:00:00Z,0,0,0,100,-18.3,82,5.1,0
2025-12-09T13:00:00Z,4,0,4,100,-17.5,83,6.7,0
2025-12-09T14:00:00Z,60,10,50,100,-16,86,8.1,0
2025-12-09T15:00:00Z,134,17,117,100,-13.8,88,8.5,0
2025-12-09T16:00:00Z,187,24,163,100,-12,86,8.8,0
2025-12-09T17:00:00Z,204,16,188,100,-9.8,86,9.3,0
2025-12-09T18:00:00Z,177,21,156,100,-8.5,83,10.9,0
2025-12-09T19:00:00Z,114,4,110,100,-7.4,83,12.8,0
2025-12-09T20:00:00Z,96,5,91,99,-6.3,79,15.8,0
2025-12-09T21:00:00Z,39,2,37,100,-6.4,78,14,0
2025-12-09T22:00:00Z,1,0,1,100,-7.1,73,12.9,0.1
2025-12-09T23:00:00Z,0,0,0,100,-7.2,73,12.2,0.1
2025-12-10T00:00:00Z,0,0,0,100,-7.2,77,12.1,0.2
2025-12-10T01:00:00Z,0,0,0,100,-7.3,81,11.3,0.3
2025-12-10T02:00:00Z,0,0,0,100,-7.1,86,11.5,0.3
2025-12-10T03:00:00Z,0,0,0,100,-7.1,90,11.6,0.3
2025-12-10T04:00:00Z,0,0,0,100,-6.6,90,11.1,0.3
2025-12-10T05:00:00Z,0,0,0,100,-5.9,91,10,0.4
2025-12-10T06:00:00Z,0,0,0,100,-5.4,94,9.1,0.4
2025-12-10T07:00:00Z,0,0,0,96,-4.9,95,8.7,0.2
2025-12-10T08:00:00Z,0,0,0,99,-4.4,95,8.6,0.1
2025-12-10T09:00:00Z,0,0,0,93,-4.2,93,7.7,0
2025-12-10T10:00:00Z,0,0,0,100,-5.1,95,6.4,0
2025-12-10T11:00:00Z,0,0,0,100,-5.6,96,5.6,0
2025-12-10T12:00:00Z,0,0,0,100,-7.2,98,6.2,0
2025-12-10T13:00:00Z,3,0,3,100,-5.8,97,7.1,0
2025-12-10T14:00:00Z,46,0,46,100,-4.6,97,7.5,0.1
2025-12-10T15:00:00Z,82,1,81,100,-3.6,96,6.4,0.3
2025-12-10T16:00:00Z,103,0,103,100,-2.9,95,7.7,0.4
2025-12-10T17:00:00Z,89,0,89,100,-2.7,95,9.9,0.7
2025-12-10T18:00:00Z,70,0,70,100,-2.6,94,10.7,0.8
2025-12-10T19:00:00Z,55,0,55,100,-2.5,94,10.9,0.9
2025-12-10T20:00:00Z,42,0,42,100,-2.6,95,11.9,0.8
2025-12-10T21:00:00Z,18,0,18,100,-2.8,95,11.6,0.7
2025-12-10T22:00:00Z,0,0,0,100,-3.2,93,11.5,0.7
2025-12-10T23:00:00Z,0,0,0,100,-3.4,93,11.2,0.6
2025-12-11T00:00:00Z,0,0,0,100,-3.6,91,11.3,0.5
2025-12-11T01:00:00Z,0,0,0,100,-3.8,91,11.6,0.4
2025-12-11T02:00:00Z,0,0,0,100,-4.1,90,11.8,0.3
2025-12-11T03:00:00Z,0,0,0,100,-4.3,90,11.7,0.3
2025-12-11T04:00:00Z,0,0,0,100,-4.2,88,12.7,0.2
2025-12-11T05:00:00Z,0,0,0,100,-4.9,85,14.9,0.1
2025-12-11T06:00:00Z,0,0,0,99,-5.6,84,16.4,0.1
2025-12-11T07:00:00Z,0,0,0,99,-6.6,83,18.7,0.1
2025-12-11T08:00:00Z,0,0,0,100,-8.1,83,19.8,0.1
2025-12-11T09:00:00Z,0,0,0,99,-9.3,82,20.9,0.2
2025-12-11T10:00:00Z,0,0,0,100,-9.2,78,20.2,0.1
2025-12-11T11:00:00Z,0,0,0,100,-9.9,77,20.1,0.1
2025-12-11T12:00:00Z,0,0,0,100,-10.7,77,19.8,0.1
2025-12-11T13:00:00Z,3,0,3,100,-11.3,76,20.1,0.1
2025-12-11T14:00:00Z,53,3,50,100,-11.4,75,22.2,0.1
2025-12-11T15:00:00Z,136,14,122,100,-11,73,21.9,0.1
2025-12-11T16:00:00Z,209,39,170,100,-10.5,71,21.7,0
2025-12-11T17:00:00Z,267,78,189,99,-10.1,70,21.9,0
2025-12-11T18:00:00Z,282,108,174,100,-9.6,69,22.2,0
2025-12-11T19:00:00Z,186,29,157,100,-9.4,70,22.4,0.1
2025-12-11T20:00:00Z,125,13,112,100,-9.3,72,22.6,0.1
2025-12-11T21:00:00Z,43,1,42,100,-9.3,74,22.3,0.1
2025-12-11T22:00:00Z,1,0,1,100,-9.2,75,18.6,0
2025-12-11T23:00:00Z,0,0,0,100,-9.4,75,19.3,0
2025-12-12T00:00:00Z,0,0,0,100,-9.4,74,18.7,0
2025-12-12T01:00:00Z,0,0,0,100,-9.6,73,18,0
2025-12-12T02:00:00Z,0,0,0,100,-9.6,72,17.6,0
2025-12-12T03:00:00Z,0,0,0,100,-9.8,73,17,0
2025-12-12T04:00:00Z,0,0,0,100,-10.1,75,16.3,0
2025-12-12T05:00:00Z,0,0,0,98,-10.6,76,17.4,0
2025-12-12T06:00:00Z,0,0,0,93,-10.8,79,16.8,0
2025-12-12T07:00:00Z,0,0,0,80,-11.3,78,18.7,0
2025-12-12T08:00:00Z,0,0,0,71,-11.7,79,18.9,0
2025-12-12T09:00:00Z,0,0,0,68,-11.4,80,18.9,0
2025-12-12T10:00:00Z,0,0,0,91,-10.6,77,19.4,0
2025-12-12T11:00:00Z,0,0,0,100,-10.3,78,18.3,0
2025-12-12T12:00:00Z,0,0,0,99,-10,77,17.9,0
2025-12-12T13:00:00Z,4,0,4,98,-9.5,77,18.4,0
2025-12-12T14:00:00Z,78,31,47,64,-8.6,75,16.6,0
2025-12-12T15:00:00Z,208,141,67,51,-7.3,71,17.8,0
2025-12-12T16:00:00Z,309,234,75,39,-6.2,68,20.7,0
2025-12-12T17:00:00Z,358,274,84,50,-5.2,64,18.6,0
2025-12-12T18:00:00Z,335,220,115,98,-4.7,63,17.6,0
2025-12-12T19:00:00Z,238,99,139,99,-4.7,64,17.6,0
2025-12-12T20:00:00Z,133,31,102,99,-4.8,64,16.9,0
2025-12-12T21:00:00Z,41,2,39,96,-5.5,68,13.8,0
2025-12-12T22:00:00Z,1,0,1,95,-6.4,71,11,0
2025-12-12T23:00:00Z,0,0,0,69,-7,73,10.1,0
2025-12-13T00:00:00Z,0,0,0,64,-7.8,77,10.1,0
2025-12-13T01:00:00Z,0,0,0,79,-8,78,8.7,0
2025-12-13T02:00:00Z,0,0,0,47,-9.2,82,7,0
2025-12-13T03:00:00Z,0,0,0,21,-10,85,6.7,0
2025-12-13T04:00:00Z,0,0,0,7,-12,87,9.2,0
2025-12-13T05:00:00Z,0,0,0,63,-13.5,89,9.3,0
2025-12-13T06:00:00Z,0,0,0,66,-15,92,9,0
2025-12-13T07:00:00Z,0,0,0,94,-11.3,89,5.2,0
2025-12-13T08:00:00Z,0,0,0,100,-12,93,4.4,0
2025-12-13T09:00:00Z,0,0,0,100,-12.9,96,7.4,0
2025-12-13T10:00:00Z,0,0,0,100,-10.2,90,6.3,0
2025-12-13T11:00:00Z,0,0,0,100,-9.9,90,5.8,0
2025-12-13T12:00:00Z,0,0,0,99,-9,90,6.2,0
2025-12-13T13:00:00Z,3,1,2,100,-8.5,91,7.6,0.1
2025-12-13T14:00:00Z,40,4,36,100,-7,92,10.2,0.4
2025-12-13T15:00:00Z,34,0,34,100,-5.7,94,12.1,0.5
2025-12-13T16:00:00Z,87,0,87,100,-4.2,91,16.5,0.4
2025-12-13T17:00:00Z,128,1,127,100,-3.1,88,17,0.3
2025-12-13T18:00:00Z,165,34,131,100,-2.4,85,16.7,0.5
2025-12-13T19:00:00Z,99,0,99,94,-2.1,86,14.8,0.5
2025-12-13T20:00:00Z,85,12,73,55,-1.7,88,11.9,0.3
2025-12-13T21:00:00Z,60,29,31,49,-2.6,83,16,0.4
2025-12-13T22:00:00Z,2,0,2,36,-3.5,74,16.2,0
2025-12-13T23:00:00Z,0,0,0,17,-4.8,76,13.4,0
2025-12-14T00:00:00Z,0,0,0,2,-6,77,9.2,0
2025-12-14T01:00:00Z,0,0,0,11,-6.7,78,10.6,0
2025-12-14T02:00:00Z,0,0,0,17,-7.5,78,11,0
2025-12-14T03:00:00Z,0,0,0,6,-8.4,79,10.3,0
2025-12-14T04:00:00Z,0,0,0,1,-8.9,79,9.4,0
2025-12-14T05:00:00Z,0,0,0,8,-9.8,79,9.1,0
2025-12-14T06:00:00Z,0,0,0,28,-10.2,80,8.5,0
2025-12-14T07:00:00Z,0,0,0,69,-10.9,81,8.2,0
2025-12-14T08:00:00Z,0,0,0,72,-11.7,84,8,0
2025-12-14T09:00:00Z,0,0,0,70,-12.2,84,9.6,0
2025-12-14T10:00:00Z,0,0,0,83,-12.4,82,9.3,0
2025-12-14T11:00:00Z,0,0,0,93,-12.3,81,10.1,0
2025-12-14T12:00:00Z,0,0,0,89,-12.4,83,11,0
2025-12-14T13:00:00Z,3,1,2,97,-12.3,81,11.7,0
2025-12-14T14:00:00Z,83,44,39,85,-11.4,76,11.9,0
2025-12-14T15:00:00Z,169,100,69,70,-10.6,69,11.4,0
2025-12-14T16:00:00Z,312,232,80,6,-9.9,60,10.9,0
2025-12-14T17:00:00Z,370,293,77,1,-9.5,54,11.8,0
2025-12-14T18:00:00Z,373,303,70,0,-9.4,51,13.4,0
2025-12-14T19:00:00Z,315,249,66,0,-9.4,50,14.5,0
2025-12-14T20:00:00Z,212,158,54,4,-10.1,51,14.7,0
2025-12-14T21:00:00Z,82,51,31,10,-10.9,56,14.3,0
2025-12-14T22:00:00Z,2,1,1,16,-12.1,61,14.4,0
2025-12-14T23:00:00Z,0,0,0,52,-12.5,65,16.3,0
2025-12-15T00:00:00Z,0,0,0,38,-12.6,67,16.9,0
2025-12-15T01:00:00Z,0,0,0,4,-12.8,68,15.9,0
2025-12-15T02:00:00Z,0,0,0,9,-13.2,71,15.9,0
2025-12-15T03:00:00Z,0,0,0,23,-13.7,75,16,0
2025-12-15T04:00:00Z,0,0,0,79,-14.1,78,15.3,0
2025-12-15T05:00:00Z,0,0,0,95,-14.3,77,15.4,0
2025-12-15T06:00:00Z,0,0,0,99,-14.1,76,14.3,0
2025-12-15T07:00:00Z,0,0,0,100,-13.8,76,15.9,0
2025-12-15T08:00:00Z,0,0,0,100,-13.6,77,15.2,0
2025-12-15T09:00:00Z,0,0,0,100,-13.1,78,13.9,0
2025-12-15T10:00:00Z,0,0,0,97,-12.3,80,10.9,0
2025-12-15T11:00:00Z,0,0,0,93,-12,79,12,0
2025-12-15T12:00:00Z,0,0,0,98,-12.1,81,11.6,0
2025-12-15T13:00:00Z,2,0,2,94,-11.9,81,10.9,0
2025-12-15T14:00:00Z,70,26,44,99,-11.5,79,9.7,0
2025-12-15T15:00:00Z,179,82,97,99,-10.4,75,9.9,0
2025-12-15T16:00:00Z,266,140,126,100,-9.3,72,9.9,0
2025-12-15T17:00:00Z,285,108,177,91,-8.2,66,10.2,0
2025-12-15T18:00:00Z,290,131,159,99,-7.6,66,9.4,0
2025-12-15T19:00:00Z,257,124,133,92,-7.2,66,8.9,0
2025-12-15T20:00:00Z,164,61,103,97,-7.3,67,9.5,0
2025-12-15T21:00:00Z,58,12,46,98,-7.5,74,8.1,0
2025-12-15T22:00:00Z,2,0,2,97,-7.2,78,9.7,0
2025-12-15T23:00:00Z,0,0,0,90,-7.1,80,10.8,0
2025-12-16T00:00:00Z,0,0,0,62,-7.2,83,10.4,0
2025-12-16T01:00:00Z,0,0,0,63,-7.4,86,10,0
2025-12-16T02:00:00Z,0,0,0,100,-7.3,87,10.7,0
2025-12-16T03:00:00Z,0,0,0,100,-7.2,87,11.7,0
2025-12-16T04:00:00Z,0,0,0,100,-7.2,85,11.7,0
2025-12-16T05:00:00Z,0,0,0,100,-7.2,83,11.3,0
2025-12-16T06:00:00Z,0,0,0,100,-6.9,83,10.9,0
2025-12-16T07:00:00Z,0,0,0,51,-6.7,82,10.7,0
2025-12-16T08:00:00Z,0,0,0,15,-6.8,82,10.4,0
2025-12-16T09:00:00Z,0,0,0,44,-7.1,82,8.8,0
2025-12-16T10:00:00Z,0,0,0,69,-7.2,82,6.5,0
2025-12-16T11:00:00Z,0,0,0,67,-7.1,83,7.7,0
2025-12-16T12:00:00Z,0,0,0,43,-7,84,7.2,0
2025-12-16T13:00:00Z,3,1,2,48,-6.5,83,8,0
2025-12-16T14:00:00Z,63,29,34,99,-6.6,84,6.3,0
2025-12-16T15:00:00Z,171,95,76,100,-5.7,81,7.6,0
2025-12-16T16:00:00Z,274,170,104,100,-5,79,9.6,0
2025-12-16T17:00:00Z,273,91,182,99,-4.2,77,11.3,0
2025-12-16T18:00:00Z,249,70,179,96,-3.5,75,12.7,0
2025-12-16T19:00:00Z,193,37,156,100,-3,74,16.5,0
2025-12-16T20:00:00Z,123,20,103,100,-2.6,74,16,0
2025-12-16T21:00:00Z,29,1,28,100,-2.5,75,15.5,0
2025-12-16T22:00:00Z,1,0,1,100,-2.3,75,16.6,0
2025-12-16T23:00:00Z,0,0,0,100,-2.4,76,17,0
2025-12-17T00:00:00Z,0,0,0,100,-2.3,76,17,0
2025-12-17T01:00:00Z,0,0,0,100,-2.1,76,17.2,0
2025-12-17T02:00:00Z,0,0,0,100,-1.8,76,17.9,0
2025-12-17T03:00:00Z,0,0,0,100,-1.6,76,18.8,0
2025-12-17T04:00:00Z,0,0,0,100,-1.2,75,19.9,0
2025-12-17T05:00:00Z,0,0,0,98,-0.5,72,21.1,0
2025-12-17T06:00:00Z,0,0,0,97,-0.1,72,20.6,0
2025-12-17T07:00:00Z,0,0,0,99,0.1,73,19.1,0
2025-12-17T08:00:00Z,0,0,0,100,0.3,75,18.7,0
2025-12-17T09:00:00Z,0,0,0,100,0.6,77,19.7,0
2025-12-17T10:00:00Z,0,0,0,100,1.7,78,17.9,0
2025-12-17T11:00:00Z,0,0,0,99,1.8,80,17.8,0
2025-12-17T12:00:00Z,0,0,0,100,2,80,17.9,0
2025-12-17T13:00:00Z,1,0,1,99,2.3,80,17.1,0
2025-12-17T14:00:00Z,18,1,17,100,2.2,81,17.9,0
2025-12-17T15:00:00Z,41,0,41,100,2.4,81,18.3,0
2025-12-17T16:00:00Z,65,1,64,100,2.8,81,17.7,0.1
2025-12-17T17:00:00Z,75,0,75,100,2.9,82,17.1,0.1
2025-12-17T18:00:00Z,68,1,67,100,3,82,16.9,0.2
2025-12-17T19:00:00Z,50,0,50,100,2.8,85,16.1,0.2
2025-12-17T20:00:00Z,32,0,32,100,2.7,86,16.9,0.3
2025-12-17T21:00:00Z,13,0,13,99,2.7,88,17.7,0.2
2025-12-17T22:00:00Z,1,0,1,100,1.9,82,15.9,0
2025-12-17T23:00:00Z,0,0,0,90,0.8,78,18.1,0
2025-12-18T00:00:00Z,0,0,0,99,0.2,71,15.8,0
2025-12-18T01:00:00Z,0,0,0,96,-0.6,73,16.6,0
2025-12-18T02:00:00Z,0,0,0,95,-2.1,76,14.8,0
2025-12-18T03:00:00Z,0,0,0,56,-3.5,76,9.3,0
2025-12-18T04:00:00Z,0,0,0,9,-6.1,80,7.4,0
2025-12-18T05:00:00Z,0,0,0,3,-6,84,8.6,0
2025-12-18T06:00:00Z,0,0,0,3,-4.8,87,3.7,0
2025-12-18T07:00:00Z,0,0,0,60,-5.4,87,5.1,0
2025-12-18T08:00:00Z,0,0,0,98,-9.9,89,10.1,0
2025-12-18T09:00:00Z,0,0,0,100,-8.2,89,9,0
2025-12-18T10:00:00Z,0,0,0,100,-6.9,88,9,0
2025-12-18T11:00:00Z,0,0,0,100,-6.3,89,7.8,0
2025-12-18T12:00:00Z,0,0,0,100,-5.2,90,8.9,0
2025-12-18T13:00:00Z,1,0,1,100,-4.4,90,11.3,0
2025-12-18T14:00:00Z,47,5,42,100,-2.6,89,13.9,0
2025-12-18T15:00:00Z,126,28,98,99,-0.3,85,13.1,0
2025-12-18T16:00:00Z,224,82,142,96,1,81,13.8,0
2025-12-18T17:00:00Z,268,107,161,100,2.3,74,13.3,0
2025-12-18T18:00:00Z,235,53,182,97,3.1,70,12.3,0
2025-12-18T19:00:00Z,194,32,162,99,3.9,65,16.3,0
2025-12-18T20:00:00Z,128,44,84,100,4.5,64,18.4,0
2025-12-18T21:00:00Z,55,15,40,98,4.8,63,19.4,0
2025-12-18T22:00:00Z,2,0,2,97,4.8,62,20,0
2025-12-18T23:00:00Z,0,0,0,79,4.9,61,21.2,0
2025-12-19T00:00:00Z,0,0,0,89,4.9,61,22.3,0
2025-12-19T01:00:00Z,0,0,0,94,5.8,57,23.1,0
2025-12-19T02:00:00Z,0,0,0,100,5.8,59,22.3,0
2025-12-19T03:00:00Z,0,0,0,100,5.8,61,22.3,0
2025-12-19T04:00:00Z,0,0,0,100,5.5,64,22,0
2025-12-19T05:00:00Z,0,0,0,100,5.5,72,19.6,0.1
2025-12-19T06:00:00Z,0,0,0,100,5.2,83,18.5,0.3
2025-12-19T07:00:00Z,0,0,0,100,5.3,90,19.5,0.5
2025-12-19T08:00:00Z,0,0,0,100,6.1,93,22.2,0.7
2025-12-19T09:00:00Z,0,0,0,99,7.5,92,24.5,0.4
2025-12-19T10:00:00Z,0,0,0,100,8.3,91,27.6,0.2
2025-12-19T11:00:00Z,0,0,0,99,8.6,90,25.9,0.2
2025-12-19T12:00:00Z,0,0,0,100,9.3,88,26.2,1.3
2025-12-19T13:00:00Z,0,0,0,100,9.5,89,24.6,2.1
2025-12-19T14:00:00Z,7,0,7,100,9.9,90,23.4,3.2
2025-12-19T15:00:00Z,12,0,12,100,9.5,94,23.1,3.2
2025-12-19T16:00:00Z,42,0,42,100,5.9,93,22.7,0.9
2025-12-19T17:00:00Z,67,1,66,100,3.5,90,18.2,0.3
2025-12-19T18:00:00Z,69,1,68,100,2.9,90,18,0.3
2025-12-19T19:00:00Z,96,0,96,99,2.7,90,16.7,0.1
2025-12-19T20:00:00Z,77,9,68,67,2.8,88,17.2,0
2025-12-19T21:00:00Z,62,20,42,24,2.4,83,18.4,0
2025-12-19T22:00:00Z,2,1,1,53,1.9,66,21.3,0
2025-12-19T23:00:00Z,0,0,0,96,0.8,65,28.6,0
2025-12-20T00:00:00Z,0,0,0,99,-0.2,67,27.7,0.1
2025-12-20T01:00:00Z,0,0,0,99,-0.6,67,25.8,0.1
2025-12-20T02:00:00Z,0,0,0,100,-3.1,58,26.4,0.1
2025-12-20T03:00:00Z,0,0,0,92,-4.9,53,28,0
2025-12-20T04:00:00Z,0,0,0,57,-5.2,50,29.1,0
2025-12-20T05:00:00Z,0,0,0,97,-5.3,51,28.8,0
2025-12-20T06:00:00Z,0,0,0,94,-5.5,51,27,0
2025-12-20T07:00:00Z,0,0,0,95,-6.2,52,25.1,0
2025-12-20T08:00:00Z,0,0,0,98,-6.7,53,24.5,0
2025-12-20T09:00:00Z,0,0,0,0,-7.3,54,20.9,0
2025-12-20T10:00:00Z,0,0,0,74,-7.9,55,18.4,0
2025-12-20T11:00:00Z,0,0,0,84,-8.2,56,15.2,0
2025-12-20T12:00:00Z,0,0,0,0,-8.3,57,12.3,0
2025-12-20T13:00:00Z,2,1,1,0,-8.1,57,4.2,0
2025-12-20T14:00:00Z,72,35,37,61,-7.1,53,4.9,0
2025-12-20T15:00:00Z,167,77,90,100,-6.2,52,9.7,0
2025-12-20T16:00:00Z,222,90,132,100,-5.5,51,10.9,0
2025-12-20T17:00:00Z,258,129,129,100,-4.8,50,10.2,0
2025-12-20T18:00:00Z,192,38,154,100,-4.7,50,12.3,0
2025-12-20T19:00:00Z,70,1,69,100,-4.7,55,15.2,0.2
2025-12-20T20:00:00Z,48,0,48,100,-4.5,60,17.8,0.1
2025-12-20T21:00:00Z,20,0,20,99,-4.1,62,18.2,0
2025-12-20T22:00:00Z,1,0,1,100,-4,68,15.6,0
2025-12-20T23:00:00Z,0,0,0,100,-3.5,69,13.7,0
2025-12-21T00:00:00Z,0,0,0,100,-2.9,70,13.7,0.1
2025-12-21T01:00:00Z,0,0,0,100,-1.8,67,14.4,0.1
2025-12-21T02:00:00Z,0,0,0,100,-0.8,71,16.2,0.2
2025-12-21T03:00:00Z,0,0,0,100,-0.1,79,17.8,0.2
2025-12-21T04:00:00Z,0,0,0,90,0.5,82,17.5,0.1
2025-12-21T05:00:00Z,0,0,0,35,1.1,84,17.3,0
2025-12-21T06:00:00Z,0,0,0,9,0.6,88,17.8,0
2025-12-21T07:00:00Z,0,0,0,2,0.7,85,18.8,0
2025-12-21T08:00:00Z,0,0,0,55,1.4,74,20.5,0
2025-12-21T09:00:00Z,0,0,0,69,0.8,72,24.8,0.2
2025-12-21T10:00:00Z,0,0,0,40,-0.5,55,26.5,0
2025-12-21T11:00:00Z,0,0,0,9,-1.8,48,26.3,0
2025-12-21T12:00:00Z,0,0,0,47,-2.7,53,24.9,0
2025-12-21T13:00:00Z,2,1,1,70,-2.8,54,23.3,0
2025-12-21T14:00:00Z,67,32,35,82,-2.9,52,25.5,0
2025-12-21T15:00:00Z,150,65,85,74,-3.3,53,26.1,0
2025-12-21T16:00:00Z,203,84,119,97,-3.3,53,24.8,0
2025-12-21T17:00:00Z,232,78,154,95,-3.3,51,22.5,0
2025-12-21T18:00:00Z,264,120,144,83,-3.4,52,21.6,0
2025-12-21T19:00:00Z,224,103,121,85,-4.1,52,21.9,0
2025-12-21T20:00:00Z,160,93,67,82,-5,51,22.1,0
2025-12-21T21:00:00Z,64,25,39,89,-6.2,52,21.6,0
2025-12-21T22:00:00Z,3,1,2,27,-6.9,51,19.3,0
2025-12-21T23:00:00Z,0,0,0,79,-7.7,51,19.5,0
2025-12-22T00:00:00Z,0,0,0,57,-8.7,54,18.3,0
2025-12-22T01:00:00Z,0,0,0,74,-9.3,56,16.6,0
2025-12-22T02:00:00Z,0,0,0,0,-10.3,59,15,0
2025-12-22T03:00:00Z,0,0,0,1,-11.1,63,14.9,0
2025-12-22T04:00:00Z,0,0,0,18,-11.5,65,13.9,0
2025-12-22T05:00:00Z,0,0,0,32,-11.7,67,13.2,0
2025-12-22T06:00:00Z,0,0,0,21,-11.4,67,13.1,0
2025-12-22T07:00:00Z,0,0,0,5,-11.1,66,12.8,0
2025-12-22T08:00:00Z,0,0,0,0,-11.3,67,11.8,0
2025-12-22T09:00:00Z,0,0,0,0,-11.6,70,10.2,0
2025-12-22T10:00:00Z,0,0,0,22,-12.1,71,8.2,0
2025-12-22T11:00:00Z,0,0,0,51,-12.7,74,6.1,0
2025-12-22T12:00:00Z,0,0,0,85,-12,72,5.9,0
2025-12-22T13:00:00Z,2,0,2,59,-11.1,71,6.4,0
2025-12-22T14:00:00Z,57,16,41,100,-9.9,69,7.7,0
2025-12-22T15:00:00Z,126,23,103,100,-8.8,69,7.3,0.1
2025-12-22T16:00:00Z,136,9,127,100,-8.3,72,6.6,0.2
2025-12-22T17:00:00Z,142,6,136,100,-7.6,74,8,0.3
2025-12-22T18:00:00Z,156,10,146,100,-6.6,75,10.4,0.2
2025-12-22T19:00:00Z,104,1,103,100,-5.9,78,8.2,0.3
2025-12-22T20:00:00Z,64,0,64,100,-5.3,80,7.2,0.4
2025-12-22T21:00:00Z,24,0,24,100,-4.7,80,6.7,0.3
2025-12-22T22:00:00Z,1,0,1,100,-4.8,86,0.4,0.1
2025-12-22T23:00:00Z,0,0,0,99,-4.6,86,1.9,0.1
2025-12-23T00:00:00Z,0,0,0,97,-4.4,86,2.7,0
2025-12-23T01:00:00Z,0,0,0,88,-4.3,86,2.5,0
2025-12-23T02:00:00Z,0,0,0,96,-4.4,86,3.3,0
2025-12-23T03:00:00Z,0,0,0,99,-4.7,88,4.7,0
2025-12-23T04:00:00Z,0,0,0,99,-4.9,90,4.8,0
2025-12-23T05:00:00Z,0,0,0,100,-4.6,90,4.4,0
2025-12-23T06:00:00Z,0,0,0,99,-4.5,90,4.3,0
2025-12-23T07:00:00Z,0,0,0,94,-4.4,91,5.8,0
2025-12-23T08:00:00Z,0,0,0,100,-4.4,92,5.8,0
2025-12-23T09:00:00Z,0,0,0,99,-4.4,93,6.7,0
2025-12-23T10:00:00Z,0,0,0,100,-4.7,86,7.4,0
2025-12-23T11:00:00Z,0,0,0,100,-4.8,85,8.7,0
2025-12-23T12:00:00Z,0,0,0,95,-5,85,9.4,0
2025-12-23T13:00:00Z,1,0,1,96,-5.1,85,10.7,0
2025-12-23T14:00:00Z,24,4,20,95,-5.1,84,11.7,0
2025-12-23T15:00:00Z,48,0,48,100,-5.3,83,10.8,0.1
2025-12-23T16:00:00Z,92,5,87,100,-5.3,82,11.7,0.1
2025-12-23T17:00:00Z,161,17,144,100,-5,81,12.1,0.1
2025-12-23T18:00:00Z,110,2,108,100,-5.2,84,12.1,0.2
2025-12-23T19:00:00Z,72,0,72,100,-5.3,85,12.5,0.5
2025-12-23T20:00:00Z,47,0,47,100,-5.4,87,12.2,0.7
2025-12-23T21:00:00Z,10,0,10,100,-5.7,89,12.6,0.9
2025-12-23T22:00:00Z,1,0,1,100,-5.5,90,11.7,1.1
2025-12-23T23:00:00Z,0,0,0,100,-5.6,91,11.5,1.2
2025-12-24T00:00:00Z,0,0,0,100,-5.7,92,11.2,1.1
2025-12-24T01:00:00Z,0,0,0,100,-5.6,92,9.7,0.7
2025-12-24T02:00:00Z,0,0,0,100,-5.5,92,7.6,0.3
2025-12-24T03:00:00Z,0,0,0,100,-5.6,92,6,0.1
2025-12-24T04:00:00Z,0,0,0,100,-5.7,92,3.7,0.1
2025-12-24T05:00:00Z,0,0,0,100,-5.7,92,1.8,0.1
2025-12-24T06:00:00Z,0,0,0,92,-5.1,91,6.5,0.1
2025-12-24T07:00:00Z,0,0,0,96,-3.3,89,13.5,0.2
2025-12-24T08:00:00Z,0,0,0,100,-1.6,83,18,0
2025-12-24T09:00:00Z,0,0,0,100,-1.2,79,20.9,0
2025-12-24T10:00:00Z,0,0,0,100,-1.2,77,19.4,0
2025-12-24T11:00:00Z,0,0,0,100,-1.5,75,20.3,0
2025-12-24T12:00:00Z,0,0,0,100,-2.2,75,20.2,0
2025-12-24T13:00:00Z,1,0,1,100,-3.4,77,18.6,0
2025-12-24T14:00:00Z,54,16,38,99,-3.9,75,16.9,0
2025-12-24T15:00:00Z,126,32,94,100,-4.5,73,16.8,0
2025-12-24T16:00:00Z,212,70,142,100,-4.6,71,14.4,0
2025-12-24T17:00:00Z,256,116,140,96,-4.5,70,11.2,0
2025-12-24T18:00:00Z,246,90,156,97,-4.6,69,10.4,0
2025-12-24T19:00:00Z,183,37,146,98,-4.8,69,10.7,0
2025-12-24T20:00:00Z,125,31,94,98,-5.2,70,8.5,0
2025-12-24T21:00:00Z,58,7,51,94,-5.8,74,5.6,0
2025-12-24T22:00:00Z,2,0,2,99,-6.8,80,6.1,0
2025-12-24T23:00:00Z,0,0,0,98,-7.6,83,6.5,0
2025-12-25T00:00:00Z,0,0,0,100,-8,83,5.5,0
2025-12-25T01:00:00Z,0,0,0,100,-7.3,82,6.1,0
2025-12-25T02:00:00Z,0,0,0,100,-7.4,84,6.7,0
2025-12-25T03:00:00Z,0,0,0,99,-8.2,86,6.5,0
2025-12-25T04:00:00Z,0,0,0,100,-7.4,83,8.3,0
2025-12-25T05:00:00Z,0,0,0,100,-7.1,83,8.8,0
2025-12-25T06:00:00Z,0,0,0,100,-6.8,86,5.8,0.1
2025-12-25T07:00:00Z,0,0,0,100,-6.4,88,7.2,0.5
2025-12-25T08:00:00Z,0,0,0,99,-6.1,90,10.1,0.9
2025-12-25T09:00:00Z,0,0,0,99,-5.9,90,9.9,0.2
2025-12-25T10:00:00Z,0,0,0,99,-5.4,89,9.2,0.2
2025-12-25T11:00:00Z,0,0,0,98,-5.3,90,10.3,0.2
2025-12-25T12:00:00Z,0,0,0,96,-5.4,89,13.9,0.1
2025-12-25T13:00:00Z,1,0,1,90,-5.1,85,15.6,0
2025-12-25T14:00:00Z,64,26,38,100,-5.1,79,20.7,0
2025-12-25T15:00:00Z,159,64,95,100,-5.8,68,24.9,0
2025-12-25T16:00:00Z,183,45,138,96,-6.6,65,24.5,0
2025-12-25T17:00:00Z,228,35,193,97,-7.4,61,24.1,0
2025-12-25T18:00:00Z,268,80,188,96,-7.8,60,23.5,0
2025-12-25T19:00:00Z,275,145,130,49,-8.3,58,21.9,0
2025-12-25T20:00:00Z,215,150,65,1,-9,58,18.7,0
2025-12-25T21:00:00Z,93,61,32,0,-10.2,60,16.7,0
2025-12-25T22:00:00Z,4,2,2,0,-11.4,64,14.3,0
2025-12-25T23:00:00Z,0,0,0,0,-12.4,65,13.8,0
2025-12-26T00:00:00Z,0,0,0,0,-13.2,67,13.1,0
2025-12-26T01:00:00Z,0,0,0,0,-13.9,70,12.8,0
2025-12-26T02:00:00Z,0,0,0,0,-14.8,72,11.9,0
2025-12-26T03:00:00Z,0,0,0,56,-15.8,75,12.7,0
2025-12-26T04:00:00Z,0,0,0,94,-16.5,77,12.7,0
2025-12-26T05:00:00Z,0,0,0,0,-17.4,78,10.3,0
2025-12-26T06:00:00Z,0,0,0,0,-18.1,79,10.3,0
2025-12-26T07:00:00Z,0,0,0,0,-18.7,80,10.8,0
2025-12-26T08:00:00Z,0,0,0,0,-19.6,81,9.9,0
2025-12-26T09:00:00Z,0,0,0,59,-20.5,81,7.1,0
2025-12-26T10:00:00Z,0,0,0,100,-19.7,73,5.9,0
2025-12-26T11:00:00Z,0,0,0,100,-20.3,73,7.5,0
2025-12-26T12:00:00Z,0,0,0,100,-22.5,74,6.4,0
2025-12-26T13:00:00Z,1,0,1,100,-21.6,73,5.2,0
2025-12-26T14:00:00Z,47,1,46,100,-19,70,3.6,0
2025-12-26T15:00:00Z,101,3,98,100,-17.6,69,7.6,0
2025-12-26T16:00:00Z,131,2,129,100,-16.7,68,10.1,0
2025-12-26T17:00:00Z,162,4,158,100,-15.8,67,10.1,0
2025-12-26T18:00:00Z,152,2,150,100,-15.3,66,9.2,0
2025-12-26T19:00:00Z,152,6,146,100,-14.9,65,12.3,0
2025-12-26T20:00:00Z,109,4,105,100,-14.6,65,13.7,0
2025-12-26T21:00:00Z,37,0,37,100,-14.5,65,15.5,0
2025-12-26T22:00:00Z,2,0,2,100,-14.6,64,14.4,0
2025-12-26T23:00:00Z,0,0,0,100,-14.7,64,15.1,0.1
2025-12-27T00:00:00Z,0,0,0,100,-14.8,64,13.5,0.2
2025-12-27T01:00:00Z,0,0,0,100,-14.9,65,15.4,0.5
2025-12-27T02:00:00Z,0,0,0,100,-14.9,67,16,0.7
2025-12-27T03:00:00Z,0,0,0,100,-14.9,71,15.2,0.8
2025-12-27T04:00:00Z,0,0,0,100,-14.7,72,14.4,0.7
2025-12-27T05:00:00Z,0,0,0,98,-14.3,72,13.8,0.4
2025-12-27T06:00:00Z,0,0,0,81,-13.8,70,15.8,0.3
2025-12-27T07:00:00Z,0,0,0,58,-13.5,70,14,0.1
2025-12-27T08:00:00Z,0,0,0,73,-13.8,71,11.3,0
2025-12-27T09:00:00Z,0,0,0,76,-13.8,73,9.5,0
2025-12-27T10:00:00Z,0,0,0,67,-13.8,72,6.1,0
2025-12-27T11:00:00Z,0,0,0,71,-13.8,71,6.5,0
2025-12-27T12:00:00Z,0,0,0,71,-14,71,7.3,0
2025-12-27T13:00:00Z,1,0,1,55,-16.1,73,8.1,0
2025-12-27T14:00:00Z,71,45,26,47,-13.6,70,5.7,0
2025-12-27T15:00:00Z,188,125,63,48,-11.9,65,5.4,0
2025-12-27T16:00:00Z,294,221,73,29,-10.2,60,5.2,0
2025-12-27T17:00:00Z,357,288,69,14,-9.5,62,3.1,0
2025-12-27T18:00:00Z,359,287,72,9,-8.6,57,3.5,0
2025-12-27T19:00:00Z,293,213,80,10,-8.7,63,3.8,0
2025-12-27T20:00:00Z,207,149,58,1,-8.1,56,3.2,0
2025-12-27T21:00:00Z,90,59,31,0,-7.7,55,3.1,0
2025-12-27T22:00:00Z,5,2,3,0,-9.4,64,1.4,0
2025-12-27T23:00:00Z,0,0,0,0,-10.9,70,1.3,0
2025-12-28T00:00:00Z,0,0,0,0,-12.3,77,2.7,0
2025-12-28T01:00:00Z,0,0,0,0,-12.8,80,3.8,0
2025-12-28T02:00:00Z,0,0,0,0,-13.1,83,3.2,0
2025-12-28T03:00:00Z,0,0,0,0,-13.6,86,5.2,0
2025-12-28T04:00:00Z,0,0,0,51,-14.1,84,5.3,0
2025-12-28T05:00:00Z,0,0,0,60,-14.1,83,6.1,0
2025-12-28T06:00:00Z,0,0,0,60,-14.1,82,1.7,0
2025-12-28T07:00:00Z,0,0,0,63,-14.6,84,0.9,0
2025-12-28T08:00:00Z,0,0,0,64,-15.2,84,4.2,0
2025-12-28T09:00:00Z,0,0,0,93,-15.5,84,4.9,0
2025-12-28T10:00:00Z,0,0,0,98,-15.7,85,6.8,0
2025-12-28T11:00:00Z,0,0,0,100,-15.4,85,8,0
2025-12-28T12:00:00Z,0,0,0,100,-15.4,85,5.7,0
2025-12-28T13:00:00Z,1,0,1,100,-15.2,85,5.3,0
2025-12-28T14:00:00Z,53,10,43,100,-14.1,84,6.5,0
2025-12-28T15:00:00Z,142,36,106,98,-12.2,80,5.4,0
2025-12-28T16:00:00Z,237,104,133,100,-10.7,75,6.3,0
2025-12-28T17:00:00Z,293,158,135,99,-9,70,7.3,0
2025-12-28T18:00:00Z,290,145,145,100,-7.8,67,6.6,0
2025-12-28T19:00:00Z,212,57,155,100,-7.2,67,7,0
2025-12-28T20:00:00Z,121,8,113,100,-6.8,67,8.6,0
2025-12-28T21:00:00Z,42,0,42,100,-6.5,66,9.9,0
2025-12-28T22:00:00Z,2,0,2,100,-6.7,72,11,0
2025-12-28T23:00:00Z,0,0,0,100,-7,73,11.3,0
2025-12-29T00:00:00Z,0,0,0,100,-7.4,71,11.7,0.1
2025-12-29T01:00:00Z,0,0,0,100,-7.7,72,13.6,0.2
2025-12-29T02:00:00Z,0,0,0,100,-7.6,74,14.9,0.3
2025-12-29T03:00:00Z,0,0,0,100,-7.3,78,14.1,0.5
2025-12-29T04:00:00Z,0,0,0,100,-6.7,79,16,1.6
2025-12-29T05:00:00Z,0,0,0,100,-6,83,16.2,2.9
2025-12-29T06:00:00Z,0,0,0,100,-5.8,85,16.9,2.8
2025-12-29T07:00:00Z,0,0,0,100,-5.7,87,17.1,0.4
2025-12-29T08:00:00Z,0,0,0,100,-5.4,89,17.8,0.1
2025-12-29T09:00:00Z,0,0,0,100,-4.9,91,17.2,0.9
2025-12-29T10:00:00Z,0,0,0,100,-3.7,94,14.7,1
2025-12-29T11:00:00Z,0,0,0,100,-2.7,96,15.9,0.9
2025-12-29T12:00:00Z,0,0,0,100,-1.6,96,17,1
2025-12-29T13:00:00Z,0,0,0,100,-0.2,96,16.6,0.3
2025-12-29T14:00:00Z,8,0,8,100,1.6,97,17.4,0.4
2025-12-29T15:00:00Z,36,0,36,91,3.4,97,22.7,0.1
2025-12-29T16:00:00Z,89,24,65,89,3.5,93,24.2,0.1
2025-12-29T17:00:00Z,150,41,109,87,3.4,87,22.9,0.1
2025-12-29T18:00:00Z,143,34,109,92,2.6,85,24.3,0.1
2025-12-29T19:00:00Z,171,82,89,90,2,81,23.1,0.3
2025-12-29T20:00:00Z,106,24,82,91,1.2,80,22.5,0.1
2025-12-29T21:00:00Z,45,6,39,95,0.4,80,22.6,0.2
2025-12-29T22:00:00Z,2,0,2,71,-0.4,79,18.8,0.1
2025-12-29T23:00:00Z,0,0,0,80,-0.9,77,18.8,0.1
2025-12-30T00:00:00Z,0,0,0,95,-1.5,73,18.3,0.2
2025-12-30T01:00:00Z,0,0,0,100,-3.2,68,22.2,0.1
2025-12-30T02:00:00Z,0,0,0,99,-5.9,65,24.6,0
2025-12-30T03:00:00Z,0,0,0,100,-7.8,63,24.5,0
2025-12-30T04:00:00Z,0,0,0,100,-8.7,63,23.9,0
2025-12-30T05:00:00Z,0,0,0,100,-9.3,64,22.6,0
2025-12-30T06:00:00Z,0,0,0,100,-9.9,64,25.9,0
2025-12-30T07:00:00Z,0,0,0,100,-10.5,62,26.1,0
2025-12-30T08:00:00Z,0,0,0,100,-11.1,63,26.1,0
2025-12-30T09:00:00Z,0,0,0,97,-11.7,64,25.8,0
2025-12-30T10:00:00Z,0,0,0,72,-12.5,59,21,0
2025-12-30T11:00:00Z,0,0,0,95,-12.8,59,21.8,0
2025-12-30T12:00:00Z,0,0,0,99,-13.2,60,22.5,0
2025-12-30T13:00:00Z,1,0,1,100,-13.5,60,24.1,0
2025-12-30T14:00:00Z,57,18,39,100,-13.7,58,25.4,0
2025-12-30T15:00:00Z,173,89,84,100,-13.7,57,25.2,0
2025-12-30T16:00:00Z,263,145,118,100,-13.5,55,26.1,0
2025-12-30T17:00:00Z,290,127,163,100,-13.3,56,25.8,0
2025-12-30T18:00:00Z,285,114,171,100,-13,56,25.4,0
2025-12-30T19:00:00Z,201,43,158,100,-12.9,57,25.8,0
2025-12-30T20:00:00Z,138,18,120,100,-12.9,59,23.9,0
2025-12-30T21:00:00Z,63,8,55,100,-13.2,59,22.2,0
2025-12-30T22:00:00Z,4,0,4,100,-13.5,58,15.8,0
2025-12-30T23:00:00Z,0,0,0,100,-13.8,60,16.9,0
2025-12-31T00:00:00Z,0,0,0,99,-14,60,21.4,0.1
2025-12-31T01:00:00Z,0,0,0,100,-14,59,21,0.1
2025-12-31T02:00:00Z,0,0,0,100,-14.1,61,20.6,0.1
2025-12-31T03:00:00Z,0,0,0,100,-14.2,63,19,0.1
2025-12-31T04:00:00Z,0,0,0,100,-14,64,19.2,0.1
2025-12-31T05:00:00Z,0,0,0,100,-13.7,61,16.8,0.1
2025-12-31T06:00:00Z,0,0,0,99,-13.5,64,16.7,0.1
2025-12-31T07:00:00Z,0,0,0,98,-13.4,63,16.6,0.1
2025-12-31T08:00:00Z,0,0,0,44,-13.5,62,16.9,0
2025-12-31T09:00:00Z,0,0,0,23,-13.8,64,16.7,0
2025-12-31T10:00:00Z,0,0,0,39,-14,60,14.8,0
2025-12-31T11:00:00Z,0,0,0,50,-14,60,14.8,0
2025-12-31T12:00:00Z,0,0,0,63,-13.8,61,14.1,0
2025-12-31T13:00:00Z,1,0,1,90,-13.5,61,13.6,0
2025-12-31T14:00:00Z,72,41,31,96,-12.6,58,13.1,0
2025-12-31T15:00:00Z,193,127,66,98,-11.8,55,14.8,0
2025-12-31T16:00:00Z,296,213,83,88,-10.7,51,16.3,0
2025-12-31T17:00:00Z,341,242,99,66,-9.9,51,15.4,0
2025-12-31T18:00:00Z,310,178,132,53,-9.3,52,14.5,0
2025-12-31T19:00:00Z,294,197,97,95,-8.7,51,13.4,0
2025-12-31T20:00:00Z,149,54,95,98,-8.1,50,10.1,0
2025-12-31T21:00:00Z,66,9,57,100,-8.3,55,7.6,0
2025-12-31T22:00:00Z,4,0,4,100,-7.5,59,6.2,0
2025-12-31T23:00:00Z,0,0,0,100,-7.9,67,5.3,0.1
2026-01-01T00:00:00Z,0,0,0,100,-8.1,68,2.4,0.1
2026-01-01T01:00:00Z,0,0,0,100,-8.5,76,3.2,0.1
2026-01-01T02:00:00Z,0,0,0,100,-8.7,78,6.5,0.2
2026-01-01T03:00:00Z,0,0,0,99,-9.2,81,7.9,0.3
2026-01-01T04:00:00Z,0,0,0,100,-9.4,81,10.5,0.3
2026-01-01T05:00:00Z,0,0,0,100,-10,80,12.3,0.3
