run_seed,model,split,case_type,sequence_id,n_metric_steps,n_events,n_nonevents,n_drift_steps,n_revision_steps,mse,mae,final_mse,final_mae,event_mse,event_mae,nonevent_mse,nonevent_mae,drift_nonevent,drift_post_best,revision_gain,event_abs_err_lag_m2,best_abs_err_lag_m2,event_abs_err_lag_m1,best_abs_err_lag_m1,event_abs_err_lag_0,best_abs_err_lag_0,event_abs_err_lag_1,best_abs_err_lag_1,event_abs_err_lag_2,best_abs_err_lag_2,event_abs_err_lag_3,best_abs_err_lag_3,event_abs_err_lag_4,best_abs_err_lag_4,event_abs_err_lag_6,best_abs_err_lag_6,event_abs_err_lag_8,best_abs_err_lag_8,event_abs_err_lag_12,best_abs_err_lag_12,event_abs_err_lag_16,best_abs_err_lag_16,alpha_event,alpha_nonevent,alpha_contrast,event_alpha_lag_m2,best_alpha_lag_m2,event_alpha_lag_m1,best_alpha_lag_m1,event_alpha_lag_0,best_alpha_lag_0,event_alpha_lag_1,best_alpha_lag_1,event_alpha_lag_2,best_alpha_lag_2,event_alpha_lag_3,best_alpha_lag_3,event_alpha_lag_4,best_alpha_lag_4,event_alpha_lag_6,best_alpha_lag_6,event_alpha_lag_8,best_alpha_lag_8,event_alpha_lag_12,best_alpha_lag_12,event_alpha_lag_16,best_alpha_lag_16
88159254,qslstm_log,extrapolation,iid,2000000,62,2,60,60,1,0.1398758271658424,0.3316476931495051,0.24533601965999097,0.4953140616416931,0.13090275302893595,0.328827828168869,0.14017492963707262,0.33174168864885967,0.020793389280637106,0.01242051190800137,0.051438868045806885,0.23353445529937744,0.23353445529937744,0.21111369132995605,0.21111369132995605,0.328827828168869,0.47974175214767456,0.2592030167579651,0.4648589491844177,0.25022539496421814,0.4612058401107788,0.2610105574131012,0.4437878131866455,0.2686454653739929,0.4681004285812378,0.22919803857803345,0.4420146942138672,0.25307002663612366,0.45604652166366577,0.28697469830513,0.44355064630508423,0.30802273750305176,0.4519904851913452,0.15986164659261703,0.05799832365786036,0.10186332293475667,0.049188096076250076,0.049188096076250076,0.06487207114696503,0.06487207114696503,0.15986164659261703,0.055602118372917175,0.10815922729671001,0.0423414371907711,0.09564650058746338,0.03644789755344391,0.07431062869727612,0.03389300778508186,0.07122964225709438,0.03155273571610451,0.08101395703852177,0.03259705379605293,0.07851902395486832,0.0331067219376564,0.05172803811728954,0.032924141734838486,0.05099405720829964,0.039667706936597824
88159254,qslstm_log,extrapolation,iid,2000001,62,1,61,60,1,0.04332287949331467,0.2044310026591824,0.046614111430373306,0.21590301394462585,0.013529444354251297,0.11631613969802856,0.04381129646280751,0.20587550860936524,0.01810000290473302,0.01810000290473302,0.05413860082626343,,,0.10235947370529175,0.10235947370529175,0.11631613969802856,0.11631613969802856,0.022961676120758057,0.022961676120758057,0.16998159885406494,0.16998159885406494,0.0994563102722168,0.0994563102722168,0.18394973874092102,0.18394973874092102,0.19293740391731262,0.19293740391731262,0.21224984526634216,0.21224984526634216,0.1970733404159546,0.1970733404159546,0.2150249183177948,0.2150249183177948,0.25695982575416565,0.052734263699318544,0.2042255620548471,,,0.3177034258842468,0.3177034258842468,0.25695982575416565,0.25695982575416565,0.18834586441516876,0.18834586441516876,0.2166210412979126,0.2166210412979126,0.16587644815444946,0.16587644815444946,0.1528281718492508,0.1528281718492508,0.10903926938772202,0.10903926938772202,0.07159042358398438,0.07159042358398438,0.052007753401994705,0.052007753401994705,0.06960482150316238,0.06960482150316238
88159254,qslstm_log,extrapolation,iid,2000002,62,2,60,60,1,0.17743578397771237,0.4137056732490178,0.17768115518898092,0.4215224254876375,0.12260462101833355,0.2753801578655839,0.17926348940969167,0.41831652376179895,0.011879819631576537,0.009100170511948434,0.14127540588378906,0.196935772895813,0.196935772895813,0.1406765580177307,0.1406765580177307,0.2753801578655839,0.491644786670804,0.29684168938547373,0.47915627248585224,0.3495720559731126,0.5022083390504122,0.31925653759390116,0.4978365171700716,0.4845252651721239,0.4774057436734438,0.45909269340336323,0.4159770477563143,0.46174331195652485,0.4460808802396059,0.45169280655682087,0.45730473287403584,0.4487833399325609,0.440261946991086,0.23606279492378235,0.039907161084314184,0.19615563383946816,0.14666606485843658,0.14666606485843658,0.1399570256471634,0.1399570256471634,0.23606279492378235,0.16967546939849854,0.15316063165664673,0.1299297958612442,0.12246472761034966,0.09826339036226273,0.10823433846235275,0.07651165127754211,0.12128616496920586,0.07289686053991318,0.07823094353079796,0.05819849669933319,0.06232059933245182,0.05174433812499046,0.043013742193579674,0.034283146262168884,0.03245714399963617,0.030631141737103462
88159254,qslstm_log,extrapolation,iid,2000003,62,4,58,58,3,0.11987844193555491,0.33327721804380417,0.11567221996680033,0.34010618925094604,0.11584245702988968,0.33383769635111094,0.12015678572215252,0.3332385643674382,0.01436127825029965,0.015196308493614197,0.02458493908246358,0.3504767529666424,0.334042027592659,0.351078312844038,0.33273281157016754,0.33383769635111094,0.3285108804702759,0.3511606687679887,0.3597763180732727,0.3400856563821435,0.3389965891838074,0.3554529855027795,0.3351813554763794,0.3568440983071923,0.34010618925094604,0.35300696020325023,,0.3386469992498557,,0.33661843463778496,,0.2930591603120168,,0.11134016048163176,0.03650213013692149,0.07483803034471026,0.020287588859597843,0.0193024892359972,0.02028956264257431,0.01931646279990673,0.11134016048163176,0.018673382699489594,0.09176676580682397,0.018871905282139778,0.06285450933501124,0.019775452092289925,0.04460269585251808,0.019282959401607513,0.04001675406470895,0.018649810925126076,0.03541237426300844,,0.03220508495966593,,0.02478687899808089,,0.021412936970591545,
88159254,qslstm_log,extrapolation,iid,2000004,62,7,55,55,6,0.10036970807871763,0.28385430225922215,0.32380899807617514,0.5690421760082245,0.10426284669419437,0.2679047627108438,0.09987421770947512,0.2858842436562885,0.014849597215652465,0.0031537339091300964,0.0382271409034729,0.2661788606395324,0.19316788017749786,0.21196907262007395,0.18698902428150177,0.2679047627108438,0.5699708461761475,0.2600304867540087,0.5701080560684204,0.26796363081250874,0.5758139789104462,0.21734719244497164,0.572262167930603,0.27614894083568026,0.5690421760082245,0.2211399326721827,,0.17741953892012438,,0.2613538869967063,,0.35988880942265195,,0.13118527590164117,0.058357473733750255,0.07282780216789092,0.10913577644775312,0.03060278110206127,0.09570733178406954,0.02674604393541813,0.13118527590164117,0.02712874673306942,0.09946967448507037,0.028406187891960144,0.09463165514171124,0.02615484781563282,0.08289033892963614,0.02812677063047886,0.07672552205622196,0.02825603447854519,0.06316027107338111,,0.04923245683312416,,0.043114795349538326,,0.038875624227027096,
88159254,qslstm_log,extrapolation,iid,2000005,62,2,60,59,2,0.015051133452235174,0.09629534136864447,0.017095983465878817,0.1307516098022461,0.039643514274395386,0.17744797468185425,0.014231387424829833,0.09359025359153747,0.019070056535429872,0.010676653154434697,0.012491166591644287,0.16207173466682434,0.28699541091918945,0.1481279730796814,0.2849079966545105,0.17744797468185425,0.08713889122009277,0.1901169717311859,0.08638590574264526,0.1904717981815338,0.08286452293395996,0.19508317112922668,0.09187465906143188,0.1859266459941864,0.08485788106918335,0.09182828664779663,0.09651768207550049,0.08970823884010315,0.09655195474624634,0.08996832370758057,0.08341896533966064,0.09080994129180908,0.09141486883163452,0.02276717498898506,0.05122781125828624,-0.028460636269301176,0.024034325033426285,0.023989558219909668,0.022594964131712914,0.023114150390028954,0.02276717498898506,0.022849632427096367,0.023755380883812904,0.02453954704105854,0.02375421393662691,0.022040503099560738,0.02333324495702982,0.022519754245877266,0.022336983121931553,0.020684408023953438,0.021540820598602295,0.020232008770108223,0.021231742575764656,0.020422982051968575,0.020648610778152943,0.021065212786197662,0.021837609820067883,0.021057583391666412
88159254,qslstm_log,extrapolation,iid,2000006,62,3,59,59,2,0.24889443118444296,0.4915743381265671,0.23666419442960085,0.4864814430475235,0.04976394149686173,0.1764660725990931,0.25901971032109966,0.5075967923059301,0.020796926849979466,0.018586008199330033,0.1524532437324524,0.16206663846969604,0.16206663846969604,0.16404466331005096,0.31109684705734253,0.1764660725990931,0.3503390997648239,0.30540208518505096,0.4430427700281143,0.3973962664604187,0.5307528525590897,0.42615581055482227,0.4850855618715286,0.4808487643798192,0.4687506705522537,0.48349755505720776,0.4966564327478409,0.5167490194241205,0.5227242261171341,0.4848533421754837,0.4578101187944412,0.46112383902072906,0.4700922518968582,0.2670218547185262,0.057247854232535526,0.20977400048599065,0.3363569974899292,0.3363569974899292,0.3017479181289673,0.2807537019252777,0.2670218547185262,0.14196643233299255,0.2718260586261749,0.19836747646331787,0.18869256476561228,0.1433575600385666,0.14822173863649368,0.10433130711317062,0.14361346513032913,0.08911535888910294,0.09218788643678029,0.08311699330806732,0.08650153875350952,0.0681956559419632,0.07240924363334973,0.05482397601008415,0.05728825802604357,0.05596630647778511
88159254,qslstm_log,extrapolation,iid,2000007,62,4,58,57,4,0.07212517247493253,0.21583929225321738,0.1294283199854931,0.35976147651672363,0.07431984819786153,0.2318141981959343,0.07197381552852364,0.21473757460199552,0.010976228797644899,,-0.0017565935850143433,0.15539078414440155,0.16948017477989197,0.16011667996644974,0.17870238423347473,0.2318141981959343,0.35976147651672363,0.19746417800585428,,0.1884114146232605,,0.18345261613527933,,0.17920918265978494,,0.17681809266408285,,0.24955613414446512,,0.19075320661067963,,0.19575135409832,,0.03979890001937747,0.047293428652759255,-0.007494528633381785,0.04476390406489372,0.02259543538093567,0.041498650796711445,0.022754617035388947,0.03979890001937747,0.022280758246779442,0.038211644937594734,,0.03973939518133799,,0.038362327963113785,,0.04182148166000843,,0.03856880900760492,,0.03137071058154106,,0.03163028694689274,,0.03122334461659193,
88159254,qslstm_log,extrapolation,iid,2000008,62,5,57,57,4,0.07350294161382107,0.2233081057427391,0.021997077712413216,0.14831411838531494,0.1664264938278877,0.3705071173608303,0.06535175282311348,0.21039591174115213,0.017881237101136593,0.013398850741593735,0.07178490608930588,0.44728932809084654,0.5107036270201206,0.41496393363922834,0.48521867766976357,0.3705071173608303,0.11079162359237671,0.37651002034544945,0.12568539381027222,0.43370328694581983,0.12668859958648682,0.4596374467015266,0.14500907063484192,0.44180227667093275,0.14778432250022888,0.3643437288701534,0.1463131606578827,0.2856303952634335,0.12821638584136963,0.286162830889225,0.15131154656410217,0.13907822966575623,0.13643527030944824,0.13431207984685897,0.041409769177175405,0.09290231066968357,0.14496129285544157,0.05249142274260521,0.11823625769466162,0.051698025315999985,0.13431207984685897,0.04759000614285469,0.11454226821660995,0.046370625495910645,0.07881058529019355,0.03951519355177879,0.07596243768930436,0.03781922534108162,0.06690376922488213,0.04208758845925331,0.056418866664171216,0.0372154600918293,0.04963010773062706,0.03259989246726036,0.04621857777237892,0.03954068943858147,0.03775336816906929,0.03287569433450699
88159254,qslstm_log,extrapolation,iid,2000009,62,4,58,58,3,0.06528086687940204,0.23868205037809187,0.08513713069860174,0.2917826771736145,0.027459880728654795,0.11306685209274292,0.06788921075186737,0.24734516750121938,0.014066177195516127,0.009411425249917166,0.004908353090286255,0.11489315827687581,0.0402584969997406,0.12189153830210368,0.043365925550460815,0.11306685209274292,0.320062518119812,0.12807710468769073,0.3134908080101013,0.1635039895772934,0.320661723613739,0.156192846596241,0.3332226276397705,0.14843998104333878,0.3059154152870178,0.2204301729798317,0.3083714246749878,0.22860614955425262,0.3096880316734314,0.2999306544661522,0.28456956148147583,0.2882586196064949,0.29446250200271606,0.11286302004009485,0.043573909471261094,0.06928911056883376,0.032584971437851586,0.029240943491458893,0.030249692499637604,0.027755731716752052,0.11286302004009485,0.027243459597229958,0.1034507560543716,0.0267134178429842,0.07905367761850357,0.024995403364300728,0.06402382766827941,0.0261684637516737,0.046508874744176865,0.026067450642585754,0.0410165716893971,0.028079872950911522,0.035558834206312895,0.024781735613942146,0.030181063804775476,0.024409914389252663,0.02652080124244094,0.0235887560993433
88159254,qslstm_log,extrapolation,iid,2000010,62,3,59,58,3,0.14897326546377063,0.36737641614050637,0.19229263142927533,0.43851183727383614,0.056849161603787356,0.2200392447412014,0.1536575419312274,0.37486813672013203,0.014259103557159161,0.011798628646394482,0.031062612930933636,0.15876267850399017,0.15558740496635437,0.179011603196462,0.15710747241973877,0.2200392447412014,0.3319190926849842,0.2123764418065548,0.34552954509854317,0.23031563187638918,0.3726046569645405,0.23890355850259462,0.35633521154522896,0.24696826562285423,0.3724909909069538,0.25427202011148137,0.4150845892727375,0.2370408239463965,0.40831710770726204,0.32134516288836795,0.43584342673420906,0.4030737268428008,0.42153193429112434,0.14384283497929573,0.04986492184511686,0.09397791313417887,0.10511615872383118,0.06446734070777893,0.19555523246526718,0.053431183099746704,0.14384283497929573,0.042018014937639236,0.1050682303806146,0.04228365048766136,0.09484687571724255,0.040929164737463,0.07896256695191066,0.03922087699174881,0.07118865971763928,0.0397377572953701,0.07585786158839862,0.03718624636530876,0.061200957745313644,0.03488418832421303,0.04467168326179186,0.028618544340133667,0.034675346687436104,0.025910628959536552
88159254,qslstm_log,extrapolation,iid,2000011,62,3,59,59,2,0.03528497327069503,0.184048974225598,0.05040257857723418,0.22450518608093262,0.005297793406078277,0.06569730242093404,0.03680974512821792,0.1900668558427843,0.01491089291491751,0.01491089291491751,0.03503328561782837,0.06465166807174683,0.06465166807174683,0.04625473916530609,0.027857810258865356,0.06569730242093404,0.10458242893218994,0.08608828981717427,0.12582463026046753,0.13362902402877808,0.17048001289367676,0.13099288940429688,0.09667402505874634,0.14083781838417053,0.1553594172000885,0.13897927602132162,0.1409863531589508,0.1657355527083079,0.183557391166687,0.16563085714975992,0.17832717299461365,0.16599840919176737,0.15229129791259766,0.24569513897101083,0.04832127431439141,0.19737386465661944,0.3174743950366974,0.3174743950366974,0.27529142051935196,0.23310844600200653,0.24569513897101083,0.1865025758743286,0.18910976747671762,0.14771828055381775,0.15157783776521683,0.12051265686750412,0.11971680819988251,0.09091948717832565,0.09982609500487645,0.08804614096879959,0.07675729195276897,0.07611802965402603,0.07116512954235077,0.06639260053634644,0.05589691177010536,0.05218154191970825,0.04703191791971525,0.04816967248916626
88159254,qslstm_log,extrapolation,iid,2000012,62,4,58,58,3,0.11321033221496275,0.3062029413638576,0.21129956706110675,0.45967332646250725,0.10953494150570006,0.31054755579680204,0.11346380743629121,0.3059033127822753,0.019148848180113167,0.006106814612513003,0.07276036341985066,0.18853976329167685,0.17141231894493103,0.1689120332400004,0.17119130492210388,0.31054755579680204,0.4793720655143261,0.30452294927090406,0.4854836277663708,0.2726906342431903,0.49024466797709465,0.2926028920337558,0.48920391127467155,0.28343194257467985,0.48158804699778557,0.277611474506557,0.4708666019141674,0.2705135075375438,0.45442233607172966,0.2866538716480136,0.4634423963725567,0.33265518955886364,0.4599387161433697,0.16701247543096542,0.06198444750545354,0.10502802792551189,0.08055500189463298,0.03375840559601784,0.10659702494740486,0.034255851060152054,0.16701247543096542,0.03739424794912338,0.11158672999590635,0.02927354723215103,0.10351895121857524,0.028341108933091164,0.07759779365733266,0.03069506399333477,0.0661359359510243,0.030579784885048866,0.06876965193077922,0.02877252735197544,0.05730040790513158,0.02423117868602276,0.0693390117958188,0.02611485868692398,0.039078882429748774,0.024017678573727608
88159254,qslstm_log,extrapolation,iid,2000013,62,4,58,57,4,0.034149528920714246,0.17662234604358673,0.032111900714704156,0.17919793725013733,0.05454811468894527,0.18479198962450027,0.03274272990221555,0.17605892234835133,0.01448196068144681,0.008725467956427372,0.06452632695436478,0.16747198502222696,0.09691575169563293,0.2238330841064453,0.10954013466835022,0.18479198962450027,0.23821058869361877,0.1153254434466362,0.2229520082473755,0.12869393825531006,0.220493346452713,0.1420043408870697,0.20420178771018982,0.15590473264455795,0.1982312798500061,0.17813690751791,0.22292304039001465,0.17605625092983246,0.20126354694366455,0.17960231751203537,0.2062721848487854,0.18870025128126144,0.19624677300453186,0.12669406458735466,0.0409656658383279,0.08572839874902677,0.12336572880546252,0.035614777356386185,0.15119477175176144,0.032544899731874466,0.12669406458735466,0.031859371811151505,0.0987978600896895,0.03085559792816639,0.07501389784738421,0.031152190640568733,0.06270863208919764,0.031059667468070984,0.050733657553792,0.03181702643632889,0.042969516944140196,0.029015766456723213,0.039322863798588514,0.02854117564857006,0.03541705617681146,0.02724316157400608,0.03176478575915098,0.02726283110678196
88159254,qslstm_log,extrapolation,iid,2000014,62,2,60,59,2,0.022090932566420182,0.07743783559530013,0.0004196516604224598,0.020485401153564453,0.15301863282101147,0.30373312532901764,0.01772667589126714,0.06989465927084287,0.022101052231707816,0.018167088031768797,0.03447069227695465,0.3351049944758415,0.5319235324859619,0.33500511199235916,0.5421419143676758,0.30373312532901764,0.057227909564971924,0.2877248674631119,0.021774858236312866,0.2773689776659012,0.022814422845840454,0.29251912236213684,0.0428963303565979,0.03194999694824219,0.006672084331512451,0.020915836095809937,0.01901724934577942,0.030035018920898438,0.053397953510284424,0.03654386103153229,0.01968976855278015,0.019415289163589478,0.019140809774398804,0.06927124597132206,0.07551853849242131,-0.006247292521099249,0.0971701517701149,0.07738874852657318,0.07399434968829155,0.06551732867956161,0.06927124597132206,0.05987594649195671,0.0799601748585701,0.0719471201300621,0.08576663956046104,0.09414453059434891,0.07444463297724724,0.08337193727493286,0.07893379591405392,0.09799164533615112,0.09323349595069885,0.0923224613070488,0.0815139077603817,0.06503617018461227,0.06968587264418602,0.07433557510375977,0.060716234147548676,0.047096893191337585
88159254,qslstm_log,extrapolation,iid,2000015,62,4,58,57,4,0.05028084723858624,0.17179875700704514,0.013856912698288149,0.11771538853645325,0.029125873981419748,0.14016427099704742,0.05173981091149427,0.1739804456973898,0.022394615830036633,0.013268595933914185,0.07822281867265701,0.2133471518754959,0.5119474828243256,0.19965752214193344,0.5264215469360352,0.14016427099704742,0.08713185787200928,0.18168988078832626,0.07681983709335327,0.300782710313797,0.07373744249343872,0.33067788928747177,0.10696414113044739,0.36480792611837387,0.07570865750312805,0.4097624644637108,0.11540114879608154,0.43221937119960785,0.09800511598587036,0.19547273963689804,0.09151771664619446,0.10312426090240479,0.11575999855995178,0.16927828639745712,0.06414091346207364,0.10513737293538349,0.17773142457008362,0.056012436747550964,0.14822449162602425,0.052496716380119324,0.16927828639745712,0.041711628437042236,0.20216620806604624,0.05260344222187996,0.22566622123122215,0.04587896168231964,0.20002038404345512,0.0429152250289917,0.17266853246837854,0.0364215113222599,0.11760946456342936,0.04182060435414314,0.08184981252998114,0.03835957869887352,0.0451760683208704,0.03389248624444008,0.03782334038987756,0.029831668362021446
88159254,qslstm_log,extrapolation,iid,2000016,62,8,54,54,7,0.09992673503330972,0.2888788306905377,0.05517352865376779,0.23489046096801758,0.04263304435048987,0.18580013513565063,0.10841468920854229,0.304149748550521,0.014459557003445096,0.008273880590092052,0.02818770068032401,0.19382216533025107,0.4736403822898865,0.19222361700875418,0.4884569048881531,0.18580013513565063,0.1956351399421692,0.17779875174164772,0.21125152707099915,0.19453879818320274,0.21296516060829163,0.24036583676934242,0.21665140986442566,0.29203667119145393,0.21407213807106018,0.2822502441704273,0.21341761946678162,0.2838243693113327,0.21655958890914917,0.32920798659324646,0.21412277221679688,0.40355172380805016,0.2368270456790924,0.11685370770283043,0.04093206484146692,0.07592164286136352,0.07575565328200658,0.03182605281472206,0.10985885187983513,0.031903039664030075,0.11685370770283043,0.027753112837672234,0.09574765083380044,0.030735673382878304,0.08918374637141824,0.025690458714962006,0.0812925233040005,0.026992028579115868,0.06693053827621043,0.025532739236950874,0.047078966395929456,0.02465389482676983,0.039192950585857034,0.02487560175359249,0.03425927762873471,0.025301076471805573,0.03435561805963516,0.023109234869480133
88159254,qslstm_log,extrapolation,iid,2000017,62,2,60,59,2,0.073778132738293,0.2618628646577558,0.07348601567383484,0.2710830420255661,0.050027160503893886,0.1866936758160591,0.07456983181277298,0.2643685042858124,0.016172712637206255,0.011692613363265991,0.06924441456794739,0.17733317613601685,0.17733317613601685,0.2834525927901268,0.17391139268875122,0.1866936758160591,0.3098709136247635,0.16772038489580154,0.30484308302402496,0.19197887927293777,0.3271600753068924,0.166008360683918,0.29161734879016876,0.17477942258119583,0.2707908898591995,0.2135268673300743,0.2777622789144516,0.24428237229585648,0.31465335190296173,0.27866828441619873,0.2657192200422287,0.29485075175762177,0.3058644086122513,0.22082800790667534,0.056477117755760746,0.16435089015091459,0.06698761135339737,0.06698761135339737,0.2878584712743759,0.06922498345375061,0.22082800790667534,0.0693390890955925,0.18541787192225456,0.06694965809583664,0.16554230824112892,0.09172464162111282,0.14269676059484482,0.07591131329536438,0.11365694738924503,0.05361953750252724,0.07524106092751026,0.04945984110236168,0.05251587927341461,0.03580677509307861,0.05362011678516865,0.031328920274972916,0.03605424705892801,0.030625393614172935
88159254,qslstm_log,extrapolation,iid,2000018,62,3,59,58,3,0.12169991106174032,0.3128278269883125,0.005027675394050135,0.07090610265731812,0.03471496827720847,0.16253283619880676,0.12612287425417415,0.3204699451640501,0.02109110869210342,0.012943738273211889,0.0030641555786132812,0.29625221093495685,0.4679759740829468,0.25793253382047016,0.46616122126579285,0.16253283619880676,0.1060132086277008,0.21688647071520487,0.1107964813709259,0.2392160395781199,0.11214175820350647,0.2590610384941101,0.10065937042236328,0.25207289059956867,0.09218674898147583,0.2492658793926239,0.10867747664451599,0.26869802673657733,0.10233858227729797,0.28753859798113507,0.07799786329269409,0.41250079870224,,0.07532414297262828,0.05136488750576973,0.02395925546685855,0.15776899581154188,0.03448588401079178,0.09390172362327576,0.03224136307835579,0.07532414297262828,0.02947847545146942,0.06985332195957501,0.03575573116540909,0.068926436205705,0.03574148193001747,0.060884758830070496,0.03169542923569679,0.05108380317687988,0.033275190740823746,0.03912378971775373,0.029985196888446808,0.03990108209351698,0.030144868418574333,0.03438194592793783,0.02765204757452011,0.03938913345336914,
88159254,qslstm_log,extrapolation,iid,2000019,62,2,60,59,2,0.08517347866705416,0.2650159043410132,0.18190588532648816,0.4265042617917061,0.09044349751231276,0.26927686110138893,0.0849978113722122,0.2648738724490007,0.017586699481737817,0.0172958103093234,0.021551847457885742,0.15177422761917114,0.14062321186065674,0.13761276006698608,0.140658438205719,0.26927686110138893,0.40319276601076126,0.2855549491941929,0.42711813002824783,0.26244399324059486,0.4047199562191963,0.270591352134943,0.4076616242527962,0.2935687340795994,0.44335729628801346,0.2852405644953251,0.42507828027009964,0.2861599065363407,0.4278741553425789,0.27722177281975746,0.4131857827305794,0.4255220964550972,0.42392606288194656,0.022952008061110973,0.05033909414584438,-0.027387086084733406,0.02464963775128126,0.020794454962015152,0.024360688403248787,0.02089688740670681,0.022952008061110973,0.020346326753497124,0.02292332798242569,0.020440252497792244,0.022120967507362366,0.020322004333138466,0.022078439593315125,0.020804544910788536,0.02169445902109146,0.020819054916501045,0.020650369115173817,0.02012060210108757,0.02061943057924509,0.020823782309889793,0.02129349671304226,0.02184266783297062,0.022758630104362965,0.025077007710933685
88159254,qslstm_log,extrapolation,iid,2000020,62,1,61,60,1,0.002805805358780514,0.042349763454929475,0.00569282439915586,0.07545080780982971,0.012363717841567201,0.1111922562122345,0.002649118268898765,0.041221197999891684,0.01842946211496989,0.014635139390041954,0.021765530109405518,0.057156383991241455,0.057156383991241455,0.14819210767745972,0.14819210767745972,0.1111922562122345,0.1111922562122345,0.06351980566978455,0.06351980566978455,0.09539011120796204,0.09539011120796204,0.07504937052726746,0.07504937052726746,0.0583401620388031,0.0583401620388031,0.0990382730960846,0.0990382730960846,0.053545981645584106,0.053545981645584106,0.0009757578372955322,0.0009757578372955322,0.023975670337677002,0.023975670337677002,0.10902935266494751,0.0521358211875939,0.05689353147735361,0.17856468260288239,0.17856468260288239,0.12591174244880676,0.12591174244880676,0.10902935266494751,0.10902935266494751,0.08129028230905533,0.08129028230905533,0.07681854814291,0.07681854814291,0.07274994254112244,0.07274994254112244,0.05638039484620094,0.05638039484620094,0.0511462427675724,0.0511462427675724,0.053866516798734665,0.053866516798734665,0.04985720291733742,0.04985720291733742,0.03578023239970207,0.03578023239970207
88159254,qslstm_log,extrapolation,iid,2000021,62,3,59,59,2,0.19746262571879458,0.4248754959403267,0.23613217774441672,0.4859343348070979,0.08322342510545747,0.23051542633523545,0.20327139863133717,0.4347582113439754,0.014396341675418919,0.010016211618979773,0.02859880030155182,0.16833212971687317,0.2558329105377197,0.2172292023897171,0.2893299460411072,0.23051542633523545,0.43373008351773024,0.25900540345658857,0.4327526269480586,0.2620301901673277,0.4573767362162471,0.2829965113972624,0.49075888376682997,0.2881786584233244,0.5021639643236995,0.35056373073409003,0.5179734406992793,0.4061912813534339,0.5074444590136409,0.4175874510159095,0.4612684426829219,0.48922945838421583,0.46948503237217665,0.15475196515520415,0.04078640144760326,0.11396556370760089,0.07842680625617504,0.051288340240716934,0.0711753536015749,0.048702504485845566,0.15475196515520415,0.05625269189476967,0.1051003063718478,0.0525364875793457,0.09055948381622632,0.049888502806425095,0.07219724729657173,0.04525155946612358,0.06814500316977501,0.041260335594415665,0.05144938578208288,0.03786582872271538,0.05159952367345492,0.03277096897363663,0.0410569595793883,0.03320803865790367,0.03704946239789327,0.0331258587539196
88159254,qslstm_log,extrapolation,iid,2000022,62,5,57,56,5,0.07962316279752922,0.20442158248155348,0.18881991229068618,0.43453413248062134,0.04601144469240315,0.16407816112041473,0.08257155912254029,0.20796047909217968,0.013278244861534663,0.008532233860181726,0.03128728866577148,0.10183113440871239,0.008862107992172241,0.20082075595855714,0.010771393775939941,0.16407816112041473,0.42308753728866577,0.19478820860385895,0.43474507331848145,0.1967309057712555,0.44680914282798767,0.18666895031929015,0.4541718661785126,0.18386337161064148,0.4349372684955597,0.15980160534381865,0.4442670941352844,0.12403609156608582,0.4138847589492798,0.11570022106170655,0.4295305609703064,0.09751481413841248,0.4150392711162567,0.0875623382627964,0.036656315258720464,0.050906023004075936,0.09266354283317924,0.023132657632231712,0.12147824987769126,0.0215323343873024,0.0875623382627964,0.022970765829086304,0.07274865843355656,0.02351534180343151,0.0658825907856226,0.026428265497088432,0.05905805043876171,0.02335604839026928,0.054585167393088344,0.02276935987174511,0.0451825600117445,0.022654006257653236,0.03682107143104076,0.020880160853266716,0.033429588004946706,0.02053982950747013,0.030602219328284264,0.018699059262871742
88159254,qslstm_log,extrapolation,iid,2000023,62,4,58,58,3,0.053830071104464756,0.2184447617300095,0.001520607524444273,0.03899496793746948,0.05031570927389378,0.1921510510146618,0.05407244088588345,0.22025812108968867,0.015302292745688865,0.006314218044281006,0.0013855695724487305,0.2947697689135869,0.19704985618591309,0.2949515034755071,0.21526408195495605,0.1921510510146618,0.04530918598175049,0.1768280304968357,0.03899496793746948,0.24701204399267832,,0.2675878057877223,,0.25607143342494965,,0.2870374371608098,,0.1943980654080709,,0.1874535083770752,,0.21406145890553793,,0.13109976844862103,0.046279947819380926,0.08481982062924011,0.05182530047992865,0.020125234499573708,0.04867400291065375,0.02182738669216633,0.13109976844862103,0.020735150203108788,0.1270311251282692,0.021980129182338715,0.12906702856222788,,0.08590797334909439,,0.06258304603397846,,0.055221665650606155,,0.04276177225013574,,0.0360905813674132,,0.02861725725233555,
88159254,qslstm_log,extrapolation,iid,2000024,62,2,60,60,1,0.03308169935103255,0.16052996679659812,0.021189404406104728,0.14556580781936646,0.00408358175509882,0.059148937463760376,0.03404830327089701,0.16390933444102604,0.01713088353474935,0.011236437342383644,0.02417510747909546,0.3818487524986267,0.3818487524986267,0.4063873887062073,0.4063873887062073,0.059148937463760376,0.08333539962768555,0.13419035077095032,0.10089367628097534,0.15533259510993958,0.0943787693977356,0.1353853940963745,0.08916479349136353,0.13845443725585938,0.07646256685256958,0.191838800907135,0.11696457862854004,0.20520785450935364,0.12458109855651855,0.21899664402008057,0.1159965991973877,0.2680133879184723,0.1296393871307373,0.13928639143705368,0.04717025862385829,0.09211613281319539,0.04691263660788536,0.04691263660788536,0.039428021758794785,0.039428021758794785,0.13928639143705368,0.037594422698020935,0.09438269585371017,0.03614407777786255,0.09612897597253323,0.03281658515334129,0.07926497049629688,0.03133637085556984,0.0920148640871048,0.03112766146659851,0.07382456120103598,0.02877025119960308,0.046826614998281,0.030113568529486656,0.03997423406690359,0.03102528490126133,0.03694428503513336,0.03446054831147194
88159254,qslstm_log,extrapolation,iid,2000025,62,6,56,56,5,0.11410229473698096,0.321411176314277,0.14616237403913956,0.3823118805885315,0.09700267725801366,0.25762346635262173,0.11593439660972746,0.32824557381016867,0.014740615550960814,0.010411215455908524,0.05738275647163391,0.2732592113316059,0.3604606091976166,0.24463728368282317,0.35510745644569397,0.25762346635262173,0.368105411529541,0.336805318792661,0.37876197695732117,0.3977746516466141,0.38265344500541687,0.3951584945122401,0.36263394355773926,0.3600268214941025,0.38055893778800964,0.2633631229400635,0.3726584315299988,0.23702207207679749,0.38197511434555054,0.24389536182085672,0.3637387156486511,0.266586775581042,0.3726643919944763,0.15270204624782005,0.047766870885555236,0.10493517536226482,0.13464931165799499,0.030555101111531258,0.15005105696618556,0.029371945187449455,0.15270204624782005,0.02837844006717205,0.11367742034296195,0.030453801155090332,0.09745700377970934,0.030441390350461006,0.08444659722348054,0.03042074479162693,0.07728962103525798,0.030749144032597542,0.07482791288445394,0.02917206846177578,0.07071434644361337,0.032535720616579056,0.061409092197815575,0.02773229591548443,0.05665380321443081,0.02436949498951435
88159254,qslstm_log,extrapolation,iid,2000026,62,4,58,58,3,0.02212006184447354,0.144163619126043,0.024951087820249462,0.15795913338661194,0.023350579813425476,0.12898099422454834,0.022035198536269958,0.14521069670545644,0.022064065624927652,0.015505534631234628,0.029209285974502563,0.19174586733182272,0.2900164723396301,0.15539642175038657,0.09211793541908264,0.12898099422454834,0.1938897669315338,0.16708903014659882,0.11612570285797119,0.09051821380853653,0.08577340841293335,0.12121284753084183,0.12113335728645325,0.15672197937965393,0.1724635362625122,0.1433679163455963,0.181124746799469,0.16216418147087097,0.15466216206550598,0.17133524268865585,0.17870309948921204,0.15345357358455658,0.14587974548339844,0.1360767800360918,0.04316170462246599,0.09291507541362581,0.11857245862483978,0.10610080510377884,0.11652050415674846,0.0838901624083519,0.1360767800360918,0.08657937496900558,0.12872827984392643,0.11873123794794083,0.1101115308701992,0.10095524787902832,0.10385137051343918,0.06830031424760818,0.09562559425830841,0.08272372931241989,0.07120155170559883,0.06570837646722794,0.07198640611022711,0.04340772330760956,0.047273797914385796,0.04316062852740288,0.047400678507983685,0.04798847809433937
88159254,qslstm_log,extrapolation,iid,2000027,62,2,60,59,2,0.056040498376828375,0.20359693611821822,0.010950529016554356,0.104644775390625,0.061135250258046,0.2264941781759262,0.05587067331412112,0.20283369471629462,0.019516133150811923,0.005970241846861663,0.03208564221858978,0.1958601325750351,0.3464186489582062,0.18051764369010925,0.33907151222229004,0.2264941781759262,0.12731939554214478,0.21962973475456238,0.11467468738555908,0.20620600879192352,0.11030566692352295,0.21877293288707733,0.11428415775299072,0.19724829494953156,0.11167997121810913,0.24066998064517975,0.1321965456008911,0.21573098003864288,0.12168136239051819,0.2098913937807083,0.11235427856445312,0.23330186307430267,0.09314078092575073,0.05774922389537096,0.055910783385237056,0.001838440510133904,0.07546354737132788,0.026226846501231194,0.07741507142782211,0.027361929416656494,0.05774922389537096,0.02619338221848011,0.06728915777057409,0.025862058624625206,0.06473488826304674,0.023683691397309303,0.05402504652738571,0.022809110581874847,0.04322981368750334,0.023122308775782585,0.0483890101313591,0.023837395012378693,0.04922354221343994,0.021823734045028687,0.04423314146697521,0.02017385885119438,0.02647027838975191,0.019844243302941322
88159254,qslstm_log,extrapolation,iid,2000028,62,3,59,58,3,0.0373582521593726,0.18013461799390854,0.04576943503113129,0.2139379233121872,0.07265738501572765,0.20931739111741385,0.03556338099718506,0.17865074817406928,0.013007272934091502,0.01006526222415999,0.06409988800684611,0.008540228009223938,0.016967087984085083,0.1511093477408091,0.02224552631378174,0.20931739111741385,0.17860578000545502,0.07359167436758678,0.14983491599559784,0.10115774969259898,0.15196706354618073,0.10580001771450043,0.17526550590991974,0.0855419784784317,0.20222000777721405,0.07764903207619984,0.17934365570545197,0.12151401241620381,0.1636907309293747,0.19773251314957938,0.2157120257616043,0.17328091959158579,0.19022531807422638,0.1844268168012301,0.04712150037541228,0.13730531642581784,0.1766527183353901,0.0858534649014473,0.20981713384389877,0.08082140237092972,0.1844268168012301,0.079462431371212,0.12395946805675824,0.057181309908628464,0.10015305628379186,0.06998822838068008,0.0841980092227459,0.056553471833467484,0.07728991036613782,0.04665355756878853,0.07368626321355502,0.0384397991001606,0.0661431352297465,0.03814557194709778,0.05020842328667641,0.04741824045777321,0.03808262820045153,0.03755345195531845
88159254,qslstm_log,extrapolation,iid,2000029,62,4,58,57,4,0.14806134045575006,0.37639712169766426,0.22630358113053806,0.4757137596607208,0.10712308141643684,0.31765977665781975,0.15088466866535793,0.3804479730797225,0.01533430814743042,0.008201897144317627,0.03289841115474701,0.2911104808251063,0.3326171934604645,0.33213394694030285,0.3253156244754791,0.31765977665781975,0.4029829800128937,0.338175717741251,0.4056231379508972,0.31247908994555473,0.39363378286361694,0.32586299255490303,0.398654580116272,0.35814377292990685,0.41611945629119873,0.358150128275156,0.4109213054180145,0.34529270976781845,0.4022228717803955,0.34011051803827286,0.4134986400604248,0.36797961965203285,0.41340768337249756,0.10173145029693842,0.05041693025750333,0.05131452003943509,0.05339260771870613,0.037552107125520706,0.1388168428093195,0.0356144942343235,0.10173145029693842,0.04121258854866028,0.08141207508742809,0.035871636122465134,0.07109368778765202,0.038641300052404404,0.06217907462269068,0.04882006347179413,0.05724178161472082,0.040280092507600784,0.0554373525083065,0.03499457240104675,0.0509848203510046,0.03338148817420006,0.039245886728167534,0.03017086535692215,0.03607960278168321,0.034458890557289124
88159254,qslstm_log,extrapolation,iid,2000030,62,7,55,55,6,0.04580246624968559,0.2103437995237689,0.059328856491337234,0.24357515573501587,0.041551694049659034,0.1983007937669754,0.04634347362059806,0.21187654571099715,0.022941897132179954,0.017068842053413393,0.023353939255078632,0.23197802305221557,0.2287003993988037,0.20565017809470496,0.20153898000717163,0.1983007937669754,0.14283263683319092,0.21172736372266496,0.17270606756210327,0.2037038505077362,0.13221901655197144,0.21958680663790023,0.12716901302337646,0.22582089049475534,0.14364808797836304,0.21226503593581064,0.16883033514022827,0.23684116772242955,0.20662802457809448,0.1877976655960083,0.21280986070632935,0.20969179272651672,0.22156605124473572,0.12922586074897222,0.06364883431656794,0.06557702643240428,0.08136319294571877,0.06312122941017151,0.1108046645919482,0.048070117831230164,0.12922586074897222,0.05282783880829811,0.11086652108601161,0.05168987810611725,0.097885043493339,0.05074973776936531,0.08354866877198219,0.05314870551228523,0.0857507868536881,0.051643770188093185,0.07865924920354571,0.049639519304037094,0.06213205733469555,0.05037618800997734,0.06677421288830894,0.05231992527842522,0.052263072558811734,0.03404342010617256
88159254,qslstm_log,extrapolation,iid,2000031,62,1,61,60,1,0.103712270456679,0.320196335354159,0.10049534976833119,0.3170100152492523,0.05364335782235585,0.23161035776138306,0.1045330723031433,0.32164856449502416,0.015107854704062144,0.015107854704062144,0.2372645139694214,,,0.15630897879600525,0.15630897879600525,0.23161035776138306,0.23161035776138306,0.31708014011383057,0.31708014011383057,0.3218632936477661,0.3218632936477661,0.3603041470050812,0.3603041470050812,0.2813098728656769,0.2813098728656769,0.3399609923362732,0.3399609923362732,0.34341418743133545,0.34341418743133545,0.3465897738933563,0.3465897738933563,0.34167101979255676,0.34167101979255676,0.2450280636548996,0.04761563730044443,0.19741242635445516,,,0.34557807445526123,0.34557807445526123,0.2450280636548996,0.2450280636548996,0.189836323261261,0.189836323261261,0.13574044406414032,0.13574044406414032,0.10240495204925537,0.10240495204925537,0.08200529962778091,0.08200529962778091,0.05947719141840935,0.05947719141840935,0.0679793432354927,0.0679793432354927,0.07522422820329666,0.07522422820329666,0.062224000692367554,0.062224000692367554
88159254,qslstm_log,extrapolation,iid,2000032,62,7,55,55,6,0.06470162065657661,0.23878855522601836,0.007738063477948032,0.08796626329421997,0.06472562222894318,0.23199848617826188,0.06469856591100269,0.23965274583209645,0.011292270096865568,0.006351113319396973,0.025735755761464436,0.24472555021444956,0.2614212930202484,0.23920666178067526,0.25824853777885437,0.23199848617826188,0.09040260314941406,0.19666755625179835,0.09493470191955566,0.21380807246480668,0.08882638812065125,0.2492216272013528,0.10707145929336548,0.25751274824142456,0.10125088691711426,0.23984481607164657,0.102924644947052,0.2755151944501059,0.09634959697723389,0.30267930527528125,,0.3044973313808441,,0.10989063951585974,0.03840399147434668,0.07148664804151306,0.09327973984181881,0.025856129825115204,0.08163646329194307,0.025302821770310402,0.10989063951585974,0.025117894634604454,0.07915080312107291,0.02515358291566372,0.07221717733357634,0.02630132995545864,0.06368952244520187,0.025336377322673798,0.06021530207778726,0.023661473765969276,0.049451346908296855,0.024007931351661682,0.04787757114640304,0.023222273215651512,0.041509415954351425,,0.03149780444800854,
88159254,qslstm_log,extrapolation,iid,2000033,62,4,58,58,3,0.0693342731718227,0.25553868326448625,0.08184534888883732,0.2860862612724304,0.07332056604865035,0.24182342924177647,0.06905935642169665,0.25648456285225935,0.015795845409919476,0.012271867858039008,0.037162462870279946,0.29223594317833584,0.4875480905175209,0.3046927973628044,0.46077702194452286,0.24182342924177647,0.20625287294387817,0.3673664517700672,0.24838531017303467,0.3618449755012989,0.25936758518218994,0.4115666728466749,0.25169289112091064,0.3568255789577961,0.2492750883102417,0.29125245846807957,0.1964799165725708,0.24001649022102356,0.21071267127990723,0.21887226402759552,0.21278327703475952,0.21868246793746948,0.23087632656097412,0.17610803060233593,0.04267957392309246,0.13342845667924347,0.19760503619909286,0.08319958299398422,0.13607780387004217,0.08852895349264145,0.17610803060233593,0.07732100039720535,0.11456323321908712,0.05760737136006355,0.10213076416403055,0.05780336633324623,0.0870183790102601,0.05103445425629616,0.08220281358808279,0.05138595774769783,0.06262268032878637,0.04655103012919426,0.048872522078454494,0.03546230494976044,0.040254383347928524,0.03182585909962654,0.03250924963504076,0.03352336212992668
88159254,qslstm_log,extrapolation,iid,2000034,62,2,60,60,1,0.005919123046220747,0.0680121817896443,6.439521197965092e-05,0.008024662733078003,0.019182040737236505,0.13135400414466858,0.005477025789853555,0.0659007877111435,0.016907063623269398,0.014665045376334871,0.024245738983154297,0.14158225059509277,0.14158225059509277,0.05897784233093262,0.05897784233093262,0.13135400414466858,0.1752648949623108,0.10513246059417725,0.1510406732559204,0.09506618976593018,0.09094250202178955,0.09384304285049438,0.046103835105895996,0.03546345233917236,0.01194906234741211,0.08021089434623718,0.009381115436553955,0.05747595429420471,0.06884807348251343,0.03717541694641113,0.050746381282806396,0.06601080298423767,0.08023795485496521,0.19147604331374168,0.04816859904676676,0.14330744426697492,0.1396421194076538,0.1396421194076538,0.13013659417629242,0.13013659417629242,0.19147604331374168,0.10732372850179672,0.13412166759371758,0.0853656753897667,0.11498070508241653,0.08449873328208923,0.12667521834373474,0.11370831727981567,0.11363210156559944,0.09712760895490646,0.07439031824469566,0.06341496109962463,0.08087311871349812,0.04803792014718056,0.04661225900053978,0.03770635649561882,0.03786207176744938,0.0378885343670845
88159254,qslstm_log,extrapolation,iid,2000035,62,6,56,55,6,0.16601298891724073,0.3455319332499658,0.2867270452179618,0.5354689955711365,0.11267943688291278,0.270301287372907,0.1717272980637759,0.35359235959393637,0.011561657081950795,0.006304445474044136,0.033923919002215065,0.11064406037330628,0.021301686763763428,0.1809631586074829,0.011581599712371826,0.270301287372907,0.4971606135368347,0.21409404774506888,0.5143097043037415,0.1968145469824473,0.5022426843643188,0.18174812197685242,0.5116285085678101,0.1859407921632131,0.5219467282295227,0.18311734000841776,0.5176481008529663,0.4297301272551219,0.5193042159080505,0.4112564375003179,0.4978344440460205,0.4187810719013214,0.5071686804294586,0.0837647682055831,0.04810470618706729,0.035660062018515806,0.09155598692595959,0.029359005391597748,0.10746739183863004,0.03010188229382038,0.0837647682055831,0.027995949611067772,0.07017670820156734,0.027634941041469574,0.05911712006976207,0.025472229346632957,0.06851614204545815,0.027135340496897697,0.06037529713163773,0.030663028359413147,0.044947898325820766,0.02640273980796337,0.04000119430323442,0.02960142306983471,0.03560375484327475,0.03162100538611412,0.032031768622497715,0.027956882491707802
88159254,qslstm_log,extrapolation,iid,2000036,62,4,58,57,4,0.11790096166290513,0.2822975449023708,0.20414797867982148,0.45182737708091736,0.09335364363030974,0.2660512551665306,0.11959388014791171,0.2834179786772564,0.014245160316166124,0.008947056718170643,0.04895482957363129,0.09088759869337082,0.00454336404800415,0.17553334683179855,0.012192368507385254,0.2660512551665306,0.4271804094314575,0.22718217223882675,0.43729686737060547,0.23869136720895767,0.4289948344230652,0.2520228624343872,0.434823215007782,0.2346031814813614,0.4342362880706787,0.18695325404405594,0.42587989568710327,0.12642405927181244,0.4175397753715515,0.12495701014995575,0.44078290462493896,0.15454360842704773,0.48516348004341125,0.10291833430528641,0.04323390941938449,0.059684424885901914,0.12909338902682066,0.035865869373083115,0.10881131514906883,0.03377405181527138,0.10291833430528641,0.031192079186439514,0.08478666516020894,0.030996983870863914,0.0661465865559876,0.02924290858209133,0.059022211004048586,0.029881319031119347,0.050751122646033764,0.028576478362083435,0.04468303779140115,0.027835162356495857,0.04097776720300317,0.026420319452881813,0.03670462826266885,0.028811821714043617,0.03957027709111571,0.030100425705313683
88159254,qslstm_log,extrapolation,iid,2000037,62,3,59,59,2,0.20292510724174462,0.4360720443148767,0.27826650378017437,0.5275097191333771,0.11018332916974354,0.2482738047838211,0.20764079087252435,0.4456211073418795,0.02809534537590156,0.01917125119103326,0.033100858330726624,0.49105121195316315,0.49105121195316315,0.28823719173669815,0.5252435356378555,0.2482738047838211,0.5558305084705353,0.3091880679130554,0.5783925950527191,0.3585640788078308,0.6334775388240814,0.34819867213567096,0.638704389333725,0.3883622984091441,0.6088418662548065,0.41541925072669983,0.5464455187320709,0.40042529503504437,0.5323692858219147,0.4189792772134145,0.5490047633647919,0.4208448529243469,0.5330838859081268,0.20586233337720236,0.07088608389436188,0.13497624948284048,0.05894796922802925,0.05894796922802925,0.2201770506799221,0.09757661074399948,0.20586233337720236,0.05335584282875061,0.1645895093679428,0.05356866121292114,0.17094724625349045,0.09712918847799301,0.16875347743431726,0.07621242851018906,0.16878086576859155,0.0662604346871376,0.12341778973738353,0.05873456597328186,0.07081546758611997,0.03346647694706917,0.06312512668470542,0.02262367494404316,0.0392410388837258,0.023245377466082573
88159254,qslstm_log,extrapolation,iid,2000038,62,9,53,52,9,0.1308678422775565,0.3205175453256215,0.2548966032745206,0.5048728585243225,0.08827836416910118,0.26089002730117905,0.1381000178054074,0.33064297291467776,0.014688716484950138,0.01030317611164517,0.02205206288231744,0.20745723508298397,0.2006758451461792,0.2577059819466538,0.18946537375450134,0.26089002730117905,0.5162768363952637,0.26959654523266685,0.5261858403682709,0.2776207211944792,0.5353188216686249,0.27673206230004627,0.5267255306243896,0.25620756215519375,0.5225039124488831,0.22132038407855564,0.5329139828681946,0.1949717120991813,0.5550554990768433,0.2929639650715722,0.5713748335838318,0.3340589205423991,0.5324528813362122,0.061736546042892665,0.03669555471190866,0.025040991330984003,0.05829927371814847,0.021828487515449524,0.08177894788483779,0.02184976637363434,0.061736546042892665,0.021727940067648888,0.058629940988288984,0.025126924738287926,0.04762782156467438,0.028176017105579376,0.04372797099252542,0.02306048572063446,0.039944247239165835,0.022688476368784904,0.03314089816477564,0.026567069813609123,0.029339322820305824,0.02467486821115017,0.026645050280623965,0.02257671020925045,0.025343252138959035,0.025870077311992645
88159254,qslstm_log,extrapolation,iid,2000039,62,2,60,60,1,0.11681998203876902,0.338843647390604,0.09520853264176182,0.30855879932641983,0.08096495660167816,0.2826518453657627,0.11801514955333872,0.34071670745809873,0.019542443752288818,0.0167589264697042,0.09298253059387207,0.44465887546539307,0.44465887546539307,0.5159357488155365,0.5159357488155365,0.2826518453657627,0.2498968318104744,0.3604968674480915,0.27633485943078995,0.4495122469961643,0.38308874517679214,0.31182094663381577,0.37374506145715714,0.32745683938264847,0.378578819334507,0.34828609973192215,0.32282713800668716,0.3720364198088646,0.40205494314432144,0.3527320697903633,0.3091147318482399,0.3776220306754112,0.41285011917352676,0.28797154128551483,0.052514677432676155,0.23545686385283868,0.2305174618959427,0.2305174618959427,0.19272291660308838,0.19272291660308838,0.28797154128551483,0.18166112899780273,0.17392003163695335,0.11732260137796402,0.15461581945419312,0.11650872230529785,0.1347101889550686,0.08775924891233444,0.11739971488714218,0.11747682839632034,0.07833093032240868,0.06890261173248291,0.08610152080655098,0.06879500299692154,0.06028530187904835,0.06472604721784592,0.06992674246430397,0.07431597262620926
88159254,qslstm_log,extrapolation,iid,2000040,62,2,60,59,2,0.13376590043019917,0.3630023641932395,0.13961990670401653,0.3736574724316597,0.10610595326440223,0.3254382647573948,0.13468789866905906,0.364254500841101,0.0244458509703814,0.010126243034998575,0.0249355286359787,0.3725186288356781,0.34978002309799194,0.4220575988292694,0.35628098249435425,0.3254382647573948,0.33943430334329605,0.3372630514204502,0.3739687576889992,0.38003386929631233,0.3534380868077278,0.37946103885769844,0.36300570517778397,0.3666418381035328,0.35923171788454056,0.3601793088018894,0.34756598621606827,0.3631657399237156,0.34837741404771805,0.3456619121134281,0.32621312886476517,0.36006173864006996,0.33735815435647964,0.055078099481761456,0.06199945211410522,-0.006921352632343766,0.12915316503494978,0.024551978334784508,0.09859185200184584,0.02544245682656765,0.055078099481761456,0.023251546546816826,0.04911003913730383,0.02498978190124035,0.07115500420331955,0.025810696184635162,0.07021734211593866,0.024477655068039894,0.05134420841932297,0.02368835359811783,0.03871657606214285,0.024449897930026054,0.03678940515965223,0.024496516212821007,0.033654311671853065,0.02390225976705551,0.026766177266836166,0.023863228037953377
88159254,qslstm_log,extrapolation,iid,2000041,62,1,61,60,1,0.12642579842535193,0.35202790183886407,0.1447573530245077,0.380469910800457,0.07590673209684035,0.2755117639899254,0.1272539798405734,0.3532822647544204,0.015716099242369334,0.014745099277331912,0.18964344263076782,0.1331707239151001,0.1331707239151001,0.18746840953826904,0.18746840953826904,0.2755117639899254,0.2755117639899254,0.3352824077010155,0.3352824077010155,0.3115898594260216,0.3115898594260216,0.3154326006770134,0.3154326006770134,0.3587068244814873,0.3587068244814873,0.3458941802382469,0.3458941802382469,0.385920487344265,0.385920487344265,0.3623257502913475,0.3623257502913475,0.35910870879888535,0.35910870879888535,0.25549647212028503,0.060859904212296985,0.19463656790798806,0.22065860033035278,0.22065860033035278,0.24399757385253906,0.24399757385253906,0.25549647212028503,0.25549647212028503,0.14069217443466187,0.14069217443466187,0.09393077343702316,0.09393077343702316,0.12537433207035065,0.12537433207035065,0.11669465154409409,0.11669465154409409,0.067779041826725,0.067779041826725,0.06854482740163803,0.06854482740163803,0.060627926141023636,0.060627926141023636,0.0566323883831501,0.0566323883831501
88159254,qslstm_log,extrapolation,iid,2000042,62,6,56,55,6,0.0806384000579765,0.2580292805308296,0.022391681816480435,0.14963850378990173,0.08389425928516236,0.24643489710676172,0.08028955799792085,0.25927153589769397,0.013809647885235874,0.0067039650419484014,0.020576268434524536,0.1889875828443716,0.34572917222976685,0.2634069024740408,0.351544052362442,0.24643489710676172,0.1557014286518097,0.22967469676708183,0.1745677888393402,0.28793266400073964,0.16021639108657837,0.3385765947556744,0.15893790125846863,0.31751083799948293,0.15255168080329895,0.33302798836181563,0.15006095170974731,0.3468310780202349,0.14676335453987122,0.3475893285746376,0.16012972593307495,0.310263146723931,0.16466957330703735,0.08549486628423135,0.048982919193804264,0.036511947090427085,0.1043267184868455,0.02680717594921589,0.09242805559188128,0.02900371514260769,0.08549486628423135,0.029459601268172264,0.06949100363999605,0.029860274866223335,0.06290505050371091,0.029908301308751106,0.06349009989450376,0.028877316042780876,0.056229050581653915,0.03142884001135826,0.05674573717017969,0.029032908380031586,0.047872427540520825,0.027919448912143707,0.046879593593378864,0.03922565281391144,0.046622649766504765,0.03667261451482773
88159254,qslstm_log,extrapolation,iid,2000043,62,3,59,59,2,0.01073526734687089,0.08945350637359004,0.0014935903014681173,0.03864699602127075,0.049407950476885176,0.2206551432609558,0.0087688597300905,0.0827822367013511,0.01635831644979574,0.015575720832265657,0.03397691249847412,0.21182984113693237,0.21182984113693237,0.2652956694364548,0.2735787034034729,0.2206551432609558,0.1931229531764984,0.23210454980532327,0.21090510487556458,0.22916988531748453,0.2208079993724823,0.17767736315727234,0.12900403141975403,0.17313149571418762,0.08768138289451599,0.09840580821037292,0.07853201031684875,0.08140252033869426,0.09746703505516052,0.08619131644566853,0.11934360861778259,0.0871414343516032,0.09676149487495422,0.27626925706863403,0.06031987860293712,0.21594937846569692,0.25221702456474304,0.25221702456474304,0.32940591871738434,0.26687318086624146,0.27626925706863403,0.18465209007263184,0.2585732142130534,0.25662943720817566,0.2080107480287552,0.17250697314739227,0.19582259158293405,0.1461862474679947,0.20769440134366354,0.19394679367542267,0.14885574579238892,0.10643419623374939,0.10859077672163646,0.06934298574924469,0.052321103711922966,0.049478378146886826,0.05274515971541405,0.04638538137078285
88159254,qslstm_log,extrapolation,iid,2000044,62,3,59,59,2,0.1261997825472587,0.3343549865868784,0.17865784532733997,0.4226793646812439,0.08860990138209601,0.2819594740867615,0.12811113243701275,0.3370191651885792,0.01614484241453268,0.010492069598955985,0.04936861991882324,0.13945361971855164,0.10695457458496094,0.1653645932674408,0.10370999574661255,0.2819594740867615,0.39563900232315063,0.2885273297627767,0.41638535261154175,0.3254338304201762,0.3980098366737366,0.34120537837346393,0.4181230664253235,0.33062904079755145,0.4268173277378082,0.3171806335449219,0.4198278784751892,0.2692708373069763,0.4277607202529907,0.23032676180203757,0.4258786737918854,0.20706497629483542,0.43254661560058594,0.21259837100903192,0.05185866081234762,0.16073971019668432,0.17340082675218582,0.04425059258937836,0.10582742653787136,0.03909559175372124,0.21259837100903192,0.04096723347902298,0.181588480869929,0.049661993980407715,0.14178425073623657,0.04014967381954193,0.12364516407251358,0.04029948264360428,0.1077504667143027,0.035906579345464706,0.09420193359255791,0.03195523843169212,0.06471619072059791,0.026377687230706215,0.053773886213699974,0.026204153895378113,0.041206744189063706,0.025640709325671196
88159254,qslstm_log,extrapolation,iid,2000045,62,4,58,57,4,0.06836885918373338,0.206111702707506,0.09662688526868024,0.3108486533164978,0.10956080916919442,0.27982577681541443,0.06552803504680503,0.20102797345868473,0.01654887774534393,0.0060751040776570635,0.03752298653125763,0.2806626657644908,0.5349047482013702,0.21831009536981583,0.5259028077125549,0.27982577681541443,0.3176227807998657,0.25387662649154663,0.3178439438343048,0.24043180793523788,0.30575618147850037,0.2706960439682007,0.3099667727947235,0.2687501311302185,0.3104805052280426,0.295308381319046,0.30601266026496887,0.22730138897895813,0.29024359583854675,0.17946933954954147,0.3053739070892334,0.1811724454164505,0.2995450496673584,0.07700021704658866,0.04977188554817233,0.02722833149841633,0.04409966555734476,0.02830521948635578,0.09387510176748037,0.029163934290409088,0.07700021704658866,0.031181959435343742,0.059101665392518044,0.02822747826576233,0.05813437048345804,0.03171815723180771,0.06063669500872493,0.03103826940059662,0.053249907214194536,0.02803248167037964,0.044803880620747805,0.02741440199315548,0.0369693567045033,0.028063351288437843,0.04183307057246566,0.02502131275832653,0.03440960682928562,0.02747419662773609
88159254,qslstm_log,extrapolation,iid,2000046,62,5,57,57,4,0.0305132549472383,0.15645700744203023,0.02852646941144954,0.168897807598114,0.06777449705269922,0.23926800526678563,0.02724472493798734,0.1491928848258236,0.012239328079056321,0.006145882606506348,0.032867006957530975,0.13483365376790366,0.2257707715034485,0.19917596178129315,0.23725932836532593,0.23926800526678563,0.18068593740463257,0.16373890042304992,0.17120155692100525,0.17234264612197875,0.17690032720565796,0.18256250023841858,0.16512593626976013,0.16254082918167115,0.1670181155204773,0.13414602726697922,,0.12601321190595627,,0.14719372987747192,,0.11822418123483658,,0.13945204690098761,0.04571958699900853,0.09373245990197909,0.08982811371485393,0.03953107073903084,0.12903631385415792,0.03818587586283684,0.13945204690098761,0.032457247376441956,0.09763034395873546,0.02799888513982296,0.08811605051159858,0.02662006765604019,0.07584784589707852,0.025606906041502953,0.06793728582561016,0.02611817605793476,0.06022810749709606,,0.04977965261787176,,0.05059443414211273,,0.04613941442221403,
88159254,qslstm_log,extrapolation,iid,2000047,62,2,60,60,1,0.04487257191315122,0.2073112880029986,0.050278955407989656,0.22422969341278076,0.022297939559852598,0.13074396550655365,0.04562505965826117,0.20986353208621342,0.02059556742509206,0.013521855952692967,-0.006246209144592285,0.08759608864784241,0.08759608864784241,0.12191024422645569,0.12191024422645569,0.13074396550655365,0.20288240909576416,0.13006432354450226,0.1716158390045166,0.19671665132045746,0.17070084810256958,0.1516367644071579,0.15791791677474976,0.21951596438884735,0.18740534782409668,0.16213713586330414,0.20613211393356323,0.15427719056606293,0.22095829248428345,0.1929406225681305,0.2151803970336914,0.20845240354537964,0.21077269315719604,0.22401891462504864,0.05021880685041348,0.17380010777463517,0.09625336527824402,0.09625336527824402,0.060652103275060654,0.060652103275060654,0.22401891462504864,0.06137486919760704,0.19998108595609665,0.053316012024879456,0.16145861148834229,0.043161362409591675,0.12303557060658932,0.034386198967695236,0.10060190968215466,0.035062458366155624,0.10163234174251556,0.033086925745010376,0.06127418112009764,0.026294996961951256,0.032250101678073406,0.021338840946555138,0.027374926954507828,0.02166292816400528
88159254,qslstm_log,extrapolation,iid,2000048,62,7,55,54,7,0.12564780911036896,0.34072119574392995,0.18341609674058645,0.4282710552215576,0.08466307775623583,0.262564942240715,0.13086404764634954,0.3506683552807028,0.017874143189854093,0.008464225700923375,0.023870847054890225,0.2798639660080274,0.3949359655380249,0.24808974138328008,0.38749414682388306,0.262564942240715,0.3796840310096741,0.2652393345321928,0.39052826166152954,0.33291807770729065,0.40925729274749756,0.35869226285389494,0.4039260149002075,0.3534072296960013,0.4148671627044678,0.3144044407776424,0.422842800617218,0.3583485260605812,,0.30996524045864743,,0.3883410841226578,,0.07501454252217497,0.05572159700095654,0.019292945521218435,0.07950965563456218,0.02523176372051239,0.11184989368276936,0.026555253192782402,0.07501454252217497,0.02529510296881199,0.07290529645979404,0.02665018104016781,0.06381789674716336,0.027066169306635857,0.06797404667096478,0.026205161586403847,0.06858422101608344,0.02629893086850643,0.053420424195272584,0.027847805991768837,0.06328840398540099,,0.04433952954908212,,0.0356634600708882,
88159254,qslstm_log,extrapolation,iid,2000049,62,4,58,57,4,0.12962645410309834,0.3406051505477198,0.221645720401753,0.47079265117645264,0.09866839449067594,0.28120729699730873,0.1317614926970585,0.3447015542408516,0.01841942730702852,0.007694937288761139,0.015479303896427155,0.24964838102459908,0.354799285531044,0.2547389827668667,0.3725002557039261,0.28120729699730873,0.4388127326965332,0.22647057846188545,0.4489590525627136,0.22493431344628334,0.4459086060523987,0.22477422282099724,0.448469340801239,0.2456611432135105,0.4561123251914978,0.2636977322399616,0.4566144347190857,0.29294026270508766,0.4580850601196289,0.3625996373593807,0.47728583216667175,0.3987736962735653,0.47079265117645264,0.1578185078687966,0.07544653470916994,0.08237197315962665,0.1830677017569542,0.03763102740049362,0.175636381842196,0.040417131036520004,0.1578185078687966,0.031064661219716072,0.12077258015051484,0.02816743217408657,0.0989438951946795,0.02784770168364048,0.11972972191870213,0.026685059070587158,0.11441519670188427,0.02780359983444214,0.07482367474585772,0.030435211956501007,0.06109876651316881,0.03159799799323082,0.05350269563496113,0.03025643527507782,0.052644483745098114,0.0341561995446682
88159254,qslstm_log,extrapolation,iid,2000050,62,2,60,59,2,0.10966174336440655,0.3288384690400093,0.10857737258290001,0.32951080799102783,0.09986023629575247,0.315087728202343,0.10998846026669502,0.3292968270679315,0.015644175521397994,0.012160150842233137,0.08111801743507385,0.3222319036722183,0.3222319036722183,0.2228783294558525,0.3105040639638901,0.315087728202343,0.29100537300109863,0.3434266075491905,0.28226524591445923,0.35323577374219894,0.2966843843460083,0.37176185101270676,0.3057386875152588,0.35357876867055893,0.3004170060157776,0.32723136991262436,0.31031930446624756,0.35118376463651657,0.3162539005279541,0.31116198748350143,0.30654653906822205,0.303317129611969,0.31562888622283936,0.1358723472803831,0.05038166586309671,0.0854906814172864,0.03472466394305229,0.03472466394305229,0.23161593172699213,0.031081588938832283,0.1358723472803831,0.033951323479413986,0.14270436950027943,0.034462038427591324,0.08410362526774406,0.0333106592297554,0.06853820849210024,0.030436845496296883,0.06055056117475033,0.0348159559071064,0.04730106797069311,0.027422381564974785,0.0429442236199975,0.024512549862265587,0.03794953506439924,0.02608671970665455,0.029961520805954933,0.02597171813249588
88159254,qslstm_log,extrapolation,iid,2000051,62,1,61,60,1,0.10605086319674349,0.30317102997533735,0.21002345121679955,0.4582831561565399,0.15127931295866404,0.38894641399383545,0.10530941320064643,0.3017648761389685,0.021599953869978587,0.009664133787155152,0.007031917572021484,0.2670837640762329,0.2670837640762329,0.2686765193939209,0.2686765193939209,0.38894641399383545,0.38894641399383545,0.4039301872253418,0.4039301872253418,0.3956688642501831,0.3956688642501831,0.39345037937164307,0.39345037937164307,0.4138230085372925,0.4138230085372925,0.41291648149490356,0.41291648149490356,0.398809552192688,0.398809552192688,0.41431742906570435,0.41431742906570435,0.4358101785182953,0.4358101785182953,0.021349923685193062,0.0593464157742555,-0.03799649208906244,0.020408762618899345,0.020408762618899345,0.020805202424526215,0.020805202424526215,0.021349923685193062,0.021349923685193062,0.02351565845310688,0.02351565845310688,0.02366585098206997,0.02366585098206997,0.02496451698243618,0.02496451698243618,0.02784927748143673,0.02784927748143673,0.025791706517338753,0.025791706517338753,0.022812841460108757,0.022812841460108757,0.022593924775719643,0.022593924775719643,0.031588125973939896,0.031588125973939896
88159254,qslstm_log,extrapolation,iid,2000052,62,7,55,55,6,0.03103669809622394,0.15858847791077418,0.03010533231423551,0.173508882522583,0.050425597139797676,0.14990342718582333,0.02856902003613274,0.15969384800304065,0.02189585945822976,0.012186886266220448,0.04002830386161804,0.1328696608543396,0.008462667465209961,0.21735540270068063,0.023682057857513428,0.14990342718582333,0.17410773038864136,0.11507711240223475,0.20737504959106445,0.13227421045303345,0.20409280061721802,0.14454364776611328,0.17174559831619263,0.21727986198883237,0.19574904441833496,0.16689292225886934,0.18660104274749756,0.1170902933393206,0.17605507373809814,0.11365624836512975,0.17606431245803833,0.15481935228620256,0.16366618871688843,0.2172624096274376,0.06223731203512712,0.15502509759231048,0.1714657669266065,0.07050728052854538,0.1876143403351307,0.0993334949016571,0.2172624096274376,0.07955865561962128,0.19852316166673387,0.0771654024720192,0.172860927347626,0.05703345313668251,0.14167465163128717,0.04341056942939758,0.12614011019468307,0.03479601442813873,0.1331431775220803,0.04232097789645195,0.10776691351618085,0.03688781335949898,0.06702202398862157,0.034901902079582214,0.04638076786484037,0.029722295701503754
88159254,qslstm_log,extrapolation,iid,2000053,62,4,58,57,4,0.0481157100819444,0.20542766970972862,0.019234625332168243,0.13868895173072815,0.10845270367820636,0.2973327860236168,0.0439545381097884,0.19908938582601218,0.015420816446605482,0.009450143410099877,0.07860035449266434,0.32822713255882263,0.2775871753692627,0.30089250952005386,0.295705646276474,0.2973327860236168,0.16045677661895752,0.2628934904932976,0.1644485592842102,0.26164476573467255,0.14810457825660706,0.2785974368453026,0.16689574718475342,0.24913790822029114,0.1721344292163849,0.20764920115470886,0.18270915746688843,0.21508492529392242,0.17184406518936157,0.21716763079166412,0.16093850135803223,0.25360438227653503,0.1922624111175537,0.1681817015632987,0.05666799968558139,0.11151370187771731,0.13670754929383597,0.06335100531578064,0.16768324468284845,0.058199893683195114,0.1681817015632987,0.04880436137318611,0.11583320237696171,0.035264089703559875,0.10135420970618725,0.03940089792013168,0.10398299153894186,0.0371268205344677,0.0859755789861083,0.035315144807100296,0.07880259864032269,0.03294184058904648,0.07653995603322983,0.040086086839437485,0.058387381955981255,0.04716199263930321,0.048295232467353344,0.033094536513090134
88159254,qslstm_log,extrapolation,iid,2000054,62,4,58,57,4,0.045725264958677424,0.17826785267360748,0.08383578904704336,0.28954410552978516,0.03925073687532965,0.1622779667377472,0.04617178413683934,0.17937060342780475,0.01742004302510044,0.013204797621696227,0.018794521689414978,0.1552230529487133,0.01706618070602417,0.15589971467852592,0.0060236454010009766,0.1622779667377472,0.2641516923904419,0.1722245216369629,0.26579922437667847,0.16190510243177414,0.2625733017921448,0.09490036219358444,0.2705554962158203,0.09569723904132843,0.268840491771698,0.14358771592378616,0.2587038278579712,0.15858782827854156,0.2890191078186035,0.15405488014221191,0.27948087453842163,0.16397427022457123,0.255950927734375,0.12187094567343593,0.06694367948662618,0.05492726618680975,0.12628034967929125,0.03457015007734299,0.11501793004572392,0.030574172735214233,0.12187094567343593,0.03016105480492115,0.07940220041200519,0.027065886184573174,0.07508733263239264,0.028379952535033226,0.08737935358658433,0.030195308849215508,0.06286631431430578,0.031338419765233994,0.07732796622440219,0.03291773423552513,0.0711377295665443,0.03340870887041092,0.04997630976140499,0.03866203501820564,0.04120722319930792,0.04077799245715141
88159254,qslstm_log,extrapolation,iid,2000055,62,3,59,59,2,0.010256769702964404,0.09485868196333608,0.0027243162260583986,0.0521949827671051,0.026101130218511532,0.1404923995335897,0.00945112425302133,0.09253832344281471,0.016468129420684555,0.013613778352737426,0.032415151596069336,0.16872745752334595,0.16872745752334595,0.10224631428718567,0.1723455786705017,0.1404923995335897,0.22187697887420654,0.1520787477493286,0.1797153353691101,0.09912608067194621,0.12984204292297363,0.10970425605773926,0.1019168496131897,0.14813029766082764,0.10331785678863525,0.17764588197072348,0.13134533166885376,0.11357277631759644,0.10895943641662598,0.12364455064137776,0.11897051334381104,0.0792899231115977,0.047945261001586914,0.2267578716079394,0.05048500216108257,0.17627286944685683,0.21715731918811798,0.21715731918811798,0.2721722349524498,0.17979462444782257,0.2267578716079394,0.11007101088762283,0.15398394068082175,0.08178266882896423,0.15356669823328653,0.09555816650390625,0.1740899756550789,0.11448707431554794,0.1616117333372434,0.08788325637578964,0.08177088076869647,0.053458962589502335,0.08371879905462265,0.04111115634441376,0.044574592262506485,0.033742938190698624,0.03593647728363673,0.032724201679229736
88159254,qslstm_log,extrapolation,iid,2000056,62,2,60,59,2,0.01756229465815684,0.12149348326267735,0.008811976775181307,0.09387212991714478,0.007437168018023854,0.08568450808525085,0.017899798879494607,0.12268711576859156,0.01807455693261098,0.014649094234813344,0.05863294005393982,0.22528091073036194,0.11865532398223877,0.24999624490737915,0.10312873125076294,0.08568450808525085,0.07592064142227173,0.027042165398597717,0.037139892578125,0.1197328269481659,0.12081032991409302,0.09930157661437988,0.09547442197799683,0.08436042070388794,0.09280019998550415,0.11721409857273102,0.11361786723136902,0.09791691601276398,0.1030336320400238,0.10941542685031891,0.11579722166061401,0.11292435228824615,0.1100514829158783,0.11615212634205818,0.058305268610517186,0.057846857731540996,0.2702440470457077,0.12392956018447876,0.15856046974658966,0.07986965775489807,0.11615212634205818,0.07001229375600815,0.11619288846850395,0.0811280682682991,0.09643200412392616,0.06893444806337357,0.06892646662890911,0.05798327550292015,0.061927931383252144,0.05384356901049614,0.05635138414800167,0.043768320232629776,0.047472357749938965,0.04110114648938179,0.03581973351538181,0.030538320541381836,0.03082175273448229,0.03110518492758274
88159254,qslstm_log,extrapolation,iid,2000057,62,2,60,59,2,0.020504025612827347,0.10165936644038846,0.0012402151918564641,0.035216689109802246,0.031061310483826987,0.14143943041563034,0.020152116117127358,0.1003333643078804,0.01905720819861202,0.008273304502169291,0.017813250422477722,0.1854708418250084,0.2831450551748276,0.17477337270975113,0.2809381037950516,0.14143943041563034,0.0362909734249115,0.13613425940275192,0.023332595825195312,0.12881358712911606,0.016383230686187744,0.12241751700639725,0.015495985746383667,0.1303153857588768,0.03156322240829468,0.16955091804265976,0.04039838910102844,0.15100393444299698,0.03085470199584961,0.14121366292238235,0.0014892220497131348,0.011299341917037964,0.007102698087692261,0.05950178578495979,0.055886973657955724,0.003614812127004069,0.051030008122324944,0.040772274136543274,0.05028220824897289,0.05196329951286316,0.05950178578495979,0.05053216218948364,0.046869222074747086,0.046443674713373184,0.04431726224720478,0.034761492162942886,0.03758283518254757,0.03691373020410538,0.04310407303273678,0.0434102825820446,0.049834953621029854,0.03546905890107155,0.045299945399165154,0.03937215730547905,0.042360616847872734,0.03275793418288231,0.03356518968939781,0.030216649174690247
88159254,qslstm_log,extrapolation,iid,2000058,62,3,59,58,3,0.0767345201993483,0.25462206229267104,0.1155232111760436,0.3398870564997196,0.0684390722660691,0.2407586850846807,0.0771563226366337,0.25532697977782304,0.01761729604211347,0.012776778502897783,0.02121121684710185,0.1862127580679953,0.32218353915959597,0.13902967826773724,0.330069144256413,0.2407586850846807,0.31345105543732643,0.2282040991509954,0.30346861854195595,0.2111537434781591,0.29133737459778786,0.23121941865732273,0.27480200305581093,0.24056533755113682,0.2857438065111637,0.2558035034065445,0.271772775799036,0.2635901647930344,0.31938285008072853,0.20711472118273377,,0.19933963799849153,,0.11783352928857009,0.0659551175342778,0.051878411754292295,0.05383702367544174,0.031470172107219696,0.17503231825927892,0.031075293198227882,0.11783352928857009,0.030814623460173607,0.11273172746102016,0.03073861449956894,0.09921946873267491,0.03125736117362976,0.07003627469142278,0.035765837877988815,0.08729265133539836,0.0356382392346859,0.05148884654045105,0.03174891322851181,0.05397729203104973,0.03193163499236107,0.061796946451067924,,0.06157820299267769,
88159254,qslstm_log,extrapolation,iid,2000059,62,4,58,57,4,0.05946156572106692,0.23504548664054564,0.03632192176225146,0.19058310985565186,0.06942951468723015,0.2497618068009615,0.058774120964779804,0.23403056800879282,0.016188748573002062,0.009044327414952792,0.049890391528606415,0.24588682502508163,0.2850355803966522,0.23264397121965885,0.2987600564956665,0.2497618068009615,0.11981353163719177,0.26195630617439747,0.10935088992118835,0.23802893795073032,0.10170674324035645,0.21538777835667133,0.10037791728973389,0.21306476183235645,0.12096601724624634,0.25826649367809296,0.160369873046875,0.24057374894618988,0.18242740631103516,0.25248099863529205,0.19685938954353333,0.2735031917691231,0.20475322008132935,0.1038270415738225,0.04814976277150985,0.05567727880231265,0.07590562601884206,0.03579399734735489,0.10414258018136024,0.0336097814142704,0.1038270415738225,0.03255067393183708,0.08312287274748087,0.03141402825713158,0.07284127082675695,0.03233824670314789,0.06211533769965172,0.03227296471595764,0.06588211003690958,0.03549235314130783,0.05743979010730982,0.032979607582092285,0.04843877861276269,0.027843447402119637,0.03966108290478587,0.025411909446120262,0.03612807672470808,0.0255732461810112
88159254,qslstm_log,extrapolation,iid,2000060,62,3,59,58,3,0.02400929378009985,0.08272845033676393,0.00011639045283118321,0.010788440704345703,0.0017583967280809059,0.03764522075653076,0.025140695325117764,0.0850208179425385,0.020132218455446178,0.012271561930256506,-0.0036204159259796143,0.1515773137410482,0.01962745189666748,0.15960034728050232,0.013180136680603027,0.03764522075653076,0.05750072002410889,0.04224965969721476,0.05314522981643677,0.04867387811342875,0.07758158445358276,0.037843445936838783,0.05418425798416138,0.037323335806528725,0.07333815097808838,0.04322264591852824,0.07386058568954468,0.024881909290949505,0.03167754411697388,0.021565576394399006,0.02410435676574707,0.0244216521581014,0.029249846935272217,0.059598587453365326,0.059244902488791336,0.00035368496457399007,0.05356796210010847,0.04947569966316223,0.04931740338603655,0.04766538366675377,0.059598587453365326,0.06762738525867462,0.05563427756230036,0.05372430756688118,0.05128495767712593,0.053837742656469345,0.053073075910409294,0.06418223679065704,0.054407899578412376,0.054142218083143234,0.06012361993392309,0.08569857478141785,0.05028740192453066,0.05367987975478172,0.03334413034220537,0.02880833111703396,0.036746647829810776,0.026146164163947105
88159254,qslstm_log,extrapolation,iid,2000061,62,5,57,56,5,0.11451377547368048,0.3262124480980058,0.06495082391522389,0.2548545151948929,0.08231712012974836,0.25963892191648485,0.11733804348630612,0.3320522310963848,0.03479534334370068,,0.034843814373016355,0.22997687608003617,0.30004891753196716,0.23445772081613542,0.2878727912902832,0.25963892191648485,0.2548545151948929,0.2749460209161043,,0.2829817272722721,,0.3530974853783846,,0.33981150574982166,,0.35390738397836685,,0.3800901969273885,,0.3208419879277547,,0.36345428228378296,,0.11228708177804947,0.10852420931322533,0.003762872464824138,0.13273920118808746,0.058920249342918396,0.11262499019503594,0.04802076518535614,0.11228708177804947,0.04687986150383949,0.11209554132074118,,0.12032274436205626,,0.10843695979565382,,0.10006499756127596,,0.11990011297166348,,0.15748775253693262,,0.12906531741221747,,0.10564864799380302,
88159254,qslstm_log,extrapolation,iid,2000062,62,3,59,58,3,0.03173693745962937,0.16944993743973394,0.03506848484989078,0.1872658133506775,0.03838282437724683,0.16472026705741882,0.03139901100619119,0.16969042915408894,0.012785476857218248,0.010124871543809479,0.03251638015111288,0.050354570150375366,0.08487927913665771,0.12857251365979513,0.05869835615158081,0.16472026705741882,0.11950713396072388,0.09954593578974406,0.14637678861618042,0.09010746081670125,0.14460235834121704,0.07608811060587566,0.18063855171203613,0.07027353843053182,0.15367001295089722,0.10663096110026042,0.15380454063415527,0.1174391508102417,0.1741119623184204,0.1671751340230306,0.16721683740615845,0.17109189430872598,0.1893852949142456,0.15200092643499374,0.04533922457593983,0.10666170185905391,0.18687374144792557,0.0716279000043869,0.20074292769034704,0.07004708796739578,0.15200092643499374,0.0678550973534584,0.11054281269510587,0.06072092428803444,0.09167651956280072,0.05768853798508644,0.07881056641538937,0.04666411504149437,0.07441530997554462,0.05658749118447304,0.06486738845705986,0.04841284081339836,0.05936065192023913,0.040179770439863205,0.046256075302759804,0.03551661968231201,0.039057426154613495,0.03441544994711876
88159254,qslstm_log,extrapolation,late,2000063,62,4,58,57,4,0.024460068028463802,0.10276626855615646,0.06791408449375069,0.26060330867767334,0.09665419486800482,0.2908140476793051,0.01948116272918511,0.08979745620283587,0.021278880144420424,0.009750151634216308,0.02610914409160614,0.1766209788620472,0.39737753570079803,0.2231618668884039,0.39763306081295013,0.2908140476793051,0.2621978521347046,0.2093767486512661,0.2559216022491455,0.19593144580721855,0.2580418586730957,0.19882060959935188,0.24261021614074707,0.21241949871182442,0.2391454577445984,0.14093759655952454,,0.10431289672851562,,0.020091712474822998,,0.03163596987724304,,0.05681906593963504,0.06761750652743824,-0.010798440587803201,0.08512026630342007,0.024374613538384438,0.06128364987671375,0.025139207020401955,0.05681906593963504,0.025505496188998222,0.05860721133649349,0.024221526458859444,0.05314760422334075,0.025769731029868126,0.043590595945715904,0.02236114628612995,0.03975528199225664,0.021739831194281578,0.05126888118684292,,0.0717504130055507,,0.0783308818936348,,0.08260326087474823,
88159254,qslstm_log,extrapolation,late,2000064,62,5,57,57,4,0.06530844932148247,0.2077084380772806,0.23370611911535466,0.4834316074848175,0.0998936901770083,0.27987295389175415,0.062274656263980196,0.20137821739180045,0.0123436382988043,0.0007574856281280518,0.011568233370780945,0.23067300021648407,0.0320834219455719,0.2297651767730713,0.027216166257858276,0.27987295389175415,0.48418909311294556,0.26003772020339966,0.4834316074848175,0.2230295091867447,,0.24220909923315048,,0.24453826993703842,,0.2481379434466362,,0.2527068480849266,,0.23499102890491486,,0.25017234683036804,,0.08430994376540184,0.04304225801637298,0.04126768574902886,0.034895786084234715,0.025997838005423546,0.03196942713111639,0.02611691690981388,0.08430994376540184,0.024260371923446655,0.06294460445642472,0.025450939312577248,0.05403595697134733,,0.052187738474458456,,0.04469241388142109,,0.03878722619265318,,0.03787378687411547,,0.03362750168889761,,0.03308815136551857,
88159254,qslstm_log,extrapolation,late,2000065,62,7,55,54,7,0.06808227681860923,0.25385522842407227,0.09981832377548017,0.31594038009643555,0.08268820053453599,0.2792277080672128,0.06622334107294582,0.250626003742218,0.014285952404693322,0.003483697772026062,0.0701761884348733,0.24227663377920786,0.2819836437702179,0.2560632526874542,0.29238784313201904,0.2792277080672128,0.3092378079891205,0.26792247380529133,0.3160727918148041,0.27705615758895874,0.31594038009643555,0.2681895395119985,,0.31250760952631634,,0.23043032983938852,,0.2653563469648361,,0.19044395287831625,,0.24684164921442667,,0.16092534363269806,0.05913015261969783,0.10179519101300022,0.13363738358020782,0.023306936025619507,0.16896936377244337,0.022890528663992882,0.16092534363269806,0.02179071307182312,0.11944833291428429,0.02149895578622818,0.10467068505074296,0.022103330120444298,0.12307383306324482,,0.13539242123564085,,0.09222093969583511,,0.09461884138484795,,0.06785391767819722,,0.054225426788131394,
88159254,qslstm_log,extrapolation,late,2000066,62,4,58,58,3,0.16822882526342386,0.37106168198008693,0.22369897304117675,0.4729682579636574,0.0849196715470485,0.23665517754852772,0.17397428414041524,0.38033109607881516,0.02282519792688304,0.03554487228393555,0.032433271408081055,0.31466912229855853,0.03482675552368164,0.3273162543773651,0.04475438594818115,0.23665517754852772,0.43742338567972183,0.3070493657141924,0.4729682579636574,0.262356162071228,,0.27098169922828674,,0.3012295067310333,,0.3189460039138794,,0.309484859307607,,0.4566749259829521,,0.4757426083087921,,0.13694625487551093,0.05476152151823044,0.08218473335728049,0.06648474372923374,0.022537318989634514,0.05920524833103021,0.023132657632231712,0.13694625487551093,0.023376917466521263,0.12260057823732495,0.022799404338002205,0.10033252400656541,,0.08237158445020516,,0.07876082758108775,,0.08229650122423966,,0.06278812885284424,,0.07333068984250228,,0.06174887344241142,
88159254,qslstm_log,extrapolation,late,2000067,62,6,56,55,6,0.06320451921185452,0.19034512833722175,0.13421290851334167,0.36635079979896545,0.09063537927376564,0.26722341558585566,0.060265498490935474,0.18210816898915386,0.024304301088506525,0.026668620109558106,0.02104152739048004,0.25211800417552394,0.3324964642524719,0.24216465434680381,0.348999947309494,0.26722341558585566,0.3578408658504486,0.28801932216932374,0.35714125633239746,0.3139462300265829,0.31315332651138306,0.30151676914344233,0.263080358505249,0.18993622561295828,0.28858131170272827,0.22972611586252847,0.28425025939941406,0.22874883313973746,0.2905675172805786,0.24003090957800546,0.36593812704086304,0.19463098049163818,,0.07680099892119567,0.06410868080066782,0.012692318120527846,0.09326819765071075,0.043065618723630905,0.07407299180825551,0.04448505863547325,0.07680099892119567,0.06092488393187523,0.06216255699594816,0.04121420904994011,0.07176420527199905,0.06910431385040283,0.06476183732350667,0.07825291901826859,0.054364828392863274,0.04358873888850212,0.05680510587990284,0.06908650696277618,0.05377358508606752,0.05135418474674225,0.06321778707206249,0.03718746080994606,0.06589316055178643,
88159254,qslstm_log,extrapolation,late,2000068,62,4,58,57,4,0.13748640651281888,0.3133222912588427,0.0001534697037222088,0.012388288974761963,0.11576829900486296,0.2565148398280144,0.13898420703060893,0.3172400465299343,0.01748494882332651,0.00891176462173462,0.05014766752719879,0.3180192783474922,0.47961515188217163,0.29620541632175446,0.4740369915962219,0.2565148398280144,0.023897230625152588,0.2500843182206154,0.01731199026107788,0.14869974553585052,0.017214834690093994,0.1769612431526184,0.017074942588806152,0.15929777175188065,0.01033174991607666,0.18298405408859253,0.0154951810836792,0.18256981670856476,0.01229250431060791,0.4514122207959493,,0.4612267812093099,,0.07504183333367109,0.04669761847190816,0.02834421486176293,0.09217446343973279,0.018855711445212364,0.08634199341759086,0.01850455440580845,0.07504183333367109,0.018584981560707092,0.08244187524542212,0.018986379727721214,0.06444157101213932,0.01873840019106865,0.06863571191206574,0.018646230921149254,0.05346315214410424,0.018610598519444466,0.047973907086998224,0.01909038983285427,0.04038756527006626,0.018251292407512665,0.03799482497076193,,0.03370354821284612,
88159254,qslstm_log,extrapolation,late,2000069,62,5,57,56,5,0.08487802414741498,0.2718643409109885,0.15026133803244002,0.38763557374477386,0.08493936566292307,0.2692487150430679,0.0848726433127213,0.27209378177659554,0.015520285815000534,0.01131562888622284,0.03142794966697693,0.23888329267501832,0.07068586349487305,0.24595046043395996,0.07737076282501221,0.2692487150430679,0.3653877228498459,0.2712889462709427,0.38571785390377045,0.2660570710897446,0.3921939581632614,0.27066777646541595,0.3806866258382797,0.28750007450580595,0.38763557374477386,0.2713877558708191,,0.18557582795619965,,0.28341520950198174,,0.23049521446228027,,0.04158022589981556,0.04921449090174416,-0.007634265001928597,0.05556789971888065,0.02108185924589634,0.04900537244975567,0.02195119671523571,0.04158022589981556,0.021633682772517204,0.04608769118785858,0.022448407486081123,0.042080935835838315,0.02353230118751526,0.04113886170089245,0.022012954577803612,0.03754994198679924,0.022391682490706444,0.040916768833994865,,0.04300490114837885,,0.030829695984721184,,0.028738554567098618,
88159254,qslstm_log,extrapolation,late,2000070,62,2,60,59,2,0.10559032330588745,0.30841041067915576,0.2659465489434132,0.5157000571489334,0.15248553699860612,0.3705954924225807,0.1040271495161302,0.3063375746210416,0.022017408730620046,0.006897813081741333,0.013467162847518921,0.2909606844186783,0.3030633330345154,0.2662319093942642,0.26606160402297974,0.3705954924225807,0.49365855753421783,0.3817441239953041,0.49818290770053864,0.39111611992120743,0.5089138299226761,0.37954796105623245,0.5078434497117996,0.3954824283719063,0.5107509046792984,0.3930667117238045,0.5204063802957535,0.40699345618486404,0.5282979160547256,0.3008936047554016,,0.28530269861221313,,0.031631301157176495,0.05346509839097659,-0.021833797233800092,0.028997215442359447,0.025771262124180794,0.0278090862557292,0.025582149624824524,0.031631301157176495,0.028645480051636696,0.03095462080091238,0.02440977282822132,0.02923534717410803,0.024636438116431236,0.026811297982931137,0.02410896308720112,0.02836768887937069,0.0236692875623703,0.027376553043723106,0.024220170453190804,0.029113889671862125,0.02541898749768734,0.02850523591041565,,0.028154827654361725,
88159254,qslstm_log,extrapolation,late,2000071,62,4,58,57,4,0.11099493671562458,0.3105297583726145,0.018595379740308005,0.1363648772239685,0.06341008873286413,0.22913602739572525,0.11427665036960806,0.3161431191296413,0.014321798818153247,0.007205871018496427,0.027405619621276855,0.2759753167629242,0.4100251793861389,0.28338494896888733,0.40655970573425293,0.22913602739572525,0.14998304843902588,0.23272716253995895,0.1581210494041443,0.23421240597963333,0.16181409358978271,0.26523884385824203,0.16338986158370972,0.20654559135437012,0.15765070915222168,0.2030460685491562,0.15068060159683228,0.2723406180739403,0.14911431074142456,0.38770870367685956,,0.3936336040496826,,0.09341351129114628,0.035363103552111266,0.05805040773903501,0.056158396725853287,0.018424419686198235,0.12548304675146937,0.018710697069764137,0.09341351129114628,0.018548384308815002,0.061528084333986044,0.01810801587998867,0.05632630968466401,0.01786774955689907,0.046869993675500154,0.018473483622074127,0.045958127826452255,0.018327834084630013,0.03555949730798602,0.018620846793055534,0.03017750196158886,0.019019274041056633,0.028562189390261967,,0.02625279190639655,
88159254,qslstm_log,extrapolation,late,2000072,62,4,58,58,3,0.05373276305605958,0.21988830691383732,0.12143227725275452,0.34847134351730347,0.06445227763459838,0.24161743372678757,0.05299348618857415,0.21838974644397868,0.014874209617746287,0.0010357499122619629,0.000743408997853597,0.1926887333393097,0.1705222725868225,0.20113258560498556,0.19401127099990845,0.24161743372678757,0.34838420152664185,0.2438386306166649,0.3473920226097107,0.2473411038517952,0.34847134351730347,0.21134729186693826,,0.21293208003044128,,0.20733768741289774,,0.23966233928998312,,0.22968335449695587,,0.1943618804216385,,0.08343040011823177,0.04492530034020029,0.03850509977803148,0.023266553257902462,0.01796257495880127,0.022642085949579876,0.017316287383437157,0.08343040011823177,0.017657451331615448,0.08098722388967872,0.017544329166412354,0.06329950084909797,0.017420051619410515,0.06619673284391563,,0.048455617701013885,,0.05725295717517535,,0.039547426626086235,,0.04108038730919361,,0.032100128941237926,
88159254,qslstm_log,extrapolation,late,2000073,62,2,60,59,2,0.07319645584238517,0.2683823094252617,0.12021942561956522,0.346726730465889,0.06931703742360018,0.24567199498414993,0.07332576978967802,0.2691393199066321,0.015294278577222662,0.0063852667808532715,0.03342057764530182,0.290273517370224,0.27950015664100647,0.23792767524719238,0.2812793552875519,0.24567199498414993,0.3403414636850357,0.24280831962823868,0.346726730465889,0.1941770315170288,,0.2488512396812439,,0.27870047092437744,,0.2433808445930481,,0.2391621470451355,,0.31719550490379333,,0.2527371048927307,,0.10475990083068609,0.05717608174309134,0.04758381908759475,0.16366550419479609,0.02486416883766651,0.14380012918263674,0.024335989728569984,0.10475990083068609,0.024848146364092827,0.0907331956550479,0.022289296612143517,0.1574263721704483,,0.137888565659523,,0.08275456726551056,,0.07743719220161438,,0.061461348086595535,,0.04701586440205574,,0.03214997053146362,
88159254,qslstm_log,extrapolation,late,2000074,62,4,58,57,4,0.11509335351909511,0.31566303704054127,0.000510086469862614,0.02258509397506714,0.10897237701122414,0.28867966309189796,0.11551548982998276,0.317523959381827,0.020767760904211747,0.00873867670694987,0.04199089854955673,0.28634675592184067,0.41179966926574707,0.31291884928941727,0.43211090564727783,0.28867966309189796,0.0139731764793396,0.2748914994299412,0.028559088706970215,0.3043830879032612,0.04422420263290405,0.29109111800789833,0.03957784175872803,0.30049094930291176,0.025394201278686523,0.28384431079030037,0.02258509397506714,0.3488972634077072,,0.3747938573360443,,0.38616113861401874,,0.061378214973956347,0.05218376839083844,0.009194446583117903,0.08387487521395087,0.019360637292265892,0.0773936896584928,0.01934509538114071,0.061378214973956347,0.01920337602496147,0.06254035141319036,0.019695086404681206,0.059570793993771076,0.019448066130280495,0.04529354255646467,0.019639911130070686,0.038994109723716974,0.01937515288591385,0.04306595865637064,0.019488228484988213,0.04641255301733812,,0.040195668737093605,,0.034705289329091706,
88159254,qslstm_log,extrapolation,late,2000075,62,7,55,54,7,0.07343975363524842,0.24358751096071735,0.2313774627409657,0.4810171127319336,0.0954967181625931,0.28195509953158243,0.07063250360449547,0.23870436332442543,0.014681461232679861,0.00659257173538208,0.04658572588648115,0.27909807364145917,0.1700001060962677,0.1869778824704034,0.15542808175086975,0.28195509953158243,0.4771451950073242,0.2985764912196568,0.48838338255882263,0.2783225987638746,0.47769951820373535,0.2759456081049783,0.48012974858283997,0.24075885542801448,0.4710026979446411,0.3168141841888428,0.48234423995018005,0.2529213527838389,,0.25436971584955853,,0.18757492303848267,,0.08006671656455312,0.03852956708181988,0.041537149482733245,0.0680612235640486,0.01909467577934265,0.09482154808938503,0.019291166216135025,0.08006671656455312,0.019151343032717705,0.07363969406911305,0.020345104858279228,0.05677240741040025,0.019600970670580864,0.05304883047938347,0.0201443899422884,0.04842696179236684,0.019230978563427925,0.045419354523931234,0.02006606198847294,0.04215491438905398,,0.03346738281349341,,0.02725516011317571,
88159254,qslstm_log,extrapolation,late,2000076,62,3,59,59,2,0.11498500177052377,0.28660061378632823,0.18272980347740658,0.42746906727552414,0.08341726372849047,0.2325324590007464,0.11659014099300005,0.2893498419957646,0.013506119534120722,0.006535794053758893,-0.0118369460105896,0.22229138016700745,0.02654099464416504,0.22840794920921326,0.04229402542114258,0.2325324590007464,0.433065764605999,0.23019963254531225,0.4294091984629631,0.2596288298567136,0.43773066252470016,0.25558173408110935,0.43756794184446335,0.25182236979405087,0.4330606386065483,0.2733612234393756,0.4364381954073906,0.2068074643611908,,0.23543265461921692,,0.219283789396286,,0.1622125661621491,0.05096511905855042,0.11124744710359868,0.019708012230694294,0.018062610179185867,0.019529281184077263,0.018837252631783485,0.1622125661621491,0.019416410475969315,0.1306268156816562,0.019214855507016182,0.1091597390671571,0.019463328644633293,0.07587011530995369,0.018710821866989136,0.06145622332890829,0.01834513433277607,0.0487810509900252,0.017892278730869293,0.05618568789213896,,0.03439862374216318,,0.046264130622148514,
88159254,qslstm_log,extrapolation,late,2000077,62,3,59,59,2,0.050479368986770336,0.21092331217181298,0.09803105649443555,0.31309911608695984,0.07737496383976072,0.2766716082890828,0.04911179636712675,0.20758017847093485,0.020981066307779087,0.0070849623945024275,0.008049041032791138,0.2379780262708664,0.23627880215644836,0.24064143002033234,0.2525518834590912,0.2766716082890828,0.31701570749282837,0.2139043907324473,0.30873480439186096,0.1893621782461802,0.31555429100990295,0.22693913181622824,0.3119772672653198,0.23888238271077475,0.3150952458381653,0.2209131916364034,0.3125621974468231,0.19630608956019083,0.29732856154441833,0.16923558712005615,,0.2534918934106827,,0.11818083624045055,0.057114705159249955,0.06106613108120059,0.03929981403052807,0.034842416644096375,0.0327729657292366,0.03357667848467827,0.11818083624045055,0.035156115889549255,0.08233849021295707,0.028681492432951927,0.07469719275832176,0.03107246570289135,0.060204471151034035,0.02650514990091324,0.049782452483971916,0.02682712860405445,0.05933128980298837,0.027934951707720757,0.04988802410662174,0.025112604722380638,0.06339526269584894,,0.04070843476802111,
88159254,qslstm_log,extrapolation,late,2000078,62,2,60,59,2,0.1606262342205327,0.3664959444093608,0.006422853426401254,0.08014270663261414,0.12968958981934361,0.2796299485489726,0.16165745570057238,0.3693914776047071,0.016098506369833218,0.01868746280670166,0.01986043155193329,0.2604399500414729,0.4494191166013479,0.27943755965679884,0.4476603027433157,0.2796299485489726,0.05270114541053772,0.3117970107123256,0.05443239212036133,0.30804054718464613,0.08415335416793823,0.2797878859564662,0.05709528923034668,0.27983230631798506,0.05115547776222229,0.478095268830657,,0.4739742036908865,,0.44735447131097317,,0.44359770976006985,,0.032300650142133236,0.03942335375274221,-0.007122703610608974,0.04945469554513693,0.017369745299220085,0.035735078155994415,0.016943778842687607,0.032300650142133236,0.01782340742647648,0.03236756566911936,0.017929865047335625,0.028099646791815758,0.01778620481491089,0.026783142238855362,0.01863214746117592,0.028783192858099937,0.018495075404644012,0.038385216146707535,,0.039093077182769775,,0.03873860090970993,,0.034631792455911636,
88159254,qslstm_log,extrapolation,late,2000079,62,4,58,58,3,0.0810535659342199,0.2568886996276917,0.08748489346615784,0.29577845335006714,0.09837577192698871,0.2900595851242542,0.07985893103816688,0.2546010523520667,0.011009459865504298,0.004422893890967736,0.007838666439056396,0.22325112919012705,0.1414080411195755,0.2300677945216497,0.12974609434604645,0.2900595851242542,0.27843958139419556,0.275479543954134,0.288051038980484,0.27324867621064186,0.2830825746059418,0.27811862900853157,0.2831762433052063,0.2806665487587452,0.2736172080039978,0.2776886932551861,0.28113168478012085,0.2690390460193157,0.28581690788269043,0.3035070076584816,0.3001442849636078,0.1826595813035965,,0.09334971336647868,0.0382992724791683,0.055050440887310384,0.02554673080643018,0.020743457600474358,0.025620676577091217,0.021310292184352875,0.09334971336647868,0.021023951470851898,0.07696799887344241,0.02095927856862545,0.054832295048981905,0.020959990099072456,0.04641785845160484,0.02095194160938263,0.03928902791813016,0.02057725377380848,0.03388603823259473,0.020957663655281067,0.03072287980467081,0.020626822486519814,0.028130140621215105,0.02119169943034649,0.02706395648419857,
88159254,qslstm_log,extrapolation,late,2000080,62,5,57,57,4,0.13371238849637046,0.3482905720030108,0.01982584829966072,0.14080429077148438,0.12708078116295937,0.3371943861246109,0.13429410843789777,0.3492639216414669,0.014586294429344043,0.006834499537944794,0.06423599272966385,0.3487370361884435,0.44692444801330566,0.35182125493884087,0.4409826993942261,0.3371943861246109,0.1421527862548828,0.35182228684425354,0.14168837666511536,0.33959794640541074,0.13570553064346313,0.3304114878177643,0.12471425533294678,0.3112895131111145,0.12868428230285645,0.28499780893325805,0.1321655511856079,0.2847724735736847,0.14080429077148438,0.3358646556735039,,0.35547786206007004,,0.12308544777333737,0.03765797510481717,0.08542747266852019,0.0981252696365118,0.024019023403525352,0.1176557713188231,0.022693747654557228,0.12308544777333737,0.02357943169772625,0.09686572849750519,0.022762946784496307,0.08036681152880192,0.023951759561896324,0.06606636010110378,0.023442303761839867,0.05870162583887577,0.023132862523198128,0.05912195965647697,0.02334490418434143,0.05639938302338123,0.02248825877904892,0.04284788342192769,,0.03581716259941459,
88159254,qslstm_log,extrapolation,late,2000081,62,3,59,58,3,0.08394878087479887,0.27680736780166626,0.1707002713485508,0.4131588935852051,0.08978563255421938,0.2807533840338389,0.08365199180635374,0.27660672290850497,0.014017162138018114,0.008267755691821758,0.02437018354733785,0.24984406928221384,0.26868870854377747,0.22857763866583505,0.2526147961616516,0.2807533840338389,0.4050717353820801,0.29985634485880536,0.39979875087738037,0.26758910218874615,0.4170340895652771,0.2862196962038676,0.41816630959510803,0.27904056509335834,0.4165560007095337,0.24811121821403503,0.40610742568969727,0.2665133873621623,0.40564996004104614,0.3129226466019948,0.401744544506073,0.26258599758148193,,0.08963812763492267,0.043337796514822266,0.0463003311201004,0.13177861211200556,0.021568426862359047,0.08520689544578393,0.021903695538640022,0.08963812763492267,0.021097667515277863,0.06574067597587903,0.02164240926504135,0.07895941411455472,0.021777331829071045,0.048400900016228356,0.022137172520160675,0.049496412898103394,0.02290520630776882,0.04274301789700985,0.02210143767297268,0.03600424279769262,0.022300735116004944,0.02894551306962967,0.022604627534747124,0.029031237587332726,
88159254,qslstm_log,extrapolation,late,2000082,62,4,58,57,4,0.05769895330106624,0.2231433564616788,0.062356472554254916,0.2497127801179886,0.07154561613987898,0.25625474750995636,0.056744011036320555,0.22085981225145274,0.016720836099825408,0.009439802169799805,0.03109615296125412,0.24869497492909431,0.16977858543395996,0.22601326182484627,0.1806303858757019,0.25625474750995636,0.23349739611148834,0.24922695755958557,0.24086536467075348,0.252817053347826,0.2488470822572708,0.2734781987965107,0.2588574141263962,0.2726968117058277,0.26235444843769073,0.2942589782178402,0.25015856325626373,0.314591359347105,0.2630642503499985,0.24518435696760812,,0.1526032785574595,,0.10168457357212901,0.0710624454799911,0.030622128092137907,0.1385160661302507,0.02901538275182247,0.13331931503489614,0.027559908106923103,0.10168457357212901,0.025892844423651695,0.1077591790817678,0.027190765365958214,0.08562209457159042,0.025727450847625732,0.10571930604055524,0.02863299287855625,0.10231235483661294,0.029976213350892067,0.09568807343021035,0.029858017340302467,0.08333015535026789,0.03303413465619087,0.11324882258971532,,0.0668281161536773,
88159254,qslstm_log,extrapolation,late,2000083,62,4,58,57,4,0.1494591539781596,0.38065130347686427,0.2242195353301355,0.4735182523727417,0.16260978667961257,0.40200005657970905,0.14855221379185254,0.3791789756766681,0.01574294086088214,0.017617595195770264,0.0668160542845726,0.3776715223987897,0.36635488271713257,0.28165951557457447,0.35915303230285645,0.40200005657970905,0.45203834772109985,0.41405502147972584,0.48403769731521606,0.3965569753199816,0.4646375775337219,0.3840023893862963,0.4874221682548523,0.3944765944033861,0.476753830909729,0.3965955798824628,,0.42194267362356186,,0.36768433824181557,,0.39550716057419777,,0.07621226273477077,0.046563148048931156,0.02964911468583962,0.02209968554476897,0.019623830914497375,0.11579445190727711,0.02031117118895054,0.07621226273477077,0.02018018253147602,0.05977946287021041,0.01994498446583748,0.046567808371037245,0.020341750234365463,0.04852095199748874,0.020480144768953323,0.05332206794992089,0.02036328800022602,0.046458733578523,,0.036083356787761055,,0.03757311590015888,,0.029782011173665524,
88159254,qslstm_log,extrapolation,late,2000084,62,5,57,56,5,0.12266132678064091,0.3242702359153378,0.13068791332324636,0.3615078330039978,0.08588409405008139,0.2694977939128876,0.12588739982718122,0.32907483609099136,0.013952260570866721,0.009189736843109132,0.06601225137710572,0.30245400220155716,0.14409828186035156,0.25481324791908266,0.1447339653968811,0.2694977939128876,0.3672529458999634,0.2930819809436798,0.3563423156738281,0.3021540820598602,0.34140604734420776,0.2933149755001068,0.34405452013015747,0.2888702809810638,0.3519543409347534,0.3330013304948807,,0.267383448779583,,0.3327226936817169,,0.3899845778942108,,0.08705624863505364,0.04738998860774333,0.03966626002731031,0.04980523278936744,0.037327323108911514,0.08951153978705406,0.032037198543548584,0.08705624863505364,0.036995187401771545,0.05933932326734066,0.03859425708651543,0.059816626086831096,0.03695550933480263,0.05278515331447124,0.037431150674819946,0.04844896085560322,0.03087790496647358,0.048910179641097784,,0.04563240613788366,,0.04413337726145983,,0.03933332301676273,
88159254,qslstm_log,extrapolation,late,2000085,62,5,57,57,4,0.15322103348292584,0.352743852733364,0.00017576139930497447,0.013257503509521484,0.07998344107300047,0.22343272473663092,0.15964538369432277,0.3640869341365862,0.03169267846826922,0.004562568664550781,0.024664856493473053,0.41394314053468406,0.41257810592651367,0.43387501570396125,0.40780895948410034,0.22343272473663092,0.028246819972991943,0.2921461394056678,0.027213990688323975,0.3396792223677039,0.01902550458908081,0.35185206439346073,0.018899202346801758,0.28296868707984685,0.00934574007987976,0.3667066234629601,,0.4265075165312737,,0.33463582396507263,,0.33344700187444687,,0.13873694837093353,0.08185221731924174,0.0568847310516918,0.09221412567421794,0.025430426001548767,0.09308747760951519,0.023540204390883446,0.13873694837093353,0.022530296817421913,0.1426349390298128,0.024562211707234383,0.1446025613695383,0.02390080690383911,0.11287430785596371,0.02579980529844761,0.11088571101427078,0.02572634257376194,0.09183557936921716,,0.09771536663174629,,0.08084919769316912,,0.06005097972229123,
88159254,qslstm_log,extrapolation,late,2000086,62,3,59,59,2,0.17167841536288225,0.32097792769632033,0.22244253799152958,0.47163814306259155,0.11184332732382292,0.2963130871454875,0.17472087746656326,0.32223207213110844,0.012363180265588275,0.004900346199671428,0.0007426142692565918,0.30961740016937256,0.017168641090393066,0.3018037676811218,0.016409993171691895,0.2963130871454875,0.4486239552497864,0.2927202681700389,0.4463166892528534,0.3222295939922333,0.4487428069114685,0.3432829777399699,0.4556560516357422,0.34877429405848187,0.4547693729400635,0.37374192476272583,0.47163814306259155,0.33248551189899445,,0.3227657824754715,,0.3204069882631302,,0.13583630323410034,0.04959812356253802,0.08623817967156233,0.026216336525976658,0.022622661665081978,0.02706504799425602,0.023875659331679344,0.13583630323410034,0.026204867288470268,0.0914286623398463,0.024846151471138,0.08583078471322854,0.026245972141623497,0.07571648185451825,0.024174241349101067,0.06000770814716816,0.025591431185603142,0.055042787144581475,0.02575957588851452,0.05229482427239418,,0.042881726287305355,,0.041921261698007584,
88159254,qslstm_log,extrapolation,late,2000087,62,2,60,60,1,0.1414648648499512,0.3743185691174961,0.13644992685188928,0.3693912923336029,0.1530847706154343,0.3907893421128392,0.14107753465776843,0.37376954335098467,0.012317234774430592,0.005540527900060018,0.01178857684135437,0.4141303841024637,0.4141303841024637,0.4185239914804697,0.4185239914804697,0.3907893421128392,0.37159401178359985,0.36195882875472307,0.37229853868484497,0.3403985323384404,0.3610617220401764,0.3388622524216771,0.3618648946285248,0.32187771517783403,0.36103904247283936,0.32577131409198046,0.3608172833919525,0.3328825505450368,0.367500901222229,0.3592816712334752,0.3621337115764618,0.39072915352880955,,0.14597824029624462,0.04154739507163564,0.10443084522460898,0.0317254364490509,0.0317254364490509,0.03201742097735405,0.03201742097735405,0.14597824029624462,0.03920593485236168,0.11075073853135109,0.03754598647356033,0.0764410262927413,0.029726458713412285,0.06953046564012766,0.03005213476717472,0.07503747474402189,0.0291913952678442,0.05624419543892145,0.029606932774186134,0.04720038082450628,0.028407862409949303,0.033425633795559406,0.02552899904549122,0.03776996582746506,
88159254,qslstm_log,extrapolation,late,2000088,62,6,56,55,6,0.07097195704688801,0.2507741629115997,0.09654023061108319,0.31070923805236816,0.07593492412048668,0.264010488986969,0.07044021057471672,0.24935598511781012,0.01763073585250161,0.01285514235496521,0.02678499122460683,0.27720629672209424,0.12853825092315674,0.30529171725114185,0.12705451250076294,0.264010488986969,0.3101937770843506,0.2884891976912816,0.30772268772125244,0.2872042457262675,0.3032757043838501,0.28614335258801776,0.3260374069213867,0.28603166341781616,0.30324769020080566,0.2705635180075963,0.33216428756713867,0.2646688421567281,0.31070923805236816,0.2254650413990021,,0.23035037517547607,,0.04666696830342213,0.03479337489365467,0.011873593409767458,0.08358603840072949,0.016786733642220497,0.0564384131381909,0.016875358298420906,0.04666696830342213,0.01653437688946724,0.04386924051990112,0.016801079735159874,0.03732618068655332,0.016839897260069847,0.03164092234025399,0.01655198447406292,0.028408277469376724,0.01589260809123516,0.025875650967160862,0.017034923657774925,0.024912783255179722,0.01656431518495083,0.02173541709780693,,0.019584181904792785,
88159254,qslstm_log,extrapolation,late,2000089,62,5,57,56,5,0.10845433329761171,0.3185533306771709,0.01701205046981702,0.13043025135993958,0.057570563549386874,0.22176006734371184,0.1129178218720174,0.3270439678116849,0.01405448466539383,0.007597059011459351,0.023306632041931154,0.26407089456915855,0.2575891613960266,0.26094780266284945,0.2700824439525604,0.22176006734371184,0.12283319234848022,0.25129752457141874,0.13043025135993958,0.24878204241394997,,0.21936728060245514,,0.23285552859306335,,0.2853861004114151,,0.3486819341778755,,0.3387959375977516,,0.3786346713701884,,0.08608360663056373,0.036584043744624706,0.04949956288593903,0.06606553914025426,0.01779782958328724,0.11736070960760117,0.017368977889418602,0.08608360663056373,0.017849469557404518,0.07529449798166751,0.017981449142098427,0.07277824822813272,,0.061549872159957886,,0.057190181221812963,,0.039568695705384016,,0.03240758366882801,,0.027029855642467737,,0.024323251098394394,
88159254,qslstm_log,extrapolation,late,2000090,62,2,60,59,2,0.09837630953929345,0.3100508518757359,0.12035895478226166,0.3469278812408447,0.13650563613823863,0.36893725395202637,0.09710533198599529,0.3080879718065262,0.013323679818945416,0.004445105791091919,0.10328507423400879,0.3298802375793457,0.3298802375793457,0.17667531967163086,0.3290324807167053,0.36893725395202637,0.34916508197784424,0.35035523772239685,0.35135501623153687,0.32094529271125793,0.3464142084121704,0.2791846692562103,0.35312187671661377,0.3104267865419388,0.349886953830719,0.3107623755931854,0.3391636610031128,0.2973136007785797,0.3469278812408447,0.29695752263069153,,0.3095936179161072,,0.11380089167505503,0.04787311082084974,0.06592778085420528,0.022146783769130707,0.022146783769130707,0.2100025536492467,0.022211099043488503,0.11380089167505503,0.02204314060509205,0.10020019579678774,0.024236077442765236,0.08118535298854113,0.02264019288122654,0.06120057683438063,0.022727040573954582,0.06980421394109726,0.024795643985271454,0.0565717713907361,0.022337855771183968,0.0522918738424778,0.02166588604450226,0.06822962313890457,,0.03530488908290863,
88159254,qslstm_log,extrapolation,late,2000091,62,5,57,57,4,0.11048911129795862,0.3139032884951561,0.21590018114776033,0.46465060114860535,0.08790974431001523,0.26367112100124357,0.1124697575249712,0.3183096189770782,0.023880913069373684,0.011184761921564737,0.012425243854522705,0.25121374800801277,0.0655779242515564,0.2735404185950756,0.08356067538261414,0.26367112100124357,0.46690160036087036,0.31082458794116974,0.4788496196269989,0.2609673798084259,0.49215251207351685,0.27205087542533873,0.49491432309150696,0.285106897354126,0.48307642340660095,0.3619241714477539,0.5042696297168732,0.3435624063014984,0.48480427265167236,0.3458624631166458,,0.33486635982990265,,0.09649282358586789,0.06752250627859642,0.028970317307271468,0.05767537606880069,0.03840893134474754,0.05377711448818445,0.03912133350968361,0.09649282358586789,0.03939318284392357,0.0697102703154087,0.04008900001645088,0.08117605894804,0.03972456231713295,0.0721887230873108,0.030102767050266266,0.06369855627417564,0.031635697931051254,0.07552671581506729,0.033643387258052826,0.06004392318427563,0.02888702042400837,0.04456843389198184,,0.04243336742122968,
88159254,qslstm_log,extrapolation,late,2000092,62,5,57,56,5,0.09032398987795116,0.28499069064855576,0.12638763302117528,0.3555103838443756,0.08986821790021504,0.2906712360680103,0.09036396987599818,0.28449239719070885,0.017203858388321742,0.009461778860825758,0.02218107581138611,0.2628904886543751,0.419519305229187,0.25481591895222666,0.37635910511016846,0.2906712360680103,0.3312435448169708,0.2946779318153858,0.3301464021205902,0.2920562751591206,0.34326598048210144,0.32193871811032293,0.328345388174057,0.290667849779129,0.3391540050506592,0.2853332102298737,0.3305894732475281,0.31270238757133484,0.3350854218006134,0.3041819930076599,0.33740338683128357,0.3100059926509857,,0.058624979481101035,0.06033838706973352,-0.0017134075886324832,0.056825320422649386,0.03486304357647896,0.05556970238685608,0.03413495421409607,0.058624979481101035,0.027955828234553337,0.05140284635126591,0.028714673593640327,0.04667299278080463,0.028879694640636444,0.046389049664139745,0.026336221024394035,0.043997180089354514,0.027035558596253395,0.04563343711197376,0.026917124167084694,0.044258317723870275,0.029170455411076546,0.03833991400897503,0.028035761788487434,0.03664523595944047,
88159254,qslstm_log,extrapolation,late,2000093,62,3,59,59,2,0.16115198646843776,0.36494179983292857,0.056598099229747456,0.23790355026721954,0.10912523708270021,0.30027465522289276,0.16379741440330578,0.3682299597283541,0.02008894995107489,0.015592475732167562,0.01700197160243988,0.2703208476305008,0.45612531900405884,0.27208422124385834,0.4753355085849762,0.30027465522289276,0.23209233582019806,0.3400172144174576,0.25325851142406464,0.3006977289915085,0.23277540504932404,0.2635648399591446,0.23790355026721954,0.2775684893131256,,0.2551821917295456,,0.24137990176677704,,0.263573095202446,,0.4678974151611328,,0.1466619043300549,0.05237013568817559,0.09429176864187933,0.03518177941441536,0.021065019071102142,0.03365172166377306,0.02152053825557232,0.1466619043300549,0.020797034725546837,0.1561784241348505,0.020963648334145546,0.12133296268681686,0.02212914265692234,0.07094701503713925,0.02217506617307663,0.09901854954659939,,0.07179294340312481,,0.07033331505954266,,0.04420756734907627,,0.03974563628435135,
88159254,qslstm_log,extrapolation,late,2000094,62,5,57,56,5,0.03850138799090846,0.13316920531853552,0.13537832439195147,0.3679379355162382,0.10409575638415221,0.2783169288188219,0.03274749602658884,0.12043694887114198,0.023304573659385954,0.030536413192749023,0.04127085208892822,0.24216583296656607,0.13597434759140015,0.22550563737750054,0.11679738759994507,0.2783169288188219,0.39847434870898724,0.2796708602458239,0.3679379355162382,0.15501014795154333,,0.22472842270508409,,0.22666012728586793,,0.1461476869881153,,0.14774729683995247,,0.1427316709111134,,0.04027596116065979,,0.12176566570997238,0.07070342163767732,0.051062244072295065,0.10968552380800248,0.04332491755485535,0.09917531311511993,0.061139944940805435,0.12176566570997238,0.08824163675308228,0.08747577369213104,0.07144654542207718,0.11537776235491037,,0.1150586623698473,,0.10108211543411016,,0.11548302695155144,,0.08942560230692227,,0.07128772015372913,,0.05053381621837616,
88159254,qslstm_log,extrapolation,late,2000095,62,1,61,60,1,0.02834507283436101,0.16046597303882723,0.1209040772298664,0.3477126359939575,0.10958221000697677,0.33103203773498535,0.027013316487268946,0.15766980804380823,0.018249945839246114,0.026765286922454834,0.03666728734970093,0.16018146276474,0.16018146276474,0.1455622911453247,0.1455622911453247,0.33103203773498535,0.33103203773498535,0.36613762378692627,0.36613762378692627,0.3477126359939575,0.3477126359939575,,,,,,,,,,,,,0.022727683186531067,0.0498229726294025,-0.027095289442871436,0.023908264935016632,0.023908264935016632,0.02281344123184681,0.02281344123184681,0.022727683186531067,0.022727683186531067,0.02346271276473999,0.02346271276473999,0.023277103900909424,0.023277103900909424,,,,,,,,,,,,
88159254,qslstm_log,extrapolation,late,2000096,62,8,54,54,7,0.10949070581694723,0.32221183439175927,0.1434693722232261,0.3787735104560852,0.1167352972173144,0.3003590872976929,0.10841743301689283,0.32544927840569504,0.009565353393554688,0.009530115127563476,0.037312720503125875,0.37732755871755735,0.3249356597661972,0.2913232895412615,0.3174816817045212,0.3003590872976929,0.3731215000152588,0.31682917405851185,0.375535786151886,0.24140930268913507,0.368009090423584,0.30978274904191494,0.3849138617515564,0.2677970062941313,0.3714412748813629,0.31094691689525333,,0.31460782140493393,,0.3178411690252168,,0.27935351324932917,,0.15953033207915723,0.03456124935851053,0.1249690827206467,0.1729580374168498,0.021342605352401733,0.15155364493174212,0.020024796947836876,0.15953033207915723,0.01973646506667137,0.14166873297654092,0.019945966079831123,0.1123605570755899,0.020482465624809265,0.10364220710471272,0.021528102457523346,0.072929976740852,0.020703637972474098,0.06231492731188025,,0.04632574160184179,,0.03424717379467828,,0.025485302986843244,
88159254,qslstm_log,extrapolation,late,2000097,62,5,57,57,4,0.06409583457439744,0.2476396906760431,0.08874705937619098,0.29790444672107697,0.063420460418422,0.2482808843255043,0.06415507792141284,0.24758344561907283,0.019212813230983,0.007170327007770538,0.010879240930080414,0.23489454947412014,0.294617235660553,0.29173113964498043,0.29890701174736023,0.2482808843255043,0.27467481791973114,0.2822955384850502,0.2828291207551956,0.23721084296703338,0.28833915293216705,0.21626225411891936,0.2856133133172989,0.21099952161312102,0.29790444672107697,0.1967771127820015,,0.21994341164827347,,0.25674375146627426,,0.24278197437524796,,0.10449100770056248,0.04882758963657053,0.05566341806399195,0.0859272531233728,0.02491624839603901,0.08983554132282734,0.025965549051761627,0.10449100770056248,0.025349123403429985,0.10634232163429261,0.023259731009602547,0.08463767878711223,0.023878395557403564,0.09004977270960808,0.02501068450510502,0.07366352416574955,0.02523631416261196,0.06949147442355752,,0.05136056849732995,,0.042580684181302786,,0.03642625594511628,
88159254,qslstm_log,extrapolation,late,2000098,62,4,58,57,4,0.08616130169682899,0.2878270432833702,0.12424325988270457,0.35248157382011414,0.07154399417278023,0.25990718603134155,0.08716939187090132,0.2897525506800619,0.012922291170086777,0.013295737902323405,0.0034356117248535156,0.2574629882971446,0.2945215106010437,0.2343071550130844,0.28266263008117676,0.25990718603134155,0.3411894738674164,0.27657975256443024,0.3384966552257538,0.27205243706703186,0.34335824847221375,0.26346978545188904,0.3420136868953705,0.2712821215391159,0.36588212847709656,0.26478487253189087,0.3461860120296478,0.3076769784092903,0.35924211144447327,0.3058025762438774,0.35228779911994934,0.28532278537750244,,0.10757088288664818,0.04310108101445025,0.06446980187219792,0.025213583062092464,0.022327246144413948,0.12231054902076721,0.022174471989274025,0.10757088288664818,0.02259664796292782,0.07971593085676432,0.02180514484643936,0.05790716549381614,0.021553494036197662,0.04441035911440849,0.021125642582774162,0.039504311978816986,0.021709047257900238,0.03329217853024602,0.02179042249917984,0.03038705512881279,0.02157851867377758,0.026108637917786837,0.020912112668156624,0.0242461742212375,
88159254,qslstm_log,extrapolation,late,2000099,62,5,57,56,5,0.08753158164781759,0.28222506974012623,0.11627434741857101,0.34099024534225464,0.09745667559384263,0.293320831656456,0.08666095937185048,0.28125175729132534,0.017909935542515347,0.010991888386862618,0.03250032663345337,0.3100309818983078,0.23763740062713623,0.29431684911251066,0.23672282695770264,0.293320831656456,0.328774631023407,0.31247574985027315,0.35654914379119873,0.3294647544622421,0.3739648461341858,0.34074895083904266,0.35757535696029663,0.25878462493419646,0.35913407802581787,0.25621677339077,0.3501378297805786,0.24560521841049193,0.33312302827835083,0.2788548916578293,0.348746657371521,0.2863839343190193,,0.061532766371965406,0.048782633388774435,0.01275013298319097,0.08674526698887348,0.023039789870381355,0.06635364666581153,0.02205437235534191,0.061532766371965406,0.02117232233285904,0.05440498441457749,0.021466799080371857,0.04829212985932827,0.0220059622079134,0.04876893311738968,0.0215320885181427,0.04299301318824291,0.021489255130290985,0.03449392095208168,0.02010279893875122,0.03139563463628292,0.020683519542217255,0.028082054853439332,0.020549731329083443,0.029852510429918766,
88159254,qslstm_log,extrapolation,late,2000100,62,4,58,57,4,0.09580432542079709,0.2961608680986589,0.053801687289487754,0.23195190727710724,0.08760828960568429,0.28702009096741676,0.09636956927011521,0.29679126652150317,0.018778398371579356,0.007795610211112283,0.024874858558177948,0.24943456053733826,0.3689418435096741,0.27832529693841934,0.3473133444786072,0.28702009096741676,0.22232355177402496,0.3121875263750553,0.2257479578256607,0.3308936171233654,0.23040516674518585,0.3175131492316723,0.23357583582401276,0.31321608647704124,0.2401256412267685,0.2945328392088413,0.23114784061908722,0.30335550382733345,0.2247285395860672,0.25760675470034283,,0.2780517637729645,,0.06600670609623194,0.04535341510099584,0.0206532909952361,0.10668791923671961,0.02820972353219986,0.08209572080522776,0.025699548423290253,0.06600670609623194,0.02617841400206089,0.055112472269684076,0.023857390508055687,0.04826740454882383,0.024188004434108734,0.049731748178601265,0.022945990785956383,0.041448155883699656,0.02252226136624813,0.0379852969199419,0.02438928373157978,0.035038750153034925,0.025936365127563477,0.03548679376641909,,0.03039995642999808,
88159254,qslstm_log,extrapolation,late,2000101,62,7,55,55,6,0.127848083728407,0.29949669780269744,5.602927446091144e-05,0.0074852705001831055,0.10119547269323638,0.2514502448695047,0.13124023422379236,0.30561170090328565,0.012823200767690486,0.010128331184387208,0.045768365263938904,0.35711275339126586,0.4364362359046936,0.3207741677761078,0.4402974545955658,0.2514502448695047,0.019879400730133057,0.3268974551132747,0.019213110208511353,0.3354472645691463,0.033019304275512695,0.3447015583515167,0.02750876545906067,0.3502329502786909,0.03479790687561035,0.3454538200582777,0.027262717485427856,0.23253505996295384,0.008748948574066162,0.24232312043507895,,0.324724813302358,,0.09596297490809645,0.03217712024396116,0.06378585466413529,0.03642856292426586,0.0170996505767107,0.0702227766936024,0.016472307965159416,0.09596297490809645,0.017065538093447685,0.08040429279208183,0.017292967066168785,0.06260041653045587,0.01675787754356861,0.05371541157364845,0.01708112470805645,0.04666046824838434,0.016817891970276833,0.03875165060162544,0.016924304887652397,0.031049574060099467,0.017160644754767418,0.02519107765207688,,0.021321245469152927,
88159254,qslstm_log,extrapolation,late,2000102,62,4,58,57,4,0.0843723575503955,0.2004770040512085,0.25013669213010203,0.50013667345047,0.075444695191095,0.20587890036404133,0.08498805840276105,0.20010445947790967,0.01871021640928168,0.011213936976024083,0.03174073249101639,0.1611992542942365,0.005631625652313232,0.1991890911012888,0.00873515009880066,0.20587890036404133,0.46418291330337524,0.21320831961929798,0.4719005823135376,0.25377900525927544,0.4617081880569458,0.2741282768547535,0.47190433740615845,0.277020376175642,0.4869982898235321,0.31934573128819466,0.46480584144592285,0.3287278451025486,0.4784918427467346,0.23687097616493702,0.5083113312721252,0.020716657241185505,,0.1255264077335596,0.054026970382908296,0.07149943735065131,0.11645531592269738,0.023423997685313225,0.18352947710081935,0.02270898036658764,0.1255264077335596,0.022048309445381165,0.12886057468131185,0.022002385929226875,0.09378104424104095,0.02222548983991146,0.09060336276888847,0.023990005254745483,0.07140551088377833,0.021762525662779808,0.06968303257599473,0.022172698751091957,0.05765191977843642,0.026153506711125374,0.043460721615701914,0.026376307010650635,0.052322737872600555,
88159254,qslstm_log,extrapolation,late,2000103,62,5,57,57,4,0.1196718417939921,0.3132807637654966,0.0366667972770216,0.19148576259613037,0.06953023542596456,0.22480668276548385,0.12407022831750329,0.3210416480637433,0.02845603123045804,0.00995982438325882,0.02706196904182434,0.2923117559403181,0.3637366518378258,0.30117312632501125,0.3619527742266655,0.22480668276548385,0.23132506012916565,0.24183527678251265,0.23018276691436768,0.27211363762617113,0.21268722414970398,0.2677888318896294,0.19657933712005615,0.289415667951107,0.19148576259613037,0.3860532846301794,,0.33613034151494503,,0.29964546486735344,,0.2176506631076336,,0.11791297942399978,0.07332827654062656,0.044584702883373226,0.09430181048810482,0.044199537485837936,0.0929699745029211,0.06527349352836609,0.11791297942399978,0.04640454053878784,0.0919877126812935,0.04143235459923744,0.08865524679422379,0.03793604299426079,0.08352309837937355,0.03939752280712128,0.06858590841293336,0.039093684405088425,0.07985464949160814,,0.06548072397708893,,0.0762334493920207,,0.07227280642837286,
88159254,qslstm_log,extrapolation,late,2000104,62,7,55,55,6,0.1837317682651628,0.4206105399756662,0.17731134115215458,0.4210835322737694,0.10495426560983456,0.3028987944126129,0.19375799587584097,0.4355920348655094,0.016813927347009833,0.013703182339668274,0.041772628823916115,0.26083602458238603,0.438743531703949,0.2681273929774761,0.4417398273944855,0.3028987944126129,0.417815200984478,0.2810938368950571,0.4057461842894554,0.3427929048027311,0.4210835322737694,0.3587060210605462,,0.3789053410291672,,0.4423595555126667,,0.4289384571214517,,0.4020921674867471,,0.436181681851546,,0.13941032226596559,0.04607945480807261,0.09333086745789299,0.1258455589413643,0.03719242289662361,0.13964288122951984,0.03289957717061043,0.13941032226596559,0.03986194729804993,0.10516758954950742,0.03160933032631874,0.09666433557868004,0.03187399357557297,0.09757231703648965,,0.08765082247555256,,0.08306694372246663,,0.086965957035621,,0.07175909355282784,,0.04223760558913151,
88159254,qslstm_log,extrapolation,late,2000105,62,8,54,54,7,0.056764689820098,0.1562376267712323,0.19779106744444164,0.4447370767593384,0.0856473510686557,0.2490161121240817,0.0524857770425339,0.14249266597821755,0.017286512586805556,0.00720687210559845,0.038991957902908325,0.2902590866821508,0.031784385442733765,0.22829071798228792,0.030001729726791382,0.2490161121240817,0.48675960302352905,0.31539374630665407,0.4775182604789734,0.3350650266511366,0.47932520508766174,0.2650189575506374,0.465421199798584,0.20634199015330523,0.4613109230995178,0.24439330893801525,0.449643611907959,0.2437266082270071,0.4447370767593384,0.12427801745278495,,0.014854639768600464,,0.15159323904663324,0.05396183235225854,0.0976314066943747,0.1487643327564001,0.036498937755823135,0.140562433217253,0.03689957037568092,0.15159323904663324,0.037647683173418045,0.13811711547896266,0.03644764795899391,0.132868189830333,0.03940955176949501,0.10687317978590727,0.03637945279479027,0.0951904128305614,0.03254783898591995,0.0672061238437891,0.03461621701717377,0.06001554848626256,0.04500588774681091,0.0468279378754752,,0.03888601543647902,
88159254,qslstm_log,extrapolation,late,2000106,62,5,57,57,4,0.1294131757333435,0.29449413548554143,0.06974271040704494,0.2640884518623352,0.14048717896692828,0.31239680498838424,0.12844177194092374,0.2929237258800289,0.021105484481443438,0.007596100370089213,0.05247870832681656,0.24876319989562035,0.4859713912010193,0.32002569548785686,0.4761649966239929,0.31239680498838424,0.23685267567634583,0.2006005272269249,0.2343299388885498,0.29617645144462584,0.2514212727546692,0.1773851752281189,0.24477359652519226,0.18014469742774963,0.25785893201828003,0.1872545897960663,0.2640884518623352,0.1653759926557541,,0.13624925166368484,,0.15029758214950562,,0.1536509208381176,0.06700443731326806,0.08664648352484954,0.1788320941850543,0.05925584211945534,0.1326072635129094,0.043308284133672714,0.1536509208381176,0.044177740812301636,0.11713183149695397,0.03798545524477959,0.10011893436312676,0.04247034713625908,0.0901507169008255,0.041823964565992355,0.08648987039923668,0.05084806680679321,0.07655025720596313,0.03645053878426552,0.07347004022449255,,0.07635337673127651,,0.06090211868286133,
88159254,qslstm_log,extrapolation,late,2000107,62,6,56,56,5,0.16977359322412672,0.3986649885773659,0.2524430841912997,0.5024371445178986,0.12630603949263608,0.329190065463384,0.1744308311239293,0.4061087303395782,0.015324711267437254,0.00995088978247209,0.050601840019226074,0.2971376031637192,0.3498731404542923,0.2902398228645325,0.3424770385026932,0.329190065463384,0.4838768243789673,0.2857201620936394,0.49577099084854126,0.3053770139813423,0.4976055920124054,0.37431451429923374,0.4764282703399658,0.4569266363978386,0.49284690618515015,0.4858194167415301,0.48170459270477295,0.5071772262454033,0.4994663894176483,0.4729715496301651,,0.3947514146566391,,0.1363174713527163,0.037369055241080265,0.09894841611163603,0.1252935202792287,0.03248617425560951,0.1348818615078926,0.02865104377269745,0.1363174713527163,0.03002871759235859,0.10387435710678498,0.027559278532862663,0.08247847544650237,0.03191521763801575,0.07032526625941198,0.027578501030802727,0.06483096318940322,0.02739950269460678,0.05450856499373913,0.027749881148338318,0.05065762996673584,0.02838245965540409,0.04259112030267716,,0.03335023820400238,
88159254,qslstm_log,extrapolation,late,2000108,62,4,58,57,4,0.07037129240244454,0.18924244901826304,0.1366407305621955,0.3696494698524475,0.09605894480060734,0.2690621130168438,0.06859973016808849,0.18373764460456782,0.01932029138531601,0.013830631971359253,0.06641823053359985,0.24655995269616446,0.019860029220581055,0.18881930783391,0.0021007657051086426,0.2690621130168438,0.38959693908691406,0.2654448561370373,0.391890287399292,0.2858201526105404,0.38896143436431885,0.27722330018877983,0.40322136878967285,0.26481812819838524,0.38183146715164185,0.30027366429567337,0.3769845962524414,0.3520934656262398,0.38320231437683105,0.1495924343665441,,0.1587874044974645,,0.0901122591458261,0.05194516235898281,0.03816709678684329,0.0527354267736276,0.02228415012359619,0.11639234609901905,0.02402564138174057,0.0901122591458261,0.02299570105969906,0.090865524020046,0.025127580389380455,0.08628762559965253,0.025267528370022774,0.07727644359692931,0.023253491148352623,0.06455508153885603,0.023888133466243744,0.05938399489969015,0.02637266367673874,0.061913212295621634,0.02520059235394001,0.051944990952809654,,0.03786736913025379,
88159254,qslstm_log,extrapolation,late,2000109,62,11,51,51,10,0.12174740773525629,0.3215561741061749,0.16995499925020163,0.41225598752498627,0.09768525370285804,0.27061115950345993,0.12693728409518534,0.33254431451068206,0.016727680669111365,0.016360044479370117,0.04693181812763214,0.27176159537500805,0.004254341125488281,0.2711930476129055,0.006849169731140137,0.27061115950345993,0.394045814871788,0.25749877569350327,0.429690346121788,0.304402579638091,0.40664319694042206,0.32044353877956216,0.42055581510066986,0.3028933981602842,0.4206017106771469,0.2627697458321398,0.4154351204633713,0.26377296989614313,0.39641420543193817,0.3128770858049393,,0.2825852558016777,,0.09455620040270415,0.030292304780553368,0.06426389562215079,0.08939371982382403,0.020355289801955223,0.09146374259144067,0.020809488371014595,0.09455620040270415,0.02161930315196514,0.07578775303607638,0.02106872759759426,0.0676330512558872,0.022231632843613625,0.062237189574675125,0.020853394642472267,0.055034695023840126,0.02174340933561325,0.0411877842112021,0.021562406793236732,0.032678879966790024,0.021100720390677452,0.026135995984077454,,0.024526124199231465,
88159254,qslstm_log,extrapolation,late,2000110,62,4,58,57,4,0.09756594185712138,0.30071830989853027,0.2033673769055646,0.45096272230148315,0.11812607179022452,0.32504578959196806,0.09614800186173494,0.2990405526782932,0.016142770386578745,0.006087442239125569,0.03918928653001785,0.2684971345588565,0.1480216383934021,0.2208734480664134,0.1470809280872345,0.32504578959196806,0.43794554471969604,0.31113222520798445,0.4445396959781647,0.30582242738455534,0.45296210050582886,0.31277825962752104,0.4412083625793457,0.32921921741217375,0.44126033782958984,0.31317983102053404,0.45096272230148315,0.3353690306345622,,0.3402872085571289,,0.27883654832839966,,0.0667646937072277,0.054004625995354404,0.012760067711873303,0.15738395228981972,0.02168462611734867,0.12243558978661895,0.022780774161219597,0.0667646937072277,0.022766748443245888,0.08066078741103411,0.02354981191456318,0.058986577205359936,0.022993482649326324,0.054863793309777975,0.023105472326278687,0.051066293846815825,0.02643744647502899,0.03961704531684518,0.02615836262702942,0.035631335650881134,,0.032335205003619194,,0.03199660964310169,
88159254,qslstm_log,extrapolation,late,2000111,62,7,55,54,7,0.08782657761263972,0.2451418295743004,0.01859175483787112,0.1363515853881836,0.09900708315170517,0.2811868116259575,0.08640360418039504,0.2405542864040895,0.017991745361575374,0.006823386137302105,0.021907806396484375,0.2828505092433521,0.31533540040254593,0.3039648373212133,0.3056010976433754,0.2811868116259575,0.12941107153892517,0.27471221131937845,0.12941604852676392,0.3048421378646578,0.13273417949676514,0.2980919118438448,0.11897397041320801,0.2890652269124985,0.11146518588066101,0.2843674570322037,0.11460864543914795,0.2284692312989916,0.1306670904159546,0.15524334673370635,0.13675600290298462,0.20328185086448988,,0.04600465696837221,0.043901654603806406,0.002103002364565801,0.07109278200992517,0.025752076879143715,0.05560576942350183,0.025645263493061066,0.04600465696837221,0.024005694314837456,0.04275704787245819,0.024433748796582222,0.038815585364188464,0.023886242881417274,0.0380887184292078,0.022635968402028084,0.035698450569595606,0.022157952189445496,0.0314118643956525,0.020981445908546448,0.030814931860991886,0.021161653101444244,0.02755621980343546,0.02011816017329693,0.025433192650477093,
88159254,qslstm_log,extrapolation,late,2000112,62,4,58,57,4,0.08496767744980482,0.28225527751830315,0.021920808721561436,0.1480567753314972,0.07706571062586655,0.2652533259242773,0.08551264067904195,0.28342782590409804,0.013614375863158912,0.015316917137666182,0.04851995408535004,0.30550401161114377,0.3108118772506714,0.3008206821978092,0.3257801830768585,0.2652533259242773,0.12389880418777466,0.274411303922534,0.1418931484222412,0.29592174105346203,0.1584446132183075,0.28790986351668835,0.13165345788002014,0.28323973529040813,0.12932074069976807,0.2846367787569761,0.15088751912117004,0.2782304957509041,0.1559371054172516,0.3068690001964569,,0.3205394645531972,,0.059586857445538044,0.033462041667823135,0.02612481577771491,0.02155763717989127,0.018287109211087227,0.08888848917558789,0.01862318255007267,0.059586857445538044,0.017939822748303413,0.047607194166630507,0.018003610894083977,0.041357218753546476,0.017883654683828354,0.0357794426381588,0.018648535013198853,0.03137710317969322,0.01922772452235222,0.027733572758734226,0.019177675247192383,0.024461987428367138,0.019906533882021904,0.02424303690592448,,0.020810977245370548,
88159254,qslstm_log,extrapolation,late,2000113,62,3,59,58,3,0.11933208286559106,0.3212191337238877,0.01854644901911584,0.13618534803390503,0.08198834991446675,0.25921091592560214,0.12123091674446178,0.32437209395091915,0.01972948836869207,0.006145949165026347,0.024311373631159466,0.3331165825948119,0.41259581316262484,0.3285667911792795,0.42608619201928377,0.25921091592560214,0.10783064365386963,0.27244873996824026,0.10978055000305176,0.26640973643710214,0.10941576957702637,0.2912867000947396,0.11686283349990845,0.2819459767391284,0.12212872505187988,0.2758252254376809,0.13351571559906006,0.2752689154197772,0.120208740234375,0.3352964849521716,0.13618534803390503,0.46688436437398195,,0.054370926693081856,0.05294133334467977,0.0014295933484020848,0.06401040591299534,0.028967207297682762,0.0557707796494166,0.030004337430000305,0.054370926693081856,0.027549607679247856,0.05242927807072798,0.027167009189724922,0.0472117035339276,0.02695186622440815,0.04717119721074899,0.02640601433813572,0.04659984757502874,0.02758888155221939,0.044008961568276085,0.026956163346767426,0.04349952253202597,0.028531787917017937,0.03453484425942103,0.030012652277946472,0.02993599697947502,
88159254,qslstm_log,extrapolation,late,2000114,62,4,58,57,4,0.09529571611921087,0.22883871985569357,0.2602462573797846,0.510143369436264,0.09387943813202754,0.23008530645165592,0.09539339046315452,0.22875274836631684,0.016803067504313953,0.007169698675473531,0.01928819715976715,0.21526183898095042,0.012301355600357056,0.2669026550138369,0.03302988409996033,0.23008530645165592,0.5037670135498047,0.2449372640112415,0.5097002983093262,0.26243897585663944,0.5072540938854218,0.2728298908332363,0.5073823630809784,0.2788270494202152,0.5260180830955505,0.31760285166092217,0.510143369436264,0.27855543450762826,,0.2906227922067046,,0.2879602924610178,,0.055992627050727606,0.042715763897988306,0.0132768631527393,0.11778270127251744,0.01853562332689762,0.08008740795776248,0.01828136295080185,0.055992627050727606,0.017891213297843933,0.0560293048620224,0.01943976990878582,0.04866435332223773,0.019038284197449684,0.043703535571694374,0.01811099238693714,0.0386220277287066,0.018652161583304405,0.03138531185686588,0.018188396468758583,0.036916290099422135,,0.03986742409567038,,0.03261305391788483,
88159254,qslstm_log,extrapolation,late,2000115,62,5,57,57,4,0.10517715080863986,0.3156585697565348,0.08245253553697296,0.2871454954147339,0.11339840691643448,0.3246427386067808,0.10445598799216664,0.3148704847696711,0.020070672035217285,0.008754125008216271,0.013474911451339722,0.32313276443164796,0.28642478585243225,0.33662011835258454,0.2952621877193451,0.3246427386067808,0.3011065721511841,0.29309532335028055,0.2886105179786682,0.31278709461912513,0.28895092010498047,0.343966808822006,0.2967095375061035,0.32745893886312843,0.3083074688911438,0.33015944650396706,0.3034554123878479,0.34055673172697426,0.30741700530052185,0.3415541796945035,0.2869066596031189,0.30169911682605743,,0.1018185332417488,0.042172062488501534,0.05964647075324727,0.04842248233035207,0.025075161829590797,0.04416277026757598,0.024366773664951324,0.1018185332417488,0.024229826405644417,0.08061608895659447,0.02389051578938961,0.06468145251274109,0.023067377507686615,0.05181634128093719,0.02498459815979004,0.05280912071466446,0.02396181784570217,0.04193638861179352,0.024548174813389778,0.03968630097806454,0.024202927947044373,0.03420792818069458,0.024605868384242058,0.029699457343667746,
88159254,qslstm_log,extrapolation,late,2000116,62,6,56,56,5,0.07178165746402362,0.256581909233524,0.11549631658943427,0.33984749019145966,0.07604275806238862,0.2725100740790367,0.07132511097134167,0.2548753201429333,0.013284252690417426,0.009431238969167073,0.036434668302536014,0.2248818501830101,0.2028455138206482,0.24452091455459596,0.21049541234970093,0.2725100740790367,0.3220094293355942,0.2627934291958809,0.33578817546367645,0.23101819306612015,0.3580198734998703,0.21661638468503952,0.3489057272672653,0.20454534143209457,0.33506445586681366,0.200120247900486,0.3484598845243454,0.2431765670577685,0.3246310204267502,0.28271226833264035,0.3482543081045151,0.24425231218338012,,0.12206090645243724,0.03918863137784813,0.08287227507458911,0.041115646716207266,0.02345472015440464,0.109573332965374,0.02317686378955841,0.12206090645243724,0.022777920588850975,0.08368953503668308,0.022965572774410248,0.07168243670215209,0.02460993081331253,0.06084426616628965,0.02531764842569828,0.053139522671699524,0.023829005658626556,0.04490468309571346,0.026976892724633217,0.04130994683752457,0.02515477128326893,0.03552542471637329,0.030645353719592094,0.030991894379258155,
88159254,qslstm_log,extrapolation,late,2000117,62,12,50,50,11,0.10014104230236234,0.2986867627309215,0.3289128553747114,0.5735092461109161,0.10006169019253741,0.288927860558033,0.10016008680872034,0.3010288992524147,0.015045538544654846,0.004193931818008423,0.03760385784235867,0.2728060245513916,0.392122782766819,0.2489294491030953,0.381625272333622,0.288927860558033,0.5629100203514099,0.3138791186114152,0.5715904533863068,0.337856808056434,0.5705991685390472,0.3419348287085692,0.5735092461109161,0.3401955169710246,,0.309131075035442,,0.2836925178766251,,0.2747355289757252,,0.26444130167365076,,0.10166914109140635,0.056500856801867484,0.04516828428953886,0.0912701066583395,0.0419900007545948,0.10025423138656399,0.0480467863380909,0.10166914109140635,0.031147772446274757,0.08226239122450352,0.029876433312892914,0.0721040287365516,0.02594352513551712,0.06542173121124506,0.030886804684996605,0.06491365300660784,,0.0669060694900426,,0.0653247892856598,,0.06533032394945622,,0.05614388100802899,
88159254,qslstm_log,extrapolation,late,2000118,62,3,59,58,3,0.06190980690954164,0.23854374789422558,0.16873348561594614,0.41077181696891785,0.08323374135201582,0.27177418271700543,0.06082553905653448,0.23685406476764356,0.017939797249333613,0.020718926191329957,0.0480843186378479,0.18967231114705405,0.223892480134964,0.24618839224179587,0.22958382964134216,0.27177418271700543,0.40029770135879517,0.30653083324432373,0.40844762325286865,0.3241092363993327,0.3923722505569458,0.2514876226584117,0.4275323450565338,0.25082215666770935,0.3970474600791931,0.18134787678718567,,0.2042355239391327,,0.229350283741951,,0.2321913242340088,,0.0973537527024746,0.04676284205357907,0.050590910648895523,0.17232419985036054,0.017752213403582573,0.11144279626508553,0.01758616976439953,0.0973537527024746,0.017797138541936874,0.10518597004314263,0.018205730244517326,0.06264588423073292,0.017107641324400902,0.053719078501065574,0.01740824431180954,0.060572282721598945,0.01778453215956688,0.05643461085855961,,0.05078965611755848,,0.03173541743308306,,0.025706438347697258,
88159254,qslstm_log,extrapolation,late,2000119,62,4,58,58,3,0.10192661513975436,0.307701239903127,0.05566847555222498,0.23594167828559875,0.05596848254720367,0.22065834514796734,0.10509614152544752,0.31370419816210354,0.019792889726573025,0.01022957478250776,0.012552430232365927,0.23334676772356033,0.3188115656375885,0.24377436190843582,0.32642248272895813,0.22065834514796734,0.23812949657440186,0.2142800372093916,0.26038843393325806,0.19348287396132946,0.24785655736923218,0.2010239940136671,0.25935155153274536,0.28906559757888317,0.2603072226047516,0.3111473526805639,0.23660695552825928,0.3558889801303546,,0.36553628991047543,,0.3537729854385058,,0.1263245497830212,0.058062961036018254,0.06826158874700296,0.059101890151699386,0.030988944694399834,0.0529040073355039,0.026660829782485962,0.1263245497830212,0.024989860132336617,0.08018788183107972,0.02576051466166973,0.07483039610087872,0.025268830358982086,0.06770901707932353,0.02460792101919651,0.08122119819745421,0.02413742057979107,0.06315133441239595,0.028250761330127716,0.07038447509209315,,0.054027253141005836,,0.05826275795698166,
88159254,qslstm_log,extrapolation,late,2000120,62,6,56,56,5,0.12036412533023527,0.333996563128406,0.18999995272510262,0.4358898401260376,0.1064860744113011,0.3011396198223035,0.12185105935726392,0.3375169499112027,0.013135261301483427,0.008855772018432618,0.04184068441390991,0.2740502081811428,0.19926923513412476,0.27019293531775473,0.21223336458206177,0.3011396198223035,0.4531984329223633,0.28518967020014924,0.4487364888191223,0.34216940092543763,0.4458041191101074,0.3384299296885729,0.43559473752975464,0.33900626190006733,0.43402719497680664,0.32466925370196503,0.4366130232810974,0.3592224506040414,0.44576871395111084,0.363399475812912,0.4511556029319763,0.3377421975135803,,0.10444504270950954,0.04337335141774799,0.06107169129176154,0.10203858017921448,0.022886691614985466,0.09195875599980355,0.022438721731305122,0.10444504270950954,0.024185411632061005,0.09972571053852637,0.024545373395085335,0.08279672047744195,0.025746740400791168,0.07728142167131107,0.025929464027285576,0.06987600028514862,0.02399209700524807,0.06435178065051635,0.02268606424331665,0.05273337662220001,0.024027595296502113,0.037888260247806706,0.021773574873805046,0.03263208381831646,
88159254,qslstm_log,extrapolation,late,2000121,62,4,58,58,3,0.155781359765817,0.3521026598830377,0.0009715063919237821,0.031168997287750244,0.15576281051723267,0.34702298417687416,0.15578263902434014,0.35245298234553174,0.014470243248446235,0.0054822613795598345,0.027304420868555706,0.3809468100468318,0.4818399250507355,0.3679356823364894,0.483844131231308,0.34702298417687416,0.029150307178497314,0.35645777359604836,0.03342777490615845,0.33864031359553337,0.02352207899093628,0.3318783827126026,0.0397031307220459,0.295598391443491,0.028255879878997803,0.28707215562462807,0.02417716383934021,0.27757761999964714,0.023433297872543335,0.3452628068625927,0.031168997287750244,0.4328364779551824,,0.15563177596777678,0.046505086862578475,0.1091266891051983,0.04775656697650751,0.0216157678514719,0.048710603887836136,0.02086307667195797,0.15563177596777678,0.021028153598308563,0.09742989065125585,0.02086787484586239,0.07971667917445302,0.021036440506577492,0.059975345619022846,0.02129659801721573,0.057244997937232256,0.02116032876074314,0.05003918381407857,0.02190537191927433,0.04659886658191681,0.025213345885276794,0.03809099504724145,0.03134997561573982,0.038662477706869446,
88159254,qslstm_log,extrapolation,late,2000122,62,4,58,58,3,0.06692178842106024,0.1440020965322131,0.17075691628191692,0.4132274389266968,0.13529051427390304,0.29881419078446925,0.062206703879484876,0.1333254003768851,0.019773112288836776,0.01964602867762248,0.05670619010925293,0.24238375605394444,0.05169934034347534,0.23524800719072422,0.04639917612075806,0.29881419078446925,0.40656113624572754,0.288220880785957,0.4340670704841614,0.282309083500877,0.4009515643119812,0.27011242345906794,0.4319877028465271,0.4068702724762261,0.4357168674468994,0.43673835368826985,0.4132274389266968,0.20265235286206007,,0.009175717830657959,,0.01832669973373413,,0.1287657469511032,0.038561056657084106,0.0902046902940191,0.07821519734958808,0.022826047614216805,0.058328128109375633,0.022946372628211975,0.1287657469511032,0.02312297374010086,0.10019605699926615,0.022692568600177765,0.07145623490214348,0.02443087100982666,0.05647648498415947,0.024254880845546722,0.05069276783615351,0.023374125361442566,0.03971215570345521,0.023202946409583092,0.04030046674112479,,0.03579459091027578,,0.032427056382099785,
88159254,qslstm_log,extrapolation,late,2000123,62,5,57,56,5,0.1260370284782382,0.33411956698663775,0.1374032016522051,0.3706793785095215,0.09369698009232019,0.2964132308959961,0.12887387482788012,0.3374271403279221,0.025102646223136356,0.008168551325798034,0.02930443286895752,0.24906573593616485,0.30580268800258636,0.2602022856473923,0.31416378915309906,0.2964132308959961,0.3890833556652069,0.31504503488540647,0.3843078315258026,0.3291089475154877,0.4057873487472534,0.34815673828125,0.4057405889034271,0.3327240407466888,0.4159018397331238,0.2990072757005692,0.3966403007507324,0.3477418124675751,0.3801264762878418,0.38146622478961945,,0.41306448479493457,,0.08426672890782357,0.07598895925963134,0.008277769648192226,0.11491234563291072,0.027471117675304413,0.08624944612383842,0.02940237522125244,0.08426672890782357,0.03856625407934189,0.07662805244326591,0.04358481988310814,0.07996017336845399,0.05663780868053436,0.07716201320290565,0.04068572446703911,0.08039670921862126,0.03024503029882908,0.06705425083637237,0.031408410519361496,0.05535669326782226,0.032224174588918686,0.07038338761776686,,0.053865768015384674,
88159254,qslstm_log,extrapolation,late,2000124,62,4,58,57,4,0.14348059446142397,0.34895521065881174,0.15160841233461042,0.38936924934387207,0.13372012165287794,0.332127021625638,0.14415373051718572,0.3501157754197203,0.016048672952150043,0.010478478211622972,0.022911451756954193,0.35631713457405567,0.45658326148986816,0.2605693731456995,0.0703761875629425,0.332127021625638,0.407167911529541,0.43439355678856373,0.4222126007080078,0.4348269570618868,0.4064871072769165,0.43324712105095387,0.4194185137748718,0.4409358073025942,0.4081714153289795,0.4353199917823076,0.4138731360435486,0.43347139842808247,0.4192239046096802,0.4253555852919817,0.4121834635734558,0.4324188828468323,,0.02743070712313056,0.0490815784653713,-0.021650871342240738,0.02862150128930807,0.026171373203396797,0.02873089024797082,0.024995826184749603,0.02743070712313056,0.025476837530732155,0.028498169034719467,0.029206858947873116,0.028146433643996716,0.026944205164909363,0.02668375102803111,0.025062650442123413,0.02607173379510641,0.023932209238409996,0.02583432151004672,0.026849793270230293,0.026437677908688784,0.02812650240957737,0.024625077843666077,0.022593893110752106,0.02547601331025362,
88159254,qslstm_log,extrapolation,late,2000125,62,6,56,55,6,0.09770483533878656,0.26252803559445087,5.8676992953365925e-05,0.007660090923309326,0.10689397765698956,0.29068909709652263,0.09672028437612197,0.2595107790049432,0.01206753524866971,0.004378519274971702,0.04280463854471842,0.2588891079649329,0.4412503242492676,0.27473699968929094,0.4428568482398987,0.29068909709652263,0.015248477458953857,0.24407713239391646,0.02309238910675049,0.25410466517011326,0.024209439754486084,0.27542855963110924,0.02417871356010437,0.262571033090353,0.020461440086364746,0.22408378745118776,0.0063017308712005615,0.21135974551240602,0.01223766803741455,0.2693882048130035,,0.2785705029964447,,0.1219401191920042,0.0414553086073803,0.0804848105846239,0.10442747324705123,0.026238521561026573,0.11755623326947291,0.02510835789144039,0.1219401191920042,0.027884850278496742,0.0950836455449462,0.0256549883633852,0.08689777304728825,0.024553930386900902,0.07982284917185704,0.023269591853022575,0.07025390894462664,0.02305930107831955,0.04670829543222984,0.022527635097503662,0.04079618367056052,0.022562650963664055,0.03700090013444424,,0.03362323306500912,
88159254,qslstm_log,extrapolation,early,2000126,62,0,62,61,0,0.0284673723554996,0.16567948076032823,0.019676875388597637,0.1402742862701416,,,0.0284673723554996,0.16567948076032823,0.016439816013711396,0.016439816013711396,,,,,,,,,,,,,,,,,,,,,,,,,0.047883717853936456,,,,,,,,,,,,,,,,,,,,,,,
88159254,qslstm_log,extrapolation,early,2000127,62,3,59,58,3,0.009341936170014829,0.08240360165795972,0.013912967032073453,0.11795324087142944,0.029429122312052414,0.1623233954111735,0.008320553823809527,0.07833988333152513,0.012727908533194969,0.011648628328527724,0.05399462580680847,0.1964200735092163,0.23007428646087646,0.24690565466880798,0.3007298707962036,0.1623233954111735,0.09413003921508789,0.16796696186065674,0.05564507842063904,0.13486254215240479,0.08038330078125,0.14145405093828836,0.06798720359802246,0.07248322168986003,0.04293632507324219,0.06179565191268921,0.06206732988357544,0.05142238736152649,0.04926350712776184,0.05057303110758463,0.06472435593605042,0.0580498476823171,0.05788111686706543,0.15480624387661615,0.042346452473331304,0.11245979140328485,0.17685651034116745,0.13998067378997803,0.1673042302330335,0.12330100685358047,0.15480624387661615,0.11070571094751358,0.114356130361557,0.08300495892763138,0.10364774490396182,0.060256849974393845,0.08531494066119194,0.04963885620236397,0.07236020267009735,0.04611804708838463,0.04828475291530291,0.038479361683130264,0.04164851705233256,0.04034814238548279,0.03634788592656454,0.03223797306418419,0.03151831775903702,0.03221815451979637
88159254,qslstm_log,extrapolation,early,2000128,62,5,57,57,4,0.048844127746267674,0.20926757493326742,0.034832240368140255,0.18663397431373596,0.0789296862966129,0.2513933539390564,0.04620504366290406,0.2055723311608298,0.014498770759816756,0.011548719569748523,0.06924853473901749,0.2597200969854991,0.4749445915222168,0.2701791077852249,0.5047458410263062,0.2513933539390564,0.19890248775482178,0.2714666247367859,0.19245052337646484,0.1714029312133789,0.2384471893310547,0.1180940330028534,0.20372000336647034,0.11530633568763733,0.20223715901374817,0.2026078701019287,0.22143778204917908,0.32365964651107787,0.22471949458122253,0.20994361042976378,0.2276243269443512,0.2166097044944763,0.21328628063201904,0.14769800305366515,0.03965068235993385,0.1080473206937313,0.11955716709295909,0.07404152303934097,0.1496465466916561,0.06645592302083969,0.14769800305366515,0.061302438378334045,0.11976758241653443,0.07718245685100555,0.09793449938297272,0.08087924122810364,0.09273863583803177,0.05913756787776947,0.08768292516469955,0.07209274172782898,0.07305839732289314,0.0492260567843914,0.06111266985535622,0.03865738958120346,0.0527583546936512,0.03239922598004341,0.03865552917122841,0.030138486996293068
88159254,qslstm_log,extrapolation,early,2000129,62,5,57,56,5,0.16354992227904053,0.39661532970926455,0.19671158499690833,0.44352179765701294,0.12345449636716932,0.2962863020598888,0.16706706490288886,0.40541612160833257,0.018156688128198897,0.018156688128198897,0.0705180287361145,0.3020332520827651,0.4889066182076931,0.24675082489848138,0.025621116161346436,0.2962863020598888,0.37488502264022827,0.25954117700457574,0.2880740761756897,0.29023328945040705,0.27367961406707764,0.26005706787109373,0.3380255103111267,0.32292022705078127,0.33993691205978394,0.33646771907806394,0.3869284987449646,0.37741512060165405,0.4141729474067688,0.38962180614471437,0.39561522006988525,0.398483419418335,0.3895154595375061,0.1428430661559105,0.047979238786195456,0.09486382736971505,0.18821975961327553,0.14548780024051666,0.17747682929039002,0.13450510799884796,0.1428430661559105,0.11849125474691391,0.13071970045566558,0.11386878043413162,0.12561420798301698,0.11571809649467468,0.1190151885151863,0.11249270290136337,0.10483421236276627,0.06360022723674774,0.08597698509693145,0.07485276460647583,0.06625743135809899,0.05971549078822136,0.058719898015260695,0.047677915543317795,0.05360576957464218,0.04977041482925415
88159254,qslstm_log,extrapolation,early,2000130,62,3,59,59,2,0.10808816931010455,0.32603717138690336,0.1188912294231983,0.34480607509613037,0.05035021077328761,0.21351704001426697,0.11102399771028168,0.3317585339990713,0.014884959843199132,0.014181844119367928,0.0878855288028717,0.26589569449424744,0.26589569449424744,0.29009346663951874,0.32156136631965637,0.21351704001426697,0.11602985858917236,0.2674318154652913,0.21483838558197021,0.22377362847328186,0.23372966051101685,0.18112184604008993,0.2124972939491272,0.23646646738052368,0.260831356048584,0.2590959270795186,0.3039591312408447,0.3087183435757955,0.3290508985519409,0.3266323407491048,0.31839704513549805,0.34318916002909344,0.34998875856399536,0.30495419104894,0.04025619997942852,0.2646979910695115,0.26053503155708313,0.26053503155708313,0.3372393101453781,0.24756747484207153,0.30495419104894,0.22741639614105225,0.252720187107722,0.25005805492401123,0.21208277841409048,0.16126446425914764,0.1940552294254303,0.10469123721122742,0.16925418873627981,0.09644004702568054,0.08730383589863777,0.060780223459005356,0.062081453700860344,0.04899022355675697,0.0459469606479009,0.037943173199892044,0.03541569535930952,0.035003479570150375
88159254,qslstm_log,extrapolation,early,2000131,62,1,61,60,1,0.09505076951666769,0.30224162916983327,0.11288716515088026,0.335986852645874,0.05622579665534033,0.23711979389190674,0.09568724448160748,0.3033092002399632,0.021210466821988423,0.014201026696425218,0.02034205198287964,0.3579331636428833,0.3579331636428833,0.3189021348953247,0.3189021348953247,0.23711979389190674,0.23711979389190674,0.23854899406433105,0.23854899406433105,0.19310873746871948,0.19310873746871948,0.19720375537872314,0.19720375537872314,0.22768551111221313,0.22768551111221313,0.23662716150283813,0.23662716150283813,0.23035532236099243,0.23035532236099243,0.2572047710418701,0.2572047710418701,0.25747066736221313,0.25747066736221313,0.05704373121261597,0.06779889041771654,-0.010755159205100576,0.07381478697061539,0.07381478697061539,0.07582210004329681,0.07582210004329681,0.05704373121261597,0.05704373121261597,0.06142770126461983,0.06142770126461983,0.06832722574472427,0.06832722574472427,0.05379605293273926,0.05379605293273926,0.05118590593338013,0.05118590593338013,0.05257771909236908,0.05257771909236908,0.045315220952034,0.045315220952034,0.05013971030712128,0.05013971030712128,0.04839145019650459,0.04839145019650459
88159254,qslstm_log,extrapolation,early,2000132,62,4,58,58,3,0.1666797385139115,0.4036480339784776,0.17555675418702865,0.4189949333667755,0.06537985740612823,0.24692817404866219,0.17366593721100004,0.4144563001805338,0.01149550028916063,0.009772955839123045,0.09553699692090352,0.1964656412601471,0.20730310678482056,0.21718548238277435,0.2740533649921417,0.24692817404866219,0.350203275680542,0.2520737312734127,0.34911057353019714,0.26928849518299103,0.3357911705970764,0.2967901974916458,0.355601042509079,0.33285434544086456,0.3580501675605774,0.35782085359096527,0.39078062772750854,0.3587600514292717,0.3643115162849426,0.38202811777591705,0.38620641827583313,0.40544869750738144,0.4228472411632538,0.23833385854959488,0.037981975727297106,0.20035188282229777,0.22767794877290726,0.14902867376804352,0.2388134573896726,0.1196938082575798,0.23833385854959488,0.15704043209552765,0.19203940406441689,0.12916116416454315,0.1471194177865982,0.12020675092935562,0.13090601563453674,0.097861148416996,0.11974907107651234,0.07310087978839874,0.10125719849020243,0.05779973044991493,0.0746551239863038,0.04426826909184456,0.04428454954177141,0.03554418310523033,0.03762512095272541,0.037174832075834274
88159254,qslstm_log,extrapolation,early,2000133,62,2,60,60,1,0.040509904084224314,0.19434989700394292,0.029596956828360277,0.17203766107559204,0.057440453584656215,0.21310149133205414,0.03994555243420992,0.19372484385967254,0.018723870813846587,0.013390920634539623,0.03616786003112793,0.061477482318878174,0.061477482318878174,0.07802623510360718,0.07802623510360718,0.21310149133205414,0.3227746784687042,0.2509981542825699,0.29306361079216003,0.21183030307292938,0.2724955379962921,0.24744994938373566,0.31390872597694397,0.17523367702960968,0.29287293553352356,0.1579505354166031,0.254423588514328,0.2767239212989807,0.2306731641292572,0.24881574511528015,0.20475855469703674,0.22304406762123108,0.21541497111320496,0.21035169437527657,0.04959189255411426,0.1607598018211623,0.07865648716688156,0.07865648716688156,0.08014141768217087,0.08014141768217087,0.21035169437527657,0.08660388737916946,0.1288427747786045,0.07436341792345047,0.1182023212313652,0.06912526488304138,0.09709667041897774,0.07745634019374847,0.09589127823710442,0.09009957313537598,0.07552292570471764,0.07238936424255371,0.07101023755967617,0.05541658774018288,0.07810859009623528,0.06611760705709457,0.05080565810203552,0.04619472846388817
88159254,qslstm_log,extrapolation,early,2000134,62,3,59,59,2,0.20591831510785982,0.4517293296033336,0.21868678758024962,0.46763959154486656,0.14295647755915172,0.3766944371163845,0.2091197644747433,0.45554466311961916,0.014132469892501831,0.011557809873060747,0.0590728223323822,0.33664677664637566,0.31735408306121826,0.3737259469926357,0.35680288076400757,0.3766944371163845,0.42261895164847374,0.35910142088929814,0.4142046831548214,0.3510051655272643,0.38413652405142784,0.34346509849031764,0.40114184841513634,0.39431603501240414,0.44297507032752037,0.41279411936799687,0.431626882404089,0.44223686680197716,0.49959900602698326,0.47399664546052617,0.4907640479505062,0.47637207930286724,0.49178310856223106,0.16326099634170532,0.04137147290600558,0.12188952343569974,0.19357242062687874,0.10706967860460281,0.13516820967197418,0.08795681595802307,0.16326099634170532,0.07073214650154114,0.14116880049308142,0.08208049088716507,0.1161777526140213,0.10248789936304092,0.10794154057900111,0.07682149857282639,0.08290889362494151,0.07092485576868057,0.08601954579353333,0.08483859151601791,0.08172439783811569,0.07176043838262558,0.07075900460282962,0.05567798390984535,0.049016413589318596,0.03625865280628204
88159254,qslstm_log,extrapolation,early,2000135,62,3,59,59,2,0.04974679129537455,0.22152025036273465,0.05254496582736934,0.22922688722610474,0.04840070918851236,0.21572201450665793,0.04981523614826584,0.22181507591473854,0.016071154404494723,0.014153618162328546,0.0546141117811203,0.2247828096151352,0.1786746084690094,0.18421670794487,0.2041056752204895,0.21572201450665793,0.21081721782684326,0.18598773082097372,0.20269185304641724,0.17614734172821045,0.18430960178375244,0.18152429660161337,0.14952361583709717,0.189675102631251,0.1795334815979004,0.18762117624282837,0.1677367091178894,0.18993671735127768,0.20596706867218018,0.2034662365913391,0.23669493198394775,0.2373963197072347,0.26090842485427856,0.21538539975881577,0.05247038782779443,0.16291501193102134,0.24852096289396286,0.13604559004306793,0.21252143755555153,0.09568680077791214,0.21538539975881577,0.07786700874567032,0.19387999922037125,0.07339208573102951,0.1333747667570909,0.05678585544228554,0.10665517921249072,0.0453868992626667,0.08582661797602971,0.04356725513935089,0.05871399864554405,0.0414891317486763,0.047437419493993126,0.04195914790034294,0.041315517077843346,0.0404982715845108,0.03660151486595472,0.03432159870862961
88159254,qslstm_log,extrapolation,early,2000136,62,2,60,60,1,0.07820241793638874,0.2779378465587093,0.07447250699468833,0.27289651334285736,0.032411966515166424,0.17171692103147507,0.07972876631709616,0.28147854407628375,0.014857214689254761,0.014857214689254761,0.19726049900054932,,,0.11763119697570801,0.11763119697570801,0.17171692103147507,0.22580264508724213,0.21140550076961517,0.19700835645198822,0.22217567265033722,0.24734298884868622,0.2125627100467682,0.17778243124485016,0.2331424504518509,0.2885024696588516,0.2851659804582596,0.3078199774026871,0.2921840399503708,0.28277821838855743,0.3007366806268692,0.30311958491802216,0.2823144942522049,0.2763660401105881,0.2688386142253876,0.03399812054509918,0.2348404936802884,,,0.3624926805496216,0.3624926805496216,0.2688386142253876,0.17518454790115356,0.18173787742853165,0.18829120695590973,0.15890614688396454,0.12952108681201935,0.11385055258870125,0.09818001836538315,0.09381534904241562,0.08945067971944809,0.06861093267798424,0.06304510682821274,0.05416029132902622,0.05164974927902222,0.039708295837044716,0.039596471935510635,0.03286428190767765,0.031927596777677536
88159254,qslstm_log,extrapolation,early,2000137,62,1,61,60,1,0.07441681479305746,0.26842358564176866,0.07190904260321318,0.26815861463546753,0.09004099597376936,0.30006831884384155,0.07416068067534089,0.2679048195237019,0.01595683991909027,0.011724805345340652,0.023349374532699585,0.284354031085968,0.284354031085968,0.256522536277771,0.256522536277771,0.30006831884384155,0.30006831884384155,0.3040139079093933,0.3040139079093933,0.3188691735267639,0.3188691735267639,0.331287145614624,0.331287145614624,0.30739179253578186,0.30739179253578186,0.3146641254425049,0.3146641254425049,0.28212010860443115,0.28212010860443115,0.28917279839515686,0.28917279839515686,0.26794546842575073,0.26794546842575073,0.05507497116923332,0.04585244607363568,0.009222525095597643,0.05319893732666969,0.05319893732666969,0.04841242730617523,0.04841242730617523,0.05507497116923332,0.05507497116923332,0.04697830602526665,0.04697830602526665,0.04504762589931488,0.04504762589931488,0.035590868443250656,0.035590868443250656,0.03521854057908058,0.03521854057908058,0.033208269625902176,0.033208269625902176,0.031987953931093216,0.031987953931093216,0.026797039434313774,0.026797039434313774,0.026161903515458107,0.026161903515458107
88159254,qslstm_log,extrapolation,early,2000138,62,3,59,59,2,0.12356473566936185,0.34934479623071607,0.13860700077401944,0.3722996115684509,0.10675234861879729,0.31582622478405636,0.12441960280752616,0.3510491303720717,0.01804656800577196,0.016386806964874268,0.07537263631820679,0.3906756266951561,0.3906756266951561,0.39253757521510124,0.497015081346035,0.31582622478405636,0.23005491495132446,0.36770982046922046,0.28411954641342163,0.35185836255550385,0.2752532362937927,0.3754231284062068,0.2385786771774292,0.34251968810955685,0.30048906803131104,0.291326363881429,0.31460630893707275,0.2830660343170166,0.31013035774230957,0.3219771186510722,0.35819828510284424,0.3372178077697754,0.3482523560523987,0.2492578774690628,0.04551100014251167,0.20374687732655114,0.1402687132358551,0.1402687132358551,0.2580709792673588,0.11874375492334366,0.2492578774690628,0.10483548045158386,0.1826800008614858,0.07987415790557861,0.1490293269356092,0.08419337123632431,0.1177412470181783,0.09421127289533615,0.10964364806811015,0.10535170882940292,0.07815120369195938,0.07038608193397522,0.07955824583768845,0.03911175578832626,0.04764552662769953,0.055437296628952026,0.052516539891560875,0.05666413530707359
88159254,qslstm_log,extrapolation,early,2000139,62,2,60,60,1,0.2735750694072633,0.5213538574114922,0.2902277883842097,0.5387279354035854,0.18864949690833033,0.43157595209777355,0.27640592182389434,0.5243464542552829,0.014995925625165303,0.013331808276095633,0.18412816524505615,0.3826709985733032,0.3826709985733032,0.26949214935302734,0.26949214935302734,0.43157595209777355,0.4804809056222439,0.4035110753029585,0.5375300012528896,0.5024343393743038,0.5243877731263638,0.5253578387200832,0.5131856761872768,0.5317320488393307,0.5390763245522976,0.5611775778234005,0.5832788310945034,0.5687857829034328,0.5542927347123623,0.5175432227551937,0.5130119286477566,0.5210119150578976,0.5196884833276272,0.2668530270457268,0.039618960861116645,0.22723406618461012,0.38791465759277344,0.38791465759277344,0.25106921792030334,0.25106921792030334,0.2668530270457268,0.14579139649868011,0.1973041072487831,0.14353899657726288,0.12883427366614342,0.11187715083360672,0.11575708910822868,0.08797518163919449,0.09205008298158646,0.07222301512956619,0.06717409566044807,0.062125176191329956,0.06007138639688492,0.05801759660243988,0.049009114503860474,0.041787344962358475,0.03475380502641201,0.03294669836759567
88159254,qslstm_log,extrapolation,early,2000140,62,3,59,59,2,0.03557675945544156,0.1632478448652452,0.011758828947350253,0.10843813419342041,0.06467414046782978,0.23432321349779764,0.03409723160735403,0.15963384307036965,0.01595532692084878,0.012673875093460083,0.043779850006103516,0.33633647859096527,0.3775614798069,0.42141084372997284,0.3901417553424835,0.23432321349779764,0.09493941068649292,0.2934867242972056,0.10367375612258911,0.255195289850235,0.12140557169914246,0.26042066017786664,0.1009015440940857,0.2579343914985657,0.10743492841720581,0.2852802475293477,0.1278802752494812,0.29143406947453815,0.09130668640136719,0.10332610209782918,0.10540300607681274,0.10922924677530925,0.09341108798980713,0.22701947763562202,0.042769227997731356,0.18425024963789066,0.2413083091378212,0.06473059952259064,0.13987352512776852,0.05088108405470848,0.22701947763562202,0.05037513002753258,0.14992796505490938,0.04804721847176552,0.12778236592809358,0.037266720086336136,0.10149367029468219,0.03721103444695473,0.08938786387443542,0.032037898898124695,0.07039703304568927,0.031957607716321945,0.05281749305625757,0.031180502846837044,0.03915681689977646,0.03221219778060913,0.031333463887373604,0.03168826922774315
88159254,qslstm_log,extrapolation,early,2000141,62,3,59,59,2,0.15434557964393794,0.35826969871695546,0.16466920147630848,0.40579453110694885,0.18210232943492188,0.35312642735273886,0.15293421948507438,0.35853122098971224,0.012615341251179323,0.009921244035164515,0.0939159244298935,0.003049314022064209,0.003049314022064209,0.24722351256059483,0.0004131793975830078,0.35312642735273886,0.5495339334011078,0.1944804092248281,0.5353886783123016,0.19197391470273337,0.5052612125873566,0.18163753549257913,0.47880616784095764,0.1853121022383372,0.4861554205417633,0.2048333783944448,0.47465822100639343,0.1788288652896881,0.4589173495769501,0.3283199369907379,0.43501269817352295,0.4590913454691569,0.41231244802474976,0.17125914245843887,0.045026406014369705,0.12623273644406918,0.09833279997110367,0.09833279997110367,0.15294858813285828,0.062210336327552795,0.17125914245843887,0.06443672627210617,0.13156727453072867,0.054366081953048706,0.10630159576733907,0.05367735028266907,0.09377325947086017,0.04660492017865181,0.07458990688125293,0.037898626178503036,0.07141993939876556,0.039319299161434174,0.0721345879137516,0.03682190552353859,0.05561407655477524,0.04019516706466675,0.040196843445301056,0.03608698397874832
88159254,qslstm_log,extrapolation,early,2000142,62,6,56,56,5,0.16123209262049673,0.3982001752141983,0.1590820070960639,0.39885085821151733,0.08291007793990468,0.28480179856220883,0.16962373705056022,0.41035000128405436,0.01055395124214036,0.010169936550988091,0.1095064103603363,0.27206795662641525,0.3430636525154114,0.2889253407716751,0.3269456624984741,0.28480179856220883,0.3060287833213806,0.29725590348243713,0.3542732894420624,0.31487856805324554,0.34761887788772583,0.3148426165183385,0.3704293668270111,0.33427246411641437,0.3923092484474182,0.35730340083440143,0.3830448389053345,0.38002002239227295,0.40394461154937744,0.41188252965609234,0.44296377897262573,0.4361699124177297,0.444851815700531,0.2083942232032617,0.040716722374781966,0.16767750082847974,0.1950405389070511,0.14672212302684784,0.2098620593547821,0.1677275449037552,0.2083942232032617,0.08980805426836014,0.1785548577706019,0.07190630584955215,0.13852454721927643,0.05406840145587921,0.1068332598855098,0.05037559196352959,0.08444759249687195,0.04888726398348808,0.0765678205837806,0.05358141288161278,0.0542122945189476,0.044937849044799805,0.04209356817106406,0.040127914398908615,0.03821839764714241,0.04095246642827988
88159254,qslstm_log,extrapolation,early,2000143,62,2,60,59,2,0.19492082898347476,0.4334507017366348,0.20862636635143872,0.4567563533782959,0.054628387434178194,0.23362815380096436,0.19959724370178467,0.4401114533344905,0.01542547597723492,0.013998655336243766,0.050455570220947266,0.20967724919319153,0.21336454153060913,0.1533186435699463,0.167921781539917,0.23362815380096436,0.24043059349060059,0.277108371257782,0.34085220098495483,0.27519673109054565,0.3824716806411743,0.31147322058677673,0.3825158476829529,0.3791228234767914,0.41739344596862793,0.383971244096756,0.3854266405105591,0.4056221544742584,0.39841288328170776,0.44100357592105865,0.4744091331958771,0.4667045772075653,0.4785555601119995,0.11273461580276489,0.0452209304086864,0.0675136853940785,0.2143234796822071,0.1214776411652565,0.16381016001105309,0.09551618248224258,0.11273461580276489,0.07679764926433563,0.09402718394994736,0.06657672673463821,0.08173151314258575,0.06794684380292892,0.06746033765375614,0.05812302604317665,0.06168391928076744,0.05679111182689667,0.05357659235596657,0.049030158668756485,0.04808753915131092,0.043073683977127075,0.03938780725002289,0.037478718906641006,0.037089474499225616,0.038406867533922195
88159254,qslstm_log,extrapolation,early,2000144,62,3,59,58,3,0.16108461709121208,0.386586606142021,0.15296908590287117,0.39111262559890747,0.13210916818264304,0.29661788418889046,0.16255794500181728,0.3911612869192988,0.016545116901397705,0.014995336532592773,0.04368090629577637,0.20941398416956267,0.008966565132141113,0.21938184772928557,0.00746387243270874,0.29661788418889046,0.3761548399925232,0.32881005480885506,0.41432464122772217,0.44907863810658455,0.40105605125427246,0.4648556299507618,0.4411141276359558,0.44996917123595875,0.42316627502441406,0.27944688002268475,0.406207799911499,0.3988653024037679,0.4142332673072815,0.4212238589922587,0.42400646209716797,0.4100649158159892,0.4206923842430115,0.06184633324543635,0.04092452034227929,0.02092181290315706,0.08971597130099933,0.05130362510681152,0.07188219204545021,0.0451505184173584,0.06184633324543635,0.04108768701553345,0.05784650767842928,0.04049034044146538,0.04839665815234184,0.033680517226457596,0.0416472963988781,0.03096989542245865,0.04030797816812992,0.029390735551714897,0.036316692208250366,0.02825571596622467,0.03258863091468811,0.028422489762306213,0.02593736971418063,0.02241825871169567,0.023970204095045727,0.022349396720528603
88159254,qslstm_log,extrapolation,early,2000145,62,2,60,60,1,0.0044138848032591995,0.037795344427708655,2.425662966576425e-05,0.00492510199546814,0.03722722225039779,0.16035620495676994,0.00332010688835458,0.03370998241007328,0.014572992424170176,0.013983758829407772,0.03909653425216675,0.2676553651690483,0.2676553651690483,0.3169931396842003,0.3169931396842003,0.16035620495676994,0.05305704474449158,0.21218421682715416,0.10737529397010803,0.10155567526817322,0.15005430579185486,0.11244514584541321,0.11751499772071838,0.10887762904167175,0.06770095229148865,0.07451470196247101,0.08132845163345337,0.07299797236919403,0.06466749310493469,0.04341927170753479,0.040468573570251465,0.02339993417263031,0.0037783384323120117,0.24257779866456985,0.05035632929454247,0.19222146937002738,0.3320234715938568,0.3320234715938568,0.27625972032546997,0.27625972032546997,0.24257779866456985,0.1531321257352829,0.19634579494595528,0.11643186956644058,0.14688289165496826,0.14063365757465363,0.11355207115411758,0.11067227274179459,0.12072987109422684,0.10082608461380005,0.09790334478020668,0.09498060494661331,0.11338652297854424,0.13179244101047516,0.07654356583952904,0.06958337873220444,0.047649651765823364,0.04425911232829094
88159254,qslstm_log,extrapolation,early,2000146,62,3,59,59,2,0.09478426725214781,0.30232991446410457,0.0880969640362752,0.2968113273382187,0.06801388494421927,0.24799850086371103,0.09614547313221197,0.305092528714972,0.016206877716517045,0.010917149484157562,0.08518193662166595,0.28609926998615265,0.4319184124469757,0.2197040468454361,0.3977113962173462,0.24799850086371103,0.2692462354898453,0.25849922001361847,0.3060777634382248,0.38217878838380176,0.32820911705493927,0.3853408247232437,0.3235783129930496,0.41110388934612274,0.318935826420784,0.38340429961681366,0.32198376953601837,0.3357892533143361,0.30357860028743744,0.3113836298386256,0.28519009053707123,0.28573886056741077,0.2758534997701645,0.2538108093043168,0.04479924352618597,0.20901156577813085,0.2483445256948471,0.08614107966423035,0.1968948096036911,0.06720578670501709,0.2538108093043168,0.05090593174099922,0.19373375301559767,0.05745379999279976,0.18460356692473093,0.05003419518470764,0.1294778697192669,0.04437713697552681,0.12774488205711046,0.04969523474574089,0.07769843190908432,0.0361480787396431,0.0536553164323171,0.036306362599134445,0.040913390616575875,0.03646530583500862,0.0334194911022981,0.03312147036194801
88159254,qslstm_log,extrapolation,early,2000147,62,3,59,59,2,0.006646482607434046,0.04805450718249044,0.0007806888481844965,0.027940809726715088,0.06640638870417141,0.1964004933834076,0.003607843314379604,0.040511490934986176,0.012793898077334389,0.010494857494320189,0.06135396659374237,0.20047853887081146,0.19594544172286987,0.3049953579902649,0.4140452742576599,0.1964004933834076,0.008692651987075806,0.0991026759147644,0.02384689450263977,0.08535935481389363,0.027219533920288086,0.07815850774447124,0.011310547590255737,0.14579044779141745,0.01201552152633667,0.017924646536509197,0.020164817571640015,0.04073524475097656,0.05079898238182068,0.03738288084665934,0.02679276466369629,0.013850520054499308,0.011644124984741211,0.2036231408516566,0.049336295006638865,0.15428684584501773,0.1746588870882988,0.14549069106578827,0.1465061530470848,0.14752161502838135,0.2036231408516566,0.12723295390605927,0.17318193117777506,0.13763736188411713,0.14923821141322455,0.10625018924474716,0.11317567030588786,0.08778613060712814,0.10958348214626312,0.09344270080327988,0.10962356130282085,0.11133559793233871,0.07496561855077744,0.05812542140483856,0.06228700404365858,0.04755003750324249,0.05200565606355667,0.041710738092660904
88159254,qslstm_log,extrapolation,early,2000148,62,0,62,61,0,0.0018084351387589782,0.027147349330686753,4.330143497188743e-05,0.006580382585525513,,,0.0018084351387589782,0.027147349330686753,0.01790336507265685,0.01790336507265685,,,,,,,,,,,,,,,,,,,,,,,,,0.05349540115604477,,,,,,,,,,,,,,,,,,,,,,,
88159254,qslstm_log,extrapolation,early,2000149,62,2,60,60,1,0.11605629744529665,0.336877805331061,0.13012505235252547,0.36072850227355957,0.11749887299885142,0.3061940595507622,0.11600821159351149,0.3379005968570709,0.01228527029355367,0.01228527029355367,0.1888716220855713,,,0.46028517186641693,0.46028517186641693,0.3061940595507622,0.15210294723510742,0.15759825706481934,0.16309356689453125,0.1990101933479309,0.23492681980133057,0.24428799748420715,0.25364917516708374,0.2617705762386322,0.26989197731018066,0.26742613315582275,0.25996077060699463,0.23250576853752136,0.2301996350288391,0.3215482234954834,0.32247495651245117,0.36436790227890015,0.3687666654586792,0.36426129937171936,0.047756688731412096,0.31650461064030727,,,0.3137017786502838,0.3137017786502838,0.36426129937171936,0.4148208200931549,0.3449164181947708,0.2750120162963867,0.20392563194036484,0.13283924758434296,0.1448950618505478,0.15695087611675262,0.13198086991906166,0.1070108637213707,0.08052431419491768,0.07526705414056778,0.10085108131170273,0.11659971624612808,0.08431262895464897,0.08341604471206665,0.03646620362997055,0.03550632297992706
88159254,qslstm_log,extrapolation,early,2000150,62,3,59,59,2,0.10242294252475202,0.31743075290033895,0.14108971838541962,0.375619113445282,0.0765026347590106,0.25875494877497357,0.10374092427555244,0.32041426836434056,0.0151988904354936,0.0151988904354936,0.08627057075500488,0.3573465347290039,0.3573465347290039,0.24147272109985352,0.12559890747070312,0.25875494877497357,0.2933194041252136,0.2509958545366923,0.33406925201416016,0.3412480851014455,0.39635559916496277,0.3680388629436493,0.37369173765182495,0.3697154422601064,0.3390989899635315,0.3323804934819539,0.34870654344558716,0.3538256784280141,0.38621965050697327,0.3429874579111735,0.3381103277206421,0.33584582805633545,0.3349851965904236,0.2783855100472768,0.056837444083165316,0.22154806596411147,0.30270126461982727,0.30270126461982727,0.2895796298980713,0.2764579951763153,0.2783855100472768,0.25599727034568787,0.23382813235123953,0.1690291315317154,0.1955768565336863,0.1617041677236557,0.15425202747186026,0.13202278316020966,0.15035710235436758,0.15734435617923737,0.14162160704533258,0.1173100396990776,0.14403558522462845,0.1312653124332428,0.05957913398742676,0.059549469500780106,0.037470402816931404,0.034647416323423386
88159254,qslstm_log,extrapolation,early,2000151,62,2,60,60,1,0.10915830148540052,0.3285686248733151,0.10435667632378998,0.3230428397655487,0.06986184877200374,0.25175081193447113,0.11046818324251376,0.33112921863794326,0.012542510032653808,0.012542510032653808,0.12179744243621826,,,0.17123138904571533,0.17123138904571533,0.25175081193447113,0.33227023482322693,0.33809012174606323,0.34391000866889954,0.35950958728790283,0.37510916590690613,0.39485466480255127,0.4146001636981964,0.407930850982666,0.4012615382671356,0.4096583425998688,0.4133141338825226,0.39457979798316956,0.38476911187171936,0.34558770060539246,0.3552175462245941,0.3199227899312973,0.3300849497318268,0.2361237332224846,0.03714170896758636,0.19898202425489822,,,0.2851197123527527,0.2851197123527527,0.2361237332224846,0.1871277540922165,0.15711303800344467,0.12709832191467285,0.11591308936476707,0.1047278568148613,0.10047066956758499,0.09621348232030869,0.08460333943367004,0.0729931965470314,0.07701117917895317,0.07174220681190491,0.06291062757372856,0.057634711265563965,0.04973757080733776,0.0531073622405529,0.04067927598953247,0.040815241634845734
88159254,qslstm_log,extrapolation,early,2000152,62,0,62,61,0,0.027297405613802436,0.15758883568548387,0.04439809665018757,0.21070855855941772,,,0.027297405613802436,0.15758883568548387,0.023429948286932022,0.023429948286932022,,,,,,,,,,,,,,,,,,,,,,,,,0.07464786760148502,,,,,,,,,,,,,,,,,,,,,,,
88159254,qslstm_log,extrapolation,early,2000153,62,3,59,59,2,0.15291681871229276,0.3847112977697003,0.17774177211308384,0.4215943217277527,0.09969031489740161,0.2870957950750987,0.15562325110966008,0.38967479790671394,0.01663870225518437,0.010039011637369791,0.06778469681739807,0.32436008751392365,0.2620653212070465,0.3556378036737442,0.27174028754234314,0.2870957950750987,0.37320399284362793,0.32702486713727313,0.3796539306640625,0.256855050722758,0.3871380090713501,0.24600961804389954,0.3663753271102905,0.31641213099161786,0.3933609127998352,0.3249688545862834,0.37525373697280884,0.3277971347173055,0.3921046853065491,0.3522271414597829,0.4052872061729431,0.39791162808736164,0.4224396347999573,0.17990354945262274,0.04195564824266959,0.13794790120995315,0.18916209042072296,0.07153499126434326,0.15631571039557457,0.06823313981294632,0.17990354945262274,0.07213247567415237,0.16037426640590033,0.06549889594316483,0.12437309324741364,0.08973532170057297,0.10215199366211891,0.0560193695127964,0.09057336176435153,0.05488533899188042,0.07069275031487147,0.041899845004081726,0.06012751410404841,0.045887839049100876,0.054378094151616096,0.029402246698737144,0.04076505576570829,0.024271197617053986
88159254,qslstm_log,extrapolation,early,2000154,62,2,60,60,1,0.11986896862235065,0.3413077991816305,0.10091155130977914,0.31766578555107117,0.14322000474976848,0.3783155530691147,0.11909060075143672,0.3400742073853811,0.01643568476041158,0.014931385333721455,0.10704386234283447,0.18907129764556885,0.18907129764556885,0.2172400951385498,0.2172400951385498,0.3783155530691147,0.38818201422691345,0.3176545947790146,0.3475458323955536,0.3188006430864334,0.38485458493232727,0.31941236555576324,0.4087916910648346,0.32394467294216156,0.4340066611766815,0.3038666099309921,0.419743150472641,0.3280330151319504,0.43882593512535095,0.40049996972084045,0.3922082483768463,0.39885854721069336,0.3674950897693634,0.19553348794579506,0.05392665676772594,0.1416068311780691,0.16133134067058563,0.16133134067058563,0.14146742224693298,0.14146742224693298,0.19553348794579506,0.11798901110887527,0.12516117468476295,0.06689245253801346,0.12720507010817528,0.09398207813501358,0.11894848570227623,0.07239959388971329,0.09872616082429886,0.057819515466690063,0.08825993910431862,0.054022401571273804,0.094096465036273,0.04672550782561302,0.060149963945150375,0.04790033400058746,0.04580068960785866,0.04027139022946358
88159254,qslstm_log,extrapolation,early,2000155,62,4,58,58,3,0.04176501623927886,0.18680752202823397,0.039240776453518755,0.19809284806251526,0.10951377236420903,0.26990151513018645,0.03709268823066298,0.18107690181430622,0.01433390327568712,0.012996518015861512,0.05062633752822876,0.4366144559462555,0.5937142415205017,0.3436384016725545,0.5947149439016357,0.26990151513018645,0.09433692693710327,0.27452401924529113,0.09493434429168701,0.15895317494869232,0.12747704982757568,0.17145593464374542,0.1396823525428772,0.18950054049491882,0.15249282121658325,0.19639825820922852,0.1010890007019043,0.2697540830413345,0.14294874668121338,0.12526778876781464,0.1511029601097107,0.1241651177406311,0.14639043807983398,0.14151965081691742,0.03485427893184383,0.10666537188507359,0.0492173433303833,0.04870590567588806,0.11675131817658742,0.0401359386742115,0.14151965081691742,0.03834296762943268,0.11336710676550865,0.035105150192976,0.08623038232326508,0.03290636092424393,0.07118336111307144,0.03179836645722389,0.06061062263324857,0.030862415209412575,0.041548855137079954,0.030378274619579315,0.038553120102733374,0.027579890564084053,0.03173725213855505,0.028690585866570473,0.030339932534843683,0.02906394749879837
88159254,qslstm_log,extrapolation,early,2000156,62,3,59,59,2,0.03343324263137945,0.17694960678777388,0.04495206750448588,0.21201902627944946,0.05699911577050335,0.2330842912197113,0.0322349778954918,0.17409530079970925,0.013784625772702492,0.012406108149310998,0.03342263400554657,0.2868568152189255,0.2508300244808197,0.24851606786251068,0.24620211124420166,0.2330842912197113,0.16425833106040955,0.20586235324541727,0.13044512271881104,0.16018255551656088,0.09927251935005188,0.15276706218719482,0.11282655596733093,0.12050874034563701,0.08444133400917053,0.13505548238754272,0.14816054701805115,0.11127843459447224,0.1300148069858551,0.1362815002600352,0.14581283926963806,0.10942179958025615,0.08559438586235046,0.14718666424353918,0.03852583900472875,0.10866082523881043,0.17051637172698975,0.12758566439151764,0.12553273886442184,0.12347981333732605,0.14718666424353918,0.1050238087773323,0.1392673502365748,0.09933116286993027,0.0994608501593272,0.07146572321653366,0.08926080663998921,0.07283688336610794,0.08614248285690944,0.08056675642728806,0.061914720882972084,0.053613901138305664,0.05839583526055018,0.04654325544834137,0.04172625268499056,0.03935804218053818,0.03921054179469744,0.03814706578850746
88159254,qslstm_log,extrapolation,early,2000157,62,3,59,59,2,0.14095914657665212,0.3686471754504788,0.07619130449768563,0.27602772414684296,0.09739954783512454,0.29403933386007947,0.14317404142791623,0.37244079451439743,0.018334461470781747,0.018334461470781747,0.10403406620025635,0.19192752242088318,0.19192752242088318,0.22216887772083282,0.25241023302078247,0.29403933386007947,0.4377802461385727,0.395259569088618,0.4955882281064987,0.45111916959285736,0.41998903453350067,0.4253612508376439,0.36050648987293243,0.3917844245831172,0.3948577493429184,0.4493589252233505,0.4914947599172592,0.47611962258815765,0.4800276607275009,0.460372194647789,0.4643373340368271,0.423250084122022,0.4194432348012924,0.27211787303288776,0.05003698353292579,0.22208088949996196,0.35432371497154236,0.35432371497154236,0.3204112946987152,0.28649887442588806,0.27211787303288776,0.1755310297012329,0.19748114049434662,0.13041351735591888,0.1378584379951159,0.10763076692819595,0.10624302923679352,0.08068480342626572,0.09314383069674174,0.09111592173576355,0.0813765029112498,0.06979089230298996,0.06444695219397545,0.06252575665712357,0.04947333037853241,0.04483570531010628,0.04446976880232493,0.04517337679862976
88159254,qslstm_log,extrapolation,early,2000158,62,2,60,59,2,0.04990506117601439,0.20062599355174648,0.04459670352474987,0.21117931604385376,0.04925728641676466,0.21777020022273064,0.04992665366798939,0.200054519996047,0.024037736452231975,0.015947726178676524,0.02507670223712921,0.3451557420194149,0.4903813526034355,0.3205313943326473,0.4530642554163933,0.21777020022273064,0.1749516725540161,0.24950752779841423,0.1784355640411377,0.3215813599526882,0.19614720344543457,0.3339635692536831,0.17674005031585693,0.3063232861459255,0.18233972787857056,0.3049214445054531,0.1194615364074707,0.15644866228103638,0.13794565200805664,0.1590609848499298,0.13578224182128906,0.12120407819747925,0.10446250438690186,0.07840016111731529,0.07678250990187128,0.0016176512154440076,0.15275532007217407,0.14770375192165375,0.13380303233861923,0.10339850187301636,0.07840016111731529,0.06223079562187195,0.07787572592496872,0.05956543982028961,0.09903059341013432,0.056001950055360794,0.0935528427362442,0.05332823097705841,0.10763399861752987,0.052060630172491074,0.11103583127260208,0.07436791062355042,0.09510473161935806,0.12797866761684418,0.10312708280980587,0.15419353544712067,0.1038401760160923,0.07970168441534042
88159254,qslstm_log,extrapolation,early,2000159,62,3,59,58,3,0.08256847082192072,0.2793471832429209,0.09677338625425946,0.31108421087265015,0.07474308581401228,0.2519878347714742,0.08296637175452623,0.2807383365550284,0.02059894440502956,0.014041004227656945,0.029691686232884724,0.06491316358248393,0.1315227746963501,0.19534391164779663,0.19297116994857788,0.2519878347714742,0.23486435413360596,0.18270585934321085,0.2236236333847046,0.22223462661107382,0.2388683557510376,0.22690473000208536,0.22222620248794556,0.20819328228632608,0.16208785772323608,0.21574540932973227,0.26292216777801514,0.24743096033732095,0.283439040184021,0.2888067960739136,0.29457706212997437,0.29946738481521606,0.29909759759902954,0.0998298649986585,0.07009280302514465,0.029737061973513848,0.1315228889385859,0.09597781300544739,0.12548459569613138,0.08980756998062134,0.0998298649986585,0.08266425877809525,0.08749511589606603,0.07669996470212936,0.08054280281066895,0.06915657967329025,0.07797463734944661,0.07455968856811523,0.09123297532399495,0.12784238159656525,0.11564362049102783,0.14452879130840302,0.0988777590294679,0.06135262921452522,0.07896883537371953,0.0679730474948883,0.0735119916498661,0.055333029478788376
88159254,qslstm_log,extrapolation,early,2000160,62,3,59,58,3,0.1839590437071606,0.42179519208448546,0.18123313387299333,0.4257148504257202,0.1429071859096954,0.3639420457184315,0.18604642630703175,0.42473687749292893,0.017705154830011827,0.01413415014743805,0.040271600087483726,0.2813149578869343,0.43618327006697655,0.288329292088747,0.39353471621870995,0.3639420457184315,0.4242565333843231,0.390143105139335,0.48401549458503723,0.36166798944274586,0.4578500986099243,0.38190410534540814,0.4628986418247223,0.4593745060265064,0.4465177655220032,0.44767716402808827,0.4865981340408325,0.48803308606147766,0.49101972579956055,0.49141745766003925,0.48267218470573425,0.4942590494950612,0.4887033998966217,0.06538520629207294,0.05160083249211311,0.013784373799959823,0.09443384905656178,0.058282479643821716,0.0715598613023758,0.04803171381354332,0.06538520629207294,0.05143905058503151,0.06810200338562329,0.042910974472761154,0.05710161104798317,0.05006206035614014,0.05407786245147387,0.04883791133761406,0.04695055757959684,0.04636372625827789,0.04650594045718511,0.04264819622039795,0.04319743563731512,0.04495656117796898,0.04812020311752955,0.05245746299624443,0.051756978034973145,0.0420197956264019
88159254,qslstm_log,extrapolation,early,2000161,62,3,59,58,3,0.145245196378809,0.3742609299238651,0.14705547992377976,0.3834781348705292,0.06944459162196637,0.23574864864349365,0.14909946441729252,0.3813039272771043,0.01707327365875244,0.01403738558292389,0.06327244639396667,0.19650140156348547,0.10205996036529541,0.22232971340417862,0.08464014530181885,0.23574864864349365,0.38859444856643677,0.25700119137763977,0.42456120252609253,0.3061571717262268,0.42781710624694824,0.31984447439511615,0.45033207535743713,0.424126257499059,0.4559672176837921,0.4594661295413971,0.4946140646934509,0.45225098729133606,0.40617167949676514,0.38828781247138977,0.35861682891845703,0.3661339282989502,0.36791127920150757,0.09649827579657237,0.05217982370848373,0.04431845208808864,0.1508122757077217,0.08199454098939896,0.12968912720680237,0.09267779439687729,0.09649827579657237,0.07762890309095383,0.09001470357179642,0.07508046180009842,0.07910701880852382,0.07769761234521866,0.0795573964715004,0.07091393321752548,0.071101659288009,0.05797846242785454,0.06296894947687785,0.05323077365756035,0.054985719422499336,0.05374792218208313,0.058503481249014534,0.060676004737615585,0.048807998498280845,0.043904710561037064
88159254,qslstm_log,extrapolation,early,2000162,62,3,59,58,3,0.015624464140142928,0.09518485948924095,0.005427734339954249,0.07367315888404846,0.06378343385029761,0.22390912473201752,0.013175702968440148,0.08863955786672689,0.01721715567440822,0.015172137706368058,0.10997939109802246,0.22506792098283768,0.3567899018526077,0.2700687696536382,0.37549205124378204,0.22390912473201752,0.06455790996551514,0.18638184666633606,0.021021783351898193,0.2351286510626475,0.04146909713745117,0.2746708591779073,0.07562842965126038,0.27992207805315655,0.10748428106307983,0.05738609035809835,0.08657857775688171,0.05838649471600851,0.058061957359313965,0.09443599979082744,0.09156203269958496,0.07744943102200826,0.06199204921722412,0.19388733307520548,0.05514887559338141,0.13873845748182406,0.2662009447813034,0.11824128031730652,0.2705485597252846,0.08307399600744247,0.19388733307520548,0.0759410560131073,0.17365115135908127,0.09093492478132248,0.184204230705897,0.12686268985271454,0.13908403366804123,0.1119694784283638,0.09151531755924225,0.07323067635297775,0.07500900576512019,0.058151036500930786,0.09774030993382136,0.05438876152038574,0.04662486414114634,0.03986005112528801,0.04041940222183863,0.0391329787671566
88159254,qslstm_log,extrapolation,early,2000163,62,2,60,59,2,0.022992225120925844,0.1446887105703354,0.012748211024566025,0.11290797591209412,0.047023429128341565,0.21511481702327728,0.022191184987345323,0.14234117368857066,0.01298808445364742,0.011359819194726777,0.09651443362236023,0.32992714643478394,0.32992714643478394,0.22158120572566986,0.3612707853317261,0.21511481702327728,0.18774613738059998,0.2661202400922775,0.20231333374977112,0.2637356072664261,0.1662004292011261,0.16199089586734772,0.13623565435409546,0.19042345881462097,0.17853358387947083,0.1590985208749771,0.18196138739585876,0.15962350368499756,0.16007187962532043,0.1651683747768402,0.14837011694908142,0.12503233551979065,0.12273663282394409,0.19846922159194946,0.04523224712659915,0.1532369744653503,0.1437372863292694,0.1437372863292694,0.2463269904255867,0.14120088517665863,0.19846922159194946,0.1435893177986145,0.12086498737335205,0.09799268841743469,0.10671962425112724,0.07223836332559586,0.11627603694796562,0.08896275609731674,0.08965357020497322,0.08131445199251175,0.07484180852770805,0.060720860958099365,0.06266888789832592,0.05359797552227974,0.04558007791638374,0.043784741312265396,0.03899281844496727,0.0378679595887661
88159254,qslstm_log,extrapolation,early,2000164,62,4,58,58,3,0.0571210509680068,0.23525494673559744,0.04356448568047089,0.2087210714817047,0.060533903303455094,0.2373206466436386,0.05688568184142415,0.2351124846729739,0.01722396961573897,0.013367580432517855,0.05178783337275187,0.16636067628860474,0.13876402378082275,0.17137772838274637,0.09972131252288818,0.2373206466436386,0.32370248436927795,0.178740955889225,0.31681135296821594,0.19376034289598465,0.29926398396492004,0.1803951933979988,0.28198328614234924,0.21811729669570923,0.2898395359516144,0.26131855696439743,0.28663650155067444,0.24660604447126389,0.27583733201026917,0.2784441411495209,0.26542672514915466,0.2651114761829376,0.24439170956611633,0.16348849423229694,0.04428952360718415,0.1191989706251128,0.11782560497522354,0.06780477613210678,0.11074664195378621,0.09715092927217484,0.16348849423229694,0.09552016854286194,0.13378111086785793,0.06463795155286789,0.09568655770272017,0.046287570148706436,0.09685739129781723,0.05504715442657471,0.08846997190266848,0.042963456362485886,0.06841631606221199,0.034152302891016006,0.049409711733460426,0.03182346001267433,0.03518098872154951,0.03197820857167244,0.03172620106488466,0.031071120873093605
88159254,qslstm_log,extrapolation,early,2000165,62,3,59,58,3,0.07028211908660059,0.26189236102565644,0.08764825658467146,0.296054482460022,0.07097889642654565,0.2592734893163045,0.0702466897303322,0.26202552399392853,0.013540895848438657,0.00948768473686056,0.024769723415374756,0.17233681678771973,0.21948862075805664,0.2184596061706543,0.22689366340637207,0.2592734893163045,0.31485259532928467,0.21051758527755737,0.3015623688697815,0.20823647578557333,0.28582239151000977,0.22821124394734701,0.27051252126693726,0.21781712770462036,0.24340933561325073,0.23320959011713663,0.2886285185813904,0.2716299692789714,0.2731436491012573,0.2610795696576436,0.2693168520927429,0.2772122820218404,0.28375524282455444,0.06781971827149391,0.047433960614568095,0.020385757656925817,0.08598645403981209,0.05105416849255562,0.07233489428957303,0.053665343672037125,0.06781971827149391,0.04960248991847038,0.062251996248960495,0.04630035534501076,0.055441420525312424,0.04317298159003258,0.047646025816599526,0.04045009985566139,0.04199593514204025,0.03563215956091881,0.043686795979738235,0.03531297296285629,0.045062556862831116,0.03191983699798584,0.036375912527243294,0.03304547816514969,0.03338294165829817,0.030205270275473595
88159254,qslstm_log,extrapolation,early,2000166,62,3,59,58,3,0.10734555023544742,0.3230241508253159,0.14420527408903183,0.37974369525909424,0.05568345698008126,0.23493280510107675,0.10997243633317792,0.327503371794345,0.019311173722661775,0.018094559128467854,0.04533798495928446,0.29237043112516403,0.3535393327474594,0.2072068601846695,0.35332928597927094,0.23493280510107675,0.20987987518310547,0.22210937241713205,0.24891161918640137,0.28094611565272015,0.26684343814849854,0.28026848038037616,0.259249746799469,0.3193295399347941,0.2921713888645172,0.2926248461008072,0.3144553303718567,0.265023410320282,0.31834691762924194,0.3058788776397705,0.3110099136829376,0.3375515143076579,0.3411220908164978,0.13760177791118622,0.05394788951439373,0.0836538883967925,0.1263294257223606,0.06538086384534836,0.14272515599926314,0.056669075042009354,0.13760177791118622,0.069013312458992,0.10688994824886322,0.05595375597476959,0.09963992362221082,0.05524195358157158,0.08566330000758171,0.056758638471364975,0.06869225079814593,0.053532104939222336,0.06143148988485336,0.04990029335021973,0.06396500393748283,0.06763974577188492,0.05257547274231911,0.05429401993751526,0.05798053368926048,0.055762067437171936
88159254,qslstm_log,extrapolation,early,2000167,62,4,58,58,3,0.19087522178332308,0.43114030313107277,0.22203779955393443,0.4712088704109192,0.06991031223592081,0.2526063024997711,0.19921762933831633,0.44345299282978323,0.016007864269716985,0.015122623877091842,0.08736538887023926,0.26660245656967163,0.2572453022003174,0.22979885339736938,0.18116289377212524,0.2526063024997711,0.38031184673309326,0.31043703854084015,0.413979709148407,0.334846094250679,0.3999505639076233,0.33975115418434143,0.42584913969039917,0.32073910534381866,0.41869908571243286,0.40253114700317383,0.42841875553131104,0.396870419383049,0.4184015393257141,0.4376026839017868,0.48041749000549316,0.4778640419244766,0.46982866525650024,0.20320852100849152,0.0521806306045117,0.15102789040397982,0.14169010892510414,0.12432464212179184,0.17557029177745184,0.14027513563632965,0.20320852100849152,0.1865171194076538,0.17281886003911495,0.10532792657613754,0.15272300876677036,0.1710088700056076,0.14529008232057095,0.1267712414264679,0.1252713594585657,0.10971441864967346,0.1254049688577652,0.09225831180810928,0.14692950621247292,0.15993855893611908,0.08950330689549446,0.06914040446281433,0.056541647762060165,0.03523469343781471
88159254,qslstm_log,extrapolation,early,2000168,62,3,59,59,2,0.0765694863642873,0.2738732551374743,0.07755875888246866,0.278493732213974,0.06169077819452795,0.2159483234087626,0.07732603084749541,0.2768185906491037,0.01768428945945481,0.012855468524826897,0.09081658720970154,0.1702779233455658,0.2830438017845154,0.2196340560913086,0.2261607050895691,0.2159483234087626,0.23385488986968994,0.25234172741572064,0.23922830820083618,0.29269663492838544,0.27020061016082764,0.2783541480700175,0.24732917547225952,0.22737679878870645,0.20455843210220337,0.238223930199941,0.24928277730941772,0.25086020429929096,0.2660231292247772,0.24210437138875326,0.31840240955352783,0.29571349422136944,0.2963294982910156,0.2350913609067599,0.046168435207110343,0.18892292569964955,0.2687015049159527,0.11158039420843124,0.2185240313410759,0.12911207973957062,0.2350913609067599,0.12129270285367966,0.17854676395654678,0.08506432920694351,0.13090930134058,0.08175375312566757,0.10582451522350311,0.06325317174196243,0.12343864887952805,0.08838848024606705,0.11919173349936803,0.14339879155158997,0.0732475717862447,0.07142521440982819,0.08086638152599335,0.06431597471237183,0.042207314943273865,0.029034970328211784
88159254,qslstm_log,extrapolation,early,2000169,62,2,60,59,2,0.06530515231125747,0.24971055792224023,0.09110213669430678,0.30183130502700806,0.10258098200194121,0.3103448301553726,0.06406262465490135,0.24768941551446916,0.017211990841364457,0.011163539746228386,0.05505025386810303,0.11571089923381805,0.18185701966285706,0.1728115826845169,0.2318619191646576,0.3103448301553726,0.23118001222610474,0.31566210091114044,0.2605671286582947,0.280609592795372,0.24012571573257446,0.2737109512090683,0.22984373569488525,0.22630725800991058,0.2035248875617981,0.22720356285572052,0.22254520654678345,0.24425455927848816,0.22794198989868164,0.24068540334701538,0.23024249076843262,0.2080579698085785,0.20306771993637085,0.10730639472603798,0.05401599931841095,0.05329039540762703,0.14058870449662209,0.09855837374925613,0.11627254262566566,0.08920029550790787,0.10730639472603798,0.07475169748067856,0.0984341986477375,0.06967876106500626,0.08197351545095444,0.06575583666563034,0.08080142922699451,0.06119373068213463,0.07088253647089005,0.05222149193286896,0.0714480634778738,0.05369583144783974,0.06566984578967094,0.06166093051433563,0.04473085328936577,0.0428074486553669,0.04104184731841087,0.03245329484343529
88159254,qslstm_log,extrapolation,early,2000170,62,3,59,59,2,0.04868367191520643,0.2172124332958652,0.04569599562957194,0.2137662172317505,0.07462546765981948,0.24913414319356283,0.047364597555310854,0.21558929550445685,0.01262067586688672,0.009943737387657166,0.03109775483608246,0.2764877527952194,0.3715355396270752,0.26285846531391144,0.3473578691482544,0.24913414319356283,0.10075607895851135,0.25090081493059796,0.14448878169059753,0.16321112712224325,0.16750311851501465,0.19109206398328146,0.1797625720500946,0.1838394304116567,0.1623290777206421,0.19002516071001688,0.16817039251327515,0.1821162203947703,0.19981920719146729,0.18833493192990622,0.21622776985168457,0.20263315240542093,0.2299233078956604,0.1454777792096138,0.04754254019866556,0.09793523901094825,0.08337117359042168,0.0855715274810791,0.07172350957989693,0.06838926672935486,0.1454777792096138,0.09050970524549484,0.13057794918616614,0.06630706042051315,0.09761542578538258,0.0633511170744896,0.07469390208522479,0.05280318483710289,0.06022296970089277,0.04007556661963463,0.05554561565319697,0.04118445888161659,0.0540803869565328,0.0459989495575428,0.059889222184816994,0.06923509389162064,0.05221882462501526,0.04943595826625824
88159254,qslstm_log,extrapolation,early,2000171,62,1,61,60,1,0.11049989382727109,0.331565392113501,0.11642888603644597,0.3412167727947235,0.12742444061445113,0.3569656014442444,0.110222442240596,0.33114899523922653,0.012780559559663137,0.010259899890647744,0.037029117345809937,0.2985030896961689,0.2985030896961689,0.3223026283085346,0.3223026283085346,0.3569656014442444,0.3569656014442444,0.39759767055511475,0.39759767055511475,0.37821656465530396,0.37821656465530396,0.3333342671394348,0.3333342671394348,0.3202141225337982,0.3202141225337982,0.33968839049339294,0.33968839049339294,0.3469263017177582,0.3469263017177582,0.3556387424468994,0.3556387424468994,0.35290753841400146,0.35290753841400146,0.09024659544229507,0.044798812966366286,0.04544778247592879,0.09755581617355347,0.09755581617355347,0.07306551933288574,0.07306551933288574,0.09024659544229507,0.09024659544229507,0.06273108720779419,0.06273108720779419,0.07205002754926682,0.07205002754926682,0.0563635490834713,0.0563635490834713,0.05108632519841194,0.05108632519841194,0.047346148639917374,0.047346148639917374,0.039484903216362,0.039484903216362,0.028639430180191994,0.028639430180191994,0.02885027974843979,0.02885027974843979
88159254,qslstm_log,extrapolation,early,2000172,62,2,60,60,1,0.08902260964962878,0.29598204563221625,0.08207540633543431,0.28648805618286133,0.06567990934716786,0.24004564806818962,0.0898006996597108,0.2978465922176838,0.01928713619709015,0.01586385225427562,0.06702589988708496,0.24249502271413803,0.24249502271413803,0.38740404695272446,0.38740404695272446,0.24004564806818962,0.3298119902610779,0.2709234468638897,0.29935187101364136,0.3834000639617443,0.37939608097076416,0.3642599433660507,0.39870789647102356,0.36186613142490387,0.4243803918361664,0.3492323309183121,0.2997567653656006,0.30085432529449463,0.27965593338012695,0.2716054916381836,0.276584267616272,0.27179834246635437,0.2759038805961609,0.24345587193965912,0.053278306312859056,0.19017756562680005,0.2714916169643402,0.2714916169643402,0.2638821005821228,0.2638821005821228,0.24345587193965912,0.20424264669418335,0.22986654937267303,0.18824148178100586,0.2162700966000557,0.1686580926179886,0.1617535762488842,0.11926450580358505,0.13923410698771477,0.09022673219442368,0.12323424592614174,0.12720398604869843,0.1253475435078144,0.12330000847578049,0.06676985509693623,0.053412217646837234,0.08440019562840462,0.10369560122489929
88159254,qslstm_log,extrapolation,early,2000173,62,3,59,59,2,0.2104340827735341,0.4301760960370302,0.2588160753256326,0.5087396930903196,0.08378849750520902,0.26435508765280247,0.21687368880412694,0.4386076727345333,0.012820256968676034,0.010280701578879843,0.04693096876144409,0.0849427580833435,0.0849427580833435,0.13903562724590302,0.0857192873954773,0.26435508765280247,0.43062172643840313,0.26793390947083634,0.47738013975322247,0.27485075034201145,0.47394768707454205,0.26758108971019584,0.5058788489550352,0.22249869940181574,0.5066320728510618,0.20140422818561396,0.49832157604396343,0.2242458208153645,0.5068444442003965,0.46951443267365295,0.5005414318293333,0.5031721821675698,0.5067705940455198,0.22287745401263237,0.03746521892815323,0.18541223508447913,0.04567889869213104,0.04567889869213104,0.1976629327982664,0.03966125473380089,0.22287745401263237,0.03487888351082802,0.17645936583479246,0.04089024290442467,0.13528381660580635,0.04301634058356285,0.1080424723525842,0.0359979085624218,0.09328517193595569,0.034512538462877274,0.0612728496392568,0.030260682106018066,0.05205509066581726,0.031555723398923874,0.035135976349314056,0.029638802632689476,0.031126637011766434,0.02589406818151474
88159254,qslstm_log,extrapolation,early,2000174,62,1,61,61,0,0.059469176382362474,0.241714600593813,0.04689797810078744,0.21655941009521484,0.034305224132752166,0.18521669507026672,0.059881700189733135,0.24264079576633016,0.016254427491641434,0.016254427491641434,,,,,,0.18521669507026672,0.18521669507026672,0.3140931725502014,0.3140931725502014,0.27875861525535583,0.27875861525535583,0.3371019959449768,0.3371019959449768,0.3802867829799652,0.3802867829799652,0.25057294964790344,0.25057294964790344,0.19749802350997925,0.19749802350997925,0.266873300075531,0.266873300075531,0.27120935916900635,0.27120935916900635,0.2918113172054291,0.047724711968273416,0.24408660523715567,,,,,0.2918113172054291,0.2918113172054291,0.1822543740272522,0.1822543740272522,0.17048554122447968,0.17048554122447968,0.13457758724689484,0.13457758724689484,0.12368980050086975,0.12368980050086975,0.09040097147226334,0.09040097147226334,0.06965650618076324,0.06965650618076324,0.04836202785372734,0.04836202785372734,0.03951692208647728,0.03951692208647728
88159254,qslstm_log,extrapolation,early,2000175,62,3,59,58,3,0.07096783147969662,0.26386462728823384,0.07441704247448744,0.2727948725223541,0.05070093573319667,0.22033536434173584,0.07199835160240001,0.26607797964144564,0.015691256728665583,0.013671585411395668,0.03997688492139181,0.21044554313023886,0.18773865699768066,0.20494054754575095,0.19514155387878418,0.22033536434173584,0.24491804838180542,0.27427729964256287,0.31346046924591064,0.21605273087819418,0.30506956577301025,0.22468594710032144,0.2870723605155945,0.24050035079320273,0.28884434700012207,0.27708251277605694,0.2812599241733551,0.29484593868255615,0.29062390327453613,0.29074057936668396,0.30033791065216064,0.2777038315931956,0.2745983302593231,0.0859797236820062,0.03421016571001481,0.051769557971991384,0.16694677248597145,0.051654454320669174,0.11574874818325043,0.049754559993743896,0.0859797236820062,0.04772016033530235,0.0705820806324482,0.04950493201613426,0.056962216893831887,0.04118277505040169,0.04974637801448504,0.038596224039793015,0.04572392006715139,0.037797145545482635,0.04146311556299528,0.035486411303281784,0.0362982756147782,0.02991490624845028,0.03033106525739034,0.025591878220438957,0.02529534014562766,0.022562002763152122
88159254,qslstm_log,extrapolation,early,2000176,62,3,59,59,2,0.18642586014616933,0.43028628537731783,0.17727272288539098,0.4210376739501953,0.11745258338324997,0.33265475432078045,0.1899329759137754,0.43525060051578585,0.015645399942236432,0.010317549413564255,0.06938666105270386,0.4459208846092224,0.4459208846092224,0.33499079942703247,0.45388925075531006,0.33265475432078045,0.39090752601623535,0.410049041112264,0.37936699390411377,0.4319875439008077,0.40925705432891846,0.44892943898836773,0.4042418599128723,0.44694069027900696,0.406258761882782,0.4339394768079122,0.39842164516448975,0.4707687000433604,0.43495815992355347,0.40902286767959595,0.4567940831184387,0.4283122221628825,0.4450644850730896,0.18890736003716788,0.04498921410512116,0.14391814593204671,0.06390992552042007,0.06390992552042007,0.15217583812773228,0.05009107664227486,0.18890736003716788,0.056200578808784485,0.16930349667867026,0.05147281289100647,0.13182179257273674,0.061332110315561295,0.1053651471932729,0.07522851973772049,0.0922921858727932,0.05165335163474083,0.09253185366590817,0.06006074324250221,0.08401919156312943,0.0640110895037651,0.04611010352770487,0.03065691888332367,0.04380528690914313,0.02717624045908451
88159254,qslstm_log,extrapolation,early,2000177,62,2,60,59,2,0.13685965888716306,0.36723517914933546,0.12461706396309952,0.3530114218592644,0.1323216697709109,0.3603747747838497,0.13701092519103814,0.36746385929485165,0.017197145748946627,0.011536312864181842,0.038812875747680664,0.3929157629609108,0.3474465608596802,0.40932435542345047,0.30383485555648804,0.3603747747838497,0.4098893329501152,0.35926711186766624,0.4411817714571953,0.34953486546874046,0.4186125919222832,0.3616250418126583,0.4191637560725212,0.33802273496985435,0.3942565843462944,0.36304187402129173,0.40435170382261276,0.3695777617394924,0.42075585573911667,0.43708910793066025,0.4329964444041252,0.3934248611330986,0.3755783960223198,0.15760699287056923,0.056205126581092675,0.10140186628947656,0.15433538891375065,0.05347459390759468,0.1499703973531723,0.06757345795631409,0.15760699287056923,0.08994602411985397,0.10677501186728477,0.07475567609071732,0.08040426298975945,0.06959722936153412,0.06310223042964935,0.058394402265548706,0.06308735720813274,0.0560142956674099,0.06292570941150188,0.055644441395998,0.06616506539285183,0.04634476825594902,0.07370375469326973,0.07265183329582214,0.053336793556809425,0.06368187069892883
88159254,qslstm_log,extrapolation,early,2000178,62,3,59,58,3,0.06795145104157406,0.25710514187812805,0.07669876131589959,0.27694541215896606,0.04453677332557504,0.21040058135986328,0.06914202787459095,0.25947995004007374,0.016275213710192978,0.01482502886882195,0.07819030682245891,0.3030228614807129,0.3130117654800415,0.1737094521522522,0.2031644582748413,0.21040058135986328,0.19495868682861328,0.22015980879465738,0.1778700351715088,0.23319397370020548,0.20784211158752441,0.2299884557723999,0.20997822284698486,0.2435689171155294,0.22285544872283936,0.25920631488164264,0.2352880835533142,0.23830819129943848,0.2387920618057251,0.23178730408350626,0.23809826374053955,0.2515011628468831,0.2638664245605469,0.11166384940346082,0.035337059111413306,0.0763267902920475,0.055744633078575134,0.05378570780158043,0.1323886252939701,0.049018099904060364,0.11166384940346082,0.05054285004734993,0.10341170926888783,0.04427165910601616,0.06884895637631416,0.0379740446805954,0.05315168326099714,0.03537262603640556,0.044227911780277886,0.033221691846847534,0.03971794371803602,0.032302048057317734,0.03499560058116913,0.02686369977891445,0.02736678719520569,0.023300224915146828,0.023621821776032448,0.021386966109275818
88159254,qslstm_log,extrapolation,early,2000179,62,2,60,59,2,0.03580733331310075,0.17790568223403347,0.012286072167705164,0.11084255576133728,0.07248508918062507,0.259642755612731,0.034584741450849936,0.17518111312141021,0.018522889937384653,0.011521155014634132,0.012205585837364197,0.2503208573907614,0.31092677637934685,0.27104457281529903,0.2937616817653179,0.259642755612731,0.1884337067604065,0.24977347813546658,0.20904839038848877,0.2545639332383871,0.2362816333770752,0.25399131141602993,0.25813236832618713,0.29104930721223354,0.27117183804512024,0.2286224514245987,0.2688111960887909,0.25425076484680176,0.2722198963165283,0.2317144125699997,0.1946176290512085,0.19259612262248993,0.15778684616088867,0.0935647301375866,0.05458962970102827,0.03897510043655832,0.09780703112483025,0.07815471291542053,0.08738329634070396,0.06266569346189499,0.0935647301375866,0.08800884336233139,0.06144260801374912,0.0605623722076416,0.0641163345426321,0.06150749698281288,0.07506053522229195,0.07994279265403748,0.06779349595308304,0.057432278990745544,0.07001054100692272,0.05201223865151405,0.052815623581409454,0.04412375018000603,0.045017825439572334,0.038023412227630615,0.04420521482825279,0.04411851242184639
88159254,qslstm_log,extrapolation,early,2000180,62,2,60,60,1,0.024207390085577565,0.11315000634039601,0.00014164210395595234,0.01190134882926941,0.036427250047680104,0.1591271162033081,0.023800061420174146,0.11161743601163228,0.02250623404979706,0.016070325584972605,-0.017474323511123657,0.3906559944152832,0.3906559944152832,0.4270745813846588,0.4270745813846588,0.1591271162033081,0.05374300479888916,0.13232040405273438,0.06694912910461426,0.14280951023101807,0.08154839277267456,0.2144850790500641,0.09709876775741577,0.23666805028915405,0.10346877574920654,0.23873808979988098,0.11911952495574951,0.2502586841583252,0.10986137390136719,0.07329738140106201,0.06504637002944946,0.10931676626205444,0.09951400756835938,0.19069107249379158,0.06261759009212256,0.12807348240166902,0.07664430886507034,0.07664430886507034,0.07897115498781204,0.07897115498781204,0.19069107249379158,0.07804087549448013,0.12329862080514431,0.061260830610990524,0.10701399110257626,0.06040848419070244,0.08449149504303932,0.0584212988615036,0.08742589503526688,0.056443050503730774,0.08189991861581802,0.06957627087831497,0.06871319748461246,0.06078208610415459,0.0543304979801178,0.04825251176953316,0.05638015642762184,0.04318404197692871
88159254,qslstm_log,extrapolation,early,2000181,62,0,62,61,0,0.13398434501587858,0.3577561883195754,0.136047700930221,0.36884644627571106,,,0.13398434501587858,0.3577561883195754,0.020635076722160715,0.020635076722160715,,,,,,,,,,,,,,,,,,,,,,,,,0.06206204015160761,,,,,,,,,,,,,,,,,,,,,,,
88159254,qslstm_log,extrapolation,early,2000182,62,3,59,59,2,0.030507656886068168,0.1663061817807536,0.020887697145610673,0.14452576637268066,0.12806894615996503,0.3444300790627797,0.025546913363666632,0.15724903446132854,0.014646847369307178,0.014676809310913086,0.08950906991958618,0.29329290986061096,0.29329290986061096,0.3753136843442917,0.2711475193500519,0.3444300790627797,0.2550770044326782,0.27316445112228394,0.22746706008911133,0.2503024140993754,0.18646681308746338,0.23274667064348856,0.1720154881477356,0.20530728499094644,0.1333777904510498,0.1603181759516398,0.12247222661972046,0.15327401955922446,0.16107773780822754,0.17030630509058634,0.1829897165298462,0.17022383213043213,0.16212642192840576,0.2785465369621913,0.037276846625037115,0.24126969033715417,0.2002914398908615,0.2002914398908615,0.27956778556108475,0.1540379375219345,0.2785465369621913,0.14019344747066498,0.20005906373262405,0.10953722149133682,0.14366462578376135,0.076664499938488,0.12051217754681905,0.06730514764785767,0.1037690465648969,0.061576470732688904,0.06771672641237576,0.05918053165078163,0.05324264864126841,0.048870932310819626,0.05013917883237203,0.04676084592938423,0.03946087509393692,0.031805772334337234
88159254,qslstm_log,extrapolation,early,2000183,62,3,59,58,3,0.06929739279625516,0.24802572256134403,0.048606565918448474,0.22046896815299988,0.08485304588120772,0.28074127435684204,0.06850642738515587,0.24636221992767462,0.01730684679130028,0.010796944300333658,0.054254511992136635,0.43417835235595703,0.256048321723938,0.4103119671344757,0.25344371795654297,0.28074127435684204,0.2135063111782074,0.3269904553890228,0.2091890275478363,0.3340851664543152,0.2288430631160736,0.31861786047617596,0.2097625434398651,0.2354400853315989,0.21378841996192932,0.21411569913228354,0.1814068853855133,0.2269031802813212,0.21750327944755554,0.2180565893650055,0.215866357088089,0.20911980668703714,0.19674065709114075,0.08332508678237598,0.04610927576609587,0.037215811016280104,0.12627786646286646,0.07295346260070801,0.10889987150828044,0.053036242723464966,0.08332508678237598,0.044199343770742416,0.08370274677872658,0.057870399206876755,0.07923719907800357,0.056399594992399216,0.08378476401170094,0.061390116810798645,0.06267561266819636,0.04048212617635727,0.05315822549164295,0.03089279867708683,0.04902269567052523,0.03264172747731209,0.038871102035045624,0.024352386593818665,0.025901131331920624,0.020827697589993477
88159254,qslstm_log,extrapolation,early,2000184,62,3,59,59,2,0.08615149036501044,0.29075002622219825,0.06623923768440765,0.25736984610557556,0.05629833895874873,0.22994813323020935,0.08766944721617628,0.293841647899757,0.013831642219575785,0.013831642219575785,0.07333925366401672,0.2512440085411072,0.2512440085411072,0.26988841593265533,0.2885328233242035,0.22994813323020935,0.15006756782531738,0.21624009807904562,0.21011990308761597,0.21464131275812784,0.2837364673614502,0.28786136706670123,0.3697277307510376,0.33769450585047406,0.3596193194389343,0.321437140305837,0.28455686569213867,0.2861654261747996,0.28459632396698,0.3674053152402242,0.36864662170410156,0.31618304053942364,0.29914045333862305,0.22923667232195535,0.04341210374387644,0.1858245685780789,0.3449154794216156,0.3449154794216156,0.2600986585021019,0.1752818375825882,0.22923667232195535,0.1675126999616623,0.15728304286797842,0.12905459105968475,0.14437336226304373,0.13655279576778412,0.13287192086378732,0.13300837576389313,0.141599973042806,0.15523874759674072,0.1146929810444514,0.08375086635351181,0.06681523347894351,0.057399552315473557,0.055544496824344,0.04676148667931557,0.03588063269853592,0.03437154367566109
88159254,qslstm_log,extrapolation,early,2000185,62,0,62,61,0,0.05598561612890399,0.2230507981392645,0.06302776118829545,0.2510533034801483,,,0.05598561612890399,0.2230507981392645,0.015865990861517486,0.015865990861517486,,,,,,,,,,,,,,,,,,,,,,,,,0.06110969140765167,,,,,,,,,,,,,,,,,,,,,,,
88159254,qslstm_log,extrapolation,early,2000186,62,3,59,59,2,0.2618872979163772,0.5095350739936675,0.26325686732083486,0.5130856335163116,0.1828235948936395,0.41760074843962985,0.26590748620566895,0.5142097007167541,0.015939712019289953,0.013891352848573164,0.05602714419364929,0.39980074390769005,0.3119853064417839,0.42202338203787804,0.30561261624097824,0.41760074843962985,0.5358595848083496,0.40661026785771054,0.5275453925132751,0.5067067344983419,0.49664443731307983,0.5288983782132467,0.520715594291687,0.4486582751075427,0.5373450815677643,0.5527106523513794,0.5849272906780243,0.5344761908054352,0.5218568444252014,0.5016959408919016,0.4623628258705139,0.49688802162806195,0.5126708745956421,0.16120732327302298,0.04964322622044612,0.11156409705257686,0.131065234541893,0.1268659383058548,0.10020239278674126,0.09135913848876953,0.16120732327302298,0.10559806227684021,0.11852088818947475,0.08205931633710861,0.10333205262819926,0.06913356482982635,0.08944840480883916,0.07724025100469589,0.08474056546886762,0.05822219327092171,0.0734914963444074,0.05665423348546028,0.06537185236811638,0.0703277587890625,0.06656764571865399,0.07402367144823074,0.07356824477513631,0.06212475895881653
88159254,qslstm_log,extrapolation,early,2000187,62,1,61,61,0,0.015511455197746158,0.11949002742767334,0.010317132924658523,0.10157328844070435,0.04079351053520952,0.2019740343093872,0.015096995274181185,0.11813783059354688,0.014915127246106257,0.014915127246106257,,,,,,0.2019740343093872,0.2019740343093872,0.11509472131729126,0.11509472131729126,0.1932024359703064,0.1932024359703064,0.1537996530532837,0.1537996530532837,0.18927615880966187,0.18927615880966187,0.20940017700195312,0.20940017700195312,0.15538173913955688,0.15538173913955688,0.1471325159072876,0.1471325159072876,0.17104482650756836,0.17104482650756836,0.32339414954185486,0.04983513783968863,0.27355901170216623,,,,,0.32339414954185486,0.32339414954185486,0.22961227595806122,0.22961227595806122,0.15136118233203888,0.15136118233203888,0.1067083552479744,0.1067083552479744,0.10766857862472534,0.10766857862472534,0.08490094542503357,0.08490094542503357,0.07388598471879959,0.07388598471879959,0.05959521234035492,0.05959521234035492,0.04987825080752373,0.04987825080752373
88159254,qslstm_log,extrapolation,near_best,2000188,62,2,60,59,2,0.4185196834419179,0.6353323815330383,0.43515317879725046,0.6596614122390747,0.17000906931399895,0.36711931973695755,0.42680337057951523,0.6442728169262409,0.013450968568607911,0.013111815640800878,0.0771840363740921,0.1864156350493431,0.17941616475582123,0.20584037154912949,0.1757240742444992,0.36711931973695755,0.5548224747180939,0.36336492747068405,0.5510057806968689,0.5710969418287277,0.5873714089393616,0.569972038269043,0.588938295841217,0.5986241847276688,0.609876960515976,0.603289932012558,0.59670290350914,0.6160100102424622,0.6353171169757843,0.6645524501800537,0.6457415819168091,0.6531096547842026,0.6588323414325714,0.15000396221876144,0.06770696397870779,0.08229699824005365,0.2541329562664032,0.16684693098068237,0.16130982339382172,0.14133073389530182,0.15000396221876144,0.13316099345684052,0.13066311925649643,0.11999550461769104,0.12303707748651505,0.11291316151618958,0.12463954836130142,0.1292835921049118,0.1095937192440033,0.10627427697181702,0.10415929928421974,0.10204432159662247,0.10490239039063454,0.1077604591846466,0.08613580837845802,0.07705945521593094,0.06787725910544395,0.07777664810419083
88159254,qslstm_log,extrapolation,near_best,2000189,62,2,60,59,2,0.10662283141074667,0.32169127368157907,0.10777141869597529,0.3282855749130249,0.058695291331734456,0.23913680016994476,0.10822041608004708,0.32444308946530026,0.01621337260230113,0.010357963351102976,0.09319648146629333,0.44012975692749023,0.44012975692749023,0.2259594053030014,0.43063196539878845,0.23913680016994476,0.2002924680709839,0.2872323989868164,0.23007121682167053,0.3440149873495102,0.27234795689582825,0.2827828824520111,0.2730479836463928,0.35151804983615875,0.28961724042892456,0.3714951276779175,0.3028604984283447,0.24233326315879822,0.28437405824661255,0.309783935546875,0.32995063066482544,0.3194598853588104,0.3545457124710083,0.19013270735740662,0.054843638682117064,0.13528906867528956,0.1073516309261322,0.1073516309261322,0.28833310306072235,0.14425668120384216,0.19013270735740662,0.0924428403377533,0.13813776150345802,0.06690400093793869,0.12889812141656876,0.0791759043931961,0.12366553768515587,0.07110128551721573,0.10074781067669392,0.050461966544389725,0.0806367639452219,0.0539218969643116,0.07972343638539314,0.06700403243303299,0.04300976172089577,0.03555755689740181,0.0480079585686326,0.029011884704232216
88159254,qslstm_log,extrapolation,near_best,2000190,62,4,58,58,3,0.11251090957721725,0.33359512272140673,0.1219967888568485,0.34928038716316223,0.07974963175532065,0.278999543748796,0.11477030804769288,0.3373603350643454,0.01557984485708434,0.009026363796117355,0.055729558070500694,0.31880891136825085,0.28565286099910736,0.30313947672645253,0.3215887099504471,0.278999543748796,0.26234495639801025,0.3029288351535797,0.29020124673843384,0.34467868134379387,0.3199358880519867,0.36449744924902916,0.32381415367126465,0.3391583003103733,0.3421979546546936,0.28848129883408546,0.3367348909378052,0.27565573528409004,0.3589790165424347,0.3051816001534462,0.348244309425354,0.3468140736222267,0.354582279920578,0.22062860801815987,0.04248438910420599,0.17814421891395388,0.18678907305002213,0.07489664852619171,0.22704719255367914,0.07705067843198776,0.22062860801815987,0.08492782711982727,0.18574055284261703,0.07420656085014343,0.15054540056735277,0.06196435168385506,0.13330866489559412,0.056348491460084915,0.11134450789541006,0.042710211127996445,0.08062040712684393,0.0473937951028347,0.06600823253393173,0.04724176600575447,0.06465865671634674,0.0375358872115612,0.040833018720149994,0.029297657310962677
88159254,qslstm_log,extrapolation,near_best,2000191,62,3,59,59,2,0.11023377696945497,0.3228407290674025,0.13961477868736338,0.37365061044692993,0.07758042409774173,0.2699241638183594,0.11189411694598275,0.3255314018766759,0.033385544510210974,0.0298938092432524,0.18483464419841766,0.49293822050094604,0.49293822050094604,0.27806520462036133,0.3571871519088745,0.2699241638183594,0.24793994426727295,0.3370132843653361,0.15521234273910522,0.33697132269541424,0.16078859567642212,0.25903208057085675,0.17196914553642273,0.21908064683278403,0.2540896534919739,0.18025917808214822,0.20801979303359985,0.234817773103714,0.18769487738609314,0.2223016321659088,0.24749213457107544,0.26610301931699115,0.32261455059051514,0.27366215487321216,0.07600241627986148,0.19765973859335068,0.19333940744400024,0.19333940744400024,0.27255991101264954,0.29231181740760803,0.27366215487321216,0.2491481453180313,0.23670263588428497,0.1977381855249405,0.20145789037148157,0.11872244626283646,0.2092996413509051,0.08643896132707596,0.19152690966924033,0.12769439816474915,0.10447299232085545,0.10825756937265396,0.10323228562871616,0.052141863852739334,0.06195563326279322,0.07437130063772202,0.07516731321811676,0.07922667264938354
88159254,qslstm_log,extrapolation,near_best,2000192,62,1,61,60,1,0.30591512648093766,0.5416767726982793,0.3256092255129239,0.5706217885017395,0.059494712135833794,0.2439153790473938,0.30995480540462794,0.5465581070204251,0.018105132381121318,0.01833078719801822,0.008855760097503662,0.16125214099884033,0.16125214099884033,0.15646064281463623,0.15646064281463623,0.2439153790473938,0.2439153790473938,0.30207717418670654,0.30207717418670654,0.33440887928009033,0.33440887928009033,0.3705185055732727,0.3705185055732727,0.39127007126808167,0.39127007126808167,0.4006023406982422,0.4006023406982422,0.4819380044937134,0.4819380044937134,0.514589250087738,0.514589250087738,0.5887105464935303,0.5887105464935303,0.1224798783659935,0.04901836375843306,0.07346151460756044,0.24252033233642578,0.24252033233642578,0.14731334149837494,0.14731334149837494,0.1224798783659935,0.1224798783659935,0.10775375366210938,0.10775375366210938,0.09580930322408676,0.09580930322408676,0.08403950929641724,0.08403950929641724,0.07085154950618744,0.07085154950618744,0.06616035848855972,0.06616035848855972,0.06309664249420166,0.06309664249420166,0.049696728587150574,0.049696728587150574,0.047226231545209885,0.047226231545209885
88159254,qslstm_log,extrapolation,near_best,2000193,62,5,57,56,5,0.150480420710314,0.37615986102290694,0.15599915841538436,0.39496728777885437,0.07797667342921996,0.2675239123404026,0.15684039854198903,0.3856893302055827,0.025846858641930988,0.02256158435786212,0.10524278283119201,0.1520945429801941,0.37523990869522095,0.21338879838585853,0.4193912148475647,0.2675239123404026,0.20610204339027405,0.24097931981086732,0.22531825304031372,0.25019378438591955,0.2637064456939697,0.2757113792002201,0.2241431474685669,0.30725682377815244,0.25262829661369324,0.23988774418830872,0.2912469804286957,0.2835757553577423,0.3517492711544037,0.361341392993927,0.4439261853694916,0.40186919569969176,0.4140399992465973,0.20748059153556825,0.0732099361586989,0.13427065537686933,0.2778042796999216,0.11021063476800919,0.2659434601664543,0.08467676490545273,0.20748059153556825,0.08477836102247238,0.17358123809099196,0.08681482821702957,0.1362744837999344,0.08351141214370728,0.10468717813491821,0.10024019330739975,0.08652589470148087,0.06741583347320557,0.08300487697124481,0.07577516883611679,0.0794237956404686,0.06527868658304214,0.08006666302680969,0.12001710385084152,0.07858813107013703,0.048813238739967346
88159254,qslstm_log,extrapolation,near_best,2000194,62,2,60,59,2,0.10363236874474643,0.31219323171723273,0.12540183009059547,0.35412120819091797,0.07681281757419711,0.2738175392150879,0.10452635378376475,0.31347242146730425,0.01531595850394944,0.010217712475703312,0.015998587012290955,0.17551948130130768,0.19414785504341125,0.2554114907979965,0.3166751265525818,0.2738175392150879,0.230959951877594,0.24119845032691956,0.2514369487762451,0.24801847338676453,0.24459999799728394,0.25052300095558167,0.2564460039138794,0.26972754299640656,0.2830090820789337,0.2787611037492752,0.2659558355808258,0.3073732256889343,0.31473028659820557,0.34088456630706787,0.342612624168396,0.3369789123535156,0.33337104320526123,0.08566194027662277,0.05504623145485918,0.030615708821763593,0.08110908046364784,0.08377963304519653,0.0888504795730114,0.09392132610082626,0.08566194027662277,0.07740255445241928,0.07027551159262657,0.06314846873283386,0.05915161781013012,0.055154766887426376,0.052532754838466644,0.04991074278950691,0.05033472366631031,0.05075870454311371,0.052385952323675156,0.05191211774945259,0.05174371413886547,0.047538872808218,0.04494775831699371,0.045012813061475754,0.05151592940092087,0.05118994042277336
88159254,qslstm_log,extrapolation,near_best,2000195,62,2,60,60,1,0.18937263591832265,0.4321041599764759,0.17870319678113233,0.42273300886154175,0.1340264583229252,0.3603029652731493,0.1912175085048359,0.43449753313325346,0.01048139085372289,0.010222351444619042,0.07802793383598328,0.25838371203280985,0.25838371203280985,0.2731439380440861,0.2731439380440861,0.3603029652731493,0.4251738488674164,0.355805019964464,0.4368942975997925,0.36183866404462606,0.4466499984264374,0.36217678629327565,0.46596986055374146,0.36584928177762777,0.45855462551116943,0.46600963175296783,0.4951249659061432,0.4711155593395233,0.4762612581253052,0.48671355843544006,0.48499053716659546,0.4756081700325012,0.47559359669685364,0.23329820483922958,0.04251079357539614,0.19078741126383345,0.13959695398807526,0.13959695398807526,0.16077901422977448,0.16077901422977448,0.23329820483922958,0.1350090354681015,0.168097835034132,0.09801413863897324,0.11784904822707176,0.08292210847139359,0.10469065979123116,0.06978436559438705,0.11196188256144524,0.063144750893116,0.07722934149205685,0.05644454434514046,0.0575173981487751,0.04525043070316315,0.043516360223293304,0.03839103877544403,0.03726191259920597,0.03213785961270332
88159254,qslstm_log,extrapolation,near_best,2000196,62,2,60,60,1,0.0424315509582784,0.1994542934361004,0.03902383545909416,0.19754451513290405,0.12292965980779878,0.33240102464333177,0.03974828066329439,0.19502273572919268,0.016790805260340373,0.014616509278615316,0.051696062088012695,0.30643621552735567,0.30643621552735567,0.2696249829605222,0.2696249829605222,0.33240102464333177,0.220869779586792,0.31993076438084245,0.24322295188903809,0.27808797592297196,0.24973973631858826,0.2615771465934813,0.25352931022644043,0.21983730792999268,0.21880483627319336,0.2081708461046219,0.16660195589065552,0.17926175892353058,0.1397186815738678,0.13117796182632446,0.12263724207878113,0.14208801090717316,0.16153877973556519,0.19194568693637848,0.04767629851897558,0.1442693884174029,0.18308578431606293,0.18308578431606293,0.13842082023620605,0.13842082023620605,0.19194568693637848,0.14212854206562042,0.15858758240938187,0.12696994841098785,0.14189595729112625,0.10070613026618958,0.11647617816925049,0.09453153610229492,0.11242471262812614,0.08272088319063187,0.09293193742632866,0.08515774458646774,0.07288697361946106,0.06305306404829025,0.052396317943930626,0.041739571839571,0.039587244391441345,0.03743491694331169
88159254,qslstm_log,extrapolation,near_best,2000197,62,5,57,57,4,0.1869272578933389,0.42408373230887997,0.22223537399316573,0.47141847014427185,0.08079773865170914,0.276631760597229,0.196236864844359,0.4370181157923581,0.011334975560506185,0.009174802955591454,0.0886777713894844,0.25515905767679214,0.18199926614761353,0.22683847695589066,0.1429201364517212,0.276631760597229,0.3947324752807617,0.25941693782806396,0.42655515670776367,0.25303698778152467,0.42468783259391785,0.21677204966545105,0.4053843021392822,0.27645118832588195,0.4307698607444763,0.3741787075996399,0.4429188072681427,0.41641668081283567,0.42650893330574036,0.43387197852134707,0.44867464900016785,0.4354420304298401,0.45298996567726135,0.18235463351011277,0.035612600414376507,0.14674203309573627,0.21914359740912914,0.10842568427324295,0.18185731954872608,0.09359226375818253,0.18235463351011277,0.06956509500741959,0.17289972305297852,0.0518764853477478,0.13288185074925424,0.051460590213537216,0.12323756143450737,0.0460260771214962,0.09554747194051742,0.042138323187828064,0.06379855126142502,0.037664901465177536,0.04871222749352455,0.03437105193734169,0.03555520921945572,0.02725289762020111,0.02959367260336876,0.02678670920431614
88159254,qslstm_log,extrapolation,near_best,2000198,62,2,60,60,1,0.0722330909724501,0.26699212674171696,0.08358449154060565,0.28910982608795166,0.09085632613360417,0.3013864755630493,0.0716123164670783,0.2658456484476725,0.014381783207257588,0.014381783207257588,0.11111366748809814,,,0.29664111137390137,0.29664111137390137,0.3013864755630493,0.30613183975219727,0.316131591796875,0.32613134384155273,0.2908833920955658,0.25563544034957886,0.24938258528709412,0.24312973022460938,0.2240981012582779,0.2050664722919464,0.24059028923511505,0.23145535588264465,0.2031814008951187,0.20406600832939148,0.21757420897483826,0.190716952085495,0.24340035021305084,0.25160497426986694,0.2889981120824814,0.042754821851849555,0.24624329023063182,,,0.36160358786582947,0.36160358786582947,0.2889981120824814,0.2163926362991333,0.19350504130125046,0.17061744630336761,0.1549784392118454,0.13933943212032318,0.12317132204771042,0.10700321197509766,0.09083210676908493,0.0746610015630722,0.07903557270765305,0.07777860015630722,0.06619260460138321,0.0650113895535469,0.04963965155184269,0.047498270869255066,0.040951408445835114,0.040066320449113846
88159254,qslstm_log,extrapolation,near_best,2000199,62,0,62,61,0,0.17266355946458925,0.41388099616573704,0.17306537997939486,0.4160112738609314,,,0.17266355946458925,0.41388099616573704,0.025151198027563878,0.025151198027563878,,,,,,,,,,,,,,,,,,,,,,,,,0.058543617506661726,,,,,,,,,,,,,,,,,,,,,,,
88159254,qslstm_log,extrapolation,near_best,2000200,62,1,61,61,0,0.1858023870638991,0.42734434191257725,0.21504828382764263,0.4637329876422882,0.021412259272338474,0.14632928371429443,0.1884973071916296,0.431951146145336,0.027979299181797465,0.027979299181797465,,,,,,0.14632928371429443,0.14632928371429443,0.2824973464012146,0.2824973464012146,0.3996083438396454,0.3996083438396454,0.4482702314853668,0.4482702314853668,0.4449285864830017,0.4449285864830017,0.42430543899536133,0.42430543899536133,0.43360811471939087,0.43360811471939087,0.4578985273838043,0.4578985273838043,0.45106935501098633,0.45106935501098633,0.3222314119338989,0.0863643225709923,0.23586708936290662,,,,,0.3222314119338989,0.3222314119338989,0.23735256493091583,0.23735256493091583,0.2516794502735138,0.2516794502735138,0.21931029856204987,0.21931029856204987,0.22104376554489136,0.22104376554489136,0.09012157469987869,0.09012157469987869,0.07628900557756424,0.07628900557756424,0.09344685822725296,0.09344685822725296,0.06907816976308823,0.06907816976308823
88159254,qslstm_log,extrapolation,near_best,2000201,62,3,59,59,2,0.2805396879534078,0.519453530935871,0.23510197205186542,0.4848731504753232,0.054518519337052755,0.19601731654256582,0.29203228974745976,0.5358994401423103,0.0234247405650252,0.022043531310969387,0.09261210262775421,0.31143781542778015,0.3632052540779114,0.19106054306030273,0.018915832042694092,0.19601731654256582,0.30946574080735445,0.3405446441223224,0.3489629374817014,0.2470383377124866,0.3732362436130643,0.35334471333771944,0.3773321555927396,0.377789541768531,0.40707353223115206,0.44346045920004445,0.5184821533039212,0.5383862601593137,0.618541126139462,0.6054258989170194,0.5658254073932767,0.5480726606522998,0.5246518300846219,0.17788048088550568,0.06833842254669989,0.10954205833880579,0.25195184350013733,0.20175576210021973,0.16524159163236618,0.12872742116451263,0.17788048088550568,0.10276609659194946,0.13587859521309534,0.10311392694711685,0.10682960351308186,0.08864746242761612,0.09353392571210861,0.08918821811676025,0.0894781822959582,0.0761324018239975,0.09060569604237874,0.10109023004770279,0.10400971273581187,0.10224459320306778,0.1007344126701355,0.09896858781576157,0.0699350895980994,0.061857033520936966
88159254,qslstm_log,extrapolation,near_best,2000202,62,4,58,58,3,0.210065265896303,0.45177440916097933,0.2103839558814693,0.4586763083934784,0.07847479570723406,0.27430092077702284,0.2191404707369285,0.4640139600840108,0.027483126726643794,0.02396810673317819,0.12734422087669373,0.38075808249413967,0.3550894856452942,0.30624743675192195,0.34629473090171814,0.27430092077702284,0.2765299081802368,0.3490000795572996,0.31353169679641724,0.3703541588038206,0.35074207186698914,0.3739344011992216,0.38656190037727356,0.37133154086768627,0.3500475585460663,0.3601910397410393,0.3893323838710785,0.3761119395494461,0.5250537693500519,0.39935631304979324,0.4219258725643158,0.4854845553636551,0.43819722533226013,0.1635061390697956,0.07375075057919683,0.08975538849059878,0.09562411904335022,0.08333384990692139,0.16760139912366867,0.07682094722986221,0.1635061390697956,0.06408944725990295,0.12721130438148975,0.07212603092193604,0.11105991341173649,0.06896518915891647,0.0952794998884201,0.07014903426170349,0.08510816097259521,0.06452930718660355,0.07245210744440556,0.06512432545423508,0.08604816533625126,0.14285285770893097,0.07376924622803926,0.05555354431271553,0.08162160776555538,0.04192642495036125
88159254,qslstm_log,extrapolation,near_best,2000203,62,3,59,59,2,0.22896120863635364,0.4639935065661707,0.31954941925713687,0.5652870237827301,0.0673563675469131,0.2554490665594737,0.23717840394598622,0.47459746114278245,0.05512860366853617,0.055721569274153025,0.16126829385757446,0.3723779320716858,0.3723779320716858,0.2608139216899872,0.3306732177734375,0.2554490665594737,0.2934896647930145,0.3211779495080312,0.32533159852027893,0.3518260419368744,0.3268008530139923,0.3403407037258148,0.31797096133232117,0.32680606842041016,0.35625532269477844,0.3683027724424998,0.45277586579322815,0.4219680726528168,0.5916779339313507,0.5774677495161692,0.6266150772571564,0.5848418772220612,0.5825448334217072,0.23700949798027673,0.12755954278222584,0.1094499551980509,0.15197478234767914,0.15197478234767914,0.23268218338489532,0.12134122848510742,0.23700949798027673,0.0963386669754982,0.19796815514564514,0.12732861936092377,0.15321060766776404,0.11174788326025009,0.11399407933155696,0.06866622716188431,0.09845994412899017,0.0776999369263649,0.11019708712895711,0.09151475876569748,0.11234634121259053,0.1906728595495224,0.17198190838098526,0.20759455859661102,0.17027137180169424,0.15285919606685638
88159254,qslstm_log,extrapolation,near_best,2000204,62,0,62,61,0,0.15801644190878986,0.39524319094996296,0.20944862885408444,0.45765557885169983,,,0.15801644190878986,0.39524319094996296,0.018103672344176494,0.018103672344176494,,,,,,,,,,,,,,,,,,,,,,,,,0.0571828652774134,,,,,,,,,,,,,,,,,,,,,,,
88159254,qslstm_log,extrapolation,near_best,2000205,62,2,60,60,1,0.03713856787273815,0.18151176841028274,0.06393140243632445,0.2528465986251831,0.06519152421117269,0.1910569667816162,0.03620346932812367,0.1811935951312383,0.020526219407717386,0.0180716545958268,0.00937795639038086,0.35610735416412354,0.35610735416412354,0.40071308612823486,0.40071308612823486,0.1910569667816162,0.021679401397705078,0.15501493215560913,0.030200481414794922,0.2201187014579773,0.08413004875183105,0.23932141065597534,0.07792973518371582,0.06858041882514954,0.115481436252594,0.1282094419002533,0.17228883504867554,0.16246244311332703,0.20944344997406006,0.18529139459133148,0.1611393392086029,0.1830759197473526,0.2050125002861023,0.2160811722278595,0.04593477910384536,0.17014639312401414,0.11063333600759506,0.11063333600759506,0.10532144457101822,0.10532144457101822,0.2160811722278595,0.09131127595901489,0.12849901989102364,0.07860230654478073,0.0853263083845377,0.06001928076148033,0.08848641067743301,0.07165137678384781,0.08290856704115868,0.07450585812330246,0.06339066289365292,0.0667620450258255,0.06750204227864742,0.060498226433992386,0.0554887130856514,0.05047919973731041,0.04707904905080795,0.043678898364305496
88159254,qslstm_log,extrapolation,near_best,2000206,62,4,58,58,3,0.18798663615582678,0.4238504273516516,0.2274280565299996,0.47689417749643326,0.08378083542916927,0.2684007603675127,0.1951732431024928,0.43457109404021294,0.01149002745233733,0.01035909993307931,0.10627933343251546,0.18074711163838705,0.09260571002960205,0.20534073313077292,0.09125262498855591,0.2684007603675127,0.3712688460946083,0.17957735992968082,0.3521127477288246,0.27934227511286736,0.3124164119362831,0.2742691170424223,0.2810891643166542,0.2621840815991163,0.29295454174280167,0.3143722116947174,0.33133239299058914,0.31897564977407455,0.3915995731949806,0.38477544486522675,0.40438053756952286,0.4299999698996544,0.442826010286808,0.27245860919356346,0.04332830027901921,0.22913030891454425,0.3130071709553401,0.2154359072446823,0.2619863798220952,0.13135679066181183,0.27245860919356346,0.16615289449691772,0.1948485914617777,0.09763050824403763,0.17906756326556206,0.09912937879562378,0.15195213444530964,0.1285892277956009,0.10732490383088589,0.10118293762207031,0.10028558038175106,0.07373964786529541,0.08840035274624825,0.06331273168325424,0.05612948816269636,0.0429968386888504,0.03654733579605818,0.031300660222768784
88159254,qslstm_log,extrapolation,near_best,2000207,62,1,61,60,1,0.18402760972962223,0.42231427085015083,0.1907501153689859,0.43674948811531067,0.07618588348401545,0.2760179042816162,0.18579550688118956,0.42471257194143824,0.011711677412192027,0.011276263806779506,0.19828754663467407,0.09509508311748505,0.09509508311748505,0.057694002985954285,0.057694002985954285,0.2760179042816162,0.2760179042816162,0.32496967911720276,0.32496967911720276,0.3544183075428009,0.3544183075428009,0.3740563988685608,0.3740563988685608,0.38163745403289795,0.38163745403289795,0.33669668436050415,0.33669668436050415,0.374046266078949,0.374046266078949,0.4586886167526245,0.4586886167526245,0.44948869943618774,0.44948869943618774,0.1598973274230957,0.0424508312869756,0.1174464961361201,0.3002884089946747,0.3002884089946747,0.18279099464416504,0.18279099464416504,0.1598973274230957,0.1598973274230957,0.10316929221153259,0.10316929221153259,0.10884308815002441,0.10884308815002441,0.08849387615919113,0.08849387615919113,0.07540673017501831,0.07540673017501831,0.07140123099088669,0.07140123099088669,0.056369077414274216,0.056369077414274216,0.049707237631082535,0.049707237631082535,0.035573430359363556,0.035573430359363556
88159254,qslstm_log,extrapolation,near_best,2000208,62,4,58,57,4,0.15533266048907818,0.38759771085554556,0.19287348503496915,0.4391736388206482,0.08235812167261547,0.28081557899713516,0.16036538730400665,0.394961995811298,0.012541070319058602,0.00962582511721917,0.05058196187019348,0.20361862579981485,0.1918749213218689,0.19513731449842453,0.2634877860546112,0.28081557899713516,0.34248632192611694,0.3240165188908577,0.36699920892715454,0.31954482197761536,0.3271113634109497,0.3081772029399872,0.35869091749191284,0.31619298458099365,0.339896023273468,0.3304472044110298,0.36237967014312744,0.3740123137831688,0.39162102341651917,0.40550174564123154,0.41082945466041565,0.39110417664051056,0.3762907087802887,0.17283441871404648,0.05027614700896987,0.1225582717050766,0.18533631165822348,0.2022944837808609,0.1957516372203827,0.13613320887088776,0.17283441871404648,0.10152861475944519,0.135487487539649,0.0912264809012413,0.11716816760599613,0.0698646605014801,0.1022346094250679,0.07125925272703171,0.09346306044608355,0.05560192093253136,0.07768944837152958,0.05790087208151817,0.06378035061061382,0.051768958568573,0.04718686267733574,0.040970880538225174,0.03680229187011719,0.03225502744317055
88159254,qslstm_log,extrapolation,near_best,2000209,62,2,60,60,1,0.17005407681659085,0.4066231991014173,0.36234655290447026,0.6019522845745087,0.07351377461936659,0.2708597928285599,0.17327208688983167,0.4111486459771792,0.034543213248252866,0.02980602294840711,0.00975579023361206,0.3906909227371216,0.3906909227371216,0.4293423891067505,0.4293423891067505,0.2708597928285599,0.28305599093437195,0.2795815020799637,0.30346938967704773,0.27317802608013153,0.3151548206806183,0.3681878596544266,0.3219686448574066,0.3917620927095413,0.3173709809780121,0.40686289966106415,0.33073070645332336,0.40126027166843414,0.36143025755882263,0.39061321318149567,0.39053550362586975,0.3946841359138489,0.47421345114707947,0.21579401101917028,0.07495180073504647,0.1408422102841238,0.04119877144694328,0.04119877144694328,0.03472396358847618,0.03472396358847618,0.21579401101917028,0.03100484423339367,0.140086205676198,0.034346166998147964,0.10050222091376781,0.034779634326696396,0.0892349872738123,0.03574228659272194,0.0953101422637701,0.042522069066762924,0.06122844759374857,0.03021150268614292,0.06722140125930309,0.038279857486486435,0.03979594632983208,0.03839312121272087,0.04792589694261551,0.06107215955853462
88159254,qslstm_log,extrapolation,near_best,2000210,62,2,60,59,2,0.25862865428995446,0.5040972699080745,0.2813824840529302,0.5304549783468246,0.084057018271258,0.229678176343441,0.26444770882391105,0.5132445730268955,0.013678084995787022,0.011594313999702191,0.06804949045181274,0.49571267515420914,0.5629810765385628,0.30786359682679176,0.05274611711502075,0.229678176343441,0.40661023557186127,0.40647973120212555,0.40634922683238983,0.3996467739343643,0.3929443210363388,0.42104293406009674,0.4491415470838547,0.4461875408887863,0.44323353469371796,0.45790500938892365,0.46431027352809906,0.5248042196035385,0.5429031103849411,0.533570721745491,0.5254356116056442,0.5339964479207993,0.5269570797681808,0.1464524045586586,0.04049002146348357,0.10596238309517503,0.23792704194784164,0.1961940973997116,0.17617420852184296,0.1561543196439743,0.1464524045586586,0.1367504894733429,0.12003065645694733,0.10331082344055176,0.1033264547586441,0.10334208607673645,0.08962607011198997,0.0759100541472435,0.07074490934610367,0.06557976454496384,0.05628160387277603,0.05412553623318672,0.049086906015872955,0.04529540240764618,0.03944218344986439,0.040498681366443634,0.03413577564060688,0.03387383744120598
88159254,qslstm_log,extrapolation,near_best,2000211,62,3,59,59,2,0.16697596761257555,0.385598401869497,0.2838774796472956,0.5328015387058258,0.057556784846117225,0.20584033926328024,0.172539654871887,0.39473864234099953,0.020948181212958644,0.017436487255273043,0.0688147097826004,0.13412117958068848,0.13412117958068848,0.19171567261219025,0.07845616340637207,0.20584033926328024,0.28040599822998047,0.16629794239997864,0.3462677597999573,0.1727683742841085,0.2838722765445709,0.13441970944404602,0.23718929290771484,0.13725700974464417,0.2255266308784485,0.2014865279197693,0.24559742212295532,0.30776946743329364,0.2931683659553528,0.2861272096633911,0.3436737060546875,0.312344749768575,0.31452661752700806,0.19798930486043295,0.0612615527490438,0.13672775211138916,0.12191911786794662,0.12191911786794662,0.18329260870814323,0.0949319526553154,0.19798930486043295,0.15043829381465912,0.16388893127441406,0.13824529945850372,0.15155741572380066,0.14043043553829193,0.1423923671245575,0.1256622076034546,0.13344009717305502,0.10958295315504074,0.10342839856942494,0.06491494923830032,0.10770389437675476,0.04443594813346863,0.06795418510834376,0.045714765787124634,0.044077941526969276,0.03244738653302193
88159254,qslstm_log,extrapolation,near_best,2000212,62,3,59,58,3,0.266988294616692,0.4916096976207149,0.3382555561508491,0.5815974175930023,0.09333454919964305,0.27534771462281543,0.27581814607857585,0.5026060696375572,0.011860245260699042,0.007456701397895813,0.043201953172683716,0.1888096034526825,0.08320865035057068,0.1771382838487625,0.08421117067337036,0.27534771462281543,0.45763278007507324,0.3145685096581777,0.4838569760322571,0.2954643666744232,0.4838411211967468,0.2598070700963338,0.5065361857414246,0.2479512095451355,0.5134412348270416,0.2422167956829071,0.5369074940681458,0.3538905580838521,0.5198277235031128,0.5258939961592356,0.5577045679092407,0.5461375812689463,0.5841219425201416,0.12817573299010596,0.04472006380684295,0.083455669183263,0.15884276976188025,0.07922003418207169,0.13864517708619437,0.06788815557956696,0.12817573299010596,0.08009492605924606,0.09921330337723096,0.05635550245642662,0.0938693384329478,0.07297360152006149,0.08389135574301083,0.04850511625409126,0.08889146149158478,0.07060035318136215,0.06735328212380409,0.04571853205561638,0.06317962085207303,0.04155578091740608,0.05176654954751333,0.03619417920708656,0.039075792456666626,0.03081427328288555
88159254,qslstm_log,extrapolation,near_best,2000213,62,2,60,59,2,0.11251788760336767,0.32901581016279036,0.11749052398096183,0.34276890754699707,0.07100760937750164,0.2609655521810055,0.11390156354422988,0.33128415209551654,0.021276940733699474,0.018692582845687866,0.026015669107437134,0.2662276439368725,0.29013489931821823,0.28491055592894554,0.35950713604688644,0.2609655521810055,0.20707130432128906,0.235875453799963,0.16959023475646973,0.2541886232793331,0.218242347240448,0.29380784556269646,0.22810855507850647,0.2142873853445053,0.22150346636772156,0.23703721165657043,0.25583207607269287,0.262215331196785,0.3029271960258484,0.3376001864671707,0.37227317690849304,0.3470478504896164,0.32182252407073975,0.0846930555999279,0.0630625747765104,0.02163048082341751,0.12195396423339844,0.07802683115005493,0.10629205405712128,0.07230688631534576,0.0846930555999279,0.0636356994509697,0.07224229536950588,0.0559794045984745,0.06192396581172943,0.04582110047340393,0.05899919010698795,0.04569149389863014,0.056502100080251694,0.04936850070953369,0.04357333295047283,0.04132556542754173,0.046525776386260986,0.04368305206298828,0.05275527946650982,0.06182750687003136,0.05332197807729244,0.04481644928455353
88159254,qslstm_log,extrapolation,near_best,2000214,62,1,61,61,0,0.30774429618484683,0.5489918565557849,0.3129893883448711,0.559454545378685,0.06845077862351467,0.26163099706172943,0.31166714073503254,0.5537026903179826,0.04830053986095991,0.04830053986095991,,,,,,0.26163099706172943,0.26163099706172943,0.3555353730916977,0.3555353730916977,0.48799829185009,0.48799829185009,0.5415832847356796,0.5415832847356796,0.5975303500890732,0.5975303500890732,0.5981244295835495,0.5981244295835495,0.6038277000188828,0.6038277000188828,0.5504908412694931,0.5504908412694931,0.5905775278806686,0.5905775278806686,0.2809343636035919,0.12840840147166957,0.15252596213192235,,,,,0.2809343636035919,0.2809343636035919,0.267694354057312,0.267694354057312,0.2754908800125122,0.2754908800125122,0.21758024394512177,0.21758024394512177,0.21555890142917633,0.21555890142917633,0.11546175926923752,0.11546175926923752,0.1596323549747467,0.1596323549747467,0.18632622063159943,0.18632622063159943,0.10831328481435776,0.10831328481435776
88159254,qslstm_log,extrapolation,near_best,2000215,62,3,59,58,3,0.16018111827265288,0.38498908233258033,0.18783600357791386,0.4334005117416382,0.05411574232064235,0.2284942865371704,0.16557427298207716,0.392946444830652,0.022868390741019415,0.020189148075175734,0.1514021356900533,0.20777076482772827,0.19625824689865112,0.1343783438205719,0.14005887508392334,0.2284942865371704,0.1853036880493164,0.19928292433420816,0.22861546277999878,0.21082307895024618,0.2398160696029663,0.2107437252998352,0.2802937626838684,0.20106383164723715,0.2679377794265747,0.23388628164927164,0.3217839002609253,0.27468955516815186,0.3275154232978821,0.34214210510253906,0.3956434726715088,0.385422945022583,0.4587891101837158,0.18862718095382056,0.07485491378327548,0.11377226717054507,0.16626103967428207,0.12646818161010742,0.20039519170920053,0.10179167985916138,0.18862718095382056,0.10534719377756119,0.1577641343077024,0.09516286104917526,0.13317753126223883,0.10185527056455612,0.11669125407934189,0.08692135661840439,0.11780058840910594,0.07597892731428146,0.10498054325580597,0.11129467934370041,0.08491768191258113,0.08361125737428665,0.1043913612763087,0.13115353882312775,0.09152363116542499,0.047126080840826035
88159254,qslstm_log,extrapolation,near_best,2000216,62,3,59,58,3,0.08701511262862997,0.28739660593771166,0.11352881829353922,0.33694037795066833,0.023147155808030877,0.12832302848498026,0.09026263585679603,0.2954850929268336,0.018425263721367408,0.012420368309204396,0.04486227035522461,0.2993350277344386,0.26274406909942627,0.32080987592538196,0.2100054919719696,0.12832302848498026,0.15830916166305542,0.1585826277732849,0.1685369610786438,0.19873239596684775,0.2213457226753235,0.23786362012227377,0.22950106859207153,0.22352847456932068,0.2310788631439209,0.20829391479492188,0.23015916347503662,0.22891839345296225,0.2044009566307068,0.25297829508781433,0.26045313477516174,0.27748262882232666,0.2842794954776764,0.1604312335451444,0.05682687426648908,0.10360435927865533,0.13675341258446375,0.08219339698553085,0.12509464720884958,0.09884359687566757,0.1604312335451444,0.11057904362678528,0.1386076584458351,0.08342031389474869,0.10289734601974487,0.08068662136793137,0.08130689958731334,0.08104068040847778,0.07953634485602379,0.05872475728392601,0.06066026662786802,0.04935814440250397,0.06808700785040855,0.06456755101680756,0.05788886547088623,0.05206546559929848,0.050003734727700554,0.05011824145913124
88159254,qslstm_log,extrapolation,near_best,2000217,62,4,58,58,3,0.16078109096785584,0.3684350375025984,0.20730030474852357,0.455302432179451,0.07210985883247457,0.23063860135152936,0.16689634835650285,0.3779382399957755,0.013299507313761217,0.009952624841612212,0.07931238412857056,0.08324097096920013,0.03455117344856262,0.1744496679554383,0.018413305282592773,0.23063860135152936,0.3583057373762131,0.21115031139925122,0.39555616676807404,0.12541508302092552,0.41769395768642426,0.10626978799700737,0.39882655441761017,0.11658288910984993,0.44456566870212555,0.12548480555415154,0.44232572615146637,0.12285266444087029,0.43247999250888824,0.40282171964645386,0.43973101675510406,0.4395132437348366,0.44221825897693634,0.21679143607616425,0.047838323364226984,0.16895311271193725,0.22189442813396454,0.12073370814323425,0.21330961336692175,0.08968647569417953,0.21679143607616425,0.0971980094909668,0.16562196053564548,0.0739012286067009,0.13939735665917397,0.07106739282608032,0.10786980949342251,0.05115145444869995,0.10237294901162386,0.052309971302747726,0.10025040060281754,0.04160449653863907,0.10277314763516188,0.04243001714348793,0.06952434591948986,0.035930752754211426,0.04641734715551138,0.03943895921111107
88159254,qslstm_log,extrapolation,near_best,2000218,62,4,58,58,3,0.1369361192883713,0.3647117569081245,0.17275373293364282,0.4156365394592285,0.07444432226025166,0.26472698897123337,0.1412458983937588,0.37160725814515144,0.0168015967155325,0.009739427516857782,0.04948908090591431,0.2690301015973091,0.2793232351541519,0.2862003942330678,0.24188710749149323,0.26472698897123337,0.32306575775146484,0.2622280828654766,0.34453973174095154,0.31647488847374916,0.37184804677963257,0.3123386539518833,0.3786388039588928,0.2915280982851982,0.3530220687389374,0.29858216643333435,0.3766496181488037,0.31383107975125313,0.3750164210796356,0.3280061222612858,0.37205520272254944,0.3726683408021927,0.3869572877883911,0.1448587067425251,0.04383806466799358,0.10102064207453151,0.08708452247083187,0.06188355013728142,0.12449525420864423,0.05789430812001228,0.1448587067425251,0.0679461658000946,0.12227613478899002,0.06442070752382278,0.10280351992696524,0.061268165707588196,0.09787944238632917,0.06487184017896652,0.08937515411525965,0.047911059111356735,0.08114526979625225,0.040366001427173615,0.060135056264698505,0.0378791019320488,0.048883930779993534,0.03181614726781845,0.044378564693033695,0.03291521221399307
88159254,qslstm_log,extrapolation,near_best,2000219,62,4,58,58,3,0.26453198555037455,0.5030422276186366,0.29726658978752685,0.545221596956253,0.13286070523272112,0.32978726644068956,0.27361276350331615,0.5149908456309088,0.01435657564936013,0.014158688485622406,0.09146713217099507,0.21992639638483524,0.06481727957725525,0.2645999751985073,0.03154507279396057,0.32978726644068956,0.4855543076992035,0.2560674920678139,0.5008934438228607,0.15217581391334534,0.4410009980201721,0.26643503457307816,0.4838234782218933,0.37534306198358536,0.48337942361831665,0.480379082262516,0.49579840898513794,0.4867379441857338,0.49673256278038025,0.505790188908577,0.5502980351448059,0.5437048822641373,0.5462289452552795,0.1943567842245102,0.05527925346817436,0.13907753075633583,0.23540452867746353,0.1504690796136856,0.21460989862680435,0.11911974102258682,0.1943567842245102,0.11539512872695923,0.14792205952107906,0.09952712804079056,0.13085445947945118,0.11650696396827698,0.11569715477526188,0.07780466973781586,0.10085673816502094,0.06938495486974716,0.09752002358436584,0.09624133259057999,0.07796064577996731,0.09023678302764893,0.07414190005511045,0.05217452719807625,0.057413533329963684,0.05066029727458954
88159254,qslstm_log,extrapolation,near_best,2000220,62,0,62,61,0,0.15791708418234,0.3938417266453466,0.1273514290713571,0.3568633198738098,,,0.15791708418234,0.3938417266453466,0.02385712842472264,0.02385712842472264,,,,,,,,,,,,,,,,,,,,,,,,,0.06473857332621852,,,,,,,,,,,,,,,,,,,,,,,
88159254,qslstm_log,extrapolation,near_best,2000221,62,3,59,59,2,0.10672604219870153,0.3232931893679403,0.15662225034270705,0.3957552909851074,0.0846297352783895,0.2894511818885803,0.10784958322854792,0.32501396940926375,0.015048538224171784,0.0104174297683093,0.09713026881217957,0.2293989658355713,0.2293989658355713,0.24636149406433105,0.1972273588180542,0.2894511818885803,0.3217024803161621,0.26244616508483887,0.33851128816604614,0.2743079562981923,0.33561864495277405,0.28310368458429974,0.2967172861099243,0.26601360241572064,0.2942993640899658,0.26329418023427326,0.294666051864624,0.264952411254247,0.30375367403030396,0.32899115482966107,0.3267596960067749,0.2934614221254985,0.2981153726577759,0.22920453920960426,0.04298194693559307,0.1862225922740112,0.060311708599328995,0.060311708599328995,0.2167870979756117,0.059892889112234116,0.22920453920960426,0.05429251119494438,0.17659479255477586,0.05345815047621727,0.1384059451520443,0.0470394529402256,0.11452605451146762,0.03973506763577461,0.10850007211168607,0.039304982870817184,0.07043711841106415,0.03654644638299942,0.07362158844868343,0.03685469180345535,0.049232897659142814,0.039948031306266785,0.03669025873144468,0.03515632078051567
88159254,qslstm_log,extrapolation,near_best,2000222,62,2,60,60,1,0.11085702344560935,0.32948955004253694,0.13258182740080593,0.3641178756952286,0.03865574330001753,0.19312281161546707,0.11326373278379576,0.33403510799010594,0.018879357973734537,0.014401632760252272,0.054174184799194336,0.4439615309238434,0.4439615309238434,0.4053992033004761,0.4053992033004761,0.19312281161546707,0.22999180853366852,0.31281327456235886,0.20460622012615204,0.3544316962361336,0.2742236405611038,0.3685462698340416,0.2931310087442398,0.3474201634526253,0.2894411236047745,0.2571263015270233,0.3096463829278946,0.2892536073923111,0.2853762060403824,0.29246221482753754,0.2918647676706314,0.29938291013240814,0.31312234699726105,0.28844795003533363,0.04629149449368318,0.24215645554165044,0.15343619883060455,0.15343619883060455,0.13210497796535492,0.13210497796535492,0.28844795003533363,0.09099654108285904,0.23758022859692574,0.10113776475191116,0.14751094952225685,0.08453445881605148,0.11493705213069916,0.07643790543079376,0.11205476894974709,0.09200455993413925,0.08099876716732979,0.06085976958274841,0.06482685916125774,0.053215812891721725,0.04588006250560284,0.03442102298140526,0.033943201415240765,0.028636159375309944
88159254,qslstm_log,extrapolation,near_best,2000223,62,4,58,57,4,0.20679762380775832,0.440984214385671,0.1997510256659618,0.44693514704704285,0.08427128044466986,0.27703077998012304,0.21524771645348859,0.45229134779295016,0.028926884396034375,0.028353444554589012,0.07758978009223938,0.2794969069461028,0.42247917875647545,0.26901096012443304,0.46029379591345787,0.27703077998012304,0.24078869819641113,0.276824570260942,0.3115060329437256,0.2741120299324393,0.29122018814086914,0.36869471333920956,0.2804998457431793,0.30561721976846457,0.23016619682312012,0.2978842705488205,0.35864466428756714,0.3142102435231209,0.38753026723861694,0.399935282766819,0.45031461119651794,0.41704488545656204,0.39848101139068604,0.12028295546770096,0.08352608593373463,0.03675686953396633,0.16895596434672674,0.07945664972066879,0.16956262849271297,0.08652359247207642,0.12028295546770096,0.08466970175504684,0.10364645160734653,0.07558158040046692,0.09549545682966709,0.1004316508769989,0.08397087268531322,0.09432166814804077,0.08521509915590286,0.06923545151948929,0.07621673960238695,0.0596182756125927,0.07335644122213125,0.07025036960840225,0.06043507903814316,0.06030090153217316,0.05811794754117727,0.04724927246570587
88159254,qslstm_log,extrapolation,near_best,2000224,62,3,59,58,3,0.29259726350396903,0.49700603610084904,0.3073547634569742,0.554395854473114,0.11658818143824234,0.2774432301521301,0.30154687784629414,0.5081702465728178,0.03003379908101312,0.029292520135641098,0.07823316256205241,0.12804053723812103,0.008625179529190063,0.22879486282666525,0.0521048903465271,0.2774432301521301,0.5498924255371094,0.28954339027404785,0.572133868932724,0.30723315477371216,0.5092734098434448,0.21432599425315857,0.5450072288513184,0.21215580900510153,0.5702682733535767,0.19348348180452982,0.5616742372512817,0.2024769882361094,0.5490782856941223,0.5769217610359192,0.6358656287193298,0.6020987232526144,0.6650873422622681,0.15616897493600845,0.09307971255759061,0.06308926237841785,0.1492474563419819,0.06866716593503952,0.1853265973428885,0.05073477700352669,0.15616897493600845,0.0691811814904213,0.1570138211051623,0.08097181469202042,0.11591750880082448,0.08227692544460297,0.11149446417888005,0.07067618519067764,0.11114001274108887,0.07310446351766586,0.08752631768584251,0.05602231249213219,0.07031676545739174,0.06968992948532104,0.07696890582640965,0.09104935079813004,0.06793687244256337,0.06365352869033813
88159254,qslstm_log,extrapolation,near_best,2000225,62,3,59,59,2,0.07052502933590929,0.25037889555096626,0.048114073950817016,0.219349205493927,0.043416262549032136,0.1838663344581922,0.07190344120642848,0.25376089018280223,0.03141799821691998,0.029235991666901787,0.10938593745231628,0.434177465736866,0.434177465736866,0.2542942054569721,0.38497839123010635,0.1838663344581922,0.10586941242218018,0.2732325941324234,0.10130667686462402,0.33125463624795276,0.10046058893203735,0.34638908008734387,0.11428335309028625,0.33896466592947644,0.1525954306125641,0.3348886122306188,0.18550997972488403,0.14292806386947632,0.22160810232162476,0.2113231917222341,0.3059353828430176,0.22268974781036377,0.2068178653717041,0.20983831832806268,0.08195800864595477,0.1278803096821079,0.12478534132242203,0.12478534132242203,0.22057892754673958,0.10433859378099442,0.20983831832806268,0.08851049095392227,0.16456167151530585,0.09264964610338211,0.13905703773101172,0.07325077801942825,0.12142716348171234,0.07639297842979431,0.09817091499765714,0.05654134228825569,0.09749676535526912,0.0633663609623909,0.08413140227397282,0.0712340697646141,0.09107758849859238,0.15459409356117249,0.08042379717032115,0.0931590273976326
88159254,qslstm_log,extrapolation,near_best,2000226,62,1,61,61,0,0.25178064679520673,0.4936352703840502,0.2920617120430402,0.5404273420572281,0.1121427044338541,0.334877148270607,0.2540697933912945,0.4962378625498443,0.05141321166616972,0.05141321166616972,,,,,,0.334877148270607,0.334877148270607,0.2799992710351944,0.2799992710351944,0.507707491517067,0.507707491517067,0.4359675198793411,0.4359675198793411,0.4680901914834976,0.4680901914834976,0.5950662046670914,0.5950662046670914,0.4064459949731827,0.4064459949731827,0.41937364637851715,0.41937364637851715,0.5909885317087173,0.5909885317087173,0.3573785126209259,0.1666658029693072,0.1907127096516187,,,,,0.3573785126209259,0.3573785126209259,0.2839561104774475,0.2839561104774475,0.3932066857814789,0.3932066857814789,0.35241571068763733,0.35241571068763733,0.259859174489975,0.259859174489975,0.23174965381622314,0.23174965381622314,0.22723174095153809,0.22723174095153809,0.20658272504806519,0.20658272504806519,0.2030085325241089,0.2030085325241089
88159254,qslstm_log,extrapolation,near_best,2000227,62,1,61,60,1,0.17937259241823816,0.4188578124007871,0.1913568632873286,0.4374435544013977,0.11848817608915851,0.3442211151123047,0.1803706976039608,0.4200813648153524,0.016774768630663555,0.016774768630663555,0.10457262396812439,,,0.04420343041419983,0.04420343041419983,0.3442211151123047,0.3442211151123047,0.29924440383911133,0.29924440383911133,0.34167343378067017,0.34167343378067017,0.4099104106426239,0.4099104106426239,0.375927209854126,0.375927209854126,0.4288184940814972,0.4288184940814972,0.4182944893836975,0.4182944893836975,0.4662091135978699,0.4662091135978699,0.48552387952804565,0.48552387952804565,0.2473103553056717,0.05243898213642542,0.19487137316924627,,,0.26618146896362305,0.26618146896362305,0.2473103553056717,0.2473103553056717,0.19553862512111664,0.19553862512111664,0.1867590695619583,0.1867590695619583,0.169391468167305,0.169391468167305,0.1193733736872673,0.1193733736872673,0.08547844737768173,0.08547844737768173,0.05718861147761345,0.05718861147761345,0.05920420214533806,0.05920420214533806,0.04892941191792488,0.04892941191792488
88159254,qslstm_log,extrapolation,near_best,2000228,62,2,60,59,2,0.07280469429671728,0.26539504161525157,0.09076961554058371,0.3012799620628357,0.07771402272169176,0.2618205901235342,0.0726410500158848,0.26551418999830884,0.015589220038915084,0.015589220038915084,0.13582441210746765,0.1457117795944214,0.1457117795944214,0.2516305800527334,0.35754938051104546,0.2618205901235342,0.16609179973602295,0.14508292078971863,0.1240740418434143,0.15009044110774994,0.17610684037208557,0.17073015868663788,0.16535347700119019,0.18021517992019653,0.19507688283920288,0.2496166229248047,0.2639821171760559,0.2557642012834549,0.24503087997436523,0.22828170657157898,0.21771645545959473,0.2473568618297577,0.23641645908355713,0.23966919630765915,0.04560211412608624,0.19406708218157293,0.4882591664791107,0.4882591664791107,0.39249947667121887,0.296739786863327,0.23966919630765915,0.18259860575199127,0.15458247065544128,0.1265663355588913,0.10426269844174385,0.0819590613245964,0.08169255405664444,0.08142604678869247,0.07570932060480118,0.06999259442090988,0.05692579597234726,0.056024011224508286,0.05656901374459267,0.057187777012586594,0.06004664860665798,0.06596143543720245,0.06698433309793472,0.06525243073701859
88159254,qslstm_log,extrapolation,near_best,2000229,62,2,60,60,1,0.12747180883172743,0.3492816052129192,0.15064437193206803,0.388129323720932,0.03387559946272711,0.17863748967647552,0.13059168247736078,0.3549697423974673,0.016127185026804606,0.011854558631225868,0.0009561777114868164,0.24308368563652039,0.24308368563652039,0.2908111810684204,0.2908111810684204,0.17863748967647552,0.2229573130607605,0.22085008025169373,0.21213513612747192,0.19403739273548126,0.1999216079711914,0.2583674192428589,0.229567289352417,0.24683138728141785,0.24220269918441772,0.2744668126106262,0.25812244415283203,0.257640078663826,0.30314502120018005,0.28807395696640015,0.3369404077529907,0.3374311774969101,0.3696334660053253,0.21479512937366962,0.045590173359960316,0.1692049560137093,0.07661716639995575,0.07661716639995575,0.06805109977722168,0.06805109977722168,0.21479512937366962,0.057856712490320206,0.12926110811531544,0.04809196665883064,0.10094446688890457,0.04713435471057892,0.0948839783668518,0.05113019049167633,0.08049901947379112,0.03953280299901962,0.05879240669310093,0.04953371360898018,0.04275420680642128,0.03741644695401192,0.04094901867210865,0.041073139756917953,0.03992382623255253,0.035888005048036575
88159254,qslstm_log,extrapolation,near_best,2000230,62,4,58,58,3,0.2509741539589343,0.492903986885663,0.23707209238693755,0.48690049536526203,0.14758161650002366,0.34979697363451123,0.2581046737836868,0.5027734360753976,0.0327304699297609,0.032334481384239944,0.058120508988698326,0.26810672134160995,0.4334033131599426,0.3999008983373642,0.4684833884239197,0.34979697363451123,0.3786794114857912,0.2808738616295159,0.41934175975620747,0.3662472222931683,0.4571861792355776,0.413017560262233,0.40591938979923725,0.43532395036891103,0.40511451847851276,0.4689277899451554,0.48043896444141865,0.4607007810845971,0.5215746629983187,0.44643533416092396,0.5386063326150179,0.5221241805702448,0.5021067727357149,0.21426590718328953,0.10554498273493915,0.10872092444835038,0.17094895988702774,0.07978515326976776,0.20674403508504233,0.07362665235996246,0.21426590718328953,0.07189450412988663,0.1603126972913742,0.08200710266828537,0.1382531188428402,0.09250813722610474,0.1126486137509346,0.065450519323349,0.1049743052572012,0.07485728710889816,0.09578926116228104,0.10000079870223999,0.09873510710895061,0.15952152013778687,0.09300728887319565,0.11367446184158325,0.12035622447729111,0.09727892279624939
88159254,qslstm_log,extrapolation,near_best,2000231,62,1,61,60,1,0.2260197272548058,0.4699728037080457,0.2354172351995345,0.48519814014434814,0.3424943538451295,0.5852301716804504,0.2241103071467677,0.4680833386593178,0.009657419721285502,0.009304689733605636,0.1413516402244568,0.22917306423187256,0.22917306423187256,0.23076117038726807,0.23076117038726807,0.5852301716804504,0.5852301716804504,0.4901755452156067,0.4901755452156067,0.527802050113678,0.527802050113678,0.532778799533844,0.532778799533844,0.541048526763916,0.541048526763916,0.4983358085155487,0.4983358085155487,0.4802882969379425,0.4802882969379425,0.4827485680580139,0.4827485680580139,0.4837859570980072,0.4837859570980072,0.10363829135894775,0.041479295302854206,0.06215899605609355,0.22800560295581818,0.22800560295581818,0.14647184312343597,0.14647184312343597,0.10363829135894775,0.10363829135894775,0.08748951554298401,0.08748951554298401,0.08423129469156265,0.08423129469156265,0.06863486766815186,0.06863486766815186,0.05339499190449715,0.05339499190449715,0.04803144559264183,0.04803144559264183,0.03795555606484413,0.03795555606484413,0.0309686791151762,0.0309686791151762,0.02835509181022644,0.02835509181022644
88159254,qslstm_log,extrapolation,near_best,2000232,62,1,61,60,1,0.15588279208136716,0.38374613561937887,0.14813264220038125,0.38488003611564636,0.08139586128695342,0.2852995991706848,0.1571038893075051,0.38536001326607877,0.015269418557484945,0.011360303099666322,0.048249781131744385,0.047950685024261475,0.047950685024261475,0.09900110960006714,0.09900110960006714,0.2852995991706848,0.2852995991706848,0.31878185272216797,0.31878185272216797,0.3646954894065857,0.3646954894065857,0.3427692651748657,0.3427692651748657,0.3548804521560669,0.3548804521560669,0.3696501851081848,0.3696501851081848,0.42711904644966125,0.42711904644966125,0.4468119740486145,0.4468119740486145,0.41225069761276245,0.41225069761276245,0.11330019682645798,0.048185328082715875,0.0651148687437421,0.15617311000823975,0.15617311000823975,0.1347867101430893,0.1347867101430893,0.11330019682645798,0.11330019682645798,0.08380021899938583,0.08380021899938583,0.06872357428073883,0.06872357428073883,0.07115834206342697,0.07115834206342697,0.05264310538768768,0.05264310538768768,0.04817385599017143,0.04817385599017143,0.04410194978117943,0.04410194978117943,0.04340885207056999,0.04340885207056999,0.03222878277301788,0.03222878277301788
88159254,qslstm_log,extrapolation,near_best,2000233,62,2,60,60,1,0.14005395701591064,0.3646491770782778,0.13574619052782655,0.3684374988079071,0.024691673829382754,0.1568169742822647,0.14389936645546159,0.3715769171714783,0.04839734633763631,0.04839734633763631,0.10692262649536133,,,0.16682249307632446,0.16682249307632446,0.1568169742822647,0.14681145548820496,0.17030465602874756,0.19379785656929016,0.14506763219833374,0.09633740782737732,0.15095645189285278,0.20557549595832825,0.2606232762336731,0.31567105650901794,0.38521233201026917,0.37900295853614807,0.37246787548065186,0.35463443398475647,0.3776410222053528,0.4119250476360321,0.5154178738594055,0.5264135301113129,0.25645632296800613,0.11808389760553836,0.13837242536246777,,,0.3019382655620575,0.3019382655620575,0.25645632296800613,0.21097438037395477,0.21565131843090057,0.22032825648784637,0.18846925348043442,0.15661025047302246,0.15644551813602448,0.1562807857990265,0.15863000601530075,0.160979226231575,0.1393761895596981,0.11513116210699081,0.10083582252264023,0.10327903181314468,0.11327099427580833,0.13125868141651154,0.21323451399803162,0.23157523572444916
88159254,qslstm_log,extrapolation,near_best,2000234,62,2,60,60,1,0.10768915025171012,0.32576904734296186,0.10736062271562119,0.3276593089103699,0.06878170053438037,0.2492441013455391,0.10898606524228777,0.3283198788762093,0.013858410716056823,0.011789616839639071,0.13043779134750366,0.469112291932106,0.469112291932106,0.45967043936252594,0.45967043936252594,0.2492441013455391,0.16764092445373535,0.3382497802376747,0.2073872685432434,0.34977028518915176,0.2398701310157776,0.23653379082679749,0.3054266571998596,0.2613396644592285,0.3152920603752136,0.31167009472846985,0.3179135322570801,0.3109630346298218,0.2915727496147156,0.3064853549003601,0.3147982358932495,0.32505419850349426,0.3412463665008545,0.22633937746286392,0.036089666405071816,0.1902497110577921,0.2547156512737274,0.2547156512737274,0.19881482422351837,0.19881482422351837,0.22633937746286392,0.15144918859004974,0.17528467997908592,0.09585370868444443,0.13869648799300194,0.0785781517624855,0.1129051186144352,0.07436104863882065,0.08428167551755905,0.07270964235067368,0.06447616592049599,0.054591283202171326,0.051295727491378784,0.04155799373984337,0.034089284017682076,0.030382104218006134,0.028122130781412125,0.0272741187363863
88159254,qslstm_log,extrapolation,near_best,2000235,62,2,60,60,1,0.16106000652667707,0.3977947225493769,0.18243763001644098,0.4271271824836731,0.05967534480322634,0.22633835673332214,0.1644394952507921,0.4035099347432454,0.015810688336690266,0.015810688336690266,0.041745781898498535,,,0.31824207305908203,0.31824207305908203,0.22633835673332214,0.13443464040756226,0.19918236136436462,0.263930082321167,0.28509029746055603,0.30625051259994507,0.3058934807777405,0.3055364489555359,0.30722737312316895,0.308918297290802,0.3084278404712677,0.2858785390853882,0.35780617594718933,0.35925477743148804,0.3899543881416321,0.40122121572494507,0.4214169979095459,0.4135776162147522,0.24422729760408401,0.03287437474355102,0.211352922860533,,,0.2883649170398712,0.2883649170398712,0.24422729760408401,0.20008967816829681,0.1653962880373001,0.1307028979063034,0.11275534704327583,0.09480779618024826,0.0885298028588295,0.08225180953741074,0.08453675359487534,0.08682169765233994,0.06406394019722939,0.05511562526226044,0.05129283294081688,0.04720171168446541,0.03826548531651497,0.03682190552353859,0.030088597908616066,0.029311949387192726
88159254,qslstm_log,extrapolation,near_best,2000236,62,0,62,61,0,0.19219500036506557,0.4369308756243798,0.2194160389561297,0.4684186577796936,,,0.19219500036506557,0.4369308756243798,0.014722318922887083,0.014722318922887083,,,,,,,,,,,,,,,,,,,,,,,,,0.04829297821608282,,,,,,,,,,,,,,,,,,,,,,,
88159254,qslstm_log,extrapolation,near_best,2000237,62,1,61,61,0,0.2558376110770966,0.5005908353674796,0.3380112056478177,0.5813873112201691,0.08783911603638117,0.29637664556503296,0.2585916847662887,0.5039386089707985,0.017967589077402334,0.017967589077402334,,,,,,0.29637664556503296,0.29637664556503296,0.3741070032119751,0.3741070032119751,0.4054809808731079,0.4054809808731079,0.43145638704299927,0.43145638704299927,0.4428924322128296,0.4428924322128296,0.35228431224823,0.35228431224823,0.3507239818572998,0.3507239818572998,0.4239586889743805,0.4239586889743805,0.4435277283191681,0.4435277283191681,0.28714439272880554,0.04201139882206917,0.24513299390673637,,,,,0.28714439272880554,0.28714439272880554,0.19262714684009552,0.19262714684009552,0.12476534396409988,0.12476534396409988,0.10106021165847778,0.10106021165847778,0.09251964092254639,0.09251964092254639,0.08427604287862778,0.08427604287862778,0.06353693455457687,0.06353693455457687,0.053635481745004654,0.053635481745004654,0.03886028751730919,0.03886028751730919
88159254,qslstm_log,extrapolation,near_best,2000238,62,0,62,61,0,0.34523378294150675,0.5868461550243439,0.344111559386854,0.5866102278232574,,,0.34523378294150675,0.5868461550243439,0.012719966837617218,0.012719966837617218,,,,,,,,,,,,,,,,,,,,,,,,,0.03875208868374748,,,,,,,,,,,,,,,,,,,,,,,
88159254,qslstm_log,extrapolation,near_best,2000239,62,4,58,58,3,0.12760441501072342,0.34823388462105104,0.1728207279675189,0.41571712493896484,0.0695199754236811,0.23396693542599678,0.13161023843051944,0.35611436387588236,0.016391122135622747,0.013401176929473877,0.060251335302988686,0.2936852276325226,0.17910540103912354,0.28690167764822644,0.22621101140975952,0.23396693542599678,0.2132817506790161,0.3184116333723068,0.26312804222106934,0.3285548985004425,0.2556752562522888,0.2630968242883682,0.2862880825996399,0.1835937798023224,0.2318074107170105,0.22851769626140594,0.29887694120407104,0.25243955850601196,0.3437143564224243,0.2882804498076439,0.3595379889011383,0.32537610083818436,0.3882122039794922,0.17083238251507282,0.0507927922339275,0.12003959028114533,0.13174295611679554,0.06102876737713814,0.1662170266111692,0.07083369046449661,0.17083238251507282,0.06992918998003006,0.15253015607595444,0.06626076251268387,0.13648154493421316,0.06226397678256035,0.12273718416690826,0.07247284799814224,0.10113518498837948,0.08767329901456833,0.07928797602653503,0.08948260545730591,0.06434856355190277,0.06145636364817619,0.07278884947299957,0.059475500136613846,0.07741327490657568,0.05313658341765404
88159254,qslstm_log,extrapolation,near_best,2000240,62,2,60,60,1,0.028707125915657654,0.15897630382659694,0.02820418083724352,0.16794100403785706,0.07706823123853992,0.27310694358311594,0.027095089071561582,0.1551719491680463,0.026953216890494028,0.026953216890494028,0.010956227779388428,,,0.32291486067697406,0.32291486067697406,0.27310694358311594,0.2232990264892578,0.2616183012723923,0.29993757605552673,0.28256431221961975,0.26519104838371277,0.24081887304782867,0.21644669771194458,0.2053588330745697,0.19427096843719482,0.16246941685676575,0.1199711263179779,0.12535928189754486,0.07889404892921448,0.10552670061588287,0.11795920133590698,0.07793702185153961,0.08572140336036682,0.2601378783583641,0.05576082449406385,0.20437705386430025,,,0.29988333582878113,0.29988333582878113,0.2601378783583641,0.22039242088794708,0.19003261625766754,0.159672811627388,0.1478615552186966,0.1360502988100052,0.1296759732067585,0.12330164760351181,0.11329026520252228,0.10327888280153275,0.07946283742785454,0.07607921957969666,0.08139359205961227,0.09852204471826553,0.062194766476750374,0.06196019425988197,0.04361819848418236,0.037735480815172195
88159254,qslstm_log,extrapolation,near_best,2000241,62,2,60,59,2,0.11808595226163329,0.328988207083556,0.18885024270439832,0.43456903100013733,0.07802766306636943,0.25742480158805847,0.1194212285681421,0.3313736539334059,0.027632430953494574,0.025795826786442808,0.02751469612121582,0.14777552336454391,0.11488386243581772,0.24037640914320946,0.3658689558506012,0.25742480158805847,0.14898064732551575,0.17020176351070404,0.19142287969589233,0.17764262855052948,0.16386237740516663,0.13542324304580688,0.10698410868644714,0.13318271934986115,0.15938133001327515,0.20174971222877502,0.21698090434074402,0.232177734375,0.22253891825675964,0.23587383329868317,0.2680818736553192,0.2709660083055496,0.2777179777622223,0.11781001836061478,0.06865350635101398,0.04915651200960079,0.1723107323050499,0.1618184894323349,0.1447916328907013,0.1277647763490677,0.11781001836061478,0.10785526037216187,0.10316339135169983,0.09847152233123779,0.0901571661233902,0.0818428099155426,0.07827683910727501,0.07471086829900742,0.08734824508428574,0.09998562186956406,0.08669596910476685,0.0840495228767395,0.06884981878101826,0.06209230050444603,0.06380344741046429,0.0732346698641777,0.05385171249508858,0.054651547223329544
88159254,qslstm_log,extrapolation,near_best,2000242,62,2,60,60,1,0.3223180771248052,0.5535600627622297,0.2452564615754662,0.4952337443828583,0.09928140950100195,0.2843273729085922,0.32975263271226535,0.5625344857573509,0.04778314928213755,0.04769877356997991,0.19589048624038696,0.14853578805923462,0.14853578805923462,0.09577447175979614,0.09577447175979614,0.2843273729085922,0.42011895775794983,0.30308379232883453,0.5103931128978729,0.4436195492744446,0.46712014079093933,0.4424932301044464,0.3745933473110199,0.4416871666908264,0.4162541925907135,0.4552142918109894,0.49417439103126526,0.5110054314136505,0.5278364717960358,0.6878233253955841,0.7085073888301849,0.6171049475669861,0.5123816430568695,0.2810972034931183,0.181439728786548,0.0996574747065703,0.399606853723526,0.399606853723526,0.27809271216392517,0.27809271216392517,0.2810972034931183,0.16258755326271057,0.21782652288675308,0.157560333609581,0.13852595910429955,0.11446436494588852,0.14065400883555412,0.12374768406152725,0.12872100248932838,0.14297764003276825,0.1711307317018509,0.19928382337093353,0.206536665558815,0.21378950774669647,0.29388315975666046,0.30186927318573,0.3114534541964531,0.23951776325702667
88159254,qslstm_log,extrapolation,near_best,2000243,62,0,62,61,0,0.1439177823105867,0.3700995512547032,0.18945917857924233,0.4352690875530243,,,0.1439177823105867,0.3700995512547032,0.047932474339594605,0.047932474339594605,,,,,,,,,,,,,,,,,,,,,,,,,0.1766909470240916,,,,,,,,,,,,,,,,,,,,,,,
88159254,qslstm_log,extrapolation,near_best,2000244,62,2,60,59,2,0.06777153464594225,0.25304247438907623,0.08828672605710608,0.297130823135376,0.05039139736552345,0.18997780978679657,0.06835087255528954,0.2551446298758189,0.014851172596721326,0.015099510550498962,0.04171548783779144,0.05294123291969299,0.0531650185585022,0.1813623607158661,0.30955970287323,0.18997780978679657,0.07039591670036316,0.10679745674133301,0.14319899678230286,0.1701173633337021,0.19703572988510132,0.18956032395362854,0.18208491802215576,0.1701032817363739,0.15812164545059204,0.15239526331424713,0.17186254262924194,0.19926494359970093,0.2045900821685791,0.22537514567375183,0.23646587133407593,0.25165554881095886,0.24289286136627197,0.14315331727266312,0.03915473173062007,0.10399858554204305,0.2485327050089836,0.20363278687000275,0.18424706161022186,0.16486133635044098,0.14315331727266312,0.12144529819488525,0.104448601603508,0.08745190501213074,0.07786421850323677,0.0682765319943428,0.06326725706458092,0.05825798213481903,0.06365707144141197,0.06905616074800491,0.05919502303004265,0.053359657526016235,0.04473959095776081,0.043156012892723083,0.04058936424553394,0.04065795987844467,0.035411959514021873,0.03545340150594711
88159254,qslstm_log,extrapolation,near_best,2000245,62,2,60,59,2,0.29348494468762043,0.5253472524665056,0.3548553293118917,0.5956973470747471,0.14333407532908726,0.3719546217471361,0.29848997366623814,0.5304603401571513,0.044313470185813254,0.04240524216934487,0.16137567162513733,0.27373218536376953,0.27373218536376953,0.15166810154914856,0.2927248477935791,0.3719546217471361,0.4425509013235569,0.32459005899727345,0.42292487993836403,0.3713922817260027,0.47183382883667946,0.3223374802619219,0.46524370089173317,0.39985510893166065,0.5259780324995518,0.49457618966698647,0.546601478010416,0.5130708254873753,0.5543078221380711,0.5439373888075352,0.5412732996046543,0.5803888477385044,0.5592055357992649,0.17622098699212074,0.13356401237348717,0.042656974618633575,0.115252785384655,0.115252785384655,0.2329714149236679,0.11336332559585571,0.17622098699212074,0.07908684760332108,0.13476453721523285,0.08342310786247253,0.13069772347807884,0.12149990350008011,0.12183373421430588,0.1333760768175125,0.14622223749756813,0.17719168961048126,0.09944337978959084,0.1197999119758606,0.13545332476496696,0.14940674602985382,0.10217749699950218,0.08455508202314377,0.10906118154525757,0.0806470513343811
88159254,qslstm_log,extrapolation,near_best,2000246,62,1,61,60,1,0.19227517658784757,0.4322059832272991,0.2752898410223361,0.5246807038784027,0.07065001982488184,0.26580071449279785,0.19426903161674863,0.43493393845245487,0.01751767247915268,0.01658922588003093,0.024125099182128906,0.3569759130477905,0.3569759130477905,0.3521709442138672,0.3521709442138672,0.26580071449279785,0.26580071449279785,0.3473576307296753,0.3473576307296753,0.2721206545829773,0.2721206545829773,0.34256017208099365,0.34256017208099365,0.3125538229942322,0.3125538229942322,0.31815671920776367,0.31815671920776367,0.3242781162261963,0.3242781162261963,0.3765370845794678,0.3765370845794678,0.4143299460411072,0.4143299460411072,0.12046361714601517,0.056199036324854755,0.0642645808211604,0.2302006483078003,0.2302006483078003,0.13496746122837067,0.13496746122837067,0.12046361714601517,0.12046361714601517,0.09045829623937607,0.09045829623937607,0.0781610757112503,0.0781610757112503,0.0713423565030098,0.0713423565030098,0.058267202228307724,0.058267202228307724,0.06489132344722748,0.06489132344722748,0.06093759462237358,0.06093759462237358,0.050326157361269,0.050326157361269,0.0387565903365612,0.0387565903365612
88159254,qslstm_log,extrapolation,near_best,2000247,62,2,60,59,2,0.16685012745979985,0.39716950779961,0.25438038273726793,0.5043613612651825,0.06411847120412206,0.24734629690647125,0.17027451600165577,0.4021636148293813,0.027793974694559128,0.02426692213003452,0.0695263147354126,0.30742260813713074,0.30742260813713074,0.2617736905813217,0.3457537591457367,0.24734629690647125,0.19314038753509521,0.27902694046497345,0.21338999271392822,0.2762790322303772,0.24034187197685242,0.33209873735904694,0.2928146719932556,0.2816905081272125,0.2573610842227936,0.30818985402584076,0.3089570999145508,0.2593078315258026,0.32547527551651,0.27309249341487885,0.2888239026069641,0.334299236536026,0.343123197555542,0.11209488101303577,0.05571098125850161,0.056383899754534166,0.05851975455880165,0.05851975455880165,0.18474980257451534,0.06012732908129692,0.11209488101303577,0.061466071754693985,0.11311794631183147,0.058303963392972946,0.10165190324187279,0.07550240308046341,0.08662686496973038,0.06308312714099884,0.07522364519536495,0.0535539872944355,0.048636989668011665,0.03875422477722168,0.049509746953845024,0.03755342215299606,0.04576373100280762,0.03797347471117973,0.0332436328753829,0.028933843597769737
88159254,qslstm_log,extrapolation,near_best,2000248,62,4,58,58,3,0.06138826472218792,0.23177372745328373,0.04388970675970327,0.20949870347976685,0.10725591214252253,0.2672389452345669,0.05822497869319932,0.22932785036491937,0.016631739920583265,0.012358524181224682,0.048927525679270424,0.5082267230997483,0.5196162778884172,0.3539335535218318,0.46583190746605396,0.2672389452345669,0.12286734580993652,0.4303164714947343,0.1600748896598816,0.41825316194444895,0.16745918989181519,0.20610763179138303,0.1598677933216095,0.2579510291106999,0.19224578142166138,0.24760025786235929,0.1972421407699585,0.1897551566362381,0.20713767409324646,0.2127789482474327,0.2319948375225067,0.21720345318317413,0.19021931290626526,0.24029530957341194,0.04508219100534916,0.19521311856806278,0.2741769254207611,0.19514214992523193,0.2511775890986125,0.15866512060165405,0.24029530957341194,0.13101330399513245,0.21010313369333744,0.08725809305906296,0.1819659136235714,0.07484661042690277,0.16246682591736317,0.06453100591897964,0.12583848927170038,0.05524912104010582,0.08530579786747694,0.04318045452237129,0.05700192879885435,0.03903068229556084,0.03814609022811055,0.030716819688677788,0.032151988707482815,0.030090784654021263
88159254,qslstm_log,extrapolation,near_best,2000249,62,3,59,58,3,0.18131997464755573,0.42137858992622745,0.21031948122814748,0.458606019616127,0.06451996844214387,0.23349169890085855,0.1872589580139326,0.43093216065633094,0.013991125698747307,0.010880886444023677,0.07655551036198933,0.33138643205165863,0.33125732839107513,0.2454839696486791,0.2023015022277832,0.23349169890085855,0.3685555011034012,0.3648536453644435,0.3944898992776871,0.3798673003911972,0.4138546735048294,0.349430908759435,0.43213655054569244,0.40258629620075226,0.40706683695316315,0.4059842973947525,0.4087105542421341,0.40959906081358594,0.4089163690805435,0.4286350756883621,0.4366319328546524,0.43207577367623645,0.43646229803562164,0.13168703267971674,0.039675153728763936,0.09201187895095281,0.15147355198860168,0.12856213748455048,0.19308672845363617,0.11838427186012268,0.13168703267971674,0.08446500450372696,0.10950877765814464,0.06967636197805405,0.08709422995646794,0.06304419040679932,0.08602129171291988,0.07663541287183762,0.0798539047439893,0.07846129685640335,0.06198715294400851,0.05818207189440727,0.058229691038529076,0.050300732254981995,0.03998204444845518,0.033551495522260666,0.0313042930016915,0.029764316976070404
