run_seed,model,split,case_type,sequence_id,n_metric_steps,n_events,n_nonevents,n_drift_steps,n_revision_steps,mse,mae,final_mse,final_mae,event_mse,event_mae,nonevent_mse,nonevent_mae,drift_nonevent,drift_post_best,revision_gain,event_abs_err_lag_m2,best_abs_err_lag_m2,event_abs_err_lag_m1,best_abs_err_lag_m1,event_abs_err_lag_0,best_abs_err_lag_0,event_abs_err_lag_1,best_abs_err_lag_1,event_abs_err_lag_2,best_abs_err_lag_2,event_abs_err_lag_3,best_abs_err_lag_3,event_abs_err_lag_4,best_abs_err_lag_4,event_abs_err_lag_6,best_abs_err_lag_6,event_abs_err_lag_8,best_abs_err_lag_8,event_abs_err_lag_12,best_abs_err_lag_12,event_abs_err_lag_16,best_abs_err_lag_16,alpha_event,alpha_nonevent,alpha_contrast,event_alpha_lag_m2,best_alpha_lag_m2,event_alpha_lag_m1,best_alpha_lag_m1,event_alpha_lag_0,best_alpha_lag_0,event_alpha_lag_1,best_alpha_lag_1,event_alpha_lag_2,best_alpha_lag_2,event_alpha_lag_3,best_alpha_lag_3,event_alpha_lag_4,best_alpha_lag_4,event_alpha_lag_6,best_alpha_lag_6,event_alpha_lag_8,best_alpha_lag_8,event_alpha_lag_12,best_alpha_lag_12,event_alpha_lag_16,best_alpha_lag_16
1716202887,qslstm,extrapolation,iid,2000000,62,4,58,57,4,0.021940134220900222,0.13492771310191,0.006485510940720474,0.08053267002105713,0.050322776952370196,0.17037606984376907,0.01998271058424712,0.13248299884385076,0.020519372141152098,0.014403208380653745,0.02512095868587494,0.18014711886644363,0.15496158599853516,0.24684591591358185,0.17073550820350647,0.17037606984376907,0.06473204493522644,0.1094178780913353,0.07898122072219849,0.13511759042739868,0.09525492787361145,0.1468016356229782,0.08104303479194641,0.14613334834575653,0.08297398686408997,0.1226578801870346,0.09537655115127563,0.13383623957633972,0.06710618734359741,0.13889601081609726,0.06969788670539856,0.14977414906024933,0.10454696416854858,0.12660808488726616,0.13272542801910434,-0.006117343131838177,0.15185510367155075,0.11360841989517212,0.13961002975702286,0.11449901014566422,0.12660808488726616,0.11483731120824814,0.13834322802722454,0.11481667309999466,0.13049669936299324,0.11335674673318863,0.13328175991773605,0.11501426249742508,0.12781057320535183,0.11621696501970291,0.12332603521645069,0.11232956498861313,0.11714164353907108,0.11018794029951096,0.1164941880851984,0.1115359291434288,0.11503474414348602,0.11081533879041672
1716202887,qslstm,extrapolation,iid,2000001,62,4,58,58,3,0.08864388386775311,0.29149254771970934,0.05624035504192548,0.23715049028396606,0.05778469648845963,0.2233688235282898,0.09077210368701473,0.29619073559497966,0.01904925909535638,0.013719102740287781,0.046207537253697716,0.3180792033672333,0.29359710216522217,0.25655152400334674,0.2687588930130005,0.2233688235282898,0.24477410316467285,0.2568361982703209,0.28100115060806274,0.29956065118312836,0.24946802854537964,0.3266536742448807,0.24495649337768555,0.3315603733062744,0.23594379425048828,0.3404015898704529,0.25059694051742554,0.32658231258392334,0.23954153060913086,0.34756577759981155,0.23551422357559204,0.3177897706627846,0.23187553882598877,0.17360460199415684,0.1273305133498948,0.046274088644262024,0.132478229701519,0.11165699362754822,0.16530576596657434,0.11157084256410599,0.17360460199415684,0.1236366555094719,0.1651220005005598,0.113296739757061,0.15873710997402668,0.122096486389637,0.15645572170615196,0.1162329912185669,0.14612547680735588,0.1200580894947052,0.14431916549801826,0.11762356758117676,0.1458805799484253,0.12167545408010483,0.14262371137738228,0.11936042457818985,0.12139817327260971,0.11207946389913559
1716202887,qslstm,extrapolation,iid,2000002,62,1,61,60,1,0.05221165394495485,0.2215524926300972,0.05105635316895363,0.225956529378891,0.048211251435049896,0.2195706069469452,0.05227723431396968,0.22158498255932918,0.019646106163660686,0.01625437648208053,0.04684096574783325,0.19316911697387695,0.19316911697387695,0.12032109498977661,0.12032109498977661,0.2195706069469452,0.2195706069469452,0.20837852358818054,0.20837852358818054,0.2547444999217987,0.2547444999217987,0.210264652967453,0.210264652967453,0.22691449522972107,0.22691449522972107,0.20627662539482117,0.20627662539482117,0.23275038599967957,0.23275038599967957,0.2741272747516632,0.2741272747516632,0.2547200620174408,0.2547200620174408,0.194264218211174,0.1506742274419206,0.043589990769253406,0.21519869565963745,0.21519869565963745,0.15944337844848633,0.15944337844848633,0.194264218211174,0.194264218211174,0.2071983367204666,0.2071983367204666,0.16054770350456238,0.16054770350456238,0.14611749351024628,0.14611749351024628,0.1331447809934616,0.1331447809934616,0.14476816356182098,0.14476816356182098,0.15223169326782227,0.15223169326782227,0.12222903221845627,0.12222903221845627,0.1252359002828598,0.1252359002828598
1716202887,qslstm,extrapolation,iid,2000003,62,2,60,60,1,0.03552196948141332,0.17488690201313264,0.03287081903693778,0.18130311369895935,0.025223319928850074,0.15076473355293274,0.035865257799832094,0.1756909742951393,0.02079177796840668,0.017808868860205013,0.043025702238082886,0.07155895233154297,0.07155895233154297,0.0724463164806366,0.0724463164806366,0.15076473355293274,0.20069783926010132,0.11779491603374481,0.2121029496192932,0.10906283557415009,0.18015101552009583,0.14005297422409058,0.21907252073287964,0.1247439831495285,0.17636564373970032,0.11998856067657471,0.22283968329429626,0.13469591736793518,0.23338764905929565,0.14895635843276978,0.22546640038490295,0.22858048975467682,0.238088458776474,0.22531045973300934,0.14611784406006337,0.07919261567294597,0.2341313362121582,0.2341313362121582,0.18794339895248413,0.18794339895248413,0.22531045973300934,0.13903748989105225,0.25150077790021896,0.20169062912464142,0.20097004622220993,0.13406123220920563,0.18543830513954163,0.1416207104921341,0.19485415518283844,0.12932023406028748,0.20868942886590958,0.19759000837802887,0.15767648443579674,0.11971699446439743,0.15852058678865433,0.12909777462482452,0.13506130874156952,0.12850190699100494
1716202887,qslstm,extrapolation,iid,2000004,62,5,57,56,5,0.07791100966868546,0.26176462538780704,0.10629122808786229,0.3260233551263809,0.05950293898545721,0.2105720266699791,0.07952575271107393,0.2662552042227042,0.01638310189758028,0.013467135337682871,0.08511051535606384,0.21370125003159046,0.06250295042991638,0.1754230335354805,0.04816427826881409,0.2105720266699791,0.23869971930980682,0.2057661458849907,0.22379760444164276,0.2162509486079216,0.2166527360677719,0.22306322902441025,0.25113631784915924,0.25343485474586486,0.2547050267457962,0.300361368060112,0.23548437654972076,0.276042103767395,0.2601953595876694,0.2104302942752838,0.27840442955493927,0.18716398775577545,0.29216034710407257,0.17873028218746184,0.1288795817578048,0.04985070042965703,0.13724087737500668,0.11743781715631485,0.1717721238732338,0.11816340684890747,0.17873028218746184,0.13467086851596832,0.14488003998994828,0.11818946152925491,0.1359318360686302,0.12222703546285629,0.15665569603443147,0.1262107938528061,0.14582543969154357,0.124094657599926,0.1303430527448654,0.11606048792600632,0.13869891613721846,0.11992788314819336,0.1280673027038574,0.11820279806852341,0.12972659021615982,0.1260213404893875
1716202887,qslstm,extrapolation,iid,2000005,62,5,57,57,4,0.11277002148188953,0.3332837421086527,0.07549483064168783,0.27476322650909424,0.10887024563053141,0.3259634256362915,0.11311210708288585,0.333925875132544,0.020779341982122054,0.014382051097022163,0.03690271079540253,0.3535104840993881,0.288543164730072,0.35481610894203186,0.2730071544647217,0.3259634256362915,0.2531493306159973,0.3406238317489624,0.28107398748397827,0.34798369407653806,0.25324738025665283,0.3317727208137512,0.2881864905357361,0.34975344240665435,0.2970362901687622,0.3413585156202316,0.2828393578529358,0.33700748682022097,0.2720487117767334,0.33205611258745193,,0.35836587473750114,,0.20520853996276855,0.15241000579114547,0.052798534171623085,0.1618092581629753,0.15553753077983856,0.16961489617824554,0.1816372126340866,0.20520853996276855,0.22662778198719025,0.18330406844615937,0.13785149157047272,0.1482280194759369,0.13279996812343597,0.15416241884231568,0.14438855648040771,0.17290734946727754,0.1901358813047409,0.15460214018821716,0.15057264268398285,0.14162483662366868,0.130219966173172,0.13994216732680798,,0.13871202059090137,
1716202887,qslstm,extrapolation,iid,2000006,62,2,60,59,2,0.04468017822491561,0.20729809783158765,0.04011848150497954,0.20029598474502563,0.04672582722882457,0.21609622985124588,0.044611989924785315,0.2070048267642657,0.0207409414194398,0.016895960156734172,0.049041301012039185,0.28955428302288055,0.28021495044231415,0.24549821019172668,0.21078146994113922,0.21609622985124588,0.22141098976135254,0.21857956051826477,0.215748131275177,0.20203065872192383,0.18831318616867065,0.20419543981552124,0.22007769346237183,0.22849802672863007,0.2369183599948883,0.24984240531921387,0.25481104850769043,0.20919406414031982,0.19914036989212036,0.14816853404045105,0.14707517623901367,0.16802164912223816,0.1490808129310608,0.16300812363624573,0.13834061312178772,0.024667510514458008,0.17465436458587646,0.16855518519878387,0.1727260798215866,0.17689697444438934,0.16300812363624573,0.1491192728281021,0.16906649619340897,0.18901371955871582,0.16572241485118866,0.1424311101436615,0.13932418078184128,0.13621725142002106,0.13831360638141632,0.14040996134281158,0.1413315385580063,0.14805899560451508,0.15850693732500076,0.16045555472373962,0.1263672113418579,0.12556029856204987,0.12558912858366966,0.11926180869340897
1716202887,qslstm,extrapolation,iid,2000007,62,1,61,60,1,0.008627016886502954,0.08201538074401117,0.0075805912310933365,0.08706659078598022,0.014819723833227272,0.12173628807067871,0.008525497100491079,0.0813642183288199,0.017958703637123107,0.00981403112411499,0.01199108362197876,0.01606142520904541,0.01606142520904541,0.02091306447982788,0.02091306447982788,0.12173628807067871,0.12173628807067871,0.11682593822479248,0.11682593822479248,0.11548775434494019,0.11548775434494019,0.12912803888320923,0.12912803888320923,0.13674145936965942,0.13674145936965942,0.10767370462417603,0.10767370462417603,0.11203533411026001,0.11203533411026001,0.08290082216262817,0.08290082216262817,0.08419734239578247,0.08419734239578247,0.11952104419469833,0.14650661620448846,-0.026985572009790126,0.11971325427293777,0.11971325427293777,0.12770046293735504,0.12770046293735504,0.11952104419469833,0.11952104419469833,0.11416687816381454,0.11416687816381454,0.1137995645403862,0.1137995645403862,0.11493100970983505,0.11493100970983505,0.11643823236227036,0.11643823236227036,0.12497556209564209,0.12497556209564209,0.12231110781431198,0.12231110781431198,0.11334184557199478,0.11334184557199478,0.11596366763114929,0.11596366763114929
1716202887,qslstm,extrapolation,iid,2000008,62,6,56,55,6,0.12006282726784148,0.31163006372028784,0.1472424873804279,0.38372188806533813,0.07663908866937585,0.23927437017361322,0.12471537068910564,0.31938245945743154,0.02014893726869063,0.01615622639656067,0.06205154458681742,0.20223127901554108,0.03193601965904236,0.20657182484865189,0.012099295854568481,0.23927437017361322,0.42983168363571167,0.23557792355616888,0.4490750730037689,0.22713330139716467,0.44982975721359253,0.2168387770652771,0.45988529920578003,0.1703122208515803,0.4113076329231262,0.16527117043733597,0.42296653985977173,0.15052582820256552,0.43533045053482056,0.25354184210300446,0.42902570962905884,0.2933623939752579,0.43599361181259155,0.19265477607647577,0.13586785165326937,0.0567869244232064,0.16293424665927886,0.1285056322813034,0.18117729450265566,0.12092333287000656,0.19265477607647577,0.12729869782924652,0.1620058057208856,0.12126920372247696,0.153650414198637,0.12562841176986694,0.16498535498976707,0.14748024940490723,0.1498833460112413,0.11844298243522644,0.1418549952407678,0.1186530664563179,0.1356012336909771,0.12439733743667603,0.13684923077623048,0.12623393535614014,0.12175499647855759,0.1231677457690239
1716202887,qslstm,extrapolation,iid,2000009,62,6,56,56,5,0.11368996269326542,0.3294245646365227,0.13205100238567824,0.36338822543621063,0.08125502935935588,0.2739340278009574,0.11716513412189859,0.33536997929747614,0.02176174893975258,0.01291389266649882,0.04655675888061524,0.18774647563695906,0.3653640076518059,0.25561704486608505,0.3622961565852165,0.2739340278009574,0.329962357878685,0.24885363007585207,0.330570712685585,0.24433261280258498,0.30976809561252594,0.3116813351710637,0.3487265855073929,0.32217825452486676,0.379400297999382,0.30267421901226044,0.3585466295480728,0.30481090644995373,0.3607663959264755,0.32452651113271713,0.3554367274045944,0.34060143927733105,0.377192422747612,0.17578923081358275,0.126666926911899,0.049122303901683734,0.18321844190359116,0.1174895167350769,0.1718598112463951,0.12046948075294495,0.17578923081358275,0.12014100700616837,0.1630178615450859,0.1188984289765358,0.16406468053658804,0.11455980688333511,0.13733473544319472,0.1135980486869812,0.1458516282339891,0.1159503236413002,0.12688461691141129,0.11368155479431152,0.12651910508672395,0.11836951225996017,0.12483644237120946,0.1177755817770958,0.11849515264232953,0.11477876454591751
1716202887,qslstm,extrapolation,iid,2000010,62,3,59,58,3,0.08714026454486026,0.28073826047681993,0.031492289564084786,0.1774606704711914,0.04382739852921258,0.2042784591515859,0.08934261366429996,0.2846260469848827,0.014431029558181763,0.010741693278153738,0.05767448743184408,0.2396770417690277,0.2051442265510559,0.21567248304684958,0.20851761102676392,0.2042784591515859,0.16909202933311462,0.23132706681887308,0.16923728585243225,0.23562172055244446,0.1620963215827942,0.2578702469666799,0.19217771291732788,0.25150219599405926,0.17374250292778015,0.2593238949775696,0.16834032535552979,0.26696327328681946,0.17207440733909607,0.2505870461463928,0.1774606704711914,0.2834363132715225,,0.15477548787991205,0.13321309107339988,0.021562396806512174,0.13712850213050842,0.13856013119220734,0.19971168289581934,0.11867997795343399,0.15477548787991205,0.12363947182893753,0.16370198130607605,0.11855047941207886,0.13539628684520721,0.12121570110321045,0.1294610152641932,0.11555885523557663,0.12492563327153523,0.11560677736997604,0.13372421513001123,0.1118682324886322,0.12715698778629303,0.12201523035764694,0.12027158339818318,0.11931195855140686,0.11678453907370567,
1716202887,qslstm,extrapolation,iid,2000011,62,2,60,59,2,0.03389440385203457,0.17967717301461003,0.03385802362032564,0.1840054988861084,0.07163030306812246,0.25471025705337524,0.032636540544831644,0.17717607021331788,0.0237798054339522,0.012028274864986026,0.002449512481689453,0.18824665248394012,0.1878359019756317,0.2623613625764847,0.33688682317733765,0.25471025705337524,0.17253369092941284,0.17657160758972168,0.18060952425003052,0.17796139419078827,0.17531326413154602,0.1810520738363266,0.18679088354110718,0.18478864431381226,0.18278640508651733,0.17200827598571777,0.16650444269180298,0.16655248403549194,0.15432721376419067,0.1676335334777832,0.16572707891464233,0.17582324147224426,0.1742730736732483,0.1351102516055107,0.13125499561429024,0.0038552559912204687,0.12495676800608635,0.12690412998199463,0.13533645123243332,0.143768772482872,0.1351102516055107,0.12645173072814941,0.12136523425579071,0.116278737783432,0.11838333681225777,0.12048793584108353,0.12114225700497627,0.12179657816886902,0.11950913071632385,0.11722168326377869,0.11873554065823555,0.11875396966934204,0.1263173520565033,0.1180022656917572,0.12614670768380165,0.13571447134017944,0.12151774391531944,0.12370863556861877
1716202887,qslstm,extrapolation,iid,2000012,62,4,58,57,4,0.06191179409350068,0.23408595785017935,0.05743941300275779,0.2396652102470398,0.08026464366306207,0.2744961380958557,0.06064608033008265,0.23129904886771893,0.021149136518177233,0.005394972287691557,0.021879255771636963,0.23886197805404663,0.32009971141815186,0.24907825887203217,0.32768070697784424,0.2744961380958557,0.2252827286720276,0.2810827046632767,0.22923237085342407,0.27595552802085876,0.23496204614639282,0.27747175097465515,0.22325176000595093,0.2261173129081726,0.2178250551223755,0.23991531133651733,0.2265823483467102,0.218143031001091,0.2390710711479187,0.22760339081287384,0.2384052872657776,0.25384074449539185,,0.13772925734519958,0.1330298664497918,0.0046993908954077734,0.1254885457456112,0.11998023837804794,0.12670728377997875,0.1221546158194542,0.13772925734519958,0.12902207672595978,0.1342600155621767,0.14291663467884064,0.12321104668080807,0.12687471508979797,0.12254774384200573,0.11446729302406311,0.12230195291340351,0.11866546422243118,0.12450077012181282,0.131693497300148,0.11927086487412453,0.11834552884101868,0.11871217004954815,0.11589663475751877,0.1183714469273885,
1716202887,qslstm,extrapolation,iid,2000013,62,3,59,58,3,0.03849134979263766,0.16852732759810263,0.013644344935315189,0.11680901050567627,0.12036745326994865,0.2923743079106013,0.0343281580904015,0.16223002351441626,0.016612429043342328,0.015458444399493081,0.1030609409014384,0.35700075700879097,0.5451744198799133,0.2637856875856717,0.5829468667507172,0.2923743079106013,0.3524409532546997,0.44860778252283734,0.3155500590801239,0.48457396030426025,0.32560059428215027,0.4091694454352061,0.2921205163002014,0.30092280109723407,0.23477739095687866,0.2638149956862132,0.17372387647628784,0.21791390577952066,0.19213908910751343,0.19432360927263895,0.18941789865493774,0.16404849290847778,0.12333112955093384,0.20803284645080566,0.13397886515673946,0.0740539812940662,0.17699024081230164,0.1633155196905136,0.21736064553260803,0.20652176439762115,0.20803284645080566,0.1847221404314041,0.16892373065153757,0.15897448360919952,0.17187485098838806,0.14578726887702942,0.19240795572598776,0.185979962348938,0.16321643690268198,0.14595268666744232,0.17235503097375235,0.1852978616952896,0.181865726908048,0.22543008625507355,0.16502066453297934,0.13271328806877136,0.12911834567785263,0.1227666363120079
1716202887,qslstm,extrapolation,iid,2000014,62,2,60,59,2,0.07381505561530761,0.2583544518678419,0.09131069440515205,0.3021765947341919,0.02485188881397704,0.11573916673660278,0.07544716117535197,0.26310829470554986,0.020384313191397715,0.017935467617852346,0.039928585290908813,0.053844794631004333,0.008704900741577148,0.06702141463756561,0.03674030303955078,0.11573916673660278,0.22277343273162842,0.12453705072402954,0.2123337984085083,0.21700429916381836,0.2112351655960083,0.1865096390247345,0.1606854796409607,0.16577020287513733,0.12030524015426636,0.16145530343055725,0.20260536670684814,0.19120952486991882,0.1798136830329895,0.16096174716949463,0.16582882404327393,0.21893435716629028,0.23450815677642822,0.19858300685882568,0.1332017932087183,0.06538121365010738,0.21756180375814438,0.21448872983455658,0.19558310508728027,0.16825193166732788,0.19858300685882568,0.1826772838830948,0.1593237742781639,0.15039561688899994,0.16737523674964905,0.1520731896162033,0.16078166663646698,0.17116771638393402,0.1511143520474434,0.15015551447868347,0.14492935687303543,0.1397031992673874,0.13608530163764954,0.13246740400791168,0.12279835715889931,0.11865650862455368,0.12912943959236145,0.13049624860286713
1716202887,qslstm,extrapolation,iid,2000015,62,4,58,57,4,0.1828117113332994,0.3798584146425128,0.4548354989738701,0.6744149308651686,0.3616472222754552,0.5913537289015949,0.1704782278200473,0.36527253090050715,0.019703755253239683,0.010316818952560425,0.011808276176452637,0.4698885679244995,0.7012707740068436,0.4557633250951767,0.7011868506669998,0.5913537289015949,0.6820164900273085,0.5893864477984607,0.6678988914936781,0.5814121249131858,0.6744149308651686,0.5255871067444483,,0.5395169705152512,,0.511310006181399,,0.5112494677305222,,0.41947588324546814,,0.409127801656723,,0.1411052756011486,0.14173780111917134,-0.0006325255180227307,0.12804867513477802,0.11597806960344315,0.1253590490669012,0.11951616406440735,0.1411052756011486,0.14129172265529633,0.12501896359026432,0.12223448604345322,0.12213928811252117,0.12319131940603256,0.12334677577018738,,0.11949062099059422,,0.12064924091100693,,0.12116446594397227,,0.12367667630314827,,0.11845404282212257,
1716202887,qslstm,extrapolation,iid,2000016,62,3,59,58,3,0.1248175903369178,0.3453595383513358,0.12048895432138185,0.3471151888370514,0.05772121513099204,0.17614210645357767,0.12822927043213436,0.3539638145495269,0.021376128854422735,0.015036772798608851,-0.014551917711893717,0.2970988949139913,0.11391013860702515,0.19238315025965372,0.17046993970870972,0.17614210645357767,0.4066382944583893,0.20284264286359152,0.41970983147621155,0.22157723704973856,0.38035163283348083,0.3105740745862325,0.3546139895915985,0.40524781743685406,0.3893953263759613,0.3758058448632558,0.3924519121646881,0.3938417931397756,0.37917497754096985,0.37853267788887024,0.38103023171424866,0.39036133885383606,0.4049780070781708,0.1803471346696218,0.14069355897984262,0.039653575689779175,0.19671403368314108,0.16539248824119568,0.1773537596066793,0.1485583335161209,0.1803471346696218,0.17450343072414398,0.1700349102417628,0.16776929795742035,0.15900343656539917,0.16305948793888092,0.16592901945114136,0.17472529411315918,0.16032211979230246,0.13869363069534302,0.159637580315272,0.14112795889377594,0.14265207946300507,0.1415490210056305,0.15732012689113617,0.16932575404644012,0.14502936601638794,0.12111654877662659
1716202887,qslstm,extrapolation,iid,2000017,62,1,61,60,1,0.18896913643545432,0.4331393037892638,0.1516869475006788,0.38947008550167084,0.12951233835120335,0.35987822711467743,0.18994383804339288,0.43434030504622423,0.02059604078531265,0.019493532401544077,0.10773506760597229,0.48799644224345684,0.48799644224345684,0.5202282499521971,0.5202282499521971,0.35987822711467743,0.35987822711467743,0.3654721826314926,0.3654721826314926,0.3983727842569351,0.3983727842569351,0.45089109241962433,0.45089109241962433,0.490394189953804,0.490394189953804,0.48332490026950836,0.48332490026950836,0.4606732875108719,0.4606732875108719,0.4417012482881546,0.4417012482881546,0.4328315407037735,0.4328315407037735,0.18953390419483185,0.14306659483518758,0.04646730935964427,0.22460855543613434,0.22460855543613434,0.1875154972076416,0.1875154972076416,0.18953390419483185,0.18953390419483185,0.15212880074977875,0.15212880074977875,0.14844080805778503,0.14844080805778503,0.1454760581254959,0.1454760581254959,0.14234106242656708,0.14234106242656708,0.12455577403306961,0.12455577403306961,0.12299936264753342,0.12299936264753342,0.13919468224048615,0.13919468224048615,0.14896105229854584,0.14896105229854584
1716202887,qslstm,extrapolation,iid,2000018,62,3,59,58,3,0.009167113630744315,0.08399368966779401,0.0020184006068015847,0.044926613569259644,0.0055612310095375745,0.0740206241607666,0.00935046359453449,0.08450079469357506,0.020995231024150192,0.016038265763496866,0.02483883500099182,0.050121963024139404,0.09455257654190063,0.15903315941492716,0.10687416791915894,0.0740206241607666,0.08028438687324524,0.06312558054924011,0.06768777966499329,0.05599456032117208,0.10619142651557922,0.08573570847511292,0.12546780705451965,0.1314821739991506,0.14254561066627502,0.09682549039522807,0.12538614869117737,0.1048882007598877,0.09295561909675598,0.09657234946886699,0.07948365807533264,0.10228795806566875,0.07245030999183655,0.19024458527565002,0.13590432930800875,0.05434025596764128,0.18834441155195236,0.13271640241146088,0.23384722570578256,0.15522955358028412,0.19024458527565002,0.13328798115253448,0.18132427334785461,0.13706378638744354,0.1563788503408432,0.1290031522512436,0.16179420053958893,0.1326160877943039,0.16297011077404022,0.13182692229747772,0.14851613839467367,0.12907949090003967,0.16634994248549143,0.12808109819889069,0.13357492287953696,0.13183405995368958,0.13158729175726572,0.13158653676509857
1716202887,qslstm,extrapolation,iid,2000019,62,2,60,59,2,0.0889586142134958,0.2890367000814407,0.082473965166173,0.2871828079223633,0.07598857192285113,0.2704482153058052,0.08939094895651728,0.28965631624062854,0.014888464394262281,0.014105051062827887,0.21941310167312622,0.3891012817621231,0.3891012817621231,0.19954458624124527,0.39498282968997955,0.2704482153058052,0.21709716320037842,0.2602321580052376,0.20955240726470947,0.2588285878300667,0.21428179740905762,0.2495761290192604,0.19248992204666138,0.2418842390179634,0.1760185956954956,0.23682723194360733,0.15257984399795532,0.2970903292298317,0.21869522333145142,0.30456341058015823,0.21893054246902466,0.3347895219922066,0.2745962142944336,0.23836218938231468,0.13195612157384554,0.10640606780846915,0.12736910581588745,0.12736910581588745,0.2443973831832409,0.11874198168516159,0.23836218938231468,0.12263321131467819,0.1716512106359005,0.12034743279218674,0.15308188274502754,0.1224026307463646,0.13180112466216087,0.12486601620912552,0.15689684450626373,0.12358751893043518,0.12811622768640518,0.12024372816085815,0.12703293561935425,0.11959576606750488,0.12331203743815422,0.12331566214561462,0.11806606873869896,0.11739015579223633
1716202887,qslstm,extrapolation,iid,2000020,62,5,57,56,5,0.1618644204798467,0.37142917393676694,0.2248508093718865,0.47418436221778393,0.10813762215813671,0.2608712922781706,0.16657729752561073,0.3811272337313807,0.01975887907402856,0.011916052412103724,0.03239604234695435,0.2234113708138466,0.2889084815979004,0.2561213329434395,0.2828866243362427,0.2608712922781706,0.47908499650657177,0.26579563729465006,0.48181488923728466,0.2694098364561796,0.46835183911025524,0.245243663713336,0.4562722723931074,0.26370002143085003,0.4675526600331068,0.36637344025075436,0.4673461001366377,0.4643764358013868,0.4863642733544111,0.4182097759097815,0.4867399614304304,0.3442652873694897,0.4604822378605604,0.19279023706912995,0.1438001969404388,0.048990040128691154,0.17632228881120682,0.12196599692106247,0.16970225125551225,0.12475324422121048,0.19279023706912995,0.12822948396205902,0.17529230415821076,0.13210207223892212,0.19265507608652116,0.1442509889602661,0.19069444686174392,0.11737377196550369,0.17576995640993118,0.12231434136629105,0.15408966243267058,0.1265636831521988,0.1742570713162422,0.11581095308065414,0.1280896320939064,0.11503108590841293,0.12342262417078018,0.11464858800172806
1716202887,qslstm,extrapolation,iid,2000021,62,5,57,56,5,0.12386637743094402,0.3406362797343923,0.10414143151739297,0.32270951569080353,0.0651081074493072,0.2333971969783306,0.12902061163985953,0.3500432168182574,0.021984835820538656,0.020729831286839077,0.06414392590522766,0.22054768428206445,0.44595835730433464,0.2371700070798397,0.41155801340937614,0.2333971969783306,0.29429520666599274,0.26266553327441217,0.33797790110111237,0.28221517726778983,0.30951283872127533,0.3424003258347511,0.3164586275815964,0.3519796207547188,0.31601549685001373,0.3631793037056923,0.29690445959568024,0.33278256207704543,0.3404703885316849,0.3764729380607605,0.3277273029088974,0.38659176602959633,,0.2123573586344719,0.1436232937532559,0.068734064881216,0.19663988947868347,0.11185818910598755,0.1826755464076996,0.12260285019874573,0.2123573586344719,0.11954272538423538,0.18680699169635773,0.11311185359954834,0.1646798864006996,0.11941627413034439,0.20419149249792098,0.11682676523923874,0.18862416297197343,0.11966059356927872,0.16011918038129808,0.11479968577623367,0.15208660513162614,0.11491099745035172,0.17878998965024948,0.11904305964708328,0.13019495829939842,
1716202887,qslstm,extrapolation,iid,2000022,62,3,59,59,2,0.06532891391467549,0.17402297162240551,0.0013201947868148878,0.036334484815597534,0.03240271171245072,0.13915344079335532,0.06700312758597506,0.17579599861371314,0.023134778616792064,0.015314795289720807,0.055868491530418396,0.47841018438339233,0.47841018438339233,0.28427717089653015,0.4978163540363312,0.13915344079335532,0.046680301427841187,0.20388591289520264,0.04348337650299072,0.17044044534365335,0.03759780526161194,0.13073957959810892,0.017453402280807495,0.13970905542373657,0.00545501708984375,0.18846672773361206,0.01172548532485962,0.2448160151640574,0.01761689782142639,0.2717824975649516,0.0026260018348693848,0.3270882765452067,0.02471354603767395,0.22127039233843485,0.1274539114812673,0.09381648085716754,0.12308317422866821,0.12308317422866821,0.2066556178033352,0.12392040342092514,0.22127039233843485,0.12254145741462708,0.19149645417928696,0.11786412447690964,0.1718150625626246,0.1256762593984604,0.15533506125211716,0.11514695733785629,0.1827526092529297,0.12179344892501831,0.1424196089307467,0.11661726981401443,0.13389734427134195,0.11805784702301025,0.1231650138894717,0.11654166132211685,0.12185166279474895,0.11837916821241379
1716202887,qslstm,extrapolation,iid,2000023,62,4,58,58,3,0.12045916676932951,0.3257966130491226,0.17409164964892287,0.4172429144382477,0.07921679101833691,0.23885863460600376,0.12330346854526003,0.33179233570037214,0.020312970054560696,0.013321973987527796,0.025364746650060017,0.2467443769176801,0.051032960414886475,0.220355195303758,0.0006193220615386963,0.23885863460600376,0.3662012219429016,0.20865693129599094,0.38771575689315796,0.23648168332874775,0.3689236640930176,0.25730268098413944,0.38338059186935425,0.24301147647202015,0.3420669436454773,0.2367335557937622,0.365451455116272,0.2661133110523224,0.3684437870979309,0.34537896513938904,0.3878304362297058,0.38225523568689823,0.40031522512435913,0.17841931618750095,0.14005994848136244,0.038359367706138514,0.12991704046726227,0.11980456113815308,0.12993906438350677,0.12549079954624176,0.17841931618750095,0.11453304439783096,0.18779167346656322,0.12279064208269119,0.18582877330482006,0.1168861910700798,0.16215956769883633,0.11904314905405045,0.16789927333593369,0.11508509516716003,0.1334083080291748,0.11429587751626968,0.12593230977654457,0.11644726246595383,0.12364469096064568,0.12480463832616806,0.122044513002038,0.11298554390668869
1716202887,qslstm,extrapolation,iid,2000024,62,1,61,60,1,0.08433777473945808,0.2802645852488856,0.06594623789382936,0.25679999589920044,0.04857756811384206,0.22040319442749023,0.08492400763495998,0.28124591952464617,0.01876580516497294,0.01510017993403416,0.021456003189086914,0.1991298794746399,0.1991298794746399,0.19753360748291016,0.19753360748291016,0.22040319442749023,0.22040319442749023,0.20816570520401,0.20816570520401,0.27008211612701416,0.27008211612701416,0.28474539518356323,0.28474539518356323,0.2835924029350281,0.2835924029350281,0.3267778754234314,0.3267778754234314,0.3445565104484558,0.3445565104484558,0.3638787567615509,0.3638787567615509,0.34757912158966064,0.34757912158966064,0.13780930638313293,0.1369661042680506,0.0008432021150823477,0.13104593753814697,0.13104593753814697,0.13777105510234833,0.13777105510234833,0.13780930638313293,0.13780930638313293,0.12765668332576752,0.12765668332576752,0.1344262957572937,0.1344262957572937,0.1455129086971283,0.1455129086971283,0.14770983159542084,0.14770983159542084,0.13495968282222748,0.13495968282222748,0.1509239673614502,0.1509239673614502,0.12366985529661179,0.12366985529661179,0.11469785124063492,0.11469785124063492
1716202887,qslstm,extrapolation,iid,2000025,62,2,60,59,2,0.006372609911424186,0.05937563147275678,0.009174022503587231,0.0957811176776886,0.03803087141704456,0.13901697471737862,0.0053173345279035064,0.05672092003126939,0.01729207372261306,0.015479719532387597,0.013420358300209045,0.13817055895924568,0.2757837548851967,0.17565031722187996,0.32476381212472916,0.13901697471737862,0.002250194549560547,0.19050632789731026,0.05624884366989136,0.0351228266954422,0.06799545884132385,0.032160088419914246,0.008071333169937134,0.04396545886993408,0.01993545889854431,0.012509793043136597,0.005084127187728882,0.007730066776275635,0.010376006364822388,0.008684113621711731,0.00017023086547851562,0.01023314893245697,0.009073585271835327,0.2472745031118393,0.14640413311620554,0.10087036999563376,0.29349569976329803,0.2439618706703186,0.31177912652492523,0.32737812399864197,0.2472745031118393,0.25058713555336,0.2795635610818863,0.23174899816513062,0.27012869715690613,0.28967025876045227,0.27657856047153473,0.32140812277793884,0.23997201770544052,0.19027377665042877,0.23885530978441238,0.287436842918396,0.2130163237452507,0.1385958045721054,0.12282856181263924,0.12030013650655746,0.1186535693705082,0.11828646063804626
1716202887,qslstm,extrapolation,iid,2000026,62,2,60,60,1,0.0071297398652622156,0.07117008201537593,0.01188330594187903,0.10901057720184326,0.025712163499746143,0.1603301614522934,0.006510325744112751,0.0681980793674787,0.018490496277809142,0.018490496277809142,0.12459254264831543,,,0.16286054253578186,0.16286054253578186,0.1603301614522934,0.15779978036880493,0.18901985883712769,0.22023993730545044,0.18175138533115387,0.1432628333568573,0.13287405669689178,0.12248528003692627,0.09571924805641174,0.06895321607589722,0.026529669761657715,0.0042324066162109375,0.027229130268096924,0.03814810514450073,0.02692323923110962,0.018221557140350342,0.00884053111076355,0.01586174964904785,0.29712823033332825,0.12929857907195885,0.1678296512613694,,,0.3402361571788788,0.3402361571788788,0.29712823033332825,0.2540203034877777,0.2877016067504883,0.32138291001319885,0.25025899708271027,0.17913508415222168,0.167651928961277,0.15616877377033234,0.1680196300148964,0.17987048625946045,0.16170939803123474,0.15627014636993408,0.13793814182281494,0.14065583050251007,0.1340801604092121,0.12146807461977005,0.13153396546840668,0.136860653758049
1716202887,qslstm,extrapolation,iid,2000027,62,3,59,58,3,0.1250668281489772,0.33902649117273187,0.10453588109598755,0.32332009077072144,0.15925706736652434,0.38858760986477137,0.12332834140910194,0.3365064342900858,0.017073283935415334,0.01187842914036342,0.09808460871378581,0.3355272967989246,0.4470369219779968,0.3133660514528553,0.4241548180580139,0.38858760986477137,0.2716074585914612,0.381716078457733,0.27146345376968384,0.39336338235686225,0.2801811695098877,0.3860567171747486,0.24069547653198242,0.4048703371857603,0.2678470015525818,0.3809433737769723,0.24765366315841675,0.4054857452089588,0.2953803539276123,0.37537525097529095,0.25504690408706665,0.33446598052978516,0.27067941427230835,0.17786046117544174,0.13306929688837568,0.04479116428706606,0.14396055291096369,0.11462197452783585,0.15108511845270792,0.12564177811145782,0.17786046117544174,0.12186280637979507,0.16200441618760428,0.12623195350170135,0.1332300305366516,0.11593344062566757,0.1408167282740275,0.1199515163898468,0.15984410047531128,0.1240607500076294,0.13105742384990057,0.11690456420183182,0.12440399825572968,0.11296731233596802,0.12597482154766718,0.11745670437812805,0.12143367032210033,0.11706043034791946
1716202887,qslstm,extrapolation,iid,2000028,62,3,59,58,3,0.11075189644803062,0.3159868034624284,0.10970809075496746,0.3312221169471741,0.07546701769284662,0.249214768409729,0.11254604282541286,0.31938199168544706,0.02122766087795126,,0.02293763558069865,0.2333139975865682,0.4068989157676697,0.2653523087501526,0.4092600345611572,0.249214768409729,0.3312221169471741,0.1928662359714508,,0.16941198706626892,,0.1894834339618683,,0.20432868599891663,,0.33872097730636597,,0.3305026590824127,,0.35716429352760315,,0.35859039425849915,,0.1383225346604983,0.14085101096306818,-0.0025284763025698875,0.14803709089756012,0.11125805974006653,0.16841447105010351,0.11488736420869827,0.1383225346604983,0.11636272817850113,0.1493436023592949,,0.13479440659284592,,0.15201271325349808,,0.17207153886556625,,0.13260968402028084,,0.12242757901549339,,0.12519990280270576,,0.12503768876194954,
1716202887,qslstm,extrapolation,iid,2000029,62,3,59,59,2,0.1871194987751748,0.39595618988237075,0.2006819030130238,0.4479753375053406,0.07577001594113053,0.18302574753761292,0.19278133688538046,0.40678316152701943,0.020885333671408185,0.01720530402903654,0.03678703308105469,0.0028439462184906006,0.0028439462184906006,0.024345844984054565,0.02698493003845215,0.18302574753761292,0.4731835126876831,0.21024511257807413,0.5102340579032898,0.1862623691558838,0.4904910922050476,0.18628222743670145,0.4907602369785309,0.21502678592999777,0.4912884831428528,0.20983626445134482,0.4962517023086548,0.18657932678858438,0.5018354654312134,0.49896280964215595,0.513470858335495,0.5007728238900503,0.5044475495815277,0.24733943740526834,0.1403179452833483,0.10702149212192005,0.1635831892490387,0.1635831892490387,0.22717276960611343,0.1488160938024521,0.24733943740526834,0.16514405608177185,0.2096958508094152,0.18855249881744385,0.18601389726003012,0.17022208869457245,0.17683267096678415,0.14778515696525574,0.15779324869314829,0.16091656684875488,0.1401813824971517,0.12073543667793274,0.14268718163172403,0.14104072749614716,0.19906810422738394,0.2435077577829361,0.14629209538300833,0.15058565139770508
1716202887,qslstm,extrapolation,iid,2000030,62,4,58,57,4,0.07018302724405184,0.24856137892892283,0.07572015177180447,0.2751729488372803,0.06397348892064336,0.24769192934036255,0.07061127126635587,0.24862134096951322,0.0223773435542458,0.009694536526997885,0.01728719472885132,0.22878368198871613,0.2709479331970215,0.21800193190574646,0.2827702760696411,0.24769192934036255,0.2669494152069092,0.24789071083068848,0.25627684593200684,0.25628651678562164,0.2632012367248535,0.25458990037441254,0.26736027002334595,0.26879870891571045,0.28947222232818604,0.2510501593351364,0.2751729488372803,0.24436074495315552,,0.3107633888721466,,0.2891526520252228,,0.13620642572641373,0.13775580235082527,-0.0015493766244115414,0.12789208441972733,0.13038496673107147,0.1205932479351759,0.11445754766464233,0.13620642572641373,0.12766920030117035,0.1252754870802164,0.1157434955239296,0.12686832435429096,0.11695104837417603,0.13320797309279442,0.11372974514961243,0.11970263905823231,0.1196533814072609,0.12050393037497997,0.11912911385297775,0.11847226073344548,,0.12539665028452873,,0.12118888646364212,
1716202887,qslstm,extrapolation,iid,2000031,62,2,60,59,2,0.11656119868979174,0.3061714531673539,0.03242401815954565,0.18006670475006104,0.13195149016152666,0.3287885747849941,0.11604818897406725,0.30541754911343255,0.018469889285200734,0.011626926064491273,0.0856090635061264,0.24609146639704704,0.4243760332465172,0.3672559820115566,0.4294653460383415,0.3287885747849941,0.17435553669929504,0.3593573085963726,0.179362952709198,0.3539613448083401,0.1634160578250885,0.35902464017271996,0.16142746806144714,0.32753488048911095,0.15561959147453308,0.29838139936327934,0.15450358390808105,0.3062140457332134,0.14745831489562988,0.30331557616591454,0.15108999609947205,0.3094603233039379,0.1507226526737213,0.14730177447199821,0.13880908625821273,0.008492688213785488,0.272493451833725,0.13004642724990845,0.2584925666451454,0.1296216994524002,0.14730177447199821,0.11607160419225693,0.158759705722332,0.11602380871772766,0.16709526255726814,0.11808023601770401,0.13696203380823135,0.1211460530757904,0.1354716308414936,0.12027785927057266,0.1562393382191658,0.1423186957836151,0.1314563825726509,0.1203525960445404,0.12072847038507462,0.11390611529350281,0.1201150193810463,0.11279541254043579
1716202887,qslstm,extrapolation,iid,2000032,62,2,60,60,1,0.008346401251479573,0.0714961162978603,0.00321448684727077,0.05669644474983215,0.005319845778967935,0.06767908483743668,0.008447286433896629,0.07162335067987442,0.016274742782115936,0.014216898083686829,0.01949217915534973,0.21612803637981415,0.21612803637981415,0.24909569323062897,0.24909569323062897,0.06767908483743668,0.04048740863800049,0.09794526547193527,0.09225726127624512,0.07268062978982925,0.055875688791275024,0.05784965306520462,0.03929167985916138,0.1220155730843544,0.06912797689437866,0.14666806906461716,0.05397042632102966,0.11944907158613205,0.016487032175064087,0.05841362476348877,0.024569988250732422,0.04169125854969025,0.029611825942993164,0.2354002669453621,0.13268482473989326,0.10271544220546883,0.12814851105213165,0.12814851105213165,0.12418940663337708,0.12418940663337708,0.2354002669453621,0.13357914984226227,0.27101846039295197,0.12761074304580688,0.221488319337368,0.15025652945041656,0.14117643609642982,0.1242656335234642,0.1404731497168541,0.12819480895996094,0.12770330160856247,0.12072873115539551,0.12468625977635384,0.12000856548547745,0.12363776564598083,0.11966478824615479,0.12986970692873,0.12234309315681458
1716202887,qslstm,extrapolation,iid,2000033,62,4,58,57,4,0.05583803415248607,0.219714539726415,0.025806368591418938,0.16064360737800598,0.05897831872808279,0.20586231350898743,0.05562146280244491,0.22066986567244448,0.021778573592503864,0.020502738654613495,0.028015591204166412,0.2738697885069996,0.03756678104400635,0.26721151010133326,0.04304593801498413,0.20586231350898743,0.17436030507087708,0.2299017384648323,0.21474435925483704,0.14343832433223724,0.18596819043159485,0.1425190269947052,0.1673242449760437,0.12804014980793,0.2001974880695343,0.120572529733181,0.17086660861968994,0.196211576461792,0.16064360737800598,0.24061957001686096,,0.2370339035987854,,0.1566252652555704,0.14528519878613538,0.011340066469435028,0.16543522663414478,0.11179834604263306,0.16560609638690948,0.12054601311683655,0.1566252652555704,0.11649292707443237,0.16800602711737156,0.11562773585319519,0.15182593651115894,0.1179167702794075,0.14827189780771732,0.11488603800535202,0.1352948173880577,0.11615704745054245,0.13207908533513546,0.11588399857282639,0.13932247273623943,0.11774256080389023,0.13884414980808893,,0.15260150656104088,
1716202887,qslstm,extrapolation,iid,2000034,62,4,58,57,4,0.00900758446200907,0.07981566123424037,0.007896852630048024,0.08886423707008362,0.017349713910941755,0.11618421971797943,0.008432265189668886,0.07730748478708596,0.01899871543834084,0.010208869619028909,0.07365233451128006,0.09263832370440166,0.11334171891212463,0.10492207109928131,0.1275671422481537,0.11618421971797943,0.08090078830718994,0.14952566474676132,0.07911825180053711,0.12285022437572479,0.08050987124443054,0.11964648962020874,0.09567677974700928,0.09707124531269073,0.07245475053787231,0.07762006670236588,0.04584112763404846,0.07754215598106384,0.06093224883079529,0.060944169759750366,0.06704172492027283,0.05475617200136185,0.06794807314872742,0.15436605736613274,0.12718992731694517,0.027176130049187563,0.13774741689364114,0.13028202950954437,0.16368591599166393,0.11857051402330399,0.15436605736613274,0.12181094288825989,0.13784710317850113,0.1193748414516449,0.14014027081429958,0.12650638818740845,0.1349989976733923,0.12493037432432175,0.13262691162526608,0.12004102021455765,0.12583333440124989,0.11520787328481674,0.13322090916335583,0.13337798416614532,0.11997337825596333,0.11289668828248978,0.12007646821439266,0.11521578580141068
1716202887,qslstm,extrapolation,iid,2000035,62,2,60,60,1,0.03823327461754842,0.1847395896911621,0.02923341865476914,0.17097783088684082,0.04428715571686759,0.18290099501609802,0.03803147858090445,0.18480087618033092,0.021188644071420033,0.014680403120377484,0.0038049519062042236,0.0808916687965393,0.0808916687965393,5.2303075790405273e-05,5.2303075790405273e-05,0.18290099501609802,0.28698933124542236,0.15508687496185303,0.29820516705513,0.17877504229545593,0.2485676407814026,0.13211116194725037,0.2513096332550049,0.15797929465770721,0.2616668939590454,0.1489318460226059,0.21541571617126465,0.1446143090724945,0.2083369493484497,0.22510027885437012,0.20163291692733765,0.21910801529884338,0.22280031442642212,0.2678314968943596,0.13089814086755117,0.13693335602680842,0.15091539919376373,0.15091539919376373,0.13261611759662628,0.13261611759662628,0.2678314968943596,0.14640893042087555,0.20115584135055542,0.141893208026886,0.1958787515759468,0.12798021733760834,0.18861127644777298,0.1312430053949356,0.15695544332265854,0.13114021718502045,0.14311514422297478,0.1232602670788765,0.13779016956686974,0.12466493993997574,0.12879975140094757,0.1296192854642868,0.1215386614203453,0.11981705576181412
1716202887,qslstm,extrapolation,iid,2000036,62,5,57,56,5,0.06914844696357028,0.2553658994936174,0.07220756391217997,0.26871465146541595,0.04767759682695485,0.19143910706043243,0.07103185487029096,0.2609735128649494,0.01749046040432794,0.014976028601328533,0.04178604483604431,0.3293707147240639,0.3529078960418701,0.23695213198661805,0.37633898854255676,0.19143910706043243,0.2075192779302597,0.293334099650383,0.21619708836078644,0.3214588135480881,0.23066337406635284,0.27401705682277677,0.21238528192043304,0.2822955399751663,0.22513355314731598,0.3342560023069382,0.2300686091184616,0.3481490045785904,0.23197297751903534,0.2774688512086868,0.22059883177280426,0.23281477987766266,0.21600203216075897,0.20210709571838378,0.12499438735999559,0.0771127083583882,0.1809711940586567,0.12714609503746033,0.20166661143302916,0.13243581354618073,0.20210709571838378,0.15297280251979828,0.17216894626617432,0.12397950887680054,0.15628408193588256,0.12501747906208038,0.1578673779964447,0.12422305345535278,0.17012690007686615,0.1271287351846695,0.13678569197654725,0.12328378111124039,0.14186733812093735,0.11626971513032913,0.12527701258659363,0.11899206042289734,0.12166932076215745,0.11898604035377502
1716202887,qslstm,extrapolation,iid,2000037,62,3,59,59,2,0.01801627317258021,0.07091681130470769,0.00013924401072529236,0.011800169944763184,0.03148968215822497,0.152375598748525,0.017331184580089795,0.06677483906180172,0.020472765979120285,0.015052484531028597,0.05311304330825806,0.39215704798698425,0.38553571701049805,0.3490264117717743,0.35427331924438477,0.152375598748525,0.02676790952682495,0.23620949188868204,0.03431504964828491,0.22473520040512085,0.011270761489868164,0.18432150284449259,0.011241257190704346,0.22580096125602722,0.030222147703170776,0.23510626951853433,0.0005419254302978516,0.1542831857999166,0.0429987907409668,0.025013476610183716,0.02170330286026001,0.007315635681152344,0.010307550430297852,0.21606491009394327,0.13662986798306642,0.07943504211087685,0.33476247638463974,0.21552078425884247,0.18984349071979523,0.13003875315189362,0.21606491009394327,0.13264749944210052,0.2717714210351308,0.15931494534015656,0.18511263032754263,0.1317204385995865,0.2011788785457611,0.1266694813966751,0.16426531473795572,0.12559416890144348,0.17669923106829324,0.13609449565410614,0.16842399537563324,0.1304362565279007,0.13817047327756882,0.15808045864105225,0.13317016760508218,0.12290006875991821
1716202887,qslstm,extrapolation,iid,2000038,62,3,59,59,2,0.18028148275634567,0.40438234121088057,0.23149391689671678,0.4811381474137306,0.07102394361603731,0.18872302025556564,0.1858369508482258,0.41534806939504915,0.021010503930560614,0.009798904259999594,0.030760735273361206,0.2876424193382263,0.23411589860916138,0.22793179750442505,0.1973859667778015,0.18872302025556564,0.45303914695978165,0.3115360364317894,0.4286680892109871,0.3270643974343936,0.4368783310055733,0.3011552020907402,0.4514349475502968,0.23043794681628546,0.4543982520699501,0.3005761230985324,0.4648751989006996,0.31022412826617557,0.4667128100991249,0.33077998210986453,0.4962678924202919,0.3904082129398982,0.50337103754282,0.19207601994276047,0.1295342118305675,0.06254180811219295,0.19300848245620728,0.125228613615036,0.1448114924132824,0.12202740460634232,0.19207601994276047,0.12408188730478287,0.2130188619097074,0.11750247329473495,0.17731603980064392,0.11639079451560974,0.15625901520252228,0.1374267190694809,0.1402139961719513,0.1270727515220642,0.14291650553544363,0.14037929475307465,0.1460290178656578,0.11511322110891342,0.14157364269097647,0.11506277322769165,0.11898771673440933,0.11655572056770325
1716202887,qslstm,extrapolation,iid,2000039,62,4,58,57,4,0.013009797859532839,0.09852034159966054,0.006184987720988744,0.07864469289779663,0.03435866594404882,0.1636016285046935,0.01153746212956622,0.09403197698552034,0.017473721190502767,0.019827600855093736,0.07712375372648239,0.192092165350914,0.091347336769104,0.2185749402269721,0.11819332838058472,0.1636016285046935,0.15300503373146057,0.13061194121837616,0.11301109194755554,0.14111493527889252,0.12648725509643555,0.13794146478176117,0.13306093215942383,0.09713010117411613,0.15037250518798828,0.05539635568857193,0.1325073540210724,0.04951050132513046,0.14139866828918457,0.05989029258489609,0.13098746538162231,0.06228580325841904,0.11319020390510559,0.1961053181439638,0.1302290127195161,0.06587630542444772,0.1856154352426529,0.11799058318138123,0.1936884392052889,0.11627409607172012,0.1961053181439638,0.11847249418497086,0.1994473859667778,0.11381825804710388,0.18694969080388546,0.11861195415258408,0.15007734298706055,0.11252942681312561,0.15618330612778664,0.11705109477043152,0.17366039007902145,0.12293726205825806,0.13425741158425808,0.1124081239104271,0.1342843845486641,0.11579381674528122,0.1277151107788086,0.11403817683458328
1716202887,qslstm,extrapolation,iid,2000040,62,1,61,61,0,0.16775604327278468,0.40814820124256995,0.11642561162463849,0.3412119746208191,0.14927367313564233,0.3863595128059387,0.16805903294716412,0.40850539285628523,0.02145922086277946,0.02145922086277946,,,,,,0.3863595128059387,0.3863595128059387,0.43887946009635925,0.43887946009635925,0.47564902901649475,0.47564902901649475,0.5028375089168549,0.5028375089168549,0.4709189832210541,0.4709189832210541,0.49337339401245117,0.49337339401245117,0.4323023557662964,0.4323023557662964,0.43413880467414856,0.43413880467414856,0.40552395582199097,0.40552395582199097,0.3726411759853363,0.14175673390998214,0.23088444207535416,,,,,0.3726411759853363,0.3726411759853363,0.49744459986686707,0.49744459986686707,0.3023778796195984,0.3023778796195984,0.1743129938840866,0.1743129938840866,0.1651117503643036,0.1651117503643036,0.15217649936676025,0.15217649936676025,0.18260221183300018,0.18260221183300018,0.12858633697032928,0.12858633697032928,0.1200752779841423,0.1200752779841423
1716202887,qslstm,extrapolation,iid,2000041,62,5,57,57,4,0.032864714364086986,0.16478456460660504,0.00732484291777169,0.08558529615402222,0.030935085688808962,0.16300882697105407,0.03303398003735699,0.1649403310658639,0.01940357894228216,0.010402171050800997,0.029058843851089478,0.2044568583369255,0.07181757688522339,0.183974988758564,0.08733153343200684,0.16300882697105407,0.11740624904632568,0.17025787234306336,0.09424567222595215,0.16188064813613892,0.10205346345901489,0.16140021085739137,0.10289359092712402,0.15648528337478637,0.09762069582939148,0.1601867914199829,0.08867985010147095,0.17870652675628662,0.09419757127761841,0.14970422387123108,0.08897227048873901,0.14885154962539673,0.0751911997795105,0.16483885943889617,0.12677081412913507,0.0380680453097611,0.15835221484303474,0.11218211054801941,0.13996695540845394,0.12109968066215515,0.16483885943889617,0.11497717350721359,0.16001169234514237,0.11303805559873581,0.14047630727291108,0.11965116858482361,0.15046055763959884,0.1193375363945961,0.12950840592384338,0.1116427481174469,0.14115393459796904,0.11187412589788437,0.12709270566701888,0.11616126447916031,0.12495938092470169,0.11250206083059311,0.11517700999975204,0.11112787574529648
1716202887,qslstm,extrapolation,iid,2000042,62,5,57,56,5,0.021807532272965426,0.08852131232138603,0.0003904510323060606,0.019759833812713623,0.038273017123067986,0.14280234575271605,0.02036319149664064,0.08375981816074304,0.022241190608058656,0.013201591723105487,0.010195046663284302,0.1627501904964447,0.1476823091506958,0.197988361120224,0.13897868990898132,0.14280234575271605,0.06220558285713196,0.12325500249862671,0.05604815483093262,0.1313884437084198,0.04975852370262146,0.13784994482994078,0.03326442837715149,0.14760834574699402,0.009157299995422363,0.21399741768836975,0.02830001711845398,0.12472679018974304,0.019959688186645508,0.11605834364891052,0.02146470546722412,0.12390663027763367,0.02393081784248352,0.1383040130138397,0.13006571366598732,0.00823829934785239,0.16058729737997054,0.12266232818365097,0.1528310164809227,0.11379916220903397,0.1383040130138397,0.11914650350809097,0.13379034548997878,0.11505594104528427,0.13542713820934296,0.11652196198701859,0.14155738800764084,0.12819433212280273,0.1301328107714653,0.11857256293296814,0.11945580393075943,0.11320307850837708,0.12417811751365662,0.11574631184339523,0.11700995564460755,0.11304212361574173,0.1217479333281517,0.1184341236948967
1716202887,qslstm,extrapolation,iid,2000043,62,3,59,58,3,0.11170513498780378,0.30634227887757365,0.17311145439293796,0.41606664657592773,0.07536965584763837,0.24213633934656778,0.11355270172374439,0.3096069876672858,0.018116878024462997,0.012635196958269392,0.027943392594655354,0.19637921204169592,0.21793529391288757,0.18440385411183038,0.2320784628391266,0.24213633934656778,0.4240227937698364,0.23082037766774496,0.421484112739563,0.2684328655401866,0.4380711317062378,0.2766023774941762,0.43382418155670166,0.2702319423357646,0.441520094871521,0.2644476592540741,0.4505791664123535,0.27647021412849426,0.4577012062072754,0.2568589548269908,0.43695592880249023,0.2802741825580597,0.4558204412460327,0.14497860769430795,0.1346865690360635,0.010292038658244462,0.16729428619146347,0.11505723744630814,0.16900444527467093,0.1284852772951126,0.14497860769430795,0.11611104011535645,0.19456530610720316,0.11869138479232788,0.15063302218914032,0.13969318568706512,0.1401212066411972,0.13177485764026642,0.12819623202085495,0.1146782860159874,0.1189113308986028,0.11208979040384293,0.12915502985318503,0.11772462725639343,0.13389529039462408,0.11471068859100342,0.13081204642852148,0.1232876405119896
1716202887,qslstm,extrapolation,iid,2000044,62,5,57,57,4,0.08352405298214165,0.24861247549133916,0.10296424904559864,0.3208804279565811,0.11143760842448783,0.2969288438558578,0.08107549548719901,0.244374197564627,0.017954814852329724,0.02124221126238505,0.04665873199701309,0.31371624767780304,0.16745302081108093,0.3319151923060417,0.15797901153564453,0.2969288438558578,0.34164951741695404,0.31471496522426606,0.3283461779356003,0.3600223273038864,0.3498249500989914,0.3739813655614853,0.3208804279565811,0.3661162033677101,,0.2666088044643402,,0.27899041771888733,,0.28788091987371445,,0.3157781958580017,,0.14969284385442733,0.1316714199227199,0.018021423931707414,0.15421628020703793,0.11124061793088913,0.15659953467547894,0.11503485590219498,0.14969284385442733,0.1127018928527832,0.16232332587242126,0.11493143439292908,0.13663906306028367,0.11207552999258041,0.1551597461104393,0.11167579144239426,0.14611079543828964,,0.1353558897972107,,0.14575380086898804,,0.12670307606458664,,0.1299325842410326,
1716202887,qslstm,extrapolation,iid,2000045,62,2,60,60,1,0.04462740355130812,0.2090378778596078,0.05837296820019233,0.2416049838066101,0.05764294253333446,0.23668169975280762,0.04419355225190724,0.2081164171298345,0.018920881549517314,0.018920881549517314,0.14881682395935059,,,0.2769894599914551,0.2769894599914551,0.23668169975280762,0.19637393951416016,0.20918411016464233,0.2219942808151245,0.21067151427268982,0.19934874773025513,0.2154640555381775,0.23157936334609985,0.18219003081321716,0.13280069828033447,0.20140543580055237,0.223802387714386,0.21732833981513977,0.20633214712142944,0.1877322793006897,0.17440980672836304,0.194102942943573,0.21344906091690063,0.3367267847061157,0.13820369740327199,0.19852308730284374,,,0.33594390749931335,0.33594390749931335,0.3367267847061157,0.3375096619129181,0.3138941824436188,0.29027870297431946,0.23185569792985916,0.17343269288539886,0.2649826928973198,0.3565326929092407,0.2600104287266731,0.16348816454410553,0.1515485718846321,0.14169232547283173,0.16868975013494492,0.16850948333740234,0.14800109714269638,0.14709606766700745,0.15944986790418625,0.14209705591201782
1716202887,qslstm,extrapolation,iid,2000046,62,4,58,57,4,0.019000160864756928,0.10049585421239177,0.0008045098869366996,0.02836388349533081,0.029881021298370003,0.13259195536375046,0.01824975669692154,0.09828232999505668,0.01994155164350543,0.014499540839876448,0.03891950100660324,0.197192944586277,0.21539953351020813,0.2387094646692276,0.21758109331130981,0.13259195536375046,0.043819427490234375,0.11799829453229904,0.030535221099853516,0.17834600806236267,0.038382381200790405,0.17489102482795715,0.029790669679641724,0.19522686302661896,0.055821746587753296,0.04612698405981064,0.047919511795043945,0.04238826781511307,0.05137994885444641,0.04268740862607956,0.03453540802001953,0.07444008191426595,,0.13923612050712109,0.13890337944030762,0.00033274106681346893,0.15591587126255035,0.11581677198410034,0.1478430014103651,0.11192020028829575,0.13923612050712109,0.11453976482152939,0.14209588058292866,0.11335921287536621,0.14965489134192467,0.11034783720970154,0.1264515072107315,0.11984450370073318,0.12698940373957157,0.1166108250617981,0.14326146245002747,0.12496921420097351,0.1293495800346136,0.11545390635728836,0.14378745667636395,0.12390714883804321,0.15078028043111166,
1716202887,qslstm,extrapolation,iid,2000047,62,4,58,58,3,0.075583830280766,0.2719429265106878,0.06153261917705155,0.24805769324302673,0.10543851984781805,0.3192036896944046,0.07352488617269345,0.26868356353250045,0.019846529796205718,0.013934420911889327,0.06803234418233235,0.29478984077771503,0.25838664174079895,0.31351231535275775,0.2562085688114166,0.3192036896944046,0.31709858775138855,0.27789655327796936,0.30664393305778503,0.2733597457408905,0.27334895730018616,0.30140261352062225,0.26899227499961853,0.2841670662164688,0.2547380030155182,0.25687093287706375,0.24778112769126892,0.2743837311863899,0.25458380579948425,0.25512807071208954,0.2557149827480316,0.24632741510868073,0.2633647620677948,0.16441486030817032,0.12510910347617907,0.03930575683199125,0.13513696442047754,0.11756571382284164,0.14497424165407816,0.12426882982254028,0.16441486030817032,0.12676070630550385,0.1518900953233242,0.13125139474868774,0.14695774763822556,0.12175673246383667,0.1426883302628994,0.1203681007027626,0.1327273827046156,0.11988720297813416,0.13390926271677017,0.11725149303674698,0.11800563521683216,0.11282816529273987,0.1233447790145874,0.1182895228266716,0.12380552664399147,0.121315598487854
1716202887,qslstm,extrapolation,iid,2000048,62,2,60,60,1,0.29319404699657237,0.4955240884615529,0.3643224850788016,0.6035913228988647,0.18839436439295476,0.3171463832259178,0.29668736975002635,0.5014700119694074,0.013854602972666422,0.012306977063417435,0.06128150224685669,0.16072790324687958,0.16072790324687958,0.13772045075893402,0.13772045075893402,0.3171463832259178,0.6134781837463379,0.318375326693058,0.6087574660778046,0.33238548785448074,0.6220510303974152,0.3290979638695717,0.632998138666153,0.31830280274152756,0.6326959133148193,0.33393798023462296,0.6210870444774628,0.36845191568136215,0.6134217381477356,0.37755370885133743,0.6173869669437408,0.6295240968465805,0.6260500550270081,0.2680715098977089,0.15312492152055104,0.11494658837715785,0.12299418449401855,0.12299418449401855,0.1503785103559494,0.1503785103559494,0.2680715098977089,0.13393040001392365,0.18226047605276108,0.1515575349330902,0.1926543414592743,0.129481703042984,0.2506011500954628,0.14362655580043793,0.16364850848913193,0.12618505954742432,0.13402606174349785,0.11945230513811111,0.15718714892864227,0.14976249635219574,0.1592177003622055,0.1680568903684616,0.13220086321234703,0.12077517062425613
1716202887,qslstm,extrapolation,iid,2000049,62,5,57,56,5,0.08447591631213835,0.27686703163048915,0.13411809060892566,0.3662213683128357,0.0811221241329891,0.2759633481502533,0.08477010860855497,0.2769463021112116,0.0249774626323155,0.010035097599029541,0.019505774974822997,0.2890969730913639,0.2149617075920105,0.2980864383280277,0.1718684434890747,0.2759633481502533,0.34846609830856323,0.3020629703998566,0.367378830909729,0.2935214459896088,0.3662213683128357,0.26294372975826263,,0.27063268423080444,,0.2396644577383995,,0.22889892011880875,,0.24041320383548737,,0.2228749692440033,,0.12623235881328582,0.13260097997753242,-0.006368621164246607,0.1222823292016983,0.11033528298139572,0.11892886906862259,0.11082196980714798,0.12623235881328582,0.11858280748128891,0.12654647529125213,0.11430229991674423,0.1220952644944191,0.11442133784294128,0.12491332180798054,,0.12382985278964043,,0.1255209930241108,,0.1264068130403757,,0.11961900442838669,,0.12197282537817955,
1716202887,qslstm,extrapolation,iid,2000050,62,4,58,58,3,0.025251191330514317,0.11412829821628909,0.00048474969403944357,0.02201703190803528,0.03866442883216782,0.16024195216596127,0.024326140468331318,0.11094804621975997,0.022964332638115717,0.013842368737245217,0.032819519440333046,0.2847323690851529,0.24554601311683655,0.32083461433649063,0.216827392578125,0.16024195216596127,0.034627765417099,0.20352759025990963,0.07308903336524963,0.2141053806990385,0.08313623070716858,0.23018245212733746,0.056501418352127075,0.2611499931663275,0.06548681855201721,0.2106967642903328,0.08661529421806335,0.1989610716700554,0.04467323422431946,0.1501685306429863,0.045830875635147095,0.14263176918029785,0.044320136308670044,0.2026733234524727,0.13199880449422474,0.07067451895824794,0.13967006901899973,0.1444525569677353,0.1503209819396337,0.13134722411632538,0.2026733234524727,0.13228310644626617,0.1449820064008236,0.12639367580413818,0.18367757461965084,0.12210867553949356,0.14526934176683426,0.16338305175304413,0.14619109965860844,0.12358582764863968,0.13546357303857803,0.1311378926038742,0.12881887145340443,0.12032084912061691,0.12794589810073376,0.12468672543764114,0.1324619334191084,0.1482146829366684
1716202887,qslstm,extrapolation,iid,2000051,62,5,57,57,4,0.10239567231511446,0.30886531855550503,0.060356702305740306,0.24567601084709167,0.10431493077530178,0.30579825714230535,0.10222731630983488,0.30913435903034714,0.021465302559367398,0.01295685048761039,0.014162831008434296,0.3908462757244706,0.4184281826019287,0.3995963269844651,0.41502729058265686,0.30579825714230535,0.2250918745994568,0.3526622004806995,0.22212061285972595,0.37537377551198003,0.2250746786594391,0.3555352032184601,0.23194298148155212,0.3528677403926849,0.24939152598381042,0.3603388912975788,0.2467065453529358,0.35198999717831614,0.2058943510055542,0.33576982617378237,0.23584479093551636,0.3129365503787994,0.24966824054718018,0.20773091912269592,0.13077079047236526,0.07696012865033067,0.14262504130601883,0.11565056443214417,0.13863048888742924,0.11382221430540085,0.20773091912269592,0.13077305257320404,0.1501411408185959,0.12430736422538757,0.13924634903669358,0.11724265664815903,0.13887196481227876,0.11408510059118271,0.13468580543994904,0.12026792764663696,0.16665030121803284,0.11459216475486755,0.13921910226345063,0.11348220705986023,0.13025373667478563,0.11220943927764893,0.12714144438505173,0.11395328491926193
1716202887,qslstm,extrapolation,iid,2000052,62,4,58,57,4,0.0516135383050667,0.1534195888426996,0.1600262080433481,0.40003275871276855,0.05389766021490083,0.18567866832017899,0.051456012656112625,0.15119482474080448,0.018055020194304616,0.014875271490642003,0.03432580083608627,0.17250872403383255,0.057032495737075806,0.1969202607870102,0.06927254796028137,0.18567866832017899,0.40997248888015747,0.14860417693853378,0.4287759065628052,0.16884112358093262,0.45367079973220825,0.15855968743562698,0.4316334128379822,0.15707219392061234,0.4323287606239319,0.11884234100580215,0.4467082619667053,0.1113305315375328,0.41612178087234497,0.13062958419322968,0.42447489500045776,0.030654678742090862,,0.19694476015865803,0.14334922515112777,0.053595535007530254,0.18839248083531857,0.11429326981306076,0.2080081906169653,0.12259946018457413,0.19694476015865803,0.11484887450933456,0.2102892678231001,0.11706700176000595,0.19551613554358482,0.11691004037857056,0.20825145207345486,0.11637251824140549,0.21790063567459583,0.1175202950835228,0.17651968263089657,0.11243825405836105,0.18104870058596134,0.11345341056585312,0.13429750874638557,0.11885490268468857,0.12369176993767421,
1716202887,qslstm,extrapolation,iid,2000053,62,3,59,58,3,0.12895877071633047,0.35654107325019374,0.14218597824414841,0.37707556039094925,0.12247684708317529,0.34771599620580673,0.12928836005360955,0.3569898059812643,0.01996975263644909,0.017456918954849243,0.10738247632980347,0.2815280556678772,0.36556339263916016,0.30056193470954895,0.36650675535202026,0.34771599620580673,0.40366674214601517,0.32867153733968735,0.4150468781590462,0.349636934697628,0.39911020547151566,0.3343868876496951,0.38333309441804886,0.3425714795788129,0.40290791541337967,0.34576166917880374,0.39371783286333084,0.35067547609408695,0.3795100823044777,0.37544537832339603,0.3662763014435768,0.38379323730866116,0.40384960919618607,0.16962584356466928,0.13076138496398926,0.038864458600680024,0.2085873062411944,0.11841075867414474,0.17041475574175516,0.12059324979782104,0.16962584356466928,0.12194296717643738,0.16029545913139978,0.11499068886041641,0.16361763079961142,0.11341533064842224,0.15012254814306894,0.12001344561576843,0.15247472623984018,0.1160629391670227,0.13175846387942633,0.11880841106176376,0.1338720048467318,0.10999801009893417,0.12698625773191452,0.12093771249055862,0.12106324483950932,0.11668039113283157
1716202887,qslstm,extrapolation,iid,2000054,62,6,56,56,5,0.01381344749055516,0.07899810950602254,0.0012372279054631008,0.03517425060272217,0.008864694229243408,0.07460806270440419,0.014343671054267133,0.0794684716633388,0.017752669751644135,0.01166207362443973,0.007205808162689209,0.23611530661582947,0.03776782751083374,0.13862153887748718,0.07249528169631958,0.07460806270440419,0.06204277276992798,0.11295538147290547,0.04522961378097534,0.11862838764985402,0.02416515350341797,0.1399411459763845,0.04222196340560913,0.1558014303445816,0.05888646841049194,0.06751043597857158,0.0573844313621521,0.05978681147098541,0.07044827938079834,0.046874220172564186,0.022085487842559814,0.05928349494934082,0.02677816152572632,0.18892415861288706,0.14519382574196374,0.043730332870923316,0.23970812559127808,0.13392813503742218,0.22594051957130432,0.14050349593162537,0.18892415861288706,0.13363856077194214,0.18793345739444098,0.13351230323314667,0.19527765115102133,0.1363920271396637,0.18381683031717935,0.14877113699913025,0.2094623545805613,0.13187862932682037,0.15992883717020354,0.1165616437792778,0.14033757398525873,0.13012607395648956,0.14487662414709726,0.11607390642166138,0.13045179098844528,0.11515114456415176
1716202887,qslstm,extrapolation,iid,2000055,62,4,58,57,4,0.1841905404005388,0.41449764479071866,0.22374444055589393,0.47301632165908813,0.10591554819381299,0.31027527153491974,0.18958881572514064,0.4216853946704289,0.014803093776368258,0.009523747996850447,0.028048977255821228,0.1785206894079844,0.1760067343711853,0.235044302418828,0.28770965337753296,0.31027527153491974,0.4623384475708008,0.3399617299437523,0.4812897741794586,0.38516464829444885,0.49281883239746094,0.3613547459244728,0.47774505615234375,0.36032748222351074,0.48434263467788696,0.34161801636219025,0.48654237389564514,0.36762166768312454,0.4868999421596527,0.3451469987630844,0.4879362881183624,0.47376254200935364,0.46053487062454224,0.22070617973804474,0.13796920303640695,0.0827369767016378,0.22290966908137003,0.14614634215831757,0.19350296258926392,0.16849935054779053,0.22070617973804474,0.130459263920784,0.16725026443600655,0.1384412944316864,0.1746374797075987,0.12446672469377518,0.1527278833091259,0.11778093129396439,0.16282134503126144,0.11977257579565048,0.17274712398648262,0.12332239747047424,0.16700601764023304,0.11985354870557785,0.13427698239684105,0.11665024608373642,0.12766101956367493,0.11660557240247726
1716202887,qslstm,extrapolation,iid,2000056,62,3,59,59,2,0.10083249315138519,0.27978585540286954,0.06990153194238147,0.2643889784812927,0.09676881442529998,0.2853032598892848,0.10103912088322003,0.2795053094120349,0.019499277664443194,0.008913646141688028,-0.00548417866230011,0.2965836599469185,0.46555496752262115,0.30107755213975906,0.4799077659845352,0.2853032598892848,0.260241836309433,0.26320457955201465,0.26537060737609863,0.25029197831948596,0.25407370924949646,0.28539391855398816,0.2643889784812927,0.29118139296770096,,0.3182422146201134,,0.3063833490014076,,0.3138480558991432,,0.32292456179857254,,0.22700581947962442,0.14932814126802704,0.07767767821159738,0.11332684010267258,0.11433065682649612,0.11749796569347382,0.11680328100919724,0.22700581947962442,0.11843624711036682,0.2277474800745646,0.11332139372825623,0.20743692417939505,0.11911574751138687,0.16352952271699905,0.11477956175804138,0.17465057596564293,,0.20549756288528442,,0.15264833718538284,,0.13078682497143745,,0.12365901097655296,
1716202887,qslstm,extrapolation,iid,2000057,62,3,59,59,2,0.007932048481754718,0.07006379577421373,0.00295374634053136,0.054348379373550415,0.02526070062750511,0.15260991950829825,0.0070509305760385966,0.06586653524536197,0.020278833175109603,0.01758352127568475,0.04095953702926636,0.30282044410705566,0.3911239057779312,0.2609180137515068,0.1307121217250824,0.15260991950829825,0.1126006543636322,0.22683940827846527,0.1767936646938324,0.12341816226641338,0.06274870038032532,0.0891866683959961,0.09221065044403076,0.11438278357187907,0.07414403557777405,0.05718912680943807,0.03184419870376587,0.023378431797027588,0.0059986114501953125,0.007867147525151571,0.021808654069900513,0.041936516761779785,0.04293659329414368,0.2799556106328964,0.12444174744315066,0.15551386318974575,0.3287415876984596,0.22881679236888885,0.22903038561344147,0.22924397885799408,0.2799556106328964,0.1819564700126648,0.18660350143909454,0.14903724193572998,0.18072357773780823,0.16388951241970062,0.16099533438682556,0.13714002072811127,0.14044196407000223,0.13514862954616547,0.14253389835357666,0.1329483985900879,0.14477743208408356,0.13199655711650848,0.13524019966522852,0.1210741326212883,0.12168915569782257,0.12839068472385406
1716202887,qslstm,extrapolation,iid,2000058,62,3,59,59,2,0.03602665733444186,0.161999108329896,0.046293676975039943,0.21515965461730957,0.0666176189789122,0.2421922286351522,0.03447118470845184,0.15792149204318806,0.022415278321605617,0.015195912328259698,0.016607820987701416,0.11867919564247131,0.005730748176574707,0.0626409649848938,0.0009918212890625,0.2421922286351522,0.2613856792449951,0.24510878324508667,0.2885526418685913,0.19471820195515951,0.25928783416748047,0.26044996579488117,0.24668556451797485,0.22704277435938516,0.2469121813774109,0.19556081295013428,0.26274484395980835,0.16360042492548624,0.2478387951850891,0.13528382778167725,0.26707619428634644,0.10144601265589397,0.24979126453399658,0.23591895898183188,0.13834717149956752,0.09757178748226436,0.1839853823184967,0.12766127288341522,0.22004006803035736,0.15102416276931763,0.23591895898183188,0.13916976749897003,0.18228760113318762,0.11866205185651779,0.19493907193342844,0.12224888801574707,0.17034968733787537,0.12380245327949524,0.15894854813814163,0.11560245603322983,0.16875426967938742,0.12479394674301147,0.14349995801846185,0.11565323919057846,0.14915500581264496,0.1235765814781189,0.13349267343680063,0.13181887567043304
1716202887,qslstm,extrapolation,iid,2000059,62,4,58,57,4,0.13882361967391685,0.3579803491011262,0.006038214594675573,0.07770594954490662,0.06560571187632896,0.233753252774477,0.14387313055650916,0.3665477350546882,0.018440174429040206,0.006879234313964843,0.0693444311618805,0.3006608933210373,0.41707609593868256,0.3740721787326038,0.4329175502061844,0.233753252774477,0.07916054129600525,0.27792827412486076,0.0819825828075409,0.2725699879229069,0.0868818461894989,0.27176738157868385,0.08059480786323547,0.2660790868103504,0.08934429287910461,0.3157751013835271,,0.3433956305185954,,0.39301631351312,,0.385490819811821,,0.1768533643335104,0.13437753517566056,0.04247582915784984,0.1793739472826322,0.12091197818517685,0.17411583848297596,0.11946726590394974,0.1768533643335104,0.12049464136362076,0.16223615780472755,0.11981943249702454,0.13685928098857403,0.11319550126791,0.13970147632062435,0.11295706778764725,0.13680236041545868,0.11414361000061035,0.1375512753923734,,0.13715038200219473,,0.13155053307612738,,0.13521266231934229,
1716202887,qslstm,extrapolation,iid,2000060,62,3,59,59,2,0.03881482987439708,0.17012848392609628,0.016982404637392534,0.13031655550003052,0.14423720141982374,0.33083970348040265,0.03345437030429064,0.16195672699960612,0.01889813855542975,0.018273675779126725,0.06979212164878845,0.33769190311431885,0.5902242064476013,0.3138071149587631,0.5367276966571808,0.33083970348040265,0.2983260452747345,0.3130411406358083,0.22792530059814453,0.2891799509525299,0.2628738284111023,0.19975941379865012,0.21579259634017944,0.19083193937937418,0.25368398427963257,0.3424885670344035,0.2214488983154297,0.24219615260759988,0.19187673926353455,0.19605364402135214,0.1536245346069336,0.14933501680692038,0.1163398027420044,0.18615733087062836,0.132686379981243,0.05347095088938536,0.22252442687749863,0.15849266946315765,0.17378396540880203,0.13726814091205597,0.18615733087062836,0.1299513578414917,0.22633273899555206,0.12963595986366272,0.17234420279661813,0.13408002257347107,0.1803749899069468,0.12461742758750916,0.15794619421164194,0.13390283286571503,0.1353295917312304,0.12287867814302444,0.1235693171620369,0.12050472944974899,0.130223182340463,0.13314862549304962,0.1250772699713707,0.12380966544151306
1716202887,qslstm,extrapolation,iid,2000061,62,3,59,58,3,0.06202693399407117,0.23643435609917487,0.03968472623029928,0.1992102563381195,0.05393935237144946,0.2294022192557653,0.06243816695793329,0.23679192237934824,0.019493341959755998,0.014023787918544951,0.0961199700832367,0.36447761207818985,0.4447675049304962,0.304251288374265,0.4220202565193176,0.2294022192557653,0.17815127968788147,0.2636020928621292,0.1929607391357422,0.29477820297082263,0.178558349609375,0.24252990881601968,0.18704330921173096,0.26932287216186523,0.20224541425704956,0.281769722700119,0.1923835575580597,0.28299116094907123,0.17808660864830017,0.3250906467437744,0.17430910468101501,0.2720976372559865,0.1785646677017212,0.17937379330396652,0.12743463341967534,0.05193915988429118,0.1758933626115322,0.12119407206773758,0.2215490092833837,0.11951872706413269,0.17937379330396652,0.12079709023237228,0.17638459304968515,0.12643353641033173,0.14309394111235937,0.12412411719560623,0.13306689262390137,0.12536148726940155,0.1499225248893102,0.11646217107772827,0.12527567644913992,0.11698228120803833,0.1276936779419581,0.11910156160593033,0.12836816410223642,0.118600994348526,0.12103745092948277,0.11548474431037903
1716202887,qslstm,extrapolation,iid,2000062,62,4,58,57,4,0.12263582188562572,0.33004988880167085,0.16575826096478696,0.40713420510292053,0.10775127105255679,0.2998723853379488,0.12366234263273393,0.33213109593709994,0.017674311211234646,0.010274401865899563,0.06261720508337021,0.24916429165750742,0.44319114834070206,0.27293649408966303,0.4420722499489784,0.2998723853379488,0.35255807638168335,0.304917948320508,0.3831618130207062,0.27124821580946445,0.3859539031982422,0.26919628120958805,0.3819701671600342,0.27804808504879475,0.3829798996448517,0.3142064977437258,0.39223581552505493,0.2972726244479418,0.3791915476322174,0.359518775716424,0.36908358335494995,0.42510292306542397,0.3571135401725769,0.15200631879270077,0.13050527986267518,0.021501038930025584,0.13812199980020523,0.11610201001167297,0.15400477312505245,0.11282361298799515,0.15200631879270077,0.11982566863298416,0.1342442724853754,0.11933969706296921,0.13660462200641632,0.12682700157165527,0.12914787977933884,0.13136132061481476,0.12884995341300964,0.11631224304437637,0.12446419149637222,0.11870867758989334,0.11847996897995472,0.11335635185241699,0.12316250428557396,0.1294475644826889,0.12430798821151257,0.12339726090431213
1716202887,qslstm,extrapolation,late,2000063,62,3,59,58,3,0.1397685139106684,0.3570673446201028,0.23047107640218914,0.4800740322098136,0.14165147641092526,0.344752664056917,0.13967277005472312,0.3576935148182309,0.016758011846706784,0.006422847509384155,0.041368613640467324,0.32107265293598175,0.43085259199142456,0.3544499675432841,0.40255147218704224,0.344752664056917,0.47365118470042944,0.3217469301695625,0.4800740322098136,0.276143342256546,,0.27744126319885254,,0.2826060801744461,,0.35370399057865143,,0.3323540687561035,,0.3212433159351349,,0.32302865386009216,,0.16962201644976935,0.14560331378952932,0.024018702660240032,0.15668248385190964,0.12744027376174927,0.23201139767964682,0.13427884876728058,0.16962201644976935,0.1216147318482399,0.14286113530397415,0.11443645507097244,0.19988203793764114,,0.16970615088939667,,0.1610076129436493,,0.13742118701338768,,0.1519245281815529,,0.1589203104376793,,0.14956342801451683,
1716202887,qslstm,extrapolation,late,2000064,62,5,57,56,5,0.13024833231563906,0.3212072330737306,0.26775427231070636,0.5174497775733471,0.12850674843998308,0.331614401191473,0.13040110283104747,0.32029432358971816,0.016822664865425656,0.016814070088522776,0.0487404465675354,0.2818484127521515,0.1573306918144226,0.2691297471523285,0.1613340973854065,0.331614401191473,0.5153073482215405,0.3470183275640011,0.5218190364539623,0.35956307873129845,0.5495722703635693,0.3508564971387386,0.5467465929687023,0.3671976111829281,0.5201919488608837,0.3968304626643658,0.515712421387434,0.3685245178639889,0.5495626144111156,0.3405359648168087,0.5203410796821117,0.23073844239115715,,0.17447037845849991,0.13164499284405456,0.04282538561444535,0.18986998349428177,0.11765757203102112,0.15253277719020844,0.11352448910474777,0.17447037845849991,0.11773797869682312,0.1410767674446106,0.11916819959878922,0.12842647582292557,0.11420691758394241,0.12887096256017685,0.11387927085161209,0.13324478417634963,0.1195630207657814,0.1281335845589638,0.11558359116315842,0.13401372581720353,0.1150338351726532,0.12458999156951904,0.12813659012317657,0.11784178018569946,
1716202887,qslstm,extrapolation,late,2000065,62,4,58,57,4,0.0876136694854032,0.28962568890663887,0.11844378107674913,0.3441566228866577,0.08807182489182641,0.2934897318482399,0.08758207256082227,0.2893592031865284,0.02307619755728203,0.014349717360276442,0.06856235861778259,0.3066917359828949,0.2602323889732361,0.2599034607410431,0.22928404808044434,0.2934897318482399,0.3593602180480957,0.330819733440876,0.3833904266357422,0.3032500669360161,0.36063939332962036,0.30608103424310684,0.3507547378540039,0.3247034624218941,0.34475064277648926,0.27362672984600067,0.3393118977546692,0.27510766685009,0.35783112049102783,0.2765718996524811,0.3423636555671692,0.2699130376180013,,0.17048553749918938,0.1348613359290978,0.03562420157009158,0.15299064914385477,0.12177303433418274,0.16871424205601215,0.11709815263748169,0.17048553749918938,0.12401267886161804,0.16856222413480282,0.11736699193716049,0.1526673510670662,0.11859548091888428,0.15629876963794231,0.11783527582883835,0.1471796166151762,0.11858417838811874,0.14075163379311562,0.11795014142990112,0.12673067301511765,0.11801817268133163,0.12228112295269966,0.11798584461212158,0.12258799870808919,
1716202887,qslstm,extrapolation,late,2000066,62,6,56,55,6,0.07609629052901223,0.23560733997052716,0.16768327169859631,0.40949147939682007,0.12678531268859083,0.33328313504656154,0.07066532386905738,0.2251420762123806,0.01770393740047108,0.015866448481877644,0.10582404335339864,0.3323381349444389,0.1484985053539276,0.2623349614441395,0.151912122964859,0.33328313504656154,0.44303464889526367,0.3330373503267765,0.4487023949623108,0.31035516411066055,0.4419601559638977,0.323637788494428,0.4668053984642029,0.2872052267193794,0.4685477912425995,0.26924370725949603,0.4224695563316345,0.2368529811501503,0.459943950176239,0.1940883994102478,0.40949147939682007,0.12180832028388977,,0.1536120561261972,0.1274986623653344,0.026113393760862802,0.1482993632555008,0.11253875494003296,0.1789026545981566,0.11344791203737259,0.1536120561261972,0.11542464047670364,0.14195632437864938,0.11679482460021973,0.14682882900039354,0.11613673716783524,0.14663765703638396,0.11644802242517471,0.13995511705676714,0.11624440550804138,0.14438768227895102,0.11361473798751831,0.13458316028118134,0.112835593521595,0.12218367184201877,0.11106973141431808,0.12142214924097061,
1716202887,qslstm,extrapolation,late,2000067,62,7,55,55,6,0.12720106057598435,0.3408306572706469,0.0963699429232614,0.31043508648872375,0.10247414946156942,0.2876602368695395,0.13034812199054627,0.3475978016853333,0.02252323952588168,0.015524548292160035,0.0567633310953776,0.28139094114303587,0.3901495933532715,0.24608282248179117,0.40352189540863037,0.2876602368695395,0.30770084261894226,0.31922392334256855,0.30822840332984924,0.2981456390448979,0.2951624095439911,0.300659716129303,0.2896020710468292,0.3406908256667001,0.3139456808567047,0.326978542975017,0.29170385003089905,0.3329803943634033,0.32165947556495667,0.39062835772832233,,0.2879372735818227,,0.18952347763947078,0.12480348240245473,0.06471999523701605,0.13771398961544037,0.1149105355143547,0.14914226407806078,0.11319267004728317,0.18952347763947078,0.11995267122983932,0.15263489420924867,0.11502823978662491,0.1472716842378889,0.1134398952126503,0.1732910658632006,0.1149529293179512,0.16622191773993628,0.11148983240127563,0.12994508125952312,0.11235305666923523,0.1331039880003248,0.113623708486557,0.1238992636402448,,0.12075303494930267,
1716202887,qslstm,extrapolation,late,2000068,62,4,58,58,3,0.0943569887549717,0.29881998346442534,0.18910453085669005,0.4348615076742135,0.09624707062544824,0.2904715045442572,0.09422663828114573,0.2993957406313335,0.023632756594953865,0.02089295784632365,0.018644829591115315,0.2693713655074437,0.23794159293174744,0.2625756114721298,0.24376779794692993,0.2904715045442572,0.4362531569204293,0.29314749232435133,0.4668967690668069,0.315437327240943,0.45353930856799707,0.32100883415841963,0.4348615076742135,0.2634255240360896,,0.2950180222590764,,0.2982270171244939,,0.3613643188145943,,0.2929619774222374,,0.16935470700263977,0.13525065381465287,0.0341040531879869,0.1211439495285352,0.11747052520513535,0.12372203916311264,0.11640214920043945,0.16935470700263977,0.11518774181604385,0.1449859756976366,0.11151149123907089,0.14351911842823029,0.11564814299345016,0.15822971798479557,0.10992982983589172,0.14983824640512466,,0.14080358544985452,,0.13781510293483734,,0.12211532890796661,,0.1326850913465023,
1716202887,qslstm,extrapolation,late,2000069,62,4,58,57,4,0.15611362417837252,0.3825667048654249,0.16211307633500838,0.40263268165290356,0.1116373051287004,0.31687068147584796,0.15918095652662573,0.3870974650991888,0.019793234373393812,0.01495941931551153,0.08703301101922989,0.27837372819582623,0.4272892475128174,0.21538612805306911,0.4218994677066803,0.31687068147584796,0.42038523964583874,0.27331844670698047,0.3943272214382887,0.322229094337672,0.3964771907776594,0.3170263241045177,0.38605004362761974,0.32479221327230334,0.39307200722396374,0.3182683358900249,0.3918564599007368,0.3250751788727939,0.42620006017386913,0.43022217353185016,,0.45991482337315875,,0.1865222565829754,0.13002243727959437,0.05649981930338102,0.16186093042294183,0.115773506462574,0.1753555741161108,0.1157943531870842,0.1865222565829754,0.12031936645507812,0.1853658203035593,0.11328509449958801,0.1820020154118538,0.11530205607414246,0.1699897237122059,0.11169610172510147,0.1477894689887762,0.11441116780042648,0.13985231518745422,0.11487876623868942,0.14797424711287022,0.11145567893981934,0.12638859947522482,,0.13284984479347864,
1716202887,qslstm,extrapolation,late,2000070,62,5,57,56,5,0.057345930815435715,0.1922497540231674,0.20315675016178147,0.4507291316986084,0.09786702996784205,0.2891864627599716,0.05379144843364569,0.18374653395853544,0.017590308828013285,0.017477379395411566,0.07710704803466797,0.1722232699394226,0.07270181179046631,0.23980592787265778,0.09829854965209961,0.2891864627599716,0.40068238973617554,0.3058158725500107,0.4429042339324951,0.2834638118743896,0.4556084871292114,0.2797120690345764,0.4121400713920593,0.23674237728118896,0.41935592889785767,0.1592131495475769,0.4346931576728821,0.16768324375152588,0.4266377091407776,0.163574743270874,0.43007081747055054,0.09741741418838501,,0.1939377471804619,0.13321453568182492,0.060723211498636964,0.18892046064138412,0.11545171588659286,0.1983787700533867,0.11429613083600998,0.1939377471804619,0.11341545730829239,0.19398560672998427,0.11692091077566147,0.176398666203022,0.1107322946190834,0.18545192778110503,0.11206525564193726,0.18625162541866302,0.11622092127799988,0.17248431891202926,0.11939515918493271,0.13433064371347428,0.1118873879313469,0.13130758553743363,0.11617984622716904,0.13046828471124172,
1716202887,qslstm,extrapolation,late,2000071,62,5,57,56,5,0.14974444423410685,0.33929225583110123,0.0004589084142594402,0.021422147750854492,0.13584921464898206,0.3320605678483844,0.15096332402227572,0.3399266144260764,0.01985211138214384,0.010630543415363018,0.06442756652832031,0.28731513749808074,0.4235953390598297,0.34886615704745055,0.42859798669815063,0.3320605678483844,0.03482919931411743,0.2995513316243887,0.04193192720413208,0.3508300317451358,0.02795836329460144,0.3447831941768527,0.027252167463302612,0.34077410232275723,0.017068028450012207,0.3817897319793701,0.028079986572265625,0.40932515263557434,0.019358396530151367,0.3946808516979218,0.004638552665710449,0.459579274058342,,0.1965559959411621,0.13447254059607522,0.062083455345086885,0.20224719643592834,0.11844402551651001,0.1805480346083641,0.1191016212105751,0.1965559959411621,0.1619311273097992,0.1756357118487358,0.11759290844202042,0.15972547978162766,0.11737256497144699,0.1600932866334915,0.12287849187850952,0.15557189732789994,0.13245485723018646,0.13732400983572007,0.13518072664737701,0.13252140283584596,0.13307833671569824,0.12562566101551056,0.13090428709983826,0.12796594016253948,
1716202887,qslstm,extrapolation,late,2000072,62,4,58,58,3,0.10636918878364678,0.3158949132888548,0.0963120545648053,0.31034183502197266,0.08148487833605,0.28435035794973373,0.10808534812486034,0.31807039986396657,0.021266309351756656,0.008065909147262573,0.026404917240142822,0.23715580503145853,0.33056673407554626,0.24617639183998108,0.30242395401000977,0.28435035794973373,0.3202281594276428,0.25006473809480667,0.3233509063720703,0.23229937255382538,0.31034183502197266,0.2107896407445272,,0.2272735834121704,,0.3244559168815613,,0.32518382867177326,,0.3340390821297963,,0.34759507576624554,,0.21855493262410164,0.13236855548517457,0.08618637713892707,0.12939536074797311,0.12177342921495438,0.1337889308730761,0.12465160340070724,0.21855493262410164,0.12274709343910217,0.18642068840563297,0.11749550700187683,0.14162296056747437,0.11595316976308823,0.13352696349223456,,0.13811053584019342,,0.1371007909377416,,0.1270542542139689,,0.13032756497462591,,0.12559302896261215,
1716202887,qslstm,extrapolation,late,2000073,62,4,58,57,4,0.08117838273259789,0.2301460197796264,0.1480109384486839,0.38472189754247665,0.1003501820072872,0.2887786696664989,0.07985618967917102,0.22610238875294553,0.019763624981829996,0.017737850546836853,0.044474340975284576,0.3164252061396837,0.07230973243713379,0.24422904243692756,0.026365220546722412,0.2887786696664989,0.38515903800725937,0.3084392021410167,0.3744146451354027,0.3239613543264568,0.40473201125860214,0.3156351144425571,0.37715326994657516,0.3316810647957027,0.4293336197733879,0.3165723094716668,0.3880827948451042,0.30697059724479914,0.39781927317380905,0.30798757169395685,0.38472189754247665,0.19361529933909574,,0.17823850363492966,0.13120063895295406,0.0470378646819756,0.13404142359892526,0.11818206310272217,0.15386177226901054,0.12021592259407043,0.17823850363492966,0.15932701528072357,0.153169933706522,0.14167213439941406,0.14378155581653118,0.11725380271673203,0.13436459563672543,0.12877574563026428,0.1300311926752329,0.11417607218027115,0.1331398580223322,0.12269888073205948,0.12599104084074497,0.11903885006904602,0.12324725650250912,0.11621098965406418,0.12971941381692886,
1716202887,qslstm,extrapolation,late,2000074,62,5,57,57,4,0.12280007422419821,0.3386475208305543,0.2360537616635563,0.4858536422252655,0.14269083589128365,0.35246130228042605,0.12105527056919071,0.33743578561565335,0.02192526480607819,0.011112004518508911,0.061099573969841,0.36568793654441833,0.33385854959487915,0.325777605175972,0.32987356185913086,0.35246130228042605,0.46854206919670105,0.3223821520805359,0.4873848259449005,0.3824432075023651,0.4771646559238434,0.3922813057899475,0.4685889482498169,0.40324966311454774,0.462704598903656,0.342592453956604,0.4858536422252655,0.235448457300663,,0.2759804502129555,,0.3120192363858223,,0.2553418681025505,0.1491788972103805,0.10616297089217,0.1990292090922594,0.12317947298288345,0.17668689601123333,0.11638043075799942,0.2553418681025505,0.1205994114279747,0.18494125455617905,0.1136920228600502,0.21965642124414445,0.12497637420892715,0.19668590575456618,0.12218637019395828,0.16467348784208297,0.11578045040369034,0.1595144674181938,0.11918044835329056,0.15889577567577362,,0.15766996517777443,,0.18630314245820045,
1716202887,qslstm,extrapolation,late,2000075,62,3,59,58,3,0.08195421593700562,0.2744430317994087,0.01690515197434994,0.13001981377601624,0.05283188943202936,0.22337421774864197,0.08343501219997052,0.2770397511579223,0.018613296336141127,0.011455389586361971,0.10568744937578838,0.15920355916023254,0.2892071604728699,0.18592526515324911,0.28499937057495117,0.22337421774864197,0.149260014295578,0.22606337070465088,0.14238020777702332,0.2537815074125926,0.148286372423172,0.25937296946843463,0.11553764343261719,0.27190837264060974,0.14108988642692566,0.2510392864545186,0.14746779203414917,0.26887492338816327,0.13522440195083618,0.3388362228870392,,0.34499168395996094,,0.21499183028936386,0.1285577268671181,0.08643410342224575,0.19047216698527336,0.11139752715826035,0.21083125720421472,0.11151275783777237,0.21499183028936386,0.11357013136148453,0.21812978635231653,0.10983011871576309,0.1868999054034551,0.11346173286437988,0.1778732736905416,0.11097767949104309,0.17213104416926703,0.11505410820245743,0.1455275391538938,0.11248690634965897,0.13212577253580093,0.11207052320241928,0.12361876666545868,,0.12801407277584076,
1716202887,qslstm,extrapolation,late,2000076,62,7,55,54,7,0.06477702437482906,0.2419457833072351,0.0841168146430995,0.29002898931503296,0.083005129934773,0.26894658697502954,0.06245708366719984,0.23850931738587944,0.016370848373130516,0.012146085500717163,0.05602484089987619,0.25416335680832464,0.23878324031829834,0.2719287550342934,0.24331289529800415,0.26894658697502954,0.26575028896331787,0.28048063601766315,0.2900357246398926,0.3162297798054559,0.29002898931503296,0.33144433548053104,,0.361751701682806,,0.34768810868263245,,0.2872355928023656,,0.15126903355121613,,0.19433739284674326,,0.15792708950383322,0.12120450342243368,0.03672258608139954,0.17705932507912317,0.1132340207695961,0.17798727325030736,0.11119461059570312,0.15792708950383322,0.11455753445625305,0.15964090398379735,0.1133200004696846,0.14340009540319443,0.11334507912397385,0.15067155162493387,,0.14515713353951773,,0.13594001779953638,,0.12700600425402322,,0.11989986151456833,,0.11923763528466225,
1716202887,qslstm,extrapolation,late,2000077,62,2,60,59,2,0.13351801631297522,0.3547760921139871,0.10826555051188791,0.32903730869293213,0.13531248033450405,0.3652288168668747,0.1334582008455909,0.3544276679555575,0.017584981554645603,0.014546111226081848,0.12699243426322937,0.20213590562343597,0.4013186991214752,0.22904162108898163,0.3921371400356293,0.3652288168668747,0.3214065432548523,0.3646506518125534,0.33379441499710083,0.3829250782728195,0.32718950510025024,0.38459472358226776,0.3477092385292053,0.3758493512868881,0.32903730869293213,0.4189603626728058,,0.40828391909599304,,0.4130554497241974,,0.38013437390327454,,0.1787576898932457,0.14394537781675656,0.03481231207648913,0.22661234438419342,0.2141653150320053,0.18632514774799347,0.19316066801548004,0.1787576898932457,0.16389606893062592,0.1481069251894951,0.13006208837032318,0.12790681421756744,0.12980319559574127,0.1313062235713005,0.13164076209068298,0.14544015377759933,0.1560780256986618,0.1281237155199051,,0.12346499413251877,,0.11771214753389359,,0.12867622077465057,
1716202887,qslstm,extrapolation,late,2000078,62,9,53,53,8,0.11089955863563791,0.32626768033350667,0.16687586645321417,0.4085044264793396,0.09670968680549162,0.3034016448590491,0.11330915951245521,0.3301505920178485,0.018327225491685688,0.013601576288541159,0.03906336426734924,0.29563246574252844,0.22406068444252014,0.28423118498176336,0.2284872829914093,0.3034016448590491,0.4077187776565552,0.29612326870361966,0.43351149559020996,0.3325752814610799,0.4188826084136963,0.32426514559321934,0.415910542011261,0.31656382398472893,0.40926575660705566,0.3398104939195845,0.41159695386886597,0.3416859226094352,0.413821816444397,0.3551328678925832,0.4085044264793396,0.32693320885300636,,0.1756132079495324,0.15117575059521873,0.024437457354313658,0.1719919890165329,0.12012585252523422,0.16968706902116537,0.11485216021537781,0.1756132079495324,0.11638746410608292,0.15988196515374714,0.11498329788446426,0.183477015958892,0.11515507102012634,0.17968611005279753,0.13011068105697632,0.16701722972922856,0.11857789754867554,0.16646453241507211,0.12128529697656631,0.15752058062288496,0.11586585640907288,0.14787505980994967,0.15254506468772888,0.14844288304448128,
1716202887,qslstm,extrapolation,late,2000079,62,6,56,56,5,0.1395298860680336,0.34725508688678663,0.1048728231627507,0.3238407373428345,0.12813539183124992,0.3243466904386878,0.14075072473626046,0.34970955793479724,0.014889722423894065,0.00979825109243393,0.015791881084442138,0.3051946509629488,0.3162805736064911,0.30278369076550005,0.32113388180732727,0.3243466904386878,0.3449153006076813,0.325196558299164,0.3244069814682007,0.32624317612499,0.3318803906440735,0.2936680307611823,0.33247673511505127,0.3110085915153225,0.3284759521484375,0.30477391586949426,0.33118677139282227,0.39753552588323754,0.3386046588420868,0.44846042711287737,0.3238407373428345,0.39063772931694984,,0.15607938667138418,0.1320087481290102,0.024070638542373984,0.16243298947811127,0.11396444588899612,0.15523093193769455,0.11523941904306412,0.15607938667138418,0.1154249832034111,0.15211282297968864,0.1109374538064003,0.15317665909727415,0.1162470355629921,0.14475177600979805,0.11483713984489441,0.13198587174216905,0.11357875913381577,0.13665446763237318,0.11260717362165451,0.13673276081681252,0.11488495022058487,0.12619761377573013,0.11315649747848511,0.12633566111326217,
1716202887,qslstm,extrapolation,late,2000080,62,5,57,56,5,0.10384953373707725,0.30204548975152357,0.006952251534531939,0.08338016271591187,0.09018059540639514,0.2571641832590103,0.1050485634152073,0.3059824464613931,0.01855544692703656,0.018490880727767944,0.02914721369743347,0.2815870106220245,0.3254520744085312,0.2795965909957886,0.32090048491954803,0.2571641832590103,0.1082754135131836,0.2614887863397598,0.11431866884231567,0.20031870305538177,0.08338016271591187,0.22245937958359718,,0.2394515983760357,,0.3483588807284832,,0.3855946734547615,,0.3571195788681507,,0.3219860643148422,,0.15154559761285782,0.1472822970204186,0.004263300592439234,0.15971871763467788,0.1238960400223732,0.1680791363120079,0.11766745895147324,0.15154559761285782,0.11585620790719986,0.14614670723676682,0.1226019635796547,0.13806134164333345,0.13725118339061737,0.14036251418292522,,0.13164368458092213,,0.13563698530197144,,0.12808339856565,,0.12851636111736298,,0.12691382318735123,
1716202887,qslstm,extrapolation,late,2000081,62,8,54,54,7,0.0690992413824983,0.182871725410223,0.001525383017274784,0.03905615210533142,0.08264596649187883,0.24934462923556566,0.06709231914407156,0.17302388780646855,0.01718180212709639,0.011584512212059715,0.03941209401403155,0.26819503733089994,0.4882742464542389,0.27080601134470533,0.4532657265663147,0.24934462923556566,0.04507488012313843,0.20060371607542038,0.043163567781448364,0.21813690662384033,0.05993106961250305,0.2388765551149845,0.05457061529159546,0.24841913301497698,0.06659269332885742,0.18068533763289452,0.027362853288650513,0.11992491781711578,0.03770694136619568,0.09793955087661743,,0.03412521311214992,,0.1694107661023736,0.12384492793568859,0.04556583816668501,0.1654569549219949,0.11776410788297653,0.1451695944581713,0.11071160435676575,0.1694107661023736,0.11872579902410507,0.14869081508368254,0.11306389421224594,0.1429759580641985,0.11433462053537369,0.13569079525768757,0.11369938403367996,0.13134362269192934,0.11267786473035812,0.1225979644805193,0.11154112964868546,0.12495698593556881,0.11713328212499619,0.11990662557738167,,0.11808137489216668,
1716202887,qslstm,extrapolation,late,2000082,62,3,59,58,3,0.1384782878541964,0.36080334431702094,0.0980213337493332,0.31308358907699585,0.11163414675833337,0.3337006742755572,0.1398432441811047,0.36218144618353604,0.01892755925655365,0.010698294639587403,0.05125519633293152,0.30593858907620114,0.4222118481993675,0.2777151937286059,0.4176952466368675,0.3337006742755572,0.3186647295951843,0.3261638556917508,0.3100742697715759,0.3323627784848213,0.3034617304801941,0.35375476628541946,0.30042845010757446,0.3438279901941617,0.26720118522644043,0.34600090483824414,0.3019230365753174,0.32508155206839245,0.2980116009712219,0.3665321245789528,,0.3852876350283623,,0.14977323015530905,0.13708731860427534,0.012685911551033713,0.21306055039167404,0.11404963582754135,0.16827151676019034,0.1142997145652771,0.14977323015530905,0.11325371265411377,0.16719511399666467,0.11253263801336288,0.14586547017097473,0.11513635516166687,0.1555246263742447,0.11432862281799316,0.16259722659985223,0.11358579248189926,0.12610921760400137,0.11190745234489441,0.1277025764187177,0.11502445489168167,0.12462513521313667,,0.12044062837958336,
1716202887,qslstm,extrapolation,late,2000083,62,4,58,57,4,0.08048136885322695,0.281000692757868,0.05136629116901137,0.22664132714271545,0.0708837456368297,0.2647622711956501,0.08114327390263366,0.2821205839000899,0.018068630967223852,0.007025229930877686,0.021712064743041992,0.2564000238974889,0.30315640568733215,0.24846314638853073,0.28500768542289734,0.2647622711956501,0.2215496003627777,0.2552230469882488,0.21961233019828796,0.284615907818079,0.22447893023490906,0.2705460451543331,0.2206638753414154,0.29761333391070366,0.21139898896217346,0.2846401979525884,,0.2485635926326116,,0.28479287525018054,,0.31661903361479443,,0.19426389783620834,0.1524159052762492,0.041847992559959135,0.1594138244787852,0.12073171138763428,0.16753420792520046,0.11570923775434494,0.19426389783620834,0.12688855826854706,0.17195806838572025,0.11282283812761307,0.1706074494868517,0.1176910474896431,0.17578150145709515,0.11406280845403671,0.16791857220232487,0.11336340755224228,0.17520725230375925,,0.17435315251350403,,0.14964556694030762,,0.1651089365283648,
1716202887,qslstm,extrapolation,late,2000084,62,5,57,56,5,0.10467191044382596,0.28779678539403025,0.01275210116869463,0.1129252016544342,0.12018537879343802,0.31915670782327654,0.10331107988684246,0.28504591500549986,0.018468954201255525,0.019319637616475423,0.09107582569122315,0.3217820540070534,0.5163649320602417,0.3072874441742897,0.495022177696228,0.31915670782327654,0.07952186465263367,0.3113407388329506,0.09499496221542358,0.31916447430849076,0.081470787525177,0.3389252573251724,0.08447259664535522,0.3356389492750168,0.11170417070388794,0.3241028279066086,0.07866701483726501,0.31729998290538786,0.06845802068710327,0.2437531143426895,0.08588483929634094,0.30317534878849983,,0.16347818672657013,0.1385629965286506,0.024915190197919546,0.1771372452378273,0.11591073125600815,0.18102853000164032,0.12111427634954453,0.16347818672657013,0.12025289982557297,0.14728995263576508,0.11406957358121872,0.16711340546607972,0.1331813931465149,0.1506217524409294,0.11734267324209213,0.13544201403856276,0.1128639504313469,0.1386178344488144,0.11582764238119125,0.13585072606801987,0.11820944398641586,0.1427985280752182,0.10958173871040344,0.11633451469242573,
1716202887,qslstm,extrapolation,late,2000085,62,4,58,57,4,0.1618946365196473,0.38455467603559934,0.2312622993098137,0.48089738958515227,0.1473046705989184,0.33189530490199104,0.16290084106590447,0.38818635680343444,0.020063061986053198,0.013739661736921831,0.003128252923488617,0.34571634978055954,0.40982499718666077,0.23653945326805115,0.004225581884384155,0.33189530490199104,0.49459859007038176,0.4454016351373866,0.4745964633766562,0.44595232245046645,0.48732762807048857,0.44975632813293487,0.4670888411346823,0.44343872752506286,0.48091539018787444,0.4333789908559993,0.4606573807541281,0.4417068326147273,0.48011022084392607,0.44802471754762035,,0.45676156878471375,,0.16680464521050453,0.14359344978784694,0.023211195422657593,0.15187138319015503,0.1244792640209198,0.15685181319713593,0.13840351998806,0.16680464521050453,0.1416497677564621,0.13479035161435604,0.11887680739164352,0.13601179048419,0.11597665399312973,0.13816900178790092,0.11676769703626633,0.12563984282314777,0.12457507848739624,0.12282815389335155,0.1148519217967987,0.12718107365071774,0.12159854173660278,0.12850093841552734,,0.12191372364759445,
1716202887,qslstm,extrapolation,late,2000086,62,6,56,55,6,0.10017465750391037,0.30261870262573565,0.05448731007504737,0.23342517018318176,0.0964642281213038,0.29258175822906196,0.10057220350918965,0.30369408952537924,0.016482384638352828,0.010890646622731136,0.0225954403479894,0.32364752450957895,0.37236231565475464,0.28795039164833724,0.37729865312576294,0.29258175822906196,0.2525995969772339,0.29778160783462226,0.23374813795089722,0.30138566725266475,0.2467157542705536,0.2907952182771017,0.240718811750412,0.299004109033073,0.2342299520969391,0.3057739934884012,0.24454087018966675,0.2921071438274036,0.2505980134010315,0.3087826384386669,0.25257909297943115,0.30511834621429446,,0.1277265896399816,0.1288806748177324,-0.0011540851777508132,0.1449135199189186,0.11491545289754868,0.154282845556736,0.11817946285009384,0.1277265896399816,0.1179199144244194,0.1303526076177756,0.1172051653265953,0.13591143737236658,0.11000759154558182,0.14170614381631216,0.1108531653881073,0.13952867314219475,0.1088990569114685,0.12470068410038948,0.11864367127418518,0.12263790890574455,0.11116115003824234,0.11979307110110919,0.1354105919599533,0.11579870283603669,
1716202887,qslstm,extrapolation,late,2000087,62,1,61,60,1,0.026257033836999063,0.14865451089797482,0.09604031014149772,0.30990371108055115,0.08247896353124418,0.2871915102005005,0.025335362858404882,0.1463834125487531,0.020483829577763877,0.005686844388643901,0.015833288431167603,0.11975401639938354,0.11975401639938354,0.11995649337768555,0.11995649337768555,0.2871915102005005,0.2871915102005005,0.30207765102386475,0.30207765102386475,0.30245137214660645,0.30245137214660645,0.3077733814716339,0.3077733814716339,0.3156081438064575,0.3156081438064575,0.30990371108055115,0.30990371108055115,,,,,,,0.12353942543268204,0.1402160789145798,-0.016676653481897757,0.13730163872241974,0.13730163872241974,0.12561394274234772,0.12561394274234772,0.12353942543268204,0.12353942543268204,0.1252000778913498,0.1252000778913498,0.129826620221138,0.129826620221138,0.12372341006994247,0.12372341006994247,0.11994249373674393,0.11994249373674393,0.12410908192396164,0.12410908192396164,,,,,,
1716202887,qslstm,extrapolation,late,2000088,62,4,58,57,4,0.18625298843535362,0.38829812888176213,0.00033209465798123006,0.018223464488983154,0.08233720293566482,0.20317260175943375,0.19341959433188396,0.4010654066143365,0.018024449285707976,0.011001843214035033,0.07067406922578812,0.29922420531511307,0.4899980127811432,0.2873310521245003,0.4589966833591461,0.20317260175943375,0.010417789220809937,0.21243514120578766,0.010655313730239868,0.23264896869659424,0.013415247201919556,0.23961877822875977,0.002130746841430664,0.24169480800628662,0.00023126602172851562,0.3250604172547658,,0.3435090680917104,,0.4944348931312561,,0.4924228886763255,,0.16566555574536324,0.1335939622387804,0.03207159350658284,0.1530774850398302,0.1154341772198677,0.15338078700006008,0.10945457220077515,0.16566555574536324,0.11609924584627151,0.19534559734165668,0.10993535071611404,0.16903365030884743,0.1142682209610939,0.15752248093485832,0.11279049515724182,0.13100225292146206,0.11377627402544022,0.18729071567455927,,0.14037037392457327,,0.12445138891537984,,0.11682802438735962,
1716202887,qslstm,extrapolation,late,2000089,62,1,61,60,1,0.05745886330656187,0.23703817542522185,0.045132000424533913,0.21244293451309204,0.053075383209492344,0.23038095235824585,0.05753072363602203,0.2371473102295985,0.018931273619333902,0.009194564819335938,-0.019943952560424805,0.2541388273239136,0.2541388273239136,0.26476263999938965,0.26476263999938965,0.23038095235824585,0.23038095235824585,0.20479846000671387,0.20479846000671387,0.1955784559249878,0.1955784559249878,0.2074764370918274,0.2074764370918274,0.20538747310638428,0.20538747310638428,0.21837091445922852,0.21837091445922852,0.22377067804336548,0.22377067804336548,0.20710641145706177,0.20710641145706177,,,0.11450690031051636,0.14468297924174636,-0.030176078931230005,0.11718808859586716,0.11718808859586716,0.11460483074188232,0.11460483074188232,0.11450690031051636,0.11450690031051636,0.11275651305913925,0.11275651305913925,0.1165011003613472,0.1165011003613472,0.11725470423698425,0.11725470423698425,0.11493515968322754,0.11493515968322754,0.11400243639945984,0.11400243639945984,0.1120859757065773,0.1120859757065773,0.1152108684182167,0.1152108684182167,,
1716202887,qslstm,extrapolation,late,2000090,62,4,58,57,4,0.14504050157158307,0.3269675593342512,0.03414618221484389,0.184786856174469,0.14736513641301757,0.34097212878987193,0.14488018192734628,0.3260017269580015,0.017614205678304035,0.011978788035256522,0.02501535415649414,0.3063594507984817,0.4437298998236656,0.30886546103283763,0.4652240499854088,0.34097212878987193,0.14727991819381714,0.35217927722260356,0.1727202832698822,0.3471231940202415,0.17157092690467834,0.35235896287485957,0.18183717131614685,0.35166756389662623,0.1598142385482788,0.35002906201407313,0.1708689033985138,0.46527490206062794,,0.3775479042281707,,0.37158000903824967,,0.12727541849017143,0.14582596539423384,-0.01855054690406241,0.14822294749319553,0.13257531821727753,0.13917234539985657,0.1414058655500412,0.12727541849017143,0.12520349025726318,0.12772742100059986,0.11906853318214417,0.11762249656021595,0.1144571378827095,0.13245917856693268,0.11425334215164185,0.12120931968092918,0.11469470709562302,0.1380780916661024,0.11394724994897842,0.12601172675689062,,0.11969496309757233,,0.12252695361773173,
1716202887,qslstm,extrapolation,late,2000091,62,3,59,59,2,0.045581737683329474,0.20373290392660326,0.11667812037953329,0.341581791639328,0.0547651963256118,0.22484410802523294,0.045114782159145626,0.20265945287074072,0.018633614152164784,0.012047424912452698,0.0829239934682846,0.26874710619449615,0.19214913249015808,0.27012887597084045,0.18137192726135254,0.22484410802523294,0.3160707354545593,0.26047393679618835,0.31132471561431885,0.2737051447232564,0.3355315625667572,0.21100005507469177,0.3483505845069885,0.19285880525906882,0.3602225184440613,0.20241605242093405,0.341581791639328,0.12212495505809784,,0.14830274879932404,,0.18413889408111572,,0.20274690041939417,0.12997716778920868,0.07276973263018549,0.18579408526420593,0.1210775077342987,0.17877240851521492,0.11554016917943954,0.20274690041939417,0.11241678148508072,0.19937109698851904,0.11306879669427872,0.18219240009784698,0.11618265509605408,0.16761472076177597,0.11754309386014938,0.1641154264410337,0.11195921152830124,0.13965859512488046,0.11332204937934875,0.15098920464515686,,0.12521792203187943,,0.13014356791973114,
1716202887,qslstm,extrapolation,late,2000092,62,3,59,59,2,0.029445917344615755,0.12161198066126916,0.11498567431752044,0.339095376431942,0.07383742348544925,0.25051239877939224,0.027188722117115746,0.11505772211289002,0.01880425164255045,0.00997332822192799,0.04760967195034027,0.003292083740234375,0.003292083740234375,0.1512005627155304,0.02934366464614868,0.25051239877939224,0.36667703837156296,0.17955631762742996,0.35866519063711166,0.15615068624416986,0.34536533802747726,0.13701171427965164,0.3509640023112297,0.11735245337088902,0.3354095444083214,0.17102575053771338,0.32843389362096786,0.2022756114602089,0.34646453708410263,0.13470906019210815,,0.1443912535905838,,0.21754448860883713,0.13209973970207117,0.08544474890676595,0.11868789792060852,0.11868789792060852,0.18070916458964348,0.11778416484594345,0.21754448860883713,0.11698997765779495,0.1962600772579511,0.11716022342443466,0.16931398957967758,0.11328623443841934,0.17714529981215796,0.11749844998121262,0.16815590361754099,0.11769813299179077,0.15822343776623407,0.11607285588979721,0.12944266200065613,0.11797526478767395,0.15794076770544052,,0.13931220024824142,
1716202887,qslstm,extrapolation,late,2000093,62,6,56,56,5,0.11073623498530193,0.3235599641357699,0.15893832956820209,0.3986707031726837,0.10909422830224506,0.28867944702506065,0.1109121642727723,0.32729716239763157,0.01763548968093736,0.016972507749285017,0.06621875166893006,0.4202116671949625,0.28608888387680054,0.2639953210949898,0.25826698541641235,0.28867944702506065,0.372437983751297,0.3723269874850909,0.37900617718696594,0.298548873513937,0.36410918831825256,0.4067479074001312,0.39808622002601624,0.31645381450653076,0.391844779253006,0.3287576635678609,0.3890850841999054,0.3161989897489548,0.3831683099269867,0.34426820774873096,0.4153214991092682,0.35229176878929136,,0.2285737581551075,0.1257160443014332,0.10285771385367429,0.23972132802009583,0.11646369099617004,0.18676014691591264,0.11412199586629868,0.2285737581551075,0.12445264309644699,0.2131132259964943,0.11779791116714478,0.16729614262779555,0.11502798646688461,0.15561003362139067,0.11917576938867569,0.14652472858627638,0.11651518195867538,0.13865390295783678,0.11707250028848648,0.13253717248638472,0.11417440325021744,0.12979958827296892,0.11315207928419113,0.12388221621513366,
1716202887,qslstm,extrapolation,late,2000094,62,3,59,58,3,0.07677194462547095,0.27270440925513545,0.028882407696863233,0.1699482500553131,0.062322155726409846,0.24118883162736893,0.07750667965423676,0.27430689625315746,0.014546416956802895,0.01048410932223002,0.06723772486050923,0.24353686720132828,0.2744278311729431,0.21682423104842505,0.24748581647872925,0.24118883162736893,0.17432630062103271,0.2346114988128344,0.15641111135482788,0.2546610509355863,0.16844886541366577,0.2467811976869901,0.1699482500553131,0.2976635806262493,,0.3102291189134121,,0.30944035574793816,,0.2758616618812084,,0.2904449366033077,,0.14648759116729101,0.12997775032358655,0.016509840843704465,0.1425537864367167,0.11333521455526352,0.14830462137858072,0.11211047321557999,0.14648759116729101,0.11659196764230728,0.1212947020928065,0.10958940535783768,0.1265707090497017,0.11278784275054932,0.1311455344160398,0.11191311478614807,0.13799135759472847,,0.1192186176776886,,0.12103507295250893,,0.12856367602944374,,0.11624380573630333,
1716202887,qslstm,extrapolation,late,2000095,62,7,55,55,6,0.11187469662939444,0.30716289084164367,0.06403977746435885,0.25306081771850586,0.08941142139374539,0.26955905210758957,0.1147336589321134,0.3119488339532505,0.020778145573355934,0.01583183270234328,0.016184558471043903,0.258757842083772,0.23316752910614014,0.3364858835314711,0.21549588441848755,0.26955905210758957,0.2232838273048401,0.2599761975663049,0.24827444553375244,0.22233710544449942,0.23592811822891235,0.28294575081339907,0.20866864919662476,0.21957060268947057,0.22540855407714844,0.23045942187309265,0.23541730642318726,0.2401762775012425,0.22883445024490356,0.2608978194849832,0.25398391485214233,0.3343848337729772,,0.17143368827445166,0.1608359850265763,0.010597703247875345,0.18748452266057333,0.11570918560028076,0.16879390800992647,0.11592601984739304,0.17143368827445166,0.12130852788686752,0.16141278935330255,0.12053588032722473,0.16443578792469843,0.12253699451684952,0.17127301331077302,0.11462712287902832,0.13897405777658736,0.1162831261754036,0.14976714232138225,0.1199505552649498,0.14843685286385672,0.11572244763374329,0.1514304376074246,0.12103271484375,0.1425749957561493,
1716202887,qslstm,extrapolation,late,2000096,62,2,60,59,2,0.07306623531322748,0.2620412880374539,0.18808283840918705,0.43368518352508545,0.1132660600063784,0.32847948372364044,0.07172624115678912,0.25982668151458105,0.01570875462839159,0.015672415494918823,0.028482288122177124,0.199147567152977,0.2573964297771454,0.22054089605808258,0.26501569151878357,0.32847948372364044,0.40174126625061035,0.3447722941637039,0.4373488426208496,0.34577739238739014,0.43867895007133484,0.33255739510059357,0.4076336622238159,0.3428027182817459,0.4144520163536072,0.3393866866827011,0.43368518352508545,0.24336379766464233,,0.22615745663642883,,0.2583719789981842,,0.1295807994902134,0.14642437621951104,-0.01684357672929765,0.12257196381688118,0.11658007651567459,0.1211225874722004,0.11632973700761795,0.1295807994902134,0.116637222468853,0.11865958571434021,0.11510273814201355,0.11614858359098434,0.1123460903763771,0.1213022992014885,0.11935170739889145,0.12382925674319267,0.12020040303468704,0.11879833415150642,0.11503219604492188,0.12408825755119324,,0.12790906429290771,,0.1337648630142212,
1716202887,qslstm,extrapolation,late,2000097,62,6,56,55,6,0.15884494262919552,0.38770146247360016,0.05604410282603922,0.23673635721206665,0.08679361293167813,0.27344850823283195,0.16656472795392954,0.3999428504279682,0.017715653506192294,0.015399503707885741,0.042369693517684937,0.3628299906849861,0.5100834146142006,0.32024122402071953,0.5344099178910255,0.27344850823283195,0.2157309651374817,0.2778507135808468,0.23819541931152344,0.3047556442519029,0.21748638153076172,0.3245238276819388,0.23155850172042847,0.33961666251222294,0.2440233826637268,0.39490029960870743,,0.3904705002903938,,0.3905110195279121,,0.4231786623597145,,0.25057333583633107,0.13962628186813422,0.11094705396819685,0.24565015882253646,0.11973235756158829,0.2509567600985368,0.11887998133897781,0.25057333583633107,0.12452033907175064,0.20091957847277322,0.1157069280743599,0.17403914531071982,0.11900367587804794,0.14679132401943207,0.12253931909799576,0.15087449053923288,0.1178574338555336,0.17682983577251435,,0.15456108897924423,,0.14332303404808044,,0.12997598499059676,
1716202887,qslstm,extrapolation,late,2000098,62,3,59,59,2,0.20032279213582058,0.40735440343738566,0.004051248153302822,0.06364941596984863,0.10423731720296843,0.2903316787754496,0.20520849425105042,0.4133047114710434,0.016729725114369796,0.018300436437129974,0.004103317856788635,0.46306632040068507,0.3992038881406188,0.4643285977654159,0.39853384252637625,0.2903316787754496,0.0912390649318695,0.3082098138208191,0.08078768849372864,0.30536283769955236,0.07530370354652405,0.3291271499668558,0.08706805109977722,0.3270500175034006,0.060715168714523315,0.34224713562677306,0.08153489232063293,0.33702037452409667,0.0764518678188324,0.3288356037810445,0.06364941596984863,0.31703153252601624,,0.16499378035465875,0.13634796806816327,0.028645812286495487,0.12025636062026024,0.11519227176904678,0.12409098818898201,0.12708456814289093,0.16499378035465875,0.12372796982526779,0.1546544482310613,0.1176796555519104,0.141620472073555,0.11496764421463013,0.16597960144281387,0.11987148970365524,0.15948845197757086,0.11517208069562912,0.14849655081828436,0.11775780469179153,0.12809102982282639,0.11622966080904007,0.1261930043498675,0.11648300290107727,0.12056898325681686,
1716202887,qslstm,extrapolation,late,2000099,62,4,58,57,4,0.10814936591948499,0.322829021321189,0.03415987418169042,0.1848239004611969,0.09397887446978026,0.2949988320469856,0.10912664119187841,0.32474834471940994,0.02002258102099101,0.009094595909118652,0.047014109790325165,0.2535273917019367,0.3674858808517456,0.2688182406127453,0.3640385866165161,0.2949988320469856,0.1805826723575592,0.2922913208603859,0.1917978823184967,0.2818780913949013,0.1848239004611969,0.34632349014282227,,0.32734833161036175,,0.2875915964444478,,0.3269786636034648,,0.3409340778986613,,0.34647464752197266,,0.15622419491410255,0.13381281726319214,0.02241137765091042,0.177494203671813,0.11308323591947556,0.1447408739477396,0.1193983256816864,0.15622419491410255,0.11732804775238037,0.15018033608794212,0.12837262451648712,0.13936283253133297,0.1240226998925209,0.1420015146334966,,0.1391064723332723,,0.12315019468466441,,0.1278365949789683,,0.12879456828037897,,0.12200771520535152,
1716202887,qslstm,extrapolation,late,2000100,62,6,56,55,6,0.14823679425004124,0.34751197413331075,0.08461793315302746,0.2908916175365448,0.1036461544119201,0.29435782072444755,0.15301436280412567,0.3532070619985461,0.018855543570085006,0.015515072005135673,0.04793680707613627,0.28834475204348564,0.5189716815948486,0.28598256843785447,0.5191386044025421,0.29435782072444755,0.3077506721019745,0.27922399279971916,0.2901913523674011,0.26301526712874573,0.3125440180301666,0.23787359582881132,0.2986219823360443,0.238551772510012,0.2937459349632263,0.23526207295556864,0.30865922570228577,0.1886941889921824,0.2845749258995056,0.25611498455206555,0.3093132972717285,0.3319546341896057,,0.19587451592087746,0.13965163007378578,0.056222885847091675,0.21898446828126908,0.11626589298248291,0.24095407128334045,0.11695007234811783,0.19587451592087746,0.11481817811727524,0.20656990384062132,0.11535149812698364,0.18360667179028192,0.11345174163579941,0.1745991806189219,0.11581015586853027,0.16713607062896094,0.11751068383455276,0.14462096616625786,0.11793547868728638,0.1365598328411579,0.11374958604574203,0.12824003770947456,0.11272671073675156,0.12157198786735535,
1716202887,qslstm,extrapolation,late,2000101,62,6,56,55,6,0.09941721999495416,0.24616465114682326,0.15081253587030474,0.3883458971977234,0.09429734516499892,0.2637128554973363,0.09996577801244937,0.2442844863949826,0.027091895450245252,0.021900027990341187,0.03135731816291809,0.1920857899579763,0.038500964641571045,0.25690774353279267,0.044889867305755615,0.2637128554973363,0.40088337659835815,0.27879800629549817,0.3996683955192566,0.25328759582771454,0.4163230061531067,0.2442178202860911,0.3963070511817932,0.21815613142583365,0.37195271253585815,0.21648524435295258,0.38211482763290405,0.20447255404724274,0.3883458971977234,0.1465770749084186,,0.16034937181393616,,0.1637849286198616,0.1310257599023836,0.032759168717478,0.17174087216456732,0.11660314351320267,0.15713823214173317,0.12148039788007736,0.1637849286198616,0.12009146064519882,0.1392201396326224,0.11905177682638168,0.14175699527064958,0.13838566839694977,0.1286990319689115,0.11802393943071365,0.13461636379361153,0.11597016453742981,0.13230333104729652,0.1141289696097374,0.13402366638183594,0.1216687485575676,0.13335902690887452,,0.12616117149591446,
1716202887,qslstm,extrapolation,late,2000102,62,6,56,55,6,0.1685398398963945,0.36564241229526456,0.0031513723079115152,0.0561370849609375,0.14388989803246477,0.3327405409266551,0.1711809050961013,0.36916761279904414,0.019127423654903063,0.005318105220794678,0.03931224346160889,0.2998706944286823,0.5135615468025208,0.3227590875079234,0.5132763087749481,0.3327405409266551,0.06145519018173218,0.2737739986429612,0.0561370849609375,0.30466645434498785,,0.31240850761532785,,0.3570241093635559,,0.3360544450581074,,0.3496276266872883,,0.3660053789615631,,0.3732629299163818,,0.17638033255934715,0.13713857238846167,0.03924176017088549,0.1419507846236229,0.11511199921369553,0.157595028479894,0.11428588628768921,0.17638033255934715,0.1312386393547058,0.15410511568188667,0.11555680632591248,0.14281026273965836,,0.1391723036766052,,0.13660808205604552,,0.14753921180963517,,0.15835328698158263,,0.13675496727228165,,0.12797744423151017,
1716202887,qslstm,extrapolation,late,2000103,62,6,56,55,6,0.061309697114941775,0.20158996889668127,0.1534081989591774,0.39167358726263046,0.10534629384583233,0.30002140750487644,0.05659149032234636,0.1910437433315175,0.01674853346564553,0.02990303933620453,0.04317172368367513,0.20893574009339014,0.08149150013923645,0.2461416112879912,0.09183323383331299,0.30002140750487644,0.3679966852068901,0.3027370100220044,0.34993209689855576,0.2955888472497463,0.39167358726263046,0.26193290054798124,,0.26594820320606233,,0.2567512184381485,,0.2383982092142105,,0.2286869317293167,,0.2985991984605789,,0.13456018889943758,0.13031999447516032,0.004240194424277255,0.15140100320180258,0.11486788839101791,0.15286294867595038,0.11322212219238281,0.13456018889943758,0.11200111359357834,0.13425046826402345,0.1131509318947792,0.13129824524124464,0.1086699366569519,0.1321711391210556,,0.13272409737110138,,0.12760159522294998,,0.13021358698606492,,0.12324566692113877,,0.12345868647098542,
1716202887,qslstm,extrapolation,late,2000104,62,5,57,56,5,0.11870435583617671,0.32817986607551575,0.052538831325180446,0.22921350598335266,0.11910725683122832,0.30131414234638215,0.11866901364362832,0.3305365085078959,0.021049387753009796,0.014354685178169837,0.03845747709274292,0.2921000212430954,0.3878517895936966,0.2901857942342758,0.41785354912281036,0.30131414234638215,0.21886098384857178,0.28881351053714754,0.2284093201160431,0.36425542533397676,0.2304050624370575,0.37323390543460844,0.2072119116783142,0.3747201234102249,0.22563716769218445,0.38189217150211335,0.23972439765930176,0.34255488216876984,0.2318950891494751,0.32316498160362245,0.20772361755371094,0.35806334763765335,,0.1478039801120758,0.1347741076820775,0.013029872429998285,0.23309143632650375,0.11617632955312729,0.19583780318498611,0.11382589489221573,0.1478039801120758,0.11674859374761581,0.15393224209547043,0.11857076734304428,0.1392814576625824,0.11179924011230469,0.14182130098342896,0.11215400695800781,0.1331111639738083,0.1230684444308281,0.13767456859350205,0.11179713159799576,0.1281629681587219,0.11387142539024353,0.12215600460767746,0.11194523423910141,0.1155641321092844,
1716202887,qslstm,extrapolation,late,2000105,62,3,59,58,3,0.16303515778909838,0.3971951475907718,0.10113860714824341,0.3180229663848877,0.08976776406194172,0.29810098682840663,0.16676061848708942,0.40223383373123106,0.016747205421842378,0.023288418849309284,0.10907347997029622,0.41628472693264484,0.4644264541566372,0.36142489438255626,0.4587398134171963,0.29810098682840663,0.30785250663757324,0.3282745157678922,0.3290752172470093,0.3031482473015785,0.2858847975730896,0.313105213145415,0.32598578929901123,0.31396258622407913,0.30883175134658813,0.32976551602284115,0.32148170471191406,0.314116674164931,0.27813470363616943,0.34496193875869113,0.3180229663848877,0.4082207791507244,,0.17646445333957672,0.14360667664115712,0.032857776698419605,0.16415611281991005,0.12293454259634018,0.17236658185720444,0.12351379543542862,0.17646445333957672,0.11331897974014282,0.1901514083147049,0.1159738302230835,0.16038504987955093,0.11573436111211777,0.1304632474978765,0.11680647730827332,0.1539875790476799,0.1171674057841301,0.13554230084021887,0.12158427387475967,0.12501947830120722,0.11528917402029037,0.12362060199181239,0.11595530062913895,0.22456291317939758,
1716202887,qslstm,extrapolation,late,2000106,62,6,56,56,5,0.08356943998292413,0.28207956116286015,0.08156256331881195,0.28559160232543945,0.11093095170151794,0.3267871495336294,0.08063784944164622,0.27728946240884916,0.018308805035693303,0.001127779483795166,0.029188281297683714,0.36075173020362855,0.26358234882354736,0.3149317629635334,0.2691984176635742,0.3267871495336294,0.2867193818092346,0.34022138516108197,0.28559160232543945,0.3198366641998291,,0.3121262311935425,,0.2628533013164997,,0.30290457606315613,,0.32984796166419983,,0.31478728652000426,,0.27708408832550047,,0.16265419373909631,0.13070538679936103,0.031948806939735286,0.1732448786497116,0.11564099788665771,0.1603737458586693,0.11474721878767014,0.16265419373909631,0.11376852542161942,0.1893852005402247,0.11441501975059509,0.16223126351833345,,0.15777899622917174,,0.14256865680217742,,0.14737621545791627,,0.12985200583934783,,0.12307461649179459,,0.12001540511846542,
1716202887,qslstm,extrapolation,late,2000107,62,5,57,57,4,0.08328397176517395,0.2513562474519976,0.00867131937045329,0.09311991930007935,0.0852093884164157,0.2694072425365448,0.08311507556769661,0.24977282683054605,0.019767058523077714,0.01670360565185547,0.03290686011314392,0.2432736655076345,0.3956562876701355,0.2746564820408821,0.3984141945838928,0.2694072425365448,0.09541112184524536,0.28797224164009094,0.11932092905044556,0.2803993046283722,0.10732126235961914,0.27043222784996035,0.09311991930007935,0.27310895174741745,,0.23474232107400894,,0.2556496933102608,,0.18504875153303146,,0.15636641532182693,,0.22955434620380402,0.13785067501298168,0.09170367119082234,0.1419641450047493,0.12877622246742249,0.2221384085714817,0.17924338579177856,0.22955434620380402,0.1301628202199936,0.1921009376645088,0.1199762150645256,0.18420164287090302,0.1359543353319168,0.15317447632551193,0.11523177474737167,0.14930868335068226,,0.14091863669455051,,0.1393144652247429,,0.12619704194366932,,0.13182632625102997,
1716202887,qslstm,extrapolation,late,2000108,62,6,56,55,6,0.09621182225412443,0.2959970180546084,0.049763520420165186,0.22307738661766052,0.11998996769781674,0.3285599946975708,0.09366416381372882,0.2925081277000053,0.018330264633352106,0.01581681768099467,0.032166694601376854,0.34457773218552273,0.4177698791027069,0.35619381815195084,0.4142345190048218,0.3285599946975708,0.18145883083343506,0.3427659769852956,0.22982975840568542,0.32892073690891266,0.20610007643699646,0.3317142228285472,0.19595149159431458,0.3449254035949707,0.2013690173625946,0.2943408091862996,0.1990753412246704,0.3263610502084096,0.21559575200080872,0.3024028291304906,0.23759111762046814,0.30189728140830996,,0.12245865166187286,0.12870209424623422,-0.006243442584361353,0.14835460484027863,0.12166192382574081,0.13180788730581602,0.11414575576782227,0.12245865166187286,0.11235270649194717,0.12883696208397546,0.11180460453033447,0.121876976142327,0.11640238761901855,0.125582754611969,0.11354727298021317,0.12170249720414479,0.11262774467468262,0.12289500857392947,0.11426929384469986,0.11995655422409375,0.11381059885025024,0.11573752140005429,0.111354298889637,0.11546878665685653,
1716202887,qslstm,extrapolation,late,2000109,62,5,57,57,4,0.1280719335609589,0.3501644427737882,0.06564880191548639,0.2562202215194702,0.08456751816962597,0.28125792145729067,0.1318881103496723,0.3562088744682178,0.018097972660733944,0.015515804290771484,0.0300709530711174,0.33574584871530533,0.25802385807037354,0.3425001725554466,0.2352461814880371,0.28125792145729067,0.2717360258102417,0.3039259254932404,0.2562202215194702,0.34746865183115005,,0.2844269126653671,,0.3015030398964882,,0.32781512290239334,,0.3458050861954689,,0.3637147347132365,,0.3590749104817708,,0.17598724067211152,0.1382516383340484,0.03773560233806311,0.17288198322057724,0.11340286582708359,0.16783974133431911,0.11348729580640793,0.17598724067211152,0.11126153916120529,0.18155345171689988,0.11257321387529373,0.1894771307706833,,0.17239796929061413,,0.14948075450956821,,0.14091675728559494,,0.13201859593391418,,0.14397738377253214,,0.13303381949663162,
1716202887,qslstm,extrapolation,late,2000110,62,3,59,59,2,0.08279769530605191,0.2664454992740385,0.029289945261780304,0.1711430549621582,0.06277035555560466,0.2474412222703298,0.08381603461539668,0.2674118184437186,0.01930445988299483,0.008520509799321492,0.025072216987609863,0.21849828958511353,0.36778753995895386,0.24022674560546875,0.3808656334877014,0.2474412222703298,0.24187150597572327,0.24165176351865134,0.22858932614326477,0.1953417956829071,0.2275407612323761,0.18327714006106058,0.22268053889274597,0.1605233351389567,0.20930805802345276,0.16266424457232156,0.2076089084148407,0.19207079211870828,0.20782354474067688,0.2616734802722931,0.20838472247123718,0.31503400206565857,,0.22838344176610312,0.14816954555147785,0.08021389621462527,0.13520238548517227,0.12843702733516693,0.14169149100780487,0.13484983146190643,0.22838344176610312,0.15115295350551605,0.16751555601755777,0.11887383460998535,0.15374148388703665,0.12357261776924133,0.16718258460362753,0.1335325688123703,0.14927585422992706,0.11695495247840881,0.15537202854951224,0.13101622462272644,0.15271847695112228,0.11604350060224533,0.14888041963179907,0.1139962449669838,0.1583690494298935,
1716202887,qslstm,extrapolation,late,2000111,62,1,61,60,1,0.037056625244572663,0.16713821984106494,0.1095114264444561,0.3309251070022583,0.11752623941676177,0.34282100200653076,0.03573745124174989,0.164258174231795,0.020449470480283102,0.011776227217454176,-0.03137844800949097,0.17487069964408875,0.17487069964408875,0.2086799442768097,0.2086799442768097,0.34282100200653076,0.34282100200653076,0.3374175429344177,0.3374175429344177,0.3408368229866028,0.3408368229866028,0.3379215598106384,0.3379215598106384,0.3454797863960266,0.3454797863960266,0.32835882902145386,0.32835882902145386,0.29099565744400024,0.29099565744400024,0.33022892475128174,0.33022892475128174,,,0.11758893728256226,0.13559812295143722,-0.018009185668874966,0.12332499772310257,0.12332499772310257,0.1125255897641182,0.1125255897641182,0.11758893728256226,0.11758893728256226,0.11383498460054398,0.11383498460054398,0.1176191046833992,0.1176191046833992,0.1188168153166771,0.1188168153166771,0.1174200102686882,0.1174200102686882,0.11688701063394547,0.11688701063394547,0.11528825759887695,0.11528825759887695,0.11581931263208389,0.11581931263208389,,
1716202887,qslstm,extrapolation,late,2000112,62,3,59,59,2,0.16525167831670187,0.39208081653041227,0.15234505182593594,0.3903140425682068,0.08962772646767814,0.2775791982809703,0.16909696400394034,0.39790293271258725,0.018761692915932607,0.011131827647869404,0.04548512399196625,0.2479126900434494,0.4452945291996002,0.24712106585502625,0.43578997254371643,0.2775791982809703,0.36924391984939575,0.3219250738620758,0.39001375436782837,0.2727768123149872,0.38894474506378174,0.2578085660934448,0.3813977837562561,0.28607508540153503,0.3938855528831482,0.3889288504918416,0.39619964361190796,0.39429396390914917,0.39037156105041504,0.41511895259221393,0.3658342957496643,0.41719797253608704,,0.19044076154629389,0.13173035683773332,0.058710404708560565,0.15902085974812508,0.11573212593793869,0.1193321980535984,0.11016794294118881,0.19044076154629389,0.11357565969228745,0.16586254288752875,0.12108611315488815,0.1897808238863945,0.1120794340968132,0.15843118478854498,0.12049141526222229,0.15104234963655472,0.11619634181261063,0.1302428419391314,0.11301151663064957,0.13228585571050644,0.11408982425928116,0.1256645048658053,0.11923403292894363,0.15810348093509674,
1716202887,qslstm,extrapolation,late,2000113,62,7,55,55,6,0.07413796780807416,0.2543691906236833,0.04338896218957089,0.2083001732826233,0.062042541854414476,0.23493631396974837,0.07567738565672176,0.25684246583418413,0.01938115195794539,0.014141440391540527,0.024964059392611187,0.2374708503484726,0.18799960613250732,0.2393794705470403,0.2036312222480774,0.23493631396974837,0.19415873289108276,0.24420873182160513,0.2083001732826233,0.2908083001772563,,0.26279465357462567,,0.27555256088574726,,0.2416244993607203,,0.2283959686756134,,0.27674513558546704,,0.2600599726041158,,0.1744365394115448,0.14398784705183723,0.03044869235970757,0.1591665248076121,0.11609186977148056,0.14959648748238882,0.11894210427999496,0.1744365394115448,0.12089508771896362,0.14649612562997,0.1131054237484932,0.15284244095285734,,0.13981716707348824,,0.1370057798922062,,0.13341785843173662,,0.14382780839999518,,0.14484205717841783,,0.13711306576927504,
1716202887,qslstm,extrapolation,late,2000114,62,3,59,58,3,0.09266063549324398,0.2573375692290644,0.038556474010963626,0.19635802507400513,0.10512061632463339,0.26181672637661296,0.0920270771458852,0.25710981547579925,0.022496122738410687,0.009000986814498901,0.01638108491897583,0.3173646243909995,0.49673791602253914,0.3654092860718568,0.5355923362076283,0.26181672637661296,0.1872069239616394,0.2630905769765377,0.19778668880462646,0.2957855723798275,0.1906917691230774,0.2721785766383012,0.20010906457901,0.28881465022762615,0.18781989812850952,0.2970300776263078,0.20019590854644775,0.2745759151875973,0.19635802507400513,0.32938180305063725,,0.17653414607048035,,0.1556380291779836,0.12999986693010493,0.025638162247878682,0.14229635645945868,0.12294868379831314,0.13765444358189902,0.11819421499967575,0.1556380291779836,0.12948769330978394,0.13616335143645605,0.11856485158205032,0.1287277787923813,0.11792819947004318,0.129852664967378,0.1357024908065796,0.12838464975357056,0.11763227730989456,0.1267880524198214,0.11582271009683609,0.12443619221448898,0.12820513546466827,0.12781070545315742,,0.12759144604206085,
1716202887,qslstm,extrapolation,late,2000115,62,4,58,57,4,0.11811243616004186,0.33720922097563744,0.10521115804852244,0.32436269521713257,0.10422932683263027,0.3171744514256716,0.11906989197572541,0.3385909292204627,0.022703865118194045,0.014558064937591552,0.10736288130283356,0.2641507759690285,0.41583579033613205,0.2795593310147524,0.4101174995303154,0.3171744514256716,0.30480802059173584,0.3019534479826689,0.29632437229156494,0.3250445555895567,0.33579081296920776,0.3540061991661787,0.33398300409317017,0.3512184526771307,0.31765663623809814,0.3507908160487811,,0.38043605039517087,,0.38786934564510983,,0.3626491203904152,,0.2049432247877121,0.1376441245705917,0.0672991002171204,0.17367219179868698,0.11291176080703735,0.2076145652681589,0.11426380276679993,0.2049432247877121,0.11451984196901321,0.1984410509467125,0.11778566241264343,0.16888713277876377,0.1124599277973175,0.14095514826476574,0.1121940091252327,0.14606410264968872,0.11420941352844238,0.13676412651936212,,0.12225041538476944,,0.12761410574118295,,0.1325287421544393,
1716202887,qslstm,extrapolation,late,2000116,62,3,59,59,2,0.18956732674653834,0.4317737075710489,0.25026546011254514,0.5002653896808624,0.1285164790935507,0.3364175794025262,0.1926716071356733,0.43662232425758396,0.018506308228282604,0.015564744289104756,0.05486908555030823,0.40838606283068657,0.40838606283068657,0.3108928855508566,0.3966262452304363,0.3364175794025262,0.5092036426067352,0.3495833749572436,0.46662500500679016,0.3681870276729266,0.486567884683609,0.38393280655145645,0.4953707158565521,0.41045348594586056,0.5017629265785217,0.47127678742011386,0.493023157119751,0.4290149286389351,0.47777795791625977,0.4849734182159106,0.49905580282211304,0.48220015689730644,,0.2106162185470263,0.124549822534545,0.08606639601248131,0.11378975957632065,0.11378975957632065,0.2027648501098156,0.11326175183057785,0.2106162185470263,0.1109272763133049,0.21309969574213028,0.10968955606222153,0.20244437952836355,0.11471119523048401,0.1546725332736969,0.11448308825492859,0.14484965801239014,0.11158257722854614,0.13299229244391123,0.11715686321258545,0.14163226137558618,0.11307280510663986,0.1220642700791359,0.11376646906137466,0.12280774489045143,
1716202887,qslstm,extrapolation,late,2000117,62,5,57,56,5,0.07197747967816248,0.23528538548177289,0.14774316005571464,0.3843737244606018,0.07105754789409931,0.25171715021133423,0.07205817544869435,0.23384400261075874,0.021951402936662947,0.014373458348787747,0.04742445945739746,0.28262563347816466,0.09968209266662598,0.29333956241607667,0.07453811168670654,0.25171715021133423,0.350114643573761,0.24479590058326722,0.36178475618362427,0.2916219860315323,0.37465351819992065,0.3020266979932785,0.3535569906234741,0.29451073706150055,0.34152722358703613,0.2815169870853424,0.3514641523361206,0.2696588754653931,0.38256967067718506,0.2159063845872879,0.39930570125579834,0.10521037876605988,,0.14608155488967894,0.13167624685325122,0.014405308036427728,0.14405476450920104,0.11999714374542236,0.14305070787668228,0.11369282752275467,0.14608155488967894,0.12447255849838257,0.14097680002450944,0.115426205098629,0.13291164636611938,0.1126122772693634,0.1263567477464676,0.1210617944598198,0.12671196907758714,0.12012820690870285,0.1311632588505745,0.11390891671180725,0.12860568463802338,0.11565215140581131,0.12426873296499252,0.11820774525403976,0.12728225998580456,
1716202887,qslstm,extrapolation,late,2000118,62,7,55,55,6,0.06804258080386591,0.2404049181890103,0.1444299465802948,0.38003940135240555,0.08007791755464685,0.2635295955198152,0.06651081067194832,0.23746177743781696,0.015571968121962114,0.008256578019687108,0.06855381031831105,0.19910601377487183,0.1950175166130066,0.2068860282500585,0.19717413187026978,0.2635295955198152,0.4089018478989601,0.2569673966084208,0.3996945396065712,0.2829552899513926,0.38451332598924637,0.30481390974351336,0.3999226465821266,0.2522117208157267,0.390781469643116,0.24039842933416367,0.3988327756524086,0.22657437090362822,0.3953980579972267,0.20611431023904256,0.3844521716237068,0.16642525792121887,,0.17258625158241817,0.1233161678368395,0.04927008374557866,0.1638457417488098,0.11461877822875977,0.18933446581164995,0.11191702634096146,0.17258625158241817,0.11323404312133789,0.16980410792997905,0.11236277967691422,0.1600613636629922,0.11222046613693237,0.14474976807832718,0.11051427572965622,0.14225038353885924,0.11067810654640198,0.12837174641234533,0.11118177324533463,0.1353780542101179,0.11430656164884567,0.1243343534214156,0.11258514970541,0.11925282329320908,
1716202887,qslstm,extrapolation,late,2000119,62,5,57,57,4,0.0978203565851334,0.23148751583310864,0.0030303302979470814,0.05504843592643738,0.09492723842183405,0.23667618185281752,0.09807413888015964,0.23103236969102892,0.02057512496647082,0.009128868579864502,0.0069921016693115234,0.3375055678188801,0.45446161180734634,0.3456489685922861,0.4723013639450073,0.23667618185281752,0.045474857091903687,0.1948077991604805,0.042314380407333374,0.20924682170152664,0.05399081110954285,0.2052547886967659,0.043680340051651,0.19826166182756425,0.05504843592643738,0.1617767537633578,,0.1755537415544192,,0.16032053281863531,,0.15450329830249152,,0.1692342758178711,0.14294185502487317,0.026292420792997928,0.13819312676787376,0.11332136392593384,0.14602932333946228,0.11437523365020752,0.1692342758178711,0.11621325463056564,0.19936927855014802,0.11919651180505753,0.15270058661699296,0.11179753392934799,0.1488613963127136,0.11237826943397522,0.14350742995738983,0.11517836898565292,0.14752247432867685,,0.13005751619736353,,0.13104894012212753,,0.13186137626568475,
1716202887,qslstm,extrapolation,late,2000120,62,3,59,58,3,0.12095030937049772,0.31330620371285944,0.008251653271290849,0.09083861112594604,0.10774376237354277,0.29402440320700407,0.12162182870932593,0.3142866342470555,0.020745103215349132,0.0008426308631896973,0.011651337146759033,0.3357239815716942,0.4322835663333535,0.3328007909779747,0.42476041708141565,0.29402440320700407,0.08932989835739136,0.311230625025928,0.0909268856048584,0.29939408631374437,0.09083861112594604,0.4233964611776173,,0.3978399415500462,,0.40571145014837384,,0.4284280021674931,,0.45386354718357325,,0.4434690782800317,,0.13696260750293732,0.13724452724396172,-0.0002819197410244001,0.1324903666973114,0.124697744846344,0.1270512988169988,0.11838028579950333,0.13696260750293732,0.13948757946491241,0.11929631481568019,0.11484593898057938,0.1205587883790334,0.11603962630033493,0.1320212297141552,,0.11961540579795837,,0.12872347608208656,,0.12420957535505295,,0.1232486292719841,,0.1185203306376934,
1716202887,qslstm,extrapolation,late,2000121,62,3,59,58,3,0.10088439359089468,0.30459878329307805,0.16272810076305078,0.40339571237564087,0.1034669342594136,0.31139644980430603,0.10075307796368185,0.3042531392331851,0.02066587579661402,0.014850298563639322,0.0395394762357076,0.1972670058409373,0.2148396372795105,0.22537261247634888,0.21410301327705383,0.31139644980430603,0.42411917448043823,0.3084680736064911,0.426383912563324,0.28363220890363056,0.41560590267181396,0.29320483406384784,0.4379550814628601,0.2962118188540141,0.43663227558135986,0.305880069732666,0.4129723906517029,0.3138863841692607,0.4472733736038208,0.3790182073911031,0.40339571237564087,0.37081313133239746,,0.144745464126269,0.1468661312582129,-0.002120667131943893,0.16269727796316147,0.12127289175987244,0.175920769572258,0.11782173067331314,0.144745464126269,0.1159326359629631,0.15385825435320535,0.11755385249853134,0.1345172847310702,0.11715943366289139,0.14878100156784058,0.11666832119226456,0.12733222295840582,0.11687508225440979,0.11977910995483398,0.11552248150110245,0.1301096404592196,0.11728432029485703,0.12087608128786087,0.11184608936309814,0.11972140520811081,
1716202887,qslstm,extrapolation,late,2000122,62,2,60,59,2,0.08163467817030831,0.2813119518180047,0.025980804808924063,0.161185622215271,0.06842751341628928,0.24574057757854462,0.08207491699544228,0.2824976642926534,0.018983475232528427,0.0051059722900390625,0.11197897791862488,0.280057817697525,0.280057817697525,0.1592511385679245,0.30107614398002625,0.24574057757854462,0.15607964992523193,0.2239961177110672,0.161185622215271,0.23417046666145325,,0.19146808981895447,,0.24464336037635803,,0.29576948285102844,,0.2907179892063141,,0.24622228741645813,,0.2667875587940216,,0.222026776522398,0.1386341370642185,0.08339263945817948,0.11672120541334152,0.11672120541334152,0.1900205947458744,0.11590857058763504,0.222026776522398,0.1231563612818718,0.20798707008361816,0.11871951818466187,0.32376083731651306,,0.20445282757282257,,0.17505551874637604,,0.14394031465053558,,0.1727222204208374,,0.14572425186634064,,0.13599719107151031,
1716202887,qslstm,extrapolation,late,2000123,62,8,54,54,7,0.0966602206189067,0.3000431492203666,0.037823189851224015,0.19448184967041016,0.06677666469000632,0.2505782591179013,0.1010874140898549,0.30737128108739853,0.016420761744181316,0.008549213409423828,0.046092484678540914,0.22700545298201696,0.392639584839344,0.259628778057439,0.375783272087574,0.2505782591179013,0.18593263626098633,0.22794969845563173,0.19448184967041016,0.2509655069027628,,0.23938675969839096,,0.26214577151196344,,0.2415112139923232,,0.26701374245541437,,0.28532978147268295,,0.2783657227243696,,0.17034997791051865,0.13158459492303706,0.038765382987481584,0.1531589733702796,0.11509808152914047,0.14560645180089132,0.11855294555425644,0.17034997791051865,0.11517181992530823,0.1480032242834568,0.11603611707687378,0.14136250210659845,,0.14895167521068028,,0.15143862260239466,,0.1428703016468457,,0.13510544065918242,,0.1436701672417777,,0.13043678445475443,
1716202887,qslstm,extrapolation,late,2000124,62,3,59,58,3,0.07533144116320667,0.25038721460488533,0.05493253469830961,0.2343769073486328,0.12513866433610477,0.3372912754615148,0.07279887049339828,0.24596836405285336,0.01998596664132743,0.008549336876188005,0.011944582064946493,0.2533018539349238,0.25949709117412567,0.25348274409770966,0.28684864938259125,0.3372912754615148,0.25218814611434937,0.31220075984795886,0.23754411935806274,0.3181518266598384,0.22795218229293823,0.3285997062921524,0.22561627626419067,0.33405114710330963,0.23326045274734497,0.32615988949934643,0.2371545433998108,0.26020094752311707,0.2188969850540161,0.2679490347703298,0.23945045471191406,0.2851565331220627,,0.1205796351035436,0.132586247208765,-0.012006612105221401,0.12247170507907867,0.11306910961866379,0.1227785274386406,0.1131984069943428,0.1205796351035436,0.11397654563188553,0.13024775187174478,0.13058380782604218,0.12200249979893367,0.11739039421081543,0.12129759788513184,0.11336534470319748,0.121195487678051,0.11295277625322342,0.11991391082604726,0.11437154561281204,0.12973791112502417,0.11304805427789688,0.12007088462511699,0.11342083662748337,0.11715604364871979,
1716202887,qslstm,extrapolation,late,2000125,62,4,58,58,3,0.10549275357166302,0.30679799424063775,0.25050549403765476,0.5005052387714386,0.10446547867620248,0.3074965178966522,0.10556360011617753,0.3067498201953954,0.020027951433740813,0.010759613730690697,0.05381943782170614,0.24789270758628845,0.19674614071846008,0.24014566342035928,0.198541522026062,0.3074965178966522,0.4753837287425995,0.3273758068680763,0.5116134583950043,0.35453588515520096,0.5042431652545929,0.3696621209383011,0.5039008557796478,0.3813363239169121,0.4938115179538727,0.36571135371923447,0.4845425486564636,0.3482417166233063,0.49958863854408264,0.27213459213574726,,0.28535735607147217,,0.19317749701440334,0.13423156571285477,0.05894593130154857,0.1697989801565806,0.11927831918001175,0.16353115191062292,0.12256088107824326,0.19317749701440334,0.12352363020181656,0.1970084272325039,0.11763081699609756,0.1914855893701315,0.11589968204498291,0.1794054787606001,0.12230908125638962,0.17310008965432644,0.13299916684627533,0.1371296476572752,0.1177288219332695,0.13152162916958332,0.1151224747300148,0.13533815989891687,,0.12632965793212256,
1716202887,qslstm,extrapolation,early,2000126,62,3,59,59,2,0.16961407387773728,0.40386282514420246,0.15638255258046463,0.3954523392021656,0.13795084824648393,0.3183553380270799,0.17122406840136034,0.40821066347219176,0.015549406661825665,0.01466567867568561,0.03291180729866028,0.25309062004089355,0.09755837917327881,0.22763273119926453,0.06759786605834961,0.3183553380270799,0.4941059835255146,0.3125963471829891,0.4525630660355091,0.18987363204360008,0.44968586042523384,0.3465684875845909,0.4480411000549793,0.3279041076699893,0.4635513909161091,0.4567250497639179,0.46957098320126534,0.4712217338383198,0.5069324262440205,0.46903246516982716,0.47068243101239204,0.44183795526623726,0.40021010115742683,0.24742412567138672,0.15054736463195187,0.09687676103943485,0.2816914990544319,0.205475851893425,0.4117514491081238,0.41586652398109436,0.24742412567138672,0.16115544736385345,0.2725558876991272,0.2045554369688034,0.2762679060300191,0.18972741067409515,0.1839744597673416,0.1852920800447464,0.2548588713010152,0.1441546529531479,0.185570498307546,0.16686397790908813,0.18151413897673288,0.18484394252300262,0.18898649017016092,0.24558639526367188,0.17399324476718903,0.13252680003643036
1716202887,qslstm,extrapolation,early,2000127,62,1,61,61,0,0.13322661182414086,0.36289934477498453,0.1224733986992419,0.3499619960784912,0.12687825574744238,0.3561997413635254,0.13333068323523428,0.36300917433910684,0.020290741177855946,0.020290741177855946,,,,,,0.3561997413635254,0.3561997413635254,0.24655777215957642,0.24655777215957642,0.2175571322441101,0.2175571322441101,0.33314311504364014,0.33314311504364014,0.3520424962043762,0.3520424962043762,0.40963420271873474,0.40963420271873474,0.4499543011188507,0.4499543011188507,0.3904024660587311,0.3904024660587311,0.37028586864471436,0.37028586864471436,0.37010836601257324,0.1481865418494725,0.22192182416310074,,,,,0.37010836601257324,0.37010836601257324,0.414959579706192,0.414959579706192,0.4035472571849823,0.4035472571849823,0.2724192440509796,0.2724192440509796,0.29383325576782227,0.29383325576782227,0.2194560319185257,0.2194560319185257,0.1791772097349167,0.1791772097349167,0.14432865381240845,0.14432865381240845,0.1543765515089035,0.1543765515089035
1716202887,qslstm,extrapolation,early,2000128,62,1,61,60,1,0.08440649771365896,0.28913753684009275,0.10139930606579745,0.3184325769543648,0.09324747603169042,0.3053644970059395,0.08426156364287156,0.288871521099669,0.02002375920613607,0.01843627773482224,0.07615390419960022,0.17708063125610352,0.17708063125610352,0.26323580741882324,0.26323580741882324,0.3053644970059395,0.3053644970059395,0.3252350762486458,0.3252350762486458,0.287374384701252,0.287374384701252,0.3559354916214943,0.3559354916214943,0.2814827933907509,0.2814827933907509,0.36273787170648575,0.36273787170648575,0.3481370881199837,0.3481370881199837,0.28625426441431046,0.28625426441431046,0.26663685590028763,0.26663685590028763,0.20365731418132782,0.13007470391324308,0.07358261026808474,0.22198744118213654,0.22198744118213654,0.25016412138938904,0.25016412138938904,0.20365731418132782,0.20365731418132782,0.18969087302684784,0.18969087302684784,0.1911199539899826,0.1911199539899826,0.130048468708992,0.130048468708992,0.1349722295999527,0.1349722295999527,0.12299048900604248,0.12299048900604248,0.13188476860523224,0.13188476860523224,0.11793913692235947,0.11793913692235947,0.14633004367351532,0.14633004367351532
1716202887,qslstm,extrapolation,early,2000129,62,2,60,60,1,0.05291333724859329,0.22810640618685754,0.041106026675979734,0.2027462124824524,0.03134165076008888,0.17466213554143906,0.05363239346487677,0.22988788187503814,0.017344101766745248,0.015765666961669922,0.04601919651031494,0.3269626349210739,0.3269626349210739,0.3297922760248184,0.3297922760248184,0.17466213554143906,0.1457694172859192,0.2700318321585655,0.21310102939605713,0.2501618340611458,0.17053139209747314,0.16009396314620972,0.17441850900650024,0.21875359117984772,0.2244061529636383,0.21346524357795715,0.25251197814941406,0.23261599242687225,0.19722849130630493,0.212251678109169,0.2159225046634674,0.2559594213962555,0.25835996866226196,0.24833528697490692,0.12366313127179941,0.12467215570310751,0.22608880698680878,0.22608880698680878,0.2522617280483246,0.2522617280483246,0.24833528697490692,0.20222502946853638,0.19536401331424713,0.16463921964168549,0.21231411397457123,0.17236649990081787,0.16929925233125687,0.13637347519397736,0.15840940177440643,0.15217958390712738,0.12861637026071548,0.12085926532745361,0.13385441899299622,0.1251753717660904,0.12438753619790077,0.12079309672117233,0.1253329999744892,0.12227875739336014
1716202887,qslstm,extrapolation,early,2000130,62,3,59,59,2,0.06073900093111525,0.2441473637497233,0.049904915424276775,0.22339408099651337,0.05906848780257227,0.23526751125852266,0.06082394227663439,0.24459888167300467,0.018368551286600403,0.017773493096746248,0.09900577366352081,0.3159799873828888,0.3159799873828888,0.24214478768408298,0.2630980610847473,0.23526751125852266,0.16863103210926056,0.24033803244431814,0.1419360488653183,0.208013117313385,0.19231025874614716,0.15976818899313608,0.1687374860048294,0.1713318477074305,0.1797492355108261,0.17964094380537668,0.19043610990047455,0.19594532748063406,0.22758661210536957,0.24708141386508942,0.22618742287158966,0.228399857878685,0.21864919364452362,0.24934887886047363,0.12763709082441815,0.12171178803605548,0.2032054215669632,0.2032054215669632,0.3036211282014847,0.26385295391082764,0.24934887886047363,0.20145191252231598,0.22500773270924887,0.20796482264995575,0.21210116147994995,0.17099861800670624,0.2111481378475825,0.22402767837047577,0.19047018885612488,0.19244712591171265,0.19305393596490225,0.1626870036125183,0.16728129982948303,0.1294093281030655,0.12681696812311807,0.12757259607315063,0.12601144363482794,0.12624913454055786
1716202887,qslstm,extrapolation,early,2000131,62,1,61,61,0,0.16814648180876046,0.40811081134503885,0.16069347975430048,0.40086591243743896,0.16168572561993244,0.40210163593292236,0.1682523958446429,0.4082093224173687,0.025073759868496755,0.025073759868496755,,,,,,0.40210163593292236,0.40210163593292236,0.34493696689605713,0.34493696689605713,0.28217023611068726,0.28217023611068726,0.23676884174346924,0.23676884174346924,0.3315420150756836,0.3315420150756836,0.4058222770690918,0.4058222770690918,0.43876850605010986,0.43876850605010986,0.4278559684753418,0.4278559684753418,0.4254150390625,0.4254150390625,0.28828302025794983,0.1468678159547634,0.14141520430318644,,,,,0.28828302025794983,0.28828302025794983,0.25857868790626526,0.25857868790626526,0.20152276754379272,0.20152276754379272,0.19502097368240356,0.19502097368240356,0.22046194970607758,0.22046194970607758,0.18307363986968994,0.18307363986968994,0.15118193626403809,0.15118193626403809,0.18553559482097626,0.18553559482097626,0.1324697881937027,0.1324697881937027
1716202887,qslstm,extrapolation,early,2000132,62,2,60,60,1,0.10930007903722636,0.31943285705581786,0.12236806072929429,0.34981146454811096,0.05262229573317301,0.22082780301570892,0.1111893384806948,0.3227196921904882,0.023989556233088176,0.01834458644901003,0.14668908715248108,0.008124887943267822,0.008124887943267822,0.014236152172088623,0.014236152172088623,0.22082780301570892,0.28293558955192566,0.16657868027687073,0.29993778467178345,0.19751642644405365,0.30869224667549133,0.16039422154426575,0.31266355514526367,0.15337665379047394,0.29251715540885925,0.3127276450395584,0.3255175054073334,0.32116076350212097,0.32965797185897827,0.32752683758735657,0.34670573472976685,0.356532484292984,0.3686875104904175,0.28221839666366577,0.1419777790705363,0.14024061759312947,0.17213697731494904,0.17213697731494904,0.1667681336402893,0.1667681336402893,0.28221839666366577,0.18924415111541748,0.19256874918937683,0.1428912729024887,0.22725825756788254,0.13288266956806183,0.16236554086208344,0.15259410440921783,0.15340502560138702,0.14004191756248474,0.13852135837078094,0.13415144383907318,0.13862107321619987,0.12464804202318192,0.12562426552176476,0.11752761155366898,0.12884167209267616,0.137363463640213
1716202887,qslstm,extrapolation,early,2000133,62,6,56,56,5,0.04777888177735291,0.21388382957346977,0.047851158306856156,0.21874907612800598,0.06573730344141546,0.24991132194797197,0.04585476517048907,0.21002374110477312,0.017285105905362537,0.014174268891414007,0.054324156045913695,0.24418277852237225,0.2895120680332184,0.2726977035403252,0.23858541250228882,0.24991132194797197,0.2100822627544403,0.24608825768033663,0.19276928901672363,0.2765339861313502,0.19072142243385315,0.2525976908703645,0.20443522930145264,0.27203720559676486,0.21000689268112183,0.2683239405353864,0.19222474098205566,0.24167153735955557,0.161597341299057,0.19492733478546143,0.14742648601531982,0.1814344177643458,0.1593426764011383,0.16509661823511124,0.13670571401183093,0.028390904223280305,0.15948493406176567,0.1371472328901291,0.16724076867103577,0.12660904228687286,0.16509661823511124,0.13343782722949982,0.16084581116835275,0.12517400085926056,0.14316806569695473,0.12325840443372726,0.15424222499132156,0.1549205332994461,0.14596667140722275,0.13533498346805573,0.1332525536417961,0.1313820779323578,0.1364626350502173,0.12413964420557022,0.1307829978565375,0.1196679174900055,0.13164586449662843,0.11953099817037582
1716202887,qslstm,extrapolation,early,2000134,62,2,60,59,2,0.016751020814471405,0.0813044554463798,0.0012534028884694237,0.035403430461883545,0.0788733348783713,0.2281460938975215,0.014680277012341406,0.07640973416467507,0.018360159154665674,0.013440434839211259,0.04334050416946411,0.24639758747071028,0.4433418568223715,0.26067041140049696,0.46463642083108425,0.2281460938975215,0.06436973810195923,0.22839810233563185,0.07137560844421387,0.24076423328369856,0.08741578459739685,0.2549643097445369,0.06658676266670227,0.252222734503448,0.03980904817581177,0.04563167691230774,0.01988774538040161,0.06880970299243927,0.07103264331817627,0.06650499999523163,0.05088290572166443,0.06571193039417267,0.07143741846084595,0.29176289588212967,0.15471080305675666,0.137052092825373,0.27942683547735214,0.22355206310749054,0.2722601667046547,0.22916071116924286,0.29176289588212967,0.1883731335401535,0.20111346244812012,0.18239407241344452,0.26538780331611633,0.2550911009311676,0.19493886083364487,0.1663256585597992,0.22406809031963348,0.2189754694700241,0.1937619000673294,0.2051297277212143,0.14976026117801666,0.13319486379623413,0.1446533128619194,0.1247723400592804,0.12314026430249214,0.11852019280195236
1716202887,qslstm,extrapolation,early,2000135,62,3,59,59,2,0.25853047668568124,0.49978795471871573,0.31630044936738744,0.5624059471301734,0.11216243341156677,0.3107758473294477,0.265972919564026,0.5093987398402039,0.021495689780025157,0.01889705814813313,0.07166512310504913,0.13463421165943146,0.19114550948143005,0.25267522037029266,0.3142049312591553,0.3107758473294477,0.46190890995785594,0.33037996509422857,0.45110807148739696,0.3597297888870041,0.43693578569218516,0.41437116482605535,0.49197277752682567,0.49899214832112193,0.5430947574786842,0.4653032752685249,0.47129619447514415,0.5444527301006019,0.5691229137592018,0.5074295930874845,0.4753033253364265,0.5079079799664518,0.5201669367961586,0.29852132002512616,0.13101245614431672,0.16750886388080943,0.3023112118244171,0.2937256991863251,0.2766807973384857,0.25963589549064636,0.29852132002512616,0.30861788988113403,0.2646702577670415,0.17449615895748138,0.2046008457740148,0.14558067917823792,0.1810410569111506,0.13790659606456757,0.19487605492273966,0.1381036788225174,0.14392517507076263,0.14285683631896973,0.13481287161509195,0.13570083677768707,0.13433051109313965,0.1413572132587433,0.12980174273252487,0.12187502533197403
1716202887,qslstm,extrapolation,early,2000136,62,2,60,59,2,0.031185722742013342,0.17038454764312314,0.021103318032547946,0.14526981115341187,0.05602376436317691,0.2152402698993683,0.03035778802130789,0.1688893569012483,0.020998735043962123,0.018686714925264056,0.0891268402338028,0.34311792254447937,0.36236999928951263,0.33803772181272507,0.3137054443359375,0.2152402698993683,0.11677509546279907,0.11466115713119507,0.11254721879959106,0.13404309749603271,0.15553897619247437,0.18123209476470947,0.20692521333694458,0.21863946318626404,0.2303537130355835,0.20093491673469543,0.22141814231872559,0.1928183138370514,0.21074128150939941,0.20172923803329468,0.19775527715682983,0.1375604271888733,0.1330379843711853,0.18687447905540466,0.1286028042435646,0.05827167481184006,0.21003331989049911,0.19067780673503876,0.17399078607559204,0.15730376541614532,0.18687447905540466,0.216445192694664,0.18430425971746445,0.1521633267402649,0.1436319723725319,0.1351006180047989,0.1442873328924179,0.15347404778003693,0.1755567342042923,0.19763942062854767,0.13783737272024155,0.1315888911485672,0.1344769299030304,0.14046122133731842,0.14960169047117233,0.17012004554271698,0.12451965734362602,0.1321137696504593
1716202887,qslstm,extrapolation,early,2000137,62,3,59,58,3,0.13659893459429814,0.364654972668617,0.13901170063650525,0.3728427290916443,0.13994358555226563,0.36170456806818646,0.13642886759643538,0.36480499324152027,0.020679856168812717,0.014752178142468134,0.0846298336982727,0.35327209532260895,0.22047287225723267,0.2534950574239095,0.1848934292793274,0.36170456806818646,0.4395042657852173,0.4013165334860484,0.4217475652694702,0.40461597839991253,0.3857855796813965,0.36267008384068805,0.3605612516403198,0.35186625520388287,0.34905457496643066,0.35490240653355914,0.3979518413543701,0.35329659779866535,0.36359941959381104,0.40543538331985474,0.3788500428199768,0.357244610786438,0.3522568941116333,0.23519800106684366,0.16004972892292477,0.07514827214391889,0.29665032029151917,0.28805646300315857,0.285667027036349,0.23137694597244263,0.23519800106684366,0.15827833116054535,0.2434309422969818,0.1785377413034439,0.21418513357639313,0.19073112308979034,0.22997386753559113,0.18130505084991455,0.2785828560590744,0.24244792759418488,0.1614419867595037,0.13753823935985565,0.19004037976264954,0.1546630561351776,0.15259085595607758,0.16195599734783173,0.17095754543940225,0.12105396389961243
1716202887,qslstm,extrapolation,early,2000138,62,0,62,61,0,0.11348950088823792,0.32086626368184246,0.16558756169139688,0.4069245159626007,,,0.11348950088823792,0.32086626368184246,0.025456237499831152,0.025456237499831152,,,,,,,,,,,,,,,,,,,,,,,,,0.13045541713795356,,,,,,,,,,,,,,,,,,,,,,,
1716202887,qslstm,extrapolation,early,2000139,62,3,59,58,3,0.14984905592540798,0.3760670171149315,0.16966946545825778,0.4119095355272293,0.08509584372567695,0.28702205419540405,0.15314159213895365,0.3805947270938906,0.020708922682137323,0.015336682773985953,0.04319151242574056,0.19938870767752329,0.2319861203432083,0.2591070085763931,0.3569612503051758,0.28702205419540405,0.27211879193782806,0.31821999947230023,0.3255799561738968,0.3075436403354009,0.32493217289447784,0.3207961767911911,0.31187640130519867,0.31753723323345184,0.315803125500679,0.3450922320286433,0.3719550520181656,0.39415180186430615,0.40467406809329987,0.41122110188007355,0.40579862892627716,0.43726662298043567,0.43414516746997833,0.24422543247540793,0.1526387893294884,0.09158664314591952,0.2566733757654826,0.31902214884757996,0.22348005572954813,0.17161279916763306,0.24422543247540793,0.24204134941101074,0.18537243207295737,0.14246314764022827,0.17515058815479279,0.14094726741313934,0.15111488103866577,0.1699342280626297,0.16554633776346842,0.18575751781463623,0.15657551089922586,0.14180611073970795,0.13899925847848257,0.1370605081319809,0.16198180119196573,0.15274934470653534,0.16600297391414642,0.15463270246982574
1716202887,qslstm,extrapolation,early,2000140,62,3,59,58,3,0.19112580097438422,0.4305028747166357,0.2482506645693272,0.49824759364128113,0.10299693043254443,0.2988675634066264,0.19560692998498627,0.43719619563070394,0.021348200481513452,0.013457932034317327,0.07554917534192403,0.197363018989563,0.32419687509536743,0.2079253395398458,0.3370040953159332,0.2988675634066264,0.4483916461467743,0.37085050344467163,0.4339522421360016,0.42794771989186603,0.4367659091949463,0.43623114625612897,0.4261607527732849,0.4283639093240102,0.4307471811771393,0.38848339517911273,0.4356502592563629,0.3618718981742859,0.424414724111557,0.43501271804173786,0.4421114921569824,0.4411361912886302,0.43629005551338196,0.1762730578581492,0.13053285178996749,0.045740206068181716,0.25030141075452167,0.14195719361305237,0.22452710072199503,0.12924888730049133,0.1762730578581492,0.14781320095062256,0.14783438046773276,0.12599347531795502,0.1470972796281179,0.13923494517803192,0.1418734391530355,0.12924276292324066,0.1626839886109034,0.14823408424854279,0.14900962760051092,0.12386307865381241,0.12993552287419638,0.11860048770904541,0.1295170783996582,0.12007352709770203,0.12076167513926823,0.1159919798374176
1716202887,qslstm,extrapolation,early,2000141,62,2,60,59,2,0.09098439297732205,0.2992034268475348,0.1191489271232058,0.34517955780029297,0.11515116394469571,0.3337872698903084,0.09017883394507627,0.2980506320794423,0.017778247594833374,0.01710250511251647,0.12190796434879303,0.3460128903388977,0.37449854612350464,0.38470932096242905,0.39492009580135345,0.3337872698903084,0.2726544439792633,0.29894721508026123,0.32523998618125916,0.3583168387413025,0.3913936913013458,0.3918631821870804,0.39233267307281494,0.3810196965932846,0.3697067201137543,0.3220943808555603,0.3038325905799866,0.3009067624807358,0.31220725178718567,0.23580968379974365,0.24474507570266724,0.23981982469558716,0.22511297464370728,0.17380937188863754,0.13234632524351278,0.04146304664512476,0.353625163435936,0.21276551485061646,0.19433396309614182,0.17590241134166718,0.17380937188863754,0.1717163324356079,0.1699153408408165,0.16811434924602509,0.17085309326648712,0.17359183728694916,0.19505999982357025,0.21652816236019135,0.18449292331933975,0.15245768427848816,0.15861967951059341,0.15981969237327576,0.14917726814746857,0.14171813428401947,0.1298769935965538,0.13167892396450043,0.12246568128466606,0.11663297563791275
1716202887,qslstm,extrapolation,early,2000142,62,6,56,56,5,0.08252971538265504,0.2849140393157159,0.10513884376825988,0.3242512047290802,0.0953223217137978,0.2976887325445811,0.0811590789900326,0.28354532218405176,0.017819229513406754,0.01618746668100357,0.07123757004737855,0.3152962140738964,0.30389900505542755,0.3092045187950134,0.43590524792671204,0.2976887325445811,0.2322096824645996,0.24855758001406988,0.23040896654129028,0.26728977014621097,0.3088376820087433,0.30373626450697583,0.2980204224586487,0.30186330775419873,0.3055000603199005,0.323969433705012,0.3157942593097687,0.299029861887296,0.28220489621162415,0.2906045615673065,0.2454436719417572,0.2821717659632365,0.2796532213687897,0.29120294004678726,0.12590731028467417,0.1652956297621131,0.23284754529595375,0.16286559402942657,0.25389030277729036,0.16559761762619019,0.29120294004678726,0.17525674402713776,0.276164469619592,0.13235177099704742,0.24391072864333788,0.12412380427122116,0.21435744936267534,0.12749581038951874,0.1643463298678398,0.12656646966934204,0.1575201948483785,0.13014037907123566,0.1405955838660399,0.12250799685716629,0.12839068720738092,0.1214938685297966,0.12112235774596532,0.11877980828285217
1716202887,qslstm,extrapolation,early,2000143,62,6,56,55,6,0.233168012380153,0.4662505179463375,0.3036611410523404,0.5510545717552304,0.10699289833222818,0.29317309039955336,0.24668677459957353,0.4847945280406358,0.022077155113220216,0.021511911711794264,0.0587652325630188,0.23877406753599645,0.24077719449996948,0.26217282346139353,0.24997344613075256,0.29317309039955336,0.41629612911492586,0.24760470368588963,0.3915515886619687,0.3723541811729471,0.43978208769112825,0.42779486036549014,0.41832444537431,0.38928528781980276,0.45663598645478487,0.3944026801424722,0.48751405347138643,0.36874378953749937,0.527453993447125,0.43443332503860194,0.5127819525077939,0.48767505555103224,0.5579184638336301,0.1650130401055018,0.15362355618604592,0.011389483919455878,0.22739316523075104,0.13119317591190338,0.2538311059276263,0.138144850730896,0.1650130401055018,0.12586261332035065,0.1866160755356153,0.1341329663991928,0.16850460196534792,0.12168475240468979,0.16906571512420973,0.11924544721841812,0.15350335836410522,0.12273476272821426,0.14082922786474228,0.12139812856912613,0.12817717840274176,0.13049134612083435,0.12719654912749925,0.13293536007404327,0.12259801228841145,0.11618337035179138
1716202887,qslstm,extrapolation,early,2000144,62,0,62,61,0,0.021895224914124677,0.14008162915706635,0.03392341098276663,0.18418309092521667,,,0.021895224914124677,0.14008162915706635,0.01797041248102657,0.01797041248102657,,,,,,,,,,,,,,,,,,,,,,,,,0.13618523795758525,,,,,,,,,,,,,,,,,,,,,,,
1716202887,qslstm,extrapolation,early,2000145,62,1,61,60,1,0.16871422840138656,0.3798141114173397,0.18464563907770426,0.42970412969589233,0.21489460169527774,0.46356725692749023,0.16795717310148672,0.3784411090319274,0.019834383328755697,0.01520136546115486,0.0418168306350708,0.04038432240486145,0.04038432240486145,0.058917105197906494,0.058917105197906494,0.46356725692749023,0.46356725692749023,0.47320064902305603,0.47320064902305603,0.4477905035018921,0.4477905035018921,0.49091148376464844,0.49091148376464844,0.46392959356307983,0.46392959356307983,0.5048082172870636,0.5048082172870636,0.4939424693584442,0.4939424693584442,0.5011825263500214,0.5011825263500214,0.45770227909088135,0.45770227909088135,0.12809531390666962,0.13025464447306806,-0.002159330566398443,0.12265946716070175,0.12265946716070175,0.12606646120548248,0.12606646120548248,0.12809531390666962,0.12809531390666962,0.1362709254026413,0.1362709254026413,0.11855369806289673,0.11855369806289673,0.13335901498794556,0.13335901498794556,0.12518323957920074,0.12518323957920074,0.11751511693000793,0.11751511693000793,0.11804010719060898,0.11804010719060898,0.1167694702744484,0.1167694702744484,0.11515498161315918,0.11515498161315918
1716202887,qslstm,extrapolation,early,2000146,62,1,61,60,1,0.05859579810521678,0.23899928600557388,0.06356743388000385,0.2521258294582367,0.06265436692089654,0.2503085434436798,0.058529264190205633,0.23881388834265413,0.022195057074228922,0.019694488937571898,0.23510777950286865,0.09005463123321533,0.09005463123321533,0.07967394590377808,0.07967394590377808,0.2503085434436798,0.2503085434436798,0.27597346901893616,0.27597346901893616,0.21076998114585876,0.21076998114585876,0.2743447721004486,0.2743447721004486,0.30186858773231506,0.30186858773231506,0.23483744263648987,0.23483744263648987,0.18546202778816223,0.18546202778816223,0.2236497402191162,0.2236497402191162,0.24079623818397522,0.24079623818397522,0.2472495287656784,0.15230075343221913,0.09494877533345927,0.4150887727737427,0.4150887727737427,0.32868459820747375,0.32868459820747375,0.2472495287656784,0.2472495287656784,0.19506530463695526,0.19506530463695526,0.15092676877975464,0.15092676877975464,0.15089544653892517,0.15089544653892517,0.14092524349689484,0.14092524349689484,0.1438768059015274,0.1438768059015274,0.2245323807001114,0.2245323807001114,0.1604783684015274,0.1604783684015274,0.17454011738300323,0.17454011738300323
1716202887,qslstm,extrapolation,early,2000147,62,4,58,58,3,0.048799871636161916,0.2077487341819271,0.03753553801107401,0.19374090433120728,0.07032434008605914,0.239174023270607,0.047315425536169006,0.2055814728654664,0.019403558352897907,0.014567352831363678,0.04055917263031006,0.315413365761439,0.30484533309936523,0.3408527970314026,0.30569207668304443,0.239174023270607,0.15598100423812866,0.28543683141469955,0.1451461911201477,0.2917574495077133,0.15565723180770874,0.18243704736232758,0.17677956819534302,0.20143818110227585,0.17633706331253052,0.2068043202161789,0.19584351778030396,0.25463947653770447,0.18774479627609253,0.2091677337884903,0.1821189522743225,0.1950332224369049,0.19803887605667114,0.19107189029455185,0.13701786499085097,0.054054025303700876,0.20409674445788065,0.13788482546806335,0.16135249535242716,0.1329641193151474,0.19107189029455185,0.1494971066713333,0.18845349550247192,0.1689523309469223,0.1626858152449131,0.13176889717578888,0.1827827412635088,0.12185771018266678,0.14146080799400806,0.12093276530504227,0.16970077343285084,0.12122350186109543,0.1364693734794855,0.14238126575946808,0.14428900182247162,0.1499028354883194,0.12261534295976162,0.12289929389953613
1716202887,qslstm,extrapolation,early,2000148,62,1,61,60,1,0.15808782341926061,0.3892764232812389,0.1773256287806504,0.4211004972457886,0.03180858486508953,0.17834961414337158,0.16015797487096833,0.39273423982448263,0.024066664775212607,0.01956097505710743,0.05328553915023804,0.2961665689945221,0.2961665689945221,0.2813909947872162,0.2813909947872162,0.17834961414337158,0.17834961414337158,0.2212744951248169,0.2212744951248169,0.27986764907836914,0.27986764907836914,0.25270146131515503,0.25270146131515503,0.2656247615814209,0.2656247615814209,0.2687537670135498,0.2687537670135498,0.3346846103668213,0.3346846103668213,0.40537405014038086,0.40537405014038086,0.4698401689529419,0.4698401689529419,0.14845146238803864,0.13144683276043564,0.01700462962760299,0.16690824925899506,0.16690824925899506,0.14370344579219818,0.14370344579219818,0.14845146238803864,0.14845146238803864,0.20100724697113037,0.20100724697113037,0.14491866528987885,0.14491866528987885,0.12604747712612152,0.12604747712612152,0.14145441353321075,0.14145441353321075,0.12255144119262695,0.12255144119262695,0.14583399891853333,0.14583399891853333,0.1371181756258011,0.1371181756258011,0.11541067808866501,0.11541067808866501
1716202887,qslstm,extrapolation,early,2000149,62,1,61,60,1,0.13167852089125556,0.35005593876684865,0.17328380422794964,0.41627371311187744,0.1026259881943048,0.3203529119491577,0.13215479191907442,0.3505428736327124,0.0179015576839447,0.012812715656352494,0.04931473731994629,0.07273074984550476,0.07273074984550476,0.09179189801216125,0.09179189801216125,0.3203529119491577,0.3203529119491577,0.35044145584106445,0.35044145584106445,0.3921337127685547,0.3921337127685547,0.3753131031990051,0.3753131031990051,0.37096452713012695,0.37096452713012695,0.3605387806892395,0.3605387806892395,0.37260401248931885,0.37260401248931885,0.3759714365005493,0.3759714365005493,0.3942110538482666,0.3942110538482666,0.1381341516971588,0.1360666214442644,0.0020675302528944117,0.162991002202034,0.162991002202034,0.14835307002067566,0.14835307002067566,0.1381341516971588,0.1381341516971588,0.18088294565677643,0.18088294565677643,0.16083569824695587,0.16083569824695587,0.16806025803089142,0.16806025803089142,0.13418255746364594,0.13418255746364594,0.13327087461948395,0.13327087461948395,0.12560392916202545,0.12560392916202545,0.12691323459148407,0.12691323459148407,0.1150117740035057,0.1150117740035057
1716202887,qslstm,extrapolation,early,2000150,62,2,60,59,2,0.19659902845735208,0.44037249443992493,0.23560696010123028,0.48539361357688904,0.1375735204826053,0.362480990588665,0.1985665453898436,0.4429688779016336,0.019811223118992177,0.016616199623074448,0.14914929866790771,0.34639523178339005,0.28386132419109344,0.23552583903074265,0.21253125369548798,0.362480990588665,0.4411006569862366,0.2967059537768364,0.3808806538581848,0.4212739020586014,0.4014471471309662,0.3674940764904022,0.35410749912261963,0.40167899429798126,0.40191084146499634,0.4128863364458084,0.4238618314266205,0.4271807074546814,0.4304995834827423,0.4148147702217102,0.4202883839607239,0.4414297789335251,0.4343821108341217,0.18487507104873657,0.13394584469497203,0.05092922635376454,0.30689383298158646,0.2231912463903427,0.2101978436112404,0.15613390505313873,0.18487507104873657,0.14655889570713043,0.16881835460662842,0.1815028041601181,0.1664150431752205,0.18627119064331055,0.17789439857006073,0.17428599298000336,0.22644758224487305,0.26662397384643555,0.21159616857767105,0.15656836330890656,0.14585372805595398,0.1351390928030014,0.13800283521413803,0.1446262001991272,0.12709738314151764,0.1285468339920044
1716202887,qslstm,extrapolation,early,2000151,62,2,60,59,2,0.07702394770455978,0.2625768713412746,0.08098187073466434,0.28457313776016235,0.09269157474836698,0.2878944128751755,0.07650169346976621,0.2617329532901446,0.01996466871035301,0.017518526198817233,0.11086055636405945,0.4236362874507904,0.4236362874507904,0.30258195102214813,0.4667470157146454,0.2878944128751755,0.18885713815689087,0.27607811987400055,0.14881163835525513,0.2976566106081009,0.14176267385482788,0.3313460499048233,0.1518610715866089,0.3118406683206558,0.12413233518600464,0.315819188952446,0.1571761965751648,0.3203509896993637,0.17395496368408203,0.18166583776474,0.2114706039428711,0.21523714065551758,0.22085171937942505,0.277777723968029,0.13046892409523328,0.14730879987279574,0.17456455528736115,0.17456455528736115,0.1931760534644127,0.14614306390285492,0.277777723968029,0.16189642250537872,0.16608114540576935,0.14363451302051544,0.14857415109872818,0.13174371421337128,0.15834545344114304,0.15210504829883575,0.164389256387949,0.12440767139196396,0.1512589156627655,0.1275893598794937,0.13611777871847153,0.12609249353408813,0.13818275183439255,0.12426045536994934,0.1265903301537037,0.12408014386892319
1716202887,qslstm,extrapolation,early,2000152,62,4,58,57,4,0.14484307741925015,0.37082814593468943,0.15876743314323655,0.39845631271600723,0.09057018145111263,0.2615030277520418,0.1485860357618803,0.37836780925763064,0.02124132660397312,0.015944296822828406,0.07802863419055939,0.24808921416600546,0.0827322006225586,0.19784092903137207,0.17876332998275757,0.2615030277520418,0.4391985610127449,0.33876832015812397,0.4044329598546028,0.28980891592800617,0.40366704016923904,0.21575997211039066,0.39478496462106705,0.21537178196012974,0.37004856020212173,0.24167100712656975,0.3702845945954323,0.3457818981260061,0.370380736887455,0.3895939886569977,0.4363673999905586,0.395201675593853,0.4348800852894783,0.2614554762840271,0.12943943307317538,0.13201604321085172,0.2286058614651362,0.14508351683616638,0.2567608393728733,0.15658803284168243,0.2614554762840271,0.20564039051532745,0.19225795194506645,0.13387654721736908,0.16886891797184944,0.1276627629995346,0.17538593336939812,0.12874960899353027,0.16894318535923958,0.12910941243171692,0.13689422979950905,0.12897910177707672,0.15272475965321064,0.1199210062623024,0.1260171588510275,0.11847574263811111,0.12305125221610069,0.11885987967252731
1716202887,qslstm,extrapolation,early,2000153,62,2,60,60,1,0.07467617211396041,0.27057830520695253,0.07221535621841113,0.26872915029525757,0.10472486262012318,0.3177067004144192,0.0736745490970883,0.269007358700037,0.015748153626918792,0.013490138782395257,0.010150134563446045,0.35559358447790146,0.35559358447790146,0.37978657335042953,0.37978657335042953,0.3177067004144192,0.2561655342578888,0.28360429033637047,0.23912134766578674,0.279757734388113,0.18381202220916748,0.2570064030587673,0.19509023427963257,0.29696228727698326,0.24051040410995483,0.30382558330893517,0.2278645932674408,0.2267434448003769,0.21436554193496704,0.2557264715433121,0.28064537048339844,0.24694442749023438,0.26520615816116333,0.3273475915193558,0.15838907932241758,0.1689585121969382,0.2305581122636795,0.2305581122636795,0.19689051806926727,0.19689051806926727,0.3273475915193558,0.18874520063400269,0.27301734685897827,0.17459845542907715,0.22581905871629715,0.2004822939634323,0.2958544194698334,0.259347528219223,0.17626863718032837,0.1666788011789322,0.17399459332227707,0.15109866857528687,0.197461299598217,0.22032414376735687,0.1395399123430252,0.12823952734470367,0.15266326442360878,0.12309335917234421
1716202887,qslstm,extrapolation,early,2000154,62,2,60,59,2,0.04573887214817526,0.20683668241385492,0.04843364021986929,0.22007644176483154,0.09519129207589094,0.2917100712656975,0.04409045815058474,0.2040075694521268,0.022594481201495153,0.015025333143197574,0.0558510422706604,0.3076154664158821,0.3281681090593338,0.28646739572286606,0.35418473184108734,0.2917100712656975,0.19122859835624695,0.24710086733102798,0.16806799173355103,0.26765530556440353,0.1726212501525879,0.2644355222582817,0.20070293545722961,0.29090558737516403,0.22762644290924072,0.19324453175067902,0.218421071767807,0.20070146024227142,0.20069998502731323,0.19796359539031982,0.18229979276657104,0.19015668332576752,0.19052740931510925,0.22167305648326874,0.13367913117011387,0.08799392531315486,0.20776068419218063,0.19803565740585327,0.184043288230896,0.1654195785522461,0.22167305648326874,0.17653167247772217,0.18857764452695847,0.156944140791893,0.163958340883255,0.14767970144748688,0.16389214992523193,0.1297486424446106,0.14646366983652115,0.1275077611207962,0.1475817710161209,0.13821940124034882,0.13361351937055588,0.13747839629650116,0.12224294617772102,0.12395624071359634,0.12483379989862442,0.12071272730827332
1716202887,qslstm,extrapolation,early,2000155,62,3,59,58,3,0.14298840391363637,0.3713474338573794,0.16222146242706104,0.40276725590229034,0.12054067951324791,0.32848191757996875,0.14412981362891036,0.3735270363799596,0.021053364050799404,0.014361751675605773,0.04017171263694763,0.3131176233291626,0.4899390935897827,0.31108759840329486,0.4715282917022705,0.32848191757996875,0.37056754529476166,0.35381968319416046,0.3546448200941086,0.33863520125548047,0.3446763902902603,0.4244885991017024,0.34330181777477264,0.438405379652977,0.35255707800388336,0.40348994731903076,0.365885928273201,0.35593417783578235,0.3539331704378128,0.3535149743159612,0.35322205722332,0.3689042180776596,0.35981766879558563,0.18994531532128653,0.1411728070954145,0.048772508225872035,0.23534195125102997,0.1620403379201889,0.26288047432899475,0.18022584915161133,0.18994531532128653,0.184824600815773,0.174432635307312,0.16364997625350952,0.21938051283359528,0.1696840524673462,0.15131068726380667,0.1250312477350235,0.1617294376095136,0.12095225602388382,0.14952562004327774,0.1228865459561348,0.14769952495892844,0.13324272632598877,0.12634595235188803,0.12292594462633133,0.124239186445872,0.11999178677797318
1716202887,qslstm,extrapolation,early,2000156,62,2,60,60,1,0.16486787233848482,0.40344798276501315,0.17760012315761742,0.42142629623413086,0.04780813951886609,0.21447016298770905,0.1687698634324721,0.40974724342425667,0.020300479729970296,0.020300479729970296,0.10840940475463867,,,0.25702235102653503,0.25702235102653503,0.21447016298770905,0.17191797494888306,0.21075811982154846,0.24959826469421387,0.3037392795085907,0.35788029432296753,0.3706865608692169,0.3834928274154663,0.4036841094493866,0.4238753914833069,0.39726361632347107,0.4229881763458252,0.4243902415037155,0.4044397473335266,0.3943221867084503,0.3893654942512512,0.4145101308822632,0.4136228561401367,0.2837928533554077,0.1393780282388131,0.14441482511659462,,,0.30497005581855774,0.30497005581855774,0.2837928533554077,0.2626156508922577,0.25090520083904266,0.23919475078582764,0.2323012575507164,0.22540776431560516,0.24716753512620926,0.26892730593681335,0.2716792821884155,0.2744312584400177,0.20118402689695358,0.1842254400253296,0.19164317101240158,0.14877603948116302,0.14057378470897675,0.13827086985111237,0.12675534933805466,0.1261436939239502
1716202887,qslstm,extrapolation,early,2000157,62,3,59,58,3,0.09653386773045765,0.3064295765342972,0.08408307365715828,0.2899708151817322,0.12383889550682035,0.3425106117501855,0.09514547648759175,0.30459494762501477,0.0213219009596726,0.0213219009596726,0.12599613269170126,0.19444251200184226,0.3551048366352916,0.2744767079129815,0.43454509973526,0.3425106117501855,0.23788189888000488,0.33639828364054364,0.33676785230636597,0.31708864370981854,0.3766161799430847,0.33727920055389404,0.29845356941223145,0.3501659631729126,0.37542814016342163,0.3804643352826436,0.40323811769485474,0.3891141613324483,0.3938726782798767,0.3592092990875244,0.32193636894226074,0.3040688633918762,0.3026631474494934,0.31194832921028137,0.12871138562085266,0.1832369435894287,0.430162250995636,0.4942496120929718,0.35375553369522095,0.20094209909439087,0.31194832921028137,0.24065327644348145,0.20303465922673544,0.16750860214233398,0.19428282976150513,0.17468661069869995,0.1706519971291224,0.1697607785463333,0.15768433610598245,0.12860561907291412,0.1346061329046885,0.13826240599155426,0.13781014581521353,0.1254260092973709,0.14963743587334952,0.1906048059463501,0.12763238698244095,0.1332266479730606
1716202887,qslstm,extrapolation,early,2000158,62,3,59,59,2,0.1704359928958402,0.39456980026537375,0.18843153072087748,0.43408700823783875,0.10699617164050974,0.2777510682741801,0.17366174651899255,0.40050973579034965,0.02158977015543792,0.016006576518217724,0.028221234679222107,0.36489780247211456,0.14554455876350403,0.3892834633588791,0.1732383668422699,0.2777510682741801,0.4298868477344513,0.35617247223854065,0.4212980270385742,0.390492041905721,0.45163899660110474,0.22106931606928507,0.45785292983055115,0.22375134627024332,0.46290096640586853,0.2566544810930888,0.4580647349357605,0.256750226020813,0.4471076726913452,0.35821913679440814,0.44978004693984985,0.4533190925916036,0.44403961300849915,0.18216692904631296,0.12952480439917516,0.0526421246471378,0.27586207538843155,0.2063630372285843,0.15610932558774948,0.13306860625743866,0.18216692904631296,0.12572817504405975,0.23023725549379984,0.15544067323207855,0.14945723116397858,0.12967449426651,0.14663051068782806,0.12437763810157776,0.1546333208680153,0.12128911167383194,0.13451708853244781,0.13048844039440155,0.1665490617354711,0.13635312020778656,0.12939644356568655,0.12544623017311096,0.1234399030605952,0.11545363068580627
1716202887,qslstm,extrapolation,early,2000159,62,3,59,58,3,0.13140545833447598,0.34861141443252563,0.14861728614319786,0.3855091258883476,0.06904355365331459,0.23267210771640143,0.13457640264029772,0.3545066334180913,0.015444905593477446,0.012780762770596673,0.09971407055854797,0.17329929023981094,0.1253611445426941,0.15699086089928946,0.14642101526260376,0.23267210771640143,0.3875966891646385,0.257792962094148,0.36742233484983444,0.17995798339446387,0.3839832469820976,0.21255299200614294,0.3856790289282799,0.20050712178150812,0.4018288776278496,0.23548288891712824,0.4270436689257622,0.32614289224147797,0.4645853266119957,0.39751462390025455,0.3911636993288994,0.4283703987797101,0.4062861129641533,0.21949217716852823,0.13301145904144998,0.08648071812707825,0.2197214514017105,0.1706269383430481,0.23434377213319144,0.1848936527967453,0.21949217716852823,0.17900775372982025,0.18755029638608298,0.1334138661623001,0.17416888723770776,0.12365267425775528,0.15600096682707468,0.12640829384326935,0.1820250302553177,0.15166644752025604,0.18852884074052176,0.17448540031909943,0.14634481817483902,0.12072693556547165,0.12432845185200374,0.12152155488729477,0.12507985780636469,0.12049619108438492
1716202887,qslstm,extrapolation,early,2000160,62,1,61,60,1,0.06308786239216474,0.2478760069897098,0.0643095747964395,0.2535933256149292,0.018787416974092253,0.13706719875335693,0.06381409920229708,0.24969254482965,0.017969635128974915,0.017969635128974915,0.1264101266860962,,,0.25612489879131317,0.25612489879131317,0.13706719875335693,0.13706719875335693,0.08244156837463379,0.08244156837463379,0.10250985622406006,0.10250985622406006,0.12680679559707642,0.12680679559707642,0.20033574104309082,0.20033574104309082,0.24217718839645386,0.24217718839645386,0.28269967436790466,0.28269967436790466,0.26627326011657715,0.26627326011657715,0.27152085304260254,0.27152085304260254,0.3197954595088959,0.1356255906771441,0.18416986883175177,,,0.4205712378025055,0.4205712378025055,0.3197954595088959,0.3197954595088959,0.37850865721702576,0.37850865721702576,0.3110438883304596,0.3110438883304596,0.2671307921409607,0.2671307921409607,0.15446577966213226,0.15446577966213226,0.1859254688024521,0.1859254688024521,0.17218555510044098,0.17218555510044098,0.14676310122013092,0.14676310122013092,0.11478310823440552,0.11478310823440552
1716202887,qslstm,extrapolation,early,2000161,62,2,60,60,1,0.12578321053959027,0.35021485220040044,0.09209589533117324,0.3034730553627014,0.10790866205727936,0.308315884321928,0.12637902882233396,0.3516114844630162,0.02270010660092036,0.018953996896743774,0.070466548204422,0.2613777443766594,0.2613777443766594,0.2280591055750847,0.2280591055750847,0.308315884321928,0.42167362570762634,0.349570419639349,0.35831141471862793,0.33343910798430443,0.40006089210510254,0.32590895518660545,0.42088764905929565,0.33172793313860893,0.40207812190055847,0.4331331104040146,0.44459259510040283,0.4349128007888794,0.46976470947265625,0.44270704686641693,0.44082149863243103,0.42681846022605896,0.4081006646156311,0.22876982390880585,0.1331636509547631,0.09560617295404275,0.17862844467163086,0.17862844467163086,0.18027858436107635,0.18027858436107635,0.22876982390880585,0.13804009556770325,0.20582733303308487,0.15091590583324432,0.22935674339532852,0.1436028927564621,0.2218393161892891,0.13685600459575653,0.16203319281339645,0.14543794095516205,0.1469748690724373,0.15590964257717133,0.14075599610805511,0.13790909945964813,0.13959603756666183,0.12328243255615234,0.12493046000599861,0.12486433982849121
1716202887,qslstm,extrapolation,early,2000162,62,3,59,58,3,0.07782145155895068,0.27195957173488194,0.05354295927631725,0.23139351606369019,0.09550037461155421,0.27228690645036596,0.07692252326814032,0.2719429275968065,0.01677554229210163,0.014508710717255215,0.03963597615559896,0.43194933196840185,0.32482777419500053,0.31663476885296404,0.346274210838601,0.27228690645036596,0.33370304107666016,0.3673523557372391,0.3233557343482971,0.33558953724180657,0.28503578901290894,0.3245435746697088,0.2932792901992798,0.3272128792790075,0.310536652803421,0.32650691270828247,0.32246196269989014,0.29178675015767414,0.29704517126083374,0.2791599631309509,0.2450474202632904,0.26130685210227966,0.2828454375267029,0.21701553463935852,0.1380010733412484,0.07901446129811013,0.34477844337622326,0.22003145515918732,0.24368138114611307,0.14560575783252716,0.21701553463935852,0.1322803944349289,0.21554421881834665,0.14185236394405365,0.18704937398433685,0.1331901103258133,0.18840990463892618,0.13815359771251678,0.16745666166146597,0.1367327719926834,0.13588888943195343,0.13353390991687775,0.13619138300418854,0.13723044097423553,0.13015705347061157,0.12638624012470245,0.1334685037533442,0.15568403899669647
1716202887,qslstm,extrapolation,early,2000163,62,3,59,58,3,0.021787942878152316,0.08848254968442264,0.0014936548012975948,0.03864783048629761,0.03707778369876716,0.16448081222673258,0.02101049334490071,0.08461823125006789,0.019183463063733332,0.01611316204071045,0.04874693353970846,0.3210134105756879,0.39204450510442257,0.286140534405907,0.42466785572469234,0.16448081222673258,0.03335845470428467,0.18877552325526872,0.006471604108810425,0.18562762315074602,0.008012264966964722,0.20879212394356728,0.011249333620071411,0.22209465876221657,0.019879311323165894,0.20074632142980894,0.010345369577407837,0.2345126010477543,0.009180933237075806,0.028277724981307983,0.04500311613082886,0.01208894451459249,0.005720257759094238,0.20973968505859375,0.13065958465054883,0.07908010040804492,0.24980761110782623,0.13063722848892212,0.2598576694726944,0.13612638413906097,0.20973968505859375,0.12819287180900574,0.19491651157538095,0.12651881575584412,0.17996672292550406,0.1283811777830124,0.16336688896020254,0.16160501539707184,0.14979014297326407,0.1419282704591751,0.13292079915603003,0.12196340411901474,0.14696953694025675,0.12466797232627869,0.1272298643986384,0.12697790563106537,0.12703912456830344,0.12267743796110153
1716202887,qslstm,extrapolation,early,2000164,62,2,60,60,1,0.14394535785853285,0.37504622868953214,0.12155980010925305,0.34865427017211914,0.05326217643229869,0.22843791544437408,0.1469681305727407,0.37993317246437075,0.026236939430236816,0.024564414711321814,0.1053430438041687,0.2612753212451935,0.2612753212451935,0.3861912190914154,0.3861912190914154,0.22843791544437408,0.1956005096435547,0.25945572555065155,0.1327202320098877,0.22260603308677673,0.24961155652999878,0.22737592458724976,0.3220316171646118,0.2522510588169098,0.2548905611038208,0.26366180181503296,0.2724330425262451,0.3250126540660858,0.3775922656059265,0.38750748336315155,0.3890264928340912,0.39121462404727936,0.355854868888855,0.22036544978618622,0.12624165639281273,0.09412379339337348,0.2457445114850998,0.2457445114850998,0.22271262109279633,0.22271262109279633,0.22036544978618622,0.19498638808727264,0.2006649523973465,0.17861728370189667,0.18285435438156128,0.17072232067584991,0.2309870347380638,0.28335678577423096,0.15560250729322433,0.14048269391059875,0.13937529176473618,0.1382678896188736,0.13400326669216156,0.12973864376544952,0.13075906783342361,0.13235396146774292,0.12010983005166054,0.1194341853260994
1716202887,qslstm,extrapolation,early,2000165,62,3,59,59,2,0.06868949928391896,0.2587144047983231,0.06555656905753993,0.25604017078876495,0.05754075982532458,0.2188488890727361,0.06925638434113562,0.26074146491996314,0.021456747742022497,0.017505580303715726,0.11467868089675903,0.18396449089050293,0.18396449089050293,0.12523150444030762,0.15593010187149048,0.2188488890727361,0.33465422689914703,0.264726127187411,0.3584148436784744,0.22249891857306162,0.3225215822458267,0.21306360264619192,0.27997954189777374,0.22073647876580557,0.26256005465984344,0.24878768622875214,0.2812904268503189,0.20211141804854074,0.26643966138362885,0.29513827462991077,0.2829136997461319,0.26699760059515637,0.2539752870798111,0.3013702581326167,0.13104920379691204,0.17032105433570466,0.1355094313621521,0.1355094313621521,0.28154406696558,0.13208727538585663,0.3013702581326167,0.13890443742275238,0.2636622339487076,0.12830038368701935,0.22708419958750406,0.13321925699710846,0.2293292979399363,0.12975139915943146,0.2062507967154185,0.12552224099636078,0.16189250349998474,0.1366669237613678,0.1328006237745285,0.13080516457557678,0.1271280770500501,0.11841357499361038,0.12580024947722754,0.11665495485067368
1716202887,qslstm,extrapolation,early,2000166,62,1,61,60,1,0.329798532371322,0.5637952228707652,0.31357246592880106,0.5599754154682159,0.3245034589049576,0.5696520507335663,0.32988533685437715,0.5636992092992439,0.017138855159282686,0.015823942527436373,0.12685734033584595,0.19323748350143433,0.19323748350143433,0.158189594745636,0.158189594745636,0.5696520507335663,0.5696520507335663,0.6301644742488861,0.6301644742488861,0.5562774837017059,0.5562774837017059,0.5707743465900421,0.5707743465900421,0.5899024605751038,0.5899024605751038,0.5850339233875275,0.5850339233875275,0.5935067534446716,0.5935067534446716,0.5568857491016388,0.5568857491016388,0.5792328119277954,0.5792328119277954,0.18432319164276123,0.15209599278989386,0.03222719885286737,0.18102125823497772,0.18102125823497772,0.16732174158096313,0.16732174158096313,0.18432319164276123,0.18432319164276123,0.2385384440422058,0.2385384440422058,0.23724365234375,0.23724365234375,0.28352269530296326,0.28352269530296326,0.2887316048145294,0.2887316048145294,0.17442332208156586,0.17442332208156586,0.1691078394651413,0.1691078394651413,0.14505715668201447,0.14505715668201447,0.18268610537052155,0.18268610537052155
1716202887,qslstm,extrapolation,early,2000167,62,2,60,59,2,0.019992635239717775,0.12706994721966405,0.009415974517597903,0.09703594446182251,0.031029159558559005,0.16761736571788788,0.019624751095756402,0.1257183666030566,0.023488533193782225,0.018947414226002164,0.07748466730117798,0.22817759215831757,0.2734900116920471,0.24377404153347015,0.37935683131217957,0.16761736571788788,0.11345484852790833,0.21647660434246063,0.09425708651542664,0.2061152309179306,0.11405119299888611,0.17998680472373962,0.08648359775543213,0.22150199115276337,0.06364715099334717,0.070571169257164,0.04688525199890137,0.08093272149562836,0.07538184523582458,0.07105663418769836,0.09606733918190002,0.11792930960655212,0.11032521724700928,0.20868446677923203,0.13321282205482324,0.07547164472440879,0.20387843251228333,0.19150729477405548,0.22561077028512955,0.19512300193309784,0.20868446677923203,0.16154487431049347,0.17587903887033463,0.15209569036960602,0.19411790370941162,0.14734691381454468,0.16076888144016266,0.13003046810626984,0.15989746525883675,0.12467192858457565,0.14565101265907288,0.13920633494853973,0.13834192603826523,0.14665338397026062,0.12744463607668877,0.12992645800113678,0.14309126138687134,0.15244346857070923
1716202887,qslstm,extrapolation,early,2000168,62,5,57,57,4,0.11986644787692954,0.3312252740706167,0.0942090286214956,0.3069348931312561,0.08449359253601293,0.24499555826187133,0.12296932992437838,0.33878928422927856,0.02141921509776199,0.019426591852878,0.02685336023569107,0.2180967926979065,0.07685866951942444,0.25206785649061203,0.09794434905052185,0.24499555826187133,0.29719477891921997,0.21634065508842468,0.3430711627006531,0.21406120657920838,0.31364673376083374,0.2622942864894867,0.34035056829452515,0.3414793074131012,0.34555238485336304,0.3243096351623535,0.37503212690353394,0.24408881664276122,0.34567123651504517,0.24760208129882813,0.37978029251098633,0.35563006401062014,0.3958386182785034,0.26920750737190247,0.13860203600243517,0.1306054713694673,0.22316446403662363,0.1809859424829483,0.23427288979291916,0.14218397438526154,0.26920750737190247,0.16100133955478668,0.2407326728105545,0.15799422562122345,0.21790123879909515,0.13259641826152802,0.22459504902362823,0.17266947031021118,0.18478057384490967,0.12642066180706024,0.15152916312217712,0.12683983147144318,0.1778271347284317,0.12953931093215942,0.14499970078468322,0.13582055270671844,0.1363758146762848,0.12776866555213928
1716202887,qslstm,extrapolation,early,2000169,62,2,60,59,2,0.13234022967533807,0.36077726704459034,0.1199134150532224,0.3462851643562317,0.05106117075515648,0.17629888653755188,0.1350495316393441,0.36692654639482497,0.014759611275236485,0.014759611275236485,0.06889501214027405,0.40925636887550354,0.40925636887550354,0.22210253775119781,0.03494870662689209,0.17629888653755188,0.31764906644821167,0.3214077651500702,0.3251664638519287,0.33725810050964355,0.3493497371673584,0.36565887928009033,0.38196802139282227,0.36904019117355347,0.35611236095428467,0.35614076256752014,0.3764317035675049,0.35192209482192993,0.32521700859069824,0.36058059334754944,0.33946454524993896,0.3872308135032654,0.4073183536529541,0.3218986392021179,0.14823843004802864,0.17366020915408928,0.2986701428890228,0.2986701428890228,0.2937552332878113,0.28884032368659973,0.3218986392021179,0.3549569547176361,0.2923751100897789,0.2297932654619217,0.23635822534561157,0.24292318522930145,0.2248048037290573,0.20668642222881317,0.23879139870405197,0.27089637517929077,0.19124648720026016,0.1877674013376236,0.20982127636671066,0.23124361038208008,0.1911890208721161,0.14593392610549927,0.12715765833854675,0.12694065272808075
1716202887,qslstm,extrapolation,early,2000170,62,3,59,59,2,0.15229139937312652,0.3761485730928759,0.2042723919658762,0.4519650340080261,0.06381348899533375,0.23610890408356985,0.15679027617199734,0.3832692342289424,0.017951280383740442,0.014668908986178312,0.07052798569202423,0.07825842499732971,0.07825842499732971,0.13193971663713455,0.03300485014915466,0.23610890408356985,0.34862858057022095,0.15053943792978922,0.31923580169677734,0.1265763839085897,0.33301615715026855,0.16174785296122232,0.363831102848053,0.15962066253026327,0.3675987124443054,0.3489348888397217,0.37894028425216675,0.3544906775156657,0.36662477254867554,0.3719909191131592,0.3464099168777466,0.37070316076278687,0.35091453790664673,0.20038087169329324,0.12193553111815857,0.07844534057513468,0.1639307290315628,0.1639307290315628,0.21135538816452026,0.1834619641304016,0.20038087169329324,0.14306698739528656,0.17878965536753336,0.1481764316558838,0.16052740812301636,0.14803600311279297,0.15152712166309357,0.12647013366222382,0.16032429536183676,0.13358019292354584,0.14436547458171844,0.14185300469398499,0.13176890710989633,0.12080058455467224,0.1259992520014445,0.11731090396642685,0.12036267916361491,0.12018205970525742
1716202887,qslstm,extrapolation,early,2000171,62,3,59,58,3,0.012267730808919072,0.045652539018661745,0.0002755168907242478,0.01659870147705078,0.11875621060567602,0.2853870491186778,0.006853062344677193,0.033462648674593136,0.018921612665571016,0.016648612384285246,0.17091481884320578,0.42194995284080505,0.4177805185317993,0.3065485656261444,0.4970093369483948,0.2853870491186778,0.012261241674423218,0.2877841393152873,0.026126116514205933,0.14461541175842285,0.0038044750690460205,0.1842207113901774,0.02952668070793152,0.011727571487426758,0.019116997718811035,0.008104344209035238,0.0013915598392486572,0.010621587435404459,0.011356204748153687,0.037250528732935585,0.03386494517326355,0.027006983757019043,0.034904658794403076,0.21232198675473532,0.12939472130294574,0.08292726545178958,0.2236902266740799,0.18031001091003418,0.27325528860092163,0.2836143970489502,0.21232198675473532,0.18958550691604614,0.23193405071894327,0.1455455720424652,0.1752884785334269,0.15596991777420044,0.1873470445473989,0.13288116455078125,0.1703033149242401,0.16535452008247375,0.15239847203095755,0.13587097823619843,0.14394177993138632,0.13059984147548676,0.13042407979567847,0.13702066242694855,0.129668357471625,0.12276659160852432
1716202887,qslstm,extrapolation,early,2000172,62,0,62,61,0,0.0064178037868065,0.06975279892644574,0.0037788799038231957,0.06147259473800659,,,0.0064178037868065,0.06975279892644574,0.018325930736103994,0.018325930736103994,,,,,,,,,,,,,,,,,,,,,,,,,0.13492710167361843,,,,,,,,,,,,,,,,,,,,,,,
1716202887,qslstm,extrapolation,early,2000173,62,2,60,59,2,0.09840786759030686,0.3003502800579994,0.09362561878273912,0.3059830367565155,0.13217444373964327,0.35394740104675293,0.09728231505199564,0.2985637093583743,0.01873730097786855,0.012502487301826477,0.06403626501560211,0.23124460875988007,0.4373970031738281,0.27694468200206757,0.4694477617740631,0.35394740104675293,0.2709071636199951,0.41507919132709503,0.3317110538482666,0.3848542869091034,0.3021312654018402,0.40416790544986725,0.32893794775009155,0.36474092304706573,0.29208484292030334,0.26654717326164246,0.2621871829032898,0.2829381227493286,0.263744980096817,0.2847967892885208,0.30740639567375183,0.28819894790649414,0.3000773787498474,0.1695370078086853,0.13618678463002046,0.033350223178664845,0.17226898670196533,0.14255835115909576,0.15639884769916534,0.145784392952919,0.1695370078086853,0.1583920270204544,0.15649379044771194,0.12451428174972534,0.16048453748226166,0.14152471721172333,0.1315089762210846,0.1287611871957779,0.13991738855838776,0.13727642595767975,0.13976112753152847,0.12113022804260254,0.14864254742860794,0.15576037764549255,0.1251501366496086,0.12917004525661469,0.12660454958677292,0.1324358433485031
1716202887,qslstm,extrapolation,early,2000174,62,6,56,55,6,0.08787102997051095,0.2846395462270706,0.11092201311548511,0.33304956555366516,0.08734553238458416,0.253900907933712,0.08792733328328883,0.28793297175850185,0.01580950617790222,0.012863421693761298,0.045234436790148415,0.2837757349014282,0.2500188499689102,0.2410208061337471,0.17578566074371338,0.253900907933712,0.28764161467552185,0.29400523751974106,0.27091488242149353,0.17448253432909647,0.29850873351097107,0.2549205074707667,0.2833978831768036,0.24648678302764893,0.2722780406475067,0.29013779759407043,0.28633150458335876,0.2694458266099294,0.26493847370147705,0.2564908464749654,0.26286256313323975,0.28061676025390625,0.2821013033390045,0.22310697784026465,0.1356062503265483,0.08750072751371635,0.18644542694091798,0.13388127088546753,0.1964395965139071,0.1368403285741806,0.22310697784026465,0.14490894973278046,0.17965851972500482,0.12557534873485565,0.18590148041645685,0.11669135093688965,0.14649824301401773,0.12371617555618286,0.13870672633250555,0.12397342920303345,0.13685839995741844,0.13476651906967163,0.13070454200108847,0.13865315914154053,0.12655514727036157,0.1201879009604454,0.12452972928682964,0.11766931414604187
1716202887,qslstm,extrapolation,early,2000175,62,2,60,60,1,0.022371118665276628,0.06712277714283235,6.044724728759832e-06,0.0024586021900177,0.15522610841663464,0.29493826627731323,0.017942619006898027,0.05952892750501633,0.017895400524139404,0.015134975846324648,-0.006123185157775879,0.505041241645813,0.505041241645813,0.5562660396099091,0.5562660396099091,0.29493826627731323,0.033715128898620605,0.2810301333665848,0.06501969695091248,0.2627870738506317,0.08244311809539795,0.28824836015701294,0.07145547866821289,0.3240123987197876,0.09175875782966614,0.05093170702457428,0.036843717098236084,0.0465192049741745,0.02158293128013611,0.002688854932785034,0.0027511119842529297,0.026527822017669678,0.03716862201690674,0.25720103830099106,0.12745640724897384,0.12974463105201722,0.2478509396314621,0.2478509396314621,0.15104760229587555,0.15104760229587555,0.25720103830099106,0.17286349833011627,0.2084304615855217,0.13844363391399384,0.1974020004272461,0.13081040978431702,0.21073924750089645,0.1736275553703308,0.1698325350880623,0.18861746788024902,0.12933815643191338,0.12023267894983292,0.15611018240451813,0.13859280943870544,0.12928783893585205,0.13263612985610962,0.11810204014182091,0.11453073471784592
1716202887,qslstm,extrapolation,early,2000176,62,4,58,57,4,0.1649246549748353,0.3987274404254652,0.17295108835368467,0.4158738851547241,0.14743355875123743,0.36461531184613705,0.16613093747301444,0.401080001017143,0.018873152502796108,0.016365214586257934,0.06677756458520889,0.2438881602138281,0.26707690209150314,0.3009645026177168,0.2812708839774132,0.36461531184613705,0.572474479675293,0.37847541831433773,0.5710371136665344,0.4160073306411505,0.5732083022594452,0.390901792794466,0.5464685261249542,0.33517889119684696,0.4761439859867096,0.39560090377926826,0.48283636569976807,0.4555681627243757,0.42205876111984253,0.4747975617647171,0.40415889024734497,0.42621635645627975,0.3804924488067627,0.19848957285284996,0.14193594250185737,0.05655363035099259,0.20353218913078308,0.14761193096637726,0.19157766550779343,0.15385039150714874,0.19848957285284996,0.16747991740703583,0.15660754218697548,0.139835923910141,0.15561417117714882,0.14170850813388824,0.1691519357264042,0.13637955486774445,0.17210678383708,0.1538151055574417,0.1464439257979393,0.14511586725711823,0.15399037301540375,0.15825162827968597,0.14156942069530487,0.13367120921611786,0.15264678746461868,0.1568036824464798
1716202887,qslstm,extrapolation,early,2000177,62,4,58,57,4,0.036279779750302055,0.1778449967743889,0.01799152875356924,0.1341325044631958,0.04799840148756247,0.2173819374293089,0.035471598940835826,0.17511831121198063,0.019760715856886747,0.01844447076320648,0.05142826586961746,0.30176764726638794,0.3936634510755539,0.26367767713963985,0.3945631831884384,0.2173819374293089,0.20097538828849792,0.2581287045031786,0.19083011150360107,0.2782841343432665,0.19895151257514954,0.27689026296138763,0.1730482280254364,0.30503449216485023,0.17947927117347717,0.28484396636486053,0.19219204783439636,0.2439049519598484,0.1921747326850891,0.18701735138893127,0.1673681139945984,0.16308975219726562,0.13126331567764282,0.24159936979413033,0.15989689156413078,0.08170247822999954,0.2307869295279185,0.22716359794139862,0.24359378963708878,0.19414646923542023,0.24159936979413033,0.20045411586761475,0.21975202485919,0.18520791828632355,0.17304712906479836,0.13371847569942474,0.19091235473752022,0.1493789404630661,0.21739578247070312,0.13783656060695648,0.17637913674116135,0.12581688165664673,0.17054183036088943,0.13607732951641083,0.14347130805253983,0.13894838094711304,0.14342381432652473,0.19031758606433868
1716202887,qslstm,extrapolation,early,2000178,62,3,59,59,2,0.02734183978859908,0.15749156078503979,0.023390234933717835,0.15293866395950317,0.06319904422891952,0.23137775311867395,0.025518592105192955,0.15373463575112617,0.016201762829796743,0.015596959739923477,0.033706992864608765,0.31428617611527443,0.32197368144989014,0.3261228986084461,0.36044812202453613,0.23137775311867395,0.0947597324848175,0.26774300386508304,0.13618221879005432,0.17257463186979294,0.1311664879322052,0.2023252248764038,0.14881977438926697,0.21614056825637817,0.1568070948123932,0.15268826484680176,0.16507548093795776,0.15652421116828918,0.15567737817764282,0.14236754179000854,0.1281418800354004,0.1443426509698232,0.15599915385246277,0.2717854082584381,0.13492415580203979,0.13686125245639832,0.2510440945625305,0.22547507286071777,0.22289182245731354,0.15728247165679932,0.2717854082584381,0.175825834274292,0.19316443800926208,0.14559772610664368,0.20680837333202362,0.1560981124639511,0.16850583255290985,0.1344446986913681,0.16526968280474344,0.18242846429347992,0.1575037638346354,0.14448510110378265,0.13771926860014597,0.13422800600528717,0.12573971102635065,0.11851400882005692,0.13583315908908844,0.13504333794116974
1716202887,qslstm,extrapolation,early,2000179,62,5,57,57,4,0.0818284506644119,0.2798023646877658,0.08125542510698835,0.2850533723831177,0.08453969241700995,0.2633969187736511,0.08159062244049979,0.2812414388907583,0.01750743075420982,0.01371373622505753,0.07654792070388794,0.35250450174013775,0.5015180110931396,0.3215241879224777,0.13169845938682556,0.2633969187736511,0.28826963901519775,0.269887113571167,0.26428377628326416,0.33096452355384826,0.2735389471054077,0.2944757521152496,0.2469782829284668,0.34788949489593507,0.2571136951446533,0.24117208123207093,0.2501378059387207,0.23821355104446412,0.19296777248382568,0.22775195837020873,0.21634387969970703,0.22597043514251708,0.2656869888305664,0.23955289423465728,0.15037320449686886,0.08917968973778842,0.28184276322523755,0.1765242964029312,0.23365433141589165,0.18696868419647217,0.23955289423465728,0.14559002220630646,0.2576385200023651,0.1895829290151596,0.20979880392551423,0.14564312994480133,0.21484333872795106,0.14424194395542145,0.20843444466590882,0.23168103396892548,0.16265539228916168,0.17173337936401367,0.19133887588977813,0.1942463368177414,0.19792647957801818,0.21952499449253082,0.18666809499263765,0.13861064612865448
1716202887,qslstm,extrapolation,early,2000180,62,3,59,59,2,0.08101072213469337,0.2810867726802826,0.09686090603254005,0.3112248480319977,0.09760096818027038,0.28842829664548236,0.08016715030186743,0.28071347485154363,0.021376233484785435,0.015441598296165466,0.04365116357803345,0.27960990369319916,0.2506878674030304,0.2784549444913864,0.1748693287372589,0.28842829664548236,0.21780860424041748,0.30032073458035785,0.2495746612548828,0.2723219096660614,0.26757240295410156,0.2554643452167511,0.25254690647125244,0.2911155919233958,0.24061834812164307,0.2484728991985321,0.257175087928772,0.23487056295077005,0.23172509670257568,0.24704106648763022,0.23437345027923584,0.2562096913655599,0.25892531871795654,0.17621411631504694,0.12680856454170356,0.04940555177334338,0.15672322362661362,0.13375508785247803,0.15778201073408127,0.14573852717876434,0.17621411631504694,0.12179351598024368,0.18656887610753378,0.13787446916103363,0.171942005554835,0.11951872706413269,0.1532333493232727,0.11456307768821716,0.1400678182641665,0.11662287265062332,0.1360986183087031,0.11859559267759323,0.13666687905788422,0.1250362992286682,0.12611459692319235,0.12187372893095016,0.12801806380351385,0.11700678616762161
1716202887,qslstm,extrapolation,early,2000181,62,4,58,58,3,0.012815199766790903,0.08779616563791229,0.0026089703720231228,0.051078081130981445,0.07232333769685848,0.25170453917235136,0.008711190254372449,0.07649213987691648,0.020308618915492092,0.019376563174383982,0.10854621728261311,0.3182712700217962,0.2833193354308605,0.29340989763538045,0.3281753472983837,0.25170453917235136,0.12348812818527222,0.23791415058076382,0.13823044300079346,0.24819444958120584,0.05000743269920349,0.21521100215613842,0.12586119771003723,0.16838308703154325,0.08363842964172363,0.10704080015420914,0.11406412720680237,0.12332414835691452,0.13953372836112976,0.11903876811265945,0.09666427969932556,0.08015792816877365,0.06845024228096008,0.22056666761636734,0.1307380086389081,0.08982865897745923,0.23382765799760818,0.16837431490421295,0.2276709328095118,0.20951534807682037,0.22056666761636734,0.1746014505624771,0.1850551851093769,0.16346220672130585,0.1878066100180149,0.13916900753974915,0.18285180255770683,0.1789160966873169,0.1725246198475361,0.14251947402954102,0.15796377882361412,0.1503078043460846,0.15588261932134628,0.14336343109607697,0.13910050503909588,0.1311914026737213,0.12879828549921513,0.12367889285087585
1716202887,qslstm,extrapolation,early,2000182,62,2,60,59,2,0.06491212777074253,0.2506139528366827,0.06377812609837386,0.2525433152914047,0.04277226697725578,0.17540431767702103,0.06565012313052541,0.25312094067533814,0.014457069716211093,0.013043879939798723,0.09851247072219849,0.09436625242233276,0.09436625242233276,0.24678723514080048,0.1753002405166626,0.17540431767702103,0.2849743515253067,0.19183652848005295,0.28930680453777313,0.21805637329816818,0.26081250607967377,0.26276695728302,0.24055956304073334,0.2757412940263748,0.2621757835149765,0.25491999089717865,0.26928041875362396,0.25274620950222015,0.24644224345684052,0.2169315367937088,0.20103497803211212,0.22702042758464813,0.25590477883815765,0.2602549120783806,0.1313360810279846,0.12891883105039598,0.22770172357559204,0.22770172357559204,0.2834581732749939,0.30288806557655334,0.2602549120783806,0.20143111050128937,0.2020968198776245,0.17649191617965698,0.27943895757198334,0.25598984956741333,0.2086237147450447,0.21581631898880005,0.16764572262763977,0.15879952907562256,0.1722090169787407,0.12860171496868134,0.1255042515695095,0.11773479729890823,0.13155506178736687,0.12183075398206711,0.1238684244453907,0.12030341476202011
1716202887,qslstm,extrapolation,early,2000183,62,2,60,59,2,0.14025517965493497,0.3721973768645717,0.12968686404897145,0.36012062430381775,0.14420048209186753,0.36522540263831615,0.14012366957370387,0.3724297760054469,0.01574679047374402,0.01642050700528281,0.10820309817790985,0.2546929679811001,0.2546929679811001,0.3262773286551237,0.2556152604520321,0.36522540263831615,0.46920081973075867,0.3394374679774046,0.42519843578338623,0.3146368395537138,0.3745807111263275,0.3382111918181181,0.4208071231842041,0.4437691271305084,0.4183374345302582,0.37616966664791107,0.37775862216949463,0.4162222445011139,0.4141070544719696,0.406121090054512,0.39813512563705444,0.41483552753925323,0.431535929441452,0.2568741515278816,0.12836770204206308,0.12850644948581855,0.16406677663326263,0.16406677663326263,0.19550864398479462,0.15107421576976776,0.2568741515278816,0.1570906788110733,0.1675528585910797,0.1419641524553299,0.15353219211101532,0.142997607588768,0.1501457393169403,0.14921726286411285,0.1647874116897583,0.1724841445684433,0.1400941237807274,0.13719063997268677,0.18807323276996613,0.20366232097148895,0.16241508349776268,0.12116784602403641,0.12017123401165009,0.11917462199926376
1716202887,qslstm,extrapolation,early,2000184,62,1,61,60,1,0.21671305436676788,0.45799419139662095,0.23085604047113734,0.4804748073220253,0.11538804572174982,0.33968815952539444,0.21837412008226,0.4599336345420509,0.01918957531452179,0.017670818304611466,0.13548177480697632,0.03417259454727173,0.03417259454727173,0.07462364435195923,0.07462364435195923,0.33968815952539444,0.33968815952539444,0.39489690214395523,0.39489690214395523,0.4075077548623085,0.4075077548623085,0.37292028218507767,0.37292028218507767,0.37142593413591385,0.37142593413591385,0.41645846515893936,0.41645846515893936,0.5168860927224159,0.5168860927224159,0.5236255899071693,0.5236255899071693,0.5497928634285927,0.5497928634285927,0.21452462673187256,0.13286465284277182,0.08165997388910073,0.4780660569667816,0.4780660569667816,0.3859386444091797,0.3859386444091797,0.21452462673187256,0.21452462673187256,0.16738927364349365,0.16738927364349365,0.1748095154762268,0.1748095154762268,0.15648381412029266,0.15648381412029266,0.20818960666656494,0.20818960666656494,0.12991191446781158,0.12991191446781158,0.13032062351703644,0.13032062351703644,0.12282523512840271,0.12282523512840271,0.12134033441543579,0.12134033441543579
1716202887,qslstm,extrapolation,early,2000185,62,3,59,59,2,0.14694135581331588,0.3627060925768268,0.15526258040140206,0.3940337300300598,0.06499737875502436,0.23148910204569498,0.15110799871458497,0.3693781429428165,0.017851660817356434,0.013406786848517024,0.06389591097831726,0.039492011070251465,0.039492011070251465,0.09548473358154297,0.0013566017150878906,0.23148910204569498,0.37812545895576477,0.25491030017534894,0.421061247587204,0.2596188286940257,0.431561678647995,0.23291555047035217,0.4515538513660431,0.2096682588259379,0.4506286382675171,0.16968101263046265,0.45967260003089905,0.17399616042772928,0.4811398684978485,0.4298105835914612,0.40631622076034546,0.44039878249168396,0.3861711919307709,0.3131576031446457,0.13115935962078934,0.18199824352385635,0.15313751995563507,0.15313751995563507,0.2633339688181877,0.17074818909168243,0.3131576031446457,0.16032536327838898,0.25844741861025494,0.16398853063583374,0.17377339800198874,0.14224855601787567,0.16625650227069855,0.15441320836544037,0.1610042005777359,0.18423382937908173,0.13780022412538528,0.12356967478990555,0.15019607543945312,0.12670251727104187,0.1398398553331693,0.12285780161619186,0.12576613326867422,0.12029009312391281
1716202887,qslstm,extrapolation,early,2000186,62,3,59,58,3,0.06160428577947146,0.23807457906584586,0.054005022723359275,0.23238980770111084,0.0825138255554941,0.2699012557665507,0.0605410888417076,0.23645627347089476,0.020947754383087158,0.014453744515776634,0.0511863629023234,0.19823462764422098,0.37979215383529663,0.27151739597320557,0.4559015929698944,0.2699012557665507,0.19285807013511658,0.27896226445833844,0.2051258683204651,0.3224600652853648,0.19496825337409973,0.3167508641878764,0.19722193479537964,0.28722243507703143,0.17705038189888,0.31616010268529254,0.17170634865760803,0.28017884492874146,0.17950907349586487,0.20019133885701498,0.22402796149253845,0.20664732654889426,0.2234479784965515,0.18112350503603616,0.13426058928845291,0.04686291574758325,0.23575889070828757,0.20776106417179108,0.19071027636528015,0.15172696113586426,0.18112350503603616,0.13848765194416046,0.16559279461701712,0.12062954902648926,0.14499117930730185,0.12137693166732788,0.15740829209486643,0.1256110519170761,0.1418327589829763,0.12607286870479584,0.1518963873386383,0.14678780734539032,0.13035811732212702,0.11871784180402756,0.1257754291097323,0.11801574379205704,0.12704099963108698,0.13578613102436066
1716202887,qslstm,extrapolation,early,2000187,62,0,62,61,0,0.24722341625343108,0.4953475057808382,0.2578067328408264,0.5077467211522162,,,0.24722341625343108,0.4953475057808382,0.019522403107314814,0.019522403107314814,,,,,,,,,,,,,,,,,,,,,,,,,0.13130089015729965,,,,,,,,,,,,,,,,,,,,,,,
1716202887,qslstm,extrapolation,near_best,2000188,62,3,59,58,3,0.13184153764415926,0.3585698421924345,0.1300516149788109,0.3606266975402832,0.1219219799777042,0.3357250541448593,0.1323459219322841,0.35973144158468406,0.018380392214347577,0.016068840513424,0.09572328130404155,0.4093283489346504,0.4212239533662796,0.3068772405385971,0.42474205791950226,0.3357250541448593,0.2131870985031128,0.3391244063774745,0.25892525911331177,0.34457946320374805,0.28579798340797424,0.3590390930573146,0.24738776683807373,0.3812266141176224,0.2849801480770111,0.30135102570056915,0.3180839717388153,0.35248232384522754,0.33935222029685974,0.31514231363932294,0.3684177100658417,0.34127408266067505,0.3809093236923218,0.18350885808467865,0.15597384587182836,0.02753501221285029,0.24348831176757812,0.12849172949790955,0.2386756936709086,0.1298387199640274,0.18350885808467865,0.12954755127429962,0.17648281653722128,0.13522489368915558,0.16165236135323843,0.13029293715953827,0.20197944591442743,0.12035796791315079,0.1321659858028094,0.11666560918092728,0.13679704070091248,0.12772402167320251,0.12734590967496237,0.12464931607246399,0.14480201403299967,0.17145712673664093,0.12827466676632562,0.12108207494020462
1716202887,qslstm,extrapolation,near_best,2000189,62,1,61,60,1,0.15276118628122287,0.3842871323708565,0.18511818175342398,0.43025362491607666,0.03595066540299641,0.18960660696029663,0.15467611285299707,0.38747861639398046,0.022124385833740233,0.0165946472968374,0.040120720863342285,0.19644397497177124,0.19644397497177124,0.334555447101593,0.334555447101593,0.18960660696029663,0.18960660696029663,0.25637751817703247,0.25637751817703247,0.29474884271621704,0.29474884271621704,0.29857200384140015,0.29857200384140015,0.2699827551841736,0.2699827551841736,0.3334154486656189,0.3334154486656189,0.315565288066864,0.315565288066864,0.35444873571395874,0.35444873571395874,0.37206321954727173,0.37206321954727173,0.25440433621406555,0.1310550687743015,0.12334926743976404,0.21643173694610596,0.21643173694610596,0.20083566009998322,0.20083566009998322,0.25440433621406555,0.25440433621406555,0.15210001170635223,0.15210001170635223,0.13787473738193512,0.13787473738193512,0.1536344438791275,0.1536344438791275,0.14715638756752014,0.14715638756752014,0.14246658980846405,0.14246658980846405,0.1261579841375351,0.1261579841375351,0.1473669409751892,0.1473669409751892,0.12239647656679153,0.12239647656679153
1716202887,qslstm,extrapolation,near_best,2000190,62,1,61,61,0,0.135388140570906,0.3637765054741213,0.176899744715886,0.4205945134162903,0.06643612489314421,0.25775206089019775,0.1365185014836562,0.3655146111230381,0.017468239440292608,0.017468239440292608,,,,,,0.25775206089019775,0.25775206089019775,0.1945037841796875,0.1945037841796875,0.21387410163879395,0.21387410163879395,0.1735709309577942,0.1735709309577942,0.2666034400463104,0.2666034400463104,0.31569457054138184,0.31569457054138184,0.29306554794311523,0.29306554794311523,0.3401086628437042,0.3401086628437042,0.3716300427913666,0.3716300427913666,0.24545978009700775,0.16630760922295149,0.07915217087405627,,,,,0.24545978009700775,0.24545978009700775,0.282796710729599,0.282796710729599,0.3261842429637909,0.3261842429637909,0.1797512173652649,0.1797512173652649,0.1835469752550125,0.1835469752550125,0.2024925947189331,0.2024925947189331,0.21414677798748016,0.21414677798748016,0.20765680074691772,0.20765680074691772,0.1402045041322708,0.1402045041322708
1716202887,qslstm,extrapolation,near_best,2000191,62,2,60,60,1,0.34312521542212276,0.5777257042185914,0.4287634030255466,0.6548002772033215,0.11504940303204053,0.30669831298291683,0.3507277425017922,0.5867599505931139,0.021286489566167195,0.020692865396368092,0.1870017647743225,0.14925438165664673,0.14925438165664673,0.2136775255203247,0.2136775255203247,0.30669831298291683,0.45156220719218254,0.3463967051357031,0.5435390286147594,0.3915374483913183,0.5693973712623119,0.507773470133543,0.5639847330749035,0.5775925032794476,0.6116459779441357,0.5937672071158886,0.6235496811568737,0.6017712168395519,0.6228213123977184,0.6451174430549145,0.6695768646895885,0.5724560730159283,0.5387689881026745,0.2637273147702217,0.1649259061863025,0.0988014085839192,0.3766959011554718,0.3766959011554718,0.23360194265842438,0.23360194265842438,0.2637273147702217,0.20060156285762787,0.2685904875397682,0.16048507392406464,0.20513352751731873,0.17666511237621307,0.21919851005077362,0.23779545724391937,0.18260058015584946,0.20471608638763428,0.2041577249765396,0.17051999270915985,0.18843050301074982,0.17862440645694733,0.16318748146295547,0.15135152637958527,0.1688806489109993,0.15471184253692627
1716202887,qslstm,extrapolation,near_best,2000192,62,5,57,57,4,0.18948399675118802,0.41828050921040194,0.21646667258215757,0.4652597904205322,0.0917391884700864,0.27316256165504454,0.19805810274075833,0.4310101537328017,0.019144188416631597,0.016058029012477146,0.05083944648504257,0.19170916080474854,0.05197593569755554,0.21329641342163086,0.031881123781204224,0.27316256165504454,0.4157603979110718,0.21704672574996947,0.449666291475296,0.19954047799110414,0.41105860471725464,0.3363931834697723,0.4176155924797058,0.39804471135139463,0.406668484210968,0.4063375949859619,0.34799665212631226,0.33215442299842834,0.3935512900352478,0.26615442633628844,0.4488159120082855,0.43046985268592836,0.4960010349750519,0.19421958327293395,0.13595542455451531,0.05826415871841864,0.1929293324549993,0.15323542058467865,0.20656479708850384,0.12234688550233841,0.19421958327293395,0.12643630802631378,0.20379806756973268,0.14209803938865662,0.22047615498304368,0.1371791511774063,0.17480592131614686,0.13809840381145477,0.14896989464759827,0.14481009542942047,0.16340813785791397,0.12274269014596939,0.13978139758110047,0.13407452404499054,0.13319166749715805,0.12391981482505798,0.13370675593614578,0.1375942975282669
1716202887,qslstm,extrapolation,near_best,2000193,62,3,59,58,3,0.2608071590346809,0.5014726994258742,0.3515499139167434,0.5929164476692677,0.14749328284813126,0.3818761718769868,0.2665688815526411,0.5075538787927668,0.017277921582090443,0.013166992731814115,0.12414722641309102,0.3101552203297615,0.3057324290275574,0.2078961580991745,0.35684025287628174,0.3818761718769868,0.42442070320248604,0.39560169105728465,0.43758587911725044,0.37254221364855766,0.4462083764374256,0.37434520075718564,0.43801163509488106,0.40811894585688907,0.4599054642021656,0.4285743062694867,0.49087103083729744,0.4713246710598469,0.5060305185616016,0.48845211540659267,0.5139257498085499,0.5069143561025461,0.5207560248672962,0.23939867317676544,0.12461917013940164,0.1147795030373638,0.15487414598464966,0.14065201580524445,0.19846426447232565,0.14481307566165924,0.23939867317676544,0.22206270694732666,0.1662202129761378,0.15635134279727936,0.1486918181180954,0.13216610252857208,0.18079094092051187,0.14826397597789764,0.14615886906782785,0.1318071037530899,0.14132904509703317,0.13091008365154266,0.13666294266780218,0.13140363991260529,0.12113448977470398,0.11626848578453064,0.12033507724603017,0.11716374009847641
1716202887,qslstm,extrapolation,near_best,2000194,62,4,58,57,4,0.2378965347698403,0.4720900377198573,0.3226944019583216,0.5680619701743126,0.11573427791754522,0.3304258566349745,0.24632151800103308,0.48185998124295265,0.015926265402844076,0.012538157105445862,0.0727073922753334,0.2042320966720581,0.21161878108978271,0.2734812945127487,0.24414116144180298,0.3304258566349745,0.4330195114016533,0.33007253520190716,0.4409758374094963,0.30743219517171383,0.46907975524663925,0.2518886234611273,0.48705770820379257,0.24988268874585629,0.4837503656744957,0.2822631951421499,0.5002551302313805,0.35440537706017494,0.5208857282996178,0.4953293427824974,0.4875620827078819,0.5070374384522438,0.513017974793911,0.2963612414896488,0.13588109355548333,0.16048014793416548,0.2797044763962428,0.1624535471200943,0.2515098787844181,0.17596875131130219,0.2963612414896488,0.24584607779979706,0.2630925476551056,0.1697346717119217,0.23347323015332222,0.18326367437839508,0.21295476332306862,0.14951907098293304,0.17802080512046814,0.13598065078258514,0.18403665721416473,0.16077837347984314,0.166493970900774,0.15781891345977783,0.148920813575387,0.12075131386518478,0.1446907725185156,0.1191631332039833
1716202887,qslstm,extrapolation,near_best,2000195,62,2,60,59,2,0.18107045566964225,0.4162773028496773,0.18096030761904558,0.42539429664611816,0.17772165119058103,0.3649549037218094,0.18118208248561096,0.4179880494872729,0.017654813952365164,0.015720929565100836,0.12952545285224915,0.06946694850921631,0.13437700271606445,0.355176106095314,0.5759752094745636,0.3649549037218094,0.15393459796905518,0.18795457482337952,0.22197455167770386,0.24670910835266113,0.2714436650276184,0.28005480766296387,0.2886659502983093,0.29699021577835083,0.30531448125839233,0.37959837913513184,0.39142245054244995,0.4318397641181946,0.4502449035644531,0.43583378195762634,0.41127830743789673,0.44278569519519806,0.45243969559669495,0.2405535653233528,0.14261248086889586,0.09794108445445696,0.26557280868291855,0.24204419553279877,0.27670227736234665,0.31136035919189453,0.2405535653233528,0.1697467714548111,0.18323445320129395,0.1967221349477768,0.17347048223018646,0.15021882951259613,0.1432010605931282,0.13618329167366028,0.14367011189460754,0.1511569321155548,0.14907047897577286,0.1544904261827469,0.14700809121131897,0.14005576074123383,0.1752355769276619,0.16982252895832062,0.16661828011274338,0.1802329272031784
1716202887,qslstm,extrapolation,near_best,2000196,62,2,60,59,2,0.16974699238276866,0.4036750504747033,0.25887172337308173,0.5087943822145462,0.11137111717537851,0.3172711357474327,0.1716928548896817,0.40655518096561233,0.013467919523433104,0.0115661667842491,-0.00488792359828949,0.3309496217407286,0.3478555679321289,0.31917245918884873,0.32766997814178467,0.3172711357474327,0.21378131210803986,0.296153299510479,0.21812961995601654,0.30121587961912155,0.2545761913061142,0.28765978664159775,0.24764959514141083,0.24850991368293762,0.2832385152578354,0.28533634543418884,0.3160964995622635,0.3113480508327484,0.33945758640766144,0.35634057223796844,0.37322355806827545,0.3934360593557358,0.4136485606431961,0.2676197737455368,0.13865897518893083,0.12896079855660597,0.2405649945139885,0.21262438595294952,0.2536022439599037,0.19314248859882355,0.2676197737455368,0.27628058195114136,0.19535990804433823,0.16796141862869263,0.17919932305812836,0.1457742601633072,0.16493038833141327,0.136718288064003,0.2016960307955742,0.12711147964000702,0.1381262093782425,0.1304781585931778,0.125464029610157,0.123816579580307,0.1212967000901699,0.1187768206000328,0.11839614063501358,0.11801546066999435
1716202887,qslstm,extrapolation,near_best,2000197,62,6,56,56,5,0.21373171751631215,0.45266027724550617,0.2512520393344042,0.5012504756450653,0.06969598540242561,0.23273874570926031,0.22916411738565715,0.4762232984815325,0.023008025650467192,0.02157488682053306,0.11882095336914063,0.1542767658829689,0.21098065376281738,0.2248173862695694,0.18171781301498413,0.23273874570926031,0.3741762042045593,0.2781939432024956,0.406476765871048,0.29932890087366104,0.4532361328601837,0.2930624733368556,0.42911404371261597,0.3337695548931758,0.4001518487930298,0.4237542450428009,0.4472687244415283,0.4362205018599828,0.44262659549713135,0.4460696528355281,0.44936656951904297,0.44112900892893475,0.4337546229362488,0.22731306155522665,0.17577536098126853,0.05153770057395812,0.20060761645436287,0.15258343517780304,0.23799242079257965,0.1658792793750763,0.22731306155522665,0.1413162350654602,0.20957755049069723,0.17213089764118195,0.21520647158225378,0.208625927567482,0.17247067640225092,0.18123571574687958,0.16166269282499948,0.1568305939435959,0.17379423727591833,0.17315959930419922,0.1808567096789678,0.2050352692604065,0.2115459938844045,0.23453284800052643,0.23110289126634598,0.21922940015792847
1716202887,qslstm,extrapolation,near_best,2000198,62,2,60,59,2,0.10771502565019744,0.32124804585210737,0.16355381553991322,0.40441787242889404,0.025806390068261464,0.16059356927871704,0.11044531350292865,0.3266031950712204,0.017808000920182566,0.01735077988017689,0.0584007203578949,0.2333674281835556,0.24814456701278687,0.23114211857318878,0.23949921131134033,0.16059356927871704,0.15658164024353027,0.1975097358226776,0.19467705488204956,0.2343863844871521,0.22062820196151733,0.21045738458633423,0.18141555786132812,0.18788787722587585,0.21919411420822144,0.24488607048988342,0.2691439390182495,0.2598421573638916,0.30049020051956177,0.3036705553531647,0.3068509101867676,0.31032997369766235,0.31380903720855713,0.26865842938423157,0.13367842336495717,0.1349800060192744,0.23766712099313736,0.19733043015003204,0.2585619166493416,0.19941292703151703,0.26865842938423157,0.27394843101501465,0.20364481210708618,0.18660539388656616,0.1808120310306549,0.16429363191127777,0.22983092814683914,0.26024892926216125,0.20519297569990158,0.1364375203847885,0.14626187831163406,0.12823012471199036,0.13055158033967018,0.12466564029455185,0.12286875769495964,0.12107187509536743,0.11978868022561073,0.11850548535585403
1716202887,qslstm,extrapolation,near_best,2000199,62,2,60,60,1,0.27158828554421943,0.5186458376626815,0.3308690527272553,0.5752121806144714,0.08951737557563366,0.29839689284563065,0.27765731587650566,0.5259874691565831,0.01981728971004486,0.01981728971004486,0.17383551597595215,,,0.3202296644449234,0.3202296644449234,0.29839689284563065,0.2765641212463379,0.37459930777549744,0.472634494304657,0.4774707853794098,0.4823070764541626,0.47474728524684906,0.4671874940395355,0.48422299325466156,0.5012584924697876,0.47808559238910675,0.4861648678779602,0.4505371153354645,0.4542654752731323,0.49174223840236664,0.49292367696762085,0.5146807581186295,0.5113378167152405,0.34141986072063446,0.19220850492517152,0.14921135579546294,,,0.43692031502723694,0.43692031502723694,0.34141986072063446,0.24591940641403198,0.2731541842222214,0.30038896203041077,0.2921179085969925,0.2838468551635742,0.2627904489636421,0.24173404276371002,0.24236683547496796,0.2429996281862259,0.21156257390975952,0.21734388172626495,0.23859401047229767,0.24965216219425201,0.1767827495932579,0.187372624874115,0.19381120800971985,0.20076511800289154
1716202887,qslstm,extrapolation,near_best,2000200,62,3,59,59,2,0.28368378685686507,0.5268942157347356,0.2919002396070889,0.5402779281139374,0.0798344249209474,0.23878345700601736,0.2940490086502168,0.5415439153311111,0.01903452307490979,0.014538211481911796,0.06694084405899048,0.6070487145334482,0.6360637787729502,0.33111582417041063,0.026167869567871094,0.23878345700601736,0.363015741109848,0.4276968122770389,0.45399925112724304,0.5012857199956974,0.4718242585659027,0.5338446975996097,0.4936460554599762,0.35289772351582843,0.5388792455196381,0.5082185367743174,0.5259371697902679,0.5233095188935598,0.5437507331371307,0.5256707966327667,0.5054014027118683,0.5267822245756785,0.5188020169734955,0.301558256149292,0.13295500030962087,0.16860325583967112,0.2346503585577011,0.2460552304983139,0.22802948206663132,0.21000373363494873,0.301558256149292,0.18194282054901123,0.17772297064463297,0.12908633053302765,0.16634811460971832,0.146712526679039,0.17653450866540274,0.13683576881885529,0.16226490338643393,0.13995520770549774,0.13662534455458322,0.1364971548318863,0.13649581869443259,0.13543155789375305,0.13511941830317178,0.1314348578453064,0.1339814414580663,0.1270979940891266
1716202887,qslstm,extrapolation,near_best,2000201,62,3,59,58,3,0.12917828335373413,0.3468967680969546,0.16316527816458404,0.4039372205734253,0.05908245691054178,0.23886643846829733,0.13274247791864224,0.3523898357051914,0.018783619691585672,0.017686359162600536,0.14593631029129028,0.0949670672416687,0.18403053283691406,0.11029522617657979,0.13611900806427002,0.23886643846829733,0.2979660630226135,0.2538985212643941,0.32054227590560913,0.24855472644170126,0.36356234550476074,0.23243443171183267,0.32665497064590454,0.2254828413327535,0.2924883961677551,0.23307126760482788,0.2651287317276001,0.31428656975428265,0.258755087852478,0.2809916138648987,0.2744274139404297,0.27390464146931964,0.3217579126358032,0.20801504453023276,0.1970850128238484,0.010930031706384347,0.21885094791650772,0.14959581196308136,0.2400879313548406,0.14353404939174652,0.20801504453023276,0.1451534926891327,0.17826812962690988,0.12913964688777924,0.19809305667877197,0.15142346918582916,0.20067661007245383,0.18982617557048798,0.17172151803970337,0.18082402646541595,0.17771793405214945,0.24446626007556915,0.14829140404860178,0.16431109607219696,0.2060088962316513,0.16482210159301758,0.14212257911761603,0.1546286791563034
1716202887,qslstm,extrapolation,near_best,2000202,62,5,57,57,4,0.2688764157213518,0.506692030917733,0.3454970986297212,0.5877900123596191,0.12253148362452211,0.3221345253288746,0.2817136904666877,0.5228812857939485,0.021666780375597768,0.017361861354899855,0.10264379531145096,0.2328772358596325,0.12356966733932495,0.37139508221298456,0.45469027757644653,0.3221345253288746,0.4399201273918152,0.3587254241108894,0.44426995515823364,0.4212803617119789,0.4453344941139221,0.3947549588978291,0.4019513726234436,0.2823962330818176,0.41647666692733765,0.3881310224533081,0.4736577868461609,0.45736115574836733,0.5001941621303558,0.49026515483856203,0.5592582821846008,0.5337588548660278,0.5456033647060394,0.197967928647995,0.17535400390625,0.022613924741745006,0.15054228901863098,0.1395859718322754,0.17700599133968353,0.1430482268333435,0.197967928647995,0.1306382119655609,0.17516884207725525,0.1364251673221588,0.1555558145046234,0.14595289528369904,0.1621213138103485,0.1293252855539322,0.15370778739452362,0.16006942093372345,0.14993641376495362,0.13638339936733246,0.1440067023038864,0.1300099641084671,0.15902008712291718,0.18404507637023926,0.15895285904407502,0.1826227754354477
1716202887,qslstm,extrapolation,near_best,2000203,62,4,58,58,3,0.12935128058210643,0.346362775612262,0.19146735336197285,0.43756982684135437,0.1138906192121259,0.29589400812983513,0.13041753309038093,0.34984338026622247,0.018307131939920885,0.01590858734383875,0.04626694321632385,0.34510502964258194,0.4968288242816925,0.32511208951473236,0.5364868342876434,0.29589400812983513,0.1507982611656189,0.2926761731505394,0.18660932779312134,0.27377092838287354,0.21112650632858276,0.27988241612911224,0.20022743940353394,0.20233154296875,0.2289833426475525,0.20521561056375504,0.2475259006023407,0.4098726212978363,0.27414172887802124,0.23275545984506607,0.3194725215435028,0.28105274587869644,0.3311687409877777,0.18268819898366928,0.16300850438660588,0.019679694597063396,0.15087469667196274,0.13978666067123413,0.1902309705813726,0.19854635000228882,0.18268819898366928,0.12739484012126923,0.179116353392601,0.1250273883342743,0.17081351205706596,0.13512729108333588,0.16847457364201546,0.12272176146507263,0.1554753351956606,0.12447672337293625,0.14398030564188957,0.1469092220067978,0.12970318086445332,0.13422538340091705,0.13157275691628456,0.13964341580867767,0.15451637096703053,0.13511641323566437
1716202887,qslstm,extrapolation,near_best,2000204,62,2,60,59,2,0.12437600177515107,0.33088366446956513,0.1698659115081027,0.4121479243040085,0.11066741877289499,0.3220790848135948,0.12483295454189294,0.3311771504580975,0.023915420649415355,0.020947368639820028,0.09097333252429962,0.03082399070262909,0.05834665894508362,0.23184363543987274,0.40534061193466187,0.3220790848135948,0.23881755769252777,0.22992868721485138,0.221039816737175,0.24079760909080505,0.2605554014444351,0.29541435837745667,0.3302733153104782,0.29547150433063507,0.26066969335079193,0.26516926288604736,0.2767358869314194,0.3089996427297592,0.33362649381160736,0.3246287554502487,0.3275923579931259,0.3421390503644943,0.34946541488170624,0.15800344944000244,0.19845543826619785,-0.04045198882619541,0.14067500084638596,0.13559485971927643,0.1387091726064682,0.14182348549365997,0.15800344944000244,0.1741834133863449,0.1507393643260002,0.12729531526565552,0.13578729331493378,0.14427927136421204,0.15469496697187424,0.16511066257953644,0.1846514716744423,0.20419228076934814,0.15145882219076157,0.16263973712921143,0.1818864420056343,0.20993924140930176,0.290673591196537,0.23999042809009552,0.1305023804306984,0.12777210772037506
1716202887,qslstm,extrapolation,near_best,2000205,62,1,61,60,1,0.09898621203724815,0.30394784817772524,0.14248914814047353,0.37747734785079956,0.03797034271721955,0.1948598027229309,0.09998647219003551,0.3057361767917383,0.018907510737578074,0.012726919448122065,0.03156447410583496,0.2491247057914734,0.2491247057914734,0.26697230339050293,0.26697230339050293,0.1948598027229309,0.1948598027229309,0.2545592784881592,0.2545592784881592,0.29854679107666016,0.29854679107666016,0.31828683614730835,0.31828683614730835,0.28411567211151123,0.28411567211151123,0.2676182985305786,0.2676182985305786,0.2331676483154297,0.2331676483154297,0.29961979389190674,0.29961979389190674,0.32390397787094116,0.32390397787094116,0.13361211121082306,0.12758814067137045,0.006023970539452611,0.13704442977905273,0.13704442977905273,0.13458062708377838,0.13458062708377838,0.13361211121082306,0.13361211121082306,0.13970226049423218,0.13970226049423218,0.13340994715690613,0.13340994715690613,0.14839382469654083,0.14839382469654083,0.11839914321899414,0.11839914321899414,0.1166561171412468,0.1166561171412468,0.12139436602592468,0.12139436602592468,0.12778545916080475,0.12778545916080475,0.1292194277048111,0.1292194277048111
1716202887,qslstm,extrapolation,near_best,2000206,62,2,60,59,2,0.019762268120867846,0.11334712947568586,0.003860766993789788,0.06213507056236267,0.04445088210340886,0.19926847517490387,0.01893931432144981,0.11048308461904525,0.02475705894373231,0.02475705894373231,0.08240386843681335,0.17956984043121338,0.17956984043121338,0.15498459339141846,0.13039934635162354,0.19926847517490387,0.2681376039981842,0.31561046838760376,0.3630833327770233,0.3562309443950653,0.3493785560131073,0.34531867504119873,0.34125879406929016,0.35500016808509827,0.36874154210090637,0.2885068356990814,0.313522070646286,0.2008189857006073,0.16870054602622986,0.09992480278015137,0.08970972895622253,0.08255347609519958,0.10329028964042664,0.24004678428173065,0.12490716663499674,0.11513961764673392,0.20889730751514435,0.20889730751514435,0.2244013398885727,0.23990537226200104,0.24004678428173065,0.24018819630146027,0.20453864336013794,0.1688890904188156,0.16303807497024536,0.1571870595216751,0.15451128780841827,0.15183551609516144,0.1466144621372223,0.14139340817928314,0.19292105734348297,0.13820436596870422,0.14031127840280533,0.13190022110939026,0.13561860471963882,0.14277638494968414,0.11976248025894165,0.117220439016819
1716202887,qslstm,extrapolation,near_best,2000207,62,5,57,56,5,0.14346421802398437,0.37034326287046554,0.19364577816702444,0.44005201756954193,0.10087975984090058,0.30255702435970305,0.1471996968119742,0.37628942414333943,0.018101516046694348,0.014743765816092491,0.09312531352043152,0.2745058760046959,0.09479796886444092,0.2796596109867096,0.13833552598953247,0.30255702435970305,0.3113154321908951,0.2625139862298965,0.3354996591806412,0.2866800755262375,0.3233269304037094,0.3176987051963806,0.3139374405145645,0.3214229464530945,0.3245573490858078,0.30245267152786254,0.34227822721004486,0.25543379187583926,0.34022070467472076,0.33389379680156706,0.38915686309337616,0.35793469846248627,0.3823847025632858,0.1796720266342163,0.1377218572194116,0.0419501694148047,0.19600948691368103,0.13836786150932312,0.18607523441314697,0.15527118742465973,0.1796720266342163,0.1685510128736496,0.1756461650133133,0.1677211970090866,0.15301358699798584,0.13697130978107452,0.15807196497917175,0.12873204052448273,0.1614268884062767,0.1246577575802803,0.14234461784362792,0.1371942013502121,0.14338979125022888,0.1555374562740326,0.14778314530849457,0.1655448079109192,0.14377807527780534,0.1283654272556305
1716202887,qslstm,extrapolation,near_best,2000208,62,3,59,59,2,0.22310087037228854,0.4642329744754299,0.2630092702059281,0.5128442943096161,0.12416908416712712,0.3405073657631874,0.2281313001793307,0.47052410712181514,0.023239943435636616,0.019861416747936837,0.10909485816955566,0.3935229741036892,0.5121735259890556,0.36815863475203514,0.5088916346430779,0.3405073657631874,0.29126226902008057,0.3422982667883237,0.4009384512901306,0.3680986538529396,0.37270909547805786,0.37977204471826553,0.355552077293396,0.29803699254989624,0.3754230737686157,0.41582369556029636,0.39595943689346313,0.44118410100539523,0.4392375946044922,0.4284051756064097,0.49042585492134094,0.4558103283246358,0.4800806939601898,0.2907293538252513,0.185680324748411,0.10504902907684027,0.1842871606349945,0.18610376119613647,0.18213392794132233,0.18641899526119232,0.2907293538252513,0.14574871957302094,0.21720350285371146,0.18023794889450073,0.17376993596553802,0.16774886846542358,0.1692364513874054,0.13881979882717133,0.15077089766661325,0.12871511280536652,0.16490360101064047,0.15565024316310883,0.15060669680436453,0.13668598234653473,0.14006396134694418,0.14468610286712646,0.15407338490088782,0.1939624547958374
1716202887,qslstm,extrapolation,near_best,2000209,62,2,60,60,1,0.16901861342410304,0.40095333682913936,0.1879874911324828,0.43357524275779724,0.0747100635085457,0.25265076011419296,0.17216223175462161,0.4058967560529709,0.02406100481748581,0.01861861182583703,0.0445135235786438,0.23060743510723114,0.23060743510723114,0.24356262385845184,0.24356262385845184,0.25265076011419296,0.35694676637649536,0.2908109053969383,0.3386533260345459,0.2139711007475853,0.3564974069595337,0.24841564148664474,0.3517095446586609,0.23649536818265915,0.31194525957107544,0.2963499650359154,0.3491373062133789,0.3571120500564575,0.37557077407836914,0.3943323343992233,0.42512431740760803,0.4124404191970825,0.44173741340637207,0.24178621172904968,0.18068889131148655,0.061097320417563133,0.20687027275562286,0.20687027275562286,0.24949710071086884,0.24949710071086884,0.24178621172904968,0.18727785348892212,0.1853923425078392,0.16861534118652344,0.20405981689691544,0.1548343151807785,0.20808600634336472,0.23004500567913055,0.2294858694076538,0.1404036283493042,0.20105162262916565,0.15260614454746246,0.16845377534627914,0.16829220950603485,0.1368865892291069,0.13341641426086426,0.155667494982481,0.1876979023218155
1716202887,qslstm,extrapolation,near_best,2000210,62,3,59,59,2,0.10466674875900965,0.31760105106138414,0.15650958665735093,0.3956129252910614,0.048383599989117045,0.21524956822395325,0.10752860378120757,0.32280536374803315,0.018382592221437875,0.01337459683418274,0.02060920000076294,0.23828507959842682,0.22518029808998108,0.2125847190618515,0.18108603358268738,0.21524956822395325,0.20091289281845093,0.1964009702205658,0.16419482231140137,0.20930513739585876,0.20924419164657593,0.2425482670466105,0.23259025812149048,0.2553657591342926,0.2541232109069824,0.2623884677886963,0.26117223501205444,0.26630812883377075,0.29909706115722656,0.27250905831654865,0.3167300224304199,0.2910306255022685,0.3035438060760498,0.19187146921952566,0.15687093934265234,0.035000529876873326,0.14555912464857101,0.1446552574634552,0.18240732699632645,0.20392470061779022,0.19187146921952566,0.13109228014945984,0.20728733638922373,0.1498440057039261,0.23069961865743002,0.13910280168056488,0.22746310631434122,0.1295982003211975,0.21214374899864197,0.15172834694385529,0.14413282771905264,0.14810940623283386,0.14927268028259277,0.13107655942440033,0.13680166999499002,0.15249453485012054,0.15198024610678354,0.14645187556743622
1716202887,qslstm,extrapolation,near_best,2000211,62,1,61,60,1,0.22036372322275652,0.4626630006297942,0.25921102131139495,0.5091277062892914,0.1590752317595454,0.39884236454963684,0.2213684525910059,0.4637092405655345,0.01468446950117747,0.01468446950117747,0.21269452571868896,,,0.02805653214454651,0.02805653214454651,0.39884236454963684,0.39884236454963684,0.3992633521556854,0.3992633521556854,0.36956143379211426,0.36956143379211426,0.4049075245857239,0.4049075245857239,0.3318988084793091,0.3318988084793091,0.38495302200317383,0.38495302200317383,0.36487776041030884,0.36487776041030884,0.36364614963531494,0.36364614963531494,0.4785369634628296,0.4785369634628296,0.20060288906097412,0.14196363763242473,0.058639251428549394,,,0.4608997404575348,0.4608997404575348,0.20060288906097412,0.20060288906097412,0.25003716349601746,0.25003716349601746,0.2031250149011612,0.2031250149011612,0.15817026793956757,0.15817026793956757,0.17120611667633057,0.17120611667633057,0.22109615802764893,0.22109615802764893,0.14314550161361694,0.14314550161361694,0.17633561789989471,0.17633561789989471,0.14971044659614563,0.14971044659614563
1716202887,qslstm,extrapolation,near_best,2000212,62,1,61,61,0,0.21051040150587771,0.45108558766303525,0.308201121023445,0.5551586449146271,0.005575589150397242,0.07466986775398254,0.21386998859367248,0.457256337169741,0.023309883524159917,0.023309883524159917,,,,,,0.07466986775398254,0.07466986775398254,0.2223953902721405,0.2223953902721405,0.20605406165122986,0.20605406165122986,0.299805611371994,0.299805611371994,0.29731085896492004,0.29731085896492004,0.3640684187412262,0.3640684187412262,0.4200180470943451,0.4200180470943451,0.5389609634876251,0.5389609634876251,0.4203053414821625,0.4203053414821625,0.2831469476222992,0.20475460955354033,0.07839233806875887,,,,,0.2831469476222992,0.2831469476222992,0.2713817358016968,0.2713817358016968,0.21650813519954681,0.21650813519954681,0.26773062348365784,0.26773062348365784,0.2252902239561081,0.2252902239561081,0.16495800018310547,0.16495800018310547,0.16633231937885284,0.16633231937885284,0.3163991868495941,0.3163991868495941,0.19404105842113495,0.19404105842113495
1716202887,qslstm,extrapolation,near_best,2000213,62,2,60,60,1,0.06400534023057412,0.2490279914871339,0.0796033420964557,0.2821406424045563,0.037566296010439065,0.18920162692666054,0.06488664170457861,0.2510222036391497,0.020430999994277953,0.01712194141351952,0.014883369207382202,0.33958590775728226,0.33958590775728226,0.3473101630806923,0.3473101630806923,0.18920162692666054,0.14714166522026062,0.18160850182175636,0.14624148607254028,0.21566984429955482,0.10511171817779541,0.23506217077374458,0.18272006511688232,0.30976659432053566,0.23188278079032898,0.2850339151918888,0.23048192262649536,0.20238429307937622,0.2576269209384918,0.22197628021240234,0.2120697796344757,0.25441960990428925,0.25121229887008667,0.27825141698122025,0.13940915353596212,0.13884226344525813,0.1454237550497055,0.1454237550497055,0.15575964748859406,0.15575964748859406,0.27825141698122025,0.14435474574565887,0.21026057749986649,0.15802542865276337,0.1557491458952427,0.12481265515089035,0.15426697582006454,0.14325948059558868,0.1379585936665535,0.13538438081741333,0.1384013444185257,0.1313789337873459,0.13769709318876266,0.13103944063186646,0.13701019436120987,0.1386360079050064,0.12564856931567192,0.12025769799947739
1716202887,qslstm,extrapolation,near_best,2000214,62,3,59,59,2,0.13373590861281906,0.3572378711354348,0.16870464480455727,0.41073670983314514,0.04108154574056577,0.1982927918434143,0.13844714740293365,0.36531982431977483,0.020645248687873454,0.020738226175308228,0.05342763662338257,0.20744028687477112,0.20744028687477112,0.24599908292293549,0.2371433973312378,0.1982927918434143,0.15442883968353271,0.18933868408203125,0.2097858190536499,0.20394978920618692,0.24963179230690002,0.20363460977872214,0.21388143301010132,0.23599737882614136,0.26340845227241516,0.21434463063875833,0.2788192331790924,0.255900502204895,0.3041882812976837,0.3255052864551544,0.35801151394844055,0.3395030001799266,0.37594011425971985,0.2906866520643234,0.1271271256066985,0.16355952645762492,0.15871062874794006,0.15871062874794006,0.27126847207546234,0.14520418643951416,0.2906866520643234,0.164001002907753,0.21922811369101206,0.14020930230617523,0.18960477908452353,0.13835911452770233,0.17517786224683127,0.14311657845973969,0.14452438056468964,0.12965832650661469,0.14306045571962991,0.12497106194496155,0.13716990252335867,0.13003401458263397,0.12659075111150742,0.12376634031534195,0.1402039180199305,0.13575880229473114
1716202887,qslstm,extrapolation,near_best,2000215,62,2,60,59,2,0.28325843851510485,0.5210952894581903,0.33657663413889033,0.5801522508263588,0.16722376762016491,0.408929992467165,0.28712626087826953,0.5248341326912244,0.019533518512370222,0.017527950661523,0.0701761543750763,0.23186230659484863,0.4090999364852905,0.27668318152427673,0.38551920652389526,0.408929992467165,0.40876004844903946,0.4288310296833515,0.47214285284280777,0.40293974429368973,0.39711944013834,0.4643455520272255,0.4565482512116432,0.4311337545514107,0.46514806896448135,0.4832223430275917,0.5012966170907021,0.49977365881204605,0.49825070053339005,0.5147162154316902,0.5042156353592873,0.5499709621071815,0.5662885084748268,0.21236254274845123,0.12446098265548547,0.08790156009296576,0.20015950500965118,0.18549518287181854,0.1784709095954895,0.16331864893436432,0.21236254274845123,0.23922990262508392,0.14875663816928864,0.13419462740421295,0.19297419488430023,0.14671848714351654,0.13265395909547806,0.13111329078674316,0.14626529812812805,0.14581210911273956,0.13811872899532318,0.1304253488779068,0.1271185539662838,0.1238117590546608,0.12397043406963348,0.12198048830032349,0.1171245239675045,0.11713602393865585
1716202887,qslstm,extrapolation,near_best,2000216,62,3,59,58,3,0.24149574557386866,0.46329309695189996,0.3191600552394205,0.5649425238370895,0.12429855488854306,0.31293344000975293,0.2474549247612581,0.4709385032370939,0.01938396692276001,0.01415990044673284,0.0702972412109375,0.2007799744606018,0.22894930839538574,0.21610345443089804,0.2684991955757141,0.31293344000975293,0.5400385111570358,0.28753232459227246,0.547961875796318,0.37684569756189984,0.5280834883451462,0.4088179369767507,0.5150809735059738,0.37927024563153583,0.5214262455701828,0.3907345235347748,0.5008715838193893,0.40229399005572003,0.5333997458219528,0.544700488448143,0.5557020753622055,0.5304855952660242,0.5436847656965256,0.19786802182594934,0.15041928776239943,0.04744873406354991,0.13094360381364822,0.12684018909931183,0.2091828634341558,0.134132981300354,0.19786802182594934,0.1237192377448082,0.23592826972405115,0.11933881789445877,0.16816297421852747,0.13078570365905762,0.14388293772935867,0.12720830738544464,0.14292112489541373,0.12160331010818481,0.12497204045454662,0.12095490097999573,0.12579193959633508,0.12137389928102493,0.12090420474608739,0.11561862379312515,0.1278951888283094,0.12064986675977707
1716202887,qslstm,extrapolation,near_best,2000217,62,3,59,58,3,0.17269843073958124,0.4073473932521959,0.2959939783490748,0.5440532863140106,0.12015742117181759,0.3457919533054034,0.17537000749726417,0.41047733087660904,0.017929536515268785,0.013209374027049288,0.0675363540649414,0.22015799830357233,0.3076465129852295,0.26038677245378494,0.3351087272167206,0.3457919533054034,0.33193451166152954,0.3408849810560544,0.31802695989608765,0.35843563824892044,0.3301776647567749,0.3437689046065013,0.34551143646240234,0.37183969219525653,0.3501334488391876,0.3661918540795644,0.3808029890060425,0.36877748370170593,0.4282574951648712,0.3656579951445262,0.4195280373096466,0.39763860901196796,0.4356837570667267,0.16832035531600317,0.14683663226285223,0.021483723053150938,0.27146125833193463,0.12235862016677856,0.18256590267022452,0.12979567050933838,0.16832035531600317,0.12294720858335495,0.2082802007595698,0.14287959039211273,0.15608935058116913,0.1162109375,0.1443143238623937,0.11786001920700073,0.13872677584489188,0.12041598558425903,0.140394260485967,0.12055084109306335,0.1278741161028544,0.12386161088943481,0.12066399057706197,0.12118474394083023,0.118834488093853,0.11938938498497009
1716202887,qslstm,extrapolation,near_best,2000218,62,2,60,60,1,0.2284127306467681,0.4718726773656184,0.2672559869098201,0.5169680714607239,0.10041159579162631,0.3133986182510853,0.2326794351419395,0.4771551460027695,0.016780192653338116,0.014451652765274048,0.04984655976295471,0.3599248304963112,0.3599248304963112,0.36837974935770035,0.36837974935770035,0.3133986182510853,0.3602270483970642,0.36672518029809,0.43632426857948303,0.35398367419838905,0.4371926784515381,0.4016592688858509,0.4582784175872803,0.38481901958584785,0.4267174303531647,0.38543276861310005,0.44670137763023376,0.4068797267973423,0.44537970423698425,0.4543919861316681,0.4505055546760559,0.4813266843557358,0.5242877304553986,0.280713751912117,0.18176449413100879,0.09894925778110822,0.1990474909543991,0.1990474909543991,0.17996080219745636,0.17996080219745636,0.280713751912117,0.1578478217124939,0.2045893445611,0.1997212916612625,0.17533546686172485,0.14766080677509308,0.18410416692495346,0.1860397309064865,0.21581923216581345,0.1818298101425171,0.19631288200616837,0.24753786623477936,0.22755219787359238,0.2751435935497284,0.2257733717560768,0.2655070126056671,0.22007399797439575,0.18336522579193115
1716202887,qslstm,extrapolation,near_best,2000219,62,1,61,60,1,0.23408502636712145,0.48080245693845136,0.2655219945620013,0.5152882635593414,0.08981342220346633,0.2996888756752014,0.2364501346320994,0.48377153204112755,0.016527006526788075,0.016527006526788075,0.1673600673675537,,,0.361452654004097,0.361452654004097,0.2996888756752014,0.2996888756752014,0.4614632725715637,0.4614632725715637,0.4263990521430969,0.4263990521430969,0.45022082328796387,0.45022082328796387,0.44935107231140137,0.44935107231140137,0.35539501905441284,0.35539501905441284,0.35569363832473755,0.35569363832473755,0.40789085626602173,0.40789085626602173,0.47205352783203125,0.47205352783203125,0.2876793444156647,0.13078750083681012,0.15689184357885455,,,0.3020789325237274,0.3020789325237274,0.2876793444156647,0.2876793444156647,0.3061392307281494,0.3061392307281494,0.20525257289409637,0.20525257289409637,0.1663229614496231,0.1663229614496231,0.15180256962776184,0.15180256962776184,0.1361166536808014,0.1361166536808014,0.18656732141971588,0.18656732141971588,0.14756952226161957,0.14756952226161957,0.1301087886095047,0.1301087886095047
1716202887,qslstm,extrapolation,near_best,2000220,62,6,56,55,6,0.20910489798614776,0.44332113303244114,0.3585649107479971,0.5988028980791569,0.11195618178595208,0.32245866643885773,0.21951368900759727,0.45627068302461077,0.015679739822040906,0.014425119385123253,0.05125921964645386,0.3214638888835907,0.24576449394226074,0.32069121797879535,0.2624431252479553,0.32245866643885773,0.32147086039185524,0.3113220365097125,0.33039477840065956,0.3087759880969922,0.3577651120722294,0.3298341588427623,0.35346320644021034,0.30444069765508175,0.38897326961159706,0.280543964356184,0.3729361928999424,0.30737189141412574,0.3515317775309086,0.3700694181025028,0.4313422776758671,0.3896389740208785,0.43269873037934303,0.2630079612135887,0.12719869773302758,0.13580926348056113,0.2404123306274414,0.1769324690103531,0.2270247315367063,0.15645018219947815,0.2630079612135887,0.2543692886829376,0.21854193260272345,0.14301829040050507,0.19075876474380493,0.1287119835615158,0.1751855065425237,0.14054811000823975,0.16288707653681436,0.12553809583187103,0.17023584991693497,0.12324577569961548,0.14150159185131392,0.12160032242536545,0.1496571625272433,0.1157403364777565,0.12013933062553406,0.11910998821258545
1716202887,qslstm,extrapolation,near_best,2000221,62,0,62,61,0,0.07672841269710733,0.2728450769378293,0.09032764159088913,0.3005455732345581,,,0.07672841269710733,0.2728450769378293,0.022051777996000697,0.022051777996000697,,,,,,,,,,,,,,,,,,,,,,,,,0.13168602256524947,,,,,,,,,,,,,,,,,,,,,,,
1716202887,qslstm,extrapolation,near_best,2000222,62,3,59,59,2,0.14401579454133304,0.3672837071841763,0.17325274118798006,0.41623640060424805,0.10180288941523734,0.28338198860486347,0.1461622134460498,0.3715498962644803,0.010377096422648027,0.008414940701590644,0.04942072927951813,0.04951205849647522,0.04951205849647522,0.22041893005371094,0.03478759527206421,0.28338198860486347,0.3668258786201477,0.18265495697657266,0.35799747705459595,0.20851945877075195,0.37791115045547485,0.1987550954023997,0.39335793256759644,0.17456810673077902,0.4062345623970032,0.25962843497594196,0.377271831035614,0.37512046098709106,0.3894527554512024,0.38214118282000226,0.3925083577632904,0.39625457922617596,0.399967223405838,0.22708294788996378,0.1265862007009781,0.10049674718898569,0.1736205369234085,0.1736205369234085,0.2112329974770546,0.22425305843353271,0.22708294788996378,0.18026553094387054,0.22257933020591736,0.1826300472021103,0.18244061867396036,0.18009836971759796,0.17650695145130157,0.1703687161207199,0.16598252952098846,0.15006083250045776,0.18113137284914652,0.13887552917003632,0.16308332979679108,0.12652157247066498,0.12935707221428552,0.1265072077512741,0.125244510670503,0.11905498057603836
1716202887,qslstm,extrapolation,near_best,2000223,62,0,62,61,0,0.11136479748338289,0.3281787701191441,0.13094740982169473,0.3618665635585785,,,0.11136479748338289,0.3281787701191441,0.02738859223537758,0.02738859223537758,,,,,,,,,,,,,,,,,,,,,,,,,0.15662619267259875,,,,,,,,,,,,,,,,,,,,,,,
1716202887,qslstm,extrapolation,near_best,2000224,62,2,60,60,1,0.22564038033822875,0.4616928139040547,0.2950685561948072,0.543202131986618,0.0925277373837674,0.28882698714733124,0.2300774684367108,0.4674550081292788,0.021181308229764304,0.018269590205616422,0.08666816353797913,0.2210541069507599,0.2210541069507599,0.17969179153442383,0.17969179153442383,0.28882698714733124,0.3842560648918152,0.26784661412239075,0.40827614068984985,0.2321903258562088,0.366649329662323,0.2682706117630005,0.3859103322029114,0.3409298211336136,0.4488210678100586,0.2949683964252472,0.41024500131607056,0.44807110726833344,0.487866073846817,0.47345562279224396,0.47720783948898315,0.5002879053354263,0.4989653527736664,0.23992516100406647,0.16737620507677395,0.07254895592729252,0.2123657613992691,0.2123657613992691,0.13843433558940887,0.13843433558940887,0.23992516100406647,0.13869613409042358,0.1798742562532425,0.13666681945323944,0.22682036459445953,0.12616050243377686,0.16301754862070084,0.13989031314849854,0.16269464045763016,0.14676982164382935,0.13198817521333694,0.12554201483726501,0.13727398216724396,0.13788114488124847,0.1401563063263893,0.12877579033374786,0.15043379366397858,0.15120385587215424
1716202887,qslstm,extrapolation,near_best,2000225,62,1,61,60,1,0.3098232152449166,0.5473887795402158,0.3485476800027252,0.5903792679309845,0.07365199342893902,0.2713890075683594,0.3136948746189491,0.551913365965984,0.016761739552021027,0.01596015742269613,0.11430519819259644,0.09681892395019531,0.09681892395019531,0.03276383876800537,0.03276383876800537,0.2713890075683594,0.2713890075683594,0.4183439612388611,0.4183439612388611,0.43729472160339355,0.43729472160339355,0.49447765946388245,0.49447765946388245,0.5563401281833649,0.5563401281833649,0.5837666690349579,0.5837666690349579,0.6035117208957672,0.6035117208957672,0.5688183009624481,0.5688183009624481,0.5601784288883209,0.5601784288883209,0.19579601287841797,0.12870188020780438,0.0670941326706136,0.23799265921115875,0.23799265921115875,0.24469943344593048,0.24469943344593048,0.19579601287841797,0.19579601287841797,0.20352186262607574,0.20352186262607574,0.16535884141921997,0.16535884141921997,0.20776639878749847,0.20776639878749847,0.1399887502193451,0.1399887502193451,0.16613896191120148,0.16613896191120148,0.15329648554325104,0.15329648554325104,0.12482789158821106,0.12482789158821106,0.12215250730514526,0.12215250730514526
1716202887,qslstm,extrapolation,near_best,2000226,62,1,61,60,1,0.27171955122187363,0.517183234134028,0.26165121471581543,0.5115185379981995,0.16680071029125632,0.4084124267101288,0.2734395322207362,0.5189663621245838,0.017903402944405875,0.017903402944405875,0.1675328016281128,,,0.06408536434173584,0.06408536434173584,0.4084124267101288,0.4084124267101288,0.44827669858932495,0.44827669858932495,0.5219973921775818,0.5219973921775818,0.5392870306968689,0.5392870306968689,0.4721873998641968,0.4721873998641968,0.48794621229171753,0.48794621229171753,0.5300132036209106,0.5300132036209106,0.5726772546768188,0.5726772546768188,0.5519564151763916,0.5519564151763916,0.2345295399427414,0.14847468303852393,0.08605485690421746,,,0.4548574686050415,0.4548574686050415,0.2345295399427414,0.2345295399427414,0.28765082359313965,0.28765082359313965,0.20447637140750885,0.20447637140750885,0.16549013555049896,0.16549013555049896,0.16532181203365326,0.16532181203365326,0.15601615607738495,0.15601615607738495,0.15085698664188385,0.15085698664188385,0.1470627784729004,0.1470627784729004,0.14169259369373322,0.14169259369373322
1716202887,qslstm,extrapolation,near_best,2000227,62,2,60,60,1,0.01845919467248033,0.1070033083519628,0.005962899683788159,0.07721981406211853,0.046486608247591765,0.1672615185379982,0.01752494755330995,0.10499470134576162,0.02165903945763906,0.021183756214601022,0.010785520076751709,0.3174089342355728,0.3174089342355728,0.3694835752248764,0.3694835752248764,0.1672615185379982,0.031209349632263184,0.16268005222082138,0.03720521926879883,0.15480517596006393,0.032935142517089844,0.17753227800130844,0.024941474199295044,0.1704573854804039,0.005419492721557617,0.1989976391196251,0.02851170301437378,0.030158668756484985,0.023112118244171143,0.0553106963634491,0.07291123270988464,0.03373897075653076,0.06021907925605774,0.3144371435046196,0.13347416842977206,0.18096297507484754,0.14743347465991974,0.14743347465991974,0.14634056389331818,0.14634056389331818,0.3144371435046196,0.15520842373371124,0.1528996154665947,0.12556642293930054,0.19922394305467606,0.1330980509519577,0.16179309040308,0.1766650229692459,0.1431478187441826,0.13760975003242493,0.13417571038007736,0.12201085686683655,0.12908931821584702,0.1326122134923935,0.11938343942165375,0.11783254891633987,0.12019520252943039,0.12063681334257126
1716202887,qslstm,extrapolation,near_best,2000228,62,2,60,59,2,0.14541764309238686,0.37529828471522175,0.18333575948295455,0.42817725241184235,0.08562000292929739,0.25779204815626144,0.14741089776448985,0.37921515926718713,0.02022988260802576,0.02022988260802576,0.08019503951072693,0.039787888526916504,0.039787888526916504,0.2180056869983673,0.3962234854698181,0.25779204815626144,0.11936061084270477,0.1746997833251953,0.23003895580768585,0.2616121619939804,0.29318536818027496,0.28162437677383423,0.2700633853673935,0.26887768507003784,0.2676919847726822,0.336018368601799,0.3606337457895279,0.3763851076364517,0.3831746131181717,0.3929481953382492,0.3766303211450577,0.399638369679451,0.40315742790699005,0.2235012948513031,0.17241979899505774,0.05108149585624536,0.3696816861629486,0.3696816861629486,0.29240732640028,0.2151329666376114,0.2235012948513031,0.2318696230649948,0.22572214901447296,0.2195746749639511,0.2295990213751793,0.23962336778640747,0.21613072603940964,0.1926380842924118,0.18571889400482178,0.17879970371723175,0.14641525596380234,0.14418838918209076,0.15233157575130463,0.14852838218212128,0.18614926934242249,0.18700963258743286,0.21595218032598495,0.20364581048488617
1716202887,qslstm,extrapolation,near_best,2000229,62,2,60,60,1,0.1930971100639072,0.43652440295104056,0.13585931110366634,0.36859098076820374,0.07991995780608374,0.28149230033159256,0.19686968180583467,0.4416921397050222,0.016293799380461375,0.016293799380461375,0.13602334260940552,,,0.25537635385990143,0.25537635385990143,0.28149230033159256,0.3076082468032837,0.3406848609447479,0.37376147508621216,0.3351786136627197,0.2965957522392273,0.32919585704803467,0.36179596185684204,0.3311341404914856,0.30047231912612915,0.3742305189371109,0.37504997849464417,0.4120994955301285,0.4202137887477875,0.45045483112335205,0.4580909013748169,0.45573900640010834,0.452239066362381,0.3144775480031967,0.1309983588755131,0.18347918912768363,,,0.32682085037231445,0.32682085037231445,0.3144775480031967,0.302134245634079,0.2891010046005249,0.2760677635669708,0.2403027042746544,0.20453764498233795,0.19813275337219238,0.19172786176204681,0.1625700667500496,0.13341227173805237,0.15090549737215042,0.1328144669532776,0.14008905366063118,0.12494365125894547,0.1271480917930603,0.1262873262166977,0.13512109220027924,0.13133713603019714
1716202887,qslstm,extrapolation,near_best,2000230,62,1,61,60,1,0.17740447039653862,0.39584011896964044,0.23194371408411385,0.4816053509712219,0.07245190392177747,0.2691689133644104,0.17912500427317404,0.3979166961107098,0.019968673586845398,0.01676706356160781,0.026841402053833008,0.13571956753730774,0.13571956753730774,0.19984117150306702,0.19984117150306702,0.2691689133644104,0.2691689133644104,0.3366045355796814,0.3366045355796814,0.33404844999313354,0.33404844999313354,0.3243812918663025,0.3243812918663025,0.28739577531814575,0.28739577531814575,0.37582048773765564,0.37582048773765564,0.437397301197052,0.437397301197052,0.44510433077812195,0.44510433077812195,0.46797481179237366,0.46797481179237366,0.17375464737415314,0.14303043374761207,0.03072421362654107,0.23063337802886963,0.23063337802886963,0.19284217059612274,0.19284217059612274,0.17375464737415314,0.17375464737415314,0.1598692387342453,0.1598692387342453,0.15473532676696777,0.15473532676696777,0.148589089512825,0.148589089512825,0.180211141705513,0.180211141705513,0.1350918859243393,0.1350918859243393,0.14361606538295746,0.14361606538295746,0.12485728412866592,0.12485728412866592,0.11998367309570312,0.11998367309570312
1716202887,qslstm,extrapolation,near_best,2000231,62,2,60,59,2,0.2205428257895973,0.4444184125431122,0.28998078534692695,0.5384986400604248,0.07888757958620829,0.2372126579284668,0.22526466732971026,0.4513252710302671,0.02227565848221213,0.01971559799634493,0.07551303505897522,0.12938456237316132,0.08151483535766602,0.18703687191009521,0.08923190832138062,0.2372126579284668,0.38760459423065186,0.22451165318489075,0.3612924814224243,0.224575012922287,0.3370250463485718,0.2071695625782013,0.36340296268463135,0.2011961042881012,0.37979423999786377,0.23536452651023865,0.3814971446990967,0.3889197111129761,0.41654694080352783,0.4522368311882019,0.5033297538757324,0.5161159932613373,0.5912720561027527,0.18828404694795609,0.1898475912710031,-0.0015635443230470059,0.2433808296918869,0.15756291151046753,0.1679215207695961,0.13534557819366455,0.18828404694795609,0.1537177711725235,0.2455294206738472,0.20446185767650604,0.19173075631260872,0.12283817678689957,0.13764840364456177,0.1350458264350891,0.1453951671719551,0.1398770958185196,0.1412777528166771,0.14720992743968964,0.1843956708908081,0.16432948410511017,0.21084658056497574,0.2539837658405304,0.23614389449357986,0.30105891823768616
1716202887,qslstm,extrapolation,near_best,2000232,62,3,59,58,3,0.24749672420787308,0.4900238403389531,0.3333005612280573,0.5773218870162964,0.15310650019729297,0.369340846935908,0.2522962271236653,0.49616026373232824,0.0193948226756063,0.016142238812013106,0.07390124599138896,0.2858208219210307,0.48097240924835205,0.3371933301289876,0.47711384296417236,0.369340846935908,0.2917981445789337,0.4543820122877757,0.3307746350765228,0.45454245805740356,0.4055411219596863,0.3916890323162079,0.4061551094055176,0.3326864739259084,0.3754866421222687,0.410142441590627,0.41873109340667725,0.4016569157441457,0.42775195837020874,0.4704653819402059,0.5267355442047119,0.5200689832369486,0.5524708032608032,0.15033451716105142,0.16433313400563548,-0.01399861684458406,0.27938083310921985,0.1603596955537796,0.19131192564964294,0.16892753541469574,0.15033451716105142,0.14720489084720612,0.14714630444844565,0.1430814117193222,0.16271465520064035,0.15885673463344574,0.1544040044148763,0.14707958698272705,0.1494471381107966,0.1580551117658615,0.1482067952553431,0.13868406414985657,0.14211940268675485,0.1351684182882309,0.1661501576503118,0.20911288261413574,0.22504408657550812,0.19801951944828033
1716202887,qslstm,extrapolation,near_best,2000233,62,3,59,59,2,0.21594510682792503,0.46157630905508995,0.248411749670086,0.4984092190861702,0.1071989283977071,0.3269403725862503,0.22147457352776664,0.4684222041297767,0.016255019074779446,0.014291242316917138,0.04487735033035278,0.3719707503914833,0.39252594858407974,0.35007818415760994,0.30763041973114014,0.3269403725862503,0.32304079085588455,0.34954902281363803,0.3202543631196022,0.3769693747162819,0.3867667093873024,0.39983509729305905,0.40247366577386856,0.39128613223632175,0.41996917873620987,0.39394259949525195,0.4350168779492378,0.3912849500775337,0.426384337246418,0.4402393673857053,0.4521176889538765,0.44558869550625485,0.46517957001924515,0.27653161187966663,0.15684728033966938,0.11968433153999725,0.19355681538581848,0.1793442815542221,0.1756022572517395,0.1718602329492569,0.27653161187966663,0.19590437412261963,0.21906096239884695,0.13779078423976898,0.18100703756014505,0.15096090734004974,0.17400879661242166,0.17579209804534912,0.18566995859146118,0.17344842851161957,0.19027419884999594,0.2143738716840744,0.15827239553133646,0.13925038278102875,0.14402626703182855,0.1269400715827942,0.13505052030086517,0.12943598628044128
1716202887,qslstm,extrapolation,near_best,2000234,62,3,59,59,2,0.15855641624459235,0.389544875391068,0.23940983601329435,0.48929524421691895,0.06404984511875648,0.25295139849185944,0.1633618351153976,0.3964903064198413,0.017198760630720754,0.0166470047674681,0.10209855437278748,0.2577398791909218,0.26315873861312866,0.2834000214934349,0.25589507818222046,0.25295139849185944,0.24337443709373474,0.26768288513024646,0.23624861240386963,0.2712734440962474,0.30728715658187866,0.2496416171391805,0.2567811608314514,0.26039373874664307,0.2305196225643158,0.25016264120737713,0.2126811444759369,0.23522730668385824,0.262481153011322,0.30246927340825397,0.3248962163925171,0.3583635886510213,0.3980928063392639,0.3246690332889557,0.15460784253427537,0.17006119075468032,0.35390084981918335,0.30182114243507385,0.3094731420278549,0.25242993235588074,0.3246690332889557,0.26620540022850037,0.2796143591403961,0.21989679336547852,0.24790569643179575,0.17569054663181305,0.21805164714654288,0.18182821571826935,0.1987056384483973,0.15422096848487854,0.15548522273699442,0.1365441530942917,0.14237372080485025,0.13635604083538055,0.14149782061576843,0.14245502650737762,0.15284391740957895,0.13574019074440002
1716202887,qslstm,extrapolation,near_best,2000235,62,4,58,58,3,0.17293921452370858,0.4008377093461252,0.2551061521705975,0.5050803422927856,0.07827230264146867,0.272611640393734,0.17946796706731138,0.40968088651525564,0.01597598451992561,0.011709113510287538,0.07491775353749593,0.2870628436406453,0.14267858862876892,0.2393231987953186,0.13985970616340637,0.272611640393734,0.29174166917800903,0.2848409414291382,0.2704654335975647,0.24045779556035995,0.29137319326400757,0.23500806093215942,0.3111269474029541,0.24084757268428802,0.33183616399765015,0.23956298828125,0.36495596170425415,0.22519945353269577,0.37721681594848633,0.3475070595741272,0.4222036600112915,0.3802735507488251,0.4234451949596405,0.2149743288755417,0.14224011797843308,0.0727342108971086,0.25510530173778534,0.1388349086046219,0.28027377277612686,0.12421887367963791,0.2149743288755417,0.1251075714826584,0.26343170180916786,0.13563089072704315,0.2536824308335781,0.13146454095840454,0.1730783637613058,0.12378207594156265,0.20613357052206993,0.11877116560935974,0.15840598568320274,0.13235223293304443,0.1426007580012083,0.14805687963962555,0.1271503809839487,0.12735964357852936,0.12116029858589172,0.12130129337310791
1716202887,qslstm,extrapolation,near_best,2000236,62,2,60,59,2,0.15621100580779487,0.38588574600796544,0.19018676346451735,0.43610407412052155,0.10531983377498266,0.3239900842308998,0.1579073782088886,0.38794893473386766,0.0241507948455164,0.021166570208690786,0.15820902585983276,0.14886051416397095,0.14886051416397095,0.0904487669467926,0.10722297430038452,0.3239900842308998,0.34270529448986053,0.2921755090355873,0.3711998611688614,0.3056575879454613,0.356238916516304,0.23511023074388504,0.3177359849214554,0.2538815215229988,0.3589025288820267,0.390725702047348,0.4387461096048355,0.3862439841032028,0.4162490516901016,0.3970469981431961,0.3553478866815567,0.3826209604740143,0.42774797976017,0.1858169138431549,0.16501678712666035,0.02080012671649456,0.17312584817409515,0.17312584817409515,0.19200390577316284,0.1358075588941574,0.1858169138431549,0.1629415601491928,0.15269163250923157,0.13033561408519745,0.16406264156103134,0.1496732532978058,0.16187595576047897,0.15973351895809174,0.16428183019161224,0.15543781220912933,0.17714812606573105,0.1913546919822693,0.17229529470205307,0.19491733610630035,0.17276955395936966,0.15418441593647003,0.13762520998716354,0.14028243720531464
1716202887,qslstm,extrapolation,near_best,2000237,62,1,61,61,0,0.23957192488842113,0.48889902762828336,0.24523895757656433,0.4952160716056824,0.176999234026173,0.42071276903152466,0.24059770670583505,0.490016835146263,0.015312132288198003,0.015312132288198003,,,,,,0.42071276903152466,0.42071276903152466,0.4957587718963623,0.4957587718963623,0.5159993171691895,0.5159993171691895,0.5095828473567963,0.5095828473567963,0.4597220718860626,0.4597220718860626,0.47106263041496277,0.47106263041496277,0.47512200474739075,0.47512200474739075,0.4444650113582611,0.4444650113582611,0.5109805762767792,0.5109805762767792,0.22113192081451416,0.1455912039172454,0.07554071689726877,,,,,0.22113192081451416,0.22113192081451416,0.2866034507751465,0.2866034507751465,0.21357059478759766,0.21357059478759766,0.20474636554718018,0.20474636554718018,0.28231334686279297,0.28231334686279297,0.18594153225421906,0.18594153225421906,0.16299930214881897,0.16299930214881897,0.18808631598949432,0.18808631598949432,0.12599365413188934,0.12599365413188934
1716202887,qslstm,extrapolation,near_best,2000238,62,1,61,60,1,0.09683107786523364,0.3046367706791047,0.11732141934794527,0.34252214431762695,0.009053147031185205,0.09514802694320679,0.09827006033792295,0.3080710123796932,0.021148128807544707,0.020752819917969786,0.057213157415390015,0.26450806856155396,0.26450806856155396,0.30897942185401917,0.30897942185401917,0.09514802694320679,0.09514802694320679,0.1643323004245758,0.1643323004245758,0.23409199714660645,0.23409199714660645,0.14446696639060974,0.14446696639060974,0.10728612542152405,0.10728612542152405,0.21514195203781128,0.21514195203781128,0.20194238424301147,0.20194238424301147,0.31104838848114014,0.31104838848114014,0.3026675581932068,0.3026675581932068,0.30095699429512024,0.13565859870343913,0.1652983955916811,0.24364064633846283,0.24364064633846283,0.2254885584115982,0.2254885584115982,0.30095699429512024,0.30095699429512024,0.1746450811624527,0.1746450811624527,0.1847905069589615,0.1847905069589615,0.18125019967556,0.18125019967556,0.23963986337184906,0.23963986337184906,0.14063499867916107,0.14063499867916107,0.16294458508491516,0.16294458508491516,0.15767650306224823,0.15767650306224823,0.13852210342884064,0.13852210342884064
1716202887,qslstm,extrapolation,near_best,2000239,62,3,59,59,2,0.2581199757730975,0.49348459464888417,0.30446532919164415,0.5517837703227997,0.0863959728509117,0.26393697410821915,0.26685170473524256,0.5051565075577316,0.021741794327558097,0.014234643499806241,0.049816325306892395,0.2535037212073803,0.3265974447131157,0.25663597509264946,0.3730483576655388,0.26393697410821915,0.41147226095199585,0.26413121571143466,0.47891804575920105,0.33142267415920895,0.4872605800628662,0.33799653003613156,0.5007176399230957,0.40709100912014645,0.5259571373462677,0.4375015174349149,0.4986465275287628,0.47581685582796734,0.4900211691856384,0.5043810606002808,0.49716487526893616,0.5109360814094543,0.5456221997737885,0.21910540262858072,0.15822292460223375,0.06088247802634697,0.19084559381008148,0.14592404663562775,0.1672365590929985,0.13834545016288757,0.21910540262858072,0.13185237348079681,0.15618248780568442,0.1485159993171692,0.16922246913115183,0.12597621977329254,0.15163592994213104,0.12043467164039612,0.1631069133679072,0.1393684297800064,0.13361219565073648,0.12893632054328918,0.1370224505662918,0.1398465484380722,0.15954042971134186,0.19940631091594696,0.162192573149999,0.14732486009597778
1716202887,qslstm,extrapolation,near_best,2000240,62,3,59,59,2,0.20766360151451754,0.4527618904868441,0.2377295787563236,0.4875752031803131,0.13286893006459788,0.3634935387720664,0.21146672040180167,0.457300959218104,0.022982144254749103,0.016448908175031345,0.07911606132984161,0.49715254735201597,0.43008431792259216,0.4258486581966281,0.3654722571372986,0.3634935387720664,0.3419589400291443,0.3559135266890128,0.39295485615730286,0.4008049139132102,0.38933810591697693,0.4450484582533439,0.41002407670021057,0.46667428500950336,0.4205333888530731,0.36872870723406476,0.39409831166267395,0.38940395911534625,0.3919101655483246,0.4119794766108195,0.4650466740131378,0.4250817398230235,0.45925745368003845,0.23902366062005362,0.16540897359787407,0.07361468702217955,0.160544004291296,0.12470770627260208,0.17490527406334877,0.12236743420362473,0.23902366062005362,0.14811952412128448,0.2268254409233729,0.11953490972518921,0.15907637774944305,0.13310961425304413,0.16230498254299164,0.12944550812244415,0.15101491411527,0.13024920225143433,0.14480640242497125,0.13267529010772705,0.13125122090180716,0.12517355382442474,0.14721398800611496,0.1851842999458313,0.14676165084044138,0.17696832120418549
1716202887,qslstm,extrapolation,near_best,2000241,62,2,60,60,1,0.18910967859280672,0.42656641309299775,0.18573295592564798,0.43096746504306793,0.14377640169285455,0.37871941179037094,0.19062078782280517,0.42816131313641864,0.021025602519512177,0.01521119475364685,0.08486676216125488,0.16640806198120117,0.16640806198120117,0.14498984813690186,0.14498984813690186,0.37871941179037094,0.3973744064569473,0.30115825682878494,0.41338689625263214,0.2396419420838356,0.41019316017627716,0.28620389848947525,0.40599973499774933,0.27849946171045303,0.4120090752840042,0.4152518957853317,0.4171168953180313,0.4097450226545334,0.41349031031131744,0.3838437646627426,0.38562335073947906,0.4116757661104202,0.43217994272708893,0.21368925273418427,0.1364467702805996,0.07724248245358467,0.25726160407066345,0.25726160407066345,0.16799099743366241,0.16799099743366241,0.21368925273418427,0.20436833798885345,0.18924137949943542,0.15604616701602936,0.1793048158288002,0.1373068243265152,0.19573526829481125,0.13420893251895905,0.1540270522236824,0.1400631070137024,0.1524316817522049,0.14881719648838043,0.13599123060703278,0.1377735286951065,0.13326402008533478,0.1275235265493393,0.12217845395207405,0.11991507560014725
1716202887,qslstm,extrapolation,near_best,2000242,62,3,59,58,3,0.1957440802673485,0.432629928954186,0.25276987313889365,0.5027622431516647,0.1006177895079196,0.30911095440387726,0.2005810103059635,0.43891055477877794,0.024655484947664983,0.018540612931521434,0.09666619698206584,0.2778572241465251,0.42259907722473145,0.2088815172513326,0.37872493267059326,0.30911095440387726,0.36902712285518646,0.3277720163265864,0.4040090888738632,0.3329656670490901,0.3672153800725937,0.365177924434344,0.37196050584316254,0.38956597447395325,0.37707172334194183,0.38641739388306934,0.4230096787214279,0.3826892226934433,0.4037805646657944,0.4252699663241704,0.449019655585289,0.45448820292949677,0.4945785850286484,0.3099726438522339,0.14278458248255615,0.16718806136967773,0.259776974717776,0.1883990317583084,0.27240006625652313,0.228201761841774,0.3099726438522339,0.3337247371673584,0.2343830664952596,0.2005886286497116,0.28841257592042285,0.38467589020729065,0.2089332491159439,0.18090133368968964,0.2220928023258845,0.1441546380519867,0.282139519850413,0.12801793217658997,0.2172283654411634,0.1228545680642128,0.12677856534719467,0.12946319580078125,0.12574066718419394,0.12473990768194199
1716202887,qslstm,extrapolation,near_best,2000243,62,4,58,57,4,0.16528706869119064,0.3998654113721944,0.18545736539232394,0.430647611618042,0.11721956766618606,0.3254629713483155,0.16860206876188064,0.40499661413246185,0.017963981942126627,0.01247163529091693,0.051505014300346375,0.4308594581671059,0.4832984674721956,0.33153777243569493,0.5010015238076448,0.3254629713483155,0.3362366557121277,0.32354673417285085,0.31405824422836304,0.3002093252725899,0.3442907929420471,0.31561576994135976,0.35432738065719604,0.3268860843963921,0.37499743700027466,0.4196706945076585,0.38085854053497314,0.42608746234327555,0.4063678979873657,0.36719345301389694,0.41284576058387756,0.37292467057704926,0.38014310598373413,0.24498192965984344,0.13166184209544082,0.11332008756440262,0.19733118638396263,0.13088266551494598,0.24917221814393997,0.1395711451768875,0.24498192965984344,0.12664102017879486,0.1636616252362728,0.12895116209983826,0.15513603016734123,0.1355699747800827,0.16005336679518223,0.1247277483344078,0.16864479891955853,0.12452339380979538,0.15448760986328125,0.12910489737987518,0.1268918812274933,0.11904852837324142,0.12805736251175404,0.12462907284498215,0.12040949054062366,0.11560586094856262
1716202887,qslstm,extrapolation,near_best,2000244,62,2,60,60,1,0.12447382331609601,0.3501129978366436,0.1288259467697941,0.3589233160018921,0.12183943590490667,0.3444117493927479,0.12456163622980232,0.3503030394514402,0.01968314548333486,0.01272340348133674,0.03831613063812256,0.4109708443284035,0.4109708443284035,0.36568424850702286,0.36568424850702286,0.3444117493927479,0.28766685724258423,0.32840989902615547,0.3005984425544739,0.36114831641316414,0.2594895362854004,0.4064234383404255,0.2887672781944275,0.3554704822599888,0.30674096941947937,0.39965254440903664,0.3264698088169098,0.3446291871368885,0.32357412576675415,0.31693029403686523,0.345093309879303,0.3371700048446655,0.3425700068473816,0.31919676810503006,0.1316190713395675,0.18757769676546257,0.15488095581531525,0.15488095581531525,0.19957979023456573,0.19957979023456573,0.31919676810503006,0.1583496481180191,0.1831560805439949,0.1388811618089676,0.17943134903907776,0.1392909735441208,0.18660014867782593,0.160734161734581,0.19187477976083755,0.13331393897533417,0.1782403066754341,0.1254429966211319,0.1632726863026619,0.12696558237075806,0.14418847858905792,0.12764279544353485,0.1318129152059555,0.12531547248363495
1716202887,qslstm,extrapolation,near_best,2000245,62,0,62,61,0,0.2160688333911048,0.4627385653795735,0.27308633434288154,0.522576630115509,,,0.2160688333911048,0.4627385653795735,0.012589160536156326,0.012589160536156326,,,,,,,,,,,,,,,,,,,,,,,,,0.12860463944173628,,,,,,,,,,,,,,,,,,,,,,,
1716202887,qslstm,extrapolation,near_best,2000246,62,4,58,58,3,0.07152054960488163,0.2623852414920205,0.05243465417414939,0.22898614406585693,0.09130023405948487,0.29280119165196083,0.07015643343559866,0.26028758975685223,0.014734173643177953,0.01509292393314595,0.06575252612431844,0.3487524568918161,0.32033885119017214,0.3040190408549582,0.31954101321753114,0.29280119165196083,0.25354593992233276,0.33745321034803055,0.24810245633125305,0.3458526596368756,0.22698670625686646,0.34214484243420884,0.22482585906982422,0.33872668890398927,0.24319639801979065,0.3287282630626578,0.2532605528831482,0.2873312264564447,0.21558856964111328,0.2392701953649521,0.21223598718643188,0.23661072552204132,0.24254226684570312,0.25718235969543457,0.14938375507963114,0.10779860461580343,0.23961912840604782,0.14641381800174713,0.29000530143578845,0.15942330658435822,0.25718235969543457,0.1268196851015091,0.2304668389260769,0.12350133061408997,0.2468812931329012,0.12066846340894699,0.2277018427848816,0.13189473748207092,0.19863563776016235,0.1284589022397995,0.16764958202838898,0.1267457753419876,0.17314436472952366,0.11906149238348007,0.12396894581615925,0.11709586530923843,0.12256468459963799,0.1168159767985344
1716202887,qslstm,extrapolation,near_best,2000247,62,3,59,58,3,0.22460982844552554,0.46681547741736135,0.3005501446844585,0.548224538564682,0.10136102685955024,0.31465380390485126,0.2308767166617616,0.47455251166376017,0.013117132001909716,0.009624219284607815,0.09184519449869792,0.28390564521153766,0.3223907947540283,0.3031138281027476,0.3538624346256256,0.31465380390485126,0.3437463641166687,0.35072023669878644,0.39723724126815796,0.33095043897628784,0.4236007332801819,0.33306798338890076,0.4348573088645935,0.3534003794193268,0.4417150020599365,0.366853525241216,0.40295177698135376,0.423993984858195,0.4511439800262451,0.43823007742563885,0.47375062108039856,0.4667224586009979,0.500680148601532,0.25400066872437793,0.12573425610691813,0.1282664126174598,0.18714178105195364,0.13757780194282532,0.19931031266848245,0.14098332822322845,0.25400066872437793,0.13215990364551544,0.27083612481753033,0.15643996000289917,0.21102036039034525,0.145570769906044,0.16235722104708353,0.1381370723247528,0.13461470107237497,0.12975794076919556,0.12985208382209143,0.11641301959753036,0.14078116665283838,0.12033277004957199,0.11997091770172119,0.11801006644964218,0.11676984280347824,0.11804137378931046
1716202887,qslstm,extrapolation,near_best,2000248,62,2,60,59,2,0.09353349035024551,0.29669453828565534,0.12502923680696854,0.35359473526477814,0.08258249397714634,0.2755778357386589,0.09389852356268215,0.29739842837055525,0.02208588739572945,0.015116780388111971,0.06802766025066376,0.27656371891498566,0.37868592143058777,0.2542029023170471,0.36964675784111023,0.2755778357386589,0.19409562647342682,0.2617233917117119,0.20211122930049896,0.28496620804071426,0.19782663881778717,0.3120838329195976,0.1912405639886856,0.31754303723573685,0.18975020945072174,0.2867865189909935,0.20392628014087677,0.22491225600242615,0.24771328270435333,0.22631387412548065,0.28182651102542877,0.24442316591739655,0.26260311901569366,0.15563330799341202,0.16311355940997602,-0.007480251416563999,0.1572856605052948,0.14345087110996246,0.16442310065031052,0.1485811322927475,0.15563330799341202,0.15522338449954987,0.1354057677090168,0.1229606494307518,0.15019706264138222,0.12191321700811386,0.15182194858789444,0.1472908854484558,0.12877847999334335,0.12811173498630524,0.13788969069719315,0.1271982491016388,0.12570096924901009,0.12844128906726837,0.12367440015077591,0.1291346698999405,0.13440243154764175,0.1167486310005188
1716202887,qslstm,extrapolation,near_best,2000249,62,3,59,59,2,0.157473910253969,0.3782959503512229,0.1869394805539335,0.43236498534679413,0.05447691420851597,0.20452827711900076,0.1627110456461107,0.3871315947528613,0.019477810900090105,0.015072702192792706,0.0881512463092804,0.1488269716501236,0.1495177149772644,0.172186478972435,0.10578387975692749,0.20452827711900076,0.36149774491786957,0.25065811971823376,0.3959326595067978,0.18426833053429922,0.4067184776067734,0.17614572743574777,0.39389668405056,0.18642709155877432,0.4253353923559189,0.22639440993467966,0.4378552883863449,0.3163662652174632,0.43808333575725555,0.4154275308052699,0.41422872245311737,0.43594980736573535,0.43191079795360565,0.23236683507760367,0.16195420415724737,0.0704126309203563,0.22301626205444336,0.18062806129455566,0.16922173649072647,0.12935912609100342,0.23236683507760367,0.14225278794765472,0.22454704344272614,0.12365397810935974,0.19949422279993692,0.13088048994541168,0.21907621125380197,0.14042016863822937,0.15343115230401358,0.1295941025018692,0.15840200583140054,0.1420375257730484,0.16266447802384695,0.16511258482933044,0.13028384248415628,0.130376935005188,0.1621828426917394,0.17939841747283936
