task,seed,model,timestep,input_gate,forget_gate
delay,1023290587,qlstm,0,0.6372346243588254,0.5403349630068988
delay,1023290587,qlstm,1,0.637763726641424,0.5412594338995405
delay,1023290587,qlstm,2,0.6368873556493782,0.5390582727268338
delay,1023290587,qlstm,3,0.6354826455353759,0.5355578556191176
delay,1023290587,qlstm,4,0.631690472306218,0.5395192490541376
delay,1023290587,qlstm,5,0.637483000929933,0.5454604756669141
delay,1023290587,qlstm,6,0.6357925111078657,0.5425523613812402
delay,1023290587,qlstm,7,0.633631297678221,0.5411119486670941
delay,1023290587,qlstm,8,0.6345612507429905,0.5432234035106376
delay,1023290587,qlstm,9,0.6336654092883691,0.5402296567917801
delay,1023290587,qlstm,10,0.6346012365538627,0.5402115611941554
delay,1023290587,qlstm,11,0.6362373220617883,0.5475823595770635
delay,1023290587,qlstm,12,0.6340919932117686,0.5450275056064129
delay,1023290587,qlstm,13,0.6337028397829272,0.5414010841632262
delay,1023290587,qlstm,14,0.6334843339282088,0.542096049641259
delay,1023290587,qlstm,15,0.6332255235174671,0.5412267185165547
delay,1023290587,qlstm,16,0.6322568690520711,0.5360274703707546
delay,1023290587,qlstm,17,0.635322256362997,0.5458967689773999
delay,1023290587,qlstm,18,0.6324828944634646,0.5386249825241975
delay,1023290587,qlstm,19,0.6344163282192312,0.5395784096908756
delay,1023290587,qlstm,20,0.6361369752557948,0.5407041506841779
delay,1023290587,qlstm,21,0.6326530179358087,0.5374419963918626
delay,1023290587,qlstm,22,0.6362344104563817,0.5454240776598454
delay,1023290587,qlstm,23,0.6356793674058281,0.5415242849849164
delay,1023290587,qlstm,24,0.6361083703814074,0.5430694374372251
delay,1023290587,qlstm,25,0.6347186835482717,0.5396397419390269
delay,1023290587,qlstm,26,0.634897802316118,0.543408353230916
delay,1023290587,qlstm,27,0.6344995308900252,0.5448424409260042
delay,1023290587,qlstm,28,0.6341204406344332,0.543223358457908
delay,1023290587,qlstm,29,0.6348100448958576,0.5459029031917453
delay,1023290587,qlstm,30,0.6327421542955562,0.5441248517017812
delay,1023290587,qlstm,31,0.6336693311459385,0.5418896850314923
delay,1023290587,qslstm,0,17.87660781039449,0.4397353693493642
delay,1023290587,qslstm,1,17.17570016378886,0.44486738269915804
delay,1023290587,qslstm,2,14.884259741193091,0.43993787793442607
delay,1023290587,qslstm,3,13.712246031434915,0.43666958838002756
delay,1023290587,qslstm,4,13.970217784844863,0.44130206969566643
delay,1023290587,qslstm,5,14.145098470602534,0.4450822436483577
delay,1023290587,qslstm,6,13.35256683620537,0.4412495503202081
delay,1023290587,qslstm,7,13.529372376993706,0.44150664197513834
delay,1023290587,qslstm,8,13.287659085028281,0.4426970898057334
delay,1023290587,qslstm,9,13.073182536289096,0.4398302393965423
delay,1023290587,qslstm,10,13.794455658993684,0.44003816368058324
delay,1023290587,qslstm,11,13.270251200978237,0.4456928300205618
delay,1023290587,qslstm,12,13.391199006138777,0.44332916021812707
delay,1023290587,qslstm,13,13.459360716340598,0.4411892117350362
delay,1023290587,qslstm,14,13.167960591108567,0.4418247216963209
delay,1023290587,qslstm,15,13.01857082117931,0.4409977282048203
delay,1023290587,qslstm,16,12.52778603927436,0.43565158563433215
delay,1023290587,qslstm,17,13.967364208052459,0.44507011998211965
delay,1023290587,qslstm,18,13.07294809648738,0.43903646111721173
delay,1023290587,qslstm,19,12.999801770238264,0.43979675450827926
delay,1023290587,qslstm,20,13.215923276293324,0.4396061906008981
delay,1023290587,qslstm,21,12.465082119837462,0.4375462997122668
delay,1023290587,qslstm,22,13.283793307746237,0.44402820843970403
delay,1023290587,qslstm,23,13.343568438504008,0.44117366982391104
delay,1023290587,qslstm,24,12.929091452431749,0.44152804889017716
delay,1023290587,qslstm,25,13.257239072787343,0.43915433529764414
delay,1023290587,qslstm,26,13.257656447865884,0.44273335562320426
delay,1023290587,qslstm,27,13.997558786031732,0.4440104801906273
delay,1023290587,qslstm,28,13.247454205644317,0.4424005732871592
delay,1023290587,qslstm,29,13.42085601297731,0.44409840437583625
delay,1023290587,qslstm,30,13.244271195595502,0.44336834840942174
delay,1023290587,qslstm,31,13.246905803331174,0.4414171156822704
delay,1023290587,qslstm_log,0,0.5964926255240919,0.5631439103603355
delay,1023290587,qslstm_log,1,0.6126983650870413,0.5606781871267394
delay,1023290587,qslstm_log,2,0.5611397439962561,0.5562625005805242
delay,1023290587,qslstm_log,3,0.5078996336187005,0.5583352272927725
delay,1023290587,qslstm_log,4,0.6053252390595938,0.5584349878292567
delay,1023290587,qslstm_log,5,0.6476306533090677,0.5568062993585895
delay,1023290587,qslstm_log,6,0.5834809459267684,0.5569427478330008
delay,1023290587,qslstm_log,7,0.6013324619990774,0.5579501851615793
delay,1023290587,qslstm_log,8,0.6073395735943569,0.5575390485956366
delay,1023290587,qslstm_log,9,0.5820387562760366,0.5588133090631802
delay,1023290587,qslstm_log,10,0.5674321357312138,0.5591007812805651
delay,1023290587,qslstm_log,11,0.6493566206404495,0.5565678906309665
delay,1023290587,qslstm_log,12,0.626520145644689,0.5573557427588431
delay,1023290587,qslstm_log,13,0.597395692283932,0.5583798816790961
delay,1023290587,qslstm_log,14,0.5997459882167535,0.5581336716726044
delay,1023290587,qslstm_log,15,0.6063217002906687,0.5588197185156676
delay,1023290587,qslstm_log,16,0.508732772530535,0.5611324739109378
delay,1023290587,qslstm_log,17,0.6521430435696027,0.5583067967573063
delay,1023290587,qslstm_log,18,0.5684116348358791,0.5603207909846268
delay,1023290587,qslstm_log,19,0.5755775129692597,0.5597021736126498
delay,1023290587,qslstm_log,20,0.5650499414737695,0.559026366462679
delay,1023290587,qslstm_log,21,0.5432569232046771,0.5606144038825773
delay,1023290587,qslstm_log,22,0.6358541727941279,0.5582877131846931
delay,1023290587,qslstm_log,23,0.5791093463764238,0.5591439855490297
delay,1023290587,qslstm_log,24,0.6035506963419308,0.558161684329651
delay,1023290587,qslstm_log,25,0.560889817375282,0.5595545538800564
delay,1023290587,qslstm_log,26,0.6301701346838426,0.5582557506136708
delay,1023290587,qslstm_log,27,0.638409078726535,0.5577977407929084
delay,1023290587,qslstm_log,28,0.6213540171333006,0.5579154383185521
delay,1023290587,qslstm_log,29,0.6395281455338365,0.5569180362884131
delay,1023290587,qslstm_log,30,0.6288908300813357,0.5577703849222853
delay,1023290587,qslstm_log,31,0.6100803263801048,0.5582959921752013
delay,1106723791,qlstm,0,0.6343355817953125,0.55989075161051
delay,1106723791,qlstm,1,0.631750886561349,0.5594318820512854
delay,1106723791,qlstm,2,0.6289855237700976,0.5577162761474028
delay,1106723791,qlstm,3,0.629291462013498,0.5562609597691335
delay,1106723791,qlstm,4,0.6326849724864587,0.557613726996351
delay,1106723791,qlstm,5,0.6279375216108747,0.5575874878559262
delay,1106723791,qlstm,6,0.6295786389382556,0.558157836087048
delay,1106723791,qlstm,7,0.6290237980429083,0.5590969581971876
delay,1106723791,qlstm,8,0.6270470927120186,0.5587174927350134
delay,1106723791,qlstm,9,0.6250344659783877,0.5579455410479568
delay,1106723791,qlstm,10,0.6262302357936278,0.5579869227367453
delay,1106723791,qlstm,11,0.6268246832769364,0.5590841577504762
delay,1106723791,qlstm,12,0.6287457652506419,0.5592857460142113
delay,1106723791,qlstm,13,0.6259884376777336,0.558772349730134
delay,1106723791,qlstm,14,0.6277675118180923,0.5585664218524471
delay,1106723791,qlstm,15,0.627151413471438,0.5586065907264128
delay,1106723791,qlstm,16,0.625649705529213,0.5584818597417325
delay,1106723791,qlstm,17,0.6298202860634774,0.5593972113565542
delay,1106723791,qlstm,18,0.6271087260101922,0.559037322702352
delay,1106723791,qlstm,19,0.626492255134508,0.5594631816493347
delay,1106723791,qlstm,20,0.627735732414294,0.5601887620287016
delay,1106723791,qlstm,21,0.6266707358881831,0.5596498048398644
delay,1106723791,qlstm,22,0.6246110547799617,0.559203285141848
delay,1106723791,qlstm,23,0.6241652508615516,0.5578119740821421
delay,1106723791,qlstm,24,0.6289258418255486,0.5589468430844136
delay,1106723791,qlstm,25,0.626448992814403,0.5581738055916503
delay,1106723791,qlstm,26,0.6286388308508322,0.5594551777467132
delay,1106723791,qlstm,27,0.6270675827981904,0.5586799681186676
delay,1106723791,qlstm,28,0.626652960840147,0.5596106918528676
delay,1106723791,qlstm,29,0.6275659835082479,0.5598392601241358
delay,1106723791,qlstm,30,0.6265633599832654,0.5593837413471192
delay,1106723791,qlstm,31,0.6269623068510555,0.5598118951311335
delay,1106723791,qslstm,0,254.75491531414445,0.49550538300536573
delay,1106723791,qslstm,1,115.39274657063652,0.5006626480026171
delay,1106723791,qslstm,2,99.5172439381713,0.4956430808524601
delay,1106723791,qslstm,3,127.80335750023369,0.49477615946670994
delay,1106723791,qslstm,4,119.3613665093435,0.4858853136538528
delay,1106723791,qslstm,5,149.3582205476705,0.49078309221658856
delay,1106723791,qslstm,6,172.11260748992208,0.48613091092556715
delay,1106723791,qslstm,7,179.68643845024053,0.4861681148177013
delay,1106723791,qslstm,8,199.6138591878116,0.48771602171473205
delay,1106723791,qslstm,9,193.20975425688084,0.4916956212837249
delay,1106723791,qslstm,10,186.8792091323994,0.488727527204901
delay,1106723791,qslstm,11,169.81333061342593,0.4879991639754735
delay,1106723791,qslstm,12,155.00773281080183,0.4853237768402323
delay,1106723791,qslstm,13,192.20599741034675,0.4912038240581751
delay,1106723791,qslstm,14,184.42954844248015,0.4870024013216607
delay,1106723791,qslstm,15,203.16206226602662,0.4876370372949168
delay,1106723791,qslstm,16,200.37497416848782,0.4910209318622947
delay,1106723791,qslstm,17,174.23820469575003,0.4861863680998795
delay,1106723791,qslstm,18,183.70554869039916,0.48786572116659954
delay,1106723791,qslstm,19,206.99252385622822,0.486701735004317
delay,1106723791,qslstm,20,180.1537581962766,0.48797442665090784
delay,1106723791,qslstm,21,206.78453897393774,0.48855074687162414
delay,1106723791,qslstm,22,188.05172500072513,0.4900601241388358
delay,1106723791,qslstm,23,202.3939912134083,0.49328807299025357
delay,1106723791,qslstm,24,167.32093508529942,0.4870933310012333
delay,1106723791,qslstm,25,191.0928824916482,0.488481932610739
delay,1106723791,qslstm,26,177.0400388656417,0.48533108830451965
delay,1106723791,qslstm,27,180.83103619283065,0.488357339752838
delay,1106723791,qslstm,28,194.1646395646967,0.48797714995453134
delay,1106723791,qslstm,29,198.39498987793922,0.4876347067183815
delay,1106723791,qslstm,30,167.68475592846517,0.4904193750116974
delay,1106723791,qslstm,31,173.8499795156531,0.4873510382603854
delay,1106723791,qslstm_log,0,0.6350230122240248,0.5064249942299868
delay,1106723791,qslstm_log,1,0.6978364302886539,0.48861362769068784
delay,1106723791,qslstm_log,2,0.7470391900046316,0.48365280079233125
delay,1106723791,qslstm_log,3,0.7668967157499118,0.48079096452039916
delay,1106723791,qslstm_log,4,0.6882993953060333,0.489559839351871
delay,1106723791,qslstm_log,5,0.7801071128590571,0.48249995791978395
delay,1106723791,qslstm_log,6,0.7131193793278539,0.4900082149755584
delay,1106723791,qslstm_log,7,0.7065177038488032,0.49122671971029286
delay,1106723791,qslstm_log,8,0.7250734167990512,0.4900326807555597
delay,1106723791,qslstm_log,9,0.765496332302089,0.4845536399824645
delay,1106723791,qslstm_log,10,0.7525528074478021,0.4872813810338408
delay,1106723791,qslstm_log,11,0.7432240377802979,0.4876368265413998
delay,1106723791,qslstm_log,12,0.69551531876241,0.49160926037208585
delay,1106723791,qslstm_log,13,0.7656634154050075,0.4844436353157108
delay,1106723791,qslstm_log,14,0.719586792986741,0.489337584701818
delay,1106723791,qslstm_log,15,0.7349534272686029,0.48840043197025335
delay,1106723791,qslstm_log,16,0.7660703872409946,0.484670564933021
delay,1106723791,qslstm_log,17,0.6951084613238536,0.4912355477044856
delay,1106723791,qslstm_log,18,0.7305633374561831,0.48842707500820354
delay,1106723791,qslstm_log,19,0.7240979896716824,0.4910688024289147
delay,1106723791,qslstm_log,20,0.7080139960605163,0.4908888876312559
delay,1106723791,qslstm_log,21,0.7223086792686065,0.49001957396912343
delay,1106723791,qslstm_log,22,0.7517558214631362,0.48778843936888083
delay,1106723791,qslstm_log,23,0.7952763924749294,0.48234597872445906
delay,1106723791,qslstm_log,24,0.7079123653913545,0.4900247218746755
delay,1106723791,qslstm_log,25,0.7574895818774646,0.48637817566442
delay,1106723791,qslstm_log,26,0.7007907667916069,0.49237983982648237
delay,1106723791,qslstm_log,27,0.7229878972133065,0.4885665293009449
delay,1106723791,qslstm_log,28,0.7236801016333938,0.4897600356400895
delay,1106723791,qslstm_log,29,0.7072950959223425,0.4911125856644483
delay,1106723791,qslstm_log,30,0.7440838770300464,0.4872303025265434
delay,1106723791,qslstm_log,31,0.7142984261337263,0.49090280194456487
delay,1148376891,qlstm,0,0.6188779777148739,0.5061733246548101
delay,1148376891,qlstm,1,0.6146700715180486,0.500822147121653
delay,1148376891,qlstm,2,0.6110235133673996,0.5012166392989457
delay,1148376891,qlstm,3,0.6093417024239898,0.5006236223271117
delay,1148376891,qlstm,4,0.6090611577383243,0.5036987588973716
delay,1148376891,qlstm,5,0.6088781200232916,0.5000671420712024
delay,1148376891,qlstm,6,0.607729313254822,0.5003867879277095
delay,1148376891,qlstm,7,0.608747907797806,0.5012790281907655
delay,1148376891,qlstm,8,0.6081911579240113,0.5008172880625352
delay,1148376891,qlstm,9,0.6082404254120775,0.4999219960300252
delay,1148376891,qlstm,10,0.6072542637120932,0.5023414263851009
delay,1148376891,qlstm,11,0.6075723369722255,0.5029557449743152
delay,1148376891,qlstm,12,0.6078330673044547,0.49824408296262845
delay,1148376891,qlstm,13,0.6071657211286947,0.49774110078578815
delay,1148376891,qlstm,14,0.6079946888494305,0.4987519434071146
delay,1148376891,qlstm,15,0.608368563989643,0.5031156906043179
delay,1148376891,qlstm,16,0.6085081063210964,0.502832465339452
delay,1148376891,qlstm,17,0.6062991677899845,0.4958275751559995
delay,1148376891,qlstm,18,0.6077015782357194,0.5013081317883916
delay,1148376891,qlstm,19,0.6080870042205788,0.500612466596067
delay,1148376891,qlstm,20,0.6079726762836799,0.5045229189563543
delay,1148376891,qlstm,21,0.6079009718378074,0.49658352334517986
delay,1148376891,qlstm,22,0.6090497996774502,0.5016966364928521
delay,1148376891,qlstm,23,0.6085075492155738,0.5015726153505966
delay,1148376891,qlstm,24,0.6078516332199797,0.49717852304456756
delay,1148376891,qlstm,25,0.6067668189061806,0.4959105212474242
delay,1148376891,qlstm,26,0.6075006071478128,0.5029946643044241
delay,1148376891,qlstm,27,0.6085328249027953,0.49913720780750737
delay,1148376891,qlstm,28,0.6086996636004187,0.5014800270437263
delay,1148376891,qlstm,29,0.6099820776726119,0.5036168883671053
delay,1148376891,qlstm,30,0.6088774221716449,0.5005513496580534
delay,1148376891,qlstm,31,0.6077270408859476,0.5016356105334125
delay,1148376891,qslstm,0,6.809363563894294,0.3584818633389659
delay,1148376891,qslstm,1,7.101792289118748,0.36457220488227904
delay,1148376891,qslstm,2,6.27967904729303,0.35794403665931895
delay,1148376891,qslstm,3,6.51197275693994,0.35785048396792263
delay,1148376891,qslstm,4,6.069583100266755,0.3520364353316836
delay,1148376891,qslstm,5,6.6378373086918145,0.3558564517297782
delay,1148376891,qslstm,6,6.539007659768686,0.3555647751200013
delay,1148376891,qslstm,7,6.2465999303385615,0.354456935019698
delay,1148376891,qslstm,8,6.375326928799041,0.35514882032293826
delay,1148376891,qslstm,9,6.569250899599865,0.3552940306253731
delay,1148376891,qslstm,10,6.402228801045567,0.35239133099094033
delay,1148376891,qslstm,11,6.203777547925711,0.35087628895416856
delay,1148376891,qslstm,12,6.750338803860359,0.35812689567683265
delay,1148376891,qslstm,13,6.656641623470932,0.35884965769946575
delay,1148376891,qslstm,14,6.5486287518870085,0.358493517851457
delay,1148376891,qslstm,15,6.153075866866857,0.3518559252843261
delay,1148376891,qslstm,16,6.245276460540481,0.3516071444028057
delay,1148376891,qslstm,17,7.248618288198486,0.36237458017421886
delay,1148376891,qslstm,18,6.327669525053352,0.3547814763151109
delay,1148376891,qslstm,19,6.502293579978868,0.35507578728720546
delay,1148376891,qslstm,20,6.081357292830944,0.34885919193038717
delay,1148376891,qslstm,21,7.002115062670782,0.36105011962354183
delay,1148376891,qslstm,22,6.132748219068162,0.3536559983040206
delay,1148376891,qslstm,23,6.3032361038494855,0.35399309295462444
delay,1148376891,qslstm,24,6.760310748475604,0.3597110510454513
delay,1148376891,qslstm,25,6.930166456382722,0.3622986798873171
delay,1148376891,qslstm,26,6.470368420705199,0.35278970462968573
delay,1148376891,qslstm,27,6.7145201824605465,0.3583103763521649
delay,1148376891,qslstm,28,6.455557987326756,0.3547342876554467
delay,1148376891,qslstm,29,6.198332524392754,0.351027617987711
delay,1148376891,qslstm,30,6.552605234319344,0.354975966445636
delay,1148376891,qslstm,31,6.4412941604387015,0.35339770576683804
delay,1211904294,qlstm,0,0.6521718667354435,0.5073970432276838
delay,1211904294,qlstm,1,0.6527616218663752,0.5112028529401869
delay,1211904294,qlstm,2,0.6503177489503287,0.5068914622534066
delay,1211904294,qlstm,3,0.6508125582477078,0.5061966110370122
delay,1211904294,qlstm,4,0.6502270186902024,0.5059853646089323
delay,1211904294,qlstm,5,0.6499800176243298,0.5049245308618993
delay,1211904294,qlstm,6,0.6499209414469078,0.5095668468857184
delay,1211904294,qlstm,7,0.6495254778419621,0.5068352540838532
delay,1211904294,qlstm,8,0.6476282291696407,0.5032804116490297
delay,1211904294,qlstm,9,0.6497584119788371,0.5079292770824395
delay,1211904294,qlstm,10,0.651493190554902,0.508727026055567
delay,1211904294,qlstm,11,0.649135856074281,0.5075837397598661
delay,1211904294,qlstm,12,0.6507828690810129,0.5079805806162767
delay,1211904294,qlstm,13,0.648500471317675,0.5039351944578812
delay,1211904294,qlstm,14,0.6489904705667868,0.5045995062100701
delay,1211904294,qlstm,15,0.6479386391001754,0.5037889662780799
delay,1211904294,qlstm,16,0.6512174875824712,0.5091951341019012
delay,1211904294,qlstm,17,0.6486427622148767,0.5050263598677702
delay,1211904294,qlstm,18,0.6497142346925102,0.5067011242499575
delay,1211904294,qlstm,19,0.6503190887160599,0.5078487235005014
delay,1211904294,qlstm,20,0.6503175689722411,0.5102088093408383
delay,1211904294,qlstm,21,0.6494538821862079,0.5074282902642153
delay,1211904294,qlstm,22,0.6481549587915652,0.5047537407954223
delay,1211904294,qlstm,23,0.6494431496830657,0.5061482884339057
delay,1211904294,qlstm,24,0.6487908914568834,0.5032276849960908
delay,1211904294,qlstm,25,0.648962732986547,0.5063774440204725
delay,1211904294,qlstm,26,0.651047341816593,0.5101181004429236
delay,1211904294,qlstm,27,0.6496032364666462,0.5072119639953598
delay,1211904294,qlstm,28,0.6477598851779476,0.5048914888175204
delay,1211904294,qlstm,29,0.6500956956879236,0.5071693802601658
delay,1211904294,qlstm,30,0.6484792706323788,0.5045250825351104
delay,1211904294,qlstm,31,0.6493129318696447,0.5049081618199125
delay,1211904294,qslstm,0,0.209150782802908,0.4824238432920538
delay,1211904294,qslstm,1,0.21140565211840112,0.48543867765692994
delay,1211904294,qslstm,2,0.21882786807361754,0.4856584977824241
delay,1211904294,qslstm,3,0.20609743865833252,0.4839890900766477
delay,1211904294,qslstm,4,0.20869785058914658,0.4842991803307086
delay,1211904294,qslstm,5,0.2096217456356726,0.48377517075277865
delay,1211904294,qslstm,6,0.20571593158609858,0.4852210354292765
delay,1211904294,qslstm,7,0.21190428676158035,0.4847345877205953
delay,1211904294,qslstm,8,0.22528773127993418,0.48531515477225184
delay,1211904294,qslstm,9,0.20633945557221978,0.4856362473219633
delay,1211904294,qslstm,10,0.195701166211677,0.4843138385913335
delay,1211904294,qslstm,11,0.21264792876689853,0.48572930513182655
delay,1211904294,qslstm,12,0.20375098884233012,0.4842935966444202
delay,1211904294,qslstm,13,0.22333548168523976,0.48478957265615463
delay,1211904294,qslstm,14,0.21647631498660758,0.48437342600664124
delay,1211904294,qslstm,15,0.22227508003931007,0.48457169998437166
delay,1211904294,qslstm,16,0.19214100786967947,0.4841260954272002
delay,1211904294,qslstm,17,0.2211385995823889,0.48536372650414705
delay,1211904294,qslstm,18,0.20885457720606837,0.4845498193753883
delay,1211904294,qslstm,19,0.20161278461978327,0.4845962803810835
delay,1211904294,qslstm,20,0.19944731144545358,0.48537958797533065
delay,1211904294,qslstm,21,0.20926387818605008,0.48438178846845403
delay,1211904294,qslstm,22,0.21997061349793512,0.48460703471209854
delay,1211904294,qslstm,23,0.20887111584647755,0.4853082521003671
delay,1211904294,qslstm,24,0.22321444425796244,0.4839275773265399
delay,1211904294,qslstm,25,0.20785339261021818,0.48447585914982483
delay,1211904294,qslstm,26,0.19664808124190358,0.48477136698784307
delay,1211904294,qslstm,27,0.2110181201816772,0.48493728635367006
delay,1211904294,qslstm,28,0.22548491066288534,0.4854364529601298
delay,1211904294,qslstm,29,0.2047218399633266,0.48436336749000475
delay,1211904294,qslstm,30,0.21758283022029445,0.48414682247675955
delay,1211904294,qslstm,31,0.21197781983545383,0.48409162263851613
delay,1211904294,qslstm_log,0,0.5696417256676076,0.435385528767003
delay,1211904294,qslstm_log,1,0.5618375748798701,0.44036586610119677
delay,1211904294,qslstm_log,2,0.5521717886529164,0.4403362551602715
delay,1211904294,qslstm_log,3,0.5517458085763982,0.43870160425465227
delay,1211904294,qslstm_log,4,0.5534532625170268,0.4393377284810823
delay,1211904294,qslstm_log,5,0.5555241446243744,0.4386841580484603
delay,1211904294,qslstm_log,6,0.5601309712042974,0.44089880742061455
delay,1211904294,qslstm_log,7,0.5534910311326382,0.4398433134866643
delay,1211904294,qslstm_log,8,0.5569317593644292,0.44038681895290355
delay,1211904294,qslstm_log,9,0.5595368921587914,0.4410354288399625
delay,1211904294,qslstm_log,10,0.5532085291176949,0.4398037102761091
delay,1211904294,qslstm_log,11,0.5512444044330365,0.44083308104197516
delay,1211904294,qslstm_log,12,0.5485986227117924,0.4393856943786745
delay,1211904294,qslstm_log,13,0.5516902079153092,0.4399563994345178
delay,1211904294,qslstm_log,14,0.5560073891618751,0.4394060867788335
delay,1211904294,qslstm_log,15,0.5621912486686933,0.4397596209991986
delay,1211904294,qslstm_log,16,0.5627233776261946,0.43934757943327185
delay,1211904294,qslstm_log,17,0.557590296251399,0.4407853149446392
delay,1211904294,qslstm_log,18,0.556671916625309,0.43999740769799883
delay,1211904294,qslstm_log,19,0.5555387755950312,0.43987904858194204
delay,1211904294,qslstm_log,20,0.5546236472812863,0.4405835704563752
delay,1211904294,qslstm_log,21,0.5487658882984734,0.4394726601115536
delay,1211904294,qslstm_log,22,0.5522800165774002,0.43958232277752046
delay,1211904294,qslstm_log,23,0.5553501229457116,0.4403158994353833
delay,1211904294,qslstm_log,24,0.5549402066321869,0.4389902986946729
delay,1211904294,qslstm_log,25,0.5647444154644675,0.4394968228733044
delay,1211904294,qslstm_log,26,0.5591995768245647,0.44005599265090073
delay,1211904294,qslstm_log,27,0.5527827671206729,0.4402371064374784
delay,1211904294,qslstm_log,28,0.5546840760410244,0.44064654126642827
delay,1211904294,qslstm_log,29,0.5547717900314456,0.43938501338421887
delay,1211904294,qslstm_log,30,0.5564939704687537,0.43956726507745647
delay,1211904294,qslstm_log,31,0.5579622860160658,0.439773164277968
delay,1212609727,qlstm,0,0.623000314924866,0.5202251975424588
delay,1212609727,qlstm,1,0.6234071658109315,0.5180323215899989
delay,1212609727,qlstm,2,0.6230371229466982,0.5189619935699739
delay,1212609727,qlstm,3,0.6239744083723053,0.5203995266347192
delay,1212609727,qlstm,4,0.6235906358924694,0.5170294101117179
delay,1212609727,qlstm,5,0.6242527963477187,0.5213150741765276
delay,1212609727,qlstm,6,0.6246261102496646,0.5201832577586174
delay,1212609727,qlstm,7,0.6214250740595162,0.5245026529300958
delay,1212609727,qlstm,8,0.6198966757510789,0.5244859587983228
delay,1212609727,qlstm,9,0.6209264757344499,0.5207887694705278
delay,1212609727,qlstm,10,0.6203492103377357,0.5235985424369574
delay,1212609727,qlstm,11,0.6214242728310637,0.5204597070114687
delay,1212609727,qlstm,12,0.6225513822282664,0.5184264606214128
delay,1212609727,qlstm,13,0.6203314214362763,0.5269747305428609
delay,1212609727,qlstm,14,0.6217216321383603,0.5204146790783852
delay,1212609727,qlstm,15,0.6219789201859385,0.5209119797218591
delay,1212609727,qlstm,16,0.6213830035994761,0.5204533997457474
delay,1212609727,qlstm,17,0.6227031549206004,0.5219606189639308
delay,1212609727,qlstm,18,0.6203326376271434,0.5246175892534666
delay,1212609727,qlstm,19,0.6200293186120689,0.5221552528673783
delay,1212609727,qlstm,20,0.6222584372735582,0.5158756335149519
delay,1212609727,qlstm,21,0.6245093983598053,0.5173742858460173
delay,1212609727,qlstm,22,0.6227896464988589,0.5242368628969416
delay,1212609727,qlstm,23,0.6239576520165429,0.5224810736253858
delay,1212609727,qlstm,24,0.6220335665275343,0.5240104549448006
delay,1212609727,qlstm,25,0.6246697862516157,0.5180682215141132
delay,1212609727,qlstm,26,0.6209280656185001,0.5208930691005662
delay,1212609727,qlstm,27,0.6225612658308819,0.5243254984379746
delay,1212609727,qlstm,28,0.6212623823084868,0.5213787378743291
delay,1212609727,qlstm,29,0.6193601363920607,0.5257263526436873
delay,1212609727,qlstm,30,0.61996351351263,0.5215657546650618
delay,1212609727,qlstm,31,0.6176771042519249,0.5258448519161902
delay,1212609727,qslstm,0,0.5197057222285366,0.42482655396452174
delay,1212609727,qslstm,1,0.5412734784013082,0.42854745022486895
delay,1212609727,qslstm,2,0.5279201692810602,0.4297260850435123
delay,1212609727,qslstm,3,0.5246849196500989,0.42913165380014107
delay,1212609727,qslstm,4,0.5398696400125118,0.430557053477969
delay,1212609727,qslstm,5,0.5416240875010772,0.4281507197301835
delay,1212609727,qslstm,6,0.5249857300541407,0.42846112011466175
delay,1212609727,qslstm,7,0.535997544089696,0.4285165696637705
delay,1212609727,qslstm,8,0.5082581447722987,0.42932649073190987
delay,1212609727,qslstm,9,0.5129790417031472,0.4292883526068181
delay,1212609727,qslstm,10,0.5069323989864642,0.42855342238908634
delay,1212609727,qslstm,11,0.5240304972967351,0.4283591452986002
delay,1212609727,qslstm,12,0.5415369001329964,0.4300572740030475
delay,1212609727,qslstm,13,0.5079528544292771,0.42782321153208613
delay,1212609727,qslstm,14,0.5090790493150052,0.4288348638219759
delay,1212609727,qslstm,15,0.5194555377602228,0.42857466905843467
delay,1212609727,qslstm,16,0.5341188995962511,0.4296636825893074
delay,1212609727,qslstm,17,0.5299230634645937,0.4277668571448885
delay,1212609727,qslstm,18,0.5252074481804812,0.428943685721606
delay,1212609727,qslstm,19,0.523769634074597,0.42929197411285713
delay,1212609727,qslstm,20,0.5397130402643597,0.4305909524555318
delay,1212609727,qslstm,21,0.5513389890611506,0.4294359352788888
delay,1212609727,qslstm,22,0.5240187676499772,0.4285530700581148
delay,1212609727,qslstm,23,0.5077455695345634,0.42686579283326864
delay,1212609727,qslstm,24,0.503916059783478,0.4272507288842462
delay,1212609727,qslstm,25,0.521540550969803,0.427597657951992
delay,1212609727,qslstm,26,0.5418542434617848,0.42978935257997364
delay,1212609727,qslstm,27,0.522938953474295,0.42710004886612296
delay,1212609727,qslstm,28,0.5212443422810793,0.42848947626771405
delay,1212609727,qslstm,29,0.5174203960027626,0.42850051826098934
delay,1212609727,qslstm,30,0.5111413563026872,0.4292094719130546
delay,1212609727,qslstm,31,0.5127589560070192,0.42911772697698325
delay,1668868548,qlstm,0,0.635316813364625,0.5160035724984482
delay,1668868548,qlstm,1,0.6348315787035972,0.5119277347112074
delay,1668868548,qlstm,2,0.6351739137899131,0.5123961151111871
delay,1668868548,qlstm,3,0.6369815660873428,0.5103598198038526
delay,1668868548,qlstm,4,0.636834281613119,0.5103475374635309
delay,1668868548,qlstm,5,0.6325350740808062,0.5127625075983815
delay,1668868548,qlstm,6,0.6343209217302501,0.5162143505876884
delay,1668868548,qlstm,7,0.634580240235664,0.5075568911852315
delay,1668868548,qlstm,8,0.6344352275482379,0.5112972653005272
delay,1668868548,qlstm,9,0.6338825941202231,0.513966370257549
delay,1668868548,qlstm,10,0.6348609370179474,0.510396366356872
delay,1668868548,qlstm,11,0.6369029624038376,0.5128336970810778
delay,1668868548,qlstm,12,0.632680774666369,0.5122410766780376
delay,1668868548,qlstm,13,0.6361035336740315,0.5140977202099748
delay,1668868548,qlstm,14,0.634136677836068,0.5129199982038699
delay,1668868548,qlstm,15,0.6348973378189839,0.5101882760063745
delay,1668868548,qlstm,16,0.6362970412592404,0.5088904605363496
delay,1668868548,qlstm,17,0.6340932132443413,0.5137371803866699
delay,1668868548,qlstm,18,0.6361563333775848,0.5103923132410273
delay,1668868548,qlstm,19,0.6343782626208849,0.5109357723849826
delay,1668868548,qlstm,20,0.6353455562493764,0.510765892395284
delay,1668868548,qlstm,21,0.6351241890224628,0.5103944734437391
delay,1668868548,qlstm,22,0.633046519535128,0.5142915141768754
delay,1668868548,qlstm,23,0.634125949232839,0.5106315311277285
delay,1668868548,qlstm,24,0.6352002044441178,0.5117865987122059
delay,1668868548,qlstm,25,0.6338241269113496,0.5052923835464753
delay,1668868548,qlstm,26,0.63461401470704,0.516844586469233
delay,1668868548,qlstm,27,0.6343488662969321,0.5107449056231417
delay,1668868548,qlstm,28,0.6346291455556639,0.5154214251670055
delay,1668868548,qlstm,29,0.6333094711299054,0.5139760256861337
delay,1668868548,qlstm,30,0.6302185707609169,0.5102360476739705
delay,1668868548,qlstm,31,0.634282260958571,0.514590572740417
delay,1668868548,qslstm,0,47.79565496979558,0.5289617897360586
delay,1668868548,qslstm,1,28.70027362718065,0.5288347775349393
delay,1668868548,qslstm,2,24.22038445711405,0.5299049093737267
delay,1668868548,qslstm,3,24.53490374982357,0.5279979402548634
delay,1668868548,qslstm,4,25.56774757248968,0.527255724358838
delay,1668868548,qslstm,5,25.613011618281234,0.529702669067774
delay,1668868548,qslstm,6,23.775043268145964,0.5340252555906773
delay,1668868548,qslstm,7,27.61069385691735,0.5257932647364214
delay,1668868548,qslstm,8,26.298190143430475,0.5287882275879383
delay,1668868548,qslstm,9,24.085839336567005,0.5311322043999098
delay,1668868548,qslstm,10,25.141146349924384,0.5268877014750615
delay,1668868548,qslstm,11,24.3500777702684,0.5302709284005687
delay,1668868548,qslstm,12,25.56140981392491,0.529880270769354
delay,1668868548,qslstm,13,24.331055434939117,0.5321413028868847
delay,1668868548,qslstm,14,25.317832826644008,0.530776706058532
delay,1668868548,qslstm,15,25.837613903699093,0.5279093974386342
delay,1668868548,qslstm,16,26.417662408546676,0.5256260762689635
delay,1668868548,qslstm,17,24.49142134741487,0.5308633741224185
delay,1668868548,qslstm,18,25.627093539191264,0.5276350903441198
delay,1668868548,qslstm,19,25.22645871444547,0.5273972264840268
delay,1668868548,qslstm,20,25.97714283842288,0.5276910397806205
delay,1668868548,qslstm,21,25.61865427232624,0.527105413901154
delay,1668868548,qslstm,22,24.02552467422356,0.5315566671197303
delay,1668868548,qslstm,23,24.615638982384553,0.5276355937821791
delay,1668868548,qslstm,24,24.75418180473389,0.5291812249342911
delay,1668868548,qslstm,25,28.677929096529624,0.5224227008293383
delay,1668868548,qslstm,26,23.36312134325817,0.5344673834042624
delay,1668868548,qslstm,27,24.755634442819428,0.5280052396701649
delay,1668868548,qslstm,28,23.83622433634082,0.5331420966540463
delay,1668868548,qslstm,29,24.932982789170637,0.5319036920554936
delay,1668868548,qslstm,30,26.74486743405214,0.5278155943960883
delay,1668868548,qslstm,31,25.197531822192104,0.5334972672280855
delay,1668868548,qslstm_log,0,1.2455789262145958,0.4796058780070789
delay,1668868548,qslstm_log,1,1.0798043730154325,0.48147183053604947
delay,1668868548,qslstm_log,2,1.0383123545169028,0.48297180336498324
delay,1668868548,qslstm_log,3,1.0181055543365747,0.48074600537974144
delay,1668868548,qslstm_log,4,1.0106704994344937,0.47960835120581696
delay,1668868548,qslstm_log,5,1.0541774972103595,0.4824468011935378
delay,1668868548,qslstm_log,6,1.1474552897162762,0.48618237950317766
delay,1668868548,qslstm_log,7,0.9737753920704926,0.4792329355914901
delay,1668868548,qslstm_log,8,1.0446638250501357,0.4814991462557915
delay,1668868548,qslstm_log,9,1.0804684970283476,0.48359521701839864
delay,1668868548,qslstm_log,10,0.999098310178892,0.4792753503842083
delay,1668868548,qslstm_log,11,1.0613535560653835,0.48224845444518916
delay,1668868548,qslstm_log,12,1.0610118140895404,0.48284160612901894
delay,1668868548,qslstm_log,13,1.1063612298163554,0.4843423789097706
delay,1668868548,qslstm_log,14,1.0666257469141915,0.4832575187872037
delay,1668868548,qslstm_log,15,1.007235770737792,0.48076761244849275
delay,1668868548,qslstm_log,16,0.9731412151403651,0.47811085282468935
delay,1668868548,qslstm_log,17,1.104935320454775,0.48300669179658384
delay,1668868548,qslstm_log,18,1.0257583535283663,0.4799962682493755
delay,1668868548,qslstm_log,19,1.0051779622033226,0.4799879711564712
delay,1668868548,qslstm_log,20,1.0184190854251285,0.4801018502247377
delay,1668868548,qslstm_log,21,1.0172826599683604,0.4795832220560936
delay,1668868548,qslstm_log,22,1.1046698297286683,0.4840738779913996
delay,1668868548,qslstm_log,23,1.0053515844139784,0.48051423237948443
delay,1668868548,qslstm_log,24,1.0661070272709927,0.48149733588828797
delay,1668868548,qslstm_log,25,0.9287165614927222,0.47597872081123616
delay,1668868548,qslstm_log,26,1.1816195456914504,0.48654703196614857
delay,1668868548,qslstm_log,27,1.016964339721494,0.48088721752011065
delay,1668868548,qslstm_log,28,1.1173750394073063,0.48546385383009283
delay,1668868548,qslstm_log,29,1.075553607392305,0.48463636412354105
delay,1668868548,qslstm_log,30,0.9967210790157163,0.4812260210878416
delay,1668868548,qslstm_log,31,1.1498207110660572,0.48593762630563386
delay,1710807515,qlstm,0,0.6443269053124823,0.6515983269782737
delay,1710807515,qlstm,1,0.6388991844141856,0.6502687699394301
delay,1710807515,qlstm,2,0.6371030633454211,0.6486698498483747
delay,1710807515,qlstm,3,0.6371325456420891,0.6457287993398495
delay,1710807515,qlstm,4,0.6363509087241255,0.6448570966022089
delay,1710807515,qlstm,5,0.6348781682900153,0.6441293196403421
delay,1710807515,qlstm,6,0.6355096593033522,0.6424160551396199
delay,1710807515,qlstm,7,0.6357025582110509,0.6428669428569265
delay,1710807515,qlstm,8,0.6329143290640786,0.6440149858826771
delay,1710807515,qlstm,9,0.6379450862295926,0.6414203292806633
delay,1710807515,qlstm,10,0.6376406404888257,0.6442858639638871
delay,1710807515,qlstm,11,0.6367386426427402,0.644089457928203
delay,1710807515,qlstm,12,0.6361479458282702,0.6423452637973242
delay,1710807515,qlstm,13,0.6347962250001729,0.6434483127086423
delay,1710807515,qlstm,14,0.6385516934096813,0.6418233801960014
delay,1710807515,qlstm,15,0.639325353782624,0.6417768963729031
delay,1710807515,qlstm,16,0.6377762932097539,0.6432738341973163
delay,1710807515,qlstm,17,0.6356968501931988,0.6430784821277484
delay,1710807515,qlstm,18,0.6395139427040704,0.6411112693604082
delay,1710807515,qlstm,19,0.6393479263060726,0.6428205046104267
delay,1710807515,qlstm,20,0.6376365093747154,0.6433114148676395
delay,1710807515,qlstm,21,0.6350294206058607,0.6444306302000768
delay,1710807515,qlstm,22,0.6350599380675703,0.6415150702814572
delay,1710807515,qlstm,23,0.6371056337375194,0.6410804539336823
delay,1710807515,qlstm,24,0.6389186553424224,0.6429492947645485
delay,1710807515,qlstm,25,0.639797095907852,0.6421653439756483
delay,1710807515,qlstm,26,0.6379107562825084,0.6425000304589048
delay,1710807515,qlstm,27,0.6328508546575904,0.645084755436983
delay,1710807515,qlstm,28,0.635297266417183,0.6427401307155378
delay,1710807515,qlstm,29,0.6339809760684147,0.6427624950301833
delay,1710807515,qlstm,30,0.6360239463392645,0.6419483954668976
delay,1710807515,qlstm,31,0.6357724324334413,0.6421028256881982
delay,1710807515,qslstm,0,20.730731678024313,0.4750879689818248
delay,1710807515,qslstm,1,63.000853033398016,0.4851326869102195
delay,1710807515,qslstm,2,29.468394776249625,0.47573951724916697
delay,1710807515,qslstm,3,26.83568771355931,0.46784194669453427
delay,1710807515,qslstm,4,32.038411380461184,0.4676622901461087
delay,1710807515,qslstm,5,28.29143454896257,0.4678871670621447
delay,1710807515,qslstm,6,28.620618236229348,0.4647630680119619
delay,1710807515,qslstm,7,30.79718721137033,0.46481126616708934
delay,1710807515,qslstm,8,34.35030679314514,0.4684714933973737
delay,1710807515,qslstm,9,38.95608650803479,0.45757710322504863
delay,1710807515,qslstm,10,40.298773371901916,0.46237195760477334
delay,1710807515,qslstm,11,38.00446337212634,0.4644325565895997
delay,1710807515,qslstm,12,35.19286196766552,0.4627393806586042
delay,1710807515,qslstm,13,50.61083469934965,0.4660423187306151
delay,1710807515,qslstm,14,43.32635512697016,0.45942381356144324
delay,1710807515,qslstm,15,45.477284101412806,0.45916041563032195
delay,1710807515,qslstm,16,35.85113811048359,0.4636853228439577
delay,1710807515,qslstm,17,39.23192127437869,0.4652364903013222
delay,1710807515,qslstm,18,30.83416408179255,0.45772429037606344
delay,1710807515,qslstm,19,31.50057097381068,0.46135629242053255
delay,1710807515,qslstm,20,38.91595156600306,0.4638682083459571
delay,1710807515,qslstm,21,38.24684746775165,0.46828159800497815
delay,1710807515,qslstm,22,35.22571133265592,0.46229289553593844
delay,1710807515,qslstm,23,36.28763880750921,0.45963350881356746
delay,1710807515,qslstm,24,30.497693176475877,0.4612758359289728
delay,1710807515,qslstm,25,34.668252160387055,0.46013482264243066
delay,1710807515,qslstm,26,45.19982631570747,0.4640483541879803
delay,1710807515,qslstm,27,46.26781534888505,0.47191024053609
delay,1710807515,qslstm,28,32.4477386571416,0.4636496388120577
delay,1710807515,qslstm,29,39.4919502711673,0.4648591210716404
delay,1710807515,qslstm,30,36.45820315810124,0.46067656081868336
delay,1710807515,qslstm,31,40.12012469171532,0.4612488793209195
delay,1710807515,qslstm_log,0,0.6036045710130066,0.5360446887453557
delay,1710807515,qslstm_log,1,0.6986223417987634,0.5366640947498205
delay,1710807515,qslstm_log,2,0.6419758222256062,0.5323420047823346
delay,1710807515,qslstm_log,3,0.6239412323966803,0.5317786340620337
delay,1710807515,qslstm_log,4,0.6299096834091448,0.5328225684450766
delay,1710807515,qslstm_log,5,0.6606856783083199,0.5330469895353064
delay,1710807515,qslstm_log,6,0.6540368566103837,0.5337134820502707
delay,1710807515,qslstm_log,7,0.644062499665062,0.5343905163532902
delay,1710807515,qslstm_log,8,0.7029109931616083,0.5349354164938949
delay,1710807515,qslstm_log,9,0.5873182424035578,0.5351340569465519
delay,1710807515,qslstm_log,10,0.5936026096299607,0.535107925432255
delay,1710807515,qslstm_log,11,0.607138974032875,0.5355315373637007
delay,1710807515,qslstm_log,12,0.6370161420518342,0.5351617960094668
delay,1710807515,qslstm_log,13,0.6669030386452668,0.5358125764005589
delay,1710807515,qslstm_log,14,0.5907257930300439,0.5349710447818534
delay,1710807515,qslstm_log,15,0.5876035301377736,0.5349379454324728
delay,1710807515,qslstm_log,16,0.6195617669359935,0.5353185450940263
delay,1710807515,qslstm_log,17,0.6543129158003973,0.5354872672393602
delay,1710807515,qslstm_log,18,0.5882407832005623,0.5344634998435449
delay,1710807515,qslstm_log,19,0.6034031548975958,0.5348087756541957
delay,1710807515,qslstm_log,20,0.6144142945050102,0.5350531114090615
delay,1710807515,qslstm_log,21,0.6652345211381547,0.535364711985927
delay,1710807515,qslstm_log,22,0.6583858836578373,0.5344549112351267
delay,1710807515,qslstm_log,23,0.6391782575365306,0.5346825291789488
delay,1710807515,qslstm_log,24,0.6025656306341334,0.5346726705227709
delay,1710807515,qslstm_log,25,0.5837050238398223,0.5347681710500305
delay,1710807515,qslstm_log,26,0.6318179282839022,0.5356363744653281
delay,1710807515,qslstm_log,27,0.6868890260085984,0.5364461694129801
delay,1710807515,qslstm_log,28,0.6403770182169389,0.5346265738725567
delay,1710807515,qslstm_log,29,0.6772402618474387,0.534768809446508
delay,1710807515,qslstm_log,30,0.635951269101626,0.5347337281506219
delay,1710807515,qslstm_log,31,0.6629390906214396,0.5345339808699876
delay,1716202887,qlstm,0,0.7153209693497047,0.46916726836934686
delay,1716202887,qlstm,1,0.7140191534999758,0.4623701845994219
delay,1716202887,qlstm,2,0.7131425881525502,0.4680827096453868
delay,1716202887,qlstm,3,0.714688214706257,0.4554964902345091
delay,1716202887,qlstm,4,0.7137331136036664,0.4581367975915782
delay,1716202887,qlstm,5,0.7134656105190516,0.4627834410057403
delay,1716202887,qlstm,6,0.7128972315695137,0.46801051613874733
delay,1716202887,qlstm,7,0.7140817329054698,0.4597365017980337
delay,1716202887,qlstm,8,0.7140020689694211,0.45834880822803825
delay,1716202887,qlstm,9,0.7130129350116476,0.46323776326607913
delay,1716202887,qlstm,10,0.7129573124693707,0.4629661455983296
delay,1716202887,qlstm,11,0.7125731357373297,0.467814301722683
delay,1716202887,qlstm,12,0.7124037835747004,0.4692374021396972
delay,1716202887,qlstm,13,0.7139161810046062,0.46447667537722737
delay,1716202887,qlstm,14,0.7155704245669767,0.4561246436787769
delay,1716202887,qlstm,15,0.7139062555506825,0.4650191981345415
delay,1716202887,qlstm,16,0.7137264056364074,0.4617219094070606
delay,1716202887,qlstm,17,0.7125181650044397,0.46626610471867025
delay,1716202887,qlstm,18,0.7135741384699941,0.4598137086723
delay,1716202887,qlstm,19,0.7125083695864305,0.47129267413401976
delay,1716202887,qlstm,20,0.7134509289171547,0.46613988879835233
delay,1716202887,qlstm,21,0.7139404809568077,0.4597230793442577
delay,1716202887,qlstm,22,0.7143268417567015,0.4635097017744556
delay,1716202887,qlstm,23,0.7139746904140338,0.459745149302762
delay,1716202887,qlstm,24,0.7124989309813827,0.4654047770309262
delay,1716202887,qlstm,25,0.713765200227499,0.4565194017486647
delay,1716202887,qlstm,26,0.7120611212449148,0.46365050319582224
delay,1716202887,qlstm,27,0.7133231167681515,0.46260843880008906
delay,1716202887,qlstm,28,0.7132286851992831,0.46351388859329745
delay,1716202887,qlstm,29,0.7129073058022186,0.4656575007829815
delay,1716202887,qlstm,30,0.7143023279495537,0.4621803220943548
delay,1716202887,qlstm,31,0.7119884038111195,0.4668825160479173
delay,1716202887,qslstm,0,316.5592222864507,0.47284680185839534
delay,1716202887,qslstm,1,181.05139846913517,0.48550161317689344
delay,1716202887,qslstm,2,93.90795615233947,0.4731739262933843
delay,1716202887,qslstm,3,131.78747410036158,0.47535466420231387
delay,1716202887,qslstm,4,168.01817097631283,0.47017819090979174
delay,1716202887,qslstm,5,180.9303576037055,0.4669117094599642
delay,1716202887,qslstm,6,205.6698555026669,0.46333671774482355
delay,1716202887,qslstm,7,225.70621092210058,0.46918402786832303
delay,1716202887,qslstm,8,287.6412323814584,0.4711823626421392
delay,1716202887,qslstm,9,220.19830763794016,0.46804635057924315
delay,1716202887,qslstm,10,243.32246428821236,0.46799413283588365
delay,1716202887,qslstm,11,220.0859903775854,0.4653962412266992
delay,1716202887,qslstm,12,233.32784273428842,0.46417217346606776
delay,1716202887,qslstm,13,207.78630195360165,0.4661089389701374
delay,1716202887,qslstm,14,186.8969253868563,0.4718040928710252
delay,1716202887,qslstm,15,245.63962454465218,0.4671452146722004
delay,1716202887,qslstm,16,243.49352135893423,0.4685216082725674
delay,1716202887,qslstm,17,252.2876276411116,0.46704541333019733
delay,1716202887,qslstm,18,256.69452287314925,0.4702825147542171
delay,1716202887,qslstm,19,209.87672454700805,0.46277559705777094
delay,1716202887,qslstm,20,220.9577110989485,0.46557567262789235
delay,1716202887,qslstm,21,252.44834558840375,0.4706771822529845
delay,1716202887,qslstm,22,213.5790516816778,0.4680445892736316
delay,1716202887,qslstm,23,260.769936063909,0.4708351918961853
delay,1716202887,qslstm,24,213.01470879872795,0.46712308865971863
delay,1716202887,qslstm,25,235.6721407037694,0.4732073934865184
delay,1716202887,qslstm,26,242.67887367552612,0.4694062427734025
delay,1716202887,qslstm,27,260.01679734839126,0.4673288619960658
delay,1716202887,qslstm,28,218.98131620278582,0.46659380331402645
delay,1716202887,qslstm,29,219.34646576596424,0.4670556179480627
delay,1716202887,qslstm,30,268.00420096481685,0.46883374417666346
delay,1716202887,qslstm,31,298.27463917038403,0.4676207766751759
delay,1716202887,qslstm_log,0,0.5658647726472892,0.4786579779527956
delay,1716202887,qslstm_log,1,0.6260633683126868,0.4749535570877258
delay,1716202887,qslstm_log,2,0.5666338264941599,0.4693955640627847
delay,1716202887,qslstm_log,3,0.6734496714336926,0.4650164429310503
delay,1716202887,qslstm_log,4,0.6555790365884961,0.4628353039704281
delay,1716202887,qslstm_log,5,0.6015578220640792,0.4629454683752404
delay,1716202887,qslstm_log,6,0.5409480522815167,0.4637664515835135
delay,1716202887,qslstm_log,7,0.6007537719683722,0.46371289395710236
delay,1716202887,qslstm_log,8,0.626012684599403,0.4630701729569493
delay,1716202887,qslstm_log,9,0.5922301955553314,0.46341076556496297
delay,1716202887,qslstm_log,10,0.6276815045826938,0.4629402232704998
delay,1716202887,qslstm_log,11,0.5298646147856458,0.46452085568013757
delay,1716202887,qslstm_log,12,0.5231300290676153,0.46477526123332313
delay,1716202887,qslstm_log,13,0.5599753254689163,0.46463979687694684
delay,1716202887,qslstm_log,14,0.6260614291303366,0.4644650908007175
delay,1716202887,qslstm_log,15,0.5678122497334364,0.4646000654661343
delay,1716202887,qslstm_log,16,0.6008516339139178,0.46366324326802
delay,1716202887,qslstm_log,17,0.5588222864784881,0.4645913384932598
delay,1716202887,qslstm_log,18,0.620156923954044,0.4637169715715149
delay,1716202887,qslstm_log,19,0.5094657910279805,0.4655842155982099
delay,1716202887,qslstm_log,20,0.5594248446077449,0.4650726686321987
delay,1716202887,qslstm_log,21,0.6208831089073003,0.4649300009113694
delay,1716202887,qslstm_log,22,0.5629254394754948,0.4650824382618198
delay,1716202887,qslstm_log,23,0.6192917245275679,0.46378237926083354
delay,1716202887,qslstm_log,24,0.5973556866087375,0.4640040514362658
delay,1716202887,qslstm_log,25,0.6625507609045114,0.4635413104707171
delay,1716202887,qslstm_log,26,0.6216810444771694,0.46373413743616576
delay,1716202887,qslstm_log,27,0.6057214064400189,0.4629845567148029
delay,1716202887,qslstm_log,28,0.5802837534776968,0.4634782074086945
delay,1716202887,qslstm_log,29,0.558727578926222,0.4641069910242886
delay,1716202887,qslstm_log,30,0.5806830954195258,0.4644448836307399
delay,1716202887,qslstm_log,31,0.5701861108903508,0.46438756360357214
delay,1806016308,qlstm,0,0.6300358510343358,0.510350149765145
delay,1806016308,qlstm,1,0.6287870600936003,0.5095654935576022
delay,1806016308,qlstm,2,0.629841107991524,0.5068755784304813
delay,1806016308,qlstm,3,0.627283334848471,0.5090571965556592
delay,1806016308,qlstm,4,0.628504577674903,0.5068357950658537
delay,1806016308,qlstm,5,0.6279767683008686,0.5154319680295885
delay,1806016308,qlstm,6,0.6271940427832305,0.5162362466217019
delay,1806016308,qlstm,7,0.6273914237972349,0.5084792161360383
delay,1806016308,qlstm,8,0.628558658005204,0.5133751290850341
delay,1806016308,qlstm,9,0.6264116929960437,0.5096984088304453
delay,1806016308,qlstm,10,0.6265629300032742,0.50675823551137
delay,1806016308,qlstm,11,0.6297663180739619,0.512059350614436
delay,1806016308,qlstm,12,0.6287331540952437,0.5091508067562245
delay,1806016308,qlstm,13,0.6282654338283464,0.5062785471673124
delay,1806016308,qlstm,14,0.6303336935816333,0.5128896498354152
delay,1806016308,qlstm,15,0.6280514827813022,0.5083446686621755
delay,1806016308,qlstm,16,0.627806406118907,0.511121136136353
delay,1806016308,qlstm,17,0.6301186591153964,0.5114320963039063
delay,1806016308,qlstm,18,0.628047545265872,0.5095136014861055
delay,1806016308,qlstm,19,0.6272998851491138,0.5111449767719023
delay,1806016308,qlstm,20,0.6283645530347712,0.5114784193574451
delay,1806016308,qlstm,21,0.6262195417657495,0.5114702740102075
delay,1806016308,qlstm,22,0.6272718842374161,0.5105854788562283
delay,1806016308,qlstm,23,0.6272436332073994,0.5052381413988769
delay,1806016308,qlstm,24,0.627575617749244,0.5109899104572833
delay,1806016308,qlstm,25,0.6289217780577019,0.5094216057914309
delay,1806016308,qlstm,26,0.6273759136092849,0.5110328880255111
delay,1806016308,qlstm,27,0.6296696024364792,0.5099592083133757
delay,1806016308,qlstm,28,0.6292120614671148,0.5089378189877607
delay,1806016308,qlstm,29,0.6287211554008536,0.5120744334417395
delay,1806016308,qlstm,30,0.6289228755049407,0.5092760588158853
delay,1806016308,qlstm,31,0.6305244363611564,0.5088599381269887
delay,1806016308,qslstm,0,3.0455353743745945,0.470692019443959
delay,1806016308,qslstm,1,4.576946077399043,0.4584036512533203
delay,1806016308,qslstm,2,5.061445715315131,0.4584204379352741
delay,1806016308,qslstm,3,5.183244618407116,0.45399297325639054
delay,1806016308,qslstm,4,4.832685220997519,0.4583011479116976
delay,1806016308,qslstm,5,3.6572222269605845,0.44735821115318686
delay,1806016308,qslstm,6,3.1490869813751488,0.44387438031844795
delay,1806016308,qslstm,7,4.2418466040471685,0.452490568801295
delay,1806016308,qslstm,8,3.836416437257867,0.4458181419176981
delay,1806016308,qslstm,9,4.810222753076232,0.4493582192226313
delay,1806016308,qslstm,10,4.870948674990359,0.453493733832147
delay,1806016308,qslstm,11,3.5023896813327156,0.4488029040512629
delay,1806016308,qslstm,12,4.300696776663244,0.45211159135214984
delay,1806016308,qslstm,13,4.507522947704274,0.45632742828456685
delay,1806016308,qslstm,14,3.2923625566618284,0.4489257987588644
delay,1806016308,qslstm,15,4.47436756764364,0.4541156643535942
delay,1806016308,qslstm,16,4.274031559180003,0.45092529855901375
delay,1806016308,qslstm,17,3.6918044462909165,0.45006296411156654
delay,1806016308,qslstm,18,4.50203720375066,0.4514941578381695
delay,1806016308,qslstm,19,4.142151772379293,0.4493068260489963
delay,1806016308,qslstm,20,4.128463055716566,0.44889656244777143
delay,1806016308,qslstm,21,4.049769415003539,0.44854879716876894
delay,1806016308,qslstm,22,4.123074133283808,0.4494399767718278
delay,1806016308,qslstm,23,5.2736472134092764,0.4558918190305121
delay,1806016308,qslstm,24,4.189380635369162,0.4499184188898653
delay,1806016308,qslstm,25,4.414705240746116,0.45316550123970956
delay,1806016308,qslstm,26,4.194768840636243,0.4512361779343337
delay,1806016308,qslstm,27,4.259704127747682,0.4522434678510763
delay,1806016308,qslstm,28,4.181146667753637,0.4534442077274434
delay,1806016308,qslstm,29,3.9375763282732805,0.4483908065594733
delay,1806016308,qslstm,30,4.135113562690094,0.45181248628068715
delay,1806016308,qslstm,31,4.333019173773209,0.4532877837191336
delay,1806016308,qslstm_log,0,0.7037593332941685,0.49956024279564615
delay,1806016308,qslstm_log,1,0.7176265724022652,0.4936701283598807
delay,1806016308,qslstm_log,2,0.7158131376284067,0.4962024262699152
delay,1806016308,qslstm_log,3,0.7583881850656982,0.4940989676562405
delay,1806016308,qslstm_log,4,0.7358755235996646,0.49767614329999865
delay,1806016308,qslstm_log,5,0.8095875720433566,0.49140816412484967
delay,1806016308,qslstm_log,6,0.8181066121325282,0.4897889012115015
delay,1806016308,qslstm_log,7,0.7704180755045066,0.4955993841553319
delay,1806016308,qslstm_log,8,0.8038700391369313,0.4922595408728951
delay,1806016308,qslstm_log,9,0.7971102446474736,0.4936219544288275
delay,1806016308,qslstm_log,10,0.7665902272634361,0.49605905885848534
delay,1806016308,qslstm_log,11,0.7918411398206198,0.49425763525916805
delay,1806016308,qslstm_log,12,0.7692382435082141,0.4958612533270183
delay,1806016308,qslstm_log,13,0.7461131677201407,0.4982047243058763
delay,1806016308,qslstm_log,14,0.7886505579829992,0.4942005261390865
delay,1806016308,qslstm_log,15,0.7594000894196398,0.49677337150034817
delay,1806016308,qslstm_log,16,0.78794362718488,0.494650070850351
delay,1806016308,qslstm_log,17,0.7697543016566297,0.4948176406294567
delay,1806016308,qslstm_log,18,0.7709663337527484,0.49519819444177615
delay,1806016308,qslstm_log,19,0.7942407896622772,0.493779137412359
delay,1806016308,qslstm_log,20,0.7893161723628392,0.49395235515117336
delay,1806016308,qslstm_log,21,0.7996848760789494,0.49342213333043805
delay,1806016308,qslstm_log,22,0.785114270751565,0.494133967942402
delay,1806016308,qslstm_log,23,0.7491125037625761,0.49759704803191285
delay,1806016308,qslstm_log,24,0.7791596141780693,0.4939912536435847
delay,1806016308,qslstm_log,25,0.7638651810218322,0.4964121690554628
delay,1806016308,qslstm_log,26,0.7828987510168535,0.49472546994179145
delay,1806016308,qslstm_log,27,0.7671811870033587,0.49586862503581103
delay,1806016308,qslstm_log,28,0.7555551466163926,0.4966735365622858
delay,1806016308,qslstm_log,29,0.7871878163724311,0.49334303586806494
delay,1806016308,qslstm_log,30,0.7580311253331669,0.4955405084555272
delay,1806016308,qslstm_log,31,0.7507272128396529,0.4970443826748202
delay,1885117419,qlstm,0,0.5912587511120364,0.44126672681886703
delay,1885117419,qlstm,1,0.592184261418879,0.4399089601356536
delay,1885117419,qlstm,2,0.5902749489760026,0.4336832872359082
delay,1885117419,qlstm,3,0.5933595437090844,0.4466276449384168
delay,1885117419,qlstm,4,0.5903840797836892,0.44022378243971616
delay,1885117419,qlstm,5,0.591562838817481,0.44505488395225257
delay,1885117419,qlstm,6,0.5905944625264965,0.44231877382844687
delay,1885117419,qlstm,7,0.5901803654269315,0.4374384846887551
delay,1885117419,qlstm,8,0.5920135412015952,0.4416619006660767
delay,1885117419,qlstm,9,0.5894943496678025,0.43952924152836204
delay,1885117419,qlstm,10,0.5919784439611249,0.4380066432640888
delay,1885117419,qlstm,11,0.5921178660937585,0.4394308819901198
delay,1885117419,qlstm,12,0.589321747829672,0.4397135913022794
delay,1885117419,qlstm,13,0.5917994527844712,0.44147811870789155
delay,1885117419,qlstm,14,0.5924395741312765,0.4440652952180244
delay,1885117419,qlstm,15,0.5904002942261286,0.4428385235951282
delay,1885117419,qlstm,16,0.5919185453094542,0.4449799747671932
delay,1885117419,qlstm,17,0.5900809112354182,0.4412665063282475
delay,1885117419,qlstm,18,0.5914863195503131,0.4435287741944194
delay,1885117419,qlstm,19,0.5930940825492144,0.4449132206500508
delay,1885117419,qlstm,20,0.5905823234352283,0.43932655442040414
delay,1885117419,qlstm,21,0.5922316318610683,0.4453169744811021
delay,1885117419,qlstm,22,0.5900883009308018,0.4385078881168738
delay,1885117419,qlstm,23,0.5919599664048292,0.44319656473817304
delay,1885117419,qlstm,24,0.5912954442901537,0.4453990461770445
delay,1885117419,qlstm,25,0.5909407706931233,0.44422958738869056
delay,1885117419,qlstm,26,0.5892716239322908,0.44056650303537026
delay,1885117419,qlstm,27,0.5904007123899646,0.44243126461515203
delay,1885117419,qlstm,28,0.5889514169539325,0.43925914011197165
delay,1885117419,qlstm,29,0.5916075210552663,0.4429895055363886
delay,1885117419,qlstm,30,0.5894846518640406,0.43959948600968346
delay,1885117419,qlstm,31,0.5906524358433671,0.4442504008184187
delay,1885117419,qslstm,0,96.72609072340947,0.5759720524656586
delay,1885117419,qslstm,1,52.378366779585576,0.5652052920195274
delay,1885117419,qslstm,2,46.79262255114554,0.5625719465897419
delay,1885117419,qslstm,3,58.331886952314335,0.5538089675246738
delay,1885117419,qslstm,4,67.66622266953595,0.5578886280418374
delay,1885117419,qslstm,5,85.97396561965002,0.5553037399076857
delay,1885117419,qslstm,6,101.7265680071655,0.5563501057913527
delay,1885117419,qslstm,7,141.16746477726383,0.5595314996317029
delay,1885117419,qslstm,8,109.5773744789924,0.5564212325261906
delay,1885117419,qslstm,9,154.48501195946164,0.5564203231479041
delay,1885117419,qslstm,10,151.04939346391075,0.559055796766188
delay,1885117419,qslstm,11,150.10623853028164,0.5568820281769149
delay,1885117419,qslstm,12,165.69047297752422,0.5552677153609693
delay,1885117419,qslstm,13,157.24661046206256,0.5561215977068059
delay,1885117419,qslstm,14,125.99996387403348,0.5554869712796062
delay,1885117419,qslstm,15,145.4546377692809,0.5558273906353861
delay,1885117419,qslstm,16,135.9134574973657,0.5554541086312383
delay,1885117419,qslstm,17,137.82675561474684,0.5573033627588302
delay,1885117419,qslstm,18,136.1269096149747,0.5564670485910028
delay,1885117419,qslstm,19,121.66084980166556,0.5568668724154122
delay,1885117419,qslstm,20,168.5674801232385,0.558345309633296
delay,1885117419,qslstm,21,130.36646831427993,0.5559559056418948
delay,1885117419,qslstm,22,140.76700580211582,0.5596884961705655
delay,1885117419,qslstm,23,162.64164857844207,0.5568258022540249
delay,1885117419,qslstm,24,122.5877898235351,0.5554191232658923
delay,1885117419,qslstm,25,150.19704451653138,0.5560974624822848
delay,1885117419,qslstm,26,166.1529862760092,0.5572723401128314
delay,1885117419,qslstm,27,129.29773000383307,0.5569917239481583
delay,1885117419,qslstm,28,157.47539521285194,0.5578304065857083
delay,1885117419,qslstm,29,108.99900465064275,0.5566380327800289
delay,1885117419,qslstm,30,124.81879973272498,0.5579639172647148
delay,1885117419,qslstm,31,119.94954782630884,0.5545712879975326
delay,1885117419,qslstm_log,0,0.1995049905865236,0.4370659276236113
delay,1885117419,qslstm_log,1,0.20442076387552793,0.43572569973561637
delay,1885117419,qslstm_log,2,0.2228814781328181,0.43932152685324133
delay,1885117419,qslstm_log,3,0.17801243789799945,0.42822819287090397
delay,1885117419,qslstm_log,4,0.19917490877935634,0.43495608609504777
delay,1885117419,qslstm_log,5,0.1802455440570861,0.43059549959115695
delay,1885117419,qslstm_log,6,0.18787440254869567,0.4320856953713533
delay,1885117419,qslstm_log,7,0.20039977392534558,0.4358483933938546
delay,1885117419,qslstm_log,8,0.18803938356398445,0.4311995574829954
delay,1885117419,qslstm_log,9,0.20071083288438377,0.434500322684917
delay,1885117419,qslstm_log,10,0.19695870029288715,0.4341564804224435
delay,1885117419,qslstm_log,11,0.19528015965355777,0.43340663339723773
delay,1885117419,qslstm_log,12,0.20581204601032532,0.43466970838620744
delay,1885117419,qslstm_log,13,0.19132162685440013,0.43222887251300735
delay,1885117419,qslstm_log,14,0.17964462121638347,0.4305238963107495
delay,1885117419,qslstm_log,15,0.18674856845213936,0.43258377317366087
delay,1885117419,qslstm_log,16,0.17500457917048007,0.4297121039870553
delay,1885117419,qslstm_log,17,0.18953693353401121,0.43337643067819986
delay,1885117419,qslstm_log,18,0.1779758175395998,0.43075264036016586
delay,1885117419,qslstm_log,19,0.1674147552653059,0.4287275244190214
delay,1885117419,qslstm_log,20,0.19180084070432404,0.4334116407998005
delay,1885117419,qslstm_log,21,0.1706621452396761,0.42912950484480394
delay,1885117419,qslstm_log,22,0.19378229443045664,0.43535241161533045
delay,1885117419,qslstm_log,23,0.17955671572446485,0.4302023310162122
delay,1885117419,qslstm_log,24,0.17512776652148496,0.4300610893440859
delay,1885117419,qslstm_log,25,0.1767527758539274,0.4305774117215344
delay,1885117419,qslstm_log,26,0.19265001289099742,0.43348499548960756
delay,1885117419,qslstm_log,27,0.18417526530319622,0.4317412921552913
delay,1885117419,qslstm_log,28,0.19913947550534442,0.4344016563376132
delay,1885117419,qslstm_log,29,0.181503686680914,0.4304756238531124
delay,1885117419,qslstm_log,30,0.19777441938021836,0.4349705376554267
delay,1885117419,qslstm_log,31,0.1820694470300478,0.43037429329118293
delay,1952804984,qlstm,0,0.628706329734996,0.48989299894310534
delay,1952804984,qlstm,1,0.6272520698839799,0.4870431513991207
delay,1952804984,qlstm,2,0.621738578658551,0.48333485034527257
delay,1952804984,qlstm,3,0.6209116135141812,0.482760883285664
delay,1952804984,qlstm,4,0.6213470728835091,0.4831007940811105
delay,1952804984,qlstm,5,0.62353000609437,0.4841163291130215
delay,1952804984,qlstm,6,0.6196054334868677,0.48194192262599245
delay,1952804984,qlstm,7,0.6233387739048339,0.4833984565339051
delay,1952804984,qlstm,8,0.6171099106431939,0.48053940723184496
delay,1952804984,qlstm,9,0.6239264085888863,0.4840526622137986
delay,1952804984,qlstm,10,0.6204972386476584,0.4822044619359076
delay,1952804984,qlstm,11,0.6251804832136258,0.48402528872247785
delay,1952804984,qlstm,12,0.6260196679504588,0.48368369217496365
delay,1952804984,qlstm,13,0.6259989005047828,0.48280771455029026
delay,1952804984,qlstm,14,0.6221479563391767,0.4808592461049557
delay,1952804984,qlstm,15,0.6252338757039979,0.48229428834747523
delay,1952804984,qlstm,16,0.625719292787835,0.48250589839881286
delay,1952804984,qlstm,17,0.6193834437290207,0.47966955293668434
delay,1952804984,qlstm,18,0.624858807597775,0.48305179335875437
delay,1952804984,qlstm,19,0.6254897243343294,0.4832281217677519
delay,1952804984,qlstm,20,0.6260362145258114,0.48296112287789583
delay,1952804984,qlstm,21,0.6267708666855469,0.48281388176837936
delay,1952804984,qlstm,22,0.6278755489038303,0.48279156029457226
delay,1952804984,qlstm,23,0.6188879979308695,0.4786719758412801
delay,1952804984,qlstm,24,0.6213833328802139,0.48075626720674336
delay,1952804984,qlstm,25,0.622776593954768,0.48186045582406223
delay,1952804984,qlstm,26,0.6241434453986585,0.4830011492013
delay,1952804984,qlstm,27,0.6237281023641117,0.482420549611561
delay,1952804984,qlstm,28,0.629288618976716,0.4845506646670401
delay,1952804984,qlstm,29,0.6208262523869053,0.4803826493443921
delay,1952804984,qlstm,30,0.6235859230509959,0.4820146284182556
delay,1952804984,qlstm,31,0.6225582979386672,0.4817457757308148
delay,1952804984,qslstm,0,12.799210895755095,0.3490733320941217
delay,1952804984,qslstm,1,15.951626837719232,0.35719167621573433
delay,1952804984,qslstm,2,13.35292011017009,0.34801674948539585
delay,1952804984,qslstm,3,13.28474339445529,0.34820429887622595
delay,1952804984,qslstm,4,14.573943718925875,0.34996516932733357
delay,1952804984,qslstm,5,14.039156978731626,0.35199340590042993
delay,1952804984,qslstm,6,13.824042382235348,0.34780036873416975
delay,1952804984,qslstm,7,14.55741647107061,0.3523885661852546
delay,1952804984,qslstm,8,13.21914716376341,0.34329159307526425
delay,1952804984,qslstm,9,14.614462314450066,0.35304680798435584
delay,1952804984,qslstm,10,14.091322284875787,0.3484823884209618
delay,1952804984,qslstm,11,15.770169675713987,0.35600140411406755
delay,1952804984,qslstm,12,14.341426137660164,0.3554530715337023
delay,1952804984,qslstm,13,14.257019048578513,0.35464856011094525
delay,1952804984,qslstm,14,13.528166694573883,0.3503350034588948
delay,1952804984,qslstm,15,14.315485919447383,0.35329753265250474
delay,1952804984,qslstm,16,14.340593311746488,0.35404910310171545
delay,1952804984,qslstm,17,12.768646425800398,0.34561882441630587
delay,1952804984,qslstm,18,15.036372577989823,0.353495427290909
delay,1952804984,qslstm,19,14.841356571108918,0.3548390535870567
delay,1952804984,qslstm,20,14.925421747269866,0.3550928354379721
delay,1952804984,qslstm,21,14.603873900756298,0.3560056746355258
delay,1952804984,qslstm,22,14.798018817498814,0.35761191754136235
delay,1952804984,qslstm,23,12.946234618895687,0.34622070158366114
delay,1952804984,qslstm,24,13.353799783122668,0.34762100246734917
delay,1952804984,qslstm,25,13.796124702384986,0.35010398871963844
delay,1952804984,qslstm,26,14.600040066892689,0.35219716432038695
delay,1952804984,qslstm,27,13.953922306449385,0.35106153559172526
delay,1952804984,qslstm,28,15.00082681276399,0.3588459148304537
delay,1952804984,qslstm,29,12.8966326274749,0.3470571064390242
delay,1952804984,qslstm,30,13.936010731937131,0.3503454274032265
delay,1952804984,qslstm,31,13.928865095011133,0.3499998917686753
delay,1992756749,qlstm,0,0.6259922531316988,0.6606216186191887
delay,1992756749,qlstm,1,0.6225033301161602,0.6566955946618691
delay,1992756749,qlstm,2,0.6190242401207797,0.6489851671503857
delay,1992756749,qlstm,3,0.613880896824412,0.6500989316264167
delay,1992756749,qlstm,4,0.6154927338357083,0.6439600767334923
delay,1992756749,qlstm,5,0.6167219607741572,0.6428689493914135
delay,1992756749,qlstm,6,0.6150892445584759,0.6456870442489162
delay,1992756749,qlstm,7,0.6138595081865788,0.6431890525855124
delay,1992756749,qlstm,8,0.6134129663114436,0.6439134416286834
delay,1992756749,qlstm,9,0.6151076431269757,0.6401242836145684
delay,1992756749,qlstm,10,0.615476094186306,0.6423738054581918
delay,1992756749,qlstm,11,0.6149680730304681,0.6417534998618066
delay,1992756749,qlstm,12,0.6149049282539636,0.6436348600545898
delay,1992756749,qlstm,13,0.6163750958512537,0.6410635286010802
delay,1992756749,qlstm,14,0.6164773774216883,0.6428674797643907
delay,1992756749,qlstm,15,0.6157028207671829,0.6424519100110047
delay,1992756749,qlstm,16,0.6156679686391726,0.6443257784703746
delay,1992756749,qlstm,17,0.6171061717323028,0.6400064222398214
delay,1992756749,qlstm,18,0.6178146286401898,0.6426510695600882
delay,1992756749,qlstm,19,0.6172002776875161,0.6444408905226737
delay,1992756749,qlstm,20,0.6188970446237363,0.6395782334147952
delay,1992756749,qlstm,21,0.6188729298301041,0.6410377227002755
delay,1992756749,qlstm,22,0.616888843360357,0.642920073820278
delay,1992756749,qlstm,23,0.616933808021713,0.642767843673937
delay,1992756749,qlstm,24,0.6167007858748548,0.6437761296401732
delay,1992756749,qlstm,25,0.6179651815909892,0.6416120599023998
delay,1992756749,qlstm,26,0.6165572142926976,0.6456273779622279
delay,1992756749,qlstm,27,0.6165170525782742,0.6427496721153148
delay,1992756749,qlstm,28,0.616832151368726,0.6406593740102835
delay,1992756749,qlstm,29,0.6168597923824564,0.6422690147301182
delay,1992756749,qlstm,30,0.6149010017397813,0.6442556030815467
delay,1992756749,qlstm,31,0.6141431398573332,0.6435303040780127
delay,1992756749,qslstm,0,238.28814934907132,0.49429063545539975
delay,1992756749,qslstm,1,135.93939473216597,0.4951890455558896
delay,1992756749,qslstm,2,75.25749389712291,0.4913849344593473
delay,1992756749,qslstm,3,81.9552354507905,0.49363195279147476
delay,1992756749,qslstm,4,98.2560477181687,0.48889864224474877
delay,1992756749,qslstm,5,133.93510296680324,0.48908033035695553
delay,1992756749,qslstm,6,163.49112776464608,0.49162826768588275
delay,1992756749,qslstm,7,204.32121193890634,0.49113093386404216
delay,1992756749,qslstm,8,191.7302493348252,0.49132234952412546
delay,1992756749,qslstm,9,177.9114306270494,0.4882764160283841
delay,1992756749,qslstm,10,185.22458662922145,0.489566849777475
delay,1992756749,qslstm,11,241.79244313779054,0.4899587817490101
delay,1992756749,qslstm,12,245.39635550489766,0.49124961072811857
delay,1992756749,qslstm,13,187.98124014769564,0.48831893218448386
delay,1992756749,qslstm,14,226.88478878277238,0.4898820675443858
delay,1992756749,qslstm,15,200.8600538400351,0.4904589908546768
delay,1992756749,qslstm,16,191.19916217123682,0.49111627059755847
delay,1992756749,qslstm,17,214.23453626025002,0.4878524527302943
delay,1992756749,qslstm,18,172.19580349780153,0.4895861250697635
delay,1992756749,qslstm,19,211.2205602855247,0.49118329596240073
delay,1992756749,qslstm,20,154.20487362072163,0.48746137152193114
delay,1992756749,qslstm,21,177.52798865622026,0.48903277452336624
delay,1992756749,qslstm,22,167.6907142779819,0.49115057749440894
delay,1992756749,qslstm,23,177.63134473279933,0.4907520424458198
delay,1992756749,qslstm,24,155.1416983158124,0.4906374092679471
delay,1992756749,qslstm,25,148.7727102667559,0.48850201652385294
delay,1992756749,qslstm,26,192.64141576818656,0.49203417863463983
delay,1992756749,qslstm,27,164.47293667931808,0.4898147686617449
delay,1992756749,qslstm,28,178.97211976753897,0.4886815908830613
delay,1992756749,qslstm,29,158.12038811192906,0.4897325351485051
delay,1992756749,qslstm,30,218.36605050216895,0.4919934935751371
delay,1992756749,qslstm,31,176.1990662535245,0.4909519471693784
delay,2036585866,qlstm,0,0.6263671707129106,0.5049502734909765
delay,2036585866,qlstm,1,0.6243318566121161,0.5046442808816209
delay,2036585866,qlstm,2,0.6232075898442417,0.5027691542636603
delay,2036585866,qlstm,3,0.6226725493906997,0.5024778896477073
delay,2036585866,qlstm,4,0.6217220455873758,0.5015818737447262
delay,2036585866,qlstm,5,0.6212542959838174,0.5019140871008858
delay,2036585866,qlstm,6,0.6230143556604162,0.5009099616436288
delay,2036585866,qlstm,7,0.621629764966201,0.5020456181373447
delay,2036585866,qlstm,8,0.6196516108466312,0.49858968990156427
delay,2036585866,qlstm,9,0.6207622202928178,0.5006796322995797
delay,2036585866,qlstm,10,0.6219276287010871,0.49773089273367077
delay,2036585866,qlstm,11,0.6240581402671523,0.5037435996928252
delay,2036585866,qlstm,12,0.6240938958362676,0.503457774175331
delay,2036585866,qlstm,13,0.6225769557640888,0.5016299239359796
delay,2036585866,qlstm,14,0.6233438883209601,0.5000900765880942
delay,2036585866,qlstm,15,0.6225979120936245,0.5014668397489004
delay,2036585866,qlstm,16,0.6209065778530203,0.5012327540316619
delay,2036585866,qlstm,17,0.620253250352107,0.500079094665125
delay,2036585866,qlstm,18,0.6207592991413549,0.5007949924329296
delay,2036585866,qlstm,19,0.624799856217578,0.5036099141580053
delay,2036585866,qlstm,20,0.6226290257764049,0.5026949297171086
delay,2036585866,qlstm,21,0.6200197668513283,0.49971542664570734
delay,2036585866,qlstm,22,0.6209374900208786,0.4994381418218836
delay,2036585866,qlstm,23,0.6212726000812836,0.5007037184550427
delay,2036585866,qlstm,24,0.6236042286036536,0.5052796337404288
delay,2036585866,qlstm,25,0.6193630720954388,0.4984886997845024
delay,2036585866,qlstm,26,0.6216370453475975,0.5020887787104584
delay,2036585866,qlstm,27,0.6212664973572828,0.5005753891309723
delay,2036585866,qlstm,28,0.6224977073143236,0.500504155526869
delay,2036585866,qlstm,29,0.6229215305065736,0.5012926076888107
delay,2036585866,qlstm,30,0.6226324026938528,0.5018456289544702
delay,2036585866,qlstm,31,0.6217780612059869,0.5012792854686268
delay,2036585866,qslstm,0,4.179263258294668,0.43188526027370244
delay,2036585866,qslstm,1,4.308146595511062,0.4367340987082571
delay,2036585866,qslstm,2,3.876970284152776,0.4367395181325264
delay,2036585866,qslstm,3,3.7566473733313615,0.43719650263665244
delay,2036585866,qslstm,4,3.7417586222327373,0.43773114250507206
delay,2036585866,qslstm,5,3.7455905134229397,0.4382531658629887
delay,2036585866,qslstm,6,3.757103628053301,0.4367232056101784
delay,2036585866,qslstm,7,3.7544176723240525,0.43769344192696735
delay,2036585866,qslstm,8,3.7175072775571607,0.43634021491743624
delay,2036585866,qslstm,9,3.7694272331464163,0.4368550208164379
delay,2036585866,qslstm,10,3.7386553810974874,0.4333733503590338
delay,2036585866,qslstm,11,3.836529652315221,0.4357263767160475
delay,2036585866,qslstm,12,3.8762974118071725,0.4372828339692205
delay,2036585866,qslstm,13,3.767953108126676,0.4370842322241515
delay,2036585866,qslstm,14,3.739501582680532,0.43452575500123203
delay,2036585866,qslstm,15,3.7756080044455302,0.4362876114901155
delay,2036585866,qslstm,16,3.828259438450914,0.4374574161483906
delay,2036585866,qslstm,17,3.762264863231394,0.4366901714820415
delay,2036585866,qslstm,18,3.852934597467538,0.4372449542861432
delay,2036585866,qslstm,19,3.782971645847283,0.43685794225893915
delay,2036585866,qslstm,20,3.7592571490822593,0.4378700094530359
delay,2036585866,qslstm,21,3.77644210341532,0.4379067820846103
delay,2036585866,qslstm,22,3.7588631064791116,0.4366134823067114
delay,2036585866,qslstm,23,3.730055045336485,0.4367296179989353
delay,2036585866,qslstm,24,3.861838988334057,0.43837007420370355
delay,2036585866,qslstm,25,3.732253259517165,0.4372844714089297
delay,2036585866,qslstm,26,3.786539475833706,0.43787870090454817
delay,2036585866,qslstm,27,3.742993326668511,0.43731968861538917
delay,2036585866,qslstm,28,3.7601701727689942,0.43611745873931795
delay,2036585866,qslstm,29,3.7902884381437616,0.43608642916660756
delay,2036585866,qslstm,30,3.782759557787358,0.43637518089963123
delay,2036585866,qslstm,31,3.7809155219256354,0.436374316283036
delay,2036585866,qslstm_log,0,1.219984639101711,0.3942107897472171
delay,2036585866,qslstm_log,1,1.2357249253251739,0.4008928666815301
delay,2036585866,qslstm_log,2,1.1667554445492025,0.4008478502352518
delay,2036585866,qslstm_log,3,1.1508476685475295,0.40055232794932344
delay,2036585866,qslstm_log,4,1.1496070184398455,0.40100273832839584
delay,2036585866,qslstm_log,5,1.1614282462887222,0.40148760650421933
delay,2036585866,qslstm_log,6,1.1523743120031766,0.3998756929969432
delay,2036585866,qslstm_log,7,1.166650903959668,0.4007584434705136
delay,2036585866,qslstm_log,8,1.1238242731088322,0.3989803995060391
delay,2036585866,qslstm_log,9,1.144990385222149,0.3994214909899365
delay,2036585866,qslstm_log,10,1.1156755644702763,0.3957617107458973
delay,2036585866,qslstm_log,11,1.1748092017976253,0.39874511614092234
delay,2036585866,qslstm_log,12,1.1902978684190817,0.4008022592385362
delay,2036585866,qslstm_log,13,1.1580182709038143,0.4003829416177209
delay,2036585866,qslstm_log,14,1.132298379390853,0.39771800214763786
delay,2036585866,qslstm_log,15,1.1506900293113231,0.3993944623273863
delay,2036585866,qslstm_log,16,1.1761779164828192,0.40045275858783785
delay,2036585866,qslstm_log,17,1.1418100465633183,0.39938726864508
delay,2036585866,qslstm_log,18,1.1549200298536944,0.40003312774860017
delay,2036585866,qslstm_log,19,1.168712488075153,0.4002456951094896
delay,2036585866,qslstm_log,20,1.1671617211553422,0.40115225596240145
delay,2036585866,qslstm_log,21,1.1532758986406577,0.4008553912413077
delay,2036585866,qslstm_log,22,1.1422516493525112,0.39949331469456034
delay,2036585866,qslstm_log,23,1.1398182841398807,0.3994334212807409
delay,2036585866,qslstm_log,24,1.2075722414811179,0.40201600772350227
delay,2036585866,qslstm_log,25,1.1383176338326115,0.40019554298188476
delay,2036585866,qslstm_log,26,1.166766107992364,0.40094884080802534
delay,2036585866,qslstm_log,27,1.1427044775913098,0.4002138136065101
delay,2036585866,qslstm_log,28,1.1452664152015426,0.3989167784477449
delay,2036585866,qslstm_log,29,1.1570268620647397,0.3989029908649451
delay,2036585866,qslstm_log,30,1.1587431490734121,0.3993470429033142
delay,2036585866,qslstm_log,31,1.1615709705471782,0.3994948797257424
delay,266064982,qlstm,0,0.6602954287081957,0.5896315504214726
delay,266064982,qlstm,1,0.6578885363414884,0.589562576264143
delay,266064982,qlstm,2,0.6573380458867177,0.587436361820437
delay,266064982,qlstm,3,0.657108113868162,0.5858158401679248
delay,266064982,qlstm,4,0.6551920153433457,0.5836846132879145
delay,266064982,qlstm,5,0.6558272078400478,0.5852214056067169
delay,266064982,qlstm,6,0.6542019415646791,0.584795203525573
delay,266064982,qlstm,7,0.6542916233884171,0.5844127328600734
delay,266064982,qlstm,8,0.6546871985774487,0.5830442091682926
delay,266064982,qlstm,9,0.6552309875842184,0.5832883288967423
delay,266064982,qlstm,10,0.654602624475956,0.5815829519997351
delay,266064982,qlstm,11,0.6543563759187236,0.5802779639489017
delay,266064982,qlstm,12,0.6540712281130254,0.5830362701672129
delay,266064982,qlstm,13,0.6549813519231975,0.5844023409881629
delay,266064982,qlstm,14,0.654172835405916,0.5838920035748743
delay,266064982,qlstm,15,0.6548762852326035,0.5861623727832921
delay,266064982,qlstm,16,0.6529587534023449,0.5850228752242401
delay,266064982,qlstm,17,0.655033505288884,0.5846770939533599
delay,266064982,qlstm,18,0.6553237308980897,0.5855649521690793
delay,266064982,qlstm,19,0.6546746219974011,0.5844165840535425
delay,266064982,qlstm,20,0.6549682121258229,0.5846014161943458
delay,266064982,qlstm,21,0.655105076963082,0.5852647192659788
delay,266064982,qlstm,22,0.6553593976423144,0.5858228345750831
delay,266064982,qlstm,23,0.6549399404320866,0.5850773580023088
delay,266064982,qlstm,24,0.654930155724287,0.584084524656646
delay,266064982,qlstm,25,0.6546011737082154,0.5842131775571033
delay,266064982,qlstm,26,0.6548667261376977,0.583444181131199
delay,266064982,qlstm,27,0.6543179051950574,0.5828729555360042
delay,266064982,qlstm,28,0.654582723393105,0.582025395706296
delay,266064982,qlstm,29,0.6549563454464078,0.5817901610280387
delay,266064982,qlstm,30,0.6539980119559914,0.5818679399089888
delay,266064982,qlstm,31,0.6546519703697413,0.5817725849337876
delay,266064982,qslstm,0,3.5633047283117776,0.4682703845319338
delay,266064982,qslstm,1,4.52638179880887,0.4590547193074599
delay,266064982,qslstm,2,4.549144749536936,0.4615490593132563
delay,266064982,qslstm,3,6.122642359414385,0.4611891453387216
delay,266064982,qslstm,4,7.817597415558339,0.46076266444288194
delay,266064982,qslstm,5,8.267549188150952,0.45940109353978187
delay,266064982,qslstm,6,8.049338980687025,0.4581823395565152
delay,266064982,qslstm,7,7.545931621620184,0.46003263449529186
delay,266064982,qslstm,8,6.85139547423023,0.4617147865355946
delay,266064982,qslstm,9,7.564538846063442,0.4613804970285855
delay,266064982,qslstm,10,6.8335339239747555,0.46260500891366974
delay,266064982,qslstm,11,6.83473581357066,0.4627976077608764
delay,266064982,qslstm,12,7.682949749716499,0.45825446624075994
delay,266064982,qslstm,13,7.095219899863878,0.4604104771860875
delay,266064982,qslstm,14,8.1579305815103,0.45968361059203744
delay,266064982,qslstm,15,8.615663602877248,0.45775357639649883
delay,266064982,qslstm,16,9.114053865538153,0.4586101361201145
delay,266064982,qslstm,17,6.325017554354417,0.4621243429137394
delay,266064982,qslstm,18,7.657900596830586,0.4590678011882119
delay,266064982,qslstm,19,7.26875875022597,0.4596853503608145
delay,266064982,qslstm,20,7.965441439271672,0.459756858414039
delay,266064982,qslstm,21,7.893848234678444,0.4595344903646037
delay,266064982,qslstm,22,8.450916811254501,0.4589521072921343
delay,266064982,qslstm,23,8.126756158639182,0.4612687067128718
delay,266064982,qslstm,24,7.275630926722442,0.46031042095273733
delay,266064982,qslstm,25,8.601136898954792,0.4598133621038869
delay,266064982,qslstm,26,6.962866525782374,0.46119249367620796
delay,266064982,qslstm,27,7.625716180351446,0.4610796368215233
delay,266064982,qslstm,28,7.02539985333533,0.4619588163914159
delay,266064982,qslstm,29,7.441852272384494,0.4624165024724789
delay,266064982,qslstm,30,7.320364712095397,0.4600697975838557
delay,266064982,qslstm,31,6.630099656573293,0.46228281263029203
delay,266064982,qslstm_log,0,0.6632548124547241,0.5142731734456474
delay,266064982,qslstm_log,1,0.6954410858422031,0.49490700411650485
delay,266064982,qslstm_log,2,0.7636208598137724,0.49912084246177146
delay,266064982,qslstm_log,3,0.7612416231503192,0.4986035031913115
delay,266064982,qslstm_log,4,0.8011492461290184,0.4989780897983398
delay,266064982,qslstm_log,5,0.72758325089599,0.49665574076051566
delay,266064982,qslstm_log,6,0.7466413279801785,0.49536577085289046
delay,266064982,qslstm_log,7,0.7785251313789185,0.4976787700158444
delay,266064982,qslstm_log,8,0.7853421929176939,0.5000397052720358
delay,266064982,qslstm_log,9,0.7575638656893322,0.4995014776601918
delay,266064982,qslstm_log,10,0.7990679106847018,0.501332771127134
delay,266064982,qslstm_log,11,0.817677801898089,0.5018216528660192
delay,266064982,qslstm_log,12,0.7507358960779484,0.4956913187558972
delay,266064982,qslstm_log,13,0.7232818315385999,0.49794035729958086
delay,266064982,qslstm_log,14,0.7495566072582255,0.49711986253227247
delay,266064982,qslstm_log,15,0.7137829089746803,0.4941359930721928
delay,266064982,qslstm_log,16,0.7898273562336224,0.49619447380709897
delay,266064982,qslstm_log,17,0.7669821996256792,0.5001745022924675
delay,266064982,qslstm_log,18,0.7225811596017782,0.4960987495900246
delay,266064982,qslstm_log,19,0.7603749913120266,0.49696823935096257
delay,266064982,qslstm_log,20,0.7523315087002747,0.49717349462816335
delay,266064982,qslstm_log,21,0.7556049334611757,0.49670468001448226
delay,266064982,qslstm_log,22,0.7184415864337315,0.4957236648182475
delay,266064982,qslstm_log,23,0.7648709548726846,0.49927880984599887
delay,266064982,qslstm_log,24,0.7474135827523617,0.497712845779686
delay,266064982,qslstm_log,25,0.7592253514999472,0.49746802679175783
delay,266064982,qslstm_log,26,0.7636260866390466,0.49907167126869356
delay,266064982,qslstm_log,27,0.7891333044841699,0.4993506766705124
delay,266064982,qslstm_log,28,0.7799891528050875,0.5004813473318764
delay,266064982,qslstm_log,29,0.7680232482173184,0.501125453678378
delay,266064982,qslstm_log,30,0.7707200854088037,0.49801467096639473
delay,266064982,qslstm_log,31,0.788916482140769,0.5008059717877769
delay,435874469,qlstm,0,0.5715707732597366,0.5798292650142685
delay,435874469,qlstm,1,0.5694632533704862,0.579843191546388
delay,435874469,qlstm,2,0.5708038715529256,0.5784104767953977
delay,435874469,qlstm,3,0.5709076698403805,0.577452186786104
delay,435874469,qlstm,4,0.5714402434532531,0.5772599055198953
delay,435874469,qlstm,5,0.5695573576376773,0.5771345857065171
delay,435874469,qlstm,6,0.5680153129505925,0.57658031914616
delay,435874469,qlstm,7,0.566489978285972,0.5774868596927263
delay,435874469,qlstm,8,0.5708463862538338,0.5766050175298005
delay,435874469,qlstm,9,0.5707579920417629,0.5767172531341203
delay,435874469,qlstm,10,0.5693241595872678,0.576837838627398
delay,435874469,qlstm,11,0.5707292376318946,0.5765770590514876
delay,435874469,qlstm,12,0.5705956982565112,0.5763829852221534
delay,435874469,qlstm,13,0.570458737842273,0.5777234230190516
delay,435874469,qlstm,14,0.5711566027603112,0.576271522033494
delay,435874469,qlstm,15,0.5680495385313407,0.5773647457826883
delay,435874469,qlstm,16,0.572240064968355,0.5751346979523078
delay,435874469,qlstm,17,0.5704148130607791,0.5762769768480211
delay,435874469,qlstm,18,0.5675585349672474,0.5775862133596092
delay,435874469,qlstm,19,0.5697461007512175,0.5766978015890345
delay,435874469,qlstm,20,0.5706901653320529,0.5768049313919619
delay,435874469,qlstm,21,0.5707477743271738,0.5764029391575605
delay,435874469,qlstm,22,0.5684194687055424,0.5765161741874181
delay,435874469,qlstm,23,0.5711208721622825,0.5775124814826995
delay,435874469,qlstm,24,0.5691302110208198,0.5774316198658198
delay,435874469,qlstm,25,0.5695336768985726,0.5769879926810972
delay,435874469,qlstm,26,0.5705837291898206,0.5765116719412617
delay,435874469,qlstm,27,0.5695168245583773,0.577019811491482
delay,435874469,qlstm,28,0.5713549829088151,0.5762605767813511
delay,435874469,qlstm,29,0.5683675904292613,0.5783017821377143
delay,435874469,qlstm,30,0.5679526441381313,0.5778313058544882
delay,435874469,qlstm,31,0.5707930813077837,0.577229741611518
delay,435874469,qslstm,0,291.2388084894301,0.4760530835483223
delay,435874469,qslstm,1,93.40795813128716,0.479272965923883
delay,435874469,qslstm,2,92.58805672482231,0.46142333798343316
delay,435874469,qslstm,3,124.89359486793364,0.45939709775848314
delay,435874469,qslstm,4,135.32336027884776,0.45578633272089064
delay,435874469,qslstm,5,204.79439509615077,0.45905752578983083
delay,435874469,qslstm,6,212.31656789209228,0.4620308103039861
delay,435874469,qslstm,7,222.4963728915227,0.4628917663358152
delay,435874469,qslstm,8,168.01298603524629,0.4529844794305973
delay,435874469,qslstm,9,221.67328689865644,0.45478404068853706
delay,435874469,qslstm,10,233.58333281302475,0.4590532379806973
delay,435874469,qslstm,11,183.92744063661667,0.4565152609720826
delay,435874469,qslstm,12,198.6713598478491,0.4587860825122334
delay,435874469,qslstm,13,155.94041114882748,0.45813941239612177
delay,435874469,qslstm,14,186.97878460655375,0.4565995513694361
delay,435874469,qslstm,15,221.41828196682764,0.4643325419165194
delay,435874469,qslstm,16,190.26012755778538,0.45341920270584524
delay,435874469,qslstm,17,236.24127198166389,0.45917478849878535
delay,435874469,qslstm,18,262.3057473161807,0.46294043061789125
delay,435874469,qslstm,19,176.36313685004097,0.4574856878607534
delay,435874469,qslstm,20,204.9092071488103,0.4557581188273616
delay,435874469,qslstm,21,173.37961386601455,0.45657009561546147
delay,435874469,qslstm,22,252.2755573437371,0.4597623269655742
delay,435874469,qslstm,23,217.809411875176,0.4571453487733379
delay,435874469,qslstm,24,217.37894583078378,0.45969774009427056
delay,435874469,qslstm,25,207.76029121791726,0.4585942037519999
delay,435874469,qslstm,26,197.30657520095883,0.45525456953328103
delay,435874469,qslstm,27,238.1765985704933,0.4600044125691056
delay,435874469,qslstm,28,214.1004304980106,0.4558890872867778
delay,435874469,qslstm,29,183.9123931055019,0.46267340588383377
delay,435874469,qslstm,30,212.77150249565602,0.4633439689059742
delay,435874469,qslstm,31,182.90529000305105,0.455880188732408
delay,484324222,qlstm,0,0.613807107845787,0.5861650395672768
delay,484324222,qlstm,1,0.6150870243436657,0.5864849744248204
delay,484324222,qlstm,2,0.6106205906835385,0.5844992240308784
delay,484324222,qlstm,3,0.6093036857200786,0.5839505792828277
delay,484324222,qlstm,4,0.6100669433944859,0.5841838326887228
delay,484324222,qlstm,5,0.6061231017811224,0.582542359654326
delay,484324222,qlstm,6,0.609138812229503,0.5849416774581186
delay,484324222,qlstm,7,0.6048585515818559,0.5838021645322442
delay,484324222,qlstm,8,0.605421302083414,0.5813699814607389
delay,484324222,qlstm,9,0.6079566900152713,0.5824868362979032
delay,484324222,qlstm,10,0.6066577153978869,0.5829480848042294
delay,484324222,qlstm,11,0.6063227401464246,0.5834093067096546
delay,484324222,qlstm,12,0.6077242071623914,0.5825751206721179
delay,484324222,qlstm,13,0.6090484134620056,0.5828505309182219
delay,484324222,qlstm,14,0.6073284039739519,0.5836856969399378
delay,484324222,qlstm,15,0.6090667512617074,0.5835646283812821
delay,484324222,qlstm,16,0.6071266125072725,0.5820375878829509
delay,484324222,qlstm,17,0.6049353726557456,0.5813721479498781
delay,484324222,qlstm,18,0.6078474716632627,0.5833202102221549
delay,484324222,qlstm,19,0.6074579175328836,0.5831640755641274
delay,484324222,qlstm,20,0.607722835324239,0.5826264435308985
delay,484324222,qlstm,21,0.6049538655206561,0.5831065068487078
delay,484324222,qlstm,22,0.6087059453711845,0.5831808334332891
delay,484324222,qlstm,23,0.6049684984027408,0.5818522634217516
delay,484324222,qlstm,24,0.6068253997364081,0.5820632438990287
delay,484324222,qlstm,25,0.6050513016525656,0.5821318614762276
delay,484324222,qlstm,26,0.604242377972696,0.5812352300272323
delay,484324222,qlstm,27,0.6081902354490012,0.5816303325118497
delay,484324222,qlstm,28,0.6080187222105451,0.5825151848839596
delay,484324222,qlstm,29,0.6062363010132685,0.5815109388204291
delay,484324222,qlstm,30,0.6065966946771368,0.5835851295269094
delay,484324222,qlstm,31,0.6074612708762288,0.5826131723588333
delay,484324222,qslstm,0,6.520446681539397,0.49342794995754957
delay,484324222,qslstm,1,7.634229792653969,0.490102736686822
delay,484324222,qslstm,2,10.846608294034013,0.4917584825307131
delay,484324222,qslstm,3,7.98076749183565,0.4902403607266024
delay,484324222,qslstm,4,11.874927898985334,0.48782018100610003
delay,484324222,qslstm,5,8.496971203268913,0.4935071299551055
delay,484324222,qslstm,6,8.187056029724772,0.4869573629111983
delay,484324222,qslstm,7,6.053984314755326,0.4934464936959557
delay,484324222,qslstm,8,11.22765606559733,0.495170648151543
delay,484324222,qslstm,9,9.335922882097293,0.49070648214546964
delay,484324222,qslstm,10,12.298840781362742,0.49208946380531415
delay,484324222,qslstm,11,7.365737154557792,0.49164877145085484
delay,484324222,qslstm,12,8.808269911842217,0.4904897636733949
delay,484324222,qslstm,13,12.109282528476797,0.489234815351665
delay,484324222,qslstm,14,9.893144100952668,0.4905856149853207
delay,484324222,qslstm,15,11.391102176803543,0.48816721042385325
delay,484324222,qslstm,16,9.556957340057124,0.49126145627815276
delay,484324222,qslstm,17,9.586803359085025,0.49502268951619044
delay,484324222,qslstm,18,8.211265243465277,0.48983906605280936
delay,484324222,qslstm,19,9.623929765396497,0.49014041922055185
delay,484324222,qslstm,20,10.16449148848551,0.49020487727830186
delay,484324222,qslstm,21,6.435387195096155,0.4931990029872395
delay,484324222,qslstm,22,11.773849936213082,0.4886904152808711
delay,484324222,qslstm,23,10.484327553177536,0.49486182804685086
delay,484324222,qslstm,24,8.014381635536665,0.49216830648947507
delay,484324222,qslstm,25,7.744136842721673,0.49422102252719924
delay,484324222,qslstm,26,7.640169625863564,0.4957173393922858
delay,484324222,qslstm,27,10.710054752924407,0.49043448822339997
delay,484324222,qslstm,28,8.055896355378536,0.4897923251846805
delay,484324222,qslstm,29,9.930525757546093,0.4935604644706473
delay,484324222,qslstm,30,6.776558885956547,0.4906622892594896
delay,484324222,qslstm,31,10.195544044477174,0.49079201207496226
delay,484324222,qslstm_log,0,0.8387533887781355,0.4474268495247711
delay,484324222,qslstm_log,1,0.7780720713327732,0.4489816511266601
delay,484324222,qslstm_log,2,0.768005501474643,0.45001582719016237
delay,484324222,qslstm_log,3,0.7604926690324929,0.4492692117410738
delay,484324222,qslstm_log,4,0.7316607592977012,0.44860414687280614
delay,484324222,qslstm_log,5,0.793896661528585,0.4513983842155958
delay,484324222,qslstm_log,6,0.7328616482674115,0.4472792092357691
delay,484324222,qslstm_log,7,0.7846133287180238,0.4498695295641141
delay,484324222,qslstm_log,8,0.8079662159782591,0.4527655945121418
delay,484324222,qslstm_log,9,0.7571774188113308,0.4505065711037625
delay,484324222,qslstm_log,10,0.7652619300064507,0.4506344901190277
delay,484324222,qslstm_log,11,0.7583340695402394,0.4501589853232717
delay,484324222,qslstm_log,12,0.7685308475397608,0.45067082934423564
delay,484324222,qslstm_log,13,0.7639531587093316,0.45003633216768735
delay,484324222,qslstm_log,14,0.7643263452939799,0.4492554417533384
delay,484324222,qslstm_log,15,0.7530083281889645,0.44958599830084917
delay,484324222,qslstm_log,16,0.7838922435704954,0.45145538498153714
delay,484324222,qslstm_log,17,0.7995533982139799,0.45265564496631827
delay,484324222,qslstm_log,18,0.747258614697582,0.45002152109068955
delay,484324222,qslstm_log,19,0.757439708964762,0.4502827689830047
delay,484324222,qslstm_log,20,0.7623012881115909,0.45057839594752347
delay,484324222,qslstm_log,21,0.7715611549377692,0.45080268315580757
delay,484324222,qslstm_log,22,0.7508754945656961,0.4495374962286996
delay,484324222,qslstm_log,23,0.796617190439189,0.45208301504423914
delay,484324222,qslstm_log,24,0.7728238546588799,0.4514489436444702
delay,484324222,qslstm_log,25,0.7877484626652953,0.45219700550390196
delay,484324222,qslstm_log,26,0.7902066229633726,0.4533783850357178
delay,484324222,qslstm_log,27,0.7526433710537532,0.4515490155205356
delay,484324222,qslstm_log,28,0.7436200343827316,0.4506351459989131
delay,484324222,qslstm_log,29,0.7916688603861846,0.4522842873782218
delay,484324222,qslstm_log,30,0.7403799075267389,0.4495908948336459
delay,484324222,qslstm_log,31,0.7638300437049902,0.4507134889455858
delay,83453494,qlstm,0,0.6351454427931458,0.4882898924406618
delay,83453494,qlstm,1,0.6332309182034805,0.4879867945564911
delay,83453494,qlstm,2,0.6352029091794975,0.48804249125532806
delay,83453494,qlstm,3,0.6323004112346098,0.485663709056098
delay,83453494,qlstm,4,0.633715849078726,0.485588991723489
delay,83453494,qlstm,5,0.6312401430332102,0.48390997014939785
delay,83453494,qlstm,6,0.6303887438843958,0.48348158202134073
delay,83453494,qlstm,7,0.6318375262781046,0.48415885330177844
delay,83453494,qlstm,8,0.6286078089033253,0.4830315693398006
delay,83453494,qlstm,9,0.6336100858170539,0.4844730398035608
delay,83453494,qlstm,10,0.6327540638158098,0.48402940487721935
delay,83453494,qlstm,11,0.6284925520885736,0.48251320188865066
delay,83453494,qlstm,12,0.6379537862958387,0.4849475069786422
delay,83453494,qlstm,13,0.6259466012124904,0.4814543300890364
delay,83453494,qlstm,14,0.6305120386532508,0.48300929117249325
delay,83453494,qlstm,15,0.6347836997010745,0.484372221166268
delay,83453494,qlstm,16,0.6287258716183715,0.4822703647078015
delay,83453494,qlstm,17,0.6301643044571392,0.48321291751926765
delay,83453494,qlstm,18,0.6355412721750326,0.48478999303188175
delay,83453494,qlstm,19,0.6352260516141541,0.4841368720517494
delay,83453494,qlstm,20,0.6255484616849571,0.48122369131306186
delay,83453494,qlstm,21,0.6296117575839162,0.48320412903558463
delay,83453494,qlstm,22,0.6318007102818228,0.4846544595202431
delay,83453494,qlstm,23,0.6296951677650213,0.48338852886809036
delay,83453494,qlstm,24,0.6302195133757778,0.48368256795220077
delay,83453494,qlstm,25,0.6344724568189122,0.4847141456557438
delay,83453494,qlstm,26,0.6323971978854388,0.48354236665181816
delay,83453494,qlstm,27,0.6277006511227228,0.48208931455155835
delay,83453494,qlstm,28,0.63175242516445,0.4838999163475819
delay,83453494,qlstm,29,0.6256850672070868,0.48269602708751336
delay,83453494,qlstm,30,0.6324089273693971,0.4850678647053428
delay,83453494,qlstm,31,0.6358497150940821,0.4852217911975458
delay,83453494,qslstm,0,5.576849173172377,0.35376945516327396
delay,83453494,qslstm,1,6.466177687165327,0.35998479393310845
delay,83453494,qslstm,2,5.684766533609945,0.36186067742528394
delay,83453494,qslstm,3,5.537345445714891,0.3577905774000101
delay,83453494,qslstm,4,5.840987207950093,0.3605570456129499
delay,83453494,qslstm,5,5.66978681483306,0.3566478946595453
delay,83453494,qslstm,6,5.689887055428699,0.35566571296658367
delay,83453494,qslstm,7,5.957110111310612,0.3583880483638495
delay,83453494,qslstm,8,5.640952780144289,0.3540347050293349
delay,83453494,qslstm,9,5.985552379861474,0.3593313909950666
delay,83453494,qslstm,10,6.075209237227682,0.35941180161898956
delay,83453494,qslstm,11,5.781892806175165,0.35457708669127896
delay,83453494,qslstm,12,6.745069173921365,0.3652415480464697
delay,83453494,qslstm,13,5.2279969893279485,0.3513697585440241
delay,83453494,qslstm,14,5.863830824906472,0.3551469406229444
delay,83453494,qslstm,15,6.372884684649762,0.3621678182389587
delay,83453494,qslstm,16,5.758006040472537,0.35510350950062275
delay,83453494,qslstm,17,5.671833221451379,0.3552748587098904
delay,83453494,qslstm,18,6.3633447926840745,0.36200746218673885
delay,83453494,qslstm,19,6.31791666027857,0.36232310673221946
delay,83453494,qslstm,20,5.251158711034805,0.35073261364595965
delay,83453494,qslstm,21,5.602514902595431,0.3542157324263826
delay,83453494,qslstm,22,6.17400205420563,0.3577229310176335
delay,83453494,qslstm,23,5.942934955586679,0.35591908084461465
delay,83453494,qslstm,24,5.727211358200293,0.3558939858339727
delay,83453494,qslstm,25,6.494567430054303,0.3606437432463281
delay,83453494,qslstm,26,6.154691741743591,0.35855994204757735
delay,83453494,qslstm,27,5.371238592022564,0.35241920448606834
delay,83453494,qslstm,28,6.179787095286883,0.35823739820625633
delay,83453494,qslstm,29,5.39477230765624,0.3500645908061415
delay,83453494,qslstm,30,6.11022792867152,0.35808520507998765
delay,83453494,qslstm,31,6.188133527233731,0.3625429155654274
delay,83453494,qslstm_log,0,1.0741191382944422,0.6024924634783873
delay,83453494,qslstm_log,1,1.099963367966759,0.588048984266214
delay,83453494,qslstm_log,2,1.1157225933567414,0.580940302165518
delay,83453494,qslstm_log,3,1.13709016055458,0.5792793623705534
delay,83453494,qslstm_log,4,1.1380026577635438,0.57717293740511
delay,83453494,qslstm_log,5,1.1174697212065752,0.579341313062091
delay,83453494,qslstm_log,6,1.1310831084915565,0.5792276971183854
delay,83453494,qslstm_log,7,1.1343378121072352,0.5778787806167802
delay,83453494,qslstm_log,8,1.1071786657989011,0.5813892816748842
delay,83453494,qslstm_log,9,1.136986564703724,0.5770423769229518
delay,83453494,qslstm_log,10,1.1432696458021707,0.5770789889592233
delay,83453494,qslstm_log,11,1.113928658131722,0.5803790458934377
delay,83453494,qslstm_log,12,1.1774583849197084,0.5713733271763556
delay,83453494,qslstm_log,13,1.0886343107028695,0.5830451437216702
delay,83453494,qslstm_log,14,1.127914056093818,0.5783610422987029
delay,83453494,qslstm_log,15,1.1621922519248864,0.5744748447881529
delay,83453494,qslstm_log,16,1.1235382146191735,0.5796660998223921
delay,83453494,qslstm_log,17,1.1175785967120921,0.57980357499225
delay,83453494,qslstm_log,18,1.1643267866839935,0.5740879171119083
delay,83453494,qslstm_log,19,1.1761829348927608,0.5731547318454168
delay,83453494,qslstm_log,20,1.0951033914980748,0.5826754090219398
delay,83453494,qslstm_log,21,1.1045553639162846,0.5801323017134903
delay,83453494,qslstm_log,22,1.1189000486356953,0.5786672509122684
delay,83453494,qslstm_log,23,1.1416677751783306,0.5780729377176645
delay,83453494,qslstm_log,24,1.127000274259505,0.5793072438210984
delay,83453494,qslstm_log,25,1.160106566814566,0.5747506460031808
delay,83453494,qslstm_log,26,1.128940795001234,0.5773938698960868
delay,83453494,qslstm_log,27,1.1065479220964862,0.5811559908372798
delay,83453494,qslstm_log,28,1.154858127304917,0.5759550183557227
delay,83453494,qslstm_log,29,1.0925884896509732,0.5840234824332726
delay,83453494,qslstm_log,30,1.1436948855246154,0.5777973448829486
delay,83453494,qslstm_log,31,1.1592518131007814,0.5747334767864121
delay,867702092,qlstm,0,0.6602465094765648,0.4835238483501598
delay,867702092,qlstm,1,0.6592788564739749,0.48224107187706977
delay,867702092,qlstm,2,0.6568123367615044,0.483925397740677
delay,867702092,qlstm,3,0.6577237484743819,0.48491631279466674
delay,867702092,qlstm,4,0.6581624975660816,0.48496565798996016
delay,867702092,qlstm,5,0.6576534720952623,0.48403368779690936
delay,867702092,qlstm,6,0.6585499706561677,0.4807948177331127
delay,867702092,qlstm,7,0.6562113459222019,0.48135203309357166
delay,867702092,qlstm,8,0.6557024937355891,0.47854325047228485
delay,867702092,qlstm,9,0.6571459413389675,0.4848084978875704
delay,867702092,qlstm,10,0.6552284120116383,0.48203597217798233
delay,867702092,qlstm,11,0.656464337487705,0.4870052405167371
delay,867702092,qlstm,12,0.6568445499869995,0.4841847622883506
delay,867702092,qlstm,13,0.6554724937304854,0.47759296459844336
delay,867702092,qlstm,14,0.6577586925704964,0.4897149807657115
delay,867702092,qlstm,15,0.6573696862906218,0.4842512187315151
delay,867702092,qlstm,16,0.6562207001261413,0.47800454578828067
delay,867702092,qlstm,17,0.6561784321675077,0.48583157832035795
delay,867702092,qlstm,18,0.6575052805128507,0.48463461676146835
delay,867702092,qlstm,19,0.6569090398261324,0.47981728322338313
delay,867702092,qlstm,20,0.6578717925585806,0.4834954641992226
delay,867702092,qlstm,21,0.6576181761920452,0.48616866720840335
delay,867702092,qlstm,22,0.6579471118166111,0.48182623932370916
delay,867702092,qlstm,23,0.6570542683475651,0.47792684339219704
delay,867702092,qlstm,24,0.6562407659948803,0.4838567489059642
delay,867702092,qlstm,25,0.657011947943829,0.4816147170495242
delay,867702092,qlstm,26,0.6570531846373342,0.47991042147623375
delay,867702092,qlstm,27,0.6555732940905727,0.4773449639324099
delay,867702092,qlstm,28,0.6556197257013991,0.48140655615134165
delay,867702092,qlstm,29,0.6560432583210059,0.48350218514679
delay,867702092,qlstm,30,0.6546742288628593,0.4825590723194182
delay,867702092,qlstm,31,0.6557323865708895,0.4827333441353403
delay,867702092,qslstm,0,15.074290368240327,0.5529757622862235
delay,867702092,qslstm,1,13.617770946060773,0.5583069901331328
delay,867702092,qslstm,2,13.871581357496325,0.5571243484737352
delay,867702092,qslstm,3,13.302149974741042,0.5566156222485006
delay,867702092,qslstm,4,13.18733448110288,0.5568808630341664
delay,867702092,qslstm,5,13.241469975735527,0.5571156261139549
delay,867702092,qslstm,6,12.23288708407199,0.5601700992556289
delay,867702092,qslstm,7,12.643281550495885,0.5586948486161418
delay,867702092,qslstm,8,12.086193611728959,0.5607503862120211
delay,867702092,qslstm,9,12.886696591041982,0.5567407970665954
delay,867702092,qslstm,10,13.166002805170137,0.5589364937040955
delay,867702092,qslstm,11,13.863610542437527,0.5548318006913178
delay,867702092,qslstm,12,13.296149863279425,0.5576922436011955
delay,867702092,qslstm,13,12.19509283232037,0.5614376525045373
delay,867702092,qslstm,14,13.8672970343614,0.5537833081907593
delay,867702092,qslstm,15,13.241691707982682,0.5574259470449761
delay,867702092,qslstm,16,12.079414747597184,0.5612542392336763
delay,867702092,qslstm,17,13.977181068796199,0.5554381002439186
delay,867702092,qslstm,18,13.233756435918622,0.5568891472066753
delay,867702092,qslstm,19,12.490006999054458,0.5600859170081094
delay,867702092,qslstm,20,12.838206694985274,0.5577389714308083
delay,867702092,qslstm,21,13.757253510761075,0.5560066270991229
delay,867702092,qslstm,22,12.634741678077262,0.5585545314243063
delay,867702092,qslstm,23,11.919221573567484,0.5615140362060629
delay,867702092,qslstm,24,13.266497343312949,0.5572023345739581
delay,867702092,qslstm,25,12.166028178995475,0.5591881195432507
delay,867702092,qslstm,26,12.041834256495349,0.5607008809456602
delay,867702092,qslstm,27,11.607133174780756,0.5617059213691391
delay,867702092,qslstm,28,12.416056645393837,0.5594340455718338
delay,867702092,qslstm,29,12.585645787534304,0.5579248398425989
delay,867702092,qslstm,30,12.85124778962927,0.558575458067935
delay,867702092,qslstm,31,12.577590341621544,0.5580694648670033
delay,88159254,qlstm,0,0.6809553679777309,0.5185506563284434
delay,88159254,qlstm,1,0.6772735465783626,0.532506707822904
delay,88159254,qlstm,2,0.6782753851730376,0.5228897334309295
delay,88159254,qlstm,3,0.6787012049462646,0.5271095102070831
delay,88159254,qlstm,4,0.6785071624908596,0.5227777510881424
delay,88159254,qlstm,5,0.6775820672046393,0.5262867743731476
delay,88159254,qlstm,6,0.6778236848767847,0.5243265426252037
delay,88159254,qlstm,7,0.6781823104247451,0.522370207705535
delay,88159254,qlstm,8,0.6766799545148388,0.5244247844675556
delay,88159254,qlstm,9,0.6774786959867924,0.5335290530929342
delay,88159254,qlstm,10,0.6793212922057137,0.5223024627775885
delay,88159254,qlstm,11,0.6782440987881273,0.5237145776045509
delay,88159254,qlstm,12,0.6776398692745715,0.5297742536058649
delay,88159254,qlstm,13,0.6773442974081263,0.5258010209654458
delay,88159254,qlstm,14,0.6780477790161967,0.5252854645368643
delay,88159254,qlstm,15,0.6784444097429514,0.5231303190230392
delay,88159254,qlstm,16,0.677549323067069,0.5234352287370712
delay,88159254,qlstm,17,0.6779382834210992,0.5247729494003579
delay,88159254,qlstm,18,0.6767009258037433,0.5263663437217474
delay,88159254,qlstm,19,0.6774308164604008,0.5268396306782961
delay,88159254,qlstm,20,0.6795901053119451,0.520378043060191
delay,88159254,qlstm,21,0.6775061802472919,0.5233645700500347
delay,88159254,qlstm,22,0.6778751565143466,0.523540238791611
delay,88159254,qlstm,23,0.676901507540606,0.5297109998064116
delay,88159254,qlstm,24,0.6785212538670748,0.5274950507446192
delay,88159254,qlstm,25,0.6785510691115633,0.5236670330632478
delay,88159254,qlstm,26,0.6778568665031344,0.5241596639971249
delay,88159254,qlstm,27,0.6771393017843366,0.5306444982415996
delay,88159254,qlstm,28,0.678957371157594,0.5181901297182776
delay,88159254,qlstm,29,0.6789577304152772,0.5253044436103664
delay,88159254,qlstm,30,0.678654880146496,0.5278979806462303
delay,88159254,qlstm,31,0.6797254531411454,0.5228818875621073
delay,88159254,qslstm,0,419.88907368842047,0.6153353363624774
delay,88159254,qslstm,1,127.45071449386887,0.6086471296730451
delay,88159254,qslstm,2,156.83585648762528,0.6086679573636502
delay,88159254,qslstm,3,190.5953049324453,0.6054230757290497
delay,88159254,qslstm,4,232.14763089094777,0.6070622932747938
delay,88159254,qslstm,5,281.3849606917938,0.605916146247182
delay,88159254,qslstm,6,316.55377166403923,0.6065862830146216
delay,88159254,qslstm,7,333.02405797247775,0.607853923982475
delay,88159254,qslstm,8,332.5398532667896,0.6069169191177934
delay,88159254,qslstm,9,300.4065736437915,0.6039229510934092
delay,88159254,qslstm,10,294.84367559233215,0.6072136283619329
delay,88159254,qslstm,11,290.48666430893354,0.6072198085021228
delay,88159254,qslstm,12,289.3866956490092,0.6052278676070273
delay,88159254,qslstm,13,330.71834569599014,0.6069244671962224
delay,88159254,qslstm,14,277.04859853570815,0.6068093155045062
delay,88159254,qslstm,15,307.2014829671243,0.6077170903445221
delay,88159254,qslstm,16,330.5413989012595,0.6075151791446842
delay,88159254,qslstm,17,327.25245328550227,0.6065382741508074
delay,88159254,qslstm,18,310.5261005634675,0.6064707215991803
delay,88159254,qslstm,19,312.88649074791465,0.6058796613942832
delay,88159254,qslstm,20,315.4777596236672,0.607584789278917
delay,88159254,qslstm,21,326.29509968764614,0.6076074079028331
delay,88159254,qslstm,22,314.65832343755756,0.607724339060951
delay,88159254,qslstm,23,301.0796367893927,0.6053190276725218
delay,88159254,qslstm,24,286.25817421625834,0.6053581266314723
delay,88159254,qslstm,25,305.24655086302664,0.6074143615551293
delay,88159254,qslstm,26,309.49503370164894,0.6073460658662952
delay,88159254,qslstm,27,308.02126149937976,0.605272097454872
delay,88159254,qslstm,28,305.8950139012886,0.609429161879234
delay,88159254,qslstm,29,293.19465262955055,0.6067486641695723
delay,88159254,qslstm,30,276.8702595169889,0.6056967951590195
delay,88159254,qslstm,31,301.3176622722531,0.607174654956907
delay,975428833,qlstm,0,0.6411484928103164,0.5169972045114264
delay,975428833,qlstm,1,0.6394555557053536,0.5167100421967916
delay,975428833,qlstm,2,0.6370526102255099,0.514217208721675
delay,975428833,qlstm,3,0.636900119134225,0.512374802143313
delay,975428833,qlstm,4,0.6351382647990249,0.5107185283559375
delay,975428833,qlstm,5,0.6365172358928248,0.5140898772515357
delay,975428833,qlstm,6,0.6363433332298882,0.5142177374218591
delay,975428833,qlstm,7,0.6357547877123579,0.5153354762587696
delay,975428833,qlstm,8,0.6352729111677036,0.5109978555701673
delay,975428833,qlstm,9,0.6360393694485538,0.5117253789794631
delay,975428833,qlstm,10,0.6382955628796481,0.5146536643151194
delay,975428833,qlstm,11,0.6366498942370526,0.5124002146185376
delay,975428833,qlstm,12,0.6365003490936942,0.5130876155453734
delay,975428833,qlstm,13,0.6363951583625749,0.513326390995644
delay,975428833,qlstm,14,0.6355972464662045,0.5137503701262176
delay,975428833,qlstm,15,0.6360417999094352,0.5130036307964474
delay,975428833,qlstm,16,0.6371590653434396,0.511978892958723
delay,975428833,qlstm,17,0.6357186689856462,0.5132173564052209
delay,975428833,qlstm,18,0.6354882318410091,0.5147676824126393
delay,975428833,qlstm,19,0.6345284675480798,0.5114718509139493
delay,975428833,qlstm,20,0.6349659026018344,0.5103789746644907
delay,975428833,qlstm,21,0.6385361563879997,0.5145727985654958
delay,975428833,qlstm,22,0.6360317638027482,0.5131886785384268
delay,975428833,qlstm,23,0.633879565866664,0.5094930472550914
delay,975428833,qlstm,24,0.6345951015246101,0.5118376715690829
delay,975428833,qlstm,25,0.6358536912011914,0.5121041657985188
delay,975428833,qlstm,26,0.6338872613268904,0.5135617417399772
delay,975428833,qlstm,27,0.6366060089203529,0.5144984126091003
delay,975428833,qlstm,28,0.6369768782751635,0.5132089316030033
delay,975428833,qlstm,29,0.6359941394184716,0.5115004491526634
delay,975428833,qlstm,30,0.6375396529329009,0.515545227273833
delay,975428833,qlstm,31,0.6344472278142348,0.5117043686332181
delay,975428833,qslstm,0,53.01549984596204,0.45036617713049054
delay,975428833,qslstm,1,35.74367036827607,0.4618443292565644
delay,975428833,qslstm,2,38.42261528241215,0.4622978924307972
delay,975428833,qslstm,3,34.91480373509694,0.46214203495765105
delay,975428833,qslstm,4,39.35177627106896,0.46433218993479386
delay,975428833,qslstm,5,38.407454205153044,0.4628800331847742
delay,975428833,qslstm,6,39.43122672807658,0.462118832510896
delay,975428833,qslstm,7,40.38906389172189,0.46208439947804436
delay,975428833,qslstm,8,40.819141403306276,0.46363331808242947
delay,975428833,qslstm,9,40.98938050091965,0.463753909454681
delay,975428833,qslstm,10,38.15708709863247,0.4612111003953032
delay,975428833,qslstm,11,38.75856386689702,0.46200447127921507
delay,975428833,qslstm,12,38.98352961515775,0.4619329725392163
delay,975428833,qslstm,13,43.03239591099555,0.4618736616685055
delay,975428833,qslstm,14,41.5793204382644,0.462009071954526
delay,975428833,qslstm,15,43.05266137822764,0.46178807714022696
delay,975428833,qslstm,16,36.30746953858761,0.461644584487658
delay,975428833,qslstm,17,39.63065370544791,0.4623638607445173
delay,975428833,qslstm,18,40.65076520474395,0.4617534881690517
delay,975428833,qslstm,19,41.88255430571735,0.4633003637427464
delay,975428833,qslstm,20,37.75705968274269,0.4643734048586339
delay,975428833,qslstm,21,36.28178521228256,0.4610395604977384
delay,975428833,qslstm,22,42.03037174342899,0.4618948344141245
delay,975428833,qslstm,23,47.31355318753049,0.465101761627011
delay,975428833,qslstm,24,40.87938310293248,0.4651313463691622
delay,975428833,qslstm,25,38.734325339784846,0.46502395562129095
delay,975428833,qslstm,26,46.72821044566808,0.46552309818798676
delay,975428833,qslstm,27,38.50268034613691,0.4637395984027535
delay,975428833,qslstm,28,42.78227194980718,0.46306919993367046
delay,975428833,qslstm,29,42.219712241960224,0.4640462174429558
delay,975428833,qslstm,30,41.81600149162114,0.4618418727768585
delay,975428833,qslstm,31,43.69922527053859,0.46373953926377
ema,1023290587,qlstm,0,0.5635748042841442,0.64466419670498
ema,1023290587,qlstm,1,0.5605894015170634,0.6436181369354017
ema,1023290587,qlstm,2,0.5590140764834359,0.6463172582443804
ema,1023290587,qlstm,3,0.5577702434384264,0.6457082788110711
ema,1023290587,qlstm,4,0.557108465291094,0.6415872410289012
ema,1023290587,qlstm,5,0.5565674290410243,0.6427826882572845
ema,1023290587,qlstm,6,0.5563535217661411,0.639954105950892
ema,1023290587,qlstm,7,0.5554943176684901,0.6407618064549752
ema,1023290587,qlstm,8,0.5554834551876411,0.6418343108380213
ema,1023290587,qlstm,9,0.5553394091548398,0.6412925587501377
ema,1023290587,qlstm,10,0.5554000503034331,0.6408796758623794
ema,1023290587,qlstm,11,0.5552301970310509,0.6457962663844228
ema,1023290587,qlstm,12,0.5554852906498127,0.6414481145329773
ema,1023290587,qlstm,13,0.5557266652467661,0.6429420007043518
ema,1023290587,qlstm,14,0.5556632141233422,0.63953983358806
ema,1023290587,qlstm,15,0.5555659581441432,0.6435099756345153
ema,1023290587,qlstm,16,0.5552672134363092,0.6439620940363966
ema,1023290587,qlstm,17,0.5556782353087328,0.6440397050464526
ema,1023290587,qlstm,18,0.5559106404543854,0.6405420292285271
ema,1023290587,qlstm,19,0.555864307389129,0.6443882459425367
ema,1023290587,qlstm,20,0.5556751256226562,0.6424527407507412
ema,1023290587,qlstm,21,0.5558260042453185,0.6405839662184007
ema,1023290587,qlstm,22,0.5556921561947092,0.6365706842625514
ema,1023290587,qlstm,23,0.5558019491727464,0.6400824026786722
ema,1023290587,qlstm,24,0.5551673817099072,0.6433590010856278
ema,1023290587,qlstm,25,0.5552610841114074,0.6454654079279862
ema,1023290587,qlstm,26,0.5558941529598087,0.6431604917743243
ema,1023290587,qlstm,27,0.5555718252435327,0.6414910810999572
ema,1023290587,qlstm,28,0.5554172291303985,0.6450769229559228
ema,1023290587,qlstm,29,0.5557855280931108,0.6408917396329343
ema,1023290587,qlstm,30,0.5554516619304195,0.6436133537790738
ema,1023290587,qlstm,31,0.5560207072994672,0.6410494733136147
ema,1023290587,qslstm,0,27.956120970899065,0.4432762211654335
ema,1023290587,qslstm,1,8.648753588779073,0.4492338735726662
ema,1023290587,qslstm,2,9.902547935447728,0.4470190220163204
ema,1023290587,qslstm,3,9.806135446267035,0.4482372925267555
ema,1023290587,qslstm,4,9.926647199566105,0.4482547225779854
ema,1023290587,qslstm,5,9.964346337750612,0.447491493425332
ema,1023290587,qslstm,6,10.195028309072768,0.4473341070115566
ema,1023290587,qslstm,7,9.749781134966724,0.44998325395863503
ema,1023290587,qslstm,8,10.454317558473122,0.44826732645742595
ema,1023290587,qslstm,9,10.221680399323304,0.4486290644854307
ema,1023290587,qslstm,10,10.294965224400585,0.44777735928073525
ema,1023290587,qslstm,11,10.23109909300365,0.4482638951158151
ema,1023290587,qslstm,12,10.113692024848206,0.4480857235030271
ema,1023290587,qslstm,13,10.368159380685938,0.4471934689790942
ema,1023290587,qslstm,14,9.849763289212206,0.4470572756254114
ema,1023290587,qslstm,15,10.201574675664233,0.44787320273462683
ema,1023290587,qslstm,16,10.100029489893132,0.4498864217312075
ema,1023290587,qslstm,17,10.161094716647312,0.4482484787586145
ema,1023290587,qslstm,18,10.056915534880318,0.44732279842719436
ema,1023290587,qslstm,19,10.188241925005059,0.44748905557207763
ema,1023290587,qslstm,20,10.059182147181673,0.4490408741403371
ema,1023290587,qslstm,21,10.045750612545817,0.4477726220502518
ema,1023290587,qslstm,22,10.336597114870528,0.44749318138929084
ema,1023290587,qslstm,23,10.471363272341478,0.44591679295990616
ema,1023290587,qslstm,24,10.048602758724883,0.44881535810418427
ema,1023290587,qslstm,25,10.025838927946097,0.4491473133675754
ema,1023290587,qslstm,26,10.269211769090361,0.4470211904263124
ema,1023290587,qslstm,27,9.920117670435502,0.4490895218332298
ema,1023290587,qslstm,28,10.254455954616787,0.4502584746805951
ema,1023290587,qslstm,29,10.0847029868346,0.4483739855349995
ema,1023290587,qslstm,30,10.201759692527958,0.4500532553065568
ema,1023290587,qslstm,31,10.25537014845031,0.4463977496488951
ema,1023290587,qslstm_log,0,1.5223149299804706,0.4004504230932936
ema,1023290587,qslstm_log,1,1.5236921106936536,0.40367910229839576
ema,1023290587,qslstm_log,2,1.5283539894922087,0.4027619607285534
ema,1023290587,qslstm_log,3,1.5126335987756307,0.40432529251867044
ema,1023290587,qslstm_log,4,1.5090980026812242,0.40186873616054997
ema,1023290587,qslstm_log,5,1.5042721444276859,0.40282322680142535
ema,1023290587,qslstm_log,6,1.51910425524776,0.40016403220316515
ema,1023290587,qslstm_log,7,1.486979446091325,0.4043058559664561
ema,1023290587,qslstm_log,8,1.526885131510088,0.4028417752882072
ema,1023290587,qslstm_log,9,1.5158908847110282,0.40281050023421927
ema,1023290587,qslstm_log,10,1.5276466434748766,0.4020213890801819
ema,1023290587,qslstm_log,11,1.5151581783153982,0.40562291676082035
ema,1023290587,qslstm_log,12,1.5045227980934517,0.4031051940418361
ema,1023290587,qslstm_log,13,1.5249493083173284,0.4023990019964626
ema,1023290587,qslstm_log,14,1.5105191989380344,0.4011156440177676
ema,1023290587,qslstm_log,15,1.519695632277289,0.40372323269763954
ema,1023290587,qslstm_log,16,1.506105862081218,0.4057275505071086
ema,1023290587,qslstm_log,17,1.5211527630309973,0.4047979643442152
ema,1023290587,qslstm_log,18,1.5028301199531282,0.40180114209424417
ema,1023290587,qslstm_log,19,1.5071330803689307,0.40437954494752615
ema,1023290587,qslstm_log,20,1.49979367466208,0.4045512593223393
ema,1023290587,qslstm_log,21,1.495089287754186,0.4028042089024124
ema,1023290587,qslstm_log,22,1.510347808572295,0.39956786695015156
ema,1023290587,qslstm_log,23,1.524165736532329,0.399468404836729
ema,1023290587,qslstm_log,24,1.5194688811144965,0.4044170465835042
ema,1023290587,qslstm_log,25,1.511127719515575,0.406255368317099
ema,1023290587,qslstm_log,26,1.5223165443265478,0.4025414552426176
ema,1023290587,qslstm_log,27,1.5022542066479165,0.40416291459427367
ema,1023290587,qslstm_log,28,1.5087603555630011,0.40673781760766303
ema,1023290587,qslstm_log,29,1.4933270138906403,0.4032970632524382
ema,1023290587,qslstm_log,30,1.493999905271837,0.40612587229470426
ema,1023290587,qslstm_log,31,1.4986450899942994,0.401649287444939
ema,1106723791,qlstm,0,0.47344615490874276,0.6556395042571239
ema,1106723791,qlstm,1,0.4719213811913505,0.6537135151447728
ema,1106723791,qlstm,2,0.47455285291653126,0.6523476731963456
ema,1106723791,qlstm,3,0.47433811315568164,0.6497977282851934
ema,1106723791,qlstm,4,0.4729830867727287,0.6459442562190816
ema,1106723791,qlstm,5,0.4731649968889542,0.647384989191778
ema,1106723791,qlstm,6,0.4739445736631751,0.6471977761830203
ema,1106723791,qlstm,7,0.472204368095845,0.6463800246128812
ema,1106723791,qlstm,8,0.47257147828349844,0.6483005427289754
ema,1106723791,qlstm,9,0.47080284485127777,0.6461977598955855
ema,1106723791,qlstm,10,0.47277582657989115,0.6476516678230837
ema,1106723791,qlstm,11,0.47188781114527956,0.6458855788805522
ema,1106723791,qlstm,12,0.4713496200274676,0.6446082410402596
ema,1106723791,qlstm,13,0.47101214004214853,0.6476610380923375
ema,1106723791,qlstm,14,0.4723264895728789,0.6431182267260738
ema,1106723791,qlstm,15,0.47220935474615544,0.6448622582829557
ema,1106723791,qlstm,16,0.47176228056196123,0.6479571004747413
ema,1106723791,qlstm,17,0.47194948693504557,0.6476164372288622
ema,1106723791,qlstm,18,0.4728529384592548,0.6467193291755393
ema,1106723791,qlstm,19,0.47241314681014046,0.6468064111541025
ema,1106723791,qlstm,20,0.471127218042966,0.6448970437049866
ema,1106723791,qlstm,21,0.4715573552530259,0.64425618754467
ema,1106723791,qlstm,22,0.473651947977487,0.6492598067270592
ema,1106723791,qlstm,23,0.47226179495919496,0.6429832583526149
ema,1106723791,qlstm,24,0.4743375579128042,0.6484450579737313
ema,1106723791,qlstm,25,0.475335955794435,0.650007153628394
ema,1106723791,qlstm,26,0.4718221513321623,0.6447063760715537
ema,1106723791,qlstm,27,0.47306321194628254,0.644107666972559
ema,1106723791,qlstm,28,0.47225033945869654,0.6460840976214968
ema,1106723791,qlstm,29,0.47283900366164744,0.645384845440276
ema,1106723791,qlstm,30,0.4729667440406047,0.6471681544207968
ema,1106723791,qlstm,31,0.47375922539504245,0.646682882332243
ema,1106723791,qslstm,0,9.24460633800902,0.4915954191237688
ema,1106723791,qslstm,1,6.0477985296518,0.4832809687941335
ema,1106723791,qslstm,2,7.478318901588295,0.48421487520681694
ema,1106723791,qslstm,3,7.820453440020401,0.4812353404122405
ema,1106723791,qslstm,4,6.672477707621738,0.4766730081755668
ema,1106723791,qslstm,5,7.122021861841972,0.47948401590110734
ema,1106723791,qslstm,6,7.433524273022272,0.4806398087530397
ema,1106723791,qslstm,7,7.25416919448071,0.47858213930157945
ema,1106723791,qslstm,8,6.615101718571282,0.482000028132461
ema,1106723791,qslstm,9,5.697106640754214,0.47837820852873847
ema,1106723791,qslstm,10,7.056609436837903,0.4825668164412491
ema,1106723791,qslstm,11,6.475437193116136,0.4793904340476729
ema,1106723791,qslstm,12,7.249410360374327,0.4773193854489364
ema,1106723791,qslstm,13,5.859337833510494,0.48127752321306616
ema,1106723791,qslstm,14,7.941784808123543,0.4772546538733877
ema,1106723791,qslstm,15,7.63272407041336,0.47844700631685555
ema,1106723791,qslstm,16,6.402913798158352,0.4818264829227701
ema,1106723791,qslstm,17,6.212383852133144,0.481842567329295
ema,1106723791,qslstm,18,6.861139051117789,0.4818289912655018
ema,1106723791,qslstm,19,7.32066038578148,0.4810793417855166
ema,1106723791,qslstm,20,7.012469540315465,0.47753449622541666
ema,1106723791,qslstm,21,6.808001551634106,0.4771605491405353
ema,1106723791,qslstm,22,8.426470410307388,0.4851428372785449
ema,1106723791,qslstm,23,7.076715680736697,0.4758368248003535
ema,1106723791,qslstm,24,7.249240733646957,0.48495387472212315
ema,1106723791,qslstm,25,8.077916658450135,0.48738291184417903
ema,1106723791,qslstm,26,6.721009221054828,0.47778875863878056
ema,1106723791,qslstm,27,7.536165107525562,0.4779973280383274
ema,1106723791,qslstm,28,7.284753126399778,0.4795048588421196
ema,1106723791,qslstm,29,7.429999343905365,0.4792372501688078
ema,1106723791,qslstm,30,7.972231979815206,0.48150471050757915
ema,1106723791,qslstm,31,7.223010648800596,0.481924174411688
ema,1148376891,qlstm,0,0.42342495144112036,0.6023298379732296
ema,1148376891,qlstm,1,0.4240113964769989,0.6050936963874847
ema,1148376891,qlstm,2,0.4221362844109535,0.5944270109757781
ema,1148376891,qlstm,3,0.42043653439031914,0.5942582100396976
ema,1148376891,qlstm,4,0.42027993535157293,0.5933055410860106
ema,1148376891,qlstm,5,0.42422352504217997,0.5962337629753165
ema,1148376891,qlstm,6,0.4224827686557546,0.5983069951180369
ema,1148376891,qlstm,7,0.42217252659611404,0.5948181422427297
ema,1148376891,qlstm,8,0.42140672996174544,0.591909316543024
ema,1148376891,qlstm,9,0.42004808987258,0.5968729466549121
ema,1148376891,qlstm,10,0.4203609100077301,0.592952040664386
ema,1148376891,qlstm,11,0.4224370146403089,0.5958797427592799
ema,1148376891,qlstm,12,0.42120747262379155,0.5933009863365442
ema,1148376891,qlstm,13,0.4214002271182835,0.5938852684339508
ema,1148376891,qlstm,14,0.41950461617670953,0.5948243823950179
ema,1148376891,qlstm,15,0.42171455576317385,0.5987669824389741
ema,1148376891,qlstm,16,0.4207288410398178,0.5902717622229829
ema,1148376891,qlstm,17,0.42157912312541157,0.5962503140326589
ema,1148376891,qlstm,18,0.41937663627322763,0.592708152718842
ema,1148376891,qlstm,19,0.4216997816693038,0.5963433419819921
ema,1148376891,qlstm,20,0.4228626400581561,0.5958280964405276
ema,1148376891,qlstm,21,0.4210793222882785,0.5941844373010099
ema,1148376891,qlstm,22,0.42073374055325985,0.5910726770525798
ema,1148376891,qlstm,23,0.41993082547560334,0.5900034905644134
ema,1148376891,qlstm,24,0.4205976614030078,0.5950517649762332
ema,1148376891,qlstm,25,0.4222430393565446,0.5978774451650679
ema,1148376891,qlstm,26,0.42307140841148794,0.6024840603931807
ema,1148376891,qlstm,27,0.42487816675566137,0.5941425986238755
ema,1148376891,qlstm,28,0.4245642968453467,0.5984815509291366
ema,1148376891,qlstm,29,0.4233701470075175,0.5979141585994512
ema,1148376891,qlstm,30,0.42424991069128737,0.5960604231222533
ema,1148376891,qlstm,31,0.42426397680537775,0.5957061088411137
ema,1148376891,qslstm,0,11.059447525520227,0.40599695744458586
ema,1148376891,qslstm,1,9.916232383489842,0.41179212398128584
ema,1148376891,qslstm,2,8.718598249095521,0.402727649488952
ema,1148376891,qslstm,3,9.181953278828587,0.40200361009920016
ema,1148376891,qslstm,4,8.340224447507353,0.40162055485416204
ema,1148376891,qslstm,5,11.932010368898773,0.4055427164421417
ema,1148376891,qslstm,6,11.911008576549648,0.40577639441471547
ema,1148376891,qslstm,7,10.613805683453393,0.40324011293705553
ema,1148376891,qslstm,8,10.00244627187567,0.40126562875229865
ema,1148376891,qslstm,9,8.126764846954757,0.40389330143807456
ema,1148376891,qslstm,10,9.832847701531136,0.40141412714729086
ema,1148376891,qslstm,11,11.801843581477442,0.40461368882097304
ema,1148376891,qslstm,12,10.98447052951451,0.4022827123408206
ema,1148376891,qslstm,13,9.983615515378915,0.40288915060227737
ema,1148376891,qslstm,14,8.081618510794215,0.4023638066719286
ema,1148376891,qslstm,15,10.16985349346578,0.4060563389211893
ema,1148376891,qslstm,16,9.342664443443937,0.3999929131823592
ema,1148376891,qslstm,17,9.957689962378936,0.4045850115362555
ema,1148376891,qslstm,18,8.609432272805861,0.4010408579488285
ema,1148376891,qslstm,19,9.227706388432125,0.40481667913263664
ema,1148376891,qslstm,20,10.233225009502348,0.40537725086323917
ema,1148376891,qslstm,21,8.635506155271287,0.40304123383248225
ema,1148376891,qslstm,22,10.358538875279919,0.4005214610369876
ema,1148376891,qslstm,23,8.808894804406009,0.39933006768114865
ema,1148376891,qslstm,24,9.795078823281074,0.40343932033283636
ema,1148376891,qslstm,25,10.00150032304009,0.4062564916093834
ema,1148376891,qslstm,26,9.420038933367323,0.4101216875715181
ema,1148376891,qslstm,27,11.446904165131855,0.40482430200790986
ema,1148376891,qslstm,28,11.568824122481601,0.40742048231186345
ema,1148376891,qslstm,29,10.931741667518509,0.40651548973983154
ema,1148376891,qslstm,30,11.5281695024496,0.40563194506103173
ema,1148376891,qslstm,31,11.00329697435518,0.4055531196645461
ema,1148376891,qslstm_log,0,0.9729017928721281,0.4995848940566069
ema,1148376891,qslstm_log,1,0.9964534034844159,0.5119601540043044
ema,1148376891,qslstm_log,2,0.9130739100184677,0.503674888301058
ema,1148376891,qslstm_log,3,0.904084987673698,0.5034783187470664
ema,1148376891,qslstm_log,4,0.90573501840405,0.5036990135474344
ema,1148376891,qslstm_log,5,1.0188534003651404,0.5078074387072573
ema,1148376891,qslstm_log,6,0.9860885366132333,0.5079829769650893
ema,1148376891,qslstm_log,7,0.9769919222690564,0.5054652959700038
ema,1148376891,qslstm_log,8,0.9278064179321033,0.5035809174194061
ema,1148376891,qslstm_log,9,0.9085722642914327,0.5062301645235003
ema,1148376891,qslstm_log,10,0.9100468540061986,0.5038772262533688
ema,1148376891,qslstm_log,11,0.9761116388681539,0.5069183703844716
ema,1148376891,qslstm_log,12,0.9550168734507716,0.5046547244133248
ema,1148376891,qslstm_log,13,0.9552782032227052,0.5051595553854666
ema,1148376891,qslstm_log,14,0.9009829170339052,0.5050891831658006
ema,1148376891,qslstm_log,15,0.9815439813472975,0.5087035430449944
ema,1148376891,qslstm_log,16,0.9018504362379244,0.5024185045633227
ema,1148376891,qslstm_log,17,0.9563892441627765,0.5067018670004324
ema,1148376891,qslstm_log,18,0.8934326148428073,0.5036535094919328
ema,1148376891,qslstm_log,19,0.9536253178311873,0.5073148937954022
ema,1148376891,qslstm_log,20,0.959217576457047,0.507526360954295
ema,1148376891,qslstm_log,21,0.9310687518475906,0.505262967694047
ema,1148376891,qslstm_log,22,0.9222270156964018,0.5028552180444471
ema,1148376891,qslstm_log,23,0.899260884797012,0.501562257829117
ema,1148376891,qslstm_log,24,0.9293051606815913,0.5055555203149162
ema,1148376891,qslstm_log,25,0.9659520358543477,0.5083244474545935
ema,1148376891,qslstm_log,26,0.9969163803571992,0.5121032731989752
ema,1148376891,qslstm_log,27,1.0095764429274554,0.5069538739758996
ema,1148376891,qslstm_log,28,1.0226796122830462,0.5093301336159334
ema,1148376891,qslstm_log,29,0.9915090886933138,0.5084467148416374
ema,1148376891,qslstm_log,30,1.001372275064792,0.5075213874242752
ema,1148376891,qslstm_log,31,1.0007223794806894,0.5072307446464472
ema,1211904294,qlstm,0,0.5461265644989908,0.6446596995228902
ema,1211904294,qlstm,1,0.5413294071913697,0.6435633326764219
ema,1211904294,qlstm,2,0.5371570560382679,0.6412603100761771
ema,1211904294,qlstm,3,0.5359931277344003,0.6374991394113749
ema,1211904294,qlstm,4,0.5332271900260821,0.6364115704782307
ema,1211904294,qlstm,5,0.5328180338256061,0.6351800104021095
ema,1211904294,qlstm,6,0.5319930140976794,0.634717607521452
ema,1211904294,qlstm,7,0.5310442086192779,0.6349357212311588
ema,1211904294,qlstm,8,0.5324425155995414,0.6324503504438326
ema,1211904294,qlstm,9,0.5297068977961317,0.6342109388788231
ema,1211904294,qlstm,10,0.5316573844174854,0.6325416548643261
ema,1211904294,qlstm,11,0.5288794749649242,0.6337383699719794
ema,1211904294,qlstm,12,0.5299090940388851,0.6338836505892687
ema,1211904294,qlstm,13,0.5311083142296411,0.6333812408847734
ema,1211904294,qlstm,14,0.5294180773198605,0.6342875887057744
ema,1211904294,qlstm,15,0.5306990823592059,0.6340862890938297
ema,1211904294,qlstm,16,0.5301087546395138,0.6335903230356053
ema,1211904294,qlstm,17,0.5319818015559576,0.6320556314312853
ema,1211904294,qlstm,18,0.5301090734428726,0.6334357868181542
ema,1211904294,qlstm,19,0.5301886309753172,0.6334019243950024
ema,1211904294,qlstm,20,0.528967023245059,0.6338207778171636
ema,1211904294,qlstm,21,0.5302863821852952,0.6340032594744116
ema,1211904294,qlstm,22,0.5304088437696919,0.6337484685936943
ema,1211904294,qlstm,23,0.5311652378295548,0.6329872609348968
ema,1211904294,qlstm,24,0.529424533015117,0.6333331192727201
ema,1211904294,qlstm,25,0.5312337933573872,0.6330804332974367
ema,1211904294,qlstm,26,0.5295545918634161,0.6342109096003696
ema,1211904294,qlstm,27,0.5304359501460567,0.6336456012213603
ema,1211904294,qlstm,28,0.5304315178655088,0.6337557354709134
ema,1211904294,qlstm,29,0.5309033105731942,0.6327027800143696
ema,1211904294,qlstm,30,0.5292266327887774,0.6335294268210419
ema,1211904294,qlstm,31,0.5298106141854078,0.6341231014230289
ema,1211904294,qslstm,0,19.921625439725176,0.4946632633218542
ema,1211904294,qslstm,1,10.4061228711289,0.48330805491423234
ema,1211904294,qslstm,2,12.745741634942533,0.4798580225324258
ema,1211904294,qslstm,3,12.862497058558802,0.48222915758378804
ema,1211904294,qslstm,4,13.232671134472184,0.4808700730209239
ema,1211904294,qslstm,5,13.373042769737367,0.4815535729867406
ema,1211904294,qslstm,6,12.911368181368744,0.4816485737101175
ema,1211904294,qslstm,7,12.856691852335643,0.48114829580299556
ema,1211904294,qslstm,8,13.461950907221762,0.4859780416591093
ema,1211904294,qslstm,9,13.483562050190812,0.48217436159029603
ema,1211904294,qslstm,10,13.201604515255895,0.48642894823569804
ema,1211904294,qslstm,11,13.777652950360789,0.4818709493847564
ema,1211904294,qslstm,12,13.07373260991153,0.4810871758381836
ema,1211904294,qslstm,13,13.110094495597878,0.4833775337319821
ema,1211904294,qslstm,14,13.365535629389342,0.4808203757274896
ema,1211904294,qslstm,15,13.528609273686016,0.4821408476564102
ema,1211904294,qslstm,16,13.046109389819321,0.48148850770667195
ema,1211904294,qslstm,17,13.059725081962824,0.4858297137543559
ema,1211904294,qslstm,18,13.381218114722287,0.4843268728000112
ema,1211904294,qslstm,19,13.831859667319804,0.48433715192368254
ema,1211904294,qslstm,20,13.883868445067492,0.48132252279901877
ema,1211904294,qslstm,21,13.470391577255214,0.48179795959731564
ema,1211904294,qslstm,22,13.321110973265604,0.4823617751826532
ema,1211904294,qslstm,23,13.324342030391563,0.48464619694277644
ema,1211904294,qslstm,24,13.233417889547127,0.4814321232261136
ema,1211904294,qslstm,25,12.300964380709047,0.4837283552624285
ema,1211904294,qslstm,26,12.925242638702912,0.48165476258145645
ema,1211904294,qslstm,27,13.541622791199188,0.4826195660280064
ema,1211904294,qslstm,28,13.247227211562858,0.4829588198917918
ema,1211904294,qslstm,29,13.137333268401562,0.48526771820615977
ema,1211904294,qslstm,30,13.59500531329104,0.482215509400703
ema,1211904294,qslstm,31,13.314965531215421,0.4805290773510933
ema,1211904294,qslstm_log,0,1.4830893667303546,0.46809279212075044
ema,1211904294,qslstm_log,1,1.2318024367674894,0.46526550799424016
ema,1211904294,qslstm_log,2,1.2882762530742866,0.46447951379538777
ema,1211904294,qslstm_log,3,1.2743170655682814,0.4671245681488803
ema,1211904294,qslstm_log,4,1.2925115069189779,0.46609721372972457
ema,1211904294,qslstm_log,5,1.288403640054328,0.4665883344997962
ema,1211904294,qslstm_log,6,1.2789728196240246,0.46629957472226574
ema,1211904294,qslstm_log,7,1.2780641289996457,0.4658876892446666
ema,1211904294,qslstm_log,8,1.2760625723321917,0.46932840166033163
ema,1211904294,qslstm_log,9,1.2977393595682267,0.4657404720761577
ema,1211904294,qslstm_log,10,1.2718727563317058,0.46947687591288534
ema,1211904294,qslstm_log,11,1.3093664397209368,0.465789678397222
ema,1211904294,qslstm_log,12,1.2857891991349633,0.46617731490693876
ema,1211904294,qslstm_log,13,1.2754140281010875,0.46756931905432
ema,1211904294,qslstm_log,14,1.2964484428845173,0.46582428488274374
ema,1211904294,qslstm_log,15,1.2928958373408201,0.46659975355181527
ema,1211904294,qslstm_log,16,1.2867442458078937,0.46624509416470095
ema,1211904294,qslstm_log,17,1.265980786075597,0.46932800153276955
ema,1211904294,qslstm_log,18,1.2889833913706772,0.4676722009050902
ema,1211904294,qslstm_log,19,1.299316510011957,0.4675696199970902
ema,1211904294,qslstm_log,20,1.3102697214071455,0.4661129480124279
ema,1211904294,qslstm_log,21,1.292019765971208,0.466603101482584
ema,1211904294,qslstm_log,22,1.288622598269748,0.466976066479821
ema,1211904294,qslstm_log,23,1.2806909953207957,0.4683064625334903
ema,1211904294,qslstm_log,24,1.2965491918161827,0.4658482716784399
ema,1211904294,qslstm_log,25,1.2566469122054096,0.467813978721358
ema,1211904294,qslstm_log,26,1.283174713751385,0.46591647210594284
ema,1211904294,qslstm_log,27,1.2919288741312336,0.467023079280721
ema,1211904294,qslstm_log,28,1.2866905866153648,0.4666953359432822
ema,1211904294,qslstm_log,29,1.2746444899291527,0.4683812086662084
ema,1211904294,qslstm_log,30,1.3027539803613433,0.4663346332494428
ema,1211904294,qslstm_log,31,1.2926028001789287,0.46609923202714176
ema,1212609727,qlstm,0,0.5250094161601737,0.6548286789329723
ema,1212609727,qlstm,1,0.5221408312791027,0.6530656212707981
ema,1212609727,qlstm,2,0.5185147213051096,0.6518180915154517
ema,1212609727,qlstm,3,0.5159406331949867,0.6496582592371851
ema,1212609727,qlstm,4,0.5162004678859375,0.6451369911665097
ema,1212609727,qlstm,5,0.5123112095170654,0.6460830013966188
ema,1212609727,qlstm,6,0.5133697344572283,0.6449882885208353
ema,1212609727,qlstm,7,0.5109257430885918,0.6448943424038589
ema,1212609727,qlstm,8,0.5119501439621672,0.6445930966874585
ema,1212609727,qlstm,9,0.5121916919015348,0.6435121686081402
ema,1212609727,qlstm,10,0.511391575972084,0.6431111540878192
ema,1212609727,qlstm,11,0.5120586517150514,0.6426108747255057
ema,1212609727,qlstm,12,0.510866018012166,0.6440182832302526
ema,1212609727,qlstm,13,0.511820005311165,0.6426250859512947
ema,1212609727,qlstm,14,0.5101139433099888,0.6441184836439788
ema,1212609727,qlstm,15,0.5101585519150831,0.6438461887883022
ema,1212609727,qlstm,16,0.5118639707798138,0.6433525108732283
ema,1212609727,qlstm,17,0.5102366407518275,0.6438914868049324
ema,1212609727,qlstm,18,0.5113907310878858,0.6433298604097217
ema,1212609727,qlstm,19,0.5091498520923778,0.6454500809777528
ema,1212609727,qlstm,20,0.5101419314742088,0.6441786302020773
ema,1212609727,qlstm,21,0.5113851920468733,0.6439202149631456
ema,1212609727,qlstm,22,0.5104003162123263,0.6448512179777026
ema,1212609727,qlstm,23,0.5107904695905745,0.6440884144976735
ema,1212609727,qlstm,24,0.5103840132360347,0.6446350760525092
ema,1212609727,qlstm,25,0.5109256379655562,0.6436216692673042
ema,1212609727,qlstm,26,0.5108742001466453,0.6447719553252682
ema,1212609727,qlstm,27,0.5107307909638621,0.6445010571042076
ema,1212609727,qlstm,28,0.5109088049503043,0.6442694894503802
ema,1212609727,qlstm,29,0.5115118384710513,0.6432615318335593
ema,1212609727,qlstm,30,0.5105142612592317,0.6435425415402278
ema,1212609727,qlstm,31,0.5122044997988269,0.6427897121175192
ema,1212609727,qslstm,0,2.649261600279715,0.5463853246765211
ema,1212609727,qslstm,1,2.152469760098029,0.5384418807225302
ema,1212609727,qslstm,2,2.2131939144746866,0.539023399061989
ema,1212609727,qslstm,3,2.2621105162543245,0.5401605090592057
ema,1212609727,qslstm,4,2.28156730736373,0.5430218976107426
ema,1212609727,qslstm,5,2.178622971609002,0.5340958654414862
ema,1212609727,qslstm,6,2.304384498100262,0.5427369512617588
ema,1212609727,qslstm,7,2.226641624904005,0.5356635631760582
ema,1212609727,qslstm,8,2.284404523525154,0.5396919924532995
ema,1212609727,qslstm,9,2.2781675082223956,0.542287778458558
ema,1212609727,qslstm,10,2.267955264658667,0.5396117495838553
ema,1212609727,qslstm,11,2.2732023537682835,0.5409594345837831
ema,1212609727,qslstm,12,2.2761376056005247,0.5403710390091874
ema,1212609727,qslstm,13,2.3015682111727074,0.5419452516362071
ema,1212609727,qslstm,14,2.2647102546761744,0.5387763812323101
ema,1212609727,qslstm,15,2.2236730754375458,0.5370562146999873
ema,1212609727,qslstm,16,2.3190061712812167,0.5426655353512615
ema,1212609727,qslstm,17,2.245511934917886,0.538006266055163
ema,1212609727,qslstm,18,2.294380852894392,0.5413691101712175
ema,1212609727,qslstm,19,2.2505638030706905,0.5374702051049098
ema,1212609727,qslstm,20,2.18152105784975,0.535227598331403
ema,1212609727,qslstm,21,2.245176112628542,0.5396977425552905
ema,1212609727,qslstm,22,2.281100703839911,0.539420559478458
ema,1212609727,qslstm,23,2.259194216923788,0.5390020120539702
ema,1212609727,qslstm,24,2.2481678919284604,0.5376196554861963
ema,1212609727,qslstm,25,2.22461386458599,0.5372481892700307
ema,1212609727,qslstm,26,2.2647733770136256,0.5387659620610066
ema,1212609727,qslstm,27,2.2448323243588675,0.5377613421296701
ema,1212609727,qslstm,28,2.2909727145161014,0.5394726500962861
ema,1212609727,qslstm,29,2.2725623010192066,0.5409896029741503
ema,1212609727,qslstm,30,2.247433033917332,0.5385488751344383
ema,1212609727,qslstm,31,2.3152210325642955,0.5437999772839248
ema,1212609727,qslstm_log,0,0.6271489731134225,0.5719781492804054
ema,1212609727,qslstm_log,1,0.5875859463667984,0.5608193041973645
ema,1212609727,qslstm_log,2,0.6121463152253123,0.5619153602569108
ema,1212609727,qslstm_log,3,0.6309136485109885,0.5634577930666138
ema,1212609727,qslstm_log,4,0.6625871916217774,0.5654139186071363
ema,1212609727,qslstm_log,5,0.5833887257158175,0.5549210511009248
ema,1212609727,qslstm_log,6,0.6462595741905637,0.5661222178427646
ema,1212609727,qslstm_log,7,0.6020186237247214,0.5572222148034093
ema,1212609727,qslstm_log,8,0.6341187996901652,0.5622380842241175
ema,1212609727,qslstm_log,9,0.6484898358033577,0.5652129858268427
ema,1212609727,qslstm_log,10,0.6359289810325335,0.5617154643783
ema,1212609727,qslstm_log,11,0.6473541696074551,0.5631155445044363
ema,1212609727,qslstm_log,12,0.6433753776372564,0.5633528296674469
ema,1212609727,qslstm_log,13,0.658379266943911,0.5645295748108848
ema,1212609727,qslstm_log,14,0.6350777846675325,0.5613818553991888
ema,1212609727,qslstm_log,15,0.6085239200484729,0.5590381023786731
ema,1212609727,qslstm_log,16,0.6641814196721308,0.5659400220783813
ema,1212609727,qslstm_log,17,0.6236109777156584,0.5602408343544192
ema,1212609727,qslstm_log,18,0.6418725936752327,0.5643386272641131
ema,1212609727,qslstm_log,19,0.61701116258433,0.5606133436961218
ema,1212609727,qslstm_log,20,0.596912072650333,0.5566117154719685
ema,1212609727,qslstm_log,21,0.6260338629972313,0.5622341799947711
ema,1212609727,qslstm_log,22,0.6293264462231755,0.5626455618931614
ema,1212609727,qslstm_log,23,0.6256358713924173,0.5616010459799989
ema,1212609727,qslstm_log,24,0.6140917125076119,0.5601200206264139
ema,1212609727,qslstm_log,25,0.6025390619889425,0.5589520687081073
ema,1212609727,qslstm_log,26,0.6273975797888368,0.5614509184108134
ema,1212609727,qslstm_log,27,0.6037681025334223,0.5601238436372002
ema,1212609727,qslstm_log,28,0.6220498660397878,0.5622858720954573
ema,1212609727,qslstm_log,29,0.6357886652230422,0.5636599977920232
ema,1212609727,qslstm_log,30,0.6158939245993538,0.5607507996322638
ema,1212609727,qslstm_log,31,0.6749502956357322,0.5670951209073924
ema,1668868548,qlstm,0,0.3322849389514886,0.6653390661813319
ema,1668868548,qlstm,1,0.33528802695218474,0.6635377269703895
ema,1668868548,qlstm,2,0.33074573619524017,0.6641915844520554
ema,1668868548,qlstm,3,0.3317171217640862,0.6638618295546621
ema,1668868548,qlstm,4,0.3342463913722895,0.662696918938309
ema,1668868548,qlstm,5,0.3327932597603649,0.6630973657593131
ema,1668868548,qlstm,6,0.329599496035371,0.6638212503166869
ema,1668868548,qlstm,7,0.33511189307319,0.6615485430229455
ema,1668868548,qlstm,8,0.33384649868821725,0.662597477901727
ema,1668868548,qlstm,9,0.33247361832764,0.6623502067523077
ema,1668868548,qlstm,10,0.3339155375142582,0.661615242715925
ema,1668868548,qlstm,11,0.3312129462719895,0.6631692113587633
ema,1668868548,qlstm,12,0.3342310772277415,0.6617724601528607
ema,1668868548,qlstm,13,0.33392193634063005,0.6619142912095413
ema,1668868548,qlstm,14,0.33506022446090356,0.6619014134048484
ema,1668868548,qlstm,15,0.3325598093797453,0.6624580985517241
ema,1668868548,qlstm,16,0.3338204749743454,0.6619314946001396
ema,1668868548,qlstm,17,0.3347073975019157,0.6616811254061759
ema,1668868548,qlstm,18,0.33411812322447076,0.6615748514886945
ema,1668868548,qlstm,19,0.3322633276693523,0.6623611584655009
ema,1668868548,qlstm,20,0.33474602916976437,0.6610132206697017
ema,1668868548,qlstm,21,0.3320578897255473,0.6629626950016245
ema,1668868548,qlstm,22,0.33249961474211887,0.6625692542875186
ema,1668868548,qlstm,23,0.3338150923955254,0.6623164770426229
ema,1668868548,qlstm,24,0.33191305270884186,0.6627747816964984
ema,1668868548,qlstm,25,0.3345850609475747,0.6618449499364942
ema,1668868548,qlstm,26,0.33356186270248145,0.662310392013751
ema,1668868548,qlstm,27,0.33369285525986925,0.661980290315114
ema,1668868548,qlstm,28,0.3344740474713035,0.6618087019305676
ema,1668868548,qlstm,29,0.3322280293214135,0.6625894362805411
ema,1668868548,qlstm,30,0.33378636924317107,0.66206861496903
ema,1668868548,qlstm,31,0.3339792695478536,0.66177883814089
ema,1668868548,qslstm,0,1417.6058158827364,0.4760935613885522
ema,1668868548,qslstm,1,156.2197418464675,0.480761737388093
ema,1668868548,qslstm,2,288.85687388528095,0.4821226014755666
ema,1668868548,qslstm,3,243.39271017764804,0.48511345929000527
ema,1668868548,qslstm,4,278.2216319300187,0.4851346407667734
ema,1668868548,qslstm,5,305.97622975445483,0.48544352024327964
ema,1668868548,qslstm,6,346.6437091379066,0.4843641544575803
ema,1668868548,qslstm,7,310.96379309327676,0.48391017445828766
ema,1668868548,qslstm,8,303.10178872954566,0.48662611487088725
ema,1668868548,qslstm,9,274.5792611322013,0.48359769833041355
ema,1668868548,qslstm,10,294.6980292414173,0.4835499174660072
ema,1668868548,qslstm,11,243.88025788951563,0.48678154830122367
ema,1668868548,qslstm,12,258.3239595363284,0.4851147353183478
ema,1668868548,qslstm,13,290.37670033050017,0.4852153666433878
ema,1668868548,qslstm,14,357.78912158044113,0.486084904987365
ema,1668868548,qslstm,15,299.1663602691151,0.4842902636155486
ema,1668868548,qslstm,16,302.7595643776003,0.4841349693015218
ema,1668868548,qslstm,17,307.17439782844485,0.4847021090099588
ema,1668868548,qslstm,18,323.548590715669,0.4836174018564634
ema,1668868548,qslstm,19,301.0045994713437,0.4841676901560277
ema,1668868548,qslstm,20,290.1131867906661,0.483031568757724
ema,1668868548,qslstm,21,296.62254595443665,0.4873942271224223
ema,1668868548,qslstm,22,287.2850971527532,0.4857352077960968
ema,1668868548,qslstm,23,267.1680011125736,0.4858887500013225
ema,1668868548,qslstm,24,279.824323534609,0.4848648626357317
ema,1668868548,qslstm,25,322.17089274560203,0.4840394975617528
ema,1668868548,qslstm,26,312.9352226823339,0.4848616048693657
ema,1668868548,qslstm,27,339.0641142229433,0.4835682553239167
ema,1668868548,qslstm,28,330.2237521127008,0.4842151207267307
ema,1668868548,qslstm,29,300.24939969254956,0.48413018183782697
ema,1668868548,qslstm,30,341.70332491438603,0.4839627689216286
ema,1668868548,qslstm,31,348.9585412705601,0.4832566271070391
ema,1668868548,qslstm_log,0,0.6507157042497096,0.6441154474048593
ema,1668868548,qslstm_log,1,0.5017069490079912,0.6460843127554325
ema,1668868548,qslstm_log,2,0.5179056717866105,0.6518337756374961
ema,1668868548,qslstm_log,3,0.4963961756458211,0.6491273968670184
ema,1668868548,qslstm_log,4,0.4879291739314451,0.6479971569440091
ema,1668868548,qslstm_log,5,0.48142177037543843,0.6466664335038602
ema,1668868548,qslstm_log,6,0.5040604664098678,0.6497479402489637
ema,1668868548,qslstm_log,7,0.5195399250412351,0.6514115915732384
ema,1668868548,qslstm_log,8,0.4702863859339673,0.64490761965452
ema,1668868548,qslstm_log,9,0.5138979167047671,0.6503750481790345
ema,1668868548,qslstm_log,10,0.5235653975070607,0.6533310980506131
ema,1668868548,qslstm_log,11,0.4737030925646201,0.6477107604026935
ema,1668868548,qslstm_log,12,0.49896010125011314,0.6490211777387669
ema,1668868548,qslstm_log,13,0.5002655320493274,0.648251734950657
ema,1668868548,qslstm_log,14,0.47364866332525074,0.6450881398341213
ema,1668868548,qslstm_log,15,0.4958646718526194,0.6473842627531214
ema,1668868548,qslstm_log,16,0.49607389847491645,0.6487649865119018
ema,1668868548,qslstm_log,17,0.48534644685606665,0.6471589827762927
ema,1668868548,qslstm_log,18,0.5069416027322294,0.6497712457401436
ema,1668868548,qslstm_log,19,0.5039383839769567,0.6502384335011091
ema,1668868548,qslstm_log,20,0.5298776914272139,0.6543409217135158
ema,1668868548,qslstm_log,21,0.4617962505960056,0.646446062148269
ema,1668868548,qslstm_log,22,0.48202317807774797,0.6468447803936537
ema,1668868548,qslstm_log,23,0.47251055247118146,0.6444206468104835
ema,1668868548,qslstm_log,24,0.48830017172112017,0.6455908436913564
ema,1668868548,qslstm_log,25,0.49444160305507656,0.6462223815520325
ema,1668868548,qslstm_log,26,0.47020891213897376,0.6446246639798087
ema,1668868548,qslstm_log,27,0.49478046623095806,0.6469837457337065
ema,1668868548,qslstm_log,28,0.4769595870794218,0.6455250008082409
ema,1668868548,qslstm_log,29,0.48167365731740075,0.6457736531975444
ema,1668868548,qslstm_log,30,0.48650071219317026,0.6457431890090681
ema,1668868548,qslstm_log,31,0.4984775099716249,0.6481953828652478
ema,1710807515,qlstm,0,0.5342365938122384,0.6167403010767885
ema,1710807515,qlstm,1,0.5348012210451998,0.6175432146992534
ema,1710807515,qlstm,2,0.5336121380096301,0.6145487690810114
ema,1710807515,qlstm,3,0.5338004428194836,0.6143138278275728
ema,1710807515,qlstm,4,0.5343510744860396,0.6159161297837272
ema,1710807515,qlstm,5,0.5344938219059259,0.6165256691747345
ema,1710807515,qlstm,6,0.5340109415119514,0.6140327139873989
ema,1710807515,qlstm,7,0.5351723729399964,0.6168800352606922
ema,1710807515,qlstm,8,0.5339553865487687,0.6132453759200871
ema,1710807515,qlstm,9,0.5338061118964106,0.6134334026719444
ema,1710807515,qlstm,10,0.5348449585144408,0.6164816102827899
ema,1710807515,qlstm,11,0.5336378737702034,0.6137820241274312
ema,1710807515,qlstm,12,0.5344221394043416,0.6145369157311507
ema,1710807515,qlstm,13,0.5356147690908983,0.6183310559135862
ema,1710807515,qlstm,14,0.5356610461021774,0.6199647464673035
ema,1710807515,qlstm,15,0.5341570188757032,0.6123923339764588
ema,1710807515,qlstm,16,0.5346864691236988,0.6141624762676656
ema,1710807515,qlstm,17,0.5341959625366144,0.6142380188102834
ema,1710807515,qlstm,18,0.5341660872218199,0.6140089853433892
ema,1710807515,qlstm,19,0.5348780860076658,0.6165044661611319
ema,1710807515,qlstm,20,0.5345904684509151,0.615836703684181
ema,1710807515,qlstm,21,0.5339839832740836,0.6139976315316744
ema,1710807515,qlstm,22,0.5353440542821772,0.6177482991479337
ema,1710807515,qlstm,23,0.5339917585952207,0.6147779281018302
ema,1710807515,qlstm,24,0.5341167003498413,0.6142390715540387
ema,1710807515,qlstm,25,0.5339296993915923,0.6136742492672056
ema,1710807515,qlstm,26,0.5345302132191136,0.6151874531060457
ema,1710807515,qlstm,27,0.5339578567654826,0.6130972968530841
ema,1710807515,qlstm,28,0.5338637855602428,0.6144694000249729
ema,1710807515,qlstm,29,0.5349173071444966,0.6175714880810119
ema,1710807515,qlstm,30,0.5333996984409168,0.6126635210821405
ema,1710807515,qlstm,31,0.5352391740307212,0.6174146078992635
ema,1710807515,qslstm,0,1355.6134745018335,0.5060880647506565
ema,1710807515,qslstm,1,132.78347582905735,0.5034436399000697
ema,1710807515,qslstm,2,206.05586521424993,0.5051829233998433
ema,1710807515,qslstm,3,242.3850034842435,0.5048913044738583
ema,1710807515,qslstm,4,228.7668513180506,0.5038771058316343
ema,1710807515,qslstm,5,187.47613228744376,0.5040128465043381
ema,1710807515,qslstm,6,251.4626720397191,0.5053418255993165
ema,1710807515,qslstm,7,190.0950082559466,0.5027529557119124
ema,1710807515,qslstm,8,205.67669574974934,0.5055753227206878
ema,1710807515,qslstm,9,279.05986395597756,0.5056486122193746
ema,1710807515,qslstm,10,273.24517292078235,0.503699820896145
ema,1710807515,qslstm,11,237.88214881863678,0.5069266530335881
ema,1710807515,qslstm,12,208.74931874494905,0.5048829424777068
ema,1710807515,qslstm,13,222.9216939684011,0.5017030506860465
ema,1710807515,qslstm,14,231.25515783931405,0.5021662098588422
ema,1710807515,qslstm,15,236.5650691685878,0.5056698794360273
ema,1710807515,qslstm,16,191.6083205566283,0.5042518542031758
ema,1710807515,qslstm,17,212.86472098992454,0.5059748817584477
ema,1710807515,qslstm,18,237.73890781822956,0.5057539934059605
ema,1710807515,qslstm,19,208.92266102520443,0.5040878272848204
ema,1710807515,qslstm,20,221.6376353896885,0.5043727169395424
ema,1710807515,qslstm,21,223.0843662664356,0.5061291255406104
ema,1710807515,qslstm,22,272.3670780828543,0.5031263763667084
ema,1710807515,qslstm,23,220.83374423447822,0.506134556431789
ema,1710807515,qslstm,24,214.2382475368904,0.5055684404796921
ema,1710807515,qslstm,25,236.4155675693146,0.5066306286025792
ema,1710807515,qslstm,26,247.3289978488756,0.504226251214277
ema,1710807515,qslstm,27,226.72695333190495,0.5062948577688076
ema,1710807515,qslstm,28,236.7787649641905,0.5066101852571592
ema,1710807515,qslstm,29,251.5394767482485,0.5046609201235697
ema,1710807515,qslstm,30,268.6011857965714,0.5073034005472437
ema,1710807515,qslstm,31,210.20912852723814,0.5035654423991218
ema,1710807515,qslstm_log,0,3.2305156997429814,0.49659275443928924
ema,1710807515,qslstm_log,1,1.9580067794690594,0.4951526658625116
ema,1710807515,qslstm_log,2,2.086244264135902,0.4988337104659453
ema,1710807515,qslstm_log,3,2.1043140380667626,0.4987152333996128
ema,1710807515,qslstm_log,4,2.1126942123697536,0.49682604788204476
ema,1710807515,qslstm_log,5,2.1142863406885213,0.49690022591186855
ema,1710807515,qslstm_log,6,2.2009099993200465,0.4992822519803015
ema,1710807515,qslstm_log,7,2.1258992310365934,0.49488629962213465
ema,1710807515,qslstm_log,8,2.151606057255,0.49975012478971825
ema,1710807515,qslstm_log,9,2.2219040981003793,0.5002974527252317
ema,1710807515,qslstm_log,10,2.215953284000105,0.49661724503807037
ema,1710807515,qslstm_log,11,2.156061797101007,0.5013889776640456
ema,1710807515,qslstm_log,12,2.1914730770362985,0.49822635529536174
ema,1710807515,qslstm_log,13,2.118511657392579,0.49289759012500256
ema,1710807515,qslstm_log,14,2.1257873821455915,0.4927535330407059
ema,1710807515,qslstm_log,15,2.1585615203238664,0.5003029053623367
ema,1710807515,qslstm_log,16,2.111814738303317,0.49799770936440535
ema,1710807515,qslstm_log,17,2.120088743697519,0.4995434159047781
ema,1710807515,qslstm_log,18,2.194009119364648,0.49936192148283415
ema,1710807515,qslstm_log,19,2.129385206707791,0.4965731013117543
ema,1710807515,qslstm_log,20,2.13530091148059,0.49727555908079335
ema,1710807515,qslstm_log,21,2.1690534097461445,0.5000850443037356
ema,1710807515,qslstm_log,22,2.23446890602713,0.49490830170680167
ema,1710807515,qslstm_log,23,2.1843127092455887,0.499825373444181
ema,1710807515,qslstm_log,24,2.1480842813911667,0.499417322772416
ema,1710807515,qslstm_log,25,2.1773677445812907,0.500916671084932
ema,1710807515,qslstm_log,26,2.1968231944204497,0.4973952757950282
ema,1710807515,qslstm_log,27,2.1269002712143394,0.5008952298987297
ema,1710807515,qslstm_log,28,2.1778916989837818,0.5007091776044161
ema,1710807515,qslstm_log,29,2.205222623478037,0.4965164554872594
ema,1710807515,qslstm_log,30,2.2070711286564797,0.5023326571317022
ema,1710807515,qslstm_log,31,2.1229104941695045,0.4952359844009787
ema,1716202887,qlstm,0,0.5577942939708009,0.6804172262200154
ema,1716202887,qlstm,1,0.5587881309329532,0.6843554902588949
ema,1716202887,qlstm,2,0.5599389170529321,0.6844322651741095
ema,1716202887,qlstm,3,0.5598044592770748,0.6838270662701689
ema,1716202887,qlstm,4,0.5603340216912329,0.6824934837059118
ema,1716202887,qlstm,5,0.5600193580030464,0.6816098462441005
ema,1716202887,qlstm,6,0.5595399108715355,0.6808751082280651
ema,1716202887,qlstm,7,0.5601742244325578,0.681450366799254
ema,1716202887,qlstm,8,0.5593414950417355,0.6826505230856128
ema,1716202887,qlstm,9,0.5590170073555782,0.6828731514979154
ema,1716202887,qlstm,10,0.5599575756932609,0.6807415798539296
ema,1716202887,qlstm,11,0.5590569693595171,0.6826521959737875
ema,1716202887,qlstm,12,0.5596736464649439,0.6837665662169456
ema,1716202887,qlstm,13,0.5602297122240998,0.6813190913526341
ema,1716202887,qlstm,14,0.559900039457716,0.6805588564602658
ema,1716202887,qlstm,15,0.5602329111425206,0.6814316013478674
ema,1716202887,qlstm,16,0.5591853020596318,0.6827277957927436
ema,1716202887,qlstm,17,0.5582435079850256,0.6856066045584157
ema,1716202887,qlstm,18,0.5594273128081113,0.6826314314384945
ema,1716202887,qlstm,19,0.5593418922508135,0.6825158237479627
ema,1716202887,qlstm,20,0.5594365947763436,0.6791923920391127
ema,1716202887,qlstm,21,0.5596935211797245,0.6836755705298856
ema,1716202887,qlstm,22,0.5593017620267347,0.6817063437192701
ema,1716202887,qlstm,23,0.5600448343902826,0.6802001467440277
ema,1716202887,qlstm,24,0.5575195493292995,0.6855572952190414
ema,1716202887,qlstm,25,0.5591845901799388,0.6795228585251607
ema,1716202887,qlstm,26,0.5589205955620855,0.6833006907836534
ema,1716202887,qlstm,27,0.5604269035393372,0.6804386231815442
ema,1716202887,qlstm,28,0.5604377256240696,0.6830694394884631
ema,1716202887,qlstm,29,0.5611926998826675,0.6794946580776013
ema,1716202887,qlstm,30,0.5596925231511705,0.6814569706912152
ema,1716202887,qlstm,31,0.5592949349083938,0.6831009516608901
ema,1716202887,qslstm,0,7.46894403238548,0.4908811656641774
ema,1716202887,qslstm,1,6.329648894654383,0.4820525693939999
ema,1716202887,qslstm,2,6.223870518413605,0.48468527069780976
ema,1716202887,qslstm,3,6.689314183877286,0.481213508406654
ema,1716202887,qslstm,4,6.581006481737859,0.48465234745526686
ema,1716202887,qslstm,5,6.860707620075118,0.48416289244778454
ema,1716202887,qslstm,6,7.209836734698911,0.4817788962973282
ema,1716202887,qslstm,7,6.783508161803184,0.48334466136293486
ema,1716202887,qslstm,8,6.911499044330412,0.47860945819411427
ema,1716202887,qslstm,9,6.423536455673457,0.4782547630020417
ema,1716202887,qslstm,10,7.1672680783121905,0.4843065157183446
ema,1716202887,qslstm,11,6.688830999959464,0.4782368909800425
ema,1716202887,qslstm,12,6.491691049650399,0.479575157049112
ema,1716202887,qslstm,13,6.952908791121445,0.48567999596707523
ema,1716202887,qslstm,14,7.134213593642926,0.4844690402969718
ema,1716202887,qslstm,15,6.669394977172487,0.48568029288435355
ema,1716202887,qslstm,16,6.742284972428024,0.4799595008371398
ema,1716202887,qslstm,17,6.08964840416229,0.4738209508359432
ema,1716202887,qslstm,18,6.692496420535463,0.4816313009359874
ema,1716202887,qslstm,19,6.654234838708362,0.48096238035941496
ema,1716202887,qslstm,20,7.1818512579848175,0.48524893081048504
ema,1716202887,qslstm,21,6.202968752430024,0.48093806725228205
ema,1716202887,qslstm,22,6.894719537664059,0.48178355279378593
ema,1716202887,qslstm,23,7.117330845252582,0.4858472431078553
ema,1716202887,qslstm,24,6.190451274724182,0.46903355832910165
ema,1716202887,qslstm,25,6.899806887260638,0.4827498276135884
ema,1716202887,qslstm,26,6.39039445520757,0.4774892288260162
ema,1716202887,qslstm,27,7.049203073052922,0.4880923320306465
ema,1716202887,qslstm,28,6.54382857161545,0.4842295460985042
ema,1716202887,qslstm,29,7.187722140468395,0.4903960641240701
ema,1716202887,qslstm,30,6.945747284742538,0.4808782954351045
ema,1716202887,qslstm,31,6.370271420299105,0.4780757741536945
ema,1716202887,qslstm_log,0,1.2521396229538357,0.49717299670190584
ema,1716202887,qslstm_log,1,1.101915722517524,0.49195068648405904
ema,1716202887,qslstm_log,2,1.0941908816916426,0.49490352570291907
ema,1716202887,qslstm_log,3,1.1374936374280318,0.49160145220201723
ema,1716202887,qslstm_log,4,1.134783019492994,0.4942251140068603
ema,1716202887,qslstm_log,5,1.1651426545126249,0.4933967510407925
ema,1716202887,qslstm_log,6,1.1933935783693306,0.491208687867927
ema,1716202887,qslstm_log,7,1.1481714148570918,0.49357118665973976
ema,1716202887,qslstm_log,8,1.1587012244895967,0.4897598378917813
ema,1716202887,qslstm_log,9,1.0990784437341892,0.4896133371376211
ema,1716202887,qslstm_log,10,1.1801858784048447,0.493640070930932
ema,1716202887,qslstm_log,11,1.1179446795594123,0.4893248648857291
ema,1716202887,qslstm_log,12,1.1005813302002747,0.49136445155649566
ema,1716202887,qslstm_log,13,1.1706678789101645,0.49515643222690325
ema,1716202887,qslstm_log,14,1.2031233729701478,0.4935379146524279
ema,1716202887,qslstm_log,15,1.1483652854324515,0.4952312663217945
ema,1716202887,qslstm_log,16,1.149747619956103,0.4910473169187096
ema,1716202887,qslstm_log,17,1.052827130016638,0.4870168941656026
ema,1716202887,qslstm_log,18,1.1264371496622245,0.49233569372202857
ema,1716202887,qslstm_log,19,1.1403755981176942,0.491488764010593
ema,1716202887,qslstm_log,20,1.2060710690515024,0.49317424940297516
ema,1716202887,qslstm_log,21,1.0784534967017128,0.49252591934558004
ema,1716202887,qslstm_log,22,1.1634645664478909,0.4916766065079244
ema,1716202887,qslstm_log,23,1.1990390914496456,0.4947309366735082
ema,1716202887,qslstm_log,24,1.0484092990211622,0.4826471421684907
ema,1716202887,qslstm_log,25,1.1748691972056395,0.49143101153856195
ema,1716202887,qslstm_log,26,1.1000111957570473,0.4891794795368395
ema,1716202887,qslstm_log,27,1.1703492102798476,0.49663483231305144
ema,1716202887,qslstm_log,28,1.1009619486685314,0.4949228894675297
ema,1716202887,qslstm_log,29,1.208206301312611,0.49829657739370714
ema,1716202887,qslstm_log,30,1.1575992074497745,0.4910266173821014
ema,1716202887,qslstm_log,31,1.1054796696864306,0.4897839213395857
ema,1806016308,qlstm,0,0.5134930632775649,0.7064363360404968
ema,1806016308,qlstm,1,0.5125665019149892,0.7011023462982848
ema,1806016308,qlstm,2,0.5108337657875381,0.6950526878936216
ema,1806016308,qlstm,3,0.5070100656012073,0.6919968052534387
ema,1806016308,qlstm,4,0.5056198263773695,0.689377415808849
ema,1806016308,qlstm,5,0.5051331002032384,0.6870875313179567
ema,1806016308,qlstm,6,0.5028254472417757,0.6873711018124595
ema,1806016308,qlstm,7,0.5033204173087142,0.6869400268187746
ema,1806016308,qlstm,8,0.5040605128160678,0.6863356775138527
ema,1806016308,qlstm,9,0.5038008477422409,0.6850136939901859
ema,1806016308,qlstm,10,0.502466217672918,0.6852569176116958
ema,1806016308,qlstm,11,0.5026452541351318,0.6848825283814222
ema,1806016308,qlstm,12,0.5012421593419276,0.6868652472039685
ema,1806016308,qlstm,13,0.5032527380972169,0.6858355877920985
ema,1806016308,qlstm,14,0.5039481756393798,0.6842779373982921
ema,1806016308,qlstm,15,0.5022081697243266,0.6861740155145526
ema,1806016308,qlstm,16,0.5029807278187945,0.6857773354277015
ema,1806016308,qlstm,17,0.5050471593276598,0.6838449651841074
ema,1806016308,qlstm,18,0.5025496465386823,0.6850665993988514
ema,1806016308,qlstm,19,0.5030112130334601,0.6853170449612662
ema,1806016308,qlstm,20,0.5026393528096378,0.6849805121310055
ema,1806016308,qlstm,21,0.5033073590020649,0.685398117871955
ema,1806016308,qlstm,22,0.5027962219319306,0.6852266476489604
ema,1806016308,qlstm,23,0.5041541718528606,0.6839514552848414
ema,1806016308,qlstm,24,0.5026042902609333,0.6847953068790957
ema,1806016308,qlstm,25,0.5034653228940442,0.6842354205437005
ema,1806016308,qlstm,26,0.500876976060681,0.6861202127765864
ema,1806016308,qlstm,27,0.5029520821990445,0.6841280321823433
ema,1806016308,qlstm,28,0.5007310322253034,0.6869358051335439
ema,1806016308,qlstm,29,0.5027241492061876,0.6868083891458809
ema,1806016308,qlstm,30,0.5032848563278094,0.6855508319567889
ema,1806016308,qlstm,31,0.5030891852802597,0.6854981466894969
ema,1806016308,qslstm,0,4.018259985263285,0.45575244177598506
ema,1806016308,qslstm,1,3.695720262290706,0.4593166784616187
ema,1806016308,qslstm,2,3.6502759776740277,0.46624952752608806
ema,1806016308,qslstm,3,3.6787757819001854,0.46068364719394594
ema,1806016308,qslstm,4,3.6984992058096395,0.4608241349924356
ema,1806016308,qslstm,5,3.6898979798970686,0.46321307972539216
ema,1806016308,qslstm,6,3.730199359866674,0.4563635183731094
ema,1806016308,qslstm,7,3.7156995695113437,0.45513324422063306
ema,1806016308,qslstm,8,3.6878520667523844,0.4640456256456673
ema,1806016308,qslstm,9,3.6804685022689227,0.46550634800223634
ema,1806016308,qslstm,10,3.7014348663942656,0.4622143620508723
ema,1806016308,qslstm,11,3.70988102209958,0.4576984206796624
ema,1806016308,qslstm,12,3.713087852785975,0.4556793313822709
ema,1806016308,qslstm,13,3.7131409540706954,0.46176953916437924
ema,1806016308,qslstm,14,3.6971513384996797,0.459239398885984
ema,1806016308,qslstm,15,3.717043642558565,0.45832495304057375
ema,1806016308,qslstm,16,3.697198249410576,0.4586394823854789
ema,1806016308,qslstm,17,3.6935444309347076,0.46472313528647646
ema,1806016308,qslstm,18,3.7037816327392648,0.4582277291920036
ema,1806016308,qslstm,19,3.6996449947328074,0.463188634137623
ema,1806016308,qslstm,20,3.7183492949006904,0.4559208939317614
ema,1806016308,qslstm,21,3.6972960194398183,0.46245376055594534
ema,1806016308,qslstm,22,3.705370747258712,0.4608930158428848
ema,1806016308,qslstm,23,3.68632056739807,0.46356007270514965
ema,1806016308,qslstm,24,3.71544431316579,0.45950020593591034
ema,1806016308,qslstm,25,3.680582019704161,0.46491923823487014
ema,1806016308,qslstm,26,3.7098248563743255,0.46268350776517764
ema,1806016308,qslstm,27,3.7074876837650663,0.4586791265173815
ema,1806016308,qslstm,28,3.7119486124356627,0.45257569098612294
ema,1806016308,qslstm,29,3.7250087018510385,0.46031977859092876
ema,1806016308,qslstm,30,3.697905206016003,0.4606691471999511
ema,1806016308,qslstm,31,3.712963077246968,0.45811932359356433
ema,1806016308,qslstm_log,0,0.6834476093478137,0.6270728303713226
ema,1806016308,qslstm_log,1,0.6122157945965229,0.6227607328409426
ema,1806016308,qslstm_log,2,0.6803285096996823,0.6332755872894372
ema,1806016308,qslstm_log,3,0.6454379640904923,0.6253461542966399
ema,1806016308,qslstm_log,4,0.6545978283336513,0.6259551282029939
ema,1806016308,qslstm_log,5,0.6792192801292622,0.6297649143851796
ema,1806016308,qslstm_log,6,0.6251765316723386,0.6195615910214258
ema,1806016308,qslstm_log,7,0.6110458254997654,0.6168275485038958
ema,1806016308,qslstm_log,8,0.6780155823529037,0.629758469567838
ema,1806016308,qslstm_log,9,0.6923053905842438,0.6325065302103641
ema,1806016308,qslstm_log,10,0.6616458454924108,0.6280281076179487
ema,1806016308,qslstm_log,11,0.6312411138293907,0.6211773852554741
ema,1806016308,qslstm_log,12,0.6011031408719492,0.6168921240959486
ema,1806016308,qslstm_log,13,0.6636498413722114,0.6268036838789991
ema,1806016308,qslstm_log,14,0.6506835449990755,0.6227508045570049
ema,1806016308,qslstm_log,15,0.6268391495995325,0.6217039821964851
ema,1806016308,qslstm_log,16,0.6332336217437865,0.6216085352537591
ema,1806016308,qslstm_log,17,0.6911416679579763,0.6313783661935499
ema,1806016308,qslstm_log,18,0.6344770771031242,0.6215968710428259
ema,1806016308,qslstm_log,19,0.6677256620533485,0.628916543860002
ema,1806016308,qslstm_log,20,0.6145258916044495,0.6181040691302302
ema,1806016308,qslstm_log,21,0.664801332300075,0.6278302098762728
ema,1806016308,qslstm_log,22,0.6548432258012751,0.6256668650958642
ema,1806016308,qslstm_log,23,0.6681384804987592,0.6294507343392307
ema,1806016308,qslstm_log,24,0.6436147774434338,0.6238179335824305
ema,1806016308,qslstm_log,25,0.6841827570505604,0.6316196928292312
ema,1806016308,qslstm_log,26,0.6657110573858099,0.628623380027002
ema,1806016308,qslstm_log,27,0.6422889913763398,0.6227007933538014
ema,1806016308,qslstm_log,28,0.584838480727104,0.6122525596926879
ema,1806016308,qslstm_log,29,0.6487214691852534,0.6242061712756588
ema,1806016308,qslstm_log,30,0.6428476132841126,0.6246202752069814
ema,1806016308,qslstm_log,31,0.6446826644690895,0.6210751961899077
ema,1885117419,qlstm,0,0.4873399035423063,0.6722583610098809
ema,1885117419,qlstm,1,0.4815842377138324,0.6721236753510311
ema,1885117419,qlstm,2,0.4830740359611809,0.674006361165084
ema,1885117419,qlstm,3,0.4794749661232345,0.6719009899534285
ema,1885117419,qlstm,4,0.47764398652361706,0.6724653067067266
ema,1885117419,qlstm,5,0.47677902306895703,0.6716347150504589
ema,1885117419,qlstm,6,0.47921960201347247,0.6714030643925071
ema,1885117419,qlstm,7,0.479469420039095,0.6719585047103465
ema,1885117419,qlstm,8,0.48039534891722724,0.6724512439686805
ema,1885117419,qlstm,9,0.47463269432773814,0.6722176322946325
ema,1885117419,qlstm,10,0.47903209686046466,0.6730387277202681
ema,1885117419,qlstm,11,0.47758625051938,0.6726712753297761
ema,1885117419,qlstm,12,0.47874175023753196,0.671257012989372
ema,1885117419,qlstm,13,0.4799441231880337,0.6702853615861386
ema,1885117419,qlstm,14,0.48139684152556583,0.6720088231377304
ema,1885117419,qlstm,15,0.4765894999727607,0.6731301830150187
ema,1885117419,qlstm,16,0.4803699955227785,0.6723452779697254
ema,1885117419,qlstm,17,0.47889796376693994,0.6717653926461935
ema,1885117419,qlstm,18,0.4801460816524923,0.6718307004775852
ema,1885117419,qlstm,19,0.4782691199798137,0.6722050992539153
ema,1885117419,qlstm,20,0.47697043587686494,0.6720550517784432
ema,1885117419,qlstm,21,0.4753166906302795,0.6721757483901456
ema,1885117419,qlstm,22,0.47817011876031756,0.671521466341801
ema,1885117419,qlstm,23,0.477863525331486,0.6710524465888739
ema,1885117419,qlstm,24,0.47740750218508765,0.6732911505969241
ema,1885117419,qlstm,25,0.47850125579861924,0.6715115775587037
ema,1885117419,qlstm,26,0.4788674626033753,0.6712983067845926
ema,1885117419,qlstm,27,0.47577549947891384,0.6723720174049959
ema,1885117419,qlstm,28,0.48229644598904997,0.6699988229665905
ema,1885117419,qlstm,29,0.47708370810141787,0.6717349877581
ema,1885117419,qlstm,30,0.4788367128930986,0.6708388343686238
ema,1885117419,qlstm,31,0.48012355843093246,0.671915203682147
ema,1885117419,qslstm,0,27.730178589381467,0.6841061593731865
ema,1885117419,qslstm,1,4.029976740710481,0.6911500032292679
ema,1885117419,qslstm,2,4.611273191716464,0.6918958693277091
ema,1885117419,qslstm,3,4.523792146756023,0.6931078500347212
ema,1885117419,qslstm,4,4.706479671594934,0.6931320606963709
ema,1885117419,qslstm,5,4.606158800272169,0.6933629513951018
ema,1885117419,qslstm,6,4.676397619865384,0.6921227677958086
ema,1885117419,qslstm,7,4.634003943618154,0.6922138679074124
ema,1885117419,qslstm,8,4.657825971202328,0.6924136460293084
ema,1885117419,qslstm,9,4.515136940766752,0.6945164253120311
ema,1885117419,qslstm,10,4.720287346943223,0.6926228816155344
ema,1885117419,qslstm,11,4.670940013464133,0.6932031186297536
ema,1885117419,qslstm,12,4.711656503173799,0.692086567345541
ema,1885117419,qslstm,13,4.658981905104156,0.691634296788834
ema,1885117419,qslstm,14,4.718884924925078,0.6917319793719798
ema,1885117419,qslstm,15,4.697411431588989,0.6937133185565472
ema,1885117419,qslstm,16,4.803512399055762,0.6918919080635533
ema,1885117419,qslstm,17,4.730915563877716,0.6923922681016847
ema,1885117419,qslstm,18,4.813330740400488,0.6919181802077219
ema,1885117419,qslstm,19,4.820122256236573,0.6926636134739965
ema,1885117419,qslstm,20,4.770924284226567,0.6932483101263642
ema,1885117419,qslstm,21,4.80642896493373,0.6935526723973453
ema,1885117419,qslstm,22,4.811106323095373,0.6923399192746729
ema,1885117419,qslstm,23,4.732344564768937,0.6923689319519326
ema,1885117419,qslstm,24,4.746600531087097,0.6935639734729193
ema,1885117419,qslstm,25,4.755402636852523,0.692184176761657
ema,1885117419,qslstm,26,4.693828625753667,0.6922230359632522
ema,1885117419,qslstm,27,4.713646384798267,0.693601819104515
ema,1885117419,qslstm,28,4.720502883381414,0.6903555220924318
ema,1885117419,qslstm,29,4.665123296697857,0.6929288028040901
ema,1885117419,qslstm,30,4.709754165218328,0.6917367529240437
ema,1885117419,qslstm,31,4.678907870138573,0.6921776601811871
ema,1885117419,qslstm_log,0,0.487089680971743,0.5520100341827079
ema,1885117419,qslstm_log,1,0.40343848843401187,0.5331567255897087
ema,1885117419,qslstm_log,2,0.4136205405204205,0.536216608216821
ema,1885117419,qslstm_log,3,0.39715915935967394,0.5319830979452563
ema,1885117419,qslstm_log,4,0.4037004520966393,0.5331714563164129
ema,1885117419,qslstm_log,5,0.40368751330429375,0.5324115764060658
ema,1885117419,qslstm_log,6,0.40947875505019204,0.5343247763171357
ema,1885117419,qslstm_log,7,0.41008927072348034,0.5347805048374429
ema,1885117419,qslstm_log,8,0.4108786094496063,0.5354075501061133
ema,1885117419,qslstm_log,9,0.399545596026311,0.5315797496378925
ema,1885117419,qslstm_log,10,0.4094785718383315,0.5356783585507996
ema,1885117419,qslstm_log,11,0.4029836821187208,0.5337685593714051
ema,1885117419,qslstm_log,12,0.4006571000014796,0.5331264113903562
ema,1885117419,qslstm_log,13,0.4049769100819711,0.5334875819743792
ema,1885117419,qslstm_log,14,0.4120450617444056,0.5362569661287495
ema,1885117419,qslstm_log,15,0.4017460820405557,0.5335010002711449
ema,1885117419,qslstm_log,16,0.4040329926017532,0.5351195207321175
ema,1885117419,qslstm_log,17,0.3994445383986343,0.5336129463023248
ema,1885117419,qslstm_log,18,0.4042145280956847,0.5348333959763379
ema,1885117419,qslstm_log,19,0.40219043088230233,0.533991705667366
ema,1885117419,qslstm_log,20,0.40213630719272203,0.5333230265989082
ema,1885117419,qslstm_log,21,0.4029604162497157,0.5327702550999478
ema,1885117419,qslstm_log,22,0.4068924825064321,0.5340094460179678
ema,1885117419,qslstm_log,23,0.4054442361048204,0.5332559847717906
ema,1885117419,qslstm_log,24,0.41475907249399424,0.5352339694594371
ema,1885117419,qslstm_log,25,0.39828549612409614,0.5332445249926532
ema,1885117419,qslstm_log,26,0.40438436578068365,0.5335670110547212
ema,1885117419,qslstm_log,27,0.4052852240238218,0.5330772958255539
ema,1885117419,qslstm_log,28,0.40402403956518634,0.5345590601496479
ema,1885117419,qslstm_log,29,0.4070358212061084,0.533316263550666
ema,1885117419,qslstm_log,30,0.40452943970946725,0.5335509246732824
ema,1885117419,qslstm_log,31,0.4126555217109735,0.5353887807688182
ema,1952804984,qlstm,0,0.5782500614295714,0.6993417082121596
ema,1952804984,qlstm,1,0.5772027736529708,0.6966355571057647
ema,1952804984,qlstm,2,0.5728710280382074,0.6899048024788499
ema,1952804984,qlstm,3,0.5712417348404415,0.6862353857140988
ema,1952804984,qlstm,4,0.5702070535626262,0.6833663817960769
ema,1952804984,qlstm,5,0.571701766748447,0.6835356499068439
ema,1952804984,qlstm,6,0.5710281587089412,0.6812736626015976
ema,1952804984,qlstm,7,0.5690396171412431,0.6789114674320444
ema,1952804984,qlstm,8,0.5711375690880232,0.6799240245018154
ema,1952804984,qlstm,9,0.5712957201176323,0.6797251658281311
ema,1952804984,qlstm,10,0.57266707503004,0.6809363343054429
ema,1952804984,qlstm,11,0.5707945767790079,0.6788983176229522
ema,1952804984,qlstm,12,0.571415689541027,0.6794919891981408
ema,1952804984,qlstm,13,0.5711981201311573,0.678830030374229
ema,1952804984,qlstm,14,0.5719848264125176,0.6794114415533841
ema,1952804984,qlstm,15,0.5721975332708098,0.6797884061234072
ema,1952804984,qlstm,16,0.5711893873522058,0.6784959915094078
ema,1952804984,qlstm,17,0.5707867970922962,0.6784482831135392
ema,1952804984,qlstm,18,0.572061403945554,0.6795029704226181
ema,1952804984,qlstm,19,0.571969082870055,0.6793889239197597
ema,1952804984,qlstm,20,0.5717829663190059,0.6795059510041028
ema,1952804984,qlstm,21,0.5711296310182661,0.6782206741627306
ema,1952804984,qlstm,22,0.5719047309248708,0.6791305829538032
ema,1952804984,qlstm,23,0.5709540226962417,0.6788266769144684
ema,1952804984,qlstm,24,0.5719350596191362,0.6793260148260742
ema,1952804984,qlstm,25,0.5737536391243339,0.6807075546821579
ema,1952804984,qlstm,26,0.5723441145964898,0.6790536328917369
ema,1952804984,qlstm,27,0.570872432901524,0.6780500521417707
ema,1952804984,qlstm,28,0.5718042262014933,0.6790154438931495
ema,1952804984,qlstm,29,0.5735210652346723,0.6804547960637137
ema,1952804984,qlstm,30,0.5722200188902207,0.6792642995715141
ema,1952804984,qlstm,31,0.5721236013923772,0.6791177529376
ema,1952804984,qslstm,0,3653.264126167225,0.5778549648821354
ema,1952804984,qslstm,1,20.1818086602143,0.5786770477425307
ema,1952804984,qslstm,2,38.067377150728134,0.571193017589394
ema,1952804984,qslstm,3,35.40402582776733,0.5706254374235868
ema,1952804984,qslstm,4,35.98955517783179,0.5688449644949287
ema,1952804984,qslstm,5,34.90566679366748,0.5759962634765543
ema,1952804984,qslstm,6,34.630384980671806,0.5754720486002043
ema,1952804984,qslstm,7,32.566094740876,0.5601696473895572
ema,1952804984,qslstm,8,30.389690456766402,0.5699984050006606
ema,1952804984,qslstm,9,28.895897692244034,0.5717490221140906
ema,1952804984,qslstm,10,28.90490218915511,0.5793562905746512
ema,1952804984,qslstm,11,30.549376722658053,0.5705341075081378
ema,1952804984,qslstm,12,30.57744432540494,0.5718436327879317
ema,1952804984,qslstm,13,29.589597780577606,0.5703174857189879
ema,1952804984,qslstm,14,30.307907549344236,0.5750767505960539
ema,1952804984,qslstm,15,30.82330634855316,0.5763975147856399
ema,1952804984,qslstm,16,32.60596544461441,0.5738201623898931
ema,1952804984,qslstm,17,33.473399633716326,0.5701632658601739
ema,1952804984,qslstm,18,33.347172657289775,0.5758401642669924
ema,1952804984,qslstm,19,34.078799161012284,0.5743520953692496
ema,1952804984,qslstm,20,33.875733366032364,0.5728631026577204
ema,1952804984,qslstm,21,31.93654042808339,0.5707993118558079
ema,1952804984,qslstm,22,31.061254668573383,0.5766348605975509
ema,1952804984,qslstm,23,33.56775788337109,0.5649673270527273
ema,1952804984,qslstm,24,31.61400638372288,0.5676878819940612
ema,1952804984,qslstm,25,29.089754118875135,0.5794689692556858
ema,1952804984,qslstm,26,29.117540949664544,0.5760208264691755
ema,1952804984,qslstm,27,31.424699936411344,0.565569540776778
ema,1952804984,qslstm,28,31.296988119982416,0.5682902539847419
ema,1952804984,qslstm,29,31.211281405354384,0.5794004119816236
ema,1952804984,qslstm,30,31.42719517511432,0.5735601385240443
ema,1952804984,qslstm,31,32.31161712811445,0.5722974262316711
ema,1952804984,qslstm_log,0,0.6826355651874638,0.622001142938742
ema,1952804984,qslstm_log,1,0.652424627594303,0.6196895670612547
ema,1952804984,qslstm_log,2,0.6515989877700313,0.6126933246451377
ema,1952804984,qslstm_log,3,0.6666881506756114,0.6129473298502074
ema,1952804984,qslstm_log,4,0.6511619381463625,0.6114873130585343
ema,1952804984,qslstm_log,5,0.6834025004108615,0.6174215325595367
ema,1952804984,qslstm_log,6,0.693694102510791,0.6170919862932791
ema,1952804984,qslstm_log,7,0.6110408548904844,0.6048646223945326
ema,1952804984,qslstm_log,8,0.657205867065926,0.6130933740450994
ema,1952804984,qslstm_log,9,0.6722729044429111,0.6143345681961683
ema,1952804984,qslstm_log,10,0.713532286752739,0.6202919300169809
ema,1952804984,qslstm_log,11,0.6748546447082323,0.6130069862237464
ema,1952804984,qslstm_log,12,0.674224642579919,0.6140371138662131
ema,1952804984,qslstm_log,13,0.661597750915185,0.6132139535496086
ema,1952804984,qslstm_log,14,0.6831410593615812,0.6170431342180975
ema,1952804984,qslstm_log,15,0.6969749286100785,0.6178777989567923
ema,1952804984,qslstm_log,16,0.6857278419658513,0.6157278723152658
ema,1952804984,qslstm_log,17,0.6645570293698695,0.6128061406828098
ema,1952804984,qslstm_log,18,0.6983082359811452,0.6175879008002183
ema,1952804984,qslstm_log,19,0.6854652153340586,0.6159407599043278
ema,1952804984,qslstm_log,20,0.6718249893895517,0.6146457500239277
ema,1952804984,qslstm_log,21,0.674877696161711,0.6134272955597082
ema,1952804984,qslstm_log,22,0.7000604049630262,0.6182143906617403
ema,1952804984,qslstm_log,23,0.6366087519046998,0.6084134770586899
ema,1952804984,qslstm_log,24,0.6515524793415202,0.6109895277424695
ema,1952804984,qslstm_log,25,0.7012210866116668,0.6204514973113422
ema,1952804984,qslstm_log,26,0.6953233879384966,0.617637971911881
ema,1952804984,qslstm_log,27,0.6421751802264095,0.6090980526821093
ema,1952804984,qslstm_log,28,0.6448092770613152,0.6113541663213506
ema,1952804984,qslstm_log,29,0.7064944382065581,0.6203472642754905
ema,1952804984,qslstm_log,30,0.6821135075744155,0.615475529725696
ema,1952804984,qslstm_log,31,0.675993591418931,0.6145035865747074
ema,1992756749,qlstm,0,0.5345719926990569,0.6850370923057199
ema,1992756749,qlstm,1,0.539001191209536,0.6813149090157822
ema,1992756749,qlstm,2,0.5412155352532864,0.6817347330506891
ema,1992756749,qlstm,3,0.536185861681588,0.6833970331354067
ema,1992756749,qlstm,4,0.5391760529601015,0.6809792917920277
ema,1992756749,qlstm,5,0.5375781340990216,0.6815866864053532
ema,1992756749,qlstm,6,0.5354655139963143,0.6821221052668989
ema,1992756749,qlstm,7,0.5352883244049735,0.6809376673772931
ema,1992756749,qlstm,8,0.5405461174668744,0.6779683283530176
ema,1992756749,qlstm,9,0.5365966000827029,0.6816058336989954
ema,1992756749,qlstm,10,0.537087659118697,0.6807865962618962
ema,1992756749,qlstm,11,0.5366121034603566,0.6804967083735391
ema,1992756749,qlstm,12,0.5332616840023547,0.6828338488703594
ema,1992756749,qlstm,13,0.5364187997765839,0.6809374702861533
ema,1992756749,qlstm,14,0.5403700329479761,0.6789238401688635
ema,1992756749,qlstm,15,0.5349085901398212,0.6817988374968991
ema,1992756749,qlstm,16,0.5384028166299686,0.6795177274616435
ema,1992756749,qlstm,17,0.5363925760029815,0.6797935536596924
ema,1992756749,qlstm,18,0.5349763461854309,0.6809176630340517
ema,1992756749,qlstm,19,0.5353567865095101,0.6795980710303411
ema,1992756749,qlstm,20,0.5371888536028564,0.6801906918408349
ema,1992756749,qlstm,21,0.5375287333736196,0.6801042307633907
ema,1992756749,qlstm,22,0.5366349201067351,0.6813331054290757
ema,1992756749,qlstm,23,0.5404930946533568,0.6793674675282091
ema,1992756749,qlstm,24,0.535885771329049,0.6806054817279801
ema,1992756749,qlstm,25,0.5354199121939018,0.68244479293935
ema,1992756749,qlstm,26,0.5387998441583477,0.6797555130906403
ema,1992756749,qlstm,27,0.5360499055241235,0.680628516478464
ema,1992756749,qlstm,28,0.5329357692971826,0.6825848061125726
ema,1992756749,qlstm,29,0.5367090421495959,0.680527925491333
ema,1992756749,qlstm,30,0.5320387069950812,0.6813693817239255
ema,1992756749,qlstm,31,0.5383078242302872,0.6794066394213587
ema,1992756749,qslstm,0,5.380580094850302,0.49191763903945684
ema,1992756749,qslstm,1,5.336355196363002,0.49177279125433415
ema,1992756749,qslstm,2,5.219710609548201,0.49359459517290816
ema,1992756749,qslstm,3,5.22026551606541,0.4920612742425874
ema,1992756749,qslstm,4,5.205290363568565,0.49347285920521244
ema,1992756749,qslstm,5,5.176847207168976,0.49313874897779897
ema,1992756749,qslstm,6,5.154863928215491,0.4933951240382157
ema,1992756749,qslstm,7,5.235152854162152,0.49287636193912476
ema,1992756749,qslstm,8,5.097228171602183,0.49415785033488646
ema,1992756749,qslstm,9,5.22293572313356,0.49341911711962894
ema,1992756749,qslstm,10,5.2157699476465496,0.4934115806245245
ema,1992756749,qslstm,11,5.1990294766874285,0.49351649708114564
ema,1992756749,qslstm,12,5.242194877548172,0.4924833396798931
ema,1992756749,qslstm,13,5.171113746397168,0.4937512878095731
ema,1992756749,qslstm,14,5.19943401845012,0.4945703346747905
ema,1992756749,qslstm,15,5.191011569595503,0.49328918929677457
ema,1992756749,qslstm,16,5.307348442838702,0.4932775574270636
ema,1992756749,qslstm,17,5.250891244597369,0.49286530510289595
ema,1992756749,qslstm,18,5.331514331195649,0.49192567757563666
ema,1992756749,qslstm,19,5.238376248862551,0.4923370454343967
ema,1992756749,qslstm,20,5.191216973142218,0.49318202678114176
ema,1992756749,qslstm,21,5.236214284228481,0.4930063546053134
ema,1992756749,qslstm,22,5.258245360073488,0.49306951789185405
ema,1992756749,qslstm,23,5.0969639824434125,0.49468741909367964
ema,1992756749,qslstm,24,5.214898123238527,0.49328804801916704
ema,1992756749,qslstm,25,5.15796344438786,0.49360934481956065
ema,1992756749,qslstm,26,5.200614575694999,0.4941427475423552
ema,1992756749,qslstm,27,5.240683203071967,0.49333824252244085
ema,1992756749,qslstm,28,5.286706916087496,0.4923596891458146
ema,1992756749,qslstm,29,5.186216158612297,0.49339581961976364
ema,1992756749,qslstm,30,5.259487295508734,0.4912512552109547
ema,1992756749,qslstm,31,5.301313950803888,0.49293002946069464
ema,1992756749,qslstm_log,0,0.8590266218192477,0.5020285582342436
ema,1992756749,qslstm_log,1,0.723680589311381,0.5106126158904585
ema,1992756749,qslstm_log,2,0.7361255343649208,0.5149521978411344
ema,1992756749,qslstm_log,3,0.7474436551602621,0.507938149283149
ema,1992756749,qslstm_log,4,0.7328343962717813,0.5125407500423118
ema,1992756749,qslstm_log,5,0.7387105194783827,0.5105436300172873
ema,1992756749,qslstm_log,6,0.7456148049171933,0.5087387540245245
ema,1992756749,qslstm_log,7,0.7291955322561605,0.5082204161583037
ema,1992756749,qslstm_log,8,0.7234155661582076,0.5150239391423141
ema,1992756749,qslstm_log,9,0.7447334856667438,0.5107641389293542
ema,1992756749,qslstm_log,10,0.7443351290798711,0.5111407930879196
ema,1992756749,qslstm_log,11,0.7395735356213702,0.5104966573512228
ema,1992756749,qslstm_log,12,0.7483908803198555,0.5068992006612629
ema,1992756749,qslstm_log,13,0.7371623690080558,0.5113793726172191
ema,1992756749,qslstm_log,14,0.7316637146372706,0.5153541731843115
ema,1992756749,qslstm_log,15,0.748209606855281,0.5089006034669148
ema,1992756749,qslstm_log,16,0.7302904776489505,0.5124688757206691
ema,1992756749,qslstm_log,17,0.730536815860575,0.5095370949762903
ema,1992756749,qslstm_log,18,0.7344106284184898,0.507516593083019
ema,1992756749,qslstm_log,19,0.7279254969131672,0.5080314464193715
ema,1992756749,qslstm_log,20,0.7358027969069928,0.5111813720801731
ema,1992756749,qslstm_log,21,0.7353571951689545,0.5109511219476884
ema,1992756749,qslstm_log,22,0.742010589988034,0.5104771372808405
ema,1992756749,qslstm_log,23,0.7456216834890335,0.5156695854315425
ema,1992756749,qslstm_log,24,0.7451650463863644,0.5092251175629471
ema,1992756749,qslstm_log,25,0.7565371066979016,0.5104483980501392
ema,1992756749,qslstm_log,26,0.7334553939854429,0.5137086425925164
ema,1992756749,qslstm_log,27,0.739612952791237,0.5096061635886406
ema,1992756749,qslstm_log,28,0.7430459342587525,0.5063614578136995
ema,1992756749,qslstm_log,29,0.7348070230954103,0.5112458559192117
ema,1992756749,qslstm_log,30,0.7288716471870154,0.504131323945499
ema,1992756749,qslstm_log,31,0.7264231840202933,0.5125853334576733
ema,2036585866,qlstm,0,0.5340875588590279,0.5821679420769215
ema,2036585866,qlstm,1,0.5325012274552137,0.5813106538262218
ema,2036585866,qlstm,2,0.5327554206014611,0.5841049973387271
ema,2036585866,qlstm,3,0.5312955468543805,0.5818083335179836
ema,2036585866,qlstm,4,0.5314739072928205,0.5802886411547661
ema,2036585866,qlstm,5,0.532432645035442,0.5848181376932189
ema,2036585866,qlstm,6,0.5315450702328235,0.5782042751088738
ema,2036585866,qlstm,7,0.5312971640960313,0.578865981195122
ema,2036585866,qlstm,8,0.5311799678602256,0.5807263102615252
ema,2036585866,qlstm,9,0.5311912201577798,0.5817871528561227
ema,2036585866,qlstm,10,0.5303485472686589,0.582880227768328
ema,2036585866,qlstm,11,0.5311028580181301,0.5832036231877282
ema,2036585866,qlstm,12,0.5309786156867631,0.5848534154356457
ema,2036585866,qlstm,13,0.5309569269302301,0.5856905916007236
ema,2036585866,qlstm,14,0.5315107464557514,0.5828066369285807
ema,2036585866,qlstm,15,0.5314762744819745,0.5824220731738023
ema,2036585866,qlstm,16,0.5309319270309061,0.5827448833733797
ema,2036585866,qlstm,17,0.5312008414766751,0.5818344758590683
ema,2036585866,qlstm,18,0.531794857524801,0.5778440159047022
ema,2036585866,qlstm,19,0.5304946845863014,0.5829522209241986
ema,2036585866,qlstm,20,0.5310004419879988,0.5838541993871331
ema,2036585866,qlstm,21,0.5304535629693419,0.575877720140852
ema,2036585866,qlstm,22,0.5305619820719585,0.5811639972380362
ema,2036585866,qlstm,23,0.5310749367927201,0.5763177746557631
ema,2036585866,qlstm,24,0.5300306314602494,0.5839698381605558
ema,2036585866,qlstm,25,0.5304160911473446,0.5865311361849308
ema,2036585866,qlstm,26,0.5314137774985284,0.5858612944139168
ema,2036585866,qlstm,27,0.5309402309940197,0.5810065743280575
ema,2036585866,qlstm,28,0.5316379668656737,0.5815427509369329
ema,2036585866,qlstm,29,0.531001121038571,0.5818605719832703
ema,2036585866,qlstm,30,0.5309060355066322,0.5831399884191342
ema,2036585866,qlstm,31,0.5302812049048953,0.5839572053519078
ema,2036585866,qslstm,0,33.707592451733944,0.6830872616264969
ema,2036585866,qslstm,1,4.995259139377595,0.6829407171462663
ema,2036585866,qslstm,2,5.979187235858262,0.6822871293406934
ema,2036585866,qslstm,3,5.886900744932063,0.6849102663691156
ema,2036585866,qslstm,4,5.9868042617235915,0.6824058201164007
ema,2036585866,qslstm,5,6.0372655024439155,0.6804023137083277
ema,2036585866,qslstm,6,5.980507323318307,0.6793181783286855
ema,2036585866,qslstm,7,6.063032944734005,0.6805390615481883
ema,2036585866,qslstm,8,5.974896817762783,0.6816246988018975
ema,2036585866,qslstm,9,6.017368836277456,0.6817857275600545
ema,2036585866,qslstm,10,5.876635547905607,0.6859250189736485
ema,2036585866,qslstm,11,5.992059093303396,0.6824327323120087
ema,2036585866,qslstm,12,5.90354941260739,0.6841417452669702
ema,2036585866,qslstm,13,6.012048044147377,0.6845209512393922
ema,2036585866,qslstm,14,6.0723199647,0.6809104882413521
ema,2036585866,qslstm,15,6.106295992783998,0.6809455907787196
ema,2036585866,qslstm,16,6.090058400823182,0.6834318682085723
ema,2036585866,qslstm,17,6.029830917810614,0.6822117856354453
ema,2036585866,qslstm,18,6.175360544220894,0.6770845320424996
ema,2036585866,qslstm,19,6.045829512600903,0.6852668328792788
ema,2036585866,qslstm,20,6.023092911342246,0.6832905352348462
ema,2036585866,qslstm,21,6.0266514139584615,0.6812556345830671
ema,2036585866,qslstm,22,6.040733237256063,0.6838126340298913
ema,2036585866,qslstm,23,6.099238780312589,0.6788034323835745
ema,2036585866,qslstm,24,5.859139556352602,0.6875741681433283
ema,2036585866,qslstm,25,5.830185241124127,0.6869592136936262
ema,2036585866,qslstm,26,5.935686220098432,0.6824441929347813
ema,2036585866,qslstm,27,5.954644844045106,0.6816819426603615
ema,2036585866,qslstm,28,6.152317662523274,0.6791969755431637
ema,2036585866,qslstm,29,6.054412410885561,0.6822578218998387
ema,2036585866,qslstm,30,6.077945925342647,0.6833948908024468
ema,2036585866,qslstm,31,5.954100107319391,0.6863671504543163
ema,266064982,qlstm,0,0.48518053244333714,0.5901063896017149
ema,266064982,qlstm,1,0.48906789533793926,0.5913810600759462
ema,266064982,qlstm,2,0.49014802230522037,0.5919516758294776
ema,266064982,qlstm,3,0.4880953396204859,0.5880707599571906
ema,266064982,qlstm,4,0.488492441654671,0.588493365328759
ema,266064982,qlstm,5,0.4869673259672709,0.5862442969228141
ema,266064982,qlstm,6,0.4876475823693909,0.5875386145198718
ema,266064982,qlstm,7,0.48876006534555927,0.5886527259717695
ema,266064982,qlstm,8,0.48732665920397267,0.5867833607480861
ema,266064982,qlstm,9,0.48853899718960747,0.5888927316409536
ema,266064982,qlstm,10,0.49282004742417485,0.5937195995938964
ema,266064982,qlstm,11,0.4896737738745287,0.5883719474077225
ema,266064982,qlstm,12,0.48681940441019833,0.5853001162759028
ema,266064982,qlstm,13,0.489148159918841,0.5892589611466974
ema,266064982,qlstm,14,0.48886457935441285,0.5876210828428157
ema,266064982,qlstm,15,0.48996768752112985,0.5893957698135637
ema,266064982,qlstm,16,0.4879689656663686,0.5870379155385308
ema,266064982,qlstm,17,0.4913135953829624,0.5920314111281186
ema,266064982,qlstm,18,0.49022111715748906,0.5896172458888032
ema,266064982,qlstm,19,0.489141286292579,0.5878201738232747
ema,266064982,qlstm,20,0.48925923625938594,0.5879520140588284
ema,266064982,qlstm,21,0.4867965876474045,0.5857012954656966
ema,266064982,qlstm,22,0.48825087974546477,0.5883035021834075
ema,266064982,qlstm,23,0.4892411511973478,0.5888524625333957
ema,266064982,qlstm,24,0.49100637721130624,0.5909560911823064
ema,266064982,qlstm,25,0.49089991237269714,0.5899340661708266
ema,266064982,qlstm,26,0.4893906023353338,0.5882176633458585
ema,266064982,qlstm,27,0.4926835914957337,0.5927164238528349
ema,266064982,qlstm,28,0.49207674741046503,0.5907245679409243
ema,266064982,qlstm,29,0.4904406004352495,0.5884419682552107
ema,266064982,qlstm,30,0.4884997640619986,0.5864228992722929
ema,266064982,qlstm,31,0.4881453091511503,0.5871287465561181
ema,266064982,qslstm,0,5.8126825205460335,0.4731914648436941
ema,266064982,qslstm,1,6.212041166483672,0.47042254981352016
ema,266064982,qslstm,2,5.8531848883464335,0.4719586073188111
ema,266064982,qslstm,3,5.56427038284162,0.4655785177019425
ema,266064982,qslstm,4,5.832474018910631,0.4661283560562879
ema,266064982,qslstm,5,5.503457696621723,0.4625662415055558
ema,266064982,qslstm,6,5.490727748862618,0.46460542612476274
ema,266064982,qslstm,7,5.667202824687166,0.4657557946629822
ema,266064982,qslstm,8,5.429454158972039,0.46353636065032333
ema,266064982,qslstm,9,5.7806767253806655,0.46692881791386753
ema,266064982,qslstm,10,6.175032895090915,0.47366033255821094
ema,266064982,qslstm,11,6.0515808527492965,0.4666697674547322
ema,266064982,qslstm,12,5.195020298384307,0.46330082160420716
ema,266064982,qslstm,13,5.5747427912473455,0.46869396639522165
ema,266064982,qslstm,14,5.820609437727256,0.46524672175291926
ema,266064982,qslstm,15,5.880212078825579,0.46733196289278567
ema,266064982,qslstm,16,5.8917726090670115,0.4648534684092738
ema,266064982,qslstm,17,5.7853568069178465,0.4732086948934011
ema,266064982,qslstm,18,5.476229260008765,0.4692644131137058
ema,266064982,qslstm,19,5.766079021813212,0.46583312103757635
ema,266064982,qslstm,20,6.06214617526053,0.46498086291830987
ema,266064982,qslstm,21,5.121712744772424,0.46343572973273695
ema,266064982,qslstm,22,5.310874642591578,0.4673272529616952
ema,266064982,qslstm,23,6.219128669226315,0.46709671756252646
ema,266064982,qslstm,24,5.943547042463443,0.47112392040435225
ema,266064982,qslstm,25,5.9330846206521315,0.46903069195104763
ema,266064982,qslstm,26,5.679874497340627,0.4669108873931691
ema,266064982,qslstm,27,6.122563512847947,0.47354360128520057
ema,266064982,qslstm,28,6.387163690148974,0.4705311809084378
ema,266064982,qslstm,29,5.985863464679369,0.4676626560976729
ema,266064982,qslstm,30,5.609946191462775,0.4644118477590382
ema,266064982,qslstm,31,5.686130139958166,0.4656227330560796
ema,435874469,qlstm,0,0.4528401216957718,0.5677792154019699
ema,435874469,qlstm,1,0.4536335124867037,0.5676614783005789
ema,435874469,qlstm,2,0.453769811661914,0.5674568243557587
ema,435874469,qlstm,3,0.4535654106293805,0.5648568211472593
ema,435874469,qlstm,4,0.4536864348920062,0.5649678126792423
ema,435874469,qlstm,5,0.45410741737578064,0.5649144763592631
ema,435874469,qlstm,6,0.4543364772107452,0.5712341578328051
ema,435874469,qlstm,7,0.45482239656848833,0.5664271566784009
ema,435874469,qlstm,8,0.45507977582747117,0.568043889128603
ema,435874469,qlstm,9,0.45584246615180746,0.5682477712398395
ema,435874469,qlstm,10,0.454106725694146,0.5663493935135193
ema,435874469,qlstm,11,0.45418765721842647,0.5652661753701977
ema,435874469,qlstm,12,0.4545185664319433,0.5674274622579105
ema,435874469,qlstm,13,0.45436653529759496,0.5666094177286141
ema,435874469,qlstm,14,0.45389418257400393,0.568507149873767
ema,435874469,qlstm,15,0.4551071557216346,0.5689081042655744
ema,435874469,qlstm,16,0.4551588473841548,0.5671903890324757
ema,435874469,qlstm,17,0.4542656713165343,0.5654980319668539
ema,435874469,qlstm,18,0.4551291433745064,0.5698053236701526
ema,435874469,qlstm,19,0.4550424359040335,0.5708761444548145
ema,435874469,qlstm,20,0.4557696711272001,0.5683844696031883
ema,435874469,qlstm,21,0.45455250126542524,0.566559411410708
ema,435874469,qlstm,22,0.45459474256495014,0.5681487655965611
ema,435874469,qlstm,23,0.455162258062046,0.5678798775188625
ema,435874469,qlstm,24,0.4554262454621494,0.5672055159229785
ema,435874469,qlstm,25,0.4540139373857528,0.5647038873867132
ema,435874469,qlstm,26,0.45479867252288386,0.568908667890355
ema,435874469,qlstm,27,0.45459214434958994,0.5673266596277244
ema,435874469,qlstm,28,0.4554933536564931,0.5687450039549731
ema,435874469,qlstm,29,0.45496100990567356,0.5651439583743922
ema,435874469,qlstm,30,0.4552522611920722,0.5681165239657275
ema,435874469,qlstm,31,0.455383102002088,0.5697931182803586
ema,435874469,qslstm,0,17.50586009939434,0.4799759199959226
ema,435874469,qslstm,1,8.086507712723687,0.48048877459950745
ema,435874469,qslstm,2,7.962453489715699,0.48203425167594105
ema,435874469,qslstm,3,6.184144193364773,0.47885333199519664
ema,435874469,qslstm,4,5.161596828722395,0.47909190092468634
ema,435874469,qslstm,5,7.538545162475202,0.4773909170180559
ema,435874469,qslstm,6,9.797273698088247,0.4865339521202259
ema,435874469,qslstm,7,7.49111190327676,0.47793430951423943
ema,435874469,qslstm,8,8.380655565415509,0.48094319365918636
ema,435874469,qslstm,9,7.752335344441235,0.4780104383244179
ema,435874469,qslstm,10,6.560999365116004,0.4807202416122891
ema,435874469,qslstm,11,7.619602256745566,0.4787886450649239
ema,435874469,qslstm,12,7.139954333077185,0.4811164398561232
ema,435874469,qslstm,13,6.281438409641851,0.4796276862616651
ema,435874469,qslstm,14,6.263933589740191,0.483412463509012
ema,435874469,qslstm,15,7.354343445855193,0.4810376203386113
ema,435874469,qslstm,16,6.440617706335615,0.4800117188715376
ema,435874469,qslstm,17,6.147402707254514,0.47909887065179646
ema,435874469,qslstm,18,8.252506147546228,0.482708471827209
ema,435874469,qslstm,19,8.434360706596635,0.4852221523760818
ema,435874469,qslstm,20,7.872272046864964,0.4802135164500214
ema,435874469,qslstm,21,6.6022286374354735,0.480836549133528
ema,435874469,qslstm,22,6.499583525990602,0.4824092312483117
ema,435874469,qslstm,23,7.5317638262640685,0.479550416697748
ema,435874469,qslstm,24,7.130647536367178,0.4789671965991147
ema,435874469,qslstm,25,6.1524837235338055,0.4780673224013299
ema,435874469,qslstm,26,7.975242426036857,0.48215292947134003
ema,435874469,qslstm,27,5.882766929513309,0.4815355605678633
ema,435874469,qslstm,28,7.864015149418265,0.48099821829237044
ema,435874469,qslstm,29,6.586601674905978,0.47701204888289794
ema,435874469,qslstm,30,7.802941974834539,0.4805870683048852
ema,435874469,qslstm,31,8.469289429544006,0.4828773764311336
ema,484324222,qlstm,0,0.551204135583248,0.6404553066240624
ema,484324222,qlstm,1,0.5490548044908792,0.6334739575977437
ema,484324222,qlstm,2,0.5466999162454158,0.6396682645427063
ema,484324222,qlstm,3,0.5457950070267543,0.6414037412614562
ema,484324222,qlstm,4,0.545354939007666,0.6386675281100906
ema,484324222,qlstm,5,0.5453396509983577,0.6312435523141176
ema,484324222,qlstm,6,0.5445177559740841,0.6397635361645371
ema,484324222,qlstm,7,0.544687052257359,0.6342001589946449
ema,484324222,qlstm,8,0.5444576242589392,0.632844197913073
ema,484324222,qlstm,9,0.5450849130866118,0.6297286733752117
ema,484324222,qlstm,10,0.5439924074453302,0.6358815041021444
ema,484324222,qlstm,11,0.5438596521853469,0.6377569954493083
ema,484324222,qlstm,12,0.5437863294500858,0.6384288942208514
ema,484324222,qlstm,13,0.5442026329692453,0.6350829075090587
ema,484324222,qlstm,14,0.544060216343496,0.6368249878869392
ema,484324222,qlstm,15,0.5446035382919945,0.6334569987375289
ema,484324222,qlstm,16,0.544555076805409,0.6319808358093724
ema,484324222,qlstm,17,0.5441475281841122,0.6310212541138753
ema,484324222,qlstm,18,0.5441880347207189,0.6340426108217798
ema,484324222,qlstm,19,0.5438583433278836,0.6347189386724494
ema,484324222,qlstm,20,0.5438953571720049,0.6348598486511037
ema,484324222,qlstm,21,0.5439132201718166,0.6364312474033795
ema,484324222,qlstm,22,0.5436637414386496,0.640584587061312
ema,484324222,qlstm,23,0.5443881978862919,0.6335712957079522
ema,484324222,qlstm,24,0.5444117761217058,0.6343890918069519
ema,484324222,qlstm,25,0.5440764516824856,0.6338746145484038
ema,484324222,qlstm,26,0.5442914590239525,0.6322363028884865
ema,484324222,qlstm,27,0.5438187296967953,0.6359794979798608
ema,484324222,qlstm,28,0.5437099917326123,0.6341246232623234
ema,484324222,qlstm,29,0.5438169126864523,0.6394244919647463
ema,484324222,qlstm,30,0.5438823670847341,0.6365111381746829
ema,484324222,qlstm,31,0.5445446677622385,0.6354402957949787
ema,484324222,qslstm,0,1.9849525202353107,0.4902207961422391
ema,484324222,qslstm,1,1.8256546197617354,0.4911343312705867
ema,484324222,qslstm,2,1.9070813206233197,0.4925879351212643
ema,484324222,qslstm,3,1.9583071705787916,0.49341875314712524
ema,484324222,qslstm,4,1.9296176709866586,0.494166366988793
ema,484324222,qslstm,5,1.883391950171358,0.4952504573739134
ema,484324222,qslstm,6,1.9623953323673504,0.4944554045214318
ema,484324222,qslstm,7,1.9110771387515797,0.49493365245871246
ema,484324222,qslstm,8,1.9110390842697598,0.4961880971095525
ema,484324222,qslstm,9,1.9214060325540459,0.4931136505911127
ema,484324222,qslstm,10,1.9456156699975509,0.4949069467256777
ema,484324222,qslstm,11,1.9545506792160268,0.49440317967673764
ema,484324222,qslstm,12,1.954755474379681,0.49483468977268785
ema,484324222,qslstm,13,1.9315487468027186,0.4950663211639039
ema,484324222,qslstm,14,1.9317747446236808,0.4949000350316055
ema,484324222,qslstm,15,1.915804096227248,0.49401037744246423
ema,484324222,qslstm,16,1.9146403363949958,0.4943829980911687
ema,484324222,qslstm,17,1.897781281011703,0.49602562765358016
ema,484324222,qslstm,18,1.938378802172565,0.49420323997037485
ema,484324222,qslstm,19,1.9370477492193459,0.49555375409545377
ema,484324222,qslstm,20,1.9424353536227272,0.49481005064444616
ema,484324222,qslstm,21,1.9555465275070674,0.4948405157774687
ema,484324222,qslstm,22,1.9831996541370245,0.49454466853057966
ema,484324222,qslstm,23,1.9208714114481609,0.49425672460347414
ema,484324222,qslstm,24,1.9328346379128334,0.4944304788368754
ema,484324222,qslstm,25,1.9111182952520949,0.49577719176886603
ema,484324222,qslstm,26,1.914525338457338,0.4955163322156295
ema,484324222,qslstm,27,1.9379505955148488,0.49619244231143966
ema,484324222,qslstm,28,1.9176041744690338,0.49641902884468436
ema,484324222,qslstm,29,1.9706855555657512,0.4940453467424959
ema,484324222,qslstm,30,1.9235783994354279,0.4955468729021959
ema,484324222,qslstm,31,1.9447048403969802,0.4932297561317682
ema,484324222,qslstm_log,0,1.2572243481107996,0.47893131068051387
ema,484324222,qslstm_log,1,1.2407226875580684,0.4815635649818937
ema,484324222,qslstm_log,2,1.246157723314432,0.4814341063121205
ema,484324222,qslstm_log,3,1.266089399325925,0.48122713843177967
ema,484324222,qslstm_log,4,1.244149447102779,0.4817733037616746
ema,484324222,qslstm_log,5,1.2152645168562721,0.48250588912995085
ema,484324222,qslstm_log,6,1.2605026613905315,0.4811171354420337
ema,484324222,qslstm_log,7,1.2411199565284088,0.4820009855029678
ema,484324222,qslstm_log,8,1.2328261822391937,0.48284789212863966
ema,484324222,qslstm_log,9,1.2320146706813753,0.48030900674430815
ema,484324222,qslstm_log,10,1.2681501065838467,0.4816095697593352
ema,484324222,qslstm_log,11,1.2608252543664835,0.48145312106406524
ema,484324222,qslstm_log,12,1.26493574440588,0.48188084116237173
ema,484324222,qslstm_log,13,1.2597431197137978,0.48217848757404447
ema,484324222,qslstm_log,14,1.2511308136554113,0.4819283169198585
ema,484324222,qslstm_log,15,1.234847850214396,0.48119614759116225
ema,484324222,qslstm_log,16,1.2438803858353031,0.48130918515406174
ema,484324222,qslstm_log,17,1.2466559283766019,0.48293425118641115
ema,484324222,qslstm_log,18,1.25669467578558,0.48114128932805245
ema,484324222,qslstm_log,19,1.2517807415622686,0.48236081680136467
ema,484324222,qslstm_log,20,1.2665559943484592,0.4817916292266121
ema,484324222,qslstm_log,21,1.258190346495716,0.48171448885693985
ema,484324222,qslstm_log,22,1.2661535484524753,0.48143474814496534
ema,484324222,qslstm_log,23,1.2466686134066383,0.48145804697264055
ema,484324222,qslstm_log,24,1.2635325288254766,0.4812217843429632
ema,484324222,qslstm_log,25,1.2369842497762522,0.48251162065545083
ema,484324222,qslstm_log,26,1.2366977464685491,0.4823019615421474
ema,484324222,qslstm_log,27,1.249259274859482,0.48282056573138854
ema,484324222,qslstm_log,28,1.2576081076311927,0.483327953379227
ema,484324222,qslstm_log,29,1.2812123595780516,0.4809047011017289
ema,484324222,qslstm_log,30,1.250240317350446,0.48248645879810903
ema,484324222,qslstm_log,31,1.2477808185816632,0.48025115645271343
ema,83453494,qlstm,0,0.4360059899627231,0.703920986270532
ema,83453494,qlstm,1,0.4379849436809309,0.7023538703797385
ema,83453494,qlstm,2,0.4353548997314647,0.7021515591768548
ema,83453494,qlstm,3,0.43329216341953725,0.7025305281858891
ema,83453494,qlstm,4,0.43721687205834314,0.6998270696494728
ema,83453494,qlstm,5,0.43245058896718547,0.7013816555263475
ema,83453494,qlstm,6,0.4369239461957477,0.699167464277707
ema,83453494,qlstm,7,0.4351050892728381,0.6993540591793135
ema,83453494,qlstm,8,0.43849840317852795,0.6977582577383146
ema,83453494,qlstm,9,0.43512494245078415,0.6991486470215023
ema,83453494,qlstm,10,0.4349282296607271,0.6990347496466711
ema,83453494,qlstm,11,0.43664757325313985,0.6983714362140745
ema,83453494,qlstm,12,0.43466116103809327,0.6988916889531538
ema,83453494,qlstm,13,0.43666002672398463,0.6976636943873018
ema,83453494,qlstm,14,0.43383338022977114,0.6990906639257446
ema,83453494,qlstm,15,0.43364939582534134,0.6993160082492977
ema,83453494,qlstm,16,0.4342111323494464,0.6992581388913095
ema,83453494,qlstm,17,0.4363399403518997,0.6978979462292045
ema,83453494,qlstm,18,0.4356604404747486,0.6978717161109671
ema,83453494,qlstm,19,0.4306963995913975,0.6997467362089083
ema,83453494,qlstm,20,0.4318051500013098,0.6995009942911565
ema,83453494,qlstm,21,0.43425134604331106,0.698502536281012
ema,83453494,qlstm,22,0.4313681210624054,0.7001423065084964
ema,83453494,qlstm,23,0.43387257819995284,0.6991661263164133
ema,83453494,qlstm,24,0.42965268658008426,0.7015078448457643
ema,83453494,qlstm,25,0.43480342108523473,0.6993320295587182
ema,83453494,qlstm,26,0.4369067192892544,0.6982093469705433
ema,83453494,qlstm,27,0.43758904800051823,0.6978467223234475
ema,83453494,qlstm,28,0.43475314090028405,0.6988310894230381
ema,83453494,qlstm,29,0.43865808827104047,0.6972662005573511
ema,83453494,qlstm,30,0.4335817884420976,0.6994566471548751
ema,83453494,qlstm,31,0.44043758884072304,0.6964502775808796
ema,83453494,qslstm,0,13.496198586130049,0.42892314319033176
ema,83453494,qslstm,1,10.619178966007894,0.42867012944770977
ema,83453494,qslstm,2,12.384216833073879,0.4260393609292805
ema,83453494,qslstm,3,14.81961156570469,0.42939203284913674
ema,83453494,qslstm,4,13.56202999598463,0.42248933034716174
ema,83453494,qslstm,5,15.173579357506242,0.4294247548095882
ema,83453494,qslstm,6,13.683510352915619,0.4239144043531269
ema,83453494,qslstm,7,16.275753193243872,0.42570047406479716
ema,83453494,qslstm,8,12.250815783423604,0.4214039603830315
ema,83453494,qslstm,9,15.80074615436024,0.4255084684700705
ema,83453494,qslstm,10,11.597992984374287,0.4217138880630955
ema,83453494,qslstm,11,16.153515228943434,0.4247218605596572
ema,83453494,qslstm,12,12.12232746250811,0.4221894012298435
ema,83453494,qslstm,13,14.576297194929793,0.4197842942085117
ema,83453494,qslstm,14,16.33184258226538,0.426586837915238
ema,83453494,qslstm,15,15.394255909777712,0.4253646239521913
ema,83453494,qslstm,16,11.546344825736014,0.42505853943293914
ema,83453494,qslstm,17,10.318115138419671,0.4188526981160976
ema,83453494,qslstm,18,13.844993088277988,0.4191498155705631
ema,83453494,qslstm,19,8.878553702437785,0.42338766710599884
ema,83453494,qslstm,20,11.590570535685401,0.4239971585338935
ema,83453494,qslstm,21,14.201713828602806,0.42504457192262635
ema,83453494,qslstm,22,16.078506824123906,0.4273780650109984
ema,83453494,qslstm,23,13.993112009891775,0.4239702762570232
ema,83453494,qslstm,24,18.060160511900904,0.42980741371866316
ema,83453494,qslstm,25,16.506843775947345,0.4247154692420736
ema,83453494,qslstm,26,17.769322733569425,0.4239406483247876
ema,83453494,qslstm,27,15.30481012337259,0.422602110193111
ema,83453494,qslstm,28,11.71071789774578,0.4227038705139421
ema,83453494,qslstm,29,15.420534370729001,0.4225653393077664
ema,83453494,qslstm,30,17.315391583746532,0.42705242394004017
ema,83453494,qslstm,31,10.65340395711246,0.4196979922708124
ema,867702092,qlstm,0,0.40733494667802006,0.6118076770217158
ema,867702092,qlstm,1,0.4094171646866016,0.6097580780042335
ema,867702092,qlstm,2,0.410734887002036,0.6080657580750994
ema,867702092,qlstm,3,0.41183414665283635,0.6064696760731749
ema,867702092,qlstm,4,0.41236306581413373,0.6091227616998367
ema,867702092,qlstm,5,0.41300044290255755,0.6035175796132535
ema,867702092,qlstm,6,0.41327488055685535,0.6030980695504695
ema,867702092,qlstm,7,0.41301602724706754,0.6058860126067884
ema,867702092,qlstm,8,0.4118210039450787,0.6090462417341769
ema,867702092,qlstm,9,0.4124573061708361,0.6081169158569537
ema,867702092,qlstm,10,0.4115283967112191,0.6071361302747391
ema,867702092,qlstm,11,0.4130658161593601,0.6021705357125029
ema,867702092,qlstm,12,0.41080213466193527,0.6105139363789931
ema,867702092,qlstm,13,0.41288253001403064,0.6072781913098879
ema,867702092,qlstm,14,0.4127502673654817,0.6089392105932347
ema,867702092,qlstm,15,0.413998686184641,0.6015040408819914
ema,867702092,qlstm,16,0.4112177533679642,0.6105565384496003
ema,867702092,qlstm,17,0.412303835444618,0.6094891384709626
ema,867702092,qlstm,18,0.4131480993819423,0.6053599747829139
ema,867702092,qlstm,19,0.41240836039651185,0.6096191345714033
ema,867702092,qlstm,20,0.41386034165043384,0.6017547662486322
ema,867702092,qlstm,21,0.4129432406043634,0.6045903169433586
ema,867702092,qlstm,22,0.41191835585050285,0.6074785548844375
ema,867702092,qlstm,23,0.4129903292050585,0.6056732491124421
ema,867702092,qlstm,24,0.41396605846239254,0.6041824455023743
ema,867702092,qlstm,25,0.41243536409456283,0.6062172835227102
ema,867702092,qlstm,26,0.4117495648097247,0.60915643296903
ema,867702092,qlstm,27,0.41264373320154846,0.6077478336519562
ema,867702092,qlstm,28,0.41306859109317884,0.6043907436542213
ema,867702092,qlstm,29,0.41159753646934405,0.6099320371286012
ema,867702092,qlstm,30,0.4120770181179978,0.6046067187562585
ema,867702092,qlstm,31,0.4103139564394951,0.6090364940464497
ema,867702092,qslstm,0,6.35325358882983,0.4947875739308074
ema,867702092,qslstm,1,5.451729951342713,0.49506380897946656
ema,867702092,qslstm,2,5.435320695975861,0.49572332960087806
ema,867702092,qslstm,3,5.4141679335753,0.4948400894063525
ema,867702092,qslstm,4,5.413002589061534,0.4959475339273922
ema,867702092,qslstm,5,5.328081442918119,0.4956163984606974
ema,867702092,qslstm,6,5.309081496363433,0.4957855606335215
ema,867702092,qslstm,7,5.356528686825186,0.4965212416718714
ema,867702092,qslstm,8,5.2998381537222485,0.49848975642817095
ema,867702092,qslstm,9,5.3450092571520145,0.4974013898172416
ema,867702092,qslstm,10,5.339531248076128,0.4982742749270983
ema,867702092,qslstm,11,5.213759688612299,0.49628475517965853
ema,867702092,qslstm,12,5.3026340833012,0.49999395303893834
ema,867702092,qslstm,13,5.3739684110423696,0.4967902622302063
ema,867702092,qslstm,14,5.340297156409179,0.49695899337530136
ema,867702092,qslstm,15,5.264319890819024,0.49456858035409823
ema,867702092,qslstm,16,5.243984431221179,0.49959293397841975
ema,867702092,qslstm,17,5.368763328348905,0.49760924390284345
ema,867702092,qslstm,18,5.237128317229235,0.4960436790715903
ema,867702092,qslstm,19,5.290143669353711,0.49742503074230626
ema,867702092,qslstm,20,5.190486199827319,0.4947804372641258
ema,867702092,qslstm,21,5.18477547782004,0.4965022950200364
ema,867702092,qslstm,22,5.295535195465163,0.49803349672583863
ema,867702092,qslstm,23,5.352280839952073,0.49631432216847315
ema,867702092,qslstm,24,5.29061293641962,0.4951898452709429
ema,867702092,qslstm,25,5.302799008427428,0.4974655181868002
ema,867702092,qslstm,26,5.368218392424751,0.4985275416984223
ema,867702092,qslstm,27,5.392577384152446,0.49697493482381105
ema,867702092,qslstm,28,5.2755943709798885,0.4962969717453234
ema,867702092,qslstm,29,5.374687550910494,0.4987975931726396
ema,867702092,qslstm,30,5.226446026056692,0.49763134971726686
ema,867702092,qslstm,31,5.279829028405402,0.5006499463925138
ema,867702092,qslstm_log,0,4.698993614713888,0.46806116665715414
ema,867702092,qslstm_log,1,2.221077521971951,0.46765204743339667
ema,867702092,qslstm_log,2,2.2346483617820336,0.467196783311873
ema,867702092,qslstm_log,3,2.218384839824514,0.4658362536905632
ema,867702092,qslstm_log,4,2.187711361549752,0.46722548438209943
ema,867702092,qslstm_log,5,2.1814686120542177,0.46582452502479876
ema,867702092,qslstm_log,6,2.2068879232349254,0.4656552265639927
ema,867702092,qslstm_log,7,2.196081541800701,0.46678110007526363
ema,867702092,qslstm_log,8,2.190517197840685,0.46917170519526274
ema,867702092,qslstm_log,9,2.224190469913423,0.46788520367085246
ema,867702092,qslstm_log,10,2.2076395895645424,0.46852575200682256
ema,867702092,qslstm_log,11,2.186642765469199,0.4657835181559685
ema,867702092,qslstm_log,12,2.178976016334146,0.47062358279134575
ema,867702092,qslstm_log,13,2.2112125429190583,0.46722332237979247
ema,867702092,qslstm_log,14,2.1890379624334955,0.4678381326641838
ema,867702092,qslstm_log,15,2.1804592158889466,0.46440923320492444
ema,867702092,qslstm_log,16,2.174202236921295,0.47048376285981963
ema,867702092,qslstm_log,17,2.20819905037066,0.4684254622640127
ema,867702092,qslstm_log,18,2.182230310308671,0.4663950077740327
ema,867702092,qslstm_log,19,2.188205076182798,0.468413546170451
ema,867702092,qslstm_log,20,2.176808541539926,0.4646933077632255
ema,867702092,qslstm_log,21,2.172695507619274,0.46646829987262717
ema,867702092,qslstm_log,22,2.1868560364600587,0.4683160377473857
ema,867702092,qslstm_log,23,2.198577847534115,0.4665831734344657
ema,867702092,qslstm_log,24,2.1800987016087694,0.4652955092678967
ema,867702092,qslstm_log,25,2.181130270631983,0.4676079809212049
ema,867702092,qslstm_log,26,2.205264806967601,0.46905549073769337
ema,867702092,qslstm_log,27,2.2044410408343498,0.467562524813523
ema,867702092,qslstm_log,28,2.176322771705591,0.4663717653962588
ema,867702092,qslstm_log,29,2.197591494061693,0.4694993965789559
ema,867702092,qslstm_log,30,2.1841304312352134,0.4675240944884747
ema,867702092,qslstm_log,31,2.185125877982247,0.47097951257279747
ema,88159254,qlstm,0,0.4583994829445146,0.7177866727579385
ema,88159254,qlstm,1,0.45521835662657395,0.7181028607301414
ema,88159254,qlstm,2,0.45474060613196343,0.717196732875891
ema,88159254,qlstm,3,0.45119417406385764,0.7170928780687973
ema,88159254,qlstm,4,0.4552196262520738,0.7156851179897785
ema,88159254,qlstm,5,0.4509520120918751,0.7156690132105723
ema,88159254,qlstm,6,0.4544806134654209,0.7143943915143609
ema,88159254,qlstm,7,0.45373500243294984,0.714001196087338
ema,88159254,qlstm,8,0.45106127561302856,0.7147050094790757
ema,88159254,qlstm,9,0.4465752611286007,0.71657094580587
ema,88159254,qlstm,10,0.44840653956634924,0.7155868306290358
ema,88159254,qlstm,11,0.45099535764893517,0.7148923561908305
ema,88159254,qlstm,12,0.4491890919744037,0.7154396737460047
ema,88159254,qlstm,13,0.45054543437436223,0.7148001592140645
ema,88159254,qlstm,14,0.4464053334086202,0.7168502648128197
ema,88159254,qlstm,15,0.45291194488527253,0.7143758215242997
ema,88159254,qlstm,16,0.45119274785974994,0.7151483537163585
ema,88159254,qlstm,17,0.45090377470478415,0.7148275008657947
ema,88159254,qlstm,18,0.4482811162015423,0.7159715228481218
ema,88159254,qlstm,19,0.45082695106975734,0.7148483962519094
ema,88159254,qlstm,20,0.45029473258182406,0.7152551184408367
ema,88159254,qlstm,21,0.4535810769884847,0.7138368086889386
ema,88159254,qlstm,22,0.44857318565482274,0.7149874693714082
ema,88159254,qlstm,23,0.4512312108417973,0.7142989580752328
ema,88159254,qlstm,24,0.44932442664867267,0.7150191838154569
ema,88159254,qlstm,25,0.4547157015185803,0.7131473844638094
ema,88159254,qlstm,26,0.44831386930309236,0.7152732572285458
ema,88159254,qlstm,27,0.4501176340854727,0.7147818440571427
ema,88159254,qlstm,28,0.4537811797345057,0.7132092091487721
ema,88159254,qlstm,29,0.4476331434561871,0.7156814428744838
ema,88159254,qlstm,30,0.4528782338020392,0.7136805761838332
ema,88159254,qlstm,31,0.4488037890405394,0.7150669356342405
ema,88159254,qslstm,0,17.86691001901636,0.46029944968177006
ema,88159254,qslstm,1,10.978558858842007,0.45668717043008655
ema,88159254,qslstm,2,13.06148756184848,0.45657954225316644
ema,88159254,qslstm,3,22.384188754236675,0.4583549981471151
ema,88159254,qslstm,4,11.622670190758072,0.4504175246693194
ema,88159254,qslstm,5,23.933322635675722,0.45990607637213543
ema,88159254,qslstm,6,14.933931473395205,0.45230660325614735
ema,88159254,qslstm,7,17.121261153755768,0.4543645510566421
ema,88159254,qslstm,8,16.156354720958916,0.4557175786467269
ema,88159254,qslstm,9,16.375033381620597,0.45662757649552077
ema,88159254,qslstm,10,17.278774513026292,0.45792737940791994
ema,88159254,qslstm,11,15.216186516619928,0.45604647480649874
ema,88159254,qslstm,12,13.019959737284807,0.4568251157179475
ema,88159254,qslstm,13,17.73170099073468,0.45972541422815993
ema,88159254,qslstm,14,17.505005880520912,0.4591975746443495
ema,88159254,qslstm,15,20.36518137818348,0.4562442780006677
ema,88159254,qslstm,16,18.090028799084394,0.45433402399066836
ema,88159254,qslstm,17,17.22137116182421,0.4555051919305697
ema,88159254,qslstm,18,12.079562207734853,0.45492715580621734
ema,88159254,qslstm,19,21.87001481076004,0.45720778516260907
ema,88159254,qslstm,20,16.944934575447405,0.45385271089617163
ema,88159254,qslstm,21,11.893389214634226,0.44974795036250725
ema,88159254,qslstm,22,14.823683391681698,0.45835251169046387
ema,88159254,qslstm,23,14.137326943015069,0.4537401761044748
ema,88159254,qslstm,24,18.839208542769484,0.45706889795837924
ema,88159254,qslstm,25,17.817683335961192,0.45372054289327934
ema,88159254,qslstm,26,12.219762808294035,0.457976684323512
ema,88159254,qslstm,27,19.505622366035823,0.45661431428743526
ema,88159254,qslstm,28,12.454229951523303,0.4515153929241933
ema,88159254,qslstm,29,14.11965534081537,0.45625379524426535
ema,88159254,qslstm,30,17.48715462537075,0.4553244414855726
ema,88159254,qslstm,31,16.480698096958804,0.457319246372208
ema,88159254,qslstm_log,0,0.6424938719133424,0.4200126229024665
ema,88159254,qslstm_log,1,0.6160724927621386,0.40841724193939943
ema,88159254,qslstm_log,2,0.5941972485094161,0.4048594671320226
ema,88159254,qslstm_log,3,0.5890099382616383,0.40516577064843823
ema,88159254,qslstm_log,4,0.6106076155710519,0.40440204069250396
ema,88159254,qslstm_log,5,0.572918751565757,0.403684689208345
ema,88159254,qslstm_log,6,0.6048447176732404,0.405329285758544
ema,88159254,qslstm_log,7,0.5926526641889742,0.40385959783716846
ema,88159254,qslstm_log,8,0.5907165075965167,0.40383643896291654
ema,88159254,qslstm_log,9,0.5950087841125283,0.4036248254961382
ema,88159254,qslstm_log,10,0.5899135860365268,0.4051189903729649
ema,88159254,qslstm_log,11,0.5940641356588998,0.405574611568594
ema,88159254,qslstm_log,12,0.5956828244780832,0.4052760273258196
ema,88159254,qslstm_log,13,0.5809612123733604,0.40648436932660037
ema,88159254,qslstm_log,14,0.5907075448870398,0.4067207906201672
ema,88159254,qslstm_log,15,0.5965635279902,0.40771256931515976
ema,88159254,qslstm_log,16,0.6042975630560696,0.40571046236478997
ema,88159254,qslstm_log,17,0.5958710263098468,0.4048050071706618
ema,88159254,qslstm_log,18,0.6001158617618947,0.40422562048382216
ema,88159254,qslstm_log,19,0.5868859107313037,0.40486536935362705
ema,88159254,qslstm_log,20,0.6034845832616378,0.40460292991361335
ema,88159254,qslstm_log,21,0.6115315656717559,0.4033103019336933
ema,88159254,qslstm_log,22,0.5788696394850611,0.40261296983084305
ema,88159254,qslstm_log,23,0.6009144276249492,0.4046483205576451
ema,88159254,qslstm_log,24,0.5874851351601358,0.40408091913203514
ema,88159254,qslstm_log,25,0.5950085732327361,0.40511121883869305
ema,88159254,qslstm_log,26,0.5850092908400202,0.404066458851982
ema,88159254,qslstm_log,27,0.5941472784972532,0.405318148310707
ema,88159254,qslstm_log,28,0.6099991611532545,0.4053217709584285
ema,88159254,qslstm_log,29,0.5921923375789206,0.4031073400429324
ema,88159254,qslstm_log,30,0.5900722947494277,0.4049407475626197
ema,88159254,qslstm_log,31,0.589237830951295,0.40493577060300434
ema,975428833,qlstm,0,0.4895161690074019,0.6114098255056888
ema,975428833,qlstm,1,0.49073471542214975,0.6073439290048555
ema,975428833,qlstm,2,0.49109617597423494,0.6073830680688843
ema,975428833,qlstm,3,0.49048209813190624,0.6056678124587052
ema,975428833,qlstm,4,0.49079608311876655,0.6058783500338905
ema,975428833,qlstm,5,0.4905629971763119,0.6041156842838973
ema,975428833,qlstm,6,0.4912794591509737,0.6041958095738664
ema,975428833,qlstm,7,0.4911634550662711,0.6053107911720872
ema,975428833,qlstm,8,0.49249087960924953,0.6042329408810474
ema,975428833,qlstm,9,0.4913643017061986,0.6035116597777233
ema,975428833,qlstm,10,0.4911333828349598,0.6050058400724083
ema,975428833,qlstm,11,0.49176569405244663,0.6054797841934487
ema,975428833,qlstm,12,0.4916677363216877,0.6052509795990773
ema,975428833,qlstm,13,0.4910444891429506,0.6057960110483691
ema,975428833,qlstm,14,0.4905084601487033,0.6060324810096063
ema,975428833,qlstm,15,0.49140158417867497,0.6013723826035857
ema,975428833,qlstm,16,0.4915513683226891,0.605374964652583
ema,975428833,qlstm,17,0.491919579799287,0.6028680770541541
ema,975428833,qlstm,18,0.492056779039558,0.6016061315895058
ema,975428833,qlstm,19,0.4911410420318134,0.6061279523419216
ema,975428833,qlstm,20,0.4930275168735534,0.6048683835542761
ema,975428833,qlstm,21,0.49046029278542846,0.6067049285047688
ema,975428833,qlstm,22,0.49030137358931825,0.6076823847251944
ema,975428833,qlstm,23,0.49118011427344754,0.6042235781787895
ema,975428833,qlstm,24,0.49254436092451215,0.6031217390554957
ema,975428833,qlstm,25,0.49104876432102174,0.6031817201874219
ema,975428833,qlstm,26,0.492512539960444,0.6052326972712763
ema,975428833,qlstm,27,0.4919907501898706,0.6028313167043962
ema,975428833,qlstm,28,0.4918950872961432,0.6040902687236667
ema,975428833,qlstm,29,0.49234895093832165,0.6021482290234417
ema,975428833,qlstm,30,0.4918329067877494,0.605352753191255
ema,975428833,qlstm,31,0.4914939036243595,0.605139106628485
ema,975428833,qslstm,0,263.49371959453856,0.6270879048970528
ema,975428833,qslstm,1,204.5774046397055,0.6247013853862882
ema,975428833,qslstm,2,162.00296971967327,0.6186241248506121
ema,975428833,qslstm,3,145.6852028480098,0.6238466288195923
ema,975428833,qslstm,4,145.5047368802043,0.6202391061815433
ema,975428833,qslstm,5,135.23450215021876,0.6246519014821388
ema,975428833,qslstm,6,127.52042777438328,0.6236212416552007
ema,975428833,qslstm,7,145.6369409562103,0.6186455816496164
ema,975428833,qslstm,8,154.70109303285062,0.6195135124726221
ema,975428833,qslstm,9,152.08332773338407,0.6232007197686471
ema,975428833,qslstm,10,152.69448831375848,0.6208457602187991
ema,975428833,qslstm,11,161.07307326124646,0.6176271958975121
ema,975428833,qslstm,12,163.7200661475472,0.6180358720594086
ema,975428833,qslstm,13,158.90045446718068,0.6179660882917233
ema,975428833,qslstm,14,161.24241895069645,0.6196314337430522
ema,975428833,qslstm,15,162.25767092996466,0.6288101812824607
ema,975428833,qslstm,16,140.08177736385187,0.616883197973948
ema,975428833,qslstm,17,142.48190024875294,0.624621094961185
ema,975428833,qslstm,18,152.7189080047101,0.6254919514758512
ema,975428833,qslstm,19,149.27786037049373,0.6144491385784931
ema,975428833,qslstm,20,149.7588123226742,0.616271939012222
ema,975428833,qslstm,21,147.81133036467145,0.6176112983957864
ema,975428833,qslstm,22,160.7368216429677,0.6160670458921231
ema,975428833,qslstm,23,155.60433609691972,0.6240122425369918
ema,975428833,qslstm,24,163.98022522717292,0.6220578168868087
ema,975428833,qslstm,25,159.88135842789416,0.625342633924447
ema,975428833,qslstm,26,157.88586896253037,0.6157921889098361
ema,975428833,qslstm,27,142.8350190879355,0.6245703382301144
ema,975428833,qslstm,28,146.74234656305998,0.6197627322399057
ema,975428833,qslstm,29,148.1465391959391,0.6248883319203742
ema,975428833,qslstm,30,143.0632738889035,0.6160486615845002
ema,975428833,qslstm,31,150.64864172496164,0.6186178268981166
flip_flop,1023290587,qlstm,0,0.4481417062925175,0.5093501076917164
flip_flop,1023290587,qlstm,1,0.44961180444806814,0.5076272619771771
flip_flop,1023290587,qlstm,2,0.44962873606709763,0.5085808545118198
flip_flop,1023290587,qlstm,3,0.44988746265880764,0.5081333561101928
flip_flop,1023290587,qlstm,4,0.449492119892966,0.5084668499766849
flip_flop,1023290587,qlstm,5,0.44913731003180146,0.5089106892701238
flip_flop,1023290587,qlstm,6,0.4498742643627338,0.5076693042065017
flip_flop,1023290587,qlstm,7,0.4509448482422158,0.5064918425632641
flip_flop,1023290587,qlstm,8,0.4509940361022018,0.5078102330444381
flip_flop,1023290587,qlstm,9,0.452342459524516,0.506072569754906
flip_flop,1023290587,qlstm,10,0.45123623637482524,0.5072672743699513
flip_flop,1023290587,qlstm,11,0.4507778194383718,0.5069894235930406
flip_flop,1023290587,qlstm,12,0.45161861408269033,0.5073403870919719
flip_flop,1023290587,qlstm,13,0.45203016191953793,0.5068949706619605
flip_flop,1023290587,qlstm,14,0.4512022560229525,0.5073581410106272
flip_flop,1023290587,qlstm,15,0.45081596710952,0.5073617028538138
flip_flop,1023290587,qlstm,16,0.44991233746986836,0.5072222625021823
flip_flop,1023290587,qlstm,17,0.45200971950544044,0.5059470359119587
flip_flop,1023290587,qlstm,18,0.4511634759255685,0.5074181369272992
flip_flop,1023290587,qlstm,19,0.44998707849299535,0.5071759761194699
flip_flop,1023290587,qlstm,20,0.4510776810348034,0.5070584714994766
flip_flop,1023290587,qlstm,21,0.4508590971236117,0.5074404327315278
flip_flop,1023290587,qlstm,22,0.45123961672652513,0.5067998144077137
flip_flop,1023290587,qlstm,23,0.4521147570339963,0.5067866669269279
flip_flop,1023290587,qlstm,24,0.45056828326778486,0.5074398155556992
flip_flop,1023290587,qlstm,25,0.45170866372063756,0.5059795607230626
flip_flop,1023290587,qlstm,26,0.4511282595922239,0.5069428967544809
flip_flop,1023290587,qlstm,27,0.4509075506357476,0.5067115061101504
flip_flop,1023290587,qlstm,28,0.4508233112283051,0.5064602222992107
flip_flop,1023290587,qlstm,29,0.4514423474902287,0.506359861115925
flip_flop,1023290587,qlstm,30,0.4511690071085468,0.5070323403924704
flip_flop,1023290587,qlstm,31,0.4515392131288536,0.5071254736394621
flip_flop,1023290587,qslstm,0,76.56815148525493,0.6904148986795917
flip_flop,1023290587,qslstm,1,67.71382509284922,0.6875005484325811
flip_flop,1023290587,qslstm,2,65.74273986441767,0.6882362476317212
flip_flop,1023290587,qslstm,3,66.41029796481598,0.6878146829549223
flip_flop,1023290587,qslstm,4,66.64421402844437,0.6891814175760373
flip_flop,1023290587,qslstm,5,66.99423551739233,0.6903795009711757
flip_flop,1023290587,qslstm,6,67.55015519620349,0.6889174889074638
flip_flop,1023290587,qslstm,7,67.51712598822601,0.6871108119376004
flip_flop,1023290587,qslstm,8,66.80582529406107,0.6875470160739496
flip_flop,1023290587,qslstm,9,67.90323827983445,0.6849766423692927
flip_flop,1023290587,qslstm,10,67.07141102540939,0.6873421086929739
flip_flop,1023290587,qslstm,11,67.72672500256162,0.6872817850671709
flip_flop,1023290587,qslstm,12,67.71282540712815,0.6873935982584953
flip_flop,1023290587,qslstm,13,68.28304569648753,0.6868301770882681
flip_flop,1023290587,qslstm,14,68.34076340373892,0.6877108392072842
flip_flop,1023290587,qslstm,15,68.1252197967794,0.6892108602914959
flip_flop,1023290587,qslstm,16,68.11843378879493,0.6898660508450121
flip_flop,1023290587,qslstm,17,67.89061654255197,0.6862370300805196
flip_flop,1023290587,qslstm,18,67.22236767462857,0.6884711094899103
flip_flop,1023290587,qslstm,19,67.81958423319637,0.6894586491398513
flip_flop,1023290587,qslstm,20,67.92912209733899,0.6876913522137329
flip_flop,1023290587,qslstm,21,68.17082748519579,0.6884493809193373
flip_flop,1023290587,qslstm,22,68.10662621482001,0.6874901646515355
flip_flop,1023290587,qslstm,23,68.24309354912734,0.6871182614704594
flip_flop,1023290587,qslstm,24,68.59571795605808,0.6893657327163965
flip_flop,1023290587,qslstm,25,68.51239921923292,0.6855526022845879
flip_flop,1023290587,qslstm,26,68.02057883715776,0.6879073262680322
flip_flop,1023290587,qslstm,27,68.43516888776725,0.6882890770211816
flip_flop,1023290587,qslstm,28,68.43629095568102,0.6887165576918051
flip_flop,1023290587,qslstm,29,67.40597187900809,0.6864553552586585
flip_flop,1023290587,qslstm,30,67.44836266427944,0.6886352346045896
flip_flop,1023290587,qslstm,31,67.86534439245216,0.6883779466152191
flip_flop,1106723791,qlstm,0,0.6597998843062669,0.6974953315220773
flip_flop,1106723791,qlstm,1,0.6618461874313653,0.7017575213685632
flip_flop,1106723791,qlstm,2,0.6607970131444745,0.6995818061986938
flip_flop,1106723791,qlstm,3,0.6598308979300782,0.700180159881711
flip_flop,1106723791,qlstm,4,0.6608679962810129,0.7011613572249189
flip_flop,1106723791,qlstm,5,0.6600464728544466,0.69972726656124
flip_flop,1106723791,qlstm,6,0.659383763151709,0.6999066572170705
flip_flop,1106723791,qlstm,7,0.660680400847923,0.7025074712000787
flip_flop,1106723791,qlstm,8,0.6590671931626275,0.6987237904686481
flip_flop,1106723791,qlstm,9,0.658734017109964,0.6961011864477769
flip_flop,1106723791,qlstm,10,0.6587070898967795,0.6963873946806416
flip_flop,1106723791,qlstm,11,0.6598992257495411,0.699173758039251
flip_flop,1106723791,qlstm,12,0.6603721301653422,0.7002631574869156
flip_flop,1106723791,qlstm,13,0.6596125258365646,0.6989981009392068
flip_flop,1106723791,qlstm,14,0.6593012810335495,0.6989697869867086
flip_flop,1106723791,qlstm,15,0.6597062766668387,0.6988318494986743
flip_flop,1106723791,qlstm,16,0.6586495283409022,0.6956598059041426
flip_flop,1106723791,qlstm,17,0.6581317366217263,0.6966065861051902
flip_flop,1106723791,qlstm,18,0.6578746312297881,0.6958931101253256
flip_flop,1106723791,qlstm,19,0.6574994011316448,0.6968149532331154
flip_flop,1106723791,qlstm,20,0.6593794220825657,0.6987436771159992
flip_flop,1106723791,qlstm,21,0.6591151427710429,0.7002380354097113
flip_flop,1106723791,qlstm,22,0.6592270897817798,0.6990555803058669
flip_flop,1106723791,qlstm,23,0.6589539670967497,0.7000389570603147
flip_flop,1106723791,qlstm,24,0.6599758644588292,0.6965332285035402
flip_flop,1106723791,qlstm,25,0.6579948345315643,0.696951728197746
flip_flop,1106723791,qlstm,26,0.6587444492033683,0.6978245993377641
flip_flop,1106723791,qlstm,27,0.6594138470827602,0.6987418113276362
flip_flop,1106723791,qlstm,28,0.6585931171430275,0.6983922782819718
flip_flop,1106723791,qlstm,29,0.6592036989168264,0.6990782594075426
flip_flop,1106723791,qlstm,30,0.6603443539352156,0.7006761088268831
flip_flop,1106723791,qlstm,31,0.6584898786386475,0.6979497466236353
flip_flop,1106723791,qslstm,0,154.70980782474544,0.7158170025795698
flip_flop,1106723791,qslstm,1,122.9273460188906,0.7176577936625108
flip_flop,1106723791,qslstm,2,124.96405441108254,0.7161086944397539
flip_flop,1106723791,qslstm,3,113.68515040659418,0.7192910639569163
flip_flop,1106723791,qslstm,4,115.63510568726042,0.7190648219548166
flip_flop,1106723791,qslstm,5,115.86945836313544,0.7175127485534176
flip_flop,1106723791,qslstm,6,110.16586009968006,0.718958888319321
flip_flop,1106723791,qslstm,7,106.77951626971753,0.7218470465159044
flip_flop,1106723791,qslstm,8,111.55979721485687,0.7173706503817812
flip_flop,1106723791,qslstm,9,117.96022831378053,0.7151725352741778
flip_flop,1106723791,qslstm,10,111.04806831054833,0.7158562204567716
flip_flop,1106723791,qslstm,11,103.93439754828262,0.719345965073444
flip_flop,1106723791,qslstm,12,100.46020292576526,0.719923057127744
flip_flop,1106723791,qslstm,13,100.7269046222205,0.7182933241128922
flip_flop,1106723791,qslstm,14,95.89599828898906,0.7188776978291571
flip_flop,1106723791,qslstm,15,98.22106188187473,0.7180495805805549
flip_flop,1106723791,qslstm,16,102.17377024631276,0.7153722931398079
flip_flop,1106723791,qslstm,17,95.56107398331784,0.7180195862893015
flip_flop,1106723791,qslstm,18,92.68350300678583,0.7169285087147728
flip_flop,1106723791,qslstm,19,89.27561865290073,0.7190996448043734
flip_flop,1106723791,qslstm,20,95.2276960438756,0.7182918414473534
flip_flop,1106723791,qslstm,21,84.62217219721691,0.7207918521016836
flip_flop,1106723791,qslstm,22,96.63738145046426,0.7189071405446157
flip_flop,1106723791,qslstm,23,92.50451269890186,0.7208864552667364
flip_flop,1106723791,qslstm,24,100.62876295300396,0.7145675192587078
flip_flop,1106723791,qslstm,25,88.64186906377205,0.7182747793849558
flip_flop,1106723791,qslstm,26,87.82894028022474,0.7187066472833976
flip_flop,1106723791,qslstm,27,90.92688210786406,0.7199622368207201
flip_flop,1106723791,qslstm,28,89.19141626634331,0.7180744926445186
flip_flop,1106723791,qslstm,29,89.28629839454436,0.7191420028684661
flip_flop,1106723791,qslstm,30,93.09421699975644,0.7208103584125638
flip_flop,1106723791,qslstm,31,86.32900137066213,0.7175345001742244
flip_flop,1148376891,qlstm,0,0.522228742367588,0.5809945558430627
flip_flop,1148376891,qlstm,1,0.5173788938554935,0.5738863187725656
flip_flop,1148376891,qlstm,2,0.5183997668209486,0.5764512366731651
flip_flop,1148376891,qlstm,3,0.5192091928329319,0.57720017520478
flip_flop,1148376891,qlstm,4,0.5197449421393685,0.5779447511886247
flip_flop,1148376891,qlstm,5,0.5187651863088831,0.5763899520388804
flip_flop,1148376891,qlstm,6,0.5186627068906091,0.5761352948611602
flip_flop,1148376891,qlstm,7,0.5193461048766039,0.5780960221891291
flip_flop,1148376891,qlstm,8,0.5205512478132732,0.5781894110841677
flip_flop,1148376891,qlstm,9,0.519033788703382,0.5767525978735648
flip_flop,1148376891,qlstm,10,0.5180762681411579,0.5754081673803739
flip_flop,1148376891,qlstm,11,0.5193505533388816,0.5776071468135342
flip_flop,1148376891,qlstm,12,0.5191893743467517,0.5766487366636284
flip_flop,1148376891,qlstm,13,0.5179192256764509,0.5756017127423547
flip_flop,1148376891,qlstm,14,0.5197560936794616,0.5759929488413036
flip_flop,1148376891,qlstm,15,0.516155070217792,0.574363328050822
flip_flop,1148376891,qlstm,16,0.5179805578081869,0.5773563635302708
flip_flop,1148376891,qlstm,17,0.5179998350213282,0.5762341661611572
flip_flop,1148376891,qlstm,18,0.5208920676377602,0.578347675036639
flip_flop,1148376891,qlstm,19,0.5177195716532879,0.5733025381341577
flip_flop,1148376891,qlstm,20,0.518985269300174,0.576807412551716
flip_flop,1148376891,qlstm,21,0.5204034463386051,0.5779769748914987
flip_flop,1148376891,qlstm,22,0.5186922515858896,0.5785719486302696
flip_flop,1148376891,qlstm,23,0.5187166975811124,0.5767417791648768
flip_flop,1148376891,qlstm,24,0.5187406555050984,0.5771559092681855
flip_flop,1148376891,qlstm,25,0.5209122926462442,0.5774091662024148
flip_flop,1148376891,qlstm,26,0.5183250134577975,0.5723226775880903
flip_flop,1148376891,qlstm,27,0.5182340141618624,0.5746278983424418
flip_flop,1148376891,qlstm,28,0.5188674614182673,0.5757092291605659
flip_flop,1148376891,qlstm,29,0.5181071579572745,0.5753752125310712
flip_flop,1148376891,qlstm,30,0.5184061160543934,0.5784244946553372
flip_flop,1148376891,qlstm,31,0.5155916860094294,0.5726666610571556
flip_flop,1148376891,qslstm,0,50.716359465615824,0.7104866127483547
flip_flop,1148376891,qslstm,1,78.61688271239882,0.707991000963375
flip_flop,1148376891,qslstm,2,89.32960799908096,0.710321647929959
flip_flop,1148376891,qslstm,3,91.49594117977995,0.7112143428530544
flip_flop,1148376891,qslstm,4,80.81940606986427,0.7120933738769963
flip_flop,1148376891,qslstm,5,81.31393125934528,0.7107546592596918
flip_flop,1148376891,qslstm,6,61.049150829177165,0.7104097757255659
flip_flop,1148376891,qslstm,7,62.819018532326936,0.7126526349456981
flip_flop,1148376891,qslstm,8,88.25208301446628,0.7123437284026295
flip_flop,1148376891,qslstm,9,73.54628726887313,0.7116811439627782
flip_flop,1148376891,qslstm,10,73.75012692948917,0.7102253036573529
flip_flop,1148376891,qslstm,11,62.862923370921635,0.712005534558557
flip_flop,1148376891,qslstm,12,67.10065622738352,0.7112921943189576
flip_flop,1148376891,qslstm,13,66.06860152144145,0.7106478936038911
flip_flop,1148376891,qslstm,14,98.8179527600721,0.7103927286807448
flip_flop,1148376891,qslstm,15,52.13722673564553,0.7097456438932568
flip_flop,1148376891,qslstm,16,52.277715410538804,0.712416973314248
flip_flop,1148376891,qslstm,17,69.7412424210354,0.7106046105036512
flip_flop,1148376891,qslstm,18,60.71701951199702,0.7123790936311707
flip_flop,1148376891,qslstm,19,62.66813901560454,0.7079919669777155
flip_flop,1148376891,qslstm,20,50.66080068626252,0.7119715416338295
flip_flop,1148376891,qslstm,21,74.73804616675534,0.7126584515208378
flip_flop,1148376891,qslstm,22,39.95832515453003,0.7141197429737076
flip_flop,1148376891,qslstm,23,52.847150822870844,0.7116354308091104
flip_flop,1148376891,qslstm,24,55.74815181120562,0.7124278186820447
flip_flop,1148376891,qslstm,25,63.96605148502647,0.711597521789372
flip_flop,1148376891,qslstm,26,98.54647403743547,0.7072284256573766
flip_flop,1148376891,qslstm,27,67.45253324728128,0.7101616811705753
flip_flop,1148376891,qslstm,28,58.00980771915533,0.7108921317849308
flip_flop,1148376891,qslstm,29,51.62767300662381,0.7105987368850037
flip_flop,1148376891,qslstm,30,43.046869220888766,0.7138120922027156
flip_flop,1148376891,qslstm,31,42.853454447888,0.7078451653942466
flip_flop,1211904294,qlstm,0,0.5968997315503657,0.6285889089340344
flip_flop,1211904294,qlstm,1,0.6001880810945295,0.6354890050715767
flip_flop,1211904294,qlstm,2,0.6014606924727559,0.638236993108876
flip_flop,1211904294,qlstm,3,0.6003588744206354,0.6357793059432879
flip_flop,1211904294,qlstm,4,0.6002787312609144,0.6348796652746387
flip_flop,1211904294,qlstm,5,0.6009395036962815,0.6367592806345783
flip_flop,1211904294,qlstm,6,0.6010811338201165,0.6379631640738808
flip_flop,1211904294,qlstm,7,0.6007756355684251,0.6376609186409041
flip_flop,1211904294,qlstm,8,0.6005827172193676,0.6363313997862861
flip_flop,1211904294,qlstm,9,0.6018343279720284,0.6395080290385522
flip_flop,1211904294,qlstm,10,0.5998319899663329,0.6351484796614386
flip_flop,1211904294,qlstm,11,0.599650070478674,0.6348356355447322
flip_flop,1211904294,qlstm,12,0.6012240416021086,0.6381494660163298
flip_flop,1211904294,qlstm,13,0.6005413937964477,0.6361550891888328
flip_flop,1211904294,qlstm,14,0.6008961478364654,0.6366673712618649
flip_flop,1211904294,qlstm,15,0.6003458990599029,0.6343047885457054
flip_flop,1211904294,qlstm,16,0.601741154154297,0.6392238202388398
flip_flop,1211904294,qlstm,17,0.6000948158325627,0.6354854858363979
flip_flop,1211904294,qlstm,18,0.6015503366943449,0.6382161467336118
flip_flop,1211904294,qlstm,19,0.6014317798544653,0.6378049136255868
flip_flop,1211904294,qlstm,20,0.6006072066957131,0.6366709301946685
flip_flop,1211904294,qlstm,21,0.6010912274941802,0.637439483194612
flip_flop,1211904294,qlstm,22,0.6009583781706169,0.636580498481635
flip_flop,1211904294,qlstm,23,0.6010775447357446,0.636760086461436
flip_flop,1211904294,qlstm,24,0.5995871263439767,0.6337505101691931
flip_flop,1211904294,qlstm,25,0.6008090893155895,0.6378182282205671
flip_flop,1211904294,qlstm,26,0.5993866383214481,0.6344883284182288
flip_flop,1211904294,qlstm,27,0.5998254927108064,0.6352510941796936
flip_flop,1211904294,qlstm,28,0.5996206179261208,0.6342959165922366
flip_flop,1211904294,qlstm,29,0.5992366757127456,0.6341075859381817
flip_flop,1211904294,qlstm,30,0.5974522010656074,0.6298386006383225
flip_flop,1211904294,qlstm,31,0.5996996437897906,0.6349750705412589
flip_flop,1211904294,qslstm,0,2.8124678494641557,0.6877067174063995
flip_flop,1211904294,qslstm,1,2.3986925931822043,0.6870981953106821
flip_flop,1211904294,qslstm,2,2.3006337651750073,0.6899963779142126
flip_flop,1211904294,qslstm,3,2.8485305360518396,0.6869136482710019
flip_flop,1211904294,qslstm,4,3.2585822158725932,0.6873661879217252
flip_flop,1211904294,qslstm,5,2.41295552419615,0.687729052384384
flip_flop,1211904294,qslstm,6,2.207300642505288,0.6904808422550559
flip_flop,1211904294,qslstm,7,2.2626955452142283,0.6903456369182095
flip_flop,1211904294,qslstm,8,2.7607255152834114,0.6891892193816602
flip_flop,1211904294,qslstm,9,2.040195840410888,0.6923088821349666
flip_flop,1211904294,qslstm,10,2.636874102143338,0.6872240671655163
flip_flop,1211904294,qslstm,11,2.8212994751229417,0.6876874235458672
flip_flop,1211904294,qslstm,12,2.2147186818765476,0.6917147546773776
flip_flop,1211904294,qslstm,13,2.6047725192911457,0.6894445237703621
flip_flop,1211904294,qslstm,14,2.3675113059289288,0.6898632666561753
flip_flop,1211904294,qslstm,15,3.3474698688660283,0.6889301701448858
flip_flop,1211904294,qslstm,16,1.7938920443411916,0.6914546864572912
flip_flop,1211904294,qslstm,17,2.3496196565101855,0.6866975551238284
flip_flop,1211904294,qslstm,18,2.037955891690217,0.6908959915162995
flip_flop,1211904294,qslstm,19,2.334231892338721,0.6908140938030556
flip_flop,1211904294,qslstm,20,2.360631777701201,0.6883580372668803
flip_flop,1211904294,qslstm,21,2.368835992674576,0.6897938259644434
flip_flop,1211904294,qslstm,22,2.7061962668958586,0.6903706246521324
flip_flop,1211904294,qslstm,23,2.3138172508915886,0.6892752118874341
flip_flop,1211904294,qslstm,24,2.99254770798143,0.6876667119795457
flip_flop,1211904294,qslstm,25,2.0235946863831487,0.690743999555707
flip_flop,1211904294,qslstm,26,2.8130494445213117,0.6879784323973581
flip_flop,1211904294,qslstm,27,2.5618183528713416,0.688790807267651
flip_flop,1211904294,qslstm,28,2.748088847642066,0.687753877369687
flip_flop,1211904294,qslstm,29,2.4576074964134023,0.6868630071403459
flip_flop,1211904294,qslstm,30,3.465847474115435,0.6829299859236926
flip_flop,1211904294,qslstm,31,2.375269464595476,0.6892771761631593
flip_flop,1212609727,qlstm,0,0.5523541975999251,0.595316608203575
flip_flop,1212609727,qlstm,1,0.5509411868988536,0.5940201576449908
flip_flop,1212609727,qlstm,2,0.5509269398753531,0.5955499240080826
flip_flop,1212609727,qlstm,3,0.552029927726835,0.5967281555640511
flip_flop,1212609727,qlstm,4,0.550534326583147,0.5942421172512695
flip_flop,1212609727,qlstm,5,0.5498905135900714,0.5942932929610834
flip_flop,1212609727,qlstm,6,0.5486526036984287,0.5931302487151697
flip_flop,1212609727,qlstm,7,0.551472234306857,0.5938874190906063
flip_flop,1212609727,qlstm,8,0.5494294071686454,0.5923009404796176
flip_flop,1212609727,qlstm,9,0.5500468750251457,0.591984739410691
flip_flop,1212609727,qlstm,10,0.549990598578006,0.5933161929715425
flip_flop,1212609727,qlstm,11,0.5505337741342373,0.5941668250015937
flip_flop,1212609727,qlstm,12,0.5488526008557528,0.5919402784784324
flip_flop,1212609727,qlstm,13,0.5503636804642156,0.5934912317898124
flip_flop,1212609727,qlstm,14,0.5503106664982624,0.5932655911892653
flip_flop,1212609727,qlstm,15,0.5501997824176215,0.5942491039750166
flip_flop,1212609727,qlstm,16,0.549127931240946,0.5929470323608257
flip_flop,1212609727,qlstm,17,0.5504616189864464,0.594909269886557
flip_flop,1212609727,qlstm,18,0.5501807606196962,0.5931168392417021
flip_flop,1212609727,qlstm,19,0.5497948689735495,0.5941008166410029
flip_flop,1212609727,qlstm,20,0.5499434764496982,0.5944507826934569
flip_flop,1212609727,qlstm,21,0.5513306924258359,0.5937372028711252
flip_flop,1212609727,qlstm,22,0.5492451780592091,0.5936037278734148
flip_flop,1212609727,qlstm,23,0.5504287978983484,0.5949574871337973
flip_flop,1212609727,qlstm,24,0.5507046472048387,0.5951203152071685
flip_flop,1212609727,qlstm,25,0.5497205770225264,0.5946587666403502
flip_flop,1212609727,qlstm,26,0.550534424779471,0.5952411078615114
flip_flop,1212609727,qlstm,27,0.5488354639383033,0.5922995455912314
flip_flop,1212609727,qlstm,28,0.5501065054559149,0.5955815212219022
flip_flop,1212609727,qlstm,29,0.5489547470933758,0.5941980208153836
flip_flop,1212609727,qlstm,30,0.5501573248766363,0.5929245821898803
flip_flop,1212609727,qlstm,31,0.5490825632587075,0.5918120797723532
flip_flop,1212609727,qslstm,0,2.4639895069412887,0.6690897032385692
flip_flop,1212609727,qslstm,1,3.52593659577542,0.661639325786382
flip_flop,1212609727,qslstm,2,3.512745399872074,0.664736041217111
flip_flop,1212609727,qslstm,3,2.1576496277411934,0.6654183175414801
flip_flop,1212609727,qslstm,4,2.9782150374085177,0.6621034694835544
flip_flop,1212609727,qslstm,5,3.008149261120707,0.663719666772522
flip_flop,1212609727,qslstm,6,3.833737801411189,0.6627263203263283
flip_flop,1212609727,qslstm,7,1.8539954479201697,0.6627917605219409
flip_flop,1212609727,qslstm,8,2.873765412805369,0.6633792456705123
flip_flop,1212609727,qslstm,9,2.475584065541625,0.6631162648554891
flip_flop,1212609727,qslstm,10,2.2977940713753924,0.666800290462561
flip_flop,1212609727,qslstm,11,2.2481293013552204,0.6676253050100058
flip_flop,1212609727,qslstm,12,2.7123044803447556,0.6636841335566714
flip_flop,1212609727,qslstm,13,2.365471855417127,0.6671602001879364
flip_flop,1212609727,qslstm,14,2.8087235205457546,0.666255105403252
flip_flop,1212609727,qslstm,15,2.6289772606105544,0.6674917044583708
flip_flop,1212609727,qslstm,16,2.666992317594122,0.6642148224636912
flip_flop,1212609727,qslstm,17,2.2670047750871163,0.6679210789734498
flip_flop,1212609727,qslstm,18,2.5541613312962,0.6641391556477174
flip_flop,1212609727,qslstm,19,2.3888666620769072,0.6667664842680097
flip_flop,1212609727,qslstm,20,2.36685578970355,0.66711523628328
flip_flop,1212609727,qslstm,21,1.9586805846483912,0.665345694636926
flip_flop,1212609727,qslstm,22,2.798097676160978,0.6665664833271876
flip_flop,1212609727,qslstm,23,2.2572439582436346,0.6677136131329462
flip_flop,1212609727,qslstm,24,2.397325567464577,0.6675307851983234
flip_flop,1212609727,qslstm,25,2.5275556577544194,0.6663057050900534
flip_flop,1212609727,qslstm,26,2.171910500212107,0.6673425969202071
flip_flop,1212609727,qslstm,27,3.875035338278394,0.6626264187507331
flip_flop,1212609727,qslstm,28,2.4663065428612754,0.6680975183844566
flip_flop,1212609727,qslstm,29,2.464776541601168,0.6648716565687209
flip_flop,1212609727,qslstm,30,1.9390874607488513,0.6626858890522271
flip_flop,1212609727,qslstm,31,2.7344467140792403,0.6633116938173771
flip_flop,1668868548,qlstm,0,0.5034335330710746,0.5596448056166992
flip_flop,1668868548,qlstm,1,0.5041339986491948,0.5587520852568559
flip_flop,1668868548,qlstm,2,0.5032381297205575,0.5599764814251103
flip_flop,1668868548,qlstm,3,0.5064591589616612,0.55915964191081
flip_flop,1668868548,qlstm,4,0.5033968947827816,0.557984673010651
flip_flop,1668868548,qlstm,5,0.5058951963437721,0.5566169208032079
flip_flop,1668868548,qlstm,6,0.5051212364342064,0.5603026066091843
flip_flop,1668868548,qlstm,7,0.5043072095140815,0.5600361583055928
flip_flop,1668868548,qlstm,8,0.5038546451833099,0.5581496467930265
flip_flop,1668868548,qlstm,9,0.5047954739420675,0.5596433572354726
flip_flop,1668868548,qlstm,10,0.5042012318735942,0.5615475351805799
flip_flop,1668868548,qlstm,11,0.5040922597981989,0.5595805048942566
flip_flop,1668868548,qlstm,12,0.5030948414932936,0.5566658779862337
flip_flop,1668868548,qlstm,13,0.5015030917129479,0.5584389822906815
flip_flop,1668868548,qlstm,14,0.5027231462299824,0.5573342104908079
flip_flop,1668868548,qlstm,15,0.5037205163389444,0.5599256472778507
flip_flop,1668868548,qlstm,16,0.5046019160072319,0.5585516197024845
flip_flop,1668868548,qlstm,17,0.5016841160249896,0.5580871649435721
flip_flop,1668868548,qlstm,18,0.5049575470620766,0.5609026909223758
flip_flop,1668868548,qlstm,19,0.5050324292387813,0.5613653631880879
flip_flop,1668868548,qlstm,20,0.5033147354261018,0.5604755613603629
flip_flop,1668868548,qlstm,21,0.5053275456302799,0.5604179572546855
flip_flop,1668868548,qlstm,22,0.5048644131748006,0.5587963469442911
flip_flop,1668868548,qlstm,23,0.5018607065430842,0.5559265895280987
flip_flop,1668868548,qlstm,24,0.505261835816782,0.5590201112790965
flip_flop,1668868548,qlstm,25,0.5052110172691755,0.5573606431134976
flip_flop,1668868548,qlstm,26,0.5048317006439902,0.5583775328705087
flip_flop,1668868548,qlstm,27,0.5069681503227912,0.5597420978592709
flip_flop,1668868548,qlstm,28,0.5038295803242363,0.5597531187813729
flip_flop,1668868548,qlstm,29,0.5052072975668125,0.5595671077026054
flip_flop,1668868548,qlstm,30,0.5047336019342765,0.5606814150232822
flip_flop,1668868548,qlstm,31,0.502325325331185,0.5556706097559072
flip_flop,1668868548,qslstm,0,2.08299806737341,0.6179080444853753
flip_flop,1668868548,qslstm,1,2.50975811792523,0.615127190889325
flip_flop,1668868548,qslstm,2,1.9256847115466371,0.6182580497697927
flip_flop,1668868548,qslstm,3,3.1826293830645227,0.6160892432671972
flip_flop,1668868548,qslstm,4,2.0374124713598576,0.6169415162294172
flip_flop,1668868548,qslstm,5,3.2617499555717586,0.6136807784787379
flip_flop,1668868548,qslstm,6,2.1607076634491023,0.6197948232875206
flip_flop,1668868548,qslstm,7,1.8988766723859953,0.6194189138477668
flip_flop,1668868548,qslstm,8,2.3702060604164217,0.6168618290103041
flip_flop,1668868548,qslstm,9,2.261960523937887,0.6187688346835785
flip_flop,1668868548,qslstm,10,1.6014720417360877,0.6214519736240618
flip_flop,1668868548,qslstm,11,2.0459310633877976,0.6185422134585679
flip_flop,1668868548,qslstm,12,2.4120756429856556,0.6150353792472742
flip_flop,1668868548,qslstm,13,1.5004350291810624,0.6182167025399394
flip_flop,1668868548,qslstm,14,2.4087184978980076,0.615567349595949
flip_flop,1668868548,qslstm,15,1.892826741414865,0.6192346953321248
flip_flop,1668868548,qslstm,16,2.3278246626241526,0.6171235724468715
flip_flop,1668868548,qslstm,17,1.6254459818019313,0.6180409696535207
flip_flop,1668868548,qslstm,18,2.019758617878324,0.620136430428829
flip_flop,1668868548,qslstm,19,1.9696021166582796,0.621029137109872
flip_flop,1668868548,qslstm,20,1.6994007958719521,0.6204695971100591
flip_flop,1668868548,qslstm,21,2.3626611691115613,0.6192841085721739
flip_flop,1668868548,qslstm,22,2.2382085334793373,0.6178601785213687
flip_flop,1668868548,qslstm,23,2.1106032302477615,0.6150153418420814
flip_flop,1668868548,qslstm,24,2.325799203146744,0.6174475002917461
flip_flop,1668868548,qslstm,25,2.5962676626468237,0.6159697932889685
flip_flop,1668868548,qslstm,26,2.265808380831004,0.6179851932101883
flip_flop,1668868548,qslstm,27,2.9609750834843,0.6185961918672547
flip_flop,1668868548,qslstm,28,1.6921671202680955,0.6200559202115983
flip_flop,1668868548,qslstm,29,2.1675553116365336,0.6185693075531162
flip_flop,1668868548,qslstm,30,1.906550127695482,0.6205380889005028
flip_flop,1668868548,qslstm,31,2.1724009086010483,0.6143197646015324
flip_flop,1710807515,qlstm,0,0.5194680859567598,0.5931305501144379
flip_flop,1710807515,qlstm,1,0.5203366093919612,0.5946062589646317
flip_flop,1710807515,qlstm,2,0.5216604385059327,0.5937446276657283
flip_flop,1710807515,qlstm,3,0.5239685325650498,0.5950407687341794
flip_flop,1710807515,qlstm,4,0.5215084728552029,0.5959072084515356
flip_flop,1710807515,qlstm,5,0.5218260503024794,0.5934681400540285
flip_flop,1710807515,qlstm,6,0.5204202492022887,0.5943652050336823
flip_flop,1710807515,qlstm,7,0.523165893740952,0.5939728009398095
flip_flop,1710807515,qlstm,8,0.5227509884280153,0.5968530942918733
flip_flop,1710807515,qlstm,9,0.5224630785523914,0.5957203592406586
flip_flop,1710807515,qlstm,10,0.5207292715203948,0.5924418481299654
flip_flop,1710807515,qlstm,11,0.5207293584244326,0.5927616147673689
flip_flop,1710807515,qlstm,12,0.5203402550541796,0.5942259453004226
flip_flop,1710807515,qlstm,13,0.5198028841405176,0.5895834390539676
flip_flop,1710807515,qlstm,14,0.5197962020756677,0.5925781522528268
flip_flop,1710807515,qlstm,15,0.5220591430552304,0.5923066936666146
flip_flop,1710807515,qlstm,16,0.520002122677397,0.5923487597028725
flip_flop,1710807515,qlstm,17,0.523568746750243,0.591422981407959
flip_flop,1710807515,qlstm,18,0.5207753188442439,0.5912265620427206
flip_flop,1710807515,qlstm,19,0.5196456289850175,0.5911443261429667
flip_flop,1710807515,qlstm,20,0.5221035803551786,0.5942760193138383
flip_flop,1710807515,qlstm,21,0.5221568813431077,0.5959320036927238
flip_flop,1710807515,qlstm,22,0.5235437513911165,0.5947827763156965
flip_flop,1710807515,qlstm,23,0.520729482290335,0.594255659263581
flip_flop,1710807515,qlstm,24,0.5216945185675286,0.5951793960412033
flip_flop,1710807515,qlstm,25,0.5223565953201614,0.594721526838839
flip_flop,1710807515,qlstm,26,0.5213447867427021,0.5957705108448863
flip_flop,1710807515,qlstm,27,0.5196860142168589,0.5926624404964969
flip_flop,1710807515,qlstm,28,0.5202952973777428,0.5950455270940438
flip_flop,1710807515,qlstm,29,0.5223606727086008,0.5947418944560923
flip_flop,1710807515,qlstm,30,0.517764252552297,0.5898881019675173
flip_flop,1710807515,qlstm,31,0.5213133154320531,0.5934098455472849
flip_flop,1710807515,qslstm,0,2.5444032605810207,0.7165974327363074
flip_flop,1710807515,qslstm,1,3.0806090947030498,0.715798135031946
flip_flop,1710807515,qslstm,2,4.724498760174811,0.7154067576630041
flip_flop,1710807515,qslstm,3,5.690774929661075,0.715844449121505
flip_flop,1710807515,qslstm,4,3.243860424960758,0.7149397940374911
flip_flop,1710807515,qslstm,5,4.507018709567205,0.7141524680191651
flip_flop,1710807515,qslstm,6,2.3311319331493223,0.7134515413781628
flip_flop,1710807515,qslstm,7,5.100178341853621,0.713935841107741
flip_flop,1710807515,qslstm,8,3.3972364559348307,0.7144843887072057
flip_flop,1710807515,qslstm,9,3.5477189680269774,0.7139605035772547
flip_flop,1710807515,qslstm,10,2.600605268553757,0.7123498843284324
flip_flop,1710807515,qslstm,11,2.982150851431795,0.7122689915122464
flip_flop,1710807515,qslstm,12,3.0948723301828585,0.7125171783845872
flip_flop,1710807515,qslstm,13,3.9789124497127517,0.710635298397392
flip_flop,1710807515,qslstm,14,2.9204367680335253,0.7114219469949603
flip_flop,1710807515,qslstm,15,4.845773024318747,0.7118196015944704
flip_flop,1710807515,qslstm,16,2.4371707685017414,0.711064524599351
flip_flop,1710807515,qslstm,17,6.063728094164619,0.7123989094980061
flip_flop,1710807515,qslstm,18,4.236701813084686,0.7107132492819801
flip_flop,1710807515,qslstm,19,2.9900541064196053,0.7102966512320563
flip_flop,1710807515,qslstm,20,3.4733771421317803,0.7118861092021689
flip_flop,1710807515,qslstm,21,3.4543772493263445,0.7126837297109887
flip_flop,1710807515,qslstm,22,4.764501795517845,0.7129213532898575
flip_flop,1710807515,qslstm,23,2.4753866739131354,0.7118475708412006
flip_flop,1710807515,qslstm,24,2.966717815490803,0.7125908746384084
flip_flop,1710807515,qslstm,25,3.5811754738438824,0.7127426272490993
flip_flop,1710807515,qslstm,26,1.864155399945079,0.7126489196671173
flip_flop,1710807515,qslstm,27,2.1450604925364622,0.711705035646446
flip_flop,1710807515,qslstm,28,1.9156713303826631,0.7125007163267583
flip_flop,1710807515,qslstm,29,3.7191565400268516,0.713310141232796
flip_flop,1710807515,qslstm,30,2.799376479932671,0.7104845043504611
flip_flop,1710807515,qslstm,31,3.4894135223450133,0.7123113159323111
flip_flop,1716202887,qlstm,0,0.5634329421445727,0.6067791040986776
flip_flop,1716202887,qlstm,1,0.5606518915737979,0.603994959499687
flip_flop,1716202887,qlstm,2,0.5638476748717949,0.6078996175783686
flip_flop,1716202887,qlstm,3,0.5623741167946719,0.6095718630822375
flip_flop,1716202887,qlstm,4,0.5614754902198911,0.6079685498843901
flip_flop,1716202887,qlstm,5,0.5610859117587097,0.6055474014137872
flip_flop,1716202887,qlstm,6,0.5621585216140375,0.6066286124987528
flip_flop,1716202887,qlstm,7,0.5627334033488296,0.6096201734617352
flip_flop,1716202887,qlstm,8,0.5630046044825576,0.6076333762612194
flip_flop,1716202887,qlstm,9,0.5606568285729736,0.6060540947364643
flip_flop,1716202887,qlstm,10,0.5629071096191183,0.607029091916047
flip_flop,1716202887,qlstm,11,0.5613497516606003,0.6042636969941668
flip_flop,1716202887,qlstm,12,0.5614306720672175,0.6075601626653224
flip_flop,1716202887,qlstm,13,0.5607344541349448,0.6062331355642527
flip_flop,1716202887,qlstm,14,0.5571478392812423,0.6011107853846624
flip_flop,1716202887,qlstm,15,0.5621143265161663,0.6075430747005157
flip_flop,1716202887,qlstm,16,0.5612126607447863,0.6063846351462416
flip_flop,1716202887,qlstm,17,0.5587756127933972,0.6021771438536234
flip_flop,1716202887,qlstm,18,0.562262590858154,0.6044103365275078
flip_flop,1716202887,qlstm,19,0.5595169815933332,0.6010955601814203
flip_flop,1716202887,qlstm,20,0.5584842733223923,0.6038789371959865
flip_flop,1716202887,qlstm,21,0.5620701042353176,0.6023215234745294
flip_flop,1716202887,qlstm,22,0.5595143749960698,0.6034140048432164
flip_flop,1716202887,qlstm,23,0.5621716689202003,0.6069733734475449
flip_flop,1716202887,qlstm,24,0.561173516092822,0.6042537363246083
flip_flop,1716202887,qlstm,25,0.5629542778478935,0.6071541290148161
flip_flop,1716202887,qlstm,26,0.5601614069310017,0.6053845013375394
flip_flop,1716202887,qlstm,27,0.5598633710760623,0.602213108446449
flip_flop,1716202887,qlstm,28,0.559112619201187,0.6033552299486473
flip_flop,1716202887,qlstm,29,0.5611599115654826,0.6070535185863264
flip_flop,1716202887,qlstm,30,0.5597496560658328,0.6060337960952893
flip_flop,1716202887,qlstm,31,0.5602044620318338,0.6053478230605833
flip_flop,1716202887,qslstm,0,10.161232516504242,0.6688959528692067
flip_flop,1716202887,qslstm,1,5.417144917298174,0.6658637531218119
flip_flop,1716202887,qslstm,2,6.927881440299416,0.667881696135737
flip_flop,1716202887,qslstm,3,2.6180292859082783,0.6671972564654425
flip_flop,1716202887,qslstm,4,3.4829963544609654,0.6664900633040816
flip_flop,1716202887,qslstm,5,4.71052008314723,0.6654933561803773
flip_flop,1716202887,qslstm,6,6.3809847389197785,0.6657941350713372
flip_flop,1716202887,qslstm,7,3.807506072821525,0.666427010204643
flip_flop,1716202887,qslstm,8,6.656866224298028,0.666130231693387
flip_flop,1716202887,qslstm,9,3.919526852560466,0.6647747317329049
flip_flop,1716202887,qslstm,10,7.897528323551569,0.665793183259666
flip_flop,1716202887,qslstm,11,6.952607837406049,0.663770402316004
flip_flop,1716202887,qslstm,12,3.911520204780345,0.6645653051091358
flip_flop,1716202887,qslstm,13,3.854279328205166,0.6638563348678872
flip_flop,1716202887,qslstm,14,3.690900311392852,0.6611894184025005
flip_flop,1716202887,qslstm,15,5.444166451466344,0.6645084407646209
flip_flop,1716202887,qslstm,16,4.882461705252354,0.6642308253794909
flip_flop,1716202887,qslstm,17,6.4748102154273965,0.6623392859473825
flip_flop,1716202887,qslstm,18,8.600932015493527,0.6635770496213809
flip_flop,1716202887,qslstm,19,6.770241710067921,0.6615948455873877
flip_flop,1716202887,qslstm,20,2.6537591022604374,0.6615277277305722
flip_flop,1716202887,qslstm,21,12.410650305483387,0.6625728125218302
flip_flop,1716202887,qslstm,22,4.934226555439636,0.6615882606711239
flip_flop,1716202887,qslstm,23,6.220854102702788,0.6633924897760153
flip_flop,1716202887,qslstm,24,9.71348653744144,0.6622766186483204
flip_flop,1716202887,qslstm,25,7.346910922893812,0.6635168074863032
flip_flop,1716202887,qslstm,26,5.1067583428337,0.6623749579302967
flip_flop,1716202887,qslstm,27,8.531393669481986,0.661422670003958
flip_flop,1716202887,qslstm,28,4.142035081481481,0.661334189819172
flip_flop,1716202887,qslstm,29,3.338201894903932,0.6628581545082852
flip_flop,1716202887,qslstm,30,3.3861424164078926,0.662247650558129
flip_flop,1716202887,qslstm,31,6.080924525579803,0.6626196658471599
flip_flop,1806016308,qlstm,0,0.5038719763979316,0.5517457615351304
flip_flop,1806016308,qlstm,1,0.5049534030258656,0.550312610459514
flip_flop,1806016308,qlstm,2,0.5024083377211355,0.5490974757703952
flip_flop,1806016308,qlstm,3,0.5020428607822396,0.5465816242503934
flip_flop,1806016308,qlstm,4,0.5034436417045072,0.5490623224759474
flip_flop,1806016308,qlstm,5,0.5011310241534375,0.5505433188518509
flip_flop,1806016308,qlstm,6,0.500012757605873,0.5488228278118186
flip_flop,1806016308,qlstm,7,0.5022046827361919,0.5478343407739885
flip_flop,1806016308,qlstm,8,0.5017147433245555,0.5495517514063977
flip_flop,1806016308,qlstm,9,0.505401988979429,0.5511985203484073
flip_flop,1806016308,qlstm,10,0.5013794400729239,0.5460341038415208
flip_flop,1806016308,qlstm,11,0.5021075012627989,0.5507053750334308
flip_flop,1806016308,qlstm,12,0.5050339545705356,0.549090683227405
flip_flop,1806016308,qlstm,13,0.5019057501922362,0.5511394211207516
flip_flop,1806016308,qlstm,14,0.5051294146687724,0.5494730605278164
flip_flop,1806016308,qlstm,15,0.50176878873026,0.5499445162131451
flip_flop,1806016308,qlstm,16,0.5042056231177412,0.5491400633472949
flip_flop,1806016308,qlstm,17,0.5048864660784602,0.5499353270279244
flip_flop,1806016308,qlstm,18,0.5017805719398893,0.5504208453348838
flip_flop,1806016308,qlstm,19,0.5035882420488633,0.5494477740721777
flip_flop,1806016308,qlstm,20,0.5018962738104165,0.5517030059709214
flip_flop,1806016308,qlstm,21,0.5017370645655319,0.5508776733768173
flip_flop,1806016308,qlstm,22,0.5039049996994436,0.5496732998872176
flip_flop,1806016308,qlstm,23,0.5029260985902511,0.5496730117010884
flip_flop,1806016308,qlstm,24,0.5037594275781885,0.5505582505138591
flip_flop,1806016308,qlstm,25,0.5032705015037209,0.548918335698545
flip_flop,1806016308,qlstm,26,0.5044527227291837,0.5518778560799547
flip_flop,1806016308,qlstm,27,0.5046578551409766,0.5492800259380601
flip_flop,1806016308,qlstm,28,0.5026582049904391,0.5486548239132389
flip_flop,1806016308,qlstm,29,0.5018164059729315,0.5487680107471533
flip_flop,1806016308,qlstm,30,0.5015479351277463,0.5512594195315614
flip_flop,1806016308,qlstm,31,0.5017745671793818,0.5502297386410646
flip_flop,1806016308,qslstm,0,6.955278570681912,0.6486747148446739
flip_flop,1806016308,qslstm,1,6.737193630377533,0.6460950705222785
flip_flop,1806016308,qslstm,2,5.4650412629098355,0.6449603554792702
flip_flop,1806016308,qslstm,3,7.959588597388574,0.641087478492409
flip_flop,1806016308,qslstm,4,5.9902578885489675,0.6453828898956999
flip_flop,1806016308,qslstm,5,3.210986951803534,0.6475966993602924
flip_flop,1806016308,qslstm,6,3.495888928633576,0.6444666916504502
flip_flop,1806016308,qslstm,7,5.348549456121873,0.6431751734926365
flip_flop,1806016308,qslstm,8,3.748283031804931,0.6464118470321409
flip_flop,1806016308,qslstm,9,4.814714776877736,0.6494456233922392
flip_flop,1806016308,qslstm,10,4.042069090706718,0.6421457366086543
flip_flop,1806016308,qslstm,11,2.673436297873195,0.6489590835408308
flip_flop,1806016308,qslstm,12,7.3215175830709995,0.6466720282915048
flip_flop,1806016308,qslstm,13,2.4513742098897637,0.6501553078414872
flip_flop,1806016308,qslstm,14,6.971440205774343,0.647505461180117
flip_flop,1806016308,qslstm,15,4.326797274533419,0.6486639300710522
flip_flop,1806016308,qslstm,16,6.257626745973539,0.6472525920253247
flip_flop,1806016308,qslstm,17,5.98033819479906,0.6489992741844617
flip_flop,1806016308,qslstm,18,2.0451221719276873,0.6495277337962762
flip_flop,1806016308,qslstm,19,4.37187746820382,0.6474540687049739
flip_flop,1806016308,qslstm,20,1.918191249339543,0.6509284439380281
flip_flop,1806016308,qslstm,21,3.4866919915184553,0.6490802900516428
flip_flop,1806016308,qslstm,22,5.706543753713959,0.6473772085737437
flip_flop,1806016308,qslstm,23,4.719940448464513,0.647854725481011
flip_flop,1806016308,qslstm,24,4.70822218574358,0.6492906209896319
flip_flop,1806016308,qslstm,25,5.836272521598403,0.6469378579640761
flip_flop,1806016308,qslstm,26,3.601798582273659,0.6517074725707062
flip_flop,1806016308,qslstm,27,7.323134364509315,0.6478528666775674
flip_flop,1806016308,qslstm,28,5.344151418988986,0.6470089621143416
flip_flop,1806016308,qslstm,29,3.543865707302757,0.6465497158351354
flip_flop,1806016308,qslstm,30,3.9504104434508918,0.6498115559807047
flip_flop,1806016308,qslstm,31,3.8990710346488413,0.6479846207657829
flip_flop,1885117419,qlstm,0,0.5093982684775256,0.6068799139466137
flip_flop,1885117419,qlstm,1,0.5082335000042804,0.6085664132260717
flip_flop,1885117419,qlstm,2,0.5089512982522137,0.6065861837123521
flip_flop,1885117419,qlstm,3,0.509769823460374,0.6091960022458807
flip_flop,1885117419,qlstm,4,0.5111308616469614,0.6075353692867793
flip_flop,1885117419,qlstm,5,0.507349650724791,0.6082017383887433
flip_flop,1885117419,qlstm,6,0.5102245929301716,0.6076363127795048
flip_flop,1885117419,qlstm,7,0.509858169418294,0.6090383340488188
flip_flop,1885117419,qlstm,8,0.5101463136379607,0.6070969327702187
flip_flop,1885117419,qlstm,9,0.5073777735233307,0.6046387434471399
flip_flop,1885117419,qlstm,10,0.509581376623828,0.6112578674219549
flip_flop,1885117419,qlstm,11,0.5089373096707277,0.6083860053331591
flip_flop,1885117419,qlstm,12,0.5082529243081808,0.6040396827738732
flip_flop,1885117419,qlstm,13,0.508110131137073,0.6032045298488811
flip_flop,1885117419,qlstm,14,0.5078140234109014,0.607028677710332
flip_flop,1885117419,qlstm,15,0.5098521301988512,0.6088890687096864
flip_flop,1885117419,qlstm,16,0.511181186127942,0.6073132721940055
flip_flop,1885117419,qlstm,17,0.5094981240108609,0.6083834120654501
flip_flop,1885117419,qlstm,18,0.5113254775642417,0.6080509917810559
flip_flop,1885117419,qlstm,19,0.5073252736474387,0.6063912470708601
flip_flop,1885117419,qlstm,20,0.5091784104588442,0.6075786775327288
flip_flop,1885117419,qlstm,21,0.5088151843519881,0.6042525504017249
flip_flop,1885117419,qlstm,22,0.5077756425598636,0.6052686306647956
flip_flop,1885117419,qlstm,23,0.5078236276749521,0.6079545734683052
flip_flop,1885117419,qlstm,24,0.5088839248637669,0.6096119812573306
flip_flop,1885117419,qlstm,25,0.5062841568724252,0.6042810457292944
flip_flop,1885117419,qlstm,26,0.5111898202449083,0.6071223292383365
flip_flop,1885117419,qlstm,27,0.5118196700932458,0.6072298899525777
flip_flop,1885117419,qlstm,28,0.50936269731028,0.6056195347919129
flip_flop,1885117419,qlstm,29,0.5090913993190043,0.6066026302287355
flip_flop,1885117419,qlstm,30,0.5106060556718148,0.6087648006505333
flip_flop,1885117419,qlstm,31,0.5083968380931765,0.6061997061478905
flip_flop,1885117419,qslstm,0,6.9922807232613735,0.6729034956078976
flip_flop,1885117419,qslstm,1,3.4009949906925883,0.6734971143305302
flip_flop,1885117419,qslstm,2,5.0799079580696755,0.6724765688413754
flip_flop,1885117419,qslstm,3,3.911640812888855,0.6757638247217983
flip_flop,1885117419,qslstm,4,6.766927898952872,0.6743686037370935
flip_flop,1885117419,qslstm,5,2.261684257652547,0.6758726739790291
flip_flop,1885117419,qslstm,6,5.82975024833884,0.6751425113761798
flip_flop,1885117419,qslstm,7,4.012704620583392,0.6770888327155262
flip_flop,1885117419,qslstm,8,5.4961766194091055,0.6752927550114691
flip_flop,1885117419,qslstm,9,3.2069317105045876,0.6732784506166354
flip_flop,1885117419,qslstm,10,2.2960126388670616,0.6799935312010348
flip_flop,1885117419,qslstm,11,3.033940760816307,0.6770694374572486
flip_flop,1885117419,qslstm,12,4.89648330172281,0.6726784106576815
flip_flop,1885117419,qslstm,13,4.496006236379898,0.6720756302820519
flip_flop,1885117419,qslstm,14,3.3169763327448294,0.6758543913019821
flip_flop,1885117419,qslstm,15,3.6628474893849656,0.6777259666705504
flip_flop,1885117419,qslstm,16,6.605233733720986,0.6762003200128675
flip_flop,1885117419,qslstm,17,2.815901556158387,0.6778032593429089
flip_flop,1885117419,qslstm,18,5.0310798887256745,0.6773504697484896
flip_flop,1885117419,qslstm,19,2.871912841662656,0.6759739686967805
flip_flop,1885117419,qslstm,20,4.286458769116955,0.677027594530955
flip_flop,1885117419,qslstm,21,5.512157883372517,0.6736180882435292
flip_flop,1885117419,qslstm,22,4.096059513863501,0.6748119556577876
flip_flop,1885117419,qslstm,23,2.7272438140396815,0.6774493773700669
flip_flop,1885117419,qslstm,24,2.4731143690569795,0.6789618976181373
flip_flop,1885117419,qslstm,25,2.0469413172797886,0.6734892381355166
flip_flop,1885117419,qslstm,26,5.710870606624894,0.675989820738323
flip_flop,1885117419,qslstm,27,5.671955264859378,0.6763912866590545
flip_flop,1885117419,qslstm,28,3.956905999716625,0.6749670857097954
flip_flop,1885117419,qslstm,29,4.291493142406871,0.6759872753173113
flip_flop,1885117419,qslstm,30,4.259889321795811,0.6781838434981182
flip_flop,1885117419,qslstm,31,3.703908569757523,0.6756143574602902
flip_flop,1885117419,qslstm_log,0,1.029077277405999,0.5965100652744925
flip_flop,1885117419,qslstm_log,1,0.9946997339074102,0.586429302666969
flip_flop,1885117419,qslstm_log,2,1.0121609283152164,0.5868819274118533
flip_flop,1885117419,qslstm_log,3,1.0107224290066505,0.5889764475960664
flip_flop,1885117419,qslstm_log,4,1.031538800157135,0.5886930982436918
flip_flop,1885117419,qslstm_log,5,0.9912003156794156,0.5886808347661194
flip_flop,1885117419,qslstm_log,6,1.0271330690916884,0.5887912808081937
flip_flop,1885117419,qslstm_log,7,1.0151867922318225,0.5898462746376651
flip_flop,1885117419,qslstm_log,8,1.0271403037340296,0.588862524808504
flip_flop,1885117419,qslstm_log,9,1.0067958837238775,0.5872630460835278
flip_flop,1885117419,qslstm_log,10,1.0050142930328823,0.5911217259329755
flip_flop,1885117419,qslstm_log,11,1.0083702668712302,0.5892854759228674
flip_flop,1885117419,qslstm_log,12,1.0170276400522573,0.5867267364365496
flip_flop,1885117419,qslstm_log,13,1.000029005294893,0.5860344344371085
flip_flop,1885117419,qslstm_log,14,0.9999134931835739,0.5881868971671118
flip_flop,1885117419,qslstm_log,15,1.0147766882941551,0.5896376041631185
flip_flop,1885117419,qslstm_log,16,1.0349587637083604,0.589196627639445
flip_flop,1885117419,qslstm_log,17,1.0154612483002992,0.5899323811535246
flip_flop,1885117419,qslstm_log,18,1.0334752874562845,0.5899901374295802
flip_flop,1885117419,qslstm_log,19,1.0021385708255843,0.5885125430501754
flip_flop,1885117419,qslstm_log,20,1.0126948710970338,0.589328238680433
flip_flop,1885117419,qslstm_log,21,1.0202474706783957,0.5875503467602964
flip_flop,1885117419,qslstm_log,22,1.0046627435687427,0.5879634904932769
flip_flop,1885117419,qslstm_log,23,0.9948947763037754,0.589167626291414
flip_flop,1885117419,qslstm_log,24,1.000086364006793,0.589848010449353
flip_flop,1885117419,qslstm_log,25,0.9867710833546166,0.5862389330845064
flip_flop,1885117419,qslstm_log,26,1.02664972664601,0.5885570228147003
flip_flop,1885117419,qslstm_log,27,1.0340072775042444,0.5892032040256173
flip_flop,1885117419,qslstm_log,28,1.0300323875601252,0.5885589652413299
flip_flop,1885117419,qslstm_log,29,1.014735064724234,0.5889829793707115
flip_flop,1885117419,qslstm_log,30,1.023156072975655,0.5904802514559705
flip_flop,1885117419,qslstm_log,31,1.0073946686606645,0.5885543400745548
flip_flop,1952804984,qlstm,0,0.5862113866023719,0.6135764280334115
flip_flop,1952804984,qlstm,1,0.5859893511515111,0.6130197824095376
flip_flop,1952804984,qlstm,2,0.5852043510531075,0.612032339675352
flip_flop,1952804984,qlstm,3,0.5829067843151279,0.6094788545742631
flip_flop,1952804984,qlstm,4,0.5840206622378901,0.6103608079720289
flip_flop,1952804984,qlstm,5,0.5830702757812105,0.6105285233352333
flip_flop,1952804984,qlstm,6,0.5829603133606724,0.6095475209876895
flip_flop,1952804984,qlstm,7,0.5836431165225804,0.6101615579100326
flip_flop,1952804984,qlstm,8,0.5821661330992356,0.6086207870393991
flip_flop,1952804984,qlstm,9,0.5838030095910653,0.6104456233442761
flip_flop,1952804984,qlstm,10,0.584754154260736,0.610994856338948
flip_flop,1952804984,qlstm,11,0.5841255815466866,0.609925318567548
flip_flop,1952804984,qlstm,12,0.5843858069274575,0.6090651977574453
flip_flop,1952804984,qlstm,13,0.5845027911127545,0.6098577475058846
flip_flop,1952804984,qlstm,14,0.5830356450169347,0.609542190330103
flip_flop,1952804984,qlstm,15,0.5847675680997781,0.6115712868049741
flip_flop,1952804984,qlstm,16,0.5832616126281209,0.6099643823108636
flip_flop,1952804984,qlstm,17,0.5836366355069913,0.6105267099919729
flip_flop,1952804984,qlstm,18,0.5828550935839303,0.610024374211207
flip_flop,1952804984,qlstm,19,0.583005762193352,0.6091015098500066
flip_flop,1952804984,qlstm,20,0.5818517876905389,0.608886725094635
flip_flop,1952804984,qlstm,21,0.5814684797078371,0.6087655016453937
flip_flop,1952804984,qlstm,22,0.5833146526128985,0.6109384872834198
flip_flop,1952804984,qlstm,23,0.5829736014711671,0.6100393394008279
flip_flop,1952804984,qlstm,24,0.5841598510160111,0.6111232376424596
flip_flop,1952804984,qlstm,25,0.582243180135265,0.6083354570437223
flip_flop,1952804984,qlstm,26,0.5838506822474301,0.6106761473347433
flip_flop,1952804984,qlstm,27,0.5832837300840765,0.6109475760022178
flip_flop,1952804984,qlstm,28,0.5844765581423417,0.6110150123131461
flip_flop,1952804984,qlstm,29,0.5837265202426352,0.6100703018601052
flip_flop,1952804984,qlstm,30,0.5851110976655036,0.6111653783009388
flip_flop,1952804984,qlstm,31,0.5825951857259497,0.6080882023670711
flip_flop,1952804984,qslstm,0,3.9521668991365004,0.6030241856351495
flip_flop,1952804984,qslstm,1,4.337810651071777,0.6034214906394482
flip_flop,1952804984,qslstm,2,4.780264159548096,0.6027588528231718
flip_flop,1952804984,qslstm,3,4.777911084853258,0.5996672022738494
flip_flop,1952804984,qslstm,4,6.168065385983937,0.6012739012949169
flip_flop,1952804984,qslstm,5,2.3542214034096105,0.6013426976860501
flip_flop,1952804984,qslstm,6,6.520884305757136,0.6004835086641833
flip_flop,1952804984,qslstm,7,5.055790920312575,0.6018650019541383
flip_flop,1952804984,qslstm,8,4.459865992146661,0.5995712712174281
flip_flop,1952804984,qslstm,9,3.2451434032209363,0.6023378731915727
flip_flop,1952804984,qslstm,10,6.398504690343543,0.6035255229799077
flip_flop,1952804984,qslstm,11,4.091016188122012,0.6025246987701394
flip_flop,1952804984,qslstm,12,5.044971223394896,0.6017507575452328
flip_flop,1952804984,qslstm,13,3.1480475130338164,0.6027699005790055
flip_flop,1952804984,qslstm,14,2.5050701127292996,0.6016701352200471
flip_flop,1952804984,qslstm,15,3.5968000226312142,0.6037528667948209
flip_flop,1952804984,qslstm,16,3.2570356640353566,0.6012651378987357
flip_flop,1952804984,qslstm,17,3.8402938744038693,0.6018521733931266
flip_flop,1952804984,qslstm,18,3.645294515961723,0.6012890730053186
flip_flop,1952804984,qslstm,19,5.485479674853195,0.6008883227477781
flip_flop,1952804984,qslstm,20,4.380638290091156,0.6005448346841149
flip_flop,1952804984,qslstm,21,4.15470488243227,0.6001377619686536
flip_flop,1952804984,qslstm,22,3.43231884069246,0.6028368662809953
flip_flop,1952804984,qslstm,23,4.294496446374978,0.601927770243492
flip_flop,1952804984,qslstm,24,5.572217107746837,0.6041100488509983
flip_flop,1952804984,qslstm,25,4.359432161403674,0.6004718421609141
flip_flop,1952804984,qslstm,26,4.455315821129261,0.6036866305512376
flip_flop,1952804984,qslstm,27,1.1263350103399716,0.6029833789216354
flip_flop,1952804984,qslstm,28,6.136212549678021,0.6034591879579239
flip_flop,1952804984,qslstm,29,5.978983553432045,0.6027935451711528
flip_flop,1952804984,qslstm,30,4.11465580418735,0.6042857163120061
flip_flop,1952804984,qslstm,31,5.0314047601641505,0.5997396994498558
flip_flop,1992756749,qlstm,0,0.5188323352485895,0.5864778526593
flip_flop,1992756749,qlstm,1,0.5178669542074203,0.5856047990382649
flip_flop,1992756749,qlstm,2,0.5182491536252201,0.5873239461798221
flip_flop,1992756749,qlstm,3,0.5175912565318868,0.5844780031475239
flip_flop,1992756749,qlstm,4,0.5190705176210031,0.588343852374237
flip_flop,1992756749,qlstm,5,0.5183352738968097,0.5856865323148668
flip_flop,1992756749,qlstm,6,0.5164469091687351,0.5830907682538964
flip_flop,1992756749,qlstm,7,0.5185062442324124,0.5865919436328113
flip_flop,1992756749,qlstm,8,0.5182739506708458,0.5848966444609687
flip_flop,1992756749,qlstm,9,0.5189781518420205,0.5873237730702385
flip_flop,1992756749,qlstm,10,0.5208599618636072,0.586151582247112
flip_flop,1992756749,qlstm,11,0.5183134420076385,0.5817212923429906
flip_flop,1992756749,qlstm,12,0.5181345929740928,0.5886818030267023
flip_flop,1992756749,qlstm,13,0.5164897463400848,0.5837429198436439
flip_flop,1992756749,qlstm,14,0.5170624022721313,0.5843058101600036
flip_flop,1992756749,qlstm,15,0.5151524393004365,0.5844656687695533
flip_flop,1992756749,qlstm,16,0.521346963068936,0.5873664457467385
flip_flop,1992756749,qlstm,17,0.5161120485281572,0.5843748081242666
flip_flop,1992756749,qlstm,18,0.5187805162859149,0.5876362245762721
flip_flop,1992756749,qlstm,19,0.5168574834242463,0.5843808627105318
flip_flop,1992756749,qlstm,20,0.5188290937803686,0.5874212477938272
flip_flop,1992756749,qlstm,21,0.5187370251514949,0.5871099355281331
flip_flop,1992756749,qlstm,22,0.517052338924259,0.5844260696321726
flip_flop,1992756749,qlstm,23,0.516477174765896,0.5836356930667534
flip_flop,1992756749,qlstm,24,0.5188590532052331,0.5862041899817996
flip_flop,1992756749,qlstm,25,0.518086054828018,0.5874764120671898
flip_flop,1992756749,qlstm,26,0.5182880173670128,0.5867976974695921
flip_flop,1992756749,qlstm,27,0.5184206006815657,0.5865219184197485
flip_flop,1992756749,qlstm,28,0.5180255867308006,0.5834444541251287
flip_flop,1992756749,qlstm,29,0.5179692329838872,0.5875800685025752
flip_flop,1992756749,qlstm,30,0.5157876515295357,0.583517630409915
flip_flop,1992756749,qlstm,31,0.5188383281347342,0.5873741603572853
flip_flop,1992756749,qslstm,0,142.66865097216942,0.5960195094812661
flip_flop,1992756749,qslstm,1,116.16409789538375,0.594322138116695
flip_flop,1992756749,qslstm,2,103.55064623108046,0.5944926809170283
flip_flop,1992756749,qslstm,3,103.44804761040541,0.5931298694922589
flip_flop,1992756749,qslstm,4,96.23075809629881,0.594150687858928
flip_flop,1992756749,qslstm,5,95.53379850193778,0.5927389075513929
flip_flop,1992756749,qslstm,6,97.74479027960479,0.591241660353262
flip_flop,1992756749,qslstm,7,84.78743927030882,0.5924587528570555
flip_flop,1992756749,qslstm,8,89.94448756994825,0.5914390227990225
flip_flop,1992756749,qslstm,9,84.98727303414034,0.5921390421572141
flip_flop,1992756749,qslstm,10,86.0165013318001,0.5913898999569938
flip_flop,1992756749,qslstm,11,89.79949363956985,0.5898844634648412
flip_flop,1992756749,qslstm,12,73.36229546312097,0.5920349315274507
flip_flop,1992756749,qslstm,13,85.28340314564412,0.5900130395311862
flip_flop,1992756749,qslstm,14,79.95476537595732,0.5904192792950198
flip_flop,1992756749,qslstm,15,74.84568241265333,0.590177891543135
flip_flop,1992756749,qslstm,16,86.08311010718262,0.5912116209510714
flip_flop,1992756749,qslstm,17,75.51737252430166,0.5899248433997855
flip_flop,1992756749,qslstm,18,78.27690665751106,0.5913312729098834
flip_flop,1992756749,qslstm,19,84.4009405053057,0.5901817872654647
flip_flop,1992756749,qslstm,20,74.79662912896947,0.5912085526506416
flip_flop,1992756749,qslstm,21,76.19064387713479,0.5912683404749259
flip_flop,1992756749,qslstm,22,79.65153375973478,0.5904016947606578
flip_flop,1992756749,qslstm,23,79.01649710640595,0.5901554791489616
flip_flop,1992756749,qslstm,24,81.49512127527578,0.5909870010218583
flip_flop,1992756749,qslstm,25,77.3577301234136,0.5914333909749985
flip_flop,1992756749,qslstm,26,76.33712890372226,0.5912824490806088
flip_flop,1992756749,qslstm,27,75.84991984216322,0.5912510099005885
flip_flop,1992756749,qslstm,28,81.6996184329837,0.590068917546887
flip_flop,1992756749,qslstm,29,72.7937849408936,0.5916288712178357
flip_flop,1992756749,qslstm,30,74.63150415872042,0.5902662657899782
flip_flop,1992756749,qslstm,31,74.12868908885048,0.5915734840091318
flip_flop,2036585866,qlstm,0,0.4448747733840719,0.494389328348916
flip_flop,2036585866,qlstm,1,0.4444782754871994,0.49511787586379796
flip_flop,2036585866,qlstm,2,0.4440085214446299,0.4962157300906256
flip_flop,2036585866,qlstm,3,0.4439323720871471,0.4957782841520384
flip_flop,2036585866,qlstm,4,0.4435152952792123,0.4954998980392702
flip_flop,2036585866,qlstm,5,0.4447069962625392,0.49427472398383543
flip_flop,2036585866,qlstm,6,0.4435036575887352,0.495984518842306
flip_flop,2036585866,qlstm,7,0.44563892274163663,0.4942812061053701
flip_flop,2036585866,qlstm,8,0.4440460516489111,0.49566857662284747
flip_flop,2036585866,qlstm,9,0.4454736443585716,0.49460597132565454
flip_flop,2036585866,qlstm,10,0.4446578858769499,0.4937816517194733
flip_flop,2036585866,qlstm,11,0.44414070405764505,0.49581913388101384
flip_flop,2036585866,qlstm,12,0.4468410782283172,0.4940379674662836
flip_flop,2036585866,qlstm,13,0.4445607375819236,0.49511291162343696
flip_flop,2036585866,qlstm,14,0.4450283542391844,0.49478182365419343
flip_flop,2036585866,qlstm,15,0.4449763392913155,0.4944601823226549
flip_flop,2036585866,qlstm,16,0.4441363397636451,0.49573881970718503
flip_flop,2036585866,qlstm,17,0.4436539536691271,0.4955520663643256
flip_flop,2036585866,qlstm,18,0.44650113640818745,0.49376883771037683
flip_flop,2036585866,qlstm,19,0.4464568229741417,0.4942299465765245
flip_flop,2036585866,qlstm,20,0.44541293574729934,0.49454116326523945
flip_flop,2036585866,qlstm,21,0.44563417974859476,0.49452471418771893
flip_flop,2036585866,qlstm,22,0.4456875759642571,0.49450201442232355
flip_flop,2036585866,qlstm,23,0.44444089784519747,0.4954745034337975
flip_flop,2036585866,qlstm,24,0.4443445266224444,0.49531526310602203
flip_flop,2036585866,qlstm,25,0.4461759941186756,0.4936492871493101
flip_flop,2036585866,qlstm,26,0.44480976497288793,0.49429105035960674
flip_flop,2036585866,qlstm,27,0.44476258155191317,0.49476300919195637
flip_flop,2036585866,qlstm,28,0.44559589779237285,0.49452154303435236
flip_flop,2036585866,qlstm,29,0.4442660347558558,0.49543346744030714
flip_flop,2036585866,qlstm,30,0.4450207208865322,0.49489121354417875
flip_flop,2036585866,qlstm,31,0.4454725689138286,0.49470394279342145
flip_flop,2036585866,qslstm,0,12.33506032923479,0.47010902682086453
flip_flop,2036585866,qslstm,1,11.4441788878249,0.47157429018989205
flip_flop,2036585866,qslstm,2,11.601166638153778,0.4714459706447087
flip_flop,2036585866,qslstm,3,11.73245662040206,0.4733332491014153
flip_flop,2036585866,qslstm,4,11.95351460078684,0.4765860909828916
flip_flop,2036585866,qslstm,5,11.881395683203891,0.47485661023529246
flip_flop,2036585866,qslstm,6,11.432109517063733,0.475107739912346
flip_flop,2036585866,qslstm,7,11.559153248239566,0.47277614643098786
flip_flop,2036585866,qslstm,8,11.38017187370798,0.47537432331591845
flip_flop,2036585866,qslstm,9,11.66455853414114,0.4736296635819599
flip_flop,2036585866,qslstm,10,11.24834354994465,0.47572510776808485
flip_flop,2036585866,qslstm,11,11.014757155216406,0.47442652931204066
flip_flop,2036585866,qslstm,12,11.545246895746189,0.47074357618112117
flip_flop,2036585866,qslstm,13,11.441357960410883,0.4742820749524981
flip_flop,2036585866,qslstm,14,11.300337812541951,0.4720807096455246
flip_flop,2036585866,qslstm,15,11.51350115160113,0.473730722325854
flip_flop,2036585866,qslstm,16,11.659991798675916,0.4754613842233084
flip_flop,2036585866,qslstm,17,11.604452242683706,0.47614486009115353
flip_flop,2036585866,qslstm,18,11.973279628175112,0.47314648318570107
flip_flop,2036585866,qslstm,19,11.597335603014685,0.4715748858288862
flip_flop,2036585866,qslstm,20,11.969182696785527,0.474578506895341
flip_flop,2036585866,qslstm,21,12.474688350830867,0.4741896379273385
flip_flop,2036585866,qslstm,22,11.902141483844662,0.4733097030548379
flip_flop,2036585866,qslstm,23,11.707565789340135,0.4743204449187033
flip_flop,2036585866,qslstm,24,12.128846256254576,0.4751713594305329
flip_flop,2036585866,qslstm,25,11.953114775708395,0.4742922756122425
flip_flop,2036585866,qslstm,26,11.585246360777056,0.47481987479841337
flip_flop,2036585866,qslstm,27,11.68008949103344,0.4742135072592646
flip_flop,2036585866,qslstm,28,11.656985253951316,0.4744249433861114
flip_flop,2036585866,qslstm,29,11.408057600725929,0.4739700290374458
flip_flop,2036585866,qslstm,30,11.689831551565444,0.4739651098498143
flip_flop,2036585866,qslstm,31,11.628011605107902,0.47444647777592763
flip_flop,266064982,qlstm,0,0.5685231484239921,0.5349422129802406
flip_flop,266064982,qlstm,1,0.5670326093095355,0.534977717383299
flip_flop,266064982,qlstm,2,0.5683361983392388,0.5357451193849556
flip_flop,266064982,qlstm,3,0.5658601082395762,0.5344302525627427
flip_flop,266064982,qlstm,4,0.5650350183714181,0.5328265799325891
flip_flop,266064982,qlstm,5,0.5668355269590393,0.5347637530649081
flip_flop,266064982,qlstm,6,0.5697115298244171,0.5346716662170365
flip_flop,266064982,qlstm,7,0.5681460223277099,0.5336715815356001
flip_flop,266064982,qlstm,8,0.5650228567537852,0.5338094407343306
flip_flop,266064982,qlstm,9,0.5666023375233635,0.5340397544205189
flip_flop,266064982,qlstm,10,0.5685522853164002,0.5342745791422203
flip_flop,266064982,qlstm,11,0.5666077600326389,0.5343563245842233
flip_flop,266064982,qlstm,12,0.5672423095093109,0.5343535081483424
flip_flop,266064982,qlstm,13,0.5666129644378088,0.5341463823569939
flip_flop,266064982,qlstm,14,0.5639142036670819,0.5331208943389356
flip_flop,266064982,qlstm,15,0.5646584638743661,0.5336829451844096
flip_flop,266064982,qlstm,16,0.5673575079999864,0.5357331614359282
flip_flop,266064982,qlstm,17,0.5674149626283906,0.5336474357754923
flip_flop,266064982,qlstm,18,0.5664852462941781,0.5340492743416689
flip_flop,266064982,qlstm,19,0.5671818481641822,0.5339136163238436
flip_flop,266064982,qlstm,20,0.5690980328363366,0.5343232951709069
flip_flop,266064982,qlstm,21,0.5687858144519851,0.5342089014593512
flip_flop,266064982,qlstm,22,0.5658497866243124,0.5320321907638572
flip_flop,266064982,qlstm,23,0.5654522063559853,0.5337202471564524
flip_flop,266064982,qlstm,24,0.5641374547849409,0.5323123543639667
flip_flop,266064982,qlstm,25,0.5685734811704606,0.5340348874451593
flip_flop,266064982,qlstm,26,0.5660983573179692,0.5326497798669152
flip_flop,266064982,qlstm,27,0.5663172330823727,0.5345941196428612
flip_flop,266064982,qlstm,28,0.5656215128256008,0.532963031786494
flip_flop,266064982,qlstm,29,0.5667427174048498,0.534208620316349
flip_flop,266064982,qlstm,30,0.5667662872583605,0.533799569006078
flip_flop,266064982,qlstm,31,0.567477245873306,0.5344282804289833
flip_flop,266064982,qslstm,0,95.69309222789889,0.700012540910393
flip_flop,266064982,qslstm,1,78.88462011191541,0.6975823638495058
flip_flop,266064982,qslstm,2,73.75327853115868,0.6987953268690035
flip_flop,266064982,qslstm,3,72.83194016657106,0.6971233863150701
flip_flop,266064982,qslstm,4,75.99131499954848,0.6959889899007976
flip_flop,266064982,qslstm,5,66.84284095427574,0.6976586270611733
flip_flop,266064982,qslstm,6,64.17441297838053,0.6989673709031194
flip_flop,266064982,qslstm,7,65.85860752926078,0.6978393630124629
flip_flop,266064982,qslstm,8,62.77800424288726,0.6963190952083096
flip_flop,266064982,qslstm,9,64.52609041016441,0.6968824095092714
flip_flop,266064982,qslstm,10,64.18436332828895,0.6975463513517752
flip_flop,266064982,qslstm,11,58.50148650431478,0.696966539369896
flip_flop,266064982,qslstm,12,61.40054988508655,0.6968576370272785
flip_flop,266064982,qslstm,13,61.473271699879305,0.6964560988126323
flip_flop,266064982,qslstm,14,58.9940013248274,0.6952133182203397
flip_flop,266064982,qslstm,15,56.61555652184755,0.6958357755793259
flip_flop,266064982,qslstm,16,51.66421833345377,0.6979275592602789
flip_flop,266064982,qslstm,17,62.616590352736736,0.6967853021342307
flip_flop,266064982,qslstm,18,56.59989890060786,0.6967714823549613
flip_flop,266064982,qslstm,19,58.729962318368614,0.6967770156916231
flip_flop,266064982,qslstm,20,62.64454421942228,0.6976012722589076
flip_flop,266064982,qslstm,21,60.68662402451601,0.6974856294691563
flip_flop,266064982,qslstm,22,65.6289534639177,0.6947254347614944
flip_flop,266064982,qslstm,23,54.70252203517504,0.6958204841939732
flip_flop,266064982,qslstm,24,57.24831631009231,0.6944553920766339
flip_flop,266064982,qslstm,25,55.352054257674155,0.6970465409103781
flip_flop,266064982,qslstm,26,61.10756600321701,0.6954328408464789
flip_flop,266064982,qslstm,27,50.94137182249528,0.6966189969098195
flip_flop,266064982,qslstm,28,58.530459824354345,0.6956371973501518
flip_flop,266064982,qslstm,29,52.381021624306825,0.6966351890005171
flip_flop,266064982,qslstm,30,56.70692884959834,0.6966467330930755
flip_flop,266064982,qslstm,31,53.36213184284794,0.6974358479492366
flip_flop,435874469,qlstm,0,0.4606764268828556,0.5861812310176902
flip_flop,435874469,qlstm,1,0.46081027621403337,0.5847904902766459
flip_flop,435874469,qlstm,2,0.460875898366794,0.5850679355207831
flip_flop,435874469,qlstm,3,0.46193802973721176,0.5842619562172331
flip_flop,435874469,qlstm,4,0.4624168520094827,0.5838863443350419
flip_flop,435874469,qlstm,5,0.46246867708396167,0.583370255830232
flip_flop,435874469,qlstm,6,0.4633818934089504,0.5833133448031731
flip_flop,435874469,qlstm,7,0.46355090680299327,0.5813854766893201
flip_flop,435874469,qlstm,8,0.46348603075603023,0.5827522295876406
flip_flop,435874469,qlstm,9,0.46452161675551906,0.5817243734491058
flip_flop,435874469,qlstm,10,0.46432293247198686,0.5822531214798801
flip_flop,435874469,qlstm,11,0.46336283534765244,0.5823641433380544
flip_flop,435874469,qlstm,12,0.4637498104129918,0.5823439363739453
flip_flop,435874469,qlstm,13,0.4649769318639301,0.5811023900751024
flip_flop,435874469,qlstm,14,0.4633960510836914,0.5821965757058933
flip_flop,435874469,qlstm,15,0.4647909156046808,0.5810986192082055
flip_flop,435874469,qlstm,16,0.463832997076679,0.5821158182807267
flip_flop,435874469,qlstm,17,0.464186149998568,0.5806998572079465
flip_flop,435874469,qlstm,18,0.46393865713616833,0.5815778691903688
flip_flop,435874469,qlstm,19,0.46377919951919466,0.5813309767399915
flip_flop,435874469,qlstm,20,0.46415228286059573,0.5810042407247238
flip_flop,435874469,qlstm,21,0.46383172349305823,0.5814422944677062
flip_flop,435874469,qlstm,22,0.4668315511662513,0.5803311316412874
flip_flop,435874469,qlstm,23,0.46447247761534527,0.5812957818270661
flip_flop,435874469,qlstm,24,0.46493188838940114,0.581381009251345
flip_flop,435874469,qlstm,25,0.46304718765895814,0.582054205937311
flip_flop,435874469,qlstm,26,0.46357444796012715,0.581520595762413
flip_flop,435874469,qlstm,27,0.4658061801455915,0.5803409782238305
flip_flop,435874469,qlstm,28,0.46355772303650156,0.5819127762806602
flip_flop,435874469,qlstm,29,0.46394711430184543,0.5811817781650461
flip_flop,435874469,qlstm,30,0.4648206647252664,0.581024571612943
flip_flop,435874469,qlstm,31,0.46411280357278883,0.5810116398497485
flip_flop,435874469,qslstm,0,4.695166168470678,0.7114468405488878
flip_flop,435874469,qslstm,1,1.5908502483507618,0.7055746801197529
flip_flop,435874469,qslstm,2,7.075459171597686,0.7070937128737569
flip_flop,435874469,qslstm,3,24.126076217438822,0.7064503313740715
flip_flop,435874469,qslstm,4,30.20827347278373,0.7063271248480305
flip_flop,435874469,qslstm,5,32.51787527015131,0.7054219563724473
flip_flop,435874469,qslstm,6,38.390673318502195,0.7070151995867491
flip_flop,435874469,qslstm,7,46.73721239501833,0.702532735071145
flip_flop,435874469,qslstm,8,54.43094928331425,0.7066636805539019
flip_flop,435874469,qslstm,9,58.982593148180854,0.7063101056264713
flip_flop,435874469,qslstm,10,43.42615248839343,0.7065495053539053
flip_flop,435874469,qslstm,11,25.859652240624882,0.7063810678664595
flip_flop,435874469,qslstm,12,39.70213644258877,0.708286332723219
flip_flop,435874469,qslstm,13,40.488846128577165,0.7043017029063776
flip_flop,435874469,qslstm,14,49.13822376373048,0.7072444140794687
flip_flop,435874469,qslstm,15,42.52181930779591,0.706169614859391
flip_flop,435874469,qslstm,16,36.20421791360843,0.7081134176114574
flip_flop,435874469,qslstm,17,31.660697397235708,0.7034084653714672
flip_flop,435874469,qslstm,18,23.321907816826638,0.7063742381287739
flip_flop,435874469,qslstm,19,25.585134999683874,0.7064926569582894
flip_flop,435874469,qslstm,20,20.103375348353154,0.7047460816102102
flip_flop,435874469,qslstm,21,8.87662500767226,0.7053249918390065
flip_flop,435874469,qslstm,22,81.54483895493831,0.7062566091190092
flip_flop,435874469,qslstm,23,39.1558548175654,0.7055732774315402
flip_flop,435874469,qslstm,24,41.89601874463699,0.7076029374729842
flip_flop,435874469,qslstm,25,23.61427528325919,0.7071905285702087
flip_flop,435874469,qslstm,26,21.548174432331052,0.7047608246211894
flip_flop,435874469,qslstm,27,86.30390561702382,0.7056498191086575
flip_flop,435874469,qslstm,28,21.558450478755788,0.7070547822513618
flip_flop,435874469,qslstm,29,39.045288186922164,0.7057131048641168
flip_flop,435874469,qslstm,30,38.92716119727709,0.7067825486883521
flip_flop,435874469,qslstm,31,34.54263971209616,0.7038138983189128
flip_flop,484324222,qlstm,0,0.4507911739638075,0.5899578148964792
flip_flop,484324222,qlstm,1,0.4521761859068647,0.5889286774327047
flip_flop,484324222,qlstm,2,0.4515270156553015,0.5892618580255657
flip_flop,484324222,qlstm,3,0.451744943857193,0.5888737478526309
flip_flop,484324222,qlstm,4,0.45213522377889603,0.5881276141735725
flip_flop,484324222,qlstm,5,0.4519841170986183,0.5884325798251666
flip_flop,484324222,qlstm,6,0.45274304394843057,0.5883229891769588
flip_flop,484324222,qlstm,7,0.45145798043813556,0.5884297845186666
flip_flop,484324222,qlstm,8,0.45290215086424723,0.5872422744869255
flip_flop,484324222,qlstm,9,0.45263301028171554,0.5880348182981834
flip_flop,484324222,qlstm,10,0.45398259517969564,0.5868987150606699
flip_flop,484324222,qlstm,11,0.4519857535487972,0.5880019582691602
flip_flop,484324222,qlstm,12,0.452348388673272,0.5875027827569284
flip_flop,484324222,qlstm,13,0.4546659832703881,0.5864120609476231
flip_flop,484324222,qlstm,14,0.45256813225569203,0.587450324150268
flip_flop,484324222,qlstm,15,0.45314909040462226,0.5871981506352313
flip_flop,484324222,qlstm,16,0.4529069547425024,0.5877335151308216
flip_flop,484324222,qlstm,17,0.4537913131644018,0.5864963235217147
flip_flop,484324222,qlstm,18,0.45270459941821173,0.5872368637938052
flip_flop,484324222,qlstm,19,0.4533278946764767,0.5870831675711088
flip_flop,484324222,qlstm,20,0.4557631657808088,0.5853141051484272
flip_flop,484324222,qlstm,21,0.4536878639482893,0.5876076420536265
flip_flop,484324222,qlstm,22,0.4530305413645692,0.5878778052865528
flip_flop,484324222,qlstm,23,0.4545024295221083,0.5859104149276391
flip_flop,484324222,qlstm,24,0.4538383375038393,0.586454875243362
flip_flop,484324222,qlstm,25,0.4527817818452604,0.5876576559967361
flip_flop,484324222,qlstm,26,0.45219380810158327,0.5866919489344582
flip_flop,484324222,qlstm,27,0.4532122319797054,0.586724869441241
flip_flop,484324222,qlstm,28,0.45386299991514534,0.5864835794200189
flip_flop,484324222,qlstm,29,0.45381590124452487,0.5866797860362567
flip_flop,484324222,qlstm,30,0.4520855317823589,0.5867099527386017
flip_flop,484324222,qlstm,31,0.45484022417804226,0.5856700417934917
flip_flop,484324222,qslstm,0,3953.3459816608147,0.7235598169500008
flip_flop,484324222,qslstm,1,3149.6894573330956,0.7227710807928815
flip_flop,484324222,qslstm,2,3082.6523865244435,0.7229014710756019
flip_flop,484324222,qslstm,3,3069.3345211461456,0.7228808356449008
flip_flop,484324222,qslstm,4,3046.0350816576038,0.7216063978848979
flip_flop,484324222,qslstm,5,3043.512171009851,0.7224700521910563
flip_flop,484324222,qslstm,6,3081.1608664141704,0.7219226480228826
flip_flop,484324222,qslstm,7,3159.7607254291497,0.7226862058741972
flip_flop,484324222,qslstm,8,3129.7123592485295,0.7216197904199362
flip_flop,484324222,qslstm,9,3114.973964678342,0.72205643390771
flip_flop,484324222,qslstm,10,3195.392517286611,0.7211891303304583
flip_flop,484324222,qslstm,11,3190.5725588178216,0.7227344583952799
flip_flop,484324222,qslstm,12,3157.0381523506107,0.7220400179503486
flip_flop,484324222,qslstm,13,3161.8840085441616,0.7208368184510618
flip_flop,484324222,qslstm,14,3098.454869621993,0.7217433418845758
flip_flop,484324222,qslstm,15,3113.679127555314,0.7216875669546425
flip_flop,484324222,qslstm,16,3079.3486649277784,0.7223969678161666
flip_flop,484324222,qslstm,17,3134.2165540531882,0.72108605701942
flip_flop,484324222,qslstm,18,3073.778568496888,0.7220766235841438
flip_flop,484324222,qslstm,19,3044.06006246238,0.7218565439106897
flip_flop,484324222,qslstm,20,3068.4608003333315,0.7195322908228263
flip_flop,484324222,qslstm,21,3021.539549957246,0.7217394191538915
flip_flop,484324222,qslstm,22,3045.61436123975,0.7223448854638264
flip_flop,484324222,qslstm,23,3222.9415348225234,0.7203754887450486
flip_flop,484324222,qslstm,24,3045.95306673161,0.7208512510405853
flip_flop,484324222,qslstm,25,3023.331957536221,0.7221051007509232
flip_flop,484324222,qslstm,26,3097.332213820516,0.7216463810764253
flip_flop,484324222,qslstm,27,3051.6492856222376,0.7214811737649143
flip_flop,484324222,qslstm,28,3067.7440552684766,0.7209715907229111
flip_flop,484324222,qslstm,29,3095.46813082958,0.721246414585039
flip_flop,484324222,qslstm,30,3139.0503962047214,0.7213802119949833
flip_flop,484324222,qslstm,31,3135.531423711891,0.720106077613309
flip_flop,83453494,qlstm,0,0.5462045883759856,0.574747821665369
flip_flop,83453494,qlstm,1,0.5450477210106328,0.5770187245798297
flip_flop,83453494,qlstm,2,0.543251370661892,0.571969990094658
flip_flop,83453494,qlstm,3,0.5426873528049327,0.5731594650424086
flip_flop,83453494,qlstm,4,0.5447595829609782,0.5746362886275165
flip_flop,83453494,qlstm,5,0.5437609810614958,0.5740247527719475
flip_flop,83453494,qlstm,6,0.5429785966407508,0.5745094638550654
flip_flop,83453494,qlstm,7,0.5379815598716959,0.570398130803369
flip_flop,83453494,qlstm,8,0.5427983802510425,0.5740607322077267
flip_flop,83453494,qlstm,9,0.5442805287893862,0.5741649233968928
flip_flop,83453494,qlstm,10,0.5408752196817659,0.575391591177322
flip_flop,83453494,qlstm,11,0.541993998165708,0.5746430528233759
flip_flop,83453494,qlstm,12,0.5423090809490532,0.5754339789855294
flip_flop,83453494,qlstm,13,0.5444992213742808,0.5748288474860601
flip_flop,83453494,qlstm,14,0.5449714420246892,0.5728488692548126
flip_flop,83453494,qlstm,15,0.5446235663839616,0.57286691426998
flip_flop,83453494,qlstm,16,0.5450751921744086,0.5742533683078364
flip_flop,83453494,qlstm,17,0.5420090607949533,0.5726904587354511
flip_flop,83453494,qlstm,18,0.5411986347753555,0.5724005953525193
flip_flop,83453494,qlstm,19,0.543997919303365,0.5767421688651666
flip_flop,83453494,qlstm,20,0.542209843872115,0.5725832549505867
flip_flop,83453494,qlstm,21,0.5441243404056877,0.5747699482017197
flip_flop,83453494,qlstm,22,0.5421547156292945,0.5749834969756193
flip_flop,83453494,qlstm,23,0.5446359027409926,0.5761003696243279
flip_flop,83453494,qlstm,24,0.543882105674129,0.5757476781727746
flip_flop,83453494,qlstm,25,0.5407577631995082,0.5726180120254867
flip_flop,83453494,qlstm,26,0.5443208580836654,0.5759899815893732
flip_flop,83453494,qlstm,27,0.5449843973619863,0.5760110557312146
flip_flop,83453494,qlstm,28,0.5417825148324482,0.5752459219074808
flip_flop,83453494,qlstm,29,0.5444257965427823,0.575148090661969
flip_flop,83453494,qlstm,30,0.5431424080743454,0.5763658940559253
flip_flop,83453494,qlstm,31,0.5429667180869728,0.5744245989480987
flip_flop,83453494,qslstm,0,5900.577764638001,0.7165185521589592
flip_flop,83453494,qslstm,1,95.67364034161437,0.7243237920338288
flip_flop,83453494,qslstm,2,155.3477355776704,0.7185024612117559
flip_flop,83453494,qslstm,3,798.1881397431134,0.7205881747649983
flip_flop,83453494,qslstm,4,452.338892885542,0.7217559742275625
flip_flop,83453494,qslstm,5,526.8580460943049,0.7216811786638573
flip_flop,83453494,qslstm,6,487.6663817599765,0.7226406123954803
flip_flop,83453494,qslstm,7,265.2873585365014,0.7183065076824278
flip_flop,83453494,qslstm,8,219.93583809951087,0.7205822952091694
flip_flop,83453494,qslstm,9,334.5522697577835,0.720969099085778
flip_flop,83453494,qslstm,10,381.245937462023,0.7244569434551522
flip_flop,83453494,qslstm,11,281.8315096934093,0.7220864014234394
flip_flop,83453494,qslstm,12,190.61244246229762,0.7231762196170166
flip_flop,83453494,qslstm,13,265.14925513661,0.7215931422542781
flip_flop,83453494,qslstm,14,386.1083453928004,0.7192994615761563
flip_flop,83453494,qslstm,15,463.7795834278222,0.721000509802252
flip_flop,83453494,qslstm,16,459.7873276108876,0.7227670102147385
flip_flop,83453494,qslstm,17,464.439596563112,0.721578688826412
flip_flop,83453494,qslstm,18,438.831008690584,0.7208482547430322
flip_flop,83453494,qslstm,19,397.01583219645545,0.724919072818011
flip_flop,83453494,qslstm,20,336.5324906585156,0.7201888136332855
flip_flop,83453494,qslstm,21,372.58542413654504,0.7227295751217753
flip_flop,83453494,qslstm,22,331.8135164998239,0.7238978131208569
flip_flop,83453494,qslstm,23,408.8625206477591,0.7242698553018272
flip_flop,83453494,qslstm,24,267.27840234024916,0.7238593760412186
flip_flop,83453494,qslstm,25,456.3927630748367,0.7209293399937451
flip_flop,83453494,qslstm,26,316.9969213709701,0.7238571537891403
flip_flop,83453494,qslstm,27,310.3725834173965,0.7240152261219919
flip_flop,83453494,qslstm,28,232.2301406323677,0.7243093345314264
flip_flop,83453494,qslstm,29,271.95311671704985,0.7227681010263041
flip_flop,83453494,qslstm,30,426.4311930977274,0.7251735272584483
flip_flop,83453494,qslstm,31,379.6543253881973,0.7224263943498954
flip_flop,867702092,qlstm,0,0.4523012754507363,0.5026816563913599
flip_flop,867702092,qlstm,1,0.45265781035413966,0.5024753423640504
flip_flop,867702092,qlstm,2,0.4528374787187204,0.5028750819037668
flip_flop,867702092,qlstm,3,0.45375935261836275,0.5013008814421482
flip_flop,867702092,qlstm,4,0.45388715516310185,0.5017130478518084
flip_flop,867702092,qlstm,5,0.4556844661710784,0.5010293091763742
flip_flop,867702092,qlstm,6,0.45460741221904755,0.5020127209136263
flip_flop,867702092,qlstm,7,0.4562907529762015,0.5003002979210578
flip_flop,867702092,qlstm,8,0.4537954921252094,0.5031116692116484
flip_flop,867702092,qlstm,9,0.4551650526118465,0.5022053338470869
flip_flop,867702092,qlstm,10,0.4556279435637407,0.5024266534019262
flip_flop,867702092,qlstm,11,0.45521311729680747,0.5013979557552375
flip_flop,867702092,qlstm,12,0.4555098163546063,0.5015036371187307
flip_flop,867702092,qlstm,13,0.455047826631926,0.5019135811016895
flip_flop,867702092,qlstm,14,0.4564625467173755,0.5014106271555647
flip_flop,867702092,qlstm,15,0.4551855174358934,0.5019460718031041
flip_flop,867702092,qlstm,16,0.45569829049054533,0.5014853915781714
flip_flop,867702092,qlstm,17,0.45475452014943585,0.5020828530541621
flip_flop,867702092,qlstm,18,0.4553113867295906,0.5027819536626339
flip_flop,867702092,qlstm,19,0.4546093415701762,0.5025211682659574
flip_flop,867702092,qlstm,20,0.4555941488943063,0.5015657675685361
flip_flop,867702092,qlstm,21,0.4551471112645231,0.5018772919429466
flip_flop,867702092,qlstm,22,0.45555600529769436,0.501391970727127
flip_flop,867702092,qlstm,23,0.45424588001333177,0.5018368429155089
flip_flop,867702092,qlstm,24,0.4552928192424588,0.502433460264001
flip_flop,867702092,qlstm,25,0.4542475158814341,0.5023431926965714
flip_flop,867702092,qlstm,26,0.45397869165753946,0.5028716961969621
flip_flop,867702092,qlstm,27,0.4536852110759355,0.5031896214932203
flip_flop,867702092,qlstm,28,0.4541902309283614,0.50208893121453
flip_flop,867702092,qlstm,29,0.4548995640943758,0.5020811854046769
flip_flop,867702092,qlstm,30,0.4551360152545385,0.5019604577682912
flip_flop,867702092,qlstm,31,0.45506075443699956,0.5022880202741362
flip_flop,867702092,qslstm,0,380.4363430176072,0.6406423675362021
flip_flop,867702092,qslstm,1,84.60400569080457,0.6388880991726182
flip_flop,867702092,qslstm,2,66.06111267671895,0.6377457312773913
flip_flop,867702092,qslstm,3,60.06805121351272,0.6371150357299484
flip_flop,867702092,qslstm,4,62.08111322482682,0.6359405554248951
flip_flop,867702092,qslstm,5,78.13268633790904,0.6331893220194615
flip_flop,867702092,qslstm,6,92.87074735552892,0.6358762280433439
flip_flop,867702092,qslstm,7,113.5973808109377,0.6324087947723456
flip_flop,867702092,qslstm,8,109.35403778832955,0.6371837154729292
flip_flop,867702092,qslstm,9,126.38297765813024,0.6350954227964394
flip_flop,867702092,qslstm,10,166.15195765187727,0.6346022911020555
flip_flop,867702092,qslstm,11,204.96685634552657,0.6354177131433971
flip_flop,867702092,qslstm,12,196.56305171799988,0.6343874286976643
flip_flop,867702092,qslstm,13,257.1284725279807,0.6366570256650448
flip_flop,867702092,qslstm,14,350.15071911585204,0.6344741547945887
flip_flop,867702092,qslstm,15,248.27542021962978,0.6355642825365067
flip_flop,867702092,qslstm,16,256.60294286260466,0.6351633625454269
flip_flop,867702092,qslstm,17,261.30348925708836,0.6362350329291075
flip_flop,867702092,qslstm,18,275.16896460116754,0.6370677782106213
flip_flop,867702092,qslstm,19,306.9938983460745,0.6376217409269884
flip_flop,867702092,qslstm,20,383.3172311012446,0.6357743623666465
flip_flop,867702092,qslstm,21,241.4897841030637,0.6358094601891935
flip_flop,867702092,qslstm,22,263.42339753969554,0.635328350297641
flip_flop,867702092,qslstm,23,269.45130108953424,0.6377007727860473
flip_flop,867702092,qslstm,24,243.18103669994233,0.6353239463060163
flip_flop,867702092,qslstm,25,264.9945557826059,0.6365657288697548
flip_flop,867702092,qslstm,26,281.3000475305138,0.6386717334971763
flip_flop,867702092,qslstm,27,239.83277286231726,0.6371593489893712
flip_flop,867702092,qslstm,28,251.05182694012052,0.6380197406979278
flip_flop,867702092,qslstm,29,264.6653851311136,0.6370286053279415
flip_flop,867702092,qslstm,30,287.5882672780566,0.6355516904732212
flip_flop,867702092,qslstm,31,230.89907366009646,0.6356931365444325
flip_flop,88159254,qlstm,0,0.5551319131627679,0.5966521211666986
flip_flop,88159254,qlstm,1,0.5530641550431028,0.5961422380642034
flip_flop,88159254,qlstm,2,0.5536935874260962,0.5992145408526994
flip_flop,88159254,qlstm,3,0.5564532196731307,0.5993023454211652
flip_flop,88159254,qlstm,4,0.5533385887392797,0.5946848012390547
flip_flop,88159254,qlstm,5,0.5537223276915029,0.5969713439699262
flip_flop,88159254,qlstm,6,0.554071320570074,0.5984359722351655
flip_flop,88159254,qlstm,7,0.5556313346605748,0.6001456428784877
flip_flop,88159254,qlstm,8,0.5553613717202097,0.5991105870925821
flip_flop,88159254,qlstm,9,0.5533249733271077,0.5981887654634193
flip_flop,88159254,qlstm,10,0.5537788907531649,0.5979553174693137
flip_flop,88159254,qlstm,11,0.5547200267901644,0.5984230352332816
flip_flop,88159254,qlstm,12,0.5545770426979288,0.5983878441038541
flip_flop,88159254,qlstm,13,0.5520494751399383,0.5955986961489543
flip_flop,88159254,qlstm,14,0.55415149172768,0.5972998630604707
flip_flop,88159254,qlstm,15,0.5552490400732495,0.5980265904800035
flip_flop,88159254,qlstm,16,0.5531595845823176,0.5989409589092247
flip_flop,88159254,qlstm,17,0.5545066299382597,0.6019368405104615
flip_flop,88159254,qlstm,18,0.5531960529042408,0.5962941630277783
flip_flop,88159254,qlstm,19,0.5530393428052776,0.5953266981523484
flip_flop,88159254,qlstm,20,0.5536793385981582,0.5956074763089418
flip_flop,88159254,qlstm,21,0.5518738795653917,0.5945839239284396
flip_flop,88159254,qlstm,22,0.5526233327691443,0.5963988322182558
flip_flop,88159254,qlstm,23,0.5510101246763952,0.5934664083761163
flip_flop,88159254,qlstm,24,0.5523534022504464,0.5976113330689259
flip_flop,88159254,qlstm,25,0.554055422428064,0.5983513622777537
flip_flop,88159254,qlstm,26,0.5526194483973086,0.5968685144325718
flip_flop,88159254,qlstm,27,0.5528404143988155,0.5952544472529553
flip_flop,88159254,qlstm,28,0.5541077316738665,0.5978406050708145
flip_flop,88159254,qlstm,29,0.5540803654002957,0.5961889604222961
flip_flop,88159254,qlstm,30,0.5545995614374988,0.5962119633913971
flip_flop,88159254,qlstm,31,0.5536352224298753,0.5959843549062498
flip_flop,88159254,qslstm,0,7.651092871699802,0.6907006140099838
flip_flop,88159254,qslstm,1,3.0928995771717496,0.689646347425878
flip_flop,88159254,qslstm,2,2.203888011890342,0.6936319803353399
flip_flop,88159254,qslstm,3,7.4200510321406625,0.6925799837335944
flip_flop,88159254,qslstm,4,5.6913566084514855,0.6893870120402426
flip_flop,88159254,qslstm,5,4.119366708888236,0.6922127117868513
flip_flop,88159254,qslstm,6,1.8628070162009749,0.6940018584718928
flip_flop,88159254,qslstm,7,3.877064720887688,0.6950316291768104
flip_flop,88159254,qslstm,8,4.3313536631462455,0.6943652180489153
flip_flop,88159254,qslstm,9,2.8234416066099755,0.6938904786948115
flip_flop,88159254,qslstm,10,3.3457232363255827,0.6934915379388258
flip_flop,88159254,qslstm,11,3.9937704559823715,0.693816862301901
flip_flop,88159254,qslstm,12,4.195365016655131,0.6937345181358978
flip_flop,88159254,qslstm,13,2.602964452176707,0.6919152577174827
flip_flop,88159254,qslstm,14,3.7693434795796605,0.6928678721887991
flip_flop,88159254,qslstm,15,6.0507749312859005,0.6934269719058648
flip_flop,88159254,qslstm,16,1.3210704532656479,0.6957371807657182
flip_flop,88159254,qslstm,17,1.0856845332563125,0.6983023654902354
flip_flop,88159254,qslstm,18,4.422435077177212,0.6919250780483708
flip_flop,88159254,qslstm,19,6.423305207968255,0.6906837642891333
flip_flop,88159254,qslstm,20,5.765958632832422,0.6913300548912957
flip_flop,88159254,qslstm,21,4.602946829450914,0.6907723371405154
flip_flop,88159254,qslstm,22,3.8164952859667807,0.6926457163644955
flip_flop,88159254,qslstm,23,5.251785505787467,0.6892816999461502
flip_flop,88159254,qslstm,24,2.61887085444819,0.6941440525697544
flip_flop,88159254,qslstm,25,3.6767764267437144,0.6943433090345934
flip_flop,88159254,qslstm,26,3.1350805887415447,0.6934764155885205
flip_flop,88159254,qslstm,27,5.20666909410231,0.6912056334549561
flip_flop,88159254,qslstm,28,4.564129322485343,0.6941139214904979
flip_flop,88159254,qslstm,29,5.353200078478508,0.6922287010820583
flip_flop,88159254,qslstm,30,6.02097282448787,0.6926140477880836
flip_flop,88159254,qslstm,31,4.920384097523737,0.692854997352697
flip_flop,975428833,qlstm,0,0.518562323122751,0.5835316876182333
flip_flop,975428833,qlstm,1,0.5209375856793486,0.5857664237264544
flip_flop,975428833,qlstm,2,0.5195837200735696,0.5842187665402889
flip_flop,975428833,qlstm,3,0.5231429973500781,0.5855287431622855
flip_flop,975428833,qlstm,4,0.521155989728868,0.5855449566734023
flip_flop,975428833,qlstm,5,0.5210586279281415,0.5849472426343709
flip_flop,975428833,qlstm,6,0.5216778869507834,0.5832327218377031
flip_flop,975428833,qlstm,7,0.5193525741342455,0.584322186128702
flip_flop,975428833,qlstm,8,0.5225005191750824,0.5854015102959238
flip_flop,975428833,qlstm,9,0.5231081133242697,0.5865995523636229
flip_flop,975428833,qlstm,10,0.5223052219953388,0.5842843497521244
flip_flop,975428833,qlstm,11,0.5243402172927745,0.584562168980483
flip_flop,975428833,qlstm,12,0.520696114632301,0.5843936337041669
flip_flop,975428833,qlstm,13,0.5198040682589635,0.5820122373406775
flip_flop,975428833,qlstm,14,0.5208610537229106,0.5858764370786957
flip_flop,975428833,qlstm,15,0.5219200428691693,0.5853411798598245
flip_flop,975428833,qlstm,16,0.522918772068806,0.5797690464532934
flip_flop,975428833,qlstm,17,0.5211747690336779,0.5841279031010345
flip_flop,975428833,qlstm,18,0.5229606952052563,0.5845916641992517
flip_flop,975428833,qlstm,19,0.522959474066738,0.5854610768146813
flip_flop,975428833,qlstm,20,0.5215951396385208,0.5834044280345552
flip_flop,975428833,qlstm,21,0.5235636698198505,0.5832397880149074
flip_flop,975428833,qlstm,22,0.5207770354463719,0.5808753340970725
flip_flop,975428833,qlstm,23,0.521572332130745,0.5829006243147887
flip_flop,975428833,qlstm,24,0.5207234775880352,0.5837409618543461
flip_flop,975428833,qlstm,25,0.5204986054450274,0.5820676883449778
flip_flop,975428833,qlstm,26,0.5195328175323084,0.5851410336326808
flip_flop,975428833,qlstm,27,0.5226533544482663,0.5857862987322733
flip_flop,975428833,qlstm,28,0.521552724938374,0.5847810542327352
flip_flop,975428833,qlstm,29,0.5215531963040121,0.5853788284002803
flip_flop,975428833,qlstm,30,0.5216626069159247,0.5832163813174702
flip_flop,975428833,qlstm,31,0.5190458323340863,0.5819208798347972
flip_flop,975428833,qslstm,0,733.3596899993317,0.6189221328822896
flip_flop,975428833,qslstm,1,397.73938665284095,0.6221018711803481
flip_flop,975428833,qslstm,2,318.42129607192237,0.6202503243112005
flip_flop,975428833,qslstm,3,280.07319503291956,0.6223837494035251
flip_flop,975428833,qslstm,4,259.1458034611769,0.6212811252917163
flip_flop,975428833,qslstm,5,249.25921005989767,0.6203028374584392
flip_flop,975428833,qslstm,6,243.51250040610648,0.6196629760088399
flip_flop,975428833,qslstm,7,235.5166791612819,0.6185873076901771
flip_flop,975428833,qslstm,8,230.5360491632964,0.6207450632937253
flip_flop,975428833,qslstm,9,225.797097195667,0.6214132387540303
flip_flop,975428833,qslstm,10,228.45377027471932,0.6197824705741368
flip_flop,975428833,qslstm,11,226.7636697718326,0.6204132343409583
flip_flop,975428833,qslstm,12,219.4589506335833,0.6187805763911456
flip_flop,975428833,qslstm,13,212.99771997508105,0.6161333097261377
flip_flop,975428833,qslstm,14,192.94290087015816,0.619557170488406
flip_flop,975428833,qslstm,15,194.0765416219274,0.6202188436873257
flip_flop,975428833,qslstm,16,207.70014855911586,0.6174671329790726
flip_flop,975428833,qslstm,17,201.7233080194692,0.6189913760172203
flip_flop,975428833,qslstm,18,206.30369274397435,0.6197100494173355
flip_flop,975428833,qslstm,19,206.34289672452633,0.6199658839032054
flip_flop,975428833,qslstm,20,205.9743996582847,0.6186100408667699
flip_flop,975428833,qslstm,21,210.4062339165398,0.6189314927323721
flip_flop,975428833,qslstm,22,208.85573001368903,0.6161547864903696
flip_flop,975428833,qslstm,23,195.4790159781919,0.6177588706486858
flip_flop,975428833,qslstm,24,198.6035418109759,0.6178729844978079
flip_flop,975428833,qslstm,25,194.0418938530829,0.6170476485276595
flip_flop,975428833,qslstm,26,193.33174781033358,0.6179827614105307
flip_flop,975428833,qslstm,27,197.73101014677331,0.6197401167592034
flip_flop,975428833,qslstm,28,196.39593945966953,0.6185688886325806
flip_flop,975428833,qslstm,29,193.65136555166282,0.6194163960171863
flip_flop,975428833,qslstm,30,194.0131125130065,0.6176332859322429
flip_flop,975428833,qslstm,31,175.18703629401034,0.6163876368664205
flip_flop,975428833,qslstm_log,0,0.8229508745480836,0.699255538880408
flip_flop,975428833,qslstm_log,1,0.8691321339896154,0.7058568958897519
flip_flop,975428833,qslstm_log,2,0.8576191574054832,0.7037918703019468
flip_flop,975428833,qslstm_log,3,0.921968877040886,0.7042153949471783
flip_flop,975428833,qslstm_log,4,0.873074806022165,0.7033435866250637
flip_flop,975428833,qslstm_log,5,0.8750270706940496,0.7028511044533858
flip_flop,975428833,qslstm_log,6,0.917172551726944,0.7020653737348244
flip_flop,975428833,qslstm_log,7,0.845642817419534,0.7017266560461184
flip_flop,975428833,qslstm_log,8,0.8839942365129333,0.7026068438693616
flip_flop,975428833,qslstm_log,9,0.8733492504425855,0.7031673095984032
flip_flop,975428833,qslstm_log,10,0.8778079171526549,0.7023288437956842
flip_flop,975428833,qslstm_log,11,0.9185712405967734,0.7027223471104231
flip_flop,975428833,qslstm_log,12,0.8401938550778161,0.7020310225553682
flip_flop,975428833,qslstm_log,13,0.8518038259341665,0.700873279140181
flip_flop,975428833,qslstm_log,14,0.8483523579126282,0.7027599818148136
flip_flop,975428833,qslstm_log,15,0.8749724611200687,0.7030312852297071
flip_flop,975428833,qslstm_log,16,0.9699470734107719,0.7009656197420087
flip_flop,975428833,qslstm_log,17,0.8536294715696315,0.701747268048029
flip_flop,975428833,qslstm_log,18,0.8760394919845157,0.7021008289914148
flip_flop,975428833,qslstm_log,19,0.8793561839676389,0.7024955302104391
flip_flop,975428833,qslstm_log,20,0.8655820365557764,0.7017370550187483
flip_flop,975428833,qslstm_log,21,0.919368638607903,0.7019967972059694
flip_flop,975428833,qslstm_log,22,0.8854263423474126,0.7004226586407093
flip_flop,975428833,qslstm_log,23,0.8792219007060522,0.701138854229319
flip_flop,975428833,qslstm_log,24,0.8530164281292082,0.7013140391144151
flip_flop,975428833,qslstm_log,25,0.8732797383953043,0.7008654367208704
flip_flop,975428833,qslstm_log,26,0.8299378358802184,0.7019111003075693
flip_flop,975428833,qslstm_log,27,0.8835417647278047,0.7027957496423525
flip_flop,975428833,qslstm_log,28,0.8554703601470866,0.702406256140591
flip_flop,975428833,qslstm_log,29,0.8583133787395281,0.7029097776842437
flip_flop,975428833,qslstm_log,30,0.8840149295175594,0.7020948177938405
flip_flop,975428833,qslstm_log,31,0.8566700305964932,0.7012333343543454
narma,1023290587,qlstm,0,0.505413452454377,0.46592137042898685
narma,1023290587,qlstm,1,0.49579819821519777,0.46448617143323645
narma,1023290587,qlstm,2,0.49750305351335555,0.46512229135259986
narma,1023290587,qlstm,3,0.49255939084105194,0.4622025035787374
narma,1023290587,qlstm,4,0.4965294997091405,0.46376589295687154
narma,1023290587,qlstm,5,0.4950097884866409,0.4630273313377984
narma,1023290587,qlstm,6,0.4956466722651385,0.4616961898864247
narma,1023290587,qlstm,7,0.49559017224237323,0.46250291127944365
narma,1023290587,qlstm,8,0.4946811531553976,0.462585172848776
narma,1023290587,qlstm,9,0.4948362594586797,0.4620707692229189
narma,1023290587,qlstm,10,0.4977093705092557,0.46418407710734755
narma,1023290587,qlstm,11,0.4939432059181854,0.46096758503699675
narma,1023290587,qlstm,12,0.49799912131857127,0.46498576569138095
narma,1023290587,qlstm,13,0.4944312937441282,0.46166590898064896
narma,1023290587,qlstm,14,0.49522278882795945,0.46115799486869946
narma,1023290587,qlstm,15,0.4987433450878598,0.4643687944044359
narma,1023290587,qlstm,16,0.49402282695518807,0.46096692484570667
narma,1023290587,qlstm,17,0.49590445635840297,0.4626437086844817
narma,1023290587,qlstm,18,0.4960319041274488,0.4612522392999381
narma,1023290587,qlstm,19,0.49742912891088054,0.46360340766841546
narma,1023290587,qlstm,20,0.49513364356243983,0.46310910349711776
narma,1023290587,qlstm,21,0.4972465539467521,0.46384827129077166
narma,1023290587,qlstm,22,0.49396623380016536,0.46101841412018985
narma,1023290587,qlstm,23,0.4943822792265564,0.461444141168613
narma,1023290587,qlstm,24,0.4988710784818977,0.4646327017690055
narma,1023290587,qlstm,25,0.4950050982297398,0.463679505744949
narma,1023290587,qlstm,26,0.49762235052185133,0.46385149291018024
narma,1023290587,qlstm,27,0.4939541850471869,0.46104725473560393
narma,1023290587,qlstm,28,0.49695156782399863,0.46124787733424455
narma,1023290587,qlstm,29,0.4959839452058077,0.46235108288237825
narma,1023290587,qlstm,30,0.4972990448004566,0.4627502692164853
narma,1023290587,qlstm,31,0.4976741769933142,0.4645760180428624
narma,1023290587,qslstm,0,22.589730090272496,0.6053587056230754
narma,1023290587,qslstm,1,35.965549387503415,0.603592028026469
narma,1023290587,qslstm,2,50.629455950984266,0.6056633178377524
narma,1023290587,qslstm,3,44.3248300034611,0.6063049928634427
narma,1023290587,qslstm,4,68.18472847843077,0.6057210270082578
narma,1023290587,qslstm,5,66.76603162541869,0.6058619357645512
narma,1023290587,qslstm,6,38.199631328112446,0.6069713434553705
narma,1023290587,qslstm,7,63.620882294810144,0.6060744127025828
narma,1023290587,qslstm,8,66.99336313508684,0.6055036297766492
narma,1023290587,qslstm,9,83.16357147097006,0.6057758947717957
narma,1023290587,qslstm,10,75.85741334827617,0.6051791763165966
narma,1023290587,qslstm,11,46.25268762273481,0.6066450640792027
narma,1023290587,qslstm,12,55.912679503438994,0.6047271646093577
narma,1023290587,qslstm,13,57.8255279767036,0.6063195655005984
narma,1023290587,qslstm,14,40.55780739756301,0.6066370976623148
narma,1023290587,qslstm,15,75.97260488008033,0.605462325445842
narma,1023290587,qslstm,16,42.217008734180126,0.6067019774345681
narma,1023290587,qslstm,17,41.09845040351502,0.6057207002886571
narma,1023290587,qslstm,18,36.62152186117601,0.6069030991639011
narma,1023290587,qslstm,19,84.65424028717098,0.605603369534947
narma,1023290587,qslstm,20,88.93707496044226,0.6054522554040886
narma,1023290587,qslstm,21,42.189372911670944,0.6056707533425651
narma,1023290587,qslstm,22,62.20092364656739,0.6066637979820371
narma,1023290587,qslstm,23,82.69241497517214,0.6060456642881036
narma,1023290587,qslstm,24,85.98671482186182,0.6049916544579901
narma,1023290587,qslstm,25,88.72297814456397,0.6050223339116201
narma,1023290587,qslstm,26,59.79526913157315,0.6058346127974801
narma,1023290587,qslstm,27,47.82392911190982,0.6068558670813218
narma,1023290587,qslstm,28,149.57563284027856,0.6074567587929778
narma,1023290587,qslstm,29,76.25036125272163,0.606034193711821
narma,1023290587,qslstm,30,51.27084439812461,0.6064267132314853
narma,1023290587,qslstm,31,96.1898521517578,0.6054475473356433
narma,1023290587,qslstm_log,0,0.4251663475767088,0.6053521420790362
narma,1023290587,qslstm_log,1,0.38029769952336256,0.5970065571618819
narma,1023290587,qslstm_log,2,0.3936631100106524,0.6033708011857856
narma,1023290587,qslstm_log,3,0.359063642667821,0.5966280895065874
narma,1023290587,qslstm_log,4,0.3812268068147696,0.6011809668050012
narma,1023290587,qslstm_log,5,0.3771292432586783,0.6002644309273935
narma,1023290587,qslstm_log,6,0.368043208737495,0.6002032840398237
narma,1023290587,qslstm_log,7,0.3758264329266881,0.6002382153414185
narma,1023290587,qslstm_log,8,0.3712465883213741,0.5981640346284927
narma,1023290587,qslstm_log,9,0.37059330028524556,0.5978324439910593
narma,1023290587,qslstm_log,10,0.38937520611942555,0.602420343988832
narma,1023290587,qslstm_log,11,0.3641914906567435,0.5983878438557677
narma,1023290587,qslstm_log,12,0.39288364226530215,0.6023386245734779
narma,1023290587,qslstm_log,13,0.3686958823666244,0.5992860535561517
narma,1023290587,qslstm_log,14,0.36561222254338666,0.5986563024757969
narma,1023290587,qslstm_log,15,0.39377138715772186,0.6040791370750789
narma,1023290587,qslstm_log,16,0.3669854732857354,0.5993358047960999
narma,1023290587,qslstm_log,17,0.3723688709965447,0.5990034045506125
narma,1023290587,qslstm_log,18,0.37134312067636616,0.600598889028297
narma,1023290587,qslstm_log,19,0.3858071108403736,0.6026540408953771
narma,1023290587,qslstm_log,20,0.3816859675979837,0.6009672612400285
narma,1023290587,qslstm_log,21,0.38992180271523746,0.6032866504645773
narma,1023290587,qslstm_log,22,0.36564879188872773,0.598982698843171
narma,1023290587,qslstm_log,23,0.36690326288273256,0.5971638380049956
narma,1023290587,qslstm_log,24,0.3967297224471517,0.6037149237617204
narma,1023290587,qslstm_log,25,0.3855974641655454,0.6011810769439879
narma,1023290587,qslstm_log,26,0.38947632611079713,0.6042648296909021
narma,1023290587,qslstm_log,27,0.3626749819456412,0.5989372560930106
narma,1023290587,qslstm_log,28,0.3720687232311045,0.6015640963771608
narma,1023290587,qslstm_log,29,0.3752106781793334,0.6003031031000609
narma,1023290587,qslstm_log,30,0.3823550831241564,0.6028003731900226
narma,1023290587,qslstm_log,31,0.39306058548877953,0.6042014107034122
narma,1106723791,qlstm,0,0.5341029982082546,0.48553294024895877
narma,1106723791,qlstm,1,0.5233117138268426,0.4840156232821755
narma,1106723791,qlstm,2,0.5221092141000554,0.48308657918823883
narma,1106723791,qlstm,3,0.5221528352703899,0.48340416298015043
narma,1106723791,qlstm,4,0.5209203972481191,0.48687901959056035
narma,1106723791,qlstm,5,0.519611255498603,0.4830099549726583
narma,1106723791,qlstm,6,0.5210265683126636,0.4849912844947539
narma,1106723791,qlstm,7,0.5209051089477725,0.48690470593282953
narma,1106723791,qlstm,8,0.5185911668231711,0.48286376643227413
narma,1106723791,qlstm,9,0.5207345387898386,0.48270976077765226
narma,1106723791,qlstm,10,0.521115094947163,0.4867614054819569
narma,1106723791,qlstm,11,0.5194324816693552,0.48180510324891657
narma,1106723791,qlstm,12,0.5206636765506119,0.4815418199286796
narma,1106723791,qlstm,13,0.5222406159737147,0.48046699434053153
narma,1106723791,qlstm,14,0.5226853755302727,0.4827378412010148
narma,1106723791,qlstm,15,0.5210816774633713,0.4827050219173543
narma,1106723791,qlstm,16,0.5211051967344247,0.4814125350676477
narma,1106723791,qlstm,17,0.5214633746654727,0.4857905150856823
narma,1106723791,qlstm,18,0.5189725070958957,0.4848554613417946
narma,1106723791,qlstm,19,0.5197879816987552,0.4833021340309642
narma,1106723791,qlstm,20,0.5204216573620215,0.4835310865310021
narma,1106723791,qlstm,21,0.5198899056995288,0.4829920615302399
narma,1106723791,qlstm,22,0.5197127513820305,0.4827888068975881
narma,1106723791,qlstm,23,0.5213635406689718,0.48299062153091654
narma,1106723791,qlstm,24,0.5213411314180121,0.47826071438612416
narma,1106723791,qlstm,25,0.5234436520840973,0.47958123043645173
narma,1106723791,qlstm,26,0.5216971411718987,0.4841517403256148
narma,1106723791,qlstm,27,0.5208952584071085,0.4845457805204205
narma,1106723791,qlstm,28,0.5196332116611302,0.4810408001067117
narma,1106723791,qlstm,29,0.5220371935283765,0.48389709572074935
narma,1106723791,qlstm,30,0.5202758852392435,0.4843510542414151
narma,1106723791,qlstm,31,0.5195788837736472,0.4863016520976089
narma,1106723791,qslstm,0,10.871564941677207,0.6089558292296715
narma,1106723791,qslstm,1,41.789890493877465,0.6058759035659023
narma,1106723791,qslstm,2,36.121836863676435,0.6074858956853859
narma,1106723791,qslstm,3,32.64382079322968,0.6083015198819339
narma,1106723791,qslstm,4,44.46253230168804,0.607077791064512
narma,1106723791,qslstm,5,31.978999292856315,0.6071122245048173
narma,1106723791,qslstm,6,43.22649839865335,0.6073844548081979
narma,1106723791,qslstm,7,43.87132691509032,0.6087329816073179
narma,1106723791,qslstm,8,45.09570820251247,0.6080194893293083
narma,1106723791,qslstm,9,31.694138442966505,0.6088143152883276
narma,1106723791,qslstm,10,45.693599383783294,0.6077285606879741
narma,1106723791,qslstm,11,37.5352754030755,0.6087489752680995
narma,1106723791,qslstm,12,27.346900050062686,0.6072561137843877
narma,1106723791,qslstm,13,28.84382905435632,0.6090968525968492
narma,1106723791,qslstm,14,31.981137816779665,0.6094669524463825
narma,1106723791,qslstm,15,35.03203591272177,0.6088819726719521
narma,1106723791,qslstm,16,30.10122386229341,0.6096482155844569
narma,1106723791,qslstm,17,36.90082557781716,0.6084789180313237
narma,1106723791,qslstm,18,40.697276698134374,0.6070395243586972
narma,1106723791,qslstm,19,36.46593504335033,0.607769631780684
narma,1106723791,qslstm,20,38.697570114141854,0.6087904709856957
narma,1106723791,qslstm,21,38.84495119653002,0.6080756075680256
narma,1106723791,qslstm,22,27.522569870576262,0.6075936197303236
narma,1106723791,qslstm,23,27.75145285904,0.6082430660026148
narma,1106723791,qslstm,24,24.9929923179443,0.6095726494677365
narma,1106723791,qslstm,25,16.709269550454337,0.6101809359388426
narma,1106723791,qslstm,26,31.736229661022662,0.6070365261984989
narma,1106723791,qslstm,27,36.34940456952609,0.607991298136767
narma,1106723791,qslstm,28,27.362928565431503,0.6079295984236524
narma,1106723791,qslstm,29,38.833573747979244,0.6092247274937108
narma,1106723791,qslstm,30,34.76992803032044,0.608753205742687
narma,1106723791,qslstm,31,41.13370211295842,0.6082943343790248
narma,1106723791,qslstm_log,0,0.6617228432224899,0.579549349898876
narma,1106723791,qslstm_log,1,0.6356603122998186,0.5734865148683779
narma,1106723791,qslstm_log,2,0.6239139565110479,0.5734262282128431
narma,1106723791,qslstm_log,3,0.6225747732597569,0.5749806566568496
narma,1106723791,qslstm_log,4,0.6398359010269211,0.5772912806856741
narma,1106723791,qslstm_log,5,0.6186433599030243,0.5720273684529531
narma,1106723791,qslstm_log,6,0.6298418740470595,0.5750457281808307
narma,1106723791,qslstm_log,7,0.6396796060774086,0.5800416814074534
narma,1106723791,qslstm_log,8,0.6188644102644445,0.5732128220331413
narma,1106723791,qslstm_log,9,0.6199036379951717,0.5745710872183742
narma,1106723791,qslstm_log,10,0.6389074400503966,0.5778799324964898
narma,1106723791,qslstm_log,11,0.6146684271605181,0.5732072435735786
narma,1106723791,qslstm_log,12,0.6128564249505022,0.5702906954031236
narma,1106723791,qslstm_log,13,0.6085059151007339,0.5718818436862976
narma,1106723791,qslstm_log,14,0.6206033709250118,0.5757492064677947
narma,1106723791,qslstm_log,15,0.6202661314420655,0.5748530479107108
narma,1106723791,qslstm_log,16,0.6136083182930867,0.5742205485740568
narma,1106723791,qslstm_log,17,0.6345151940357268,0.5779019323887689
narma,1106723791,qslstm_log,18,0.6309303223538185,0.5744922910059862
narma,1106723791,qslstm_log,19,0.6220318290167872,0.5738308050363721
narma,1106723791,qslstm_log,20,0.6237539841798787,0.5757621708567087
narma,1106723791,qslstm_log,21,0.6204771544082466,0.5737092305437119
narma,1106723791,qslstm_log,22,0.6216567294950437,0.5731179076778783
narma,1106723791,qslstm_log,23,0.6197568687686565,0.5737506831109319
narma,1106723791,qslstm_log,24,0.5971475759614165,0.5697823603632765
narma,1106723791,qslstm_log,25,0.6047981744614466,0.5724849084776404
narma,1106723791,qslstm_log,26,0.6290843133474462,0.5734474087065751
narma,1106723791,qslstm_log,27,0.6304733052458277,0.5756613515150197
narma,1106723791,qslstm_log,28,0.613476479272236,0.5711138432389196
narma,1106723791,qslstm_log,29,0.6265946028308054,0.5768026824489287
narma,1106723791,qslstm_log,30,0.627907725646059,0.5769345611322056
narma,1106723791,qslstm_log,31,0.6382028618644527,0.578692341235518
narma,1148376891,qlstm,0,0.4612627763999626,0.4622788847191259
narma,1148376891,qlstm,1,0.46078855299856514,0.4640114319627173
narma,1148376891,qlstm,2,0.46220247593009844,0.46533019363414496
narma,1148376891,qlstm,3,0.46347057417733595,0.46662371017737314
narma,1148376891,qlstm,4,0.4621613094350323,0.4684384045540355
narma,1148376891,qlstm,5,0.4645663517876528,0.469463495479431
narma,1148376891,qlstm,6,0.46438730764202774,0.4685110148275271
narma,1148376891,qlstm,7,0.4612872595898807,0.4687366019352339
narma,1148376891,qlstm,8,0.4625068980967626,0.46955939778126776
narma,1148376891,qlstm,9,0.4608874800032936,0.46828725415980443
narma,1148376891,qlstm,10,0.46378483838634565,0.4692220099386759
narma,1148376891,qlstm,11,0.4639069317490794,0.46902479289565235
narma,1148376891,qlstm,12,0.4637559737311676,0.4701038694474846
narma,1148376891,qlstm,13,0.46385442931205034,0.46967441216111183
narma,1148376891,qlstm,14,0.4634274523705244,0.47007319284603
narma,1148376891,qlstm,15,0.46598988195182756,0.4702585858758539
narma,1148376891,qlstm,16,0.461213618516922,0.46898659074213356
narma,1148376891,qlstm,17,0.4652863266528584,0.4696376206120476
narma,1148376891,qlstm,18,0.46593187138205394,0.46929879661183804
narma,1148376891,qlstm,19,0.46688999159960076,0.47046093741664663
narma,1148376891,qlstm,20,0.4629093167022802,0.4692027331329882
narma,1148376891,qlstm,21,0.46381057164398953,0.4698851912980899
narma,1148376891,qlstm,22,0.4628810872673057,0.46970403933664784
narma,1148376891,qlstm,23,0.46541851822985336,0.47044462710618973
narma,1148376891,qlstm,24,0.46380718296859413,0.46941608213819563
narma,1148376891,qlstm,25,0.46583968569757417,0.46998971700668335
narma,1148376891,qlstm,26,0.46264160779537633,0.4696371820755303
narma,1148376891,qlstm,27,0.4634908603038639,0.47027165483450517
narma,1148376891,qlstm,28,0.46272145799594,0.46928643761202693
narma,1148376891,qlstm,29,0.4618294392712414,0.4695421094656922
narma,1148376891,qlstm,30,0.46458025713218376,0.4696126881171949
narma,1148376891,qlstm,31,0.4607563670142554,0.46861872816225514
narma,1148376891,qslstm,0,4.131723600847181,0.6257877790485509
narma,1148376891,qslstm,1,12.99993979698047,0.6219224800006486
narma,1148376891,qslstm,2,20.19707928589196,0.622122531873174
narma,1148376891,qslstm,3,17.471879796677968,0.6222858731634915
narma,1148376891,qslstm,4,12.886999618669506,0.6255222912295721
narma,1148376891,qslstm,5,5.92923901398899,0.623621097416617
narma,1148376891,qslstm,6,10.626357893110253,0.623325310240034
narma,1148376891,qslstm,7,13.161480931012193,0.6252747413818724
narma,1148376891,qslstm,8,9.457754260773072,0.6256176214083098
narma,1148376891,qslstm,9,16.6624122345238,0.6244589475099929
narma,1148376891,qslstm,10,10.745212063775398,0.6243586001219228
narma,1148376891,qslstm,11,17.04964535718318,0.6243496115203016
narma,1148376891,qslstm,12,8.512837307847803,0.6259540981263854
narma,1148376891,qslstm,13,17.233619786973577,0.6248435454326682
narma,1148376891,qslstm,14,22.35883152601309,0.6259200175991282
narma,1148376891,qslstm,15,24.156760275596753,0.624123708344996
narma,1148376891,qslstm,16,9.755314556299709,0.6259351105545647
narma,1148376891,qslstm,17,10.553327891218942,0.623414131172467
narma,1148376891,qslstm,18,11.130857870855834,0.623113521549385
narma,1148376891,qslstm,19,12.909621058701305,0.6244421157753095
narma,1148376891,qslstm,20,9.053677503514336,0.6243363227695227
narma,1148376891,qslstm,21,11.013652507361257,0.6245011410210282
narma,1148376891,qslstm,22,19.177350984187797,0.6250700732925907
narma,1148376891,qslstm,23,9.614827404293464,0.6246488401084207
narma,1148376891,qslstm,24,15.610095070878742,0.624511614209041
narma,1148376891,qslstm,25,13.201496583526023,0.6234929994097911
narma,1148376891,qslstm,26,9.837052736518672,0.6256344338762574
narma,1148376891,qslstm,27,11.532010351656936,0.6259488415089436
narma,1148376891,qslstm,28,30.23539271246409,0.6254083892563358
narma,1148376891,qslstm,29,12.207896461739438,0.6261843274114653
narma,1148376891,qslstm,30,15.069778812932782,0.6241000511799939
narma,1148376891,qslstm,31,11.634195979946526,0.6257525513647124
narma,1148376891,qslstm_log,0,0.8917237370628115,0.608733930357472
narma,1148376891,qslstm_log,1,0.8199062267806894,0.608814728380615
narma,1148376891,qslstm_log,2,0.8234288155187994,0.6094347574123786
narma,1148376891,qslstm_log,3,0.819867017375983,0.6094589686946216
narma,1148376891,qslstm_log,4,0.8978506995285542,0.6078823001535081
narma,1148376891,qslstm_log,5,0.8435352109100548,0.6077923375608663
narma,1148376891,qslstm_log,6,0.841557285726755,0.608971863770325
narma,1148376891,qslstm_log,7,0.9173918842859287,0.6087128725369857
narma,1148376891,qslstm_log,8,0.9211402943590553,0.6083054219579695
narma,1148376891,qslstm_log,9,0.9006715683507228,0.6093728026198775
narma,1148376891,qslstm_log,10,0.8708120591355981,0.6087291124726263
narma,1148376891,qslstm_log,11,0.8976734294019895,0.6088198724257741
narma,1148376891,qslstm_log,12,0.919392371730267,0.6077394906848077
narma,1148376891,qslstm_log,13,0.8872489455169286,0.6085661041111055
narma,1148376891,qslstm_log,14,0.919243406380031,0.6079070311070633
narma,1148376891,qslstm_log,15,0.8570946095827814,0.6081246431365342
narma,1148376891,qslstm_log,16,0.9458043401281032,0.6087668294135027
narma,1148376891,qslstm_log,17,0.8501747677886127,0.6090219151284907
narma,1148376891,qslstm_log,18,0.8438926036122295,0.6091436898016591
narma,1148376891,qslstm_log,19,0.8575208972665934,0.6081136960406763
narma,1148376891,qslstm_log,20,0.8942375806428783,0.6092107188249236
narma,1148376891,qslstm_log,21,0.8855782664069268,0.6087090376748994
narma,1148376891,qslstm_log,22,0.9039998004041452,0.6086399660676383
narma,1148376891,qslstm_log,23,0.8694204170759356,0.608053334131591
narma,1148376891,qslstm_log,24,0.8725074245976978,0.6087954933526174
narma,1148376891,qslstm_log,25,0.8511223057201673,0.6086156849810405
narma,1148376891,qslstm_log,26,0.9114370779206906,0.6084700259462597
narma,1148376891,qslstm_log,27,0.9246353492886586,0.608211148906994
narma,1148376891,qslstm_log,28,0.9181953488748114,0.6088904469001746
narma,1148376891,qslstm_log,29,0.9390231122683128,0.6084409105598505
narma,1148376891,qslstm_log,30,0.8575695148889838,0.6087376161121177
narma,1148376891,qslstm_log,31,0.9382430645405768,0.6090595512007414
narma,1211904294,qlstm,0,0.5662150089628994,0.618696938501671
narma,1211904294,qlstm,1,0.5558509898255579,0.6198742287815548
narma,1211904294,qlstm,2,0.5525172267807648,0.6183087510871701
narma,1211904294,qlstm,3,0.5499473446398042,0.6158173925359733
narma,1211904294,qlstm,4,0.544176641269587,0.6176470213686116
narma,1211904294,qlstm,5,0.5445273172226734,0.6169034789782017
narma,1211904294,qlstm,6,0.54570680600591,0.6153824595385231
narma,1211904294,qlstm,7,0.5414829687797464,0.6161411897046492
narma,1211904294,qlstm,8,0.5415460754884407,0.6166699967579916
narma,1211904294,qlstm,9,0.5426433708635159,0.6173573240521364
narma,1211904294,qlstm,10,0.5437336924951524,0.6160394137841649
narma,1211904294,qlstm,11,0.542264876421541,0.6166409661527723
narma,1211904294,qlstm,12,0.5407877858961001,0.6176221898640506
narma,1211904294,qlstm,13,0.5421913622994907,0.617640511947684
narma,1211904294,qlstm,14,0.5426700843963772,0.6168098021880724
narma,1211904294,qlstm,15,0.5415583947324194,0.6182061124127358
narma,1211904294,qlstm,16,0.5427716166595928,0.617607664258685
narma,1211904294,qlstm,17,0.5422718047630042,0.618546670069918
narma,1211904294,qlstm,18,0.5446327069657855,0.6168236426310614
narma,1211904294,qlstm,19,0.5435319863609038,0.6160416363272816
narma,1211904294,qlstm,20,0.5417368408525363,0.6175150589551777
narma,1211904294,qlstm,21,0.5408518262556754,0.6182585352798924
narma,1211904294,qlstm,22,0.543706675991416,0.6159781589522026
narma,1211904294,qlstm,23,0.5442054310697131,0.6142312820884399
narma,1211904294,qlstm,24,0.5420660565141588,0.6165645096334629
narma,1211904294,qlstm,25,0.5407650448614731,0.6163935690419748
narma,1211904294,qlstm,26,0.5407731385203078,0.618142819032073
narma,1211904294,qlstm,27,0.5424068005522713,0.6173859807895496
narma,1211904294,qlstm,28,0.543590085406322,0.6167415196541697
narma,1211904294,qlstm,29,0.541989658609964,0.6174589432775974
narma,1211904294,qlstm,30,0.5420608357526362,0.6161607881076634
narma,1211904294,qlstm,31,0.5427605352597311,0.6165970871807076
narma,1211904294,qslstm,0,424.455862134726,0.7207919602515176
narma,1211904294,qslstm,1,35.88289290434477,0.7148290578043088
narma,1211904294,qslstm,2,69.63514588758699,0.7150405179709196
narma,1211904294,qslstm,3,108.98032666395738,0.7141992778051645
narma,1211904294,qslstm,4,124.79887818537827,0.71539373381529
narma,1211904294,qslstm,5,141.7976297840214,0.7143762822961435
narma,1211904294,qslstm,6,155.11701892060228,0.7160292009357363
narma,1211904294,qslstm,7,161.47744489759498,0.7146692092064768
narma,1211904294,qslstm,8,169.1308745737988,0.7145074313739315
narma,1211904294,qslstm,9,174.99419890770514,0.7159110248321667
narma,1211904294,qslstm,10,184.41799347300548,0.7151384996250272
narma,1211904294,qslstm,11,178.00484696633066,0.7152099969098344
narma,1211904294,qslstm,12,180.68507498365943,0.7146686643827707
narma,1211904294,qslstm,13,176.03840152766497,0.7157103162026033
narma,1211904294,qslstm,14,172.73478931777936,0.714251906145364
narma,1211904294,qslstm,15,171.87515090187662,0.7152877852786332
narma,1211904294,qslstm,16,168.7326749701606,0.7152569625759497
narma,1211904294,qslstm,17,168.99748006827576,0.7155112624168396
narma,1211904294,qslstm,18,168.60967445824645,0.7155343571212143
narma,1211904294,qslstm,19,170.9272391449631,0.7148260546382517
narma,1211904294,qslstm,20,177.53914948148304,0.7151982819195837
narma,1211904294,qslstm,21,173.7275181543082,0.7144951748196036
narma,1211904294,qslstm,22,171.59088818986493,0.7139940400375053
narma,1211904294,qslstm,23,175.57546222765814,0.713707783841528
narma,1211904294,qslstm,24,183.58269464297337,0.715861641918309
narma,1211904294,qslstm,25,185.09964469115948,0.7144529193174094
narma,1211904294,qslstm,26,190.84121428255457,0.7156408805167302
narma,1211904294,qslstm,27,188.80210940068355,0.7149920923402533
narma,1211904294,qslstm,28,186.292505854115,0.7152732490794733
narma,1211904294,qslstm,29,184.2020660117123,0.7153109910432249
narma,1211904294,qslstm,30,183.28101047786186,0.7142684458522126
narma,1211904294,qslstm,31,195.27711891385843,0.715016839443706
narma,1211904294,qslstm_log,0,0.6902345271965649,0.719880684271329
narma,1211904294,qslstm_log,1,0.5695534818586652,0.7153340683720188
narma,1211904294,qslstm_log,2,0.581128569007284,0.7162977853666186
narma,1211904294,qslstm_log,3,0.5994786126828521,0.7159655296195542
narma,1211904294,qslstm_log,4,0.5515214614735012,0.7165464688853839
narma,1211904294,qslstm_log,5,0.5724342290378948,0.7157367451931038
narma,1211904294,qslstm_log,6,0.5839233192890803,0.7178867769279729
narma,1211904294,qslstm_log,7,0.5627558503962646,0.716038220326972
narma,1211904294,qslstm_log,8,0.5614193292247049,0.7156717376918003
narma,1211904294,qslstm_log,9,0.5550119385642798,0.7171396728474397
narma,1211904294,qslstm_log,10,0.5750054078623639,0.7167182877054741
narma,1211904294,qslstm_log,11,0.5656257383997405,0.7167097034803208
narma,1211904294,qslstm_log,12,0.5507053839165301,0.715755051146457
narma,1211904294,qslstm_log,13,0.5523348256056922,0.7168407879969763
narma,1211904294,qslstm_log,14,0.567685211849396,0.7155599422720851
narma,1211904294,qslstm_log,15,0.5450275159354495,0.7162789260141086
narma,1211904294,qslstm_log,16,0.557218971150629,0.716385049608456
narma,1211904294,qslstm_log,17,0.5415191659095704,0.7164230621801335
narma,1211904294,qslstm_log,18,0.5703244190488216,0.7169997779711674
narma,1211904294,qslstm_log,19,0.5736932732327042,0.7164828950893202
narma,1211904294,qslstm_log,20,0.553484151176005,0.7165057464434723
narma,1211904294,qslstm_log,21,0.5425072672878469,0.7152813320895859
narma,1211904294,qslstm_log,22,0.5779404401624542,0.7153457916626491
narma,1211904294,qslstm_log,23,0.5973398198767157,0.7156745813419265
narma,1211904294,qslstm_log,24,0.5638274518652189,0.717570891106901
narma,1211904294,qslstm_log,25,0.5612157187540516,0.7157677905161007
narma,1211904294,qslstm_log,26,0.543031064840827,0.7166613576114456
narma,1211904294,qslstm_log,27,0.5592140607525351,0.7161263060918363
narma,1211904294,qslstm_log,28,0.5679115971969757,0.7167399336160208
narma,1211904294,qslstm_log,29,0.5530061597513538,0.7165657603865841
narma,1211904294,qslstm_log,30,0.569056481894692,0.7155349971068379
narma,1211904294,qslstm_log,31,0.567420624529747,0.7164388267529296
narma,1212609727,qlstm,0,0.5526071729254909,0.6198355528758839
narma,1212609727,qlstm,1,0.5460330506903119,0.6162941852235235
narma,1212609727,qlstm,2,0.5433842592174187,0.6165354766999371
narma,1212609727,qlstm,3,0.5423320994595997,0.6169371233554557
narma,1212609727,qlstm,4,0.5403822368825786,0.6130631020059809
narma,1212609727,qlstm,5,0.5393140116357245,0.6142071870272048
narma,1212609727,qlstm,6,0.5392324196873233,0.6138503482216038
narma,1212609727,qlstm,7,0.5378912478336133,0.6100324586150236
narma,1212609727,qlstm,8,0.5380018477444537,0.6139817605726421
narma,1212609727,qlstm,9,0.5387043313821778,0.6136207184754312
narma,1212609727,qlstm,10,0.5382077341200784,0.6130705936229788
narma,1212609727,qlstm,11,0.5376628455123864,0.6114220879389904
narma,1212609727,qlstm,12,0.5381366265355609,0.614646716741845
narma,1212609727,qlstm,13,0.5391270106192678,0.6146043195039965
narma,1212609727,qlstm,14,0.5384496938786469,0.6127322600223124
narma,1212609727,qlstm,15,0.5377978880424052,0.6123386439285241
narma,1212609727,qlstm,16,0.53807159390999,0.6136578979785554
narma,1212609727,qlstm,17,0.5382309413980693,0.6136676455498673
narma,1212609727,qlstm,18,0.5380034383269958,0.6126111058401875
narma,1212609727,qlstm,19,0.5386211137520149,0.615874532086309
narma,1212609727,qlstm,20,0.5389711968018673,0.6140772580401972
narma,1212609727,qlstm,21,0.5378833241411485,0.6125430476968177
narma,1212609727,qlstm,22,0.5379914166405797,0.6134352767257951
narma,1212609727,qlstm,23,0.5385201733442955,0.6138823070796207
narma,1212609727,qlstm,24,0.5382890861947089,0.6133310144068673
narma,1212609727,qlstm,25,0.5379581211600453,0.6124441447900608
narma,1212609727,qlstm,26,0.5377945611835457,0.6126790483831428
narma,1212609727,qlstm,27,0.5369307370856404,0.6083603739971295
narma,1212609727,qlstm,28,0.5370180938625708,0.613756442151498
narma,1212609727,qlstm,29,0.5381845273659565,0.6136592889088206
narma,1212609727,qlstm,30,0.5383033034158871,0.6145356245106086
narma,1212609727,qlstm,31,0.5386276484350674,0.6143213520408608
narma,1212609727,qslstm,0,101.52962816242314,0.7222743910970166
narma,1212609727,qslstm,1,78.99328169989803,0.7193044087616727
narma,1212609727,qslstm,2,60.081966895987534,0.718588657444343
narma,1212609727,qslstm,3,49.574873416683204,0.719751508324407
narma,1212609727,qslstm,4,50.52076234096057,0.7198765630600974
narma,1212609727,qslstm,5,48.878215905738216,0.7197237139334902
narma,1212609727,qslstm,6,47.72628600068401,0.7196020940318704
narma,1212609727,qslstm,7,48.88102268473813,0.7188477301970124
narma,1212609727,qslstm,8,49.521679208303794,0.7201788915554062
narma,1212609727,qslstm,9,46.86505785360623,0.7200233062030748
narma,1212609727,qslstm,10,47.48493215153303,0.7199640840990469
narma,1212609727,qslstm,11,47.62572008740699,0.7199610631214455
narma,1212609727,qslstm,12,50.819930280002154,0.7186352986609563
narma,1212609727,qslstm,13,47.089433222656226,0.719723978661932
narma,1212609727,qslstm,14,45.42046941423814,0.7204607446910813
narma,1212609727,qslstm,15,48.516961479804195,0.7197676682844758
narma,1212609727,qslstm,16,48.46608259613913,0.7212980138137937
narma,1212609727,qslstm,17,47.83388584355362,0.7202308783307672
narma,1212609727,qslstm,18,47.24911674258328,0.7201223170850426
narma,1212609727,qslstm,19,47.42193344868792,0.7205726745305583
narma,1212609727,qslstm,20,44.7591060250752,0.7216166338184848
narma,1212609727,qslstm,21,45.60118454908752,0.7204562467522919
narma,1212609727,qslstm,22,49.11775278315781,0.7198312756372616
narma,1212609727,qslstm,23,49.891946121224464,0.719388437923044
narma,1212609727,qslstm,24,47.584215365825,0.7206653481116518
narma,1212609727,qslstm,25,49.48382203272831,0.7202650171238929
narma,1212609727,qslstm,26,48.96950968902729,0.7202047599712387
narma,1212609727,qslstm,27,54.25010330761506,0.7188244541175663
narma,1212609727,qslstm,28,52.30483019539588,0.7201975667849183
narma,1212609727,qslstm,29,51.125258038734955,0.7207152049522847
narma,1212609727,qslstm,30,49.574576114426236,0.7201979963574558
narma,1212609727,qslstm,31,47.602838733319004,0.7201949487207457
narma,1668868548,qlstm,0,0.6185990469530225,0.4484926761360839
narma,1668868548,qlstm,1,0.6152068132651038,0.4481716312584467
narma,1668868548,qlstm,2,0.6173271463485435,0.4479492522077635
narma,1668868548,qlstm,3,0.6176266726688482,0.4470580404740758
narma,1668868548,qlstm,4,0.6167004075832665,0.44729090441251174
narma,1668868548,qlstm,5,0.614430008281488,0.4476790956687182
narma,1668868548,qlstm,6,0.6156882352079265,0.44653703714720905
narma,1668868548,qlstm,7,0.6148202668991871,0.44850964611396194
narma,1668868548,qlstm,8,0.6142376573989168,0.4476142355706543
narma,1668868548,qlstm,9,0.6148662312771194,0.44718525384087116
narma,1668868548,qlstm,10,0.6160030338796787,0.4473404801101424
narma,1668868548,qlstm,11,0.613531258481089,0.4478716264711693
narma,1668868548,qlstm,12,0.6146562856738456,0.4473894116235897
narma,1668868548,qlstm,13,0.6149446493363939,0.44768324273172766
narma,1668868548,qlstm,14,0.614761155738961,0.4472982697188854
narma,1668868548,qlstm,15,0.6153651888598688,0.44741745688952506
narma,1668868548,qlstm,16,0.6151229263050482,0.4482387188472785
narma,1668868548,qlstm,17,0.6155729058082215,0.4468156489892863
narma,1668868548,qlstm,18,0.6145841747056693,0.44937482237583026
narma,1668868548,qlstm,19,0.6140334744122811,0.4482320158276707
narma,1668868548,qlstm,20,0.6146293399506249,0.4488840260892175
narma,1668868548,qlstm,21,0.6135717816650867,0.44882623641751707
narma,1668868548,qlstm,22,0.6144642714061774,0.4474413743009791
narma,1668868548,qlstm,23,0.6164572478155605,0.44772519322577864
narma,1668868548,qlstm,24,0.6149125657975674,0.4490061720716767
narma,1668868548,qlstm,25,0.6153035290190019,0.4469713058206253
narma,1668868548,qlstm,26,0.6148608579533175,0.44742910779314116
narma,1668868548,qlstm,27,0.6156412385171279,0.44723278883611783
narma,1668868548,qlstm,28,0.6161636558244936,0.4468965698033571
narma,1668868548,qlstm,29,0.6152429136564024,0.44838325394084677
narma,1668868548,qlstm,30,0.6162041783682071,0.4471706008189358
narma,1668868548,qlstm,31,0.617427249555476,0.44881074264412746
narma,1668868548,qslstm,0,16.23966243552799,0.604703753022477
narma,1668868548,qslstm,1,10.297374896919408,0.6001774597680196
narma,1668868548,qslstm,2,7.323882211527319,0.6021289430791512
narma,1668868548,qslstm,3,14.006647342112032,0.6041172104887664
narma,1668868548,qslstm,4,16.514960375318353,0.604064883897081
narma,1668868548,qslstm,5,30.24868753054878,0.60384414793225
narma,1668868548,qslstm,6,15.801535597435702,0.6048516315640882
narma,1668868548,qslstm,7,21.10139832542221,0.6031654998078011
narma,1668868548,qslstm,8,18.141965281411217,0.6039013339322992
narma,1668868548,qslstm,9,22.813007565747256,0.6044541841838509
narma,1668868548,qslstm,10,10.772076757263278,0.6043020591605455
narma,1668868548,qslstm,11,34.232365016534004,0.6038370689493604
narma,1668868548,qslstm,12,31.574180731024114,0.6039801578153856
narma,1668868548,qslstm,13,14.582251045017856,0.6039010011591017
narma,1668868548,qslstm,14,13.826610502030775,0.6043256769189611
narma,1668868548,qslstm,15,16.978536861940384,0.6041398673551157
narma,1668868548,qslstm,16,32.132034649410244,0.6034911465249024
narma,1668868548,qslstm,17,24.55998408056874,0.6048770601046272
narma,1668868548,qslstm,18,18.569796165093493,0.6022001768578775
narma,1668868548,qslstm,19,21.513887264447362,0.6034243557369336
narma,1668868548,qslstm,20,14.730990749481819,0.6026417088578455
narma,1668868548,qslstm,21,21.877676828418217,0.6027981952647679
narma,1668868548,qslstm,22,19.75262792762291,0.60413840028923
narma,1668868548,qslstm,23,12.174162834197361,0.6040324955247343
narma,1668868548,qslstm,24,42.3903241026448,0.6028955438523553
narma,1668868548,qslstm,25,34.653114833617394,0.6046333123813383
narma,1668868548,qslstm,26,19.79773027081542,0.6041801794199273
narma,1668868548,qslstm,27,13.92774402521431,0.6043823093641549
narma,1668868548,qslstm,28,26.21114283908328,0.6048545456142165
narma,1668868548,qslstm,29,17.3517243979355,0.6033801974263042
narma,1668868548,qslstm,30,18.795208219758933,0.6045002155005932
narma,1668868548,qslstm,31,16.571758357609497,0.6029339062515646
narma,1710807515,qlstm,0,0.48766360920853913,0.43890944903250784
narma,1710807515,qlstm,1,0.4887935140868649,0.43938572792103514
narma,1710807515,qlstm,2,0.488505344837904,0.43908850534353405
narma,1710807515,qlstm,3,0.4888534509227611,0.43934906157664955
narma,1710807515,qlstm,4,0.48623507405864075,0.4397787894704379
narma,1710807515,qlstm,5,0.4855028023594059,0.43915705528343096
narma,1710807515,qlstm,6,0.48732885549543425,0.4392429862054996
narma,1710807515,qlstm,7,0.4888436670298688,0.4390881137805991
narma,1710807515,qlstm,8,0.48936102812876925,0.4385989975417033
narma,1710807515,qlstm,9,0.48912244697567075,0.4390469676000066
narma,1710807515,qlstm,10,0.48907842475455254,0.439153250597883
narma,1710807515,qlstm,11,0.48685824283165857,0.4390828057657927
narma,1710807515,qlstm,12,0.4915215895161964,0.439230463700369
narma,1710807515,qlstm,13,0.489951551775448,0.43869894155068323
narma,1710807515,qlstm,14,0.48837583902059123,0.43874155677622184
narma,1710807515,qlstm,15,0.48977073130663484,0.4390838847612031
narma,1710807515,qlstm,16,0.490924370882567,0.43897653074236587
narma,1710807515,qlstm,17,0.4912414294667542,0.438518637616653
narma,1710807515,qlstm,18,0.4887008684454486,0.43905640026787296
narma,1710807515,qlstm,19,0.487229420512449,0.43940533563727513
narma,1710807515,qlstm,20,0.4882690450758673,0.4386172915692441
narma,1710807515,qlstm,21,0.4886176900472492,0.4390773806371726
narma,1710807515,qlstm,22,0.48827439663000405,0.43894811207428575
narma,1710807515,qlstm,23,0.4901444911956787,0.4383731618290767
narma,1710807515,qlstm,24,0.4884300577105023,0.43879404140170664
narma,1710807515,qlstm,25,0.4864048379822634,0.43870674102799967
narma,1710807515,qlstm,26,0.4895890629850328,0.4396810281323269
narma,1710807515,qlstm,27,0.49195773556130007,0.43931897886795923
narma,1710807515,qlstm,28,0.48492347565479577,0.4397614967892878
narma,1710807515,qlstm,29,0.49084395659156144,0.43888631247682497
narma,1710807515,qlstm,30,0.4905580425984226,0.4391933332080953
narma,1710807515,qlstm,31,0.4858404139522463,0.4391413258272223
narma,1710807515,qslstm,0,9.348183250636794,0.49649395380401984
narma,1710807515,qslstm,1,23.418321878940333,0.4953781879157759
narma,1710807515,qslstm,2,26.624260673415847,0.4949474776512943
narma,1710807515,qslstm,3,25.64507267740555,0.4946999150561169
narma,1710807515,qslstm,4,17.15815388673218,0.49399116600397974
narma,1710807515,qslstm,5,12.45220005104784,0.4943245775648393
narma,1710807515,qslstm,6,13.572534729959443,0.49446680705295876
narma,1710807515,qslstm,7,17.208763455273584,0.49479087872896343
narma,1710807515,qslstm,8,14.034838833089452,0.4953408492729068
narma,1710807515,qslstm,9,21.540704723098315,0.49486924608936533
narma,1710807515,qslstm,10,26.506494879722595,0.49510115559678525
narma,1710807515,qslstm,11,17.706998967390973,0.4946279202122241
narma,1710807515,qslstm,12,16.86072301265085,0.4955216482048854
narma,1710807515,qslstm,13,22.68151136895176,0.4952808965463191
narma,1710807515,qslstm,14,16.652709009242244,0.49492301425198093
narma,1710807515,qslstm,15,17.63769399886951,0.49489031377015635
narma,1710807515,qslstm,16,19.282196818850935,0.4954760071123019
narma,1710807515,qslstm,17,23.711024282791186,0.4956997112603858
narma,1710807515,qslstm,18,15.971372886910103,0.49486212513875216
narma,1710807515,qslstm,19,19.351617908629123,0.4945211069425568
narma,1710807515,qslstm,20,14.226569172693416,0.49497621500631794
narma,1710807515,qslstm,21,18.337238634820096,0.49499513139016926
narma,1710807515,qslstm,22,13.996852706826758,0.49481091904453933
narma,1710807515,qslstm,23,14.493241725373082,0.49565528525272384
narma,1710807515,qslstm,24,18.15149770618882,0.4951471597305499
narma,1710807515,qslstm,25,13.49532040557824,0.49476302275434136
narma,1710807515,qslstm,26,14.47118127439171,0.49438557523535565
narma,1710807515,qslstm,27,19.236838912416715,0.49536555394297466
narma,1710807515,qslstm,28,20.629585316753946,0.4937764761853032
narma,1710807515,qslstm,29,18.84191109362291,0.4955674782395363
narma,1710807515,qslstm,30,23.244935064576566,0.4951772667118348
narma,1710807515,qslstm,31,14.781550058105495,0.4942337500397116
narma,1716202887,qlstm,0,0.5223378388327546,0.6606922460487112
narma,1716202887,qlstm,1,0.5104130011168309,0.6623843654524535
narma,1716202887,qlstm,2,0.5019262262503617,0.66215457348153
narma,1716202887,qlstm,3,0.5012407352332957,0.6605836855014786
narma,1716202887,qlstm,4,0.49900656373938546,0.6598450776655227
narma,1716202887,qlstm,5,0.49473282787948847,0.6599355100188404
narma,1716202887,qlstm,6,0.4960725872660987,0.6596036881674081
narma,1716202887,qlstm,7,0.4915566634736024,0.6609585952828638
narma,1716202887,qlstm,8,0.4979100246564485,0.6594892435241491
narma,1716202887,qlstm,9,0.4932736631599255,0.6601307808887213
narma,1716202887,qlstm,10,0.49793874711031094,0.658681332366541
narma,1716202887,qlstm,11,0.4921459924080409,0.6587924400228076
narma,1716202887,qlstm,12,0.49561078927945346,0.6583863488631323
narma,1716202887,qlstm,13,0.494153059204109,0.6583188575459644
narma,1716202887,qlstm,14,0.49333018506877124,0.6601938575040549
narma,1716202887,qlstm,15,0.4965102495625615,0.6585238092811778
narma,1716202887,qlstm,16,0.49378258344950154,0.6592065131408162
narma,1716202887,qlstm,17,0.49358409974956885,0.658152197371237
narma,1716202887,qlstm,18,0.49456574104260653,0.6599787566810846
narma,1716202887,qlstm,19,0.4958956406917423,0.658526812097989
narma,1716202887,qlstm,20,0.48756766848964617,0.6595344466622919
narma,1716202887,qlstm,21,0.4979439734015614,0.6597304032184184
narma,1716202887,qlstm,22,0.4973724585142918,0.6584080712636933
narma,1716202887,qlstm,23,0.4918658444657922,0.6585837522870861
narma,1716202887,qlstm,24,0.4934859378845431,0.6587269240408204
narma,1716202887,qlstm,25,0.4942575335735455,0.6585012284340337
narma,1716202887,qlstm,26,0.49418237764621153,0.6581241577514447
narma,1716202887,qlstm,27,0.49772718030726537,0.6588713160017505
narma,1716202887,qlstm,28,0.49472128407796845,0.6589273051940836
narma,1716202887,qlstm,29,0.49357631185557693,0.6590982832713053
narma,1716202887,qlstm,30,0.49009492091136053,0.6586528369225562
narma,1716202887,qlstm,31,0.49099951749667525,0.66046482155798
narma,1716202887,qslstm,0,18.129762006930832,0.6059839593362994
narma,1716202887,qslstm,1,11.174108483334862,0.6048864434123971
narma,1716202887,qslstm,2,12.404794639925399,0.6020927291247062
narma,1716202887,qslstm,3,14.399598209445116,0.6034060075762682
narma,1716202887,qslstm,4,19.66429828392495,0.6038347102003172
narma,1716202887,qslstm,5,16.727316514786935,0.6010820791707374
narma,1716202887,qslstm,6,14.763711674848764,0.602548056805972
narma,1716202887,qslstm,7,7.6663129795385885,0.5997543733101338
narma,1716202887,qslstm,8,13.701650098882737,0.6033900003531016
narma,1716202887,qslstm,9,11.733303525111523,0.6016895708162338
narma,1716202887,qslstm,10,18.766878004870478,0.6047126009943895
narma,1716202887,qslstm,11,14.023675076600284,0.601064299873542
narma,1716202887,qslstm,12,15.686580788066067,0.6024947956902906
narma,1716202887,qslstm,13,18.27381143855348,0.6021505586686544
narma,1716202887,qslstm,14,11.198407415615407,0.6025554955122061
narma,1716202887,qslstm,15,17.56820885053355,0.6040420269710012
narma,1716202887,qslstm,16,11.726106355217098,0.6031675086123869
narma,1716202887,qslstm,17,18.447864915494165,0.6017893489333801
narma,1716202887,qslstm,18,10.267217633756331,0.6038455253583379
narma,1716202887,qslstm,19,17.82568227641775,0.6043691463419236
narma,1716202887,qslstm,20,10.539015244591155,0.5978752477094531
narma,1716202887,qslstm,21,14.586500716677392,0.6049152309424244
narma,1716202887,qslstm,22,17.2649854050602,0.6055100608500652
narma,1716202887,qslstm,23,11.066772385294144,0.6015458950423636
narma,1716202887,qslstm,24,20.152295175593054,0.6019398714415729
narma,1716202887,qslstm,25,13.733631642468026,0.6018821019097231
narma,1716202887,qslstm,26,15.200791263807105,0.6018557919887826
narma,1716202887,qslstm,27,15.133041062472444,0.6061381353065372
narma,1716202887,qslstm,28,13.542067467391917,0.6046089939191006
narma,1716202887,qslstm,29,12.079974951542681,0.6030543969245628
narma,1716202887,qslstm,30,12.713579934004429,0.5989539633737877
narma,1716202887,qslstm,31,9.654028115662413,0.599655676051043
narma,1806016308,qlstm,0,0.48193424445344135,0.45747677551116794
narma,1806016308,qlstm,1,0.48474898806307465,0.4585743378265761
narma,1806016308,qlstm,2,0.48407459928421304,0.4572275051032193
narma,1806016308,qlstm,3,0.48512078123167157,0.45815147389657795
narma,1806016308,qlstm,4,0.4856194424792193,0.4585944415302947
narma,1806016308,qlstm,5,0.48531952168559656,0.4584583159885369
narma,1806016308,qlstm,6,0.4861539850826375,0.4593811388476752
narma,1806016308,qlstm,7,0.4827783997170627,0.4567388512659818
narma,1806016308,qlstm,8,0.4855047079618089,0.4592054282547906
narma,1806016308,qlstm,9,0.4823754313401878,0.45631789322942495
narma,1806016308,qlstm,10,0.48024256411008537,0.4555197039153427
narma,1806016308,qlstm,11,0.48031083442037925,0.45555100368801504
narma,1806016308,qlstm,12,0.48013209039345384,0.4556399249122478
narma,1806016308,qlstm,13,0.4840075661195442,0.45846451044781134
narma,1806016308,qlstm,14,0.4829122846131213,0.45670242194319144
narma,1806016308,qlstm,15,0.48330779263051227,0.45718647219473496
narma,1806016308,qlstm,16,0.48221467627445236,0.4564254389842972
narma,1806016308,qlstm,17,0.4835420654853806,0.45770313241519034
narma,1806016308,qlstm,18,0.4831346276914701,0.45714791561476886
narma,1806016308,qlstm,19,0.48256655142176896,0.456845622160472
narma,1806016308,qlstm,20,0.4817099767969921,0.45603335852501914
narma,1806016308,qlstm,21,0.48449408903252333,0.4582933444180526
narma,1806016308,qlstm,22,0.48638180730631575,0.4596255601500161
narma,1806016308,qlstm,23,0.4815677070291713,0.45555497118039057
narma,1806016308,qlstm,24,0.48368412180570886,0.45750835648505017
narma,1806016308,qlstm,25,0.48619140742812306,0.45949306595139205
narma,1806016308,qlstm,26,0.48381264216732234,0.4574568962561898
narma,1806016308,qlstm,27,0.48493327328469604,0.4584918610053137
narma,1806016308,qlstm,28,0.485767204023432,0.4590590781881474
narma,1806016308,qlstm,29,0.481381936755497,0.45564621640369296
narma,1806016308,qlstm,30,0.48285095451865345,0.45735648000845686
narma,1806016308,qlstm,31,0.4815223897458054,0.45627951330970973
narma,1806016308,qslstm,0,1.6377960457152767,0.5161415077163838
narma,1806016308,qslstm,1,1.4912659026751953,0.5125382849946618
narma,1806016308,qslstm,2,1.5234271048138908,0.5127859900821932
narma,1806016308,qslstm,3,1.5268267098772412,0.5131825354183093
narma,1806016308,qslstm,4,1.546587008695269,0.5131509204511531
narma,1806016308,qslstm,5,1.5512475296568482,0.5146671477123164
narma,1806016308,qslstm,6,1.5792634651177195,0.5141421293374151
narma,1806016308,qslstm,7,1.6043671609299963,0.5161324579967186
narma,1806016308,qslstm,8,1.5286936741579211,0.5137172397226095
narma,1806016308,qslstm,9,1.6108019110506575,0.5150694443727843
narma,1806016308,qslstm,10,1.7172172025134387,0.5184376601828262
narma,1806016308,qslstm,11,1.5292760157446992,0.5143167911446653
narma,1806016308,qslstm,12,1.6415300481849044,0.5175072783022188
narma,1806016308,qslstm,13,1.467450244362226,0.5127056755009107
narma,1806016308,qslstm,14,1.5206877263506158,0.5132684408454224
narma,1806016308,qslstm,15,1.5399983306995182,0.5135218651848845
narma,1806016308,qslstm,16,1.5660867958188192,0.514679258398246
narma,1806016308,qslstm,17,1.560340327934,0.5139074627077207
narma,1806016308,qslstm,18,1.5543263378988286,0.5145687783951871
narma,1806016308,qslstm,19,1.6048788779967254,0.5149659766466357
narma,1806016308,qslstm,20,1.526653541584892,0.5137546654441394
narma,1806016308,qslstm,21,1.5112223120527233,0.5133735885610804
narma,1806016308,qslstm,22,1.544890488942201,0.5134354988113046
narma,1806016308,qslstm,23,1.6295558048282146,0.5152951365453191
narma,1806016308,qslstm,24,1.4619849306541255,0.5122733658063225
narma,1806016308,qslstm,25,1.5399522816692297,0.5134691233979538
narma,1806016308,qslstm,26,1.59645335522805,0.5153954665292986
narma,1806016308,qslstm,27,1.5275488495392437,0.5125028736656532
narma,1806016308,qslstm,28,1.5694328117058376,0.5139100039377809
narma,1806016308,qslstm,29,1.6527762903951952,0.5165598508901894
narma,1806016308,qslstm,30,1.5480493240004307,0.5141844070167281
narma,1806016308,qslstm,31,1.6197293949496725,0.5163257020758465
narma,1806016308,qslstm_log,0,1.2564449439720748,0.5110635912686173
narma,1806016308,qslstm_log,1,1.1908129049544198,0.5076533771223206
narma,1806016308,qslstm_log,2,1.20338756028431,0.5085356212423805
narma,1806016308,qslstm_log,3,1.2020500456913776,0.5091441867594062
narma,1806016308,qslstm_log,4,1.2076402295244928,0.5092432027136893
narma,1806016308,qslstm_log,5,1.2297727667516947,0.5101814911147082
narma,1806016308,qslstm_log,6,1.211820136532733,0.5100349312337609
narma,1806016308,qslstm_log,7,1.2865725139224367,0.5108819545044037
narma,1806016308,qslstm_log,8,1.2295071665864195,0.509588556024831
narma,1806016308,qslstm_log,9,1.2655288340575928,0.5100060005412095
narma,1806016308,qslstm_log,10,1.326000344011616,0.512709865323764
narma,1806016308,qslstm_log,11,1.302566970625105,0.5092456196860335
narma,1806016308,qslstm_log,12,1.3271526906462117,0.5119944915869444
narma,1806016308,qslstm_log,13,1.2400425715550862,0.5087496854503143
narma,1806016308,qslstm_log,14,1.2415237999996798,0.5086881735020823
narma,1806016308,qslstm_log,15,1.23722354567063,0.5091785539337828
narma,1806016308,qslstm_log,16,1.2676443988935022,0.5099207866652945
narma,1806016308,qslstm_log,17,1.2465579428907774,0.5097100026023116
narma,1806016308,qslstm_log,18,1.2680545880879948,0.5099099736846378
narma,1806016308,qslstm_log,19,1.265446995804158,0.5101803997386412
narma,1806016308,qslstm_log,20,1.2643969072358028,0.5089439692825536
narma,1806016308,qslstm_log,21,1.2272361765379154,0.5093344348360108
narma,1806016308,qslstm_log,22,1.1988398688846824,0.5096496165067098
narma,1806016308,qslstm_log,23,1.2710368537459553,0.5100674940747499
narma,1806016308,qslstm_log,24,1.2302792696435396,0.5081476634072344
narma,1806016308,qslstm_log,25,1.2041621745874755,0.5095182535859298
narma,1806016308,qslstm_log,26,1.2603590266070148,0.5105869815701856
narma,1806016308,qslstm_log,27,1.2155928577154433,0.5085336313056561
narma,1806016308,qslstm_log,28,1.221232311955537,0.509872145865345
narma,1806016308,qslstm_log,29,1.2976842917150373,0.5110168747441168
narma,1806016308,qslstm_log,30,1.2606529773398145,0.5096029203140919
narma,1806016308,qslstm_log,31,1.2922423298007977,0.511038378194637
narma,1885117419,qlstm,0,0.4500062841689214,0.5644884086796083
narma,1885117419,qlstm,1,0.45113390107871965,0.5640809562755749
narma,1885117419,qlstm,2,0.4527999059064314,0.5628727111034095
narma,1885117419,qlstm,3,0.453313683741726,0.5643848192412406
narma,1885117419,qlstm,4,0.453468170191627,0.5648211393272504
narma,1885117419,qlstm,5,0.45333088759798557,0.5631180320051499
narma,1885117419,qlstm,6,0.45561130600981414,0.5644369514193386
narma,1885117419,qlstm,7,0.45433894434245303,0.5641916288295761
narma,1885117419,qlstm,8,0.4552993946708739,0.5632810455281287
narma,1885117419,qlstm,9,0.4561794571345672,0.5645834961323999
narma,1885117419,qlstm,10,0.45639497943921015,0.5649828888708726
narma,1885117419,qlstm,11,0.455537793925032,0.5644951790454797
narma,1885117419,qlstm,12,0.4547922037891112,0.5644086445099674
narma,1885117419,qlstm,13,0.45495849673170596,0.5645520398393273
narma,1885117419,qlstm,14,0.455183035985101,0.5638556849444285
narma,1885117419,qlstm,15,0.4556921264156699,0.5637931725359522
narma,1885117419,qlstm,16,0.45622338860994205,0.5635266160243191
narma,1885117419,qlstm,17,0.45607734320219606,0.563512432097923
narma,1885117419,qlstm,18,0.4565627026022412,0.5639439512742683
narma,1885117419,qlstm,19,0.45718181028496474,0.5639988698530942
narma,1885117419,qlstm,20,0.45728523889556527,0.5643182783387601
narma,1885117419,qlstm,21,0.45678091718582436,0.5650660127867013
narma,1885117419,qlstm,22,0.45536669925786555,0.5634084404446185
narma,1885117419,qlstm,23,0.45497962343506515,0.5644088361877948
narma,1885117419,qlstm,24,0.4547531965072267,0.5629389163223095
narma,1885117419,qlstm,25,0.45707001601113006,0.564053034526296
narma,1885117419,qlstm,26,0.45699805492768064,0.5630199064034969
narma,1885117419,qlstm,27,0.4567027880111709,0.5638519944623113
narma,1885117419,qlstm,28,0.4568972127744928,0.5637310674646869
narma,1885117419,qlstm,29,0.4572519208304584,0.5623561619431712
narma,1885117419,qlstm,30,0.45814574387622997,0.5641548466519453
narma,1885117419,qlstm,31,0.4568528456729837,0.5642551793134771
narma,1885117419,qslstm,0,3.956897856318392,0.6319718421436846
narma,1885117419,qslstm,1,4.043072027154267,0.6290746437152848
narma,1885117419,qslstm,2,3.824703622260131,0.6281379306456074
narma,1885117419,qslstm,3,4.052935697720386,0.6331084034172818
narma,1885117419,qslstm,4,3.9633481180062518,0.633031998295337
narma,1885117419,qslstm,5,3.819416300742887,0.6305788871250115
narma,1885117419,qslstm,6,3.9262779698474333,0.6300985356210731
narma,1885117419,qslstm,7,3.9925290659302846,0.6339017549762502
narma,1885117419,qslstm,8,3.798507350962609,0.6285498730139807
narma,1885117419,qslstm,9,3.9587658581440337,0.6316093431087211
narma,1885117419,qslstm,10,3.9386529072071426,0.6312038102769293
narma,1885117419,qslstm,11,3.975175084779039,0.6318885969230905
narma,1885117419,qslstm,12,3.979466316057369,0.6338556139962748
narma,1885117419,qslstm,13,3.9118691565236077,0.6319650476798415
narma,1885117419,qslstm,14,3.870015809952747,0.6313871181337163
narma,1885117419,qslstm,15,3.8872018188703805,0.6303850561380386
narma,1885117419,qslstm,16,3.8582800768781453,0.6288556171348318
narma,1885117419,qslstm,17,3.920566357905045,0.6313562221475877
narma,1885117419,qslstm,18,3.9182341633131728,0.6298877797671594
narma,1885117419,qslstm,19,3.893245665356517,0.6288659993442707
narma,1885117419,qslstm,20,3.928631392947864,0.6305633180309087
narma,1885117419,qslstm,21,4.017295795143582,0.6330476782168262
narma,1885117419,qslstm,22,3.883722414262593,0.6308483951142989
narma,1885117419,qslstm,23,3.9996405955171213,0.6344085812452249
narma,1885117419,qslstm,24,3.7809968730434775,0.629857863415964
narma,1885117419,qslstm,25,3.8493792820954695,0.6283743373933248
narma,1885117419,qslstm,26,3.87861886236351,0.6284423700417392
narma,1885117419,qslstm,27,3.9473107864614576,0.6320155225112103
narma,1885117419,qslstm,28,3.877348546637222,0.628372604958713
narma,1885117419,qslstm,29,3.7973639994161204,0.6273887940333225
narma,1885117419,qslstm,30,3.9600748998345807,0.6293936094152741
narma,1885117419,qslstm,31,3.971969756530598,0.6327459899475798
narma,1885117419,qslstm_log,0,0.8200888042488113,0.6482746857969661
narma,1885117419,qslstm_log,1,0.8358252623995266,0.6452250113183544
narma,1885117419,qslstm_log,2,0.8403132382404909,0.6441460979471305
narma,1885117419,qslstm_log,3,0.8625753013728381,0.6500066199774079
narma,1885117419,qslstm_log,4,0.8556009777059441,0.6495115553915982
narma,1885117419,qslstm_log,5,0.8531748707237605,0.6470694980025337
narma,1885117419,qslstm_log,6,0.8400043950026035,0.64567280481683
narma,1885117419,qslstm_log,7,0.879270300508665,0.651092470717956
narma,1885117419,qslstm_log,8,0.8285339145235637,0.6441571850487333
narma,1885117419,qslstm_log,9,0.8505705072190464,0.6477584557708425
narma,1885117419,qslstm_log,10,0.8460533320486435,0.6469570885757596
narma,1885117419,qslstm_log,11,0.8557394751101043,0.6481809917862836
narma,1885117419,qslstm_log,12,0.8676140531581364,0.6508673336839974
narma,1885117419,qslstm_log,13,0.8479578134904493,0.6482347218909683
narma,1885117419,qslstm_log,14,0.8533140516774951,0.6477717221593787
narma,1885117419,qslstm_log,15,0.8506476330415438,0.6464571073254448
narma,1885117419,qslstm_log,16,0.8371928104741195,0.6445781583631234
narma,1885117419,qslstm_log,17,0.8623938717257968,0.6480561397298654
narma,1885117419,qslstm_log,18,0.8347850432604855,0.6456960520947097
narma,1885117419,qslstm_log,19,0.8212113097525935,0.6442501493824521
narma,1885117419,qslstm_log,20,0.834371753934403,0.6464859811080174
narma,1885117419,qslstm_log,21,0.8620387230607387,0.6493956230969249
narma,1885117419,qslstm_log,22,0.8586400229106701,0.6472927581556334
narma,1885117419,qslstm_log,23,0.8747763775021792,0.6516781253977415
narma,1885117419,qslstm_log,24,0.8450940013025614,0.6462026763331363
narma,1885117419,qslstm_log,25,0.8230974567920093,0.6435432628059048
narma,1885117419,qslstm_log,26,0.835043346296337,0.6443095026114842
narma,1885117419,qslstm_log,27,0.8603038645665497,0.6487664878210903
narma,1885117419,qslstm_log,28,0.8308354015830509,0.6438253468968157
narma,1885117419,qslstm_log,29,0.8335519163373377,0.6431655316151111
narma,1885117419,qslstm_log,30,0.828082839178504,0.6450508580661611
narma,1885117419,qslstm_log,31,0.8663516779013077,0.6495291765719876
narma,1952804984,qlstm,0,0.5633781286887825,0.5411853622063063
narma,1952804984,qlstm,1,0.5610635487828404,0.5424576220684685
narma,1952804984,qlstm,2,0.5609527561464347,0.5411917979363352
narma,1952804984,qlstm,3,0.5596769512630999,0.5413516020053066
narma,1952804984,qlstm,4,0.5583847845555283,0.5407395408838056
narma,1952804984,qlstm,5,0.5592058743350208,0.5393158674705774
narma,1952804984,qlstm,6,0.5585509282536805,0.5403679116279818
narma,1952804984,qlstm,7,0.5603997477446683,0.5399126962875016
narma,1952804984,qlstm,8,0.5594939952716231,0.5383451076922938
narma,1952804984,qlstm,9,0.5599095556535758,0.5386510467506014
narma,1952804984,qlstm,10,0.559774040710181,0.5393200970138423
narma,1952804984,qlstm,11,0.5594011031207629,0.5388882127590477
narma,1952804984,qlstm,12,0.5573805256281048,0.5389614249579608
narma,1952804984,qlstm,13,0.5608551282784902,0.538926005072426
narma,1952804984,qlstm,14,0.5598053064895794,0.5389264130499214
narma,1952804984,qlstm,15,0.5577398007153533,0.54065901535796
narma,1952804984,qlstm,16,0.5589177425717935,0.5390299608116038
narma,1952804984,qlstm,17,0.5577765392372385,0.5389994067954831
narma,1952804984,qlstm,18,0.5597795975045301,0.5389678669162095
narma,1952804984,qlstm,19,0.5576432596426457,0.539320987300016
narma,1952804984,qlstm,20,0.5580795793794096,0.5394675846328028
narma,1952804984,qlstm,21,0.5601626371499151,0.5396751736989245
narma,1952804984,qlstm,22,0.5566831405740231,0.540240457165055
narma,1952804984,qlstm,23,0.5589641266269609,0.5379673964926042
narma,1952804984,qlstm,24,0.5589942226069979,0.5392769288737327
narma,1952804984,qlstm,25,0.5599405382527038,0.5402403087355196
narma,1952804984,qlstm,26,0.5584200359880924,0.5389168347464874
narma,1952804984,qlstm,27,0.559284487972036,0.5391449664602987
narma,1952804984,qlstm,28,0.558609279920347,0.5381002922076732
narma,1952804984,qlstm,29,0.5601350436918437,0.5397306035156362
narma,1952804984,qlstm,30,0.5580682660220191,0.5394082892453298
narma,1952804984,qlstm,31,0.557366167253349,0.5384983355179429
narma,1952804984,qslstm,0,22.359829661712865,0.690602082409896
narma,1952804984,qslstm,1,73.1138236578181,0.687699405127205
narma,1952804984,qslstm,2,34.93736152719248,0.6881491397507489
narma,1952804984,qslstm,3,27.228763365718805,0.6870655519887805
narma,1952804984,qslstm,4,25.551776005603642,0.6867393056163564
narma,1952804984,qslstm,5,30.957581810233933,0.6878171479329467
narma,1952804984,qslstm,6,20.289085556616556,0.6867759861052036
narma,1952804984,qslstm,7,53.84330080260679,0.6861819644691423
narma,1952804984,qslstm,8,65.63232245492054,0.6865460876142606
narma,1952804984,qslstm,9,40.591494821721426,0.685964620555751
narma,1952804984,qslstm,10,24.506214544308932,0.6854601334780455
narma,1952804984,qslstm,11,33.99724570716626,0.6853229650296271
narma,1952804984,qslstm,12,37.77293475917668,0.6859398059314117
narma,1952804984,qslstm,13,59.10341515586697,0.6854387359926477
narma,1952804984,qslstm,14,31.302307609678792,0.6848259168909863
narma,1952804984,qslstm,15,57.539085146992875,0.683977477485314
narma,1952804984,qslstm,16,36.95852454873784,0.6853783773258328
narma,1952804984,qslstm,17,21.330673465244217,0.6855683375615627
narma,1952804984,qslstm,18,32.814346924077654,0.6855143988505006
narma,1952804984,qslstm,19,43.517333472525024,0.6853139636805281
narma,1952804984,qslstm,20,44.28580124044947,0.6858855477767065
narma,1952804984,qslstm,21,30.9982893192946,0.6852744981879368
narma,1952804984,qslstm,22,17.20526917958432,0.6852271880488843
narma,1952804984,qslstm,23,21.12855844357091,0.68721906573046
narma,1952804984,qslstm,24,30.752883132034185,0.6857590846484527
narma,1952804984,qslstm,25,23.747163197536793,0.6847259587375447
narma,1952804984,qslstm,26,50.26479956926869,0.6855395943857729
narma,1952804984,qslstm,27,88.1946792098588,0.6856260788626969
narma,1952804984,qslstm,28,16.568577417183405,0.6862005824223161
narma,1952804984,qslstm,29,45.603660658225635,0.6847288589924574
narma,1952804984,qslstm,30,53.42692551514483,0.6850840707775205
narma,1952804984,qslstm,31,19.050898599591164,0.686120523372665
narma,1952804984,qslstm_log,0,0.041539715219285706,0.7098084414510932
narma,1952804984,qslstm_log,1,0.040783386077175576,0.7069221433607284
narma,1952804984,qslstm_log,2,0.04110488477786485,0.7073980658629675
narma,1952804984,qslstm_log,3,0.04297925111354378,0.706661909673932
narma,1952804984,qslstm_log,4,0.038800538187685675,0.707483078772418
narma,1952804984,qslstm_log,5,0.036327987833093225,0.7087866061538941
narma,1952804984,qslstm_log,6,0.040902744718568876,0.7075521226838877
narma,1952804984,qslstm_log,7,0.041621445018779755,0.7071767134685198
narma,1952804984,qslstm_log,8,0.03871465269707709,0.7080290839254398
narma,1952804984,qslstm_log,9,0.03871281133745451,0.7075824768750005
narma,1952804984,qslstm_log,10,0.04226282028022512,0.7067983990190161
narma,1952804984,qslstm_log,11,0.04054138958167324,0.706862606074371
narma,1952804984,qslstm_log,12,0.03710458864264938,0.7078727830121423
narma,1952804984,qslstm_log,13,0.04104560512592743,0.7068611933986638
narma,1952804984,qslstm_log,14,0.041900884673688875,0.7063889905001169
narma,1952804984,qslstm_log,15,0.043138200195251226,0.7056501061260405
narma,1952804984,qslstm_log,16,0.04128627853402529,0.7068746615670226
narma,1952804984,qslstm_log,17,0.0379505753479389,0.7076762165332873
narma,1952804984,qslstm_log,18,0.0403397371391074,0.707153995258287
narma,1952804984,qslstm_log,19,0.03834991099702723,0.707612334683349
narma,1952804984,qslstm_log,20,0.037343630510005145,0.7080852995338258
narma,1952804984,qslstm_log,21,0.04258612059305072,0.7069759322724631
narma,1952804984,qslstm_log,22,0.038708660507460725,0.707572181925737
narma,1952804984,qslstm_log,23,0.03389694652001958,0.7096731960198721
narma,1952804984,qslstm_log,24,0.039028594785564516,0.7082197162839343
narma,1952804984,qslstm_log,25,0.04437627148779565,0.706627671086735
narma,1952804984,qslstm_log,26,0.03893870743999446,0.7077444835409634
narma,1952804984,qslstm_log,27,0.038151688641923386,0.7079509298465572
narma,1952804984,qslstm_log,28,0.035937092160683005,0.7087892127861969
narma,1952804984,qslstm_log,29,0.04371471669675335,0.7065413528370924
narma,1952804984,qslstm_log,30,0.04040122131386421,0.7072290940602078
narma,1952804984,qslstm_log,31,0.035182825475247,0.7088597657873184
narma,1992756749,qlstm,0,0.5153166390373372,0.5451524835661985
narma,1992756749,qlstm,1,0.5096227470785379,0.545601523888763
narma,1992756749,qlstm,2,0.5077688305173069,0.5457853437983431
narma,1992756749,qlstm,3,0.5037266399594955,0.5467239178833552
narma,1992756749,qlstm,4,0.4971082693664357,0.5475531346164644
narma,1992756749,qlstm,5,0.5057679278543219,0.5456680716597475
narma,1992756749,qlstm,6,0.4955224580480717,0.5474879139801487
narma,1992756749,qlstm,7,0.5015496484702453,0.5467039018985815
narma,1992756749,qlstm,8,0.5011470987810753,0.5466060260660015
narma,1992756749,qlstm,9,0.49598979856818914,0.5473389884573407
narma,1992756749,qlstm,10,0.5032157470122911,0.5459981536259875
narma,1992756749,qlstm,11,0.5023605344467796,0.5465204790234566
narma,1992756749,qlstm,12,0.4970085264649242,0.5462570074014366
narma,1992756749,qlstm,13,0.4970429905806668,0.5468332680175081
narma,1992756749,qlstm,14,0.4923592393170111,0.5480008999584243
narma,1992756749,qlstm,15,0.49285744107328355,0.5478657921776175
narma,1992756749,qlstm,16,0.5015809382312,0.546033468504902
narma,1992756749,qlstm,17,0.5020761649357155,0.5464031064184383
narma,1992756749,qlstm,18,0.49712843989254907,0.547383188677486
narma,1992756749,qlstm,19,0.4917040577856824,0.5476885837269947
narma,1992756749,qlstm,20,0.4922393460874446,0.5478847522172146
narma,1992756749,qlstm,21,0.49466360843507573,0.5477758456254378
narma,1992756749,qlstm,22,0.4926240086206235,0.5477509828633629
narma,1992756749,qlstm,23,0.49740213283803314,0.5471137122367509
narma,1992756749,qlstm,24,0.5000675398041494,0.5465286651742645
narma,1992756749,qlstm,25,0.4983311317046173,0.5468330605654046
narma,1992756749,qlstm,26,0.49310165707720444,0.5475587202236056
narma,1992756749,qlstm,27,0.496903539809864,0.5475238848594017
narma,1992756749,qlstm,28,0.499095922044944,0.5467577546369284
narma,1992756749,qlstm,29,0.4983077017823234,0.5470051531447098
narma,1992756749,qlstm,30,0.5017814009916037,0.5459413377684541
narma,1992756749,qlstm,31,0.49573850916931406,0.5477353051537648
narma,1992756749,qslstm,0,35.04117320606019,0.4986631333013065
narma,1992756749,qslstm,1,73.73075415368658,0.4976355758262798
narma,1992756749,qslstm,2,60.38663194922265,0.4974354104488157
narma,1992756749,qslstm,3,49.291702377668116,0.49679287493927404
narma,1992756749,qslstm,4,44.209446960827336,0.4961688162293285
narma,1992756749,qslstm,5,47.066576736746356,0.4960077904397622
narma,1992756749,qslstm,6,38.55334135296289,0.4957539407769218
narma,1992756749,qslstm,7,43.542658964404836,0.4956241973559372
narma,1992756749,qslstm,8,39.79007282335078,0.49606327957008034
narma,1992756749,qslstm,9,35.48946918192087,0.49552063655573875
narma,1992756749,qslstm,10,39.61060934740817,0.49600338912568986
narma,1992756749,qslstm,11,41.69957873597741,0.4965214690309949
narma,1992756749,qslstm,12,42.84395349514671,0.49431745475158095
narma,1992756749,qslstm,13,38.85585991397966,0.49555340490769595
narma,1992756749,qslstm,14,40.113090298254974,0.4950050470069982
narma,1992756749,qslstm,15,33.104545494075865,0.4955817758454941
narma,1992756749,qslstm,16,41.88070734066423,0.4958774115075357
narma,1992756749,qslstm,17,42.93733458511997,0.49567932629724964
narma,1992756749,qslstm,18,34.764446141780354,0.4963982172193937
narma,1992756749,qslstm,19,35.01235302048735,0.494646628794726
narma,1992756749,qslstm,20,32.37119514576625,0.4960907394415699
narma,1992756749,qslstm,21,38.659989597450476,0.49565673852339387
narma,1992756749,qslstm,22,38.171206500555854,0.49492724385345355
narma,1992756749,qslstm,23,38.90044008777477,0.49574980221223086
narma,1992756749,qslstm,24,40.34135882463306,0.4951927507063374
narma,1992756749,qslstm,25,45.763241022243164,0.4950471757329069
narma,1992756749,qslstm,26,38.098673046100885,0.4950161467422731
narma,1992756749,qslstm,27,36.61060870287474,0.4960292205796577
narma,1992756749,qslstm,28,37.612277141655795,0.49590666400035843
narma,1992756749,qslstm,29,38.996745591342915,0.4958251936477609
narma,1992756749,qslstm,30,40.19791302154772,0.49503900710260496
narma,1992756749,qslstm,31,39.91516633395804,0.4962253181147389
narma,1992756749,qslstm_log,0,0.6278493421226031,0.4947283118644651
narma,1992756749,qslstm_log,1,0.6074509986726361,0.49431403436115506
narma,1992756749,qslstm_log,2,0.6031392751752511,0.49486360224650944
narma,1992756749,qslstm_log,3,0.5960810798213281,0.4950981930229678
narma,1992756749,qslstm_log,4,0.5775065942089137,0.49518980042271865
narma,1992756749,qslstm_log,5,0.6175325281832955,0.49413739909469384
narma,1992756749,qslstm_log,6,0.5788919899455673,0.4950107295864975
narma,1992756749,qslstm_log,7,0.605306521866364,0.4943697001547354
narma,1992756749,qslstm_log,8,0.6044934759048871,0.4948014848886274
narma,1992756749,qslstm_log,9,0.5849796239813132,0.4948895400572517
narma,1992756749,qslstm_log,10,0.6146307489688211,0.49456272323070505
narma,1992756749,qslstm_log,11,0.6103937336517657,0.49525894259467623
narma,1992756749,qslstm_log,12,0.6059127488977019,0.4933913735559833
narma,1992756749,qslstm_log,13,0.5974306495815673,0.49470526494077915
narma,1992756749,qslstm_log,14,0.5762639279869869,0.49482626791170803
narma,1992756749,qslstm_log,15,0.5709977472675136,0.4953521743497541
narma,1992756749,qslstm_log,16,0.6092441676804112,0.4945875687694149
narma,1992756749,qslstm_log,17,0.6124591154538962,0.4945104990259479
narma,1992756749,qslstm_log,18,0.5870899224893609,0.495720939520217
narma,1992756749,qslstm_log,19,0.5761266540944113,0.4944916834525302
narma,1992756749,qslstm_log,20,0.5654793748074256,0.4959182629174791
narma,1992756749,qslstm_log,21,0.5774930387292913,0.4952624758096098
narma,1992756749,qslstm_log,22,0.5741908551759399,0.494750288773558
narma,1992756749,qslstm_log,23,0.5893718359165655,0.49498682501478036
narma,1992756749,qslstm_log,24,0.6026999293906283,0.4942011340862077
narma,1992756749,qslstm_log,25,0.598220197897462,0.49419834902195503
narma,1992756749,qslstm_log,26,0.5790683824520425,0.49471192848339784
narma,1992756749,qslstm_log,27,0.5850395578887342,0.4953908664947425
narma,1992756749,qslstm_log,28,0.5953206271193181,0.4949920974685963
narma,1992756749,qslstm_log,29,0.593717270653292,0.4949944834662816
narma,1992756749,qslstm_log,30,0.6154548764224989,0.4938167644334688
narma,1992756749,qslstm_log,31,0.5847399403851861,0.4957003599084267
narma,2036585866,qlstm,0,0.4541102541843429,0.5618423720588908
narma,2036585866,qlstm,1,0.44655086152488366,0.565478797245305
narma,2036585866,qlstm,2,0.4441774988663383,0.5601779707940295
narma,2036585866,qlstm,3,0.4465488894493319,0.5573428774368949
narma,2036585866,qlstm,4,0.4472936182282865,0.5582376342499629
narma,2036585866,qlstm,5,0.44760058441897854,0.5585054748808034
narma,2036585866,qlstm,6,0.4477654874208383,0.5567590769496746
narma,2036585866,qlstm,7,0.4485487714991905,0.5552933149738237
narma,2036585866,qlstm,8,0.44823099474888295,0.5589926422107965
narma,2036585866,qlstm,9,0.44721907330676913,0.5569713031873107
narma,2036585866,qlstm,10,0.4478292517596856,0.558030140819028
narma,2036585866,qlstm,11,0.44791511027142406,0.5552195789641701
narma,2036585866,qlstm,12,0.4494020364363678,0.5554800567333587
narma,2036585866,qlstm,13,0.4499042468960397,0.5547240729210898
narma,2036585866,qlstm,14,0.4506617164006457,0.5557270913850516
narma,2036585866,qlstm,15,0.4492495520389639,0.5581878192606382
narma,2036585866,qlstm,16,0.4487237707944587,0.5564733911887743
narma,2036585866,qlstm,17,0.44904405216220766,0.5547804752131924
narma,2036585866,qlstm,18,0.4497761065722443,0.5565873486339115
narma,2036585866,qlstm,19,0.44942879350855947,0.555426228500437
narma,2036585866,qlstm,20,0.4493880927329883,0.5556914553744718
narma,2036585866,qlstm,21,0.44929268694249913,0.5564058283343911
narma,2036585866,qlstm,22,0.4484042732510716,0.5591570570250042
narma,2036585866,qlstm,23,0.447792008460965,0.5556840345961973
narma,2036585866,qlstm,24,0.44885144842555746,0.555524762661662
narma,2036585866,qlstm,25,0.44870781747158617,0.5550540217664093
narma,2036585866,qlstm,26,0.44813641777727753,0.5624379800865427
narma,2036585866,qlstm,27,0.4463154792319983,0.5569737970945425
narma,2036585866,qlstm,28,0.44692196079995483,0.5576623415690847
narma,2036585866,qlstm,29,0.447212232160382,0.5572895908262581
narma,2036585866,qlstm,30,0.4479710914310999,0.5556738398736343
narma,2036585866,qlstm,31,0.4480778749566525,0.558841836929787
narma,2036585866,qslstm,0,132.06746305429897,0.605119030806236
narma,2036585866,qslstm,1,17.49086205248318,0.6037974569480866
narma,2036585866,qslstm,2,15.466989732407683,0.6060177234467119
narma,2036585866,qslstm,3,23.415749423498482,0.6047844194690697
narma,2036585866,qslstm,4,24.472619911260836,0.606485215597786
narma,2036585866,qslstm,5,8.949762800129974,0.6061985967098735
narma,2036585866,qslstm,6,7.258106982907066,0.6062413138570264
narma,2036585866,qslstm,7,6.583223202172576,0.6059046387090348
narma,2036585866,qslstm,8,9.29165402871206,0.6067533427267335
narma,2036585866,qslstm,9,7.477740957400329,0.606990750064142
narma,2036585866,qslstm,10,8.8374182575767,0.6054628058336675
narma,2036585866,qslstm,11,7.164521905508309,0.6068940683617257
narma,2036585866,qslstm,12,9.587437716926615,0.6051568326656707
narma,2036585866,qslstm,13,6.713104236503341,0.6062021980178542
narma,2036585866,qslstm,14,9.978666632267505,0.6040294077829458
narma,2036585866,qslstm,15,9.59204524562665,0.6059062525746413
narma,2036585866,qslstm,16,7.700675095303723,0.6055559141677804
narma,2036585866,qslstm,17,7.357253529299669,0.6061609015450813
narma,2036585866,qslstm,18,7.863973263473326,0.6049052849994041
narma,2036585866,qslstm,19,8.723732746450764,0.605681473040022
narma,2036585866,qslstm,20,9.351673708776161,0.6057741761906072
narma,2036585866,qslstm,21,8.43842472078768,0.6057068318477832
narma,2036585866,qslstm,22,11.502570490313474,0.6051602427032776
narma,2036585866,qslstm,23,6.996100898538316,0.6061545347911306
narma,2036585866,qslstm,24,7.1490120958721945,0.6059390158043243
narma,2036585866,qslstm,25,7.4897978539852375,0.6079436755389906
narma,2036585866,qslstm,26,11.39431187771288,0.6055787793011405
narma,2036585866,qslstm,27,6.142036699043956,0.6071935212239623
narma,2036585866,qslstm,28,8.749018644834678,0.6070328218629584
narma,2036585866,qslstm,29,9.56677317618687,0.6064824559143744
narma,2036585866,qslstm,30,7.928210958157706,0.6054875046829693
narma,2036585866,qslstm,31,10.343534792240007,0.6069083110196516
narma,2036585866,qslstm_log,0,0.5162316481245891,0.5867620685309829
narma,2036585866,qslstm_log,1,0.5675393053520443,0.589852339383252
narma,2036585866,qslstm_log,2,0.5554835604341213,0.5888382700650994
narma,2036585866,qslstm_log,3,0.5531276896292966,0.5849630380947396
narma,2036585866,qslstm_log,4,0.5524454185663148,0.588627630607627
narma,2036585866,qslstm_log,5,0.5556763150338044,0.589135379379838
narma,2036585866,qslstm_log,6,0.55386139247355,0.5879350607618141
narma,2036585866,qslstm_log,7,0.5529327645138056,0.5865412803098944
narma,2036585866,qslstm_log,8,0.5576213151788348,0.5907541773140237
narma,2036585866,qslstm_log,9,0.5557497158294751,0.5898294032359619
narma,2036585866,qslstm_log,10,0.5606029119251916,0.5882690797784872
narma,2036585866,qslstm_log,11,0.5518306454005375,0.5879330337458362
narma,2036585866,qslstm_log,12,0.5553574756545159,0.5854227124900935
narma,2036585866,qslstm_log,13,0.5511398974771539,0.586639502063949
narma,2036585866,qslstm_log,14,0.5596973899046777,0.5841853296340694
narma,2036585866,qslstm_log,15,0.5598758612125553,0.5893075831725485
narma,2036585866,qslstm_log,16,0.5585984341258798,0.5873105859677661
narma,2036585866,qslstm_log,17,0.5528601216384802,0.5867764644743673
narma,2036585866,qslstm_log,18,0.5592949437925802,0.5863343637098323
narma,2036585866,qslstm_log,19,0.5557170864796719,0.5867862225539713
narma,2036585866,qslstm_log,20,0.5562437429972549,0.5871258892385541
narma,2036585866,qslstm_log,21,0.5572192002925719,0.5876474366562655
narma,2036585866,qslstm_log,22,0.5657199664272252,0.5892164427664291
narma,2036585866,qslstm_log,23,0.5570803515525954,0.5876963494423737
narma,2036585866,qslstm_log,24,0.5541137948244161,0.5869651574754539
narma,2036585866,qslstm_log,25,0.5489253743601086,0.5899176732820178
narma,2036585866,qslstm_log,26,0.5695761873427365,0.5922674235509037
narma,2036585866,qslstm_log,27,0.5552873518416082,0.5904173084729523
narma,2036585866,qslstm_log,28,0.5553249472177341,0.590403716714218
narma,2036585866,qslstm_log,29,0.5572609164209101,0.5892828053468908
narma,2036585866,qslstm_log,30,0.5563397713968095,0.5862440300035661
narma,2036585866,qslstm_log,31,0.5586337569051552,0.5911246378354567
narma,266064982,qlstm,0,0.5816459084162489,0.4752418560674414
narma,266064982,qlstm,1,0.5709575271466747,0.4768727092887275
narma,266064982,qlstm,2,0.5629171433974989,0.47371013317024335
narma,266064982,qlstm,3,0.5679447618313134,0.47562397399451584
narma,266064982,qlstm,4,0.5669395090080798,0.475618536118418
narma,266064982,qlstm,5,0.5701545719057322,0.4792189216823317
narma,266064982,qlstm,6,0.5638966237311251,0.4788446694146842
narma,266064982,qlstm,7,0.5633055721409619,0.4744477072963491
narma,266064982,qlstm,8,0.5670729132252745,0.4770635986351408
narma,266064982,qlstm,9,0.5627347611589357,0.47743486805120483
narma,266064982,qlstm,10,0.5657262518652715,0.47802837344352156
narma,266064982,qlstm,11,0.5612879623076878,0.473948078986723
narma,266064982,qlstm,12,0.5667945746099576,0.47640783904353157
narma,266064982,qlstm,13,0.5632876473828219,0.47263717907480896
narma,266064982,qlstm,14,0.5718600962427445,0.47980306507088244
narma,266064982,qlstm,15,0.5624045866425149,0.47588583116885275
narma,266064982,qlstm,16,0.5635946364491247,0.47491035668645054
narma,266064982,qlstm,17,0.5612559458240867,0.4729594683740288
narma,266064982,qlstm,18,0.5693947289255448,0.4772996779065579
narma,266064982,qlstm,19,0.5631692441529594,0.4753933264291845
narma,266064982,qlstm,20,0.5633289968245663,0.4746214739861898
narma,266064982,qlstm,21,0.5696350971702486,0.47753834462491795
narma,266064982,qlstm,22,0.5613777908729389,0.4741476671770215
narma,266064982,qlstm,23,0.5647332896478474,0.47419862408423796
narma,266064982,qlstm,24,0.5661271208664402,0.4767115553258918
narma,266064982,qlstm,25,0.5635084103560075,0.4745870179613121
narma,266064982,qlstm,26,0.5683993892162107,0.47688745002960786
narma,266064982,qlstm,27,0.5596195308608003,0.4719089393620379
narma,266064982,qlstm,28,0.5698379941168241,0.4776392903877422
narma,266064982,qlstm,29,0.5625759905669838,0.47550085926195607
narma,266064982,qlstm,30,0.5647980817011558,0.473773765086662
narma,266064982,qlstm,31,0.5690058365580626,0.4785581539035775
narma,266064982,qslstm,0,15.784090706526968,0.7205718751065433
narma,266064982,qslstm,1,13.098162173284209,0.7172855323879048
narma,266064982,qslstm,2,13.10308292280888,0.7166011845692992
narma,266064982,qslstm,3,16.56123244975356,0.7190389792667702
narma,266064982,qslstm,4,16.747383964839855,0.7195115815848112
narma,266064982,qslstm,5,18.345564501956233,0.7205269283149391
narma,266064982,qslstm,6,17.591043957982947,0.7182664555730298
narma,266064982,qslstm,7,15.3760827015019,0.7202058777911589
narma,266064982,qslstm,8,17.424304327494156,0.7197607613634318
narma,266064982,qslstm,9,16.27197203656533,0.7167855376610532
narma,266064982,qslstm,10,16.370852458382615,0.7185177650535479
narma,266064982,qslstm,11,15.017890601446197,0.7181063162861392
narma,266064982,qslstm,12,16.06105780035068,0.7188300956040621
narma,266064982,qslstm,13,14.894561495098287,0.7190784774720669
narma,266064982,qslstm,14,17.238780673521205,0.7202473991783336
narma,266064982,qslstm,15,13.313716035466086,0.7187429135665298
narma,266064982,qslstm,16,16.03318751899542,0.7183932176558301
narma,266064982,qslstm,17,14.288445202500725,0.717399820452556
narma,266064982,qslstm,18,15.859068235997483,0.719553749426268
narma,266064982,qslstm,19,15.211744934945955,0.7180322975618765
narma,266064982,qslstm,20,17.052740547378335,0.7179999679792672
narma,266064982,qslstm,21,17.671695305336016,0.7200078329769894
narma,266064982,qslstm,22,13.917472577286844,0.7181812159251422
narma,266064982,qslstm,23,14.444082798501995,0.7189793159486726
narma,266064982,qslstm,24,17.332295285735654,0.7181955077685416
narma,266064982,qslstm,25,13.240135039460256,0.7186542742419988
narma,266064982,qslstm,26,18.12490855117403,0.7197930959518999
narma,266064982,qslstm,27,11.48008462073858,0.7180284349014983
narma,266064982,qslstm,28,15.747320913532349,0.7197409813525155
narma,266064982,qslstm,29,13.836978999924895,0.7179782264865935
narma,266064982,qslstm,30,15.626945169186683,0.7194351624930277
narma,266064982,qslstm,31,16.846006555398844,0.7193094559479505
narma,266064982,qslstm_log,0,1.896375249908995,0.6951029133419628
narma,266064982,qslstm_log,1,1.7508853420042159,0.6929212728235046
narma,266064982,qslstm_log,2,1.7261161156286273,0.6871250346923773
narma,266064982,qslstm_log,3,1.7143250562293948,0.6922570383882043
narma,266064982,qslstm_log,4,1.7145488732943228,0.6933035268450425
narma,266064982,qslstm_log,5,1.7258981312901227,0.6985293844350721
narma,266064982,qslstm_log,6,1.733616833858064,0.6943151278099494
narma,266064982,qslstm_log,7,1.7227515825399222,0.6927214564420636
narma,266064982,qslstm_log,8,1.7266611596701478,0.6948396153771514
narma,266064982,qslstm_log,9,1.73088096312598,0.690775369298973
narma,266064982,qslstm_log,10,1.7263868609595385,0.6937310826850493
narma,266064982,qslstm_log,11,1.7159585034492815,0.6888005194616859
narma,266064982,qslstm_log,12,1.7158428303453233,0.6927410680672847
narma,266064982,qslstm_log,13,1.7045804678723158,0.6893174237218826
narma,266064982,qslstm_log,14,1.7223062035855825,0.6983547801148878
narma,266064982,qslstm_log,15,1.7177429730453908,0.6918339854168571
narma,266064982,qslstm_log,16,1.7168050976368572,0.6904277797022274
narma,266064982,qslstm_log,17,1.7065272039700883,0.6867745710554372
narma,266064982,qslstm_log,18,1.7160830785965637,0.6946485078179955
narma,266064982,qslstm_log,19,1.7096834487339587,0.6901432056004568
narma,266064982,qslstm_log,20,1.7064317807122924,0.6892526922695386
narma,266064982,qslstm_log,21,1.7122226884113196,0.6958828390038718
narma,266064982,qslstm_log,22,1.7090452261924978,0.6892792478032942
narma,266064982,qslstm_log,23,1.7078935890581577,0.6905675932253088
narma,266064982,qslstm_log,24,1.7149495747970398,0.6920486207023939
narma,266064982,qslstm_log,25,1.7115029342146006,0.6903897363536143
narma,266064982,qslstm_log,26,1.712258280297606,0.6946043434516836
narma,266064982,qslstm_log,27,1.7034110552513722,0.6866538336847712
narma,266064982,qslstm_log,28,1.7125143614185578,0.6950431436796548
narma,266064982,qslstm_log,29,1.7115489671781556,0.6901255182093093
narma,266064982,qslstm_log,30,1.7041024359767802,0.6905551521617518
narma,266064982,qslstm_log,31,1.7140923181570666,0.6954609711201073
narma,435874469,qlstm,0,0.5576665061526,0.5578271527774632
narma,435874469,qlstm,1,0.557666533626616,0.557345824141521
narma,435874469,qlstm,2,0.555442581535317,0.5572068056790158
narma,435874469,qlstm,3,0.5525497675407678,0.5580396524746902
narma,435874469,qlstm,4,0.5503413895494305,0.5579432403319515
narma,435874469,qlstm,5,0.5484645062242635,0.5583781500463374
narma,435874469,qlstm,6,0.5486131767975166,0.5570624904939905
narma,435874469,qlstm,7,0.5473093597101979,0.5577717155101709
narma,435874469,qlstm,8,0.5473965057753958,0.5569468496832997
narma,435874469,qlstm,9,0.54704268660862,0.5571577427326702
narma,435874469,qlstm,10,0.5468461970449425,0.5567476000869647
narma,435874469,qlstm,11,0.5462819218519144,0.5579969440004788
narma,435874469,qlstm,12,0.547476067149546,0.5575295083690435
narma,435874469,qlstm,13,0.5464862664230168,0.5570982451317832
narma,435874469,qlstm,14,0.5468384171836078,0.557381674007047
narma,435874469,qlstm,15,0.5475054057314992,0.5566853032214567
narma,435874469,qlstm,16,0.5473406699602492,0.5569120717118494
narma,435874469,qlstm,17,0.5469281261903234,0.5569857213413343
narma,435874469,qlstm,18,0.5471133667742833,0.5577592084300704
narma,435874469,qlstm,19,0.5471373523469083,0.557127142266836
narma,435874469,qlstm,20,0.547372515022289,0.557564943912439
narma,435874469,qlstm,21,0.5480404181871563,0.5576445292099379
narma,435874469,qlstm,22,0.5474336087354459,0.5567331612110138
narma,435874469,qlstm,23,0.546884844021406,0.5570866534835659
narma,435874469,qlstm,24,0.5466381117003039,0.5567245575366542
narma,435874469,qlstm,25,0.5471316937473603,0.556441456952598
narma,435874469,qlstm,26,0.5459186073858291,0.5576167938997969
narma,435874469,qlstm,27,0.5465952007798478,0.5569731051800773
narma,435874469,qlstm,28,0.54753204039298,0.557013763289433
narma,435874469,qlstm,29,0.547125632467214,0.5568319627200253
narma,435874469,qlstm,30,0.5479667852632701,0.5575161527376622
narma,435874469,qlstm,31,0.5465405342401937,0.5563795935595408
narma,435874469,qslstm,0,18.565545120956813,0.602426401572302
narma,435874469,qslstm,1,9.47519767288577,0.603317994507961
narma,435874469,qslstm,2,8.999629132520568,0.6038359473459423
narma,435874469,qslstm,3,8.339836051352904,0.6029054634273052
narma,435874469,qslstm,4,7.263346996027394,0.6029772313777357
narma,435874469,qslstm,5,8.15290017749794,0.6026251188595779
narma,435874469,qslstm,6,7.396509675352718,0.6041873479261994
narma,435874469,qslstm,7,6.905718332985998,0.603180801437702
narma,435874469,qslstm,8,6.991484691370715,0.6042587335105054
narma,435874469,qslstm,9,6.933811903123569,0.6040847061667591
narma,435874469,qslstm,10,6.76251059450442,0.6047888795146719
narma,435874469,qslstm,11,7.951590300515818,0.6027553772437386
narma,435874469,qslstm,12,7.3943564136534405,0.6033276449888945
narma,435874469,qslstm,13,7.633558702891605,0.6038156757713296
narma,435874469,qslstm,14,7.234628523117863,0.6038683004444465
narma,435874469,qslstm,15,6.501119709362683,0.6047972436645068
narma,435874469,qslstm,16,7.116034772181592,0.6042251310427673
narma,435874469,qslstm,17,7.009408593206899,0.6041100067086518
narma,435874469,qslstm,18,7.732416949202161,0.6029658550396562
narma,435874469,qslstm,19,9.245403488665033,0.6032902339939028
narma,435874469,qslstm,20,8.384487865489064,0.6031810391577892
narma,435874469,qslstm,21,6.658649189444986,0.6031340719200671
narma,435874469,qslstm,22,6.741631948698341,0.604673427704256
narma,435874469,qslstm,23,6.643746355832263,0.6040554509381764
narma,435874469,qslstm,24,6.507766886868922,0.6045178884523921
narma,435874469,qslstm,25,6.630477493003127,0.605179360602051
narma,435874469,qslstm,26,7.347702883271268,0.6027495047892444
narma,435874469,qslstm,27,8.096347915459774,0.6042709447210655
narma,435874469,qslstm,28,7.649620957861771,0.6040292428224348
narma,435874469,qslstm,29,6.867442337508692,0.6040989801404066
narma,435874469,qslstm,30,6.412516494805459,0.6032676734030247
narma,435874469,qslstm,31,6.214189978567447,0.6046568386955187
narma,435874469,qslstm_log,0,0.03611878223415371,0.6134821182060728
narma,435874469,qslstm_log,1,0.03775075684890575,0.6096364730998431
narma,435874469,qslstm_log,2,0.03606535762438487,0.6097472899330925
narma,435874469,qslstm_log,3,0.03908384038888421,0.6080803662282916
narma,435874469,qslstm_log,4,0.03847468008477743,0.6094930198119229
narma,435874469,qslstm_log,5,0.039550797112039786,0.6105738082078918
narma,435874469,qslstm_log,6,0.03484513151014041,0.6104599154491277
narma,435874469,qslstm_log,7,0.038219208455345544,0.6100243175498824
narma,435874469,qslstm_log,8,0.03448017907610109,0.611454163070285
narma,435874469,qslstm_log,9,0.0351688081229434,0.6110305906770042
narma,435874469,qslstm_log,10,0.03348889478911264,0.6119333419536617
narma,435874469,qslstm_log,11,0.038327295570631754,0.6119546527890141
narma,435874469,qslstm_log,12,0.0370164959124926,0.6091365002311279
narma,435874469,qslstm_log,13,0.03558160424000626,0.612033780467591
narma,435874469,qslstm_log,14,0.03549136019151353,0.6125207001582029
narma,435874469,qslstm_log,15,0.03366628147932191,0.6115215132166645
narma,435874469,qslstm_log,16,0.034397280312636995,0.6112608486131632
narma,435874469,qslstm_log,17,0.03428990176807086,0.6123493505923849
narma,435874469,qslstm_log,18,0.0378422246017466,0.6102748956199098
narma,435874469,qslstm_log,19,0.03605766351195746,0.6127544937173695
narma,435874469,qslstm_log,20,0.037078805663113765,0.6112069748435567
narma,435874469,qslstm_log,21,0.0377809124677012,0.6087610708758272
narma,435874469,qslstm_log,22,0.03343285012458481,0.6117204973170121
narma,435874469,qslstm_log,23,0.0349875035816525,0.6107658471137627
narma,435874469,qslstm_log,24,0.03362203920146484,0.6124708187628292
narma,435874469,qslstm_log,25,0.03258594935477969,0.6104963488669809
narma,435874469,qslstm_log,26,0.03818406313419472,0.6122615776184932
narma,435874469,qslstm_log,27,0.034168180185996204,0.6125007198843422
narma,435874469,qslstm_log,28,0.03513536215271793,0.6109776875541585
narma,435874469,qslstm_log,29,0.034937063910586784,0.6123562846054599
narma,435874469,qslstm_log,30,0.037481218379013546,0.607613539130828
narma,435874469,qslstm_log,31,0.03394142938577967,0.6121632249648157
narma,484324222,qlstm,0,0.5115122165880166,0.452531254501082
narma,484324222,qlstm,1,0.49938212742563337,0.45056627376470715
narma,484324222,qlstm,2,0.5015099911834113,0.45316706091398373
narma,484324222,qlstm,3,0.5004768116632476,0.4527959204860963
narma,484324222,qlstm,4,0.4941502360161394,0.4517307785572484
narma,484324222,qlstm,5,0.49802648345939815,0.4528850321075879
narma,484324222,qlstm,6,0.4955172218615189,0.45186002930859104
narma,484324222,qlstm,7,0.49561994161922485,0.4524206416681409
narma,484324222,qlstm,8,0.4989759555319324,0.4524880864773877
narma,484324222,qlstm,9,0.49445692222798243,0.45235449308529496
narma,484324222,qlstm,10,0.4971490559983067,0.45277138118399307
narma,484324222,qlstm,11,0.49866320070577785,0.4535486015956849
narma,484324222,qlstm,12,0.49293725326424465,0.451647755689919
narma,484324222,qlstm,13,0.4989737670402974,0.45252481813076884
narma,484324222,qlstm,14,0.49588227295316756,0.4522633590968326
narma,484324222,qlstm,15,0.49593005719361827,0.45110266242409125
narma,484324222,qlstm,16,0.4991391629446298,0.45330980041762814
narma,484324222,qlstm,17,0.4936290447949432,0.45260435389354825
narma,484324222,qlstm,18,0.5007592006004415,0.4537640883936547
narma,484324222,qlstm,19,0.49141287326347083,0.4525017043342814
narma,484324222,qlstm,20,0.5002670618123375,0.45380157051840797
narma,484324222,qlstm,21,0.49368477053940296,0.4526234691729769
narma,484324222,qlstm,22,0.494139832269866,0.4512642764020711
narma,484324222,qlstm,23,0.4965390142169781,0.45396297646220773
narma,484324222,qlstm,24,0.4977871018345468,0.453187013103161
narma,484324222,qlstm,25,0.49129324179375544,0.4518812023452483
narma,484324222,qlstm,26,0.4963993566343561,0.45389268558938056
narma,484324222,qlstm,27,0.4957135749864392,0.45272916957037523
narma,484324222,qlstm,28,0.4958780422457494,0.4527742943027988
narma,484324222,qlstm,29,0.49520582699915394,0.45226701168576255
narma,484324222,qlstm,30,0.49846219894243404,0.4524922830751166
narma,484324222,qlstm,31,0.49283363728318363,0.4536099851829931
narma,484324222,qslstm,0,58.045984604596015,0.683253678958863
narma,484324222,qslstm,1,25.293972614674203,0.6800643482711166
narma,484324222,qslstm,2,47.262948887773746,0.6808272929629311
narma,484324222,qslstm,3,51.209396776810536,0.6824788162484765
narma,484324222,qslstm,4,51.775022046120284,0.682589297532104
narma,484324222,qslstm,5,54.2716591645094,0.6824512095190585
narma,484324222,qslstm,6,46.574358311370815,0.6829033076064661
narma,484324222,qslstm,7,47.38690900557776,0.6822071188362315
narma,484324222,qslstm,8,55.20306750965574,0.6829028509091586
narma,484324222,qslstm,9,60.31227394019152,0.6825227192603052
narma,484324222,qslstm,10,47.290899832103605,0.6827870577108115
narma,484324222,qslstm,11,46.823491485742124,0.6819087400799617
narma,484324222,qslstm,12,48.21626650497819,0.6829038308933377
narma,484324222,qslstm,13,48.54850025811902,0.6837799357017502
narma,484324222,qslstm,14,54.85894468984225,0.682890776428394
narma,484324222,qslstm,15,59.8013525723909,0.6841384267900139
narma,484324222,qslstm,16,68.93561218979085,0.6827985330019146
narma,484324222,qslstm,17,70.17297865291039,0.6823501301696524
narma,484324222,qslstm,18,52.643201055485406,0.682558010565117
narma,484324222,qslstm,19,43.90821816999778,0.6823280275566503
narma,484324222,qslstm,20,60.03696456669786,0.6826060212915763
narma,484324222,qslstm,21,66.0938377833445,0.6829872311791405
narma,484324222,qslstm,22,50.10501694937193,0.6838476991979405
narma,484324222,qslstm,23,51.90120921274138,0.6813691247953102
narma,484324222,qslstm,24,64.17329754709317,0.6826354688964784
narma,484324222,qslstm,25,46.36011967477316,0.6825775606557727
narma,484324222,qslstm,26,66.89344443783557,0.6813759107608348
narma,484324222,qslstm,27,55.60332248621853,0.6825099654961377
narma,484324222,qslstm,28,64.41795175684456,0.682534659979865
narma,484324222,qslstm,29,54.95617561547442,0.6830121502280235
narma,484324222,qslstm,30,57.38602299784179,0.6831056227674708
narma,484324222,qslstm,31,53.32262076271945,0.681150630582124
narma,484324222,qslstm_log,0,0.99323515860901,0.6654343428321745
narma,484324222,qslstm_log,1,0.9194083293027352,0.664022358784698
narma,484324222,qslstm_log,2,0.9325418550848905,0.6640125807268266
narma,484324222,qslstm_log,3,0.9351488545680202,0.6646015792110251
narma,484324222,qslstm_log,4,0.9183491016874064,0.6641142333620168
narma,484324222,qslstm_log,5,0.9242697222667235,0.6633751671294803
narma,484324222,qslstm_log,6,0.9168279373773667,0.6641837910998271
narma,484324222,qslstm_log,7,0.915841118063993,0.6637285310611625
narma,484324222,qslstm_log,8,0.9229383064031577,0.6645027258144464
narma,484324222,qslstm_log,9,0.9131160637966591,0.6637718648008002
narma,484324222,qslstm_log,10,0.9207290466599773,0.6638570222391923
narma,484324222,qslstm_log,11,0.9290735687705567,0.6636352785626817
narma,484324222,qslstm_log,12,0.9101113048024985,0.6643258673799605
narma,484324222,qslstm_log,13,0.922845560801193,0.6644318509975132
narma,484324222,qslstm_log,14,0.920262620761934,0.6645052453878174
narma,484324222,qslstm_log,15,0.9136937894616513,0.665803905509606
narma,484324222,qslstm_log,16,0.9273391436804483,0.6639993073128105
narma,484324222,qslstm_log,17,0.9169830523170461,0.6637705980494997
narma,484324222,qslstm_log,18,0.9314570137818768,0.6637874445832332
narma,484324222,qslstm_log,19,0.9118690990037874,0.6631425530483335
narma,484324222,qslstm_log,20,0.9291117213420629,0.6636281871479497
narma,484324222,qslstm_log,21,0.9148528024638642,0.6632292199549468
narma,484324222,qslstm_log,22,0.9088621229605323,0.6648480994901649
narma,484324222,qslstm_log,23,0.9203322250651627,0.6629292311966758
narma,484324222,qslstm_log,24,0.9219059111261647,0.6637450487213493
narma,484324222,qslstm_log,25,0.9063278407067021,0.6638644996255227
narma,484324222,qslstm_log,26,0.918027453254006,0.6628678819067625
narma,484324222,qslstm_log,27,0.9139429009859057,0.6638587105343212
narma,484324222,qslstm_log,28,0.9155264040249556,0.6640359860174033
narma,484324222,qslstm_log,29,0.9136237321807603,0.6643492019286015
narma,484324222,qslstm_log,30,0.9203710485034606,0.664971144704555
narma,484324222,qslstm_log,31,0.914856422972457,0.6627198231564725
narma,83453494,qlstm,0,0.4964943148079328,0.44928651046939194
narma,83453494,qlstm,1,0.49994635296752676,0.4442487667547539
narma,83453494,qlstm,2,0.4970093831070699,0.4459889819845557
narma,83453494,qlstm,3,0.4944505464518443,0.4474614835344255
narma,83453494,qlstm,4,0.4955049462732859,0.4475000121165067
narma,83453494,qlstm,5,0.4948901988682337,0.44760841387324035
narma,83453494,qlstm,6,0.496396703121718,0.4468085434054956
narma,83453494,qlstm,7,0.4938888845499605,0.4487430148292333
narma,83453494,qlstm,8,0.4932800506358035,0.44942526950035244
narma,83453494,qlstm,9,0.4927871371037327,0.4496115720830858
narma,83453494,qlstm,10,0.4940930479206145,0.4485975891002454
narma,83453494,qlstm,11,0.49584650801261887,0.4481934056384489
narma,83453494,qlstm,12,0.49173965642694384,0.45010398753220215
narma,83453494,qlstm,13,0.4925169871421531,0.4497202835045755
narma,83453494,qlstm,14,0.4928778323228471,0.44958073931047693
narma,83453494,qlstm,15,0.49158616561908275,0.4497707685222849
narma,83453494,qlstm,16,0.4923396351514384,0.4499377587926574
narma,83453494,qlstm,17,0.493672723590862,0.4491454327944666
narma,83453494,qlstm,18,0.49425666593015194,0.44861671631224453
narma,83453494,qlstm,19,0.4927277780370787,0.44928160595009103
narma,83453494,qlstm,20,0.4938076461548917,0.44908560917247087
narma,83453494,qlstm,21,0.49260200443677604,0.4493027301505208
narma,83453494,qlstm,22,0.49156433483585715,0.449904608016368
narma,83453494,qlstm,23,0.49017191131133586,0.4506550940568559
narma,83453494,qlstm,24,0.49132062343414873,0.4506274267914705
narma,83453494,qlstm,25,0.49162791977869347,0.44977430382277817
narma,83453494,qlstm,26,0.49515597423305735,0.44812141451984644
narma,83453494,qlstm,27,0.49448131886310875,0.4482464164029807
narma,83453494,qlstm,28,0.4902871570084244,0.4507948448881507
narma,83453494,qlstm,29,0.4929992686957121,0.4493434568285011
narma,83453494,qlstm,30,0.493666271911934,0.4488470205687918
narma,83453494,qlstm,31,0.49497736379271373,0.44795722741400823
narma,83453494,qslstm,0,16.716848311798458,0.4925307785742916
narma,83453494,qslstm,1,12.196466531628175,0.49172004288993776
narma,83453494,qslstm,2,21.862868577484278,0.49187726312084123
narma,83453494,qslstm,3,14.293366814698857,0.4918187580187805
narma,83453494,qslstm,4,18.34959869450404,0.4923175373696722
narma,83453494,qslstm,5,25.049383737773496,0.4922484212438576
narma,83453494,qslstm,6,23.57865352065255,0.4924330793437548
narma,83453494,qslstm,7,26.50163912212247,0.4918106415425427
narma,83453494,qslstm,8,27.10014088466596,0.4931306390790269
narma,83453494,qslstm,9,20.885699888970066,0.49283653253223747
narma,83453494,qslstm,10,23.198102505054976,0.4930960576166399
narma,83453494,qslstm,11,36.70352810098484,0.49387406068854034
narma,83453494,qslstm,12,28.17946071527922,0.49202295701252297
narma,83453494,qslstm,13,21.025845594801922,0.4926261223736219
narma,83453494,qslstm,14,29.781514657413027,0.49306063778931275
narma,83453494,qslstm,15,19.941974402573578,0.4921817691065371
narma,83453494,qslstm,16,24.30943203227025,0.49253261706326157
narma,83453494,qslstm,17,23.697680487894104,0.49233592895325273
narma,83453494,qslstm,18,27.475394781978594,0.4930045057553798
narma,83453494,qslstm,19,29.309083949056912,0.49328649637755007
narma,83453494,qslstm,20,25.88067596026349,0.4923468263586983
narma,83453494,qslstm,21,23.258626800323327,0.49339209572644904
narma,83453494,qslstm,22,20.715250516142987,0.49316444026771933
narma,83453494,qslstm,23,18.260976202118854,0.4903319953591563
narma,83453494,qslstm,24,23.007347605738687,0.49297929974272847
narma,83453494,qslstm,25,23.257929320202948,0.4919123150757514
narma,83453494,qslstm,26,23.52860133170816,0.49290416156873107
narma,83453494,qslstm,27,32.681467759734005,0.4933442517067306
narma,83453494,qslstm,28,19.56300465562481,0.4909514132887125
narma,83453494,qslstm,29,20.603548740205497,0.49169324652757496
narma,83453494,qslstm,30,25.172875573824967,0.4911903818137944
narma,83453494,qslstm,31,21.513938419144324,0.49318810779368505
narma,83453494,qslstm_log,0,0.8758857277177821,0.49266481694766984
narma,83453494,qslstm_log,1,0.8913933623487329,0.49207006464684855
narma,83453494,qslstm_log,2,0.8778012625892284,0.4928619040948966
narma,83453494,qslstm_log,3,0.8148551133046793,0.4933119735154133
narma,83453494,qslstm_log,4,0.8714767255182234,0.4930982608836933
narma,83453494,qslstm_log,5,0.8816839265754643,0.4929340051954034
narma,83453494,qslstm_log,6,0.9228700627794364,0.49228653622374263
narma,83453494,qslstm_log,7,0.8865794334220098,0.4926613321493706
narma,83453494,qslstm_log,8,0.8828648927357948,0.4936942566953915
narma,83453494,qslstm_log,9,0.8578845497189971,0.49365030107198665
narma,83453494,qslstm_log,10,0.8939405649610965,0.49321446057529605
narma,83453494,qslstm_log,11,0.9524526731969997,0.4931500637135952
narma,83453494,qslstm_log,12,0.8587690892573777,0.49321588652607234
narma,83453494,qslstm_log,13,0.8708317360203387,0.4933044551394067
narma,83453494,qslstm_log,14,0.8612219142353339,0.49363021286510844
narma,83453494,qslstm_log,15,0.8271853909517555,0.4934513215795886
narma,83453494,qslstm_log,16,0.8473010327763502,0.49353498452113365
narma,83453494,qslstm_log,17,0.8829000467974714,0.49293113139572314
narma,83453494,qslstm_log,18,0.9181247791613579,0.49302440756880445
narma,83453494,qslstm_log,19,0.8691099057228783,0.49373189070066403
narma,83453494,qslstm_log,20,0.9044874139469856,0.4926899444921349
narma,83453494,qslstm_log,21,0.8747610499350931,0.49376804662053003
narma,83453494,qslstm_log,22,0.834286832703943,0.49405125213065815
narma,83453494,qslstm_log,23,0.7872751423112064,0.4927476002158633
narma,83453494,qslstm_log,24,0.8205962026375764,0.4943716370375478
narma,83453494,qslstm_log,25,0.8078205574657527,0.4935387295317404
narma,83453494,qslstm_log,26,0.9020103012506089,0.4928891341065311
narma,83453494,qslstm_log,27,0.8971751498000866,0.49331618417026657
narma,83453494,qslstm_log,28,0.7989637502973707,0.4932475040307738
narma,83453494,qslstm_log,29,0.8595777482366096,0.4927752349221003
narma,83453494,qslstm_log,30,0.8690049515544359,0.49229241927070455
narma,83453494,qslstm_log,31,0.8976434594898353,0.4930815039631048
narma,867702092,qlstm,0,0.5610651540919207,0.5809644287801348
narma,867702092,qlstm,1,0.5604439991875552,0.5810395998996682
narma,867702092,qlstm,2,0.5580298732384108,0.579111494938843
narma,867702092,qlstm,3,0.5577604995924048,0.5776429202524014
narma,867702092,qlstm,4,0.5583645851002075,0.5781491861562245
narma,867702092,qlstm,5,0.5565677711274475,0.5755817702738568
narma,867702092,qlstm,6,0.5564897882286459,0.575800139689818
narma,867702092,qlstm,7,0.5546089443960227,0.5741023439331912
narma,867702092,qlstm,8,0.5635174446506426,0.5822104997932911
narma,867702092,qlstm,9,0.5563597138389014,0.5756424136925489
narma,867702092,qlstm,10,0.5582215494359843,0.5770733154495247
narma,867702092,qlstm,11,0.5583751667290926,0.5770965395495296
narma,867702092,qlstm,12,0.5561521772760898,0.5759367192513309
narma,867702092,qlstm,13,0.5543966917903163,0.5734627302736044
narma,867702092,qlstm,14,0.5603244850062765,0.5796200295444578
narma,867702092,qlstm,15,0.5594418264226988,0.5795107634039596
narma,867702092,qlstm,16,0.5519627737230621,0.5716219071764499
narma,867702092,qlstm,17,0.5549306711181998,0.5732109959935769
narma,867702092,qlstm,18,0.5603602254414,0.5794145031832159
narma,867702092,qlstm,19,0.555762775184121,0.574192222149577
narma,867702092,qlstm,20,0.5583438403555192,0.5767064959509298
narma,867702092,qlstm,21,0.5594284265534952,0.5781866842298768
narma,867702092,qlstm,22,0.5577997115906328,0.5773539912770502
narma,867702092,qlstm,23,0.556412722566165,0.5753567624487914
narma,867702092,qlstm,24,0.5577328124199994,0.5764509874279611
narma,867702092,qlstm,25,0.5552633864572272,0.5755847226828337
narma,867702092,qlstm,26,0.5568740206072107,0.576432844856754
narma,867702092,qlstm,27,0.5553198450943455,0.5736349556827918
narma,867702092,qlstm,28,0.5570572586730123,0.5748901226324961
narma,867702092,qlstm,29,0.5611287141218781,0.5797892664559186
narma,867702092,qlstm,30,0.5571496117627248,0.5766116335871629
narma,867702092,qlstm,31,0.5527926413342357,0.5719650855171494
narma,867702092,qslstm,0,31.822575713212245,0.6192128068068996
narma,867702092,qslstm,1,17.87264525862747,0.616875265550334
narma,867702092,qslstm,2,17.556859543881217,0.6166522183921188
narma,867702092,qslstm,3,33.561743773839,0.6178922841208987
narma,867702092,qslstm,4,19.427500245402427,0.6182597743463702
narma,867702092,qslstm,5,27.084422838526223,0.6191295350436121
narma,867702092,qslstm,6,18.35701936344566,0.6186676592915319
narma,867702092,qslstm,7,14.260853561166016,0.6184984905412421
narma,867702092,qslstm,8,18.161533410996867,0.6196450580609962
narma,867702092,qslstm,9,14.302661571577119,0.6191902351565659
narma,867702092,qslstm,10,17.724551975395684,0.6194015427026898
narma,867702092,qslstm,11,17.810242492767543,0.619712874351535
narma,867702092,qslstm,12,15.083343699929799,0.6184948642621748
narma,867702092,qslstm,13,14.604420226129207,0.6191716183093376
narma,867702092,qslstm,14,17.53428977425841,0.6187844442902133
narma,867702092,qslstm,15,15.343518443801031,0.6183294300572015
narma,867702092,qslstm,16,14.103103049841764,0.6188187318621203
narma,867702092,qslstm,17,16.141663259834957,0.6197436532238498
narma,867702092,qslstm,18,23.61133512002408,0.6187537365476601
narma,867702092,qslstm,19,19.461192217429243,0.6201090953545645
narma,867702092,qslstm,20,17.553063123992388,0.6199562504771166
narma,867702092,qslstm,21,16.911279908738265,0.6199063916574232
narma,867702092,qslstm,22,16.660140264729137,0.6191172146354802
narma,867702092,qslstm,23,17.926799224114347,0.619479326356668
narma,867702092,qslstm,24,17.519034447861372,0.6195474648848176
narma,867702092,qslstm,25,16.04977189167539,0.6178480695816688
narma,867702092,qslstm,26,15.35227930738563,0.6186981509672478
narma,867702092,qslstm,27,24.501847341647874,0.6199207294848748
narma,867702092,qslstm,28,16.916556141652734,0.6201573965954594
narma,867702092,qslstm,29,20.961091026514396,0.6196780895697884
narma,867702092,qslstm,30,20.143069671568753,0.6193801355548203
narma,867702092,qslstm,31,14.454926051342,0.6188093311502598
narma,867702092,qslstm_log,0,0.46031286984905584,0.5961674956105896
narma,867702092,qslstm_log,1,0.4494788614999088,0.5929497868823441
narma,867702092,qslstm_log,2,0.4402239272342622,0.5922500395984467
narma,867702092,qslstm_log,3,0.4394446177732213,0.5941436842969625
narma,867702092,qslstm_log,4,0.44290288447696746,0.5952943158203616
narma,867702092,qslstm_log,5,0.4309141564342124,0.5956336232281398
narma,867702092,qslstm_log,6,0.43613652767192834,0.5954504882324164
narma,867702092,qslstm_log,7,0.42621282050052145,0.5948803742666734
narma,867702092,qslstm_log,8,0.4795436325751075,0.5991169858927888
narma,867702092,qslstm_log,9,0.4351114563576599,0.5964975528432173
narma,867702092,qslstm_log,10,0.4477432008762098,0.5972166969098944
narma,867702092,qslstm_log,11,0.44738330123462944,0.5978240353236747
narma,867702092,qslstm_log,12,0.4375950655958639,0.5957963177092456
narma,867702092,qslstm_log,13,0.41971823644928347,0.5955073058861755
narma,867702092,qslstm_log,14,0.46125018225892606,0.5973643759760507
narma,867702092,qslstm_log,15,0.45861702751503053,0.5969156439108245
narma,867702092,qslstm_log,16,0.4132295889603705,0.5947640190209589
narma,867702092,qslstm_log,17,0.42240448142150744,0.5962780927502618
narma,867702092,qslstm_log,18,0.4635743870610789,0.597247173383625
narma,867702092,qslstm_log,19,0.42618507848758863,0.5971823548343085
narma,867702092,qslstm_log,20,0.44603176298319525,0.5978786163704979
narma,867702092,qslstm_log,21,0.4528489878403826,0.5984426088432979
narma,867702092,qslstm_log,22,0.44613115068758136,0.597166923651628
narma,867702092,qslstm_log,23,0.4369924819629073,0.5969398286488157
narma,867702092,qslstm_log,24,0.44237619060876143,0.5972909619637445
narma,867702092,qslstm_log,25,0.4339369293242903,0.5948527341383852
narma,867702092,qslstm_log,26,0.43727486455131015,0.596076285601
narma,867702092,qslstm_log,27,0.4297208945244975,0.5968858143929225
narma,867702092,qslstm_log,28,0.4361088894398145,0.5976627233259171
narma,867702092,qslstm_log,29,0.4594909873573925,0.5985746855290544
narma,867702092,qslstm_log,30,0.4394751891238974,0.5972517408094373
narma,867702092,qslstm_log,31,0.4171526512358124,0.594751821457322
narma,88159254,qlstm,0,0.5391948047326878,0.6096085953176953
narma,88159254,qlstm,1,0.534373031987343,0.6084132863325067
narma,88159254,qlstm,2,0.5315846080775373,0.608008450770285
narma,88159254,qlstm,3,0.5303270745207556,0.608025313471444
narma,88159254,qlstm,4,0.5295214118086733,0.6080567996832542
narma,88159254,qlstm,5,0.528971393534448,0.6075244869571179
narma,88159254,qlstm,6,0.5283469169517048,0.6057262208778411
narma,88159254,qlstm,7,0.5275957531994209,0.6041959688300267
narma,88159254,qlstm,8,0.527250969375018,0.6051182418013923
narma,88159254,qlstm,9,0.5276920568430796,0.6066228611161932
narma,88159254,qlstm,10,0.5275628581293859,0.6057928529917262
narma,88159254,qlstm,11,0.5280410845880397,0.6080425890395418
narma,88159254,qlstm,12,0.528113410982769,0.6074224961921573
narma,88159254,qlstm,13,0.5282164929667488,0.6080236420384608
narma,88159254,qlstm,14,0.5280291022500023,0.606309246039018
narma,88159254,qlstm,15,0.5275859612156637,0.6058035309542902
narma,88159254,qlstm,16,0.5275005596340634,0.6062132231309079
narma,88159254,qlstm,17,0.527828655729536,0.6066396451205947
narma,88159254,qlstm,18,0.5273053016280755,0.6044543930911459
narma,88159254,qlstm,19,0.5262916663778014,0.6025673087569885
narma,88159254,qlstm,20,0.5267563265515491,0.6048126777168363
narma,88159254,qlstm,21,0.5274682571180165,0.6070532187004574
narma,88159254,qlstm,22,0.5274240882135928,0.6057785130687989
narma,88159254,qlstm,23,0.5271232870873064,0.6054407079936936
narma,88159254,qlstm,24,0.5272047441103496,0.6060595927410759
narma,88159254,qlstm,25,0.527530878491234,0.6068288127426058
narma,88159254,qlstm,26,0.5280743482871912,0.6079013841808774
narma,88159254,qlstm,27,0.5285703131230548,0.608969901164528
narma,88159254,qlstm,28,0.5287437553633936,0.6085006799548864
narma,88159254,qlstm,29,0.5283229545457289,0.606944473052863
narma,88159254,qlstm,30,0.5276676925132051,0.6054804146406241
narma,88159254,qlstm,31,0.5273608046700247,0.6055106421117671
narma,88159254,qslstm,0,8542.179722098925,0.7106764304335229
narma,88159254,qslstm,1,201.02743836317677,0.7080263619427569
narma,88159254,qslstm,2,842.6374593193759,0.7101238851319067
narma,88159254,qslstm,3,1021.0632159919478,0.7093429213273339
narma,88159254,qslstm,4,1131.2622623852803,0.7104583823820576
narma,88159254,qslstm,5,1302.3914185462636,0.7100109270540997
narma,88159254,qslstm,6,1079.3872521712328,0.7094381524948403
narma,88159254,qslstm,7,1330.3216234853608,0.7122571023064665
narma,88159254,qslstm,8,1036.7977417981601,0.7102731122286059
narma,88159254,qslstm,9,960.4749674748164,0.7090184591943398
narma,88159254,qslstm,10,1314.0595570685691,0.7099184686667286
narma,88159254,qslstm,11,1212.1423352638376,0.7081257534446195
narma,88159254,qslstm,12,1370.7947923054453,0.7089389419415966
narma,88159254,qslstm,13,1144.7982042959775,0.7081926076789387
narma,88159254,qslstm,14,988.2049064469757,0.7100137569359504
narma,88159254,qslstm,15,1056.3801124052843,0.7119498389656655
narma,88159254,qslstm,16,1117.538922257023,0.7096369210630655
narma,88159254,qslstm,17,1393.3784644462867,0.7079730877303518
narma,88159254,qslstm,18,951.1588326445199,0.7123886708286591
narma,88159254,qslstm,19,1013.194678650354,0.7125521239941008
narma,88159254,qslstm,20,717.3976610971149,0.7096142827067524
narma,88159254,qslstm,21,664.818961672252,0.7095695391180925
narma,88159254,qslstm,22,723.4220214734669,0.7103837812901475
narma,88159254,qslstm,23,715.2589458248112,0.7106041687075049
narma,88159254,qslstm,24,848.1495390688069,0.7103692377568223
narma,88159254,qslstm,25,943.00946357043,0.707688644179143
narma,88159254,qslstm,26,1053.3277904661954,0.7077313467743807
narma,88159254,qslstm,27,822.9780316798133,0.7070470660692081
narma,88159254,qslstm,28,1137.879541512113,0.7072839696193114
narma,88159254,qslstm,29,1272.5763893821277,0.7110817895154469
narma,88159254,qslstm,30,1078.927065010881,0.7100277949357405
narma,88159254,qslstm,31,1119.134554277989,0.7119395399931818
narma,88159254,qslstm_log,0,0.27171810423472453,0.7182950077790061
narma,88159254,qslstm_log,1,0.22812802818936068,0.7166755949731225
narma,88159254,qslstm_log,2,0.22106435266159155,0.7186801014625819
narma,88159254,qslstm_log,3,0.21915017599912295,0.7186865144876678
narma,88159254,qslstm_log,4,0.2136845326206867,0.7199445883396223
narma,88159254,qslstm_log,5,0.2160213033698301,0.7193239820821382
narma,88159254,qslstm_log,6,0.22535228975529167,0.7170309721218118
narma,88159254,qslstm_log,7,0.22512306720027855,0.7176192455188217
narma,88159254,qslstm_log,8,0.21848916130754453,0.7176922131372151
narma,88159254,qslstm_log,9,0.21311653272562978,0.7185582108274255
narma,88159254,qslstm_log,10,0.21722090120958132,0.7181452746790523
narma,88159254,qslstm_log,11,0.20757305074202828,0.719446885690699
narma,88159254,qslstm_log,12,0.21311339373781762,0.719131287830227
narma,88159254,qslstm_log,13,0.2111284702313131,0.7193494773034691
narma,88159254,qslstm_log,14,0.21970529625866664,0.7183862529446055
narma,88159254,qslstm_log,15,0.2153933607002101,0.7195328511654366
narma,88159254,qslstm_log,16,0.21491841831871422,0.7186537870601992
narma,88159254,qslstm_log,17,0.2159885424230927,0.7179294237184051
narma,88159254,qslstm_log,18,0.22391796000029102,0.7181485395232812
narma,88159254,qslstm_log,19,0.2257136325476543,0.7170990088809047
narma,88159254,qslstm_log,20,0.21633304262844782,0.7176570096031191
narma,88159254,qslstm_log,21,0.20829501803219824,0.719815439361548
narma,88159254,qslstm_log,22,0.2174186011218829,0.7185436865180844
narma,88159254,qslstm_log,23,0.21650797174220296,0.7185525071413232
narma,88159254,qslstm_log,24,0.21249515088126691,0.7193040855401981
narma,88159254,qslstm_log,25,0.21349940715441262,0.7182203470429583
narma,88159254,qslstm_log,26,0.211277785044802,0.7190854819445704
narma,88159254,qslstm_log,27,0.2095031579982928,0.719557994476324
narma,88159254,qslstm_log,28,0.21466034754888585,0.7188715016675753
narma,88159254,qslstm_log,29,0.21827998291304374,0.7196800493549509
narma,88159254,qslstm_log,30,0.22387896937695023,0.7176810874795423
narma,88159254,qslstm_log,31,0.21665106824883185,0.7194195819648967
narma,975428833,qlstm,0,0.4168628890183754,0.5694056469365023
narma,975428833,qlstm,1,0.4201248683966696,0.5693827530485578
narma,975428833,qlstm,2,0.4252488588099368,0.5690094134770334
narma,975428833,qlstm,3,0.42363228008616716,0.5677034400287084
narma,975428833,qlstm,4,0.42406254436355084,0.5672758688451722
narma,975428833,qlstm,5,0.42044975713361055,0.5696991275181063
narma,975428833,qlstm,6,0.42278378043556586,0.56618691701442
narma,975428833,qlstm,7,0.4255788582377136,0.5670023119891994
narma,975428833,qlstm,8,0.4249146144138649,0.564920975419227
narma,975428833,qlstm,9,0.42498071666341275,0.5655085912439972
narma,975428833,qlstm,10,0.4281252785003744,0.5661198447342031
narma,975428833,qlstm,11,0.42506758496165276,0.566962942306418
narma,975428833,qlstm,12,0.42577446560608223,0.5665654788608663
narma,975428833,qlstm,13,0.4217934822081588,0.5671387806069106
narma,975428833,qlstm,14,0.42516139458166435,0.5654978235834278
narma,975428833,qlstm,15,0.4258563323528506,0.5654468892607838
narma,975428833,qlstm,16,0.42373281152686104,0.5662273961934261
narma,975428833,qlstm,17,0.42456637643044814,0.565830934618134
narma,975428833,qlstm,18,0.423590969061479,0.5667952523799613
narma,975428833,qlstm,19,0.4235922683728859,0.5682527592871338
narma,975428833,qlstm,20,0.4241289969650097,0.5669436799944378
narma,975428833,qlstm,21,0.4224903624271974,0.5668935114517808
narma,975428833,qlstm,22,0.4237256811466068,0.5672620183322579
narma,975428833,qlstm,23,0.4278435598243959,0.5650186685961671
narma,975428833,qlstm,24,0.42258739966200665,0.5665899976156652
narma,975428833,qlstm,25,0.4271184101817198,0.5652766320272349
narma,975428833,qlstm,26,0.4241976158809848,0.5668569948174991
narma,975428833,qlstm,27,0.4199929081951268,0.5679827447165735
narma,975428833,qlstm,28,0.42387345543829724,0.567452879215125
narma,975428833,qlstm,29,0.4218847757438198,0.5675457189790905
narma,975428833,qlstm,30,0.4250469852704555,0.564795506419614
narma,975428833,qlstm,31,0.4262678539380431,0.5678945350809954
narma,975428833,qslstm,0,2.01651901009609,0.5720752319321036
narma,975428833,qslstm,1,2.1848815483535873,0.5714957969030365
narma,975428833,qslstm,2,2.199774169130251,0.5710442886338569
narma,975428833,qslstm,3,2.130443061629194,0.5703081742976792
narma,975428833,qslstm,4,2.1348286299180472,0.570926517713815
narma,975428833,qslstm,5,2.254863712369115,0.5767141579999588
narma,975428833,qslstm,6,2.1204137976747006,0.5702408089418896
narma,975428833,qslstm,7,2.127147627645172,0.5711959529435262
narma,975428833,qslstm,8,2.0739953592419624,0.5683626995305531
narma,975428833,qslstm,9,2.122358494409127,0.5696849056403153
narma,975428833,qslstm,10,2.154626642164658,0.5694607543991879
narma,975428833,qslstm,11,2.173344285460189,0.5721273719100282
narma,975428833,qslstm,12,2.141945540352026,0.5714863879256882
narma,975428833,qslstm,13,2.1726098095532507,0.573704770882614
narma,975428833,qslstm,14,2.0882242959050927,0.5694993996294215
narma,975428833,qslstm,15,2.1347015424253186,0.5697253121179529
narma,975428833,qslstm,16,2.1447105654369807,0.57171670650132
narma,975428833,qslstm,17,2.1343276324041653,0.5707399255479686
narma,975428833,qslstm,18,2.157263316519675,0.572317230864428
narma,975428833,qslstm,19,2.2331252336880425,0.57461913471343
narma,975428833,qslstm,20,2.150305806309916,0.5720462768222205
narma,975428833,qslstm,21,2.1320047345361672,0.5727355208946392
narma,975428833,qslstm,22,2.1672122578602284,0.5728683101478964
narma,975428833,qslstm,23,2.1094584487436805,0.5675308523350395
narma,975428833,qslstm,24,2.159687492894591,0.5726688142749481
narma,975428833,qslstm,25,2.091513343490078,0.5687095920438878
narma,975428833,qslstm,26,2.155685497316881,0.5723085449426435
narma,975428833,qslstm,27,2.1829690474260133,0.5756300566717982
narma,975428833,qslstm,28,2.1872527045343304,0.5733178123482503
narma,975428833,qslstm,29,2.168653056403855,0.5735759216477163
narma,975428833,qslstm,30,2.0599696985300398,0.5680706984712742
narma,975428833,qslstm,31,2.2067263067146996,0.5729387698229402
narma,975428833,qslstm_log,0,1.0281768877131863,0.5353684027219021
narma,975428833,qslstm_log,1,1.0063723831733444,0.5353697603115628
narma,975428833,qslstm_log,2,0.9965250038575972,0.5340214527924727
narma,975428833,qslstm_log,3,0.9886476115279914,0.5334884231683444
narma,975428833,qslstm_log,4,1.0002441404371196,0.5342871742404263
narma,975428833,qslstm_log,5,1.0245519435686177,0.5412507972660194
narma,975428833,qslstm_log,6,0.9859839345221437,0.533653959275286
narma,975428833,qslstm_log,7,1.0044567292856876,0.5342731196217383
narma,975428833,qslstm_log,8,0.988941523949638,0.531415243353585
narma,975428833,qslstm_log,9,0.9942575873391123,0.5329574054870311
narma,975428833,qslstm_log,10,0.9735154851670835,0.5319347768591426
narma,975428833,qslstm_log,11,1.002063550199186,0.535567989292909
narma,975428833,qslstm_log,12,1.009185335701863,0.5347326389388549
narma,975428833,qslstm_log,13,1.0229358596454194,0.537931947552174
narma,975428833,qslstm_log,14,0.9920873683651925,0.5325980404087383
narma,975428833,qslstm_log,15,0.9873715026056316,0.5327784134882039
narma,975428833,qslstm_log,16,1.0158539841738006,0.535438547757366
narma,975428833,qslstm_log,17,1.0009302327500218,0.534119548215677
narma,975428833,qslstm_log,18,1.012151380558926,0.5360712273065831
narma,975428833,qslstm_log,19,1.0073727833004118,0.5384072194047937
narma,975428833,qslstm_log,20,0.9999275813116821,0.5354625921606178
narma,975428833,qslstm_log,21,1.0233816471063795,0.5366927151499861
narma,975428833,qslstm_log,22,1.0090336637663677,0.5365177815970175
narma,975428833,qslstm_log,23,0.9565912225102452,0.5297552837082291
narma,975428833,qslstm_log,24,1.018115277435331,0.5367089371990814
narma,975428833,qslstm_log,25,0.9857348526392924,0.5313929669054198
narma,975428833,qslstm_log,26,1.0055759307648409,0.5358999915739012
narma,975428833,qslstm_log,27,1.0394269712451616,0.5404268129032076
narma,975428833,qslstm_log,28,1.0098786827418509,0.5369035414166249
narma,975428833,qslstm_log,29,1.0147750015775217,0.5375062563915298
narma,975428833,qslstm_log,30,0.9825246198245238,0.530978486166171
narma,975428833,qslstm_log,31,0.9965264057140576,0.5360426287943649
running_max,1023290587,qlstm,0,0.6148534931708127,0.7035099283093587
running_max,1023290587,qlstm,1,0.6110658491379581,0.7002858379855752
running_max,1023290587,qlstm,2,0.6105024322168902,0.7004577638581395
running_max,1023290587,qlstm,3,0.607960634981282,0.6971939431969076
running_max,1023290587,qlstm,4,0.6066912652458996,0.6965752016985789
running_max,1023290587,qlstm,5,0.6059747046092525,0.6959431563736871
running_max,1023290587,qlstm,6,0.6053542289882898,0.6955802720040083
running_max,1023290587,qlstm,7,0.6046272162348032,0.6947600746061653
running_max,1023290587,qlstm,8,0.6045932219712995,0.693269053241238
running_max,1023290587,qlstm,9,0.6037286716746166,0.6947421197546646
running_max,1023290587,qlstm,10,0.6046675847610459,0.6953111591283232
running_max,1023290587,qlstm,11,0.6035128604271449,0.6951866045128554
running_max,1023290587,qlstm,12,0.6045299792895094,0.6960824185516685
running_max,1023290587,qlstm,13,0.6046344517963007,0.6947097999509424
running_max,1023290587,qlstm,14,0.6044267669785768,0.6943357354030013
running_max,1023290587,qlstm,15,0.60378126159776,0.6932642325991765
running_max,1023290587,qlstm,16,0.6044700104976073,0.6945801432011649
running_max,1023290587,qlstm,17,0.604712913511321,0.6956065008416772
running_max,1023290587,qlstm,18,0.6037942284019664,0.6942945012124255
running_max,1023290587,qlstm,19,0.604376761300955,0.6970570929115638
running_max,1023290587,qlstm,20,0.6027750429348089,0.692331814323552
running_max,1023290587,qlstm,21,0.6022141574067064,0.6933126454241574
running_max,1023290587,qlstm,22,0.6048263149568811,0.6948263620724902
running_max,1023290587,qlstm,23,0.6042934394790791,0.6965731475502253
running_max,1023290587,qlstm,24,0.6036223850096576,0.6961291112238541
running_max,1023290587,qlstm,25,0.6048114913864993,0.6952508556423709
running_max,1023290587,qlstm,26,0.6029450197238475,0.6932175637921318
running_max,1023290587,qlstm,27,0.604001551924739,0.6964448073413223
running_max,1023290587,qlstm,28,0.6031701466999948,0.6946412896504626
running_max,1023290587,qlstm,29,0.603985994530376,0.6946436212165281
running_max,1023290587,qlstm,30,0.6034597207908519,0.6941431740997359
running_max,1023290587,qlstm,31,0.6036453114356846,0.6931316752452403
running_max,1023290587,qslstm,0,4.157238909327134,0.7062385937897488
running_max,1023290587,qslstm,1,19.735813259290808,0.7046735946787521
running_max,1023290587,qslstm,2,36.874000840654844,0.706802035914734
running_max,1023290587,qslstm,3,51.32437189844222,0.7056716079823673
running_max,1023290587,qslstm,4,39.20119289299373,0.7048799971817061
running_max,1023290587,qslstm,5,56.97904866491092,0.7046661073109135
running_max,1023290587,qslstm,6,37.709009608443466,0.7041524795349687
running_max,1023290587,qslstm,7,40.18642448971934,0.7033369326964021
running_max,1023290587,qslstm,8,52.25277868565104,0.7020675347885117
running_max,1023290587,qslstm,9,47.57225177965188,0.7028022179147229
running_max,1023290587,qslstm,10,47.29797898316565,0.7033376900944859
running_max,1023290587,qslstm,11,33.94027332455039,0.7034065319458023
running_max,1023290587,qslstm,12,53.639735427311734,0.7037905280012637
running_max,1023290587,qslstm,13,40.83642793234998,0.7032639177050442
running_max,1023290587,qslstm,14,44.11386551302877,0.7030862518586218
running_max,1023290587,qslstm,15,46.809203184149965,0.702235676930286
running_max,1023290587,qslstm,16,34.4362540870124,0.702745697577484
running_max,1023290587,qslstm,17,56.18415936607619,0.7037473742384464
running_max,1023290587,qslstm,18,34.79260008145934,0.7030091919004917
running_max,1023290587,qslstm,19,32.31996060594793,0.7048418786143884
running_max,1023290587,qslstm,20,45.957116659059125,0.701613957178779
running_max,1023290587,qslstm,21,31.888564671261634,0.7019806676544249
running_max,1023290587,qslstm,22,41.16272531788559,0.7021854439517483
running_max,1023290587,qslstm,23,51.6917256799004,0.7040071613155305
running_max,1023290587,qslstm,24,38.15054748557526,0.7040953950490803
running_max,1023290587,qslstm,25,62.36059847533875,0.7033571195788682
running_max,1023290587,qslstm,26,32.34702784432943,0.7024698866298422
running_max,1023290587,qslstm,27,33.1199983999785,0.7040676791220903
running_max,1023290587,qslstm,28,24.615860765047444,0.7028956208378077
running_max,1023290587,qslstm,29,39.609590530451385,0.702841606689617
running_max,1023290587,qslstm,30,28.783500009712156,0.7027452196925879
running_max,1023290587,qslstm,31,38.27898470691878,0.7016732541378587
running_max,1023290587,qslstm_log,0,0.255995311924711,0.6255705754269925
running_max,1023290587,qslstm_log,1,0.20675577814527635,0.6264268841691449
running_max,1023290587,qslstm_log,2,0.22422168860851382,0.6324631943996657
running_max,1023290587,qslstm_log,3,0.21171872162798577,0.6293001898624433
running_max,1023290587,qslstm_log,4,0.2145375407781654,0.6290137558824711
running_max,1023290587,qslstm_log,5,0.21116530853768298,0.6286868187073047
running_max,1023290587,qslstm_log,6,0.2120478759311198,0.628283891512874
running_max,1023290587,qslstm_log,7,0.20630163324677941,0.6269124753306413
running_max,1023290587,qslstm_log,8,0.21240896532017786,0.6258711493274718
running_max,1023290587,qslstm_log,9,0.20650500099723956,0.6265142861160826
running_max,1023290587,qslstm_log,10,0.21546322364906767,0.6286376171978717
running_max,1023290587,qslstm_log,11,0.20242033507699958,0.6272325620443169
running_max,1023290587,qslstm_log,12,0.21621089226709253,0.6296509075300611
running_max,1023290587,qslstm_log,13,0.22244553214004253,0.6297015831882682
running_max,1023290587,qslstm_log,14,0.22001938334488835,0.6294032873908137
running_max,1023290587,qslstm_log,15,0.21355076622857483,0.627045252638687
running_max,1023290587,qslstm_log,16,0.22037447265057722,0.629062642604824
running_max,1023290587,qslstm_log,17,0.22418817245934633,0.6309950026528784
running_max,1023290587,qslstm_log,18,0.21520950185261148,0.628650955476975
running_max,1023290587,qslstm_log,19,0.21703214630932705,0.6316629127728945
running_max,1023290587,qslstm_log,20,0.20231737427662827,0.6248413081415272
running_max,1023290587,qslstm_log,21,0.18990677943862935,0.6232986042384446
running_max,1023290587,qslstm_log,22,0.21947589380563864,0.6279947273338411
running_max,1023290587,qslstm_log,23,0.2169668540448563,0.6306174233361802
running_max,1023290587,qslstm_log,24,0.20851334587743942,0.629588100355691
running_max,1023290587,qslstm_log,25,0.22407953154576576,0.6303987181284325
running_max,1023290587,qslstm_log,26,0.202684575996635,0.6260275239490589
running_max,1023290587,qslstm_log,27,0.21014726267558204,0.6294338459213487
running_max,1023290587,qslstm_log,28,0.2037257971711717,0.6269953944425894
running_max,1023290587,qslstm_log,29,0.2141264597279567,0.6279573361008565
running_max,1023290587,qslstm_log,30,0.20762274462823715,0.6271138896498435
running_max,1023290587,qslstm_log,31,0.21299411532808443,0.6262125211756963
running_max,1106723791,qlstm,0,0.6149033508263528,0.6980170089518651
running_max,1106723791,qlstm,1,0.6104472997249104,0.6932322612265125
running_max,1106723791,qlstm,2,0.6070730205392465,0.6887720709200948
running_max,1106723791,qlstm,3,0.6046211763168685,0.6897017759038135
running_max,1106723791,qlstm,4,0.6040730649838224,0.6861326476791874
running_max,1106723791,qlstm,5,0.6024234658689238,0.6866067872615531
running_max,1106723791,qlstm,6,0.6018131945165806,0.6883807303383946
running_max,1106723791,qlstm,7,0.6000661870930344,0.6867097570793703
running_max,1106723791,qlstm,8,0.6007809028960764,0.6827031595166773
running_max,1106723791,qlstm,9,0.6005007151979953,0.6847197226015851
running_max,1106723791,qlstm,10,0.6005132889258675,0.6846261697355658
running_max,1106723791,qlstm,11,0.6015590034658089,0.6847406517481431
running_max,1106723791,qlstm,12,0.6007213809643872,0.6850243194494396
running_max,1106723791,qlstm,13,0.600608667533379,0.6837064696010202
running_max,1106723791,qlstm,14,0.60088042228017,0.6842359467409551
running_max,1106723791,qlstm,15,0.6012162550468929,0.6865738660562783
running_max,1106723791,qlstm,16,0.6002125138766132,0.6822917979443446
running_max,1106723791,qlstm,17,0.6015921797370538,0.6876343187177554
running_max,1106723791,qlstm,18,0.5995037210523151,0.684165152371861
running_max,1106723791,qlstm,19,0.600420669245068,0.6827362015610561
running_max,1106723791,qlstm,20,0.6007142465095967,0.6841921990271658
running_max,1106723791,qlstm,21,0.6006032831501216,0.6832062513567507
running_max,1106723791,qlstm,22,0.6006558641674928,0.6831341831712052
running_max,1106723791,qlstm,23,0.5996702521806583,0.682715010130778
running_max,1106723791,qlstm,24,0.6000595640507527,0.6874012624612078
running_max,1106723791,qlstm,25,0.6004698637407273,0.684240999747999
running_max,1106723791,qlstm,26,0.6009732474922203,0.6829121029004455
running_max,1106723791,qlstm,27,0.6003092825994827,0.6833845508517697
running_max,1106723791,qlstm,28,0.6009982893592678,0.6835012017982081
running_max,1106723791,qlstm,29,0.6003874622983858,0.6849313977872953
running_max,1106723791,qlstm,30,0.601088555646129,0.6843752536224201
running_max,1106723791,qlstm,31,0.6002510371035896,0.6842086728429422
running_max,1106723791,qslstm,0,72288.08730295004,0.7162285216618329
running_max,1106723791,qslstm,1,246.41078914810168,0.7139896805165336
running_max,1106723791,qslstm,2,251.2156017280356,0.714968710555695
running_max,1106723791,qslstm,3,223.8012809453154,0.7162804226391017
running_max,1106723791,qslstm,4,176.94990063867147,0.7148429888766259
running_max,1106723791,qslstm,5,151.92611820511797,0.7154446806525812
running_max,1106723791,qslstm,6,159.27023850586613,0.7153291557915509
running_max,1106723791,qslstm,7,155.32372060704517,0.7164107841672376
running_max,1106723791,qslstm,8,160.694132814481,0.7138751287711784
running_max,1106723791,qslstm,9,164.0763753177979,0.7145587041741237
running_max,1106723791,qslstm,10,181.0203398332476,0.7141040705610067
running_max,1106723791,qslstm,11,193.1054129340264,0.7127510102000087
running_max,1106723791,qslstm,12,194.87589368228896,0.7136655153008178
running_max,1106723791,qslstm,13,197.1665760900978,0.7132647060789168
running_max,1106723791,qslstm,14,205.46647980962473,0.7130216519581154
running_max,1106723791,qslstm,15,229.18912793594927,0.7131890257587656
running_max,1106723791,qslstm,16,232.66060606878273,0.7129989610984921
running_max,1106723791,qslstm,17,242.04439751578553,0.7131784175289795
running_max,1106723791,qslstm,18,213.63761511368426,0.7142713533248752
running_max,1106723791,qslstm,19,215.65252665924203,0.7129435664974153
running_max,1106723791,qslstm,20,230.0448998111301,0.7129944965709001
running_max,1106723791,qslstm,21,250.05930811987776,0.7127253829967231
running_max,1106723791,qslstm,22,239.77220618032993,0.7124854029389098
running_max,1106723791,qslstm,23,228.69879246517283,0.7132301541278139
running_max,1106723791,qslstm,24,231.16739433391905,0.7146236089756712
running_max,1106723791,qslstm,25,249.84614228552573,0.713344955118373
running_max,1106723791,qslstm,26,258.5088924400389,0.712029867223464
running_max,1106723791,qslstm,27,231.7531137579483,0.712837643106468
running_max,1106723791,qslstm,28,218.3227560112814,0.7120112035190687
running_max,1106723791,qslstm,29,219.28051076012116,0.7130299375858158
running_max,1106723791,qslstm,30,234.93165473653653,0.7124283880693838
running_max,1106723791,qslstm,31,239.22957787750613,0.7134608557680622
running_max,1106723791,qslstm_log,0,0.544851277189313,0.6492022336268477
running_max,1106723791,qslstm_log,1,0.4392807261146976,0.6532331877469084
running_max,1106723791,qslstm_log,2,0.4338305977235922,0.6511584480167664
running_max,1106723791,qslstm_log,3,0.43450804642551605,0.652737547259505
running_max,1106723791,qslstm_log,4,0.43587425629509313,0.6528776788465372
running_max,1106723791,qslstm_log,5,0.4297001206529621,0.6509462937502309
running_max,1106723791,qslstm_log,6,0.4312622338472335,0.6545150843301477
running_max,1106723791,qslstm_log,7,0.416295789137924,0.6496291114963046
running_max,1106723791,qslstm_log,8,0.4282915279360582,0.6494241194244446
running_max,1106723791,qslstm_log,9,0.4239252354757205,0.648832256633806
running_max,1106723791,qslstm_log,10,0.4312961074476889,0.6503856737070535
running_max,1106723791,qslstm_log,11,0.44128939741637585,0.6547040123695415
running_max,1106723791,qslstm_log,12,0.4321455653859118,0.651905304424733
running_max,1106723791,qslstm_log,13,0.4295945534671154,0.6505451272712066
running_max,1106723791,qslstm_log,14,0.43468148618075175,0.6520041978301514
running_max,1106723791,qslstm_log,15,0.44226487436264217,0.6562117617666401
running_max,1106723791,qslstm_log,16,0.42354253448979573,0.6486295090417539
running_max,1106723791,qslstm_log,17,0.4447902852272302,0.6579011169627951
running_max,1106723791,qslstm_log,18,0.41660748465212644,0.6486364796346802
running_max,1106723791,qslstm_log,19,0.43089142729261753,0.6498430942538305
running_max,1106723791,qslstm_log,20,0.43407339848236304,0.6514434631737289
running_max,1106723791,qslstm_log,21,0.43123666811802974,0.6499238682669168
running_max,1106723791,qslstm_log,22,0.4312104328244697,0.6496673788068854
running_max,1106723791,qslstm_log,23,0.42060738543868315,0.6457218373109233
running_max,1106723791,qslstm_log,24,0.42711173595833773,0.6513307972964089
running_max,1106723791,qslstm_log,25,0.4298933862545052,0.651260988020298
running_max,1106723791,qslstm_log,26,0.43401261814236236,0.65142690658259
running_max,1106723791,qslstm_log,27,0.429539146110085,0.6488187612544307
running_max,1106723791,qslstm_log,28,0.43787894614881395,0.6513765421710801
running_max,1106723791,qslstm_log,29,0.4296748304906285,0.6504025673414556
running_max,1106723791,qslstm_log,30,0.43701092244748363,0.652683078212658
running_max,1106723791,qslstm_log,31,0.4250495646900773,0.6490236873678972
running_max,1148376891,qlstm,0,0.6839192176703364,0.7008980101672933
running_max,1148376891,qlstm,1,0.6794772839639336,0.7017903761006892
running_max,1148376891,qlstm,2,0.6726474106544629,0.6985854975646362
running_max,1148376891,qlstm,3,0.6680403543869033,0.6959353659767658
running_max,1148376891,qlstm,4,0.6665394667070359,0.6958441007882357
running_max,1148376891,qlstm,5,0.6635400842642412,0.6937021964695305
running_max,1148376891,qlstm,6,0.6617917529074475,0.6925048574339598
running_max,1148376891,qlstm,7,0.6604926007566974,0.69089875894133
running_max,1148376891,qlstm,8,0.6592553277732804,0.6896076472476125
running_max,1148376891,qlstm,9,0.6601666206261143,0.6907632634975016
running_max,1148376891,qlstm,10,0.6598877112846822,0.6908611831022426
running_max,1148376891,qlstm,11,0.6602525578346103,0.6915353302611038
running_max,1148376891,qlstm,12,0.6584373089717701,0.6894185758428648
running_max,1148376891,qlstm,13,0.6578665961278602,0.6882919749477878
running_max,1148376891,qlstm,14,0.6590049681253731,0.6896154792048037
running_max,1148376891,qlstm,15,0.6589545026654378,0.6898912575561553
running_max,1148376891,qlstm,16,0.6598407574929297,0.6908325304975733
running_max,1148376891,qlstm,17,0.6590283708646894,0.6902003118302673
running_max,1148376891,qlstm,18,0.6587615457829088,0.6897420800523832
running_max,1148376891,qlstm,19,0.6592983952723444,0.6901858819182962
running_max,1148376891,qlstm,20,0.6576939664082602,0.6883710828842595
running_max,1148376891,qlstm,21,0.6578958411701024,0.688417554483749
running_max,1148376891,qlstm,22,0.6596305265557021,0.6903045894578099
running_max,1148376891,qlstm,23,0.6589818624779582,0.689805954345502
running_max,1148376891,qlstm,24,0.6591053587617353,0.6900979313068092
running_max,1148376891,qlstm,25,0.6582134825875983,0.6885724199237302
running_max,1148376891,qlstm,26,0.6591934498865157,0.6899641972268
running_max,1148376891,qlstm,27,0.658401615684852,0.6891936033498496
running_max,1148376891,qlstm,28,0.65849587705452,0.6891436389414594
running_max,1148376891,qlstm,29,0.6590843701269478,0.6899627422681078
running_max,1148376891,qlstm,30,0.6582874285522848,0.6887857092078775
running_max,1148376891,qlstm,31,0.6593951338436455,0.6900977566838264
running_max,1148376891,qslstm,0,3.818242302539147,0.6031698298756965
running_max,1148376891,qslstm,1,18.246427074700478,0.6057616052567028
running_max,1148376891,qslstm,2,56.17897138814578,0.6059827881399542
running_max,1148376891,qslstm,3,51.06029875855211,0.6060561264748685
running_max,1148376891,qslstm,4,34.03959614862066,0.607870242500212
running_max,1148376891,qslstm,5,40.550171309320376,0.6075674312887713
running_max,1148376891,qslstm,6,46.89980327503963,0.6066869344795123
running_max,1148376891,qslstm,7,33.990151741003956,0.6078115900745615
running_max,1148376891,qslstm,8,48.8256527611785,0.6069708576542325
running_max,1148376891,qslstm,9,44.75080137068426,0.6080090078758076
running_max,1148376891,qslstm,10,39.21125458766096,0.6077552677597851
running_max,1148376891,qslstm,11,32.71548984545552,0.6084554301341996
running_max,1148376891,qslstm,12,45.9736257093208,0.6077776820166036
running_max,1148376891,qslstm,13,47.356820089729354,0.6075142896152101
running_max,1148376891,qslstm,14,43.02224016689456,0.6072892918018624
running_max,1148376891,qslstm,15,42.592624806741014,0.606639381381683
running_max,1148376891,qslstm,16,40.99616006009012,0.6083739200839773
running_max,1148376891,qslstm,17,31.983478700307046,0.607754766009748
running_max,1148376891,qslstm,18,41.29840749801383,0.6074406194966286
running_max,1148376891,qslstm,19,23.036119547404837,0.6085408950457349
running_max,1148376891,qslstm,20,48.36254280311334,0.6070573895704001
running_max,1148376891,qslstm,21,45.194605484088015,0.6063818202819675
running_max,1148376891,qslstm,22,55.787663342658334,0.6083267439971678
running_max,1148376891,qslstm,23,31.39101610380817,0.6080240990268067
running_max,1148376891,qslstm,24,38.24011741176378,0.6075591738335788
running_max,1148376891,qslstm,25,43.61395449664474,0.608297980914358
running_max,1148376891,qslstm,26,44.05395303382045,0.6079544395906851
running_max,1148376891,qslstm,27,33.327341255737565,0.6071188556379639
running_max,1148376891,qslstm,28,40.317319582069445,0.6070655600633472
running_max,1148376891,qslstm,29,25.335631830644957,0.606668068736326
running_max,1148376891,qslstm,30,59.751100566054845,0.6071807226981036
running_max,1148376891,qslstm,31,47.856261126890786,0.6079098148620687
running_max,1148376891,qslstm_log,0,2.3414121889118986,0.6625989591421446
running_max,1148376891,qslstm_log,1,1.6323201785154042,0.6605955222761604
running_max,1148376891,qslstm_log,2,1.5545445575701886,0.6636343296608291
running_max,1148376891,qslstm_log,3,1.5073280108082137,0.6655344943302919
running_max,1148376891,qslstm_log,4,1.4499736294303571,0.6675465219503316
running_max,1148376891,qslstm_log,5,1.4529602921628462,0.6671336769935975
running_max,1148376891,qslstm_log,6,1.4478443998949848,0.6653333057034903
running_max,1148376891,qslstm_log,7,1.405897169987377,0.6690342418454828
running_max,1148376891,qslstm_log,8,1.4165926221303833,0.6687212251396261
running_max,1148376891,qslstm_log,9,1.4144434079989052,0.6692615023388311
running_max,1148376891,qslstm_log,10,1.4250174651414582,0.6674346113460297
running_max,1148376891,qslstm_log,11,1.4277408140635672,0.6677590591051886
running_max,1148376891,qslstm_log,12,1.4097523262979874,0.6688876320141957
running_max,1148376891,qslstm_log,13,1.3893123507428289,0.6700845208288482
running_max,1148376891,qslstm_log,14,1.4140339726298774,0.6677381126734616
running_max,1148376891,qslstm_log,15,1.4396513295654092,0.6655615242063637
running_max,1148376891,qslstm_log,16,1.4094533442836934,0.668006550993486
running_max,1148376891,qslstm_log,17,1.4192453822397026,0.6668354325226993
running_max,1148376891,qslstm_log,18,1.4126585155577334,0.6670208051411846
running_max,1148376891,qslstm_log,19,1.4036112758886499,0.6688598268813569
running_max,1148376891,qslstm_log,20,1.4331859068398187,0.667805103807389
running_max,1148376891,qslstm_log,21,1.4284927562591105,0.6666747524965528
running_max,1148376891,qslstm_log,22,1.418733102852583,0.6690276384810712
running_max,1148376891,qslstm_log,23,1.4268518818333873,0.6684758935998085
running_max,1148376891,qslstm_log,24,1.4460281049625543,0.6669876408292793
running_max,1148376891,qslstm_log,25,1.3949559509008433,0.6705075521511465
running_max,1148376891,qslstm_log,26,1.4367940112462048,0.6686946077774275
running_max,1148376891,qslstm_log,27,1.4426671889596798,0.6672085846028406
running_max,1148376891,qslstm_log,28,1.433369559957109,0.6674050069947528
running_max,1148376891,qslstm_log,29,1.4569975663261618,0.664966755772885
running_max,1148376891,qslstm_log,30,1.4259060027850907,0.6679714683302158
running_max,1148376891,qslstm_log,31,1.4044741174200843,0.6677038264931687
running_max,1211904294,qlstm,0,0.615879071643576,0.6176952653331682
running_max,1211904294,qlstm,1,0.6094574784510769,0.6233867355622351
running_max,1211904294,qlstm,2,0.6077207710477524,0.6265338954981416
running_max,1211904294,qlstm,3,0.6100199251086451,0.6211699791601859
running_max,1211904294,qlstm,4,0.6116191315813921,0.6165674200165085
running_max,1211904294,qlstm,5,0.6159675478120334,0.6044682596693747
running_max,1211904294,qlstm,6,0.6136848813621327,0.6137485198560171
running_max,1211904294,qlstm,7,0.6152820362476632,0.6138534779311158
running_max,1211904294,qlstm,8,0.6139777709613554,0.6134972200379707
running_max,1211904294,qlstm,9,0.6139128325157799,0.6149109589168802
running_max,1211904294,qlstm,10,0.6142945057363249,0.6129483279655688
running_max,1211904294,qlstm,11,0.6092410631827079,0.6287733394419774
running_max,1211904294,qlstm,12,0.611607730446849,0.6224788131657988
running_max,1211904294,qlstm,13,0.608852585486602,0.6288643442094326
running_max,1211904294,qlstm,14,0.6089582856511697,0.6284398742718622
running_max,1211904294,qlstm,15,0.6132728918455541,0.618853572930675
running_max,1211904294,qlstm,16,0.6126843082020059,0.6195773388026282
running_max,1211904294,qlstm,17,0.6138920948142186,0.6169940084801055
running_max,1211904294,qlstm,18,0.6195914694690146,0.605888735561166
running_max,1211904294,qlstm,19,0.6154603606555611,0.611396198219154
running_max,1211904294,qlstm,20,0.6136711266008206,0.6186410344089381
running_max,1211904294,qlstm,21,0.6153576874057762,0.6168150212033652
running_max,1211904294,qlstm,22,0.6104752010433003,0.623538620013278
running_max,1211904294,qlstm,23,0.6131522374344058,0.6210413161315955
running_max,1211904294,qlstm,24,0.6137913382844999,0.6179596178699285
running_max,1211904294,qlstm,25,0.617193739162758,0.6087901397841051
running_max,1211904294,qlstm,26,0.613267435808666,0.6190686616464518
running_max,1211904294,qlstm,27,0.6116128658177331,0.6238759390544146
running_max,1211904294,qlstm,28,0.6105992152006365,0.6278195807244629
running_max,1211904294,qlstm,29,0.6147490515722893,0.6149298180826008
running_max,1211904294,qlstm,30,0.608579451974947,0.6307948944158852
running_max,1211904294,qlstm,31,0.6127744414261542,0.6208290467038751
running_max,1211904294,qslstm,0,4.546160952702849,0.7166591122513637
running_max,1211904294,qslstm,1,15.59356712675708,0.7065351862693205
running_max,1211904294,qslstm,2,54.16575056465217,0.708356138668023
running_max,1211904294,qslstm,3,24.014789254339007,0.7100158310495317
running_max,1211904294,qslstm,4,29.52212997460049,0.7096847298089415
running_max,1211904294,qslstm,5,25.914405091286653,0.708546135108918
running_max,1211904294,qslstm,6,53.10733558713457,0.7093868582742289
running_max,1211904294,qslstm,7,19.715366474238635,0.7118108862778172
running_max,1211904294,qslstm,8,18.345702350376996,0.708934779278934
running_max,1211904294,qslstm,9,29.2572466912286,0.7088549317559227
running_max,1211904294,qslstm,10,37.70681965996721,0.7075949076097459
running_max,1211904294,qslstm,11,39.61101350969432,0.7078425487270579
running_max,1211904294,qslstm,12,37.98559783587541,0.7081330820219591
running_max,1211904294,qslstm,13,53.16606540091544,0.7070872401818633
running_max,1211904294,qslstm,14,46.55194271348648,0.7067951486678794
running_max,1211904294,qslstm,15,26.16971196484417,0.7080645125824958
running_max,1211904294,qslstm,16,44.03262658874473,0.7073283399222419
running_max,1211904294,qslstm,17,39.1000110872227,0.7078630299074575
running_max,1211904294,qslstm,18,21.85454165277929,0.7107578177237883
running_max,1211904294,qslstm,19,34.95667277500769,0.7072357254801318
running_max,1211904294,qslstm,20,39.41991226238531,0.7082877444336191
running_max,1211904294,qslstm,21,37.253683194976475,0.710138987400569
running_max,1211904294,qslstm,22,43.723922387545144,0.7058451769407839
running_max,1211904294,qslstm,23,39.409387334868825,0.7086984829511493
running_max,1211904294,qslstm,24,22.225141055320137,0.7080488863866776
running_max,1211904294,qslstm,25,45.45707506481756,0.7081709129270166
running_max,1211904294,qslstm,26,45.16781670134117,0.707611815771088
running_max,1211904294,qslstm,27,40.061822504698625,0.7076151868095621
running_max,1211904294,qslstm,28,27.873853887633686,0.7082730543334037
running_max,1211904294,qslstm,29,25.3162685617458,0.707753014867194
running_max,1211904294,qslstm,30,48.240752384700954,0.7064880692632869
running_max,1211904294,qslstm,31,26.78275983973981,0.7078516554320231
running_max,1212609727,qlstm,0,0.5575653903069906,0.6079720274428837
running_max,1212609727,qlstm,1,0.5568437700276263,0.6070462967618369
running_max,1212609727,qlstm,2,0.5545023914892226,0.61142033158103
running_max,1212609727,qlstm,3,0.5537436936283484,0.5964321285719052
running_max,1212609727,qlstm,4,0.5531796652940102,0.5998634938732721
running_max,1212609727,qlstm,5,0.5511017316603102,0.6047869538888335
running_max,1212609727,qlstm,6,0.5512603194219992,0.5996127751423046
running_max,1212609727,qlstm,7,0.5491693833027966,0.6116013787104748
running_max,1212609727,qlstm,8,0.5499597126618028,0.604615630058106
running_max,1212609727,qlstm,9,0.5491113544558175,0.6109342986601405
running_max,1212609727,qlstm,10,0.5496701937518083,0.6154535647947341
running_max,1212609727,qlstm,11,0.5499907534685917,0.5975168083095923
running_max,1212609727,qlstm,12,0.5487991466070525,0.6084033712395467
running_max,1212609727,qlstm,13,0.5485082671511918,0.6023107442306355
running_max,1212609727,qlstm,14,0.5492002192186192,0.6055601639091037
running_max,1212609727,qlstm,15,0.5480887296725996,0.603284491924569
running_max,1212609727,qlstm,16,0.5484590114210732,0.6050237428280525
running_max,1212609727,qlstm,17,0.5488805359927937,0.6087938965647481
running_max,1212609727,qlstm,18,0.5484587352839299,0.6045517299207859
running_max,1212609727,qlstm,19,0.5486203344189562,0.6105251900153235
running_max,1212609727,qlstm,20,0.5491145690903068,0.6085952295106836
running_max,1212609727,qlstm,21,0.5488610414904542,0.5968418083502911
running_max,1212609727,qlstm,22,0.547332308080513,0.6107289420906454
running_max,1212609727,qlstm,23,0.5485044573433697,0.6085650991881266
running_max,1212609727,qlstm,24,0.5488520604558289,0.6096279814955778
running_max,1212609727,qlstm,25,0.5492501781554893,0.6036615681950934
running_max,1212609727,qlstm,26,0.547992572945077,0.6169958471436985
running_max,1212609727,qlstm,27,0.5486324699595571,0.6008281972026452
running_max,1212609727,qlstm,28,0.5487263647955842,0.6016049478203058
running_max,1212609727,qlstm,29,0.5478823800222017,0.6079389890073799
running_max,1212609727,qlstm,30,0.549036008596886,0.6016452952171676
running_max,1212609727,qlstm,31,0.5481490709353238,0.60770041187061
running_max,1212609727,qslstm,0,10.391695423422789,0.7143800037447363
running_max,1212609727,qslstm,1,21.7567293050206,0.7061181289609522
running_max,1212609727,qslstm,2,24.315289181214666,0.7064517132239416
running_max,1212609727,qslstm,3,40.27628164352382,0.7093275674851611
running_max,1212609727,qslstm,4,49.770948293538254,0.7069688150659204
running_max,1212609727,qslstm,5,53.97775878017262,0.7069366401992738
running_max,1212609727,qslstm,6,38.57268671580641,0.7066781254252419
running_max,1212609727,qslstm,7,34.87435531409983,0.7057508928701282
running_max,1212609727,qslstm,8,37.6966252361816,0.7058155033737421
running_max,1212609727,qslstm,9,46.4395561811416,0.704945923294872
running_max,1212609727,qslstm,10,81.12319741200673,0.7029088642448187
running_max,1212609727,qslstm,11,41.84829079732663,0.7058852226473391
running_max,1212609727,qslstm,12,37.448214020369505,0.7050030534155667
running_max,1212609727,qslstm,13,34.64253529763835,0.7064886427251622
running_max,1212609727,qslstm,14,46.43565867225561,0.70472678670194
running_max,1212609727,qslstm,15,45.176621357838826,0.7067492742789909
running_max,1212609727,qslstm,16,54.39055168691988,0.7059671964962035
running_max,1212609727,qslstm,17,45.530823754985704,0.704428551485762
running_max,1212609727,qslstm,18,31.350804696354658,0.7058730896096677
running_max,1212609727,qslstm,19,47.594516178516415,0.7044539840426296
running_max,1212609727,qslstm,20,50.12512287796244,0.7042205394245684
running_max,1212609727,qslstm,21,32.210417447870725,0.7068924793275073
running_max,1212609727,qslstm,22,39.36793940270718,0.7061356720514596
running_max,1212609727,qslstm,23,45.78009253404787,0.705029753036797
running_max,1212609727,qslstm,24,47.97935227351485,0.7042488049482927
running_max,1212609727,qslstm,25,38.623311642113094,0.7050900157773867
running_max,1212609727,qslstm,26,52.805311747182714,0.7039086091099307
running_max,1212609727,qslstm,27,43.9681970438138,0.7061866560252383
running_max,1212609727,qslstm,28,45.98166445849688,0.7060116152279079
running_max,1212609727,qslstm,29,33.88059770789994,0.7058489135233685
running_max,1212609727,qslstm,30,48.689383757885025,0.7056515674339607
running_max,1212609727,qslstm,31,44.03045070008318,0.7056385981850326
running_max,1212609727,qslstm_log,0,0.7427272946342995,0.6796588433267786
running_max,1212609727,qslstm_log,1,0.6692602201067162,0.6706611915924268
running_max,1212609727,qslstm_log,2,0.6502739877829297,0.6689637257679755
running_max,1212609727,qslstm_log,3,0.6268844045065687,0.6749782052067472
running_max,1212609727,qslstm_log,4,0.639137062728447,0.672716909007895
running_max,1212609727,qslstm_log,5,0.6348179878217242,0.6716340443009728
running_max,1212609727,qslstm_log,6,0.6313950861863247,0.6733126745687475
running_max,1212609727,qslstm_log,7,0.6354809539434035,0.6692915845782949
running_max,1212609727,qslstm_log,8,0.6315042462030971,0.6715188539646596
running_max,1212609727,qslstm_log,9,0.6367882999436545,0.6693160481536431
running_max,1212609727,qslstm_log,10,0.6426610167111442,0.6667639281381474
running_max,1212609727,qslstm_log,11,0.6214173570244692,0.6742829695397092
running_max,1212609727,qslstm_log,12,0.631908140712147,0.6707620491845832
running_max,1212609727,qslstm_log,13,0.6221875095516469,0.6736948612674858
running_max,1212609727,qslstm_log,14,0.6324145037995891,0.6716407827183388
running_max,1212609727,qslstm_log,15,0.6263182556905003,0.6734682193827156
running_max,1212609727,qslstm_log,16,0.6276620889293448,0.672558374359912
running_max,1212609727,qslstm_log,17,0.6367567767213982,0.670398092195463
running_max,1212609727,qslstm_log,18,0.6251598878544431,0.6726405150719363
running_max,1212609727,qslstm_log,19,0.634255810079601,0.6698933814750792
running_max,1212609727,qslstm_log,20,0.6326755955606362,0.6702441286163
running_max,1212609727,qslstm_log,21,0.6173350772806872,0.6756214666017804
running_max,1212609727,qslstm_log,22,0.63000939631918,0.6710813696415958
running_max,1212609727,qslstm_log,23,0.6292315834002522,0.6707795943689714
running_max,1212609727,qslstm_log,24,0.6324797271592126,0.6700305850132078
running_max,1212609727,qslstm_log,25,0.6307885288125072,0.6722104631485608
running_max,1212609727,qslstm_log,26,0.6358030654056113,0.667562250145932
running_max,1212609727,qslstm_log,27,0.6178679095002321,0.6738888299061869
running_max,1212609727,qslstm_log,28,0.623020261755229,0.6737247300045236
running_max,1212609727,qslstm_log,29,0.6254103305326733,0.6718287518936326
running_max,1212609727,qslstm_log,30,0.6286565559158234,0.6733860049194742
running_max,1212609727,qslstm_log,31,0.6281066534906543,0.6717218656494515
running_max,1668868548,qlstm,0,0.5583253809018061,0.6600290759233758
running_max,1668868548,qlstm,1,0.5555756650283001,0.6602760069072247
running_max,1668868548,qlstm,2,0.5538054377539083,0.6578390705399215
running_max,1668868548,qlstm,3,0.5521041960455477,0.6565824293065816
running_max,1668868548,qlstm,4,0.5516974819474854,0.657062377082184
running_max,1668868548,qlstm,5,0.5505272150039673,0.6551195092033595
running_max,1668868548,qlstm,6,0.551002910011448,0.6593197816982865
running_max,1668868548,qlstm,7,0.5500469052349217,0.6555480577517301
running_max,1668868548,qlstm,8,0.5506682633422315,0.6573356959270313
running_max,1668868548,qlstm,9,0.5494412822299637,0.6539138857042417
running_max,1668868548,qlstm,10,0.550336041545961,0.6565533737884834
running_max,1668868548,qlstm,11,0.5499682926456444,0.6564811900025234
running_max,1668868548,qlstm,12,0.5500589418807067,0.6576283865142614
running_max,1668868548,qlstm,13,0.5499040337163024,0.6576655878452584
running_max,1668868548,qlstm,14,0.5499794289353304,0.6562159048626199
running_max,1668868548,qlstm,15,0.5502433217479847,0.6579477323684841
running_max,1668868548,qlstm,16,0.5501053126063198,0.6584471493260935
running_max,1668868548,qlstm,17,0.5489084429573268,0.6509595575043932
running_max,1668868548,qlstm,18,0.5506439823075198,0.6589027069276199
running_max,1668868548,qlstm,19,0.5500860210158862,0.6597126721171662
running_max,1668868548,qlstm,20,0.5494851329131052,0.655960964388214
running_max,1668868548,qlstm,21,0.5498699776362628,0.6550349578028545
running_max,1668868548,qlstm,22,0.5497449387330562,0.6548293484374881
running_max,1668868548,qlstm,23,0.5498407544218935,0.6573508123401552
running_max,1668868548,qlstm,24,0.5499654581071809,0.6562937092967331
running_max,1668868548,qlstm,25,0.5496366692823358,0.6562949134968221
running_max,1668868548,qlstm,26,0.5497709835181013,0.6561038333456963
running_max,1668868548,qlstm,27,0.5491818581940606,0.6521825537784025
running_max,1668868548,qlstm,28,0.5497549256542698,0.6560932768043131
running_max,1668868548,qlstm,29,0.5504089760361239,0.6590888346545398
running_max,1668868548,qlstm,30,0.5487498773727566,0.6493861185153946
running_max,1668868548,qlstm,31,0.5498998961411417,0.6562194564612582
running_max,1668868548,qslstm,0,374.23757753602695,0.6430435249349102
running_max,1668868548,qslstm,1,146.1989594735901,0.6483254371560179
running_max,1668868548,qslstm,2,197.68396359878784,0.6516400261316448
running_max,1668868548,qslstm,3,238.8541261017407,0.6491991088259965
running_max,1668868548,qslstm,4,263.79289045519334,0.651441159658134
running_max,1668868548,qslstm,5,287.1144532643924,0.6474331513163634
running_max,1668868548,qslstm,6,301.8838167606166,0.6525234736036509
running_max,1668868548,qslstm,7,318.4899892297335,0.6492274184711277
running_max,1668868548,qslstm,8,323.84905641451417,0.6528587765060365
running_max,1668868548,qslstm,9,339.96801974006314,0.646412224159576
running_max,1668868548,qslstm,10,344.9370139642053,0.650745739985723
running_max,1668868548,qslstm,11,351.3737935975586,0.6500503979623318
running_max,1668868548,qslstm,12,359.62102280855834,0.6503856219351292
running_max,1668868548,qslstm,13,363.7248104600499,0.6501936721615493
running_max,1668868548,qslstm,14,366.3525507716983,0.6498106340877712
running_max,1668868548,qslstm,15,367.09555368509206,0.6523069217801094
running_max,1668868548,qslstm,16,368.72931254813096,0.6523743447032757
running_max,1668868548,qslstm,17,373.65135548859536,0.6423122559208423
running_max,1668868548,qslstm,18,372.29297948678817,0.6524955600034446
running_max,1668868548,qslstm,19,371.66772032350815,0.6533532936009578
running_max,1668868548,qslstm,20,373.6524073593998,0.6480753237265162
running_max,1668868548,qslstm,21,373.6334319611129,0.6482014074572362
running_max,1668868548,qslstm,22,373.38003587537423,0.6479767056880519
running_max,1668868548,qslstm,23,375.1935659816585,0.6493399234022945
running_max,1668868548,qslstm,24,371.3631504127722,0.6495068206568249
running_max,1668868548,qslstm,25,373.9382456900612,0.6486825495958328
running_max,1668868548,qslstm,26,372.7667172315548,0.6485292934812605
running_max,1668868548,qslstm,27,373.35474337942617,0.6438093623728491
running_max,1668868548,qslstm,28,374.0474729637567,0.6470001408015378
running_max,1668868548,qslstm,29,370.7781168866346,0.6533167219604366
running_max,1668868548,qslstm,30,375.22575323808525,0.6420042397803627
running_max,1668868548,qslstm,31,373.67421684370424,0.6471730706398375
running_max,1668868548,qslstm_log,0,0.49637523316827337,0.6930031387874974
running_max,1668868548,qslstm_log,1,0.4607317570012527,0.6978742196668513
running_max,1668868548,qslstm_log,2,0.46337581474956036,0.6998177012384045
running_max,1668868548,qslstm_log,3,0.4440534936595179,0.6985566193193751
running_max,1668868548,qslstm_log,4,0.4534022791582346,0.699758546078395
running_max,1668868548,qslstm_log,5,0.43657360311681437,0.6970748218789804
running_max,1668868548,qslstm_log,6,0.44973338658322054,0.7011101049417114
running_max,1668868548,qslstm_log,7,0.4437629453729577,0.6981162638006126
running_max,1668868548,qslstm_log,8,0.4554066369249834,0.7005700275846652
running_max,1668868548,qslstm_log,9,0.43294055792367525,0.6959229363047801
running_max,1668868548,qslstm_log,10,0.449726564055431,0.6987374748992169
running_max,1668868548,qslstm_log,11,0.44135839805872534,0.6987009733154386
running_max,1668868548,qslstm_log,12,0.4441578281676009,0.6990642658428223
running_max,1668868548,qslstm_log,13,0.442054518235035,0.6990507845319994
running_max,1668868548,qslstm_log,14,0.44436230788795833,0.6983118086289362
running_max,1668868548,qslstm_log,15,0.4515695598376713,0.7001771484227967
running_max,1668868548,qslstm_log,16,0.4464557772582755,0.7006394526896353
running_max,1668868548,qslstm_log,17,0.4235932309579471,0.6923783455744511
running_max,1668868548,qslstm_log,18,0.4535783936073766,0.7001773138252805
running_max,1668868548,qslstm_log,19,0.44968387065685606,0.7016140713423149
running_max,1668868548,qslstm_log,20,0.43389717203919,0.6973838458878961
running_max,1668868548,qslstm_log,21,0.4405119066713069,0.6968307001705417
running_max,1668868548,qslstm_log,22,0.4406085736242242,0.6966740217591372
running_max,1668868548,qslstm_log,23,0.4386146043245353,0.6983502580640226
running_max,1668868548,qslstm_log,24,0.4426089465145488,0.6979378482167582
running_max,1668868548,qslstm_log,25,0.4390526844380216,0.6976331731237011
running_max,1668868548,qslstm_log,26,0.44143228769293974,0.6973876915559323
running_max,1668868548,qslstm_log,27,0.43079714885096065,0.6934898383736319
running_max,1668868548,qslstm_log,28,0.43528069085718896,0.6963232177268248
running_max,1668868548,qslstm_log,29,0.4545442960502217,0.700948437853692
running_max,1668868548,qslstm_log,30,0.4285978209905968,0.6916141896889729
running_max,1668868548,qslstm_log,31,0.43580800292108207,0.6964278583029696
running_max,1710807515,qlstm,0,0.5828064131783321,0.6792762269033119
running_max,1710807515,qlstm,1,0.582847603247501,0.6833890144480392
running_max,1710807515,qlstm,2,0.5762685929657891,0.685267155058682
running_max,1710807515,qlstm,3,0.5777147411135957,0.68348413775675
running_max,1710807515,qlstm,4,0.5773121833335608,0.6815926233539358
running_max,1710807515,qlstm,5,0.5760237625217997,0.6767169398954138
running_max,1710807515,qlstm,6,0.5776160301174968,0.6758649351540953
running_max,1710807515,qlstm,7,0.5732699765940197,0.6787443683715537
running_max,1710807515,qlstm,8,0.5731917727389373,0.6774447965435684
running_max,1710807515,qlstm,9,0.5754684575367719,0.6750717392424121
running_max,1710807515,qlstm,10,0.5748708705068566,0.6756985344691202
running_max,1710807515,qlstm,11,0.5735273085301742,0.6758579759625718
running_max,1710807515,qlstm,12,0.5750229033874348,0.6740111996186897
running_max,1710807515,qlstm,13,0.5764685147441924,0.6736039224779233
running_max,1710807515,qlstm,14,0.5743719938327558,0.673721720231697
running_max,1710807515,qlstm,15,0.571707105031237,0.6764648616081104
running_max,1710807515,qlstm,16,0.5718607652233914,0.6756751537322998
running_max,1710807515,qlstm,17,0.5758486366830766,0.6751810915302485
running_max,1710807515,qlstm,18,0.5724228495382704,0.6735603862907737
running_max,1710807515,qlstm,19,0.5724351452081464,0.6761967646889389
running_max,1710807515,qlstm,20,0.5746071258326992,0.6756467011291534
running_max,1710807515,qlstm,21,0.5765928495675325,0.6732866938691586
running_max,1710807515,qlstm,22,0.5756378160440363,0.6739781678188592
running_max,1710807515,qlstm,23,0.5766096743172966,0.6732826656661928
running_max,1710807515,qlstm,24,0.574827192525845,0.6761249086121097
running_max,1710807515,qlstm,25,0.5753868859028444,0.6734911514213309
running_max,1710807515,qlstm,26,0.5709864942473359,0.6761003999272361
running_max,1710807515,qlstm,27,0.5755895023467019,0.6736125262686983
running_max,1710807515,qlstm,28,0.5760316540836357,0.674591020680964
running_max,1710807515,qlstm,29,0.5754245311254635,0.6755918347043917
running_max,1710807515,qlstm,30,0.5723991364939138,0.6759111016290262
running_max,1710807515,qlstm,31,0.5760792470537126,0.6739861863898113
running_max,1710807515,qslstm,0,7.904506197417504,0.7144370599417016
running_max,1710807515,qslstm,1,21.52996426671234,0.7131008502328768
running_max,1710807515,qslstm,2,96.4189117260189,0.7107817553915083
running_max,1710807515,qslstm,3,33.02584261937682,0.7135633159196004
running_max,1710807515,qslstm,4,29.96530850166255,0.7137163826264441
running_max,1710807515,qslstm,5,32.607687863957835,0.7118429898982868
running_max,1710807515,qslstm,6,26.44888369323121,0.7132955741835758
running_max,1710807515,qslstm,7,54.38043960145137,0.7110225424403325
running_max,1710807515,qslstm,8,58.963958813533736,0.7110304090892896
running_max,1710807515,qslstm,9,53.02728072809293,0.7122226102510467
running_max,1710807515,qslstm,10,71.82549637862257,0.712181429960765
running_max,1710807515,qslstm,11,31.674328048881875,0.7110710728447884
running_max,1710807515,qslstm,12,48.39706073268337,0.7118195589864627
running_max,1710807515,qslstm,13,44.09913881275406,0.7126500476151705
running_max,1710807515,qslstm,14,56.182401702489415,0.7109565380960703
running_max,1710807515,qslstm,15,49.86440357786478,0.7093283787835389
running_max,1710807515,qslstm,16,58.85031232626409,0.7095769586740062
running_max,1710807515,qslstm,17,35.165043892648555,0.7128415306797251
running_max,1710807515,qslstm,18,60.537604427697374,0.7092616873560473
running_max,1710807515,qslstm,19,50.74188353519014,0.7100989136379212
running_max,1710807515,qslstm,20,55.759796244174936,0.7118114178301767
running_max,1710807515,qslstm,21,62.326006156146605,0.7126719994703308
running_max,1710807515,qslstm,22,46.316990185139275,0.7123808766482398
running_max,1710807515,qslstm,23,29.44500246633652,0.7125308440299705
running_max,1710807515,qslstm,24,48.42629829303337,0.7120147696696222
running_max,1710807515,qslstm,25,48.180241442052534,0.7117785683367401
running_max,1710807515,qslstm,26,63.63300738221767,0.7087383611360565
running_max,1710807515,qslstm,27,53.087887681025336,0.7120342660928145
running_max,1710807515,qslstm,28,34.741882317392765,0.7127255094237626
running_max,1710807515,qslstm,29,29.39956155161417,0.7125145072350278
running_max,1710807515,qslstm,30,59.8523276822383,0.7100735591957346
running_max,1710807515,qslstm,31,59.491904321937454,0.7128287149826065
running_max,1710807515,qslstm_log,0,0.6388982723374959,0.5843372512460019
running_max,1710807515,qslstm_log,1,0.7260139808294513,0.5857940374714911
running_max,1710807515,qslstm_log,2,0.7688646084318682,0.5859356640656928
running_max,1710807515,qslstm_log,3,0.7407156834843639,0.5855134246308593
running_max,1710807515,qslstm_log,4,0.7339714785048859,0.5854488386341135
running_max,1710807515,qslstm_log,5,0.7515969750704672,0.5873497694669211
running_max,1710807515,qslstm_log,6,0.7255064390606303,0.5857855773215228
running_max,1710807515,qslstm_log,7,0.7583822936551676,0.5852451053293495
running_max,1710807515,qslstm_log,8,0.7470518628730052,0.5858233150776994
running_max,1710807515,qslstm_log,9,0.7257080254570292,0.5855545080283949
running_max,1710807515,qslstm_log,10,0.7383604001308197,0.5854767194182868
running_max,1710807515,qslstm_log,11,0.7407522723832582,0.5857808771343963
running_max,1710807515,qslstm_log,12,0.7333074482460259,0.586151454628421
running_max,1710807515,qslstm_log,13,0.713034266861335,0.5855798813002147
running_max,1710807515,qslstm_log,14,0.7285631250395094,0.5863623909710025
running_max,1710807515,qslstm_log,15,0.7538782507958222,0.586196878782584
running_max,1710807515,qslstm_log,16,0.7553609490190719,0.5863089437845685
running_max,1710807515,qslstm_log,17,0.7297429854127206,0.5848019281559033
running_max,1710807515,qslstm_log,18,0.7544518775355407,0.5872835958719391
running_max,1710807515,qslstm_log,19,0.7595128009813191,0.5859469774725767
running_max,1710807515,qslstm_log,20,0.7465310901774046,0.5850566206709329
running_max,1710807515,qslstm_log,21,0.7235497962497881,0.585354158072906
running_max,1710807515,qslstm_log,22,0.7130475586615748,0.5854583627550972
running_max,1710807515,qslstm_log,23,0.7254353246061669,0.5855166253569173
running_max,1710807515,qslstm_log,24,0.7267500063477144,0.5846980572849098
running_max,1710807515,qslstm_log,25,0.7264937967876169,0.5858741618073489
running_max,1710807515,qslstm_log,26,0.741109997830995,0.586515952552136
running_max,1710807515,qslstm_log,27,0.7477605556853505,0.5855919090561815
running_max,1710807515,qslstm_log,28,0.7380067381290136,0.5848557468974918
running_max,1710807515,qslstm_log,29,0.7186041931328622,0.5845283334222665
running_max,1710807515,qslstm_log,30,0.7405210503722433,0.5858995750741578
running_max,1710807515,qslstm_log,31,0.730574662949929,0.5850810864769879
running_max,1716202887,qlstm,0,0.6577574774273671,0.616098094615154
running_max,1716202887,qlstm,1,0.6550023910822347,0.622246261627879
running_max,1716202887,qlstm,2,0.6537719957414083,0.6248661612044089
running_max,1716202887,qlstm,3,0.6536778309382498,0.6260317980195396
running_max,1716202887,qlstm,4,0.6485638286685571,0.6200137541745789
running_max,1716202887,qlstm,5,0.6456326252082363,0.6167903079185635
running_max,1716202887,qlstm,6,0.6487062210799195,0.6208855711738579
running_max,1716202887,qlstm,7,0.6480046129436232,0.6195964679936878
running_max,1716202887,qlstm,8,0.6484346619690768,0.6202818507445045
running_max,1716202887,qlstm,9,0.650172728812322,0.6221937413793057
running_max,1716202887,qlstm,10,0.6433302307850681,0.613961805938743
running_max,1716202887,qlstm,11,0.6467909381608479,0.6181395430467092
running_max,1716202887,qlstm,12,0.65121169219492,0.622804441023618
running_max,1716202887,qlstm,13,0.6382883051992394,0.6080598245025612
running_max,1716202887,qlstm,14,0.650467537343502,0.621989268285688
running_max,1716202887,qlstm,15,0.6503258505836129,0.6216058087884448
running_max,1716202887,qlstm,16,0.6485996257979423,0.6194945688475855
running_max,1716202887,qlstm,17,0.6457814151071943,0.6166165795293637
running_max,1716202887,qlstm,18,0.6474096439196728,0.6183510200935416
running_max,1716202887,qlstm,19,0.6511766279581934,0.6225051173241809
running_max,1716202887,qlstm,20,0.6433646500809118,0.6138024821411818
running_max,1716202887,qlstm,21,0.6462107031838968,0.6172756875748746
running_max,1716202887,qlstm,22,0.6498881299630739,0.6207722520339303
running_max,1716202887,qlstm,23,0.6484383193892427,0.6194606351200491
running_max,1716202887,qlstm,24,0.6482721703941934,0.6191148232901469
running_max,1716202887,qlstm,25,0.6466753431013785,0.6170866913744248
running_max,1716202887,qlstm,26,0.6508498126640916,0.622474784089718
running_max,1716202887,qlstm,27,0.6501222307560965,0.6216572959674522
running_max,1716202887,qlstm,28,0.6482622257899493,0.6193763883202337
running_max,1716202887,qlstm,29,0.6499060459318571,0.6214118193020113
running_max,1716202887,qlstm,30,0.6489916938589886,0.6202334169647656
running_max,1716202887,qlstm,31,0.6459914357983507,0.616794140310958
running_max,1716202887,qslstm,0,4.005916186477407,0.7155689161736518
running_max,1716202887,qslstm,1,12.619632000329432,0.7117981874616817
running_max,1716202887,qslstm,2,33.88386305766426,0.7149767767405137
running_max,1716202887,qslstm,3,83.15647599116707,0.7145729511976242
running_max,1716202887,qslstm,4,29.183660053602182,0.7146706384373829
running_max,1716202887,qslstm,5,44.45035557187339,0.7145265875151381
running_max,1716202887,qslstm,6,64.88319402397573,0.7141029379563406
running_max,1716202887,qslstm,7,57.217865290036855,0.7134815270546824
running_max,1716202887,qslstm,8,46.901798400896084,0.7139402715256438
running_max,1716202887,qslstm,9,27.568485412315894,0.7131064858986065
running_max,1716202887,qslstm,10,25.150222802211132,0.713108294759877
running_max,1716202887,qslstm,11,49.8379718504621,0.7131185629405081
running_max,1716202887,qslstm,12,41.282008774301914,0.712919982848689
running_max,1716202887,qslstm,13,25.091986251876435,0.7125104108126834
running_max,1716202887,qslstm,14,44.214953618716834,0.7126751173054799
running_max,1716202887,qslstm,15,48.47028931033088,0.7125455820932984
running_max,1716202887,qslstm,16,28.139160728231175,0.7118775204289705
running_max,1716202887,qslstm,17,24.72917621425686,0.7125319709302858
running_max,1716202887,qslstm,18,44.29436797140397,0.7121919655473903
running_max,1716202887,qslstm,19,35.451720192914294,0.7122216343414038
running_max,1716202887,qslstm,20,28.399669788061914,0.711992485797964
running_max,1716202887,qslstm,21,36.20511773602857,0.7129302797839046
running_max,1716202887,qslstm,22,30.420969700953606,0.710997780202888
running_max,1716202887,qslstm,23,34.76113111493923,0.7128299389733002
running_max,1716202887,qslstm,24,35.47272962018182,0.7115304559702054
running_max,1716202887,qslstm,25,37.49371304677534,0.7116200603777543
running_max,1716202887,qslstm,26,47.05877288010362,0.7131188920466229
running_max,1716202887,qslstm,27,47.409041610803314,0.7127407370135188
running_max,1716202887,qslstm,28,51.19136146103242,0.7116184192709625
running_max,1716202887,qslstm,29,42.00376043169928,0.7131868285359815
running_max,1716202887,qslstm,30,31.939186403110405,0.7120520571479574
running_max,1716202887,qslstm,31,21.753671326157892,0.7124350577360019
running_max,1716202887,qslstm_log,0,0.5369950038718511,0.5169225961074164
running_max,1716202887,qslstm_log,1,0.6190387006881458,0.519096312906656
running_max,1716202887,qslstm_log,2,0.6012226943937966,0.5193805186094403
running_max,1716202887,qslstm_log,3,0.5959228381505375,0.5219423006598555
running_max,1716202887,qslstm_log,4,0.6023577240638259,0.5191743537456062
running_max,1716202887,qslstm_log,5,0.6033586754021245,0.5169103889534581
running_max,1716202887,qslstm_log,6,0.593417393078022,0.5190095581141474
running_max,1716202887,qslstm_log,7,0.5943044782470055,0.5189896703643233
running_max,1716202887,qslstm_log,8,0.5927500834127712,0.5185449317739842
running_max,1716202887,qslstm_log,9,0.5908080022344737,0.520565962111301
running_max,1716202887,qslstm_log,10,0.606028269953951,0.5159528381082014
running_max,1716202887,qslstm_log,11,0.5888439538357859,0.5177927988614422
running_max,1716202887,qslstm_log,12,0.586620838219739,0.5207961270637078
running_max,1716202887,qslstm_log,13,0.6148224898936002,0.5124672954989936
running_max,1716202887,qslstm_log,14,0.5765664151946829,0.5199098072475872
running_max,1716202887,qslstm_log,15,0.5845518723394402,0.5200509605160601
running_max,1716202887,qslstm_log,16,0.5920985522667922,0.5196335177882013
running_max,1716202887,qslstm_log,17,0.594832484478462,0.5169490781473863
running_max,1716202887,qslstm_log,18,0.5902465464222526,0.5182800417498483
running_max,1716202887,qslstm_log,19,0.5852083332619582,0.5206733415331375
running_max,1716202887,qslstm_log,20,0.602222171645709,0.5157330275534202
running_max,1716202887,qslstm_log,21,0.5948065716115563,0.5163784828627209
running_max,1716202887,qslstm_log,22,0.583550288991748,0.5211962675565796
running_max,1716202887,qslstm_log,23,0.5896056174006913,0.5180032059129045
running_max,1716202887,qslstm_log,24,0.591553238770026,0.5196738316485515
running_max,1716202887,qslstm_log,25,0.594580779655023,0.5181266342482205
running_max,1716202887,qslstm_log,26,0.5858476479691234,0.5193477581198028
running_max,1716202887,qslstm_log,27,0.591661761243961,0.5192647412272562
running_max,1716202887,qslstm_log,28,0.5925446814516546,0.5196418854000995
running_max,1716202887,qslstm_log,29,0.5915355648764684,0.5187993784839401
running_max,1716202887,qslstm_log,30,0.5912239143303444,0.5196434784173084
running_max,1716202887,qslstm_log,31,0.5963760843566241,0.5169824353806869
running_max,1806016308,qlstm,0,0.590679487446323,0.666986306081526
running_max,1806016308,qlstm,1,0.5856040380313061,0.6638616707641631
running_max,1806016308,qlstm,2,0.5823621840681881,0.6608334437478334
running_max,1806016308,qlstm,3,0.5786855300539173,0.6563674488570541
running_max,1806016308,qlstm,4,0.5770747137139551,0.6540776930050924
running_max,1806016308,qlstm,5,0.5761864802916534,0.6525734022725374
running_max,1806016308,qlstm,6,0.5751324597513303,0.6508728273911402
running_max,1806016308,qlstm,7,0.5754862328176387,0.6523113059811294
running_max,1806016308,qlstm,8,0.5750622896011919,0.6516972661484033
running_max,1806016308,qlstm,9,0.574206090241205,0.6506001370726153
running_max,1806016308,qlstm,10,0.5748581364750862,0.6520237090298906
running_max,1806016308,qlstm,11,0.5740678769652732,0.6502924660453573
running_max,1806016308,qlstm,12,0.5751807029009797,0.6525965403998271
running_max,1806016308,qlstm,13,0.5732526473002508,0.648271785932593
running_max,1806016308,qlstm,14,0.5744824608555064,0.6502888776594773
running_max,1806016308,qlstm,15,0.5737673671683297,0.6493132386822253
running_max,1806016308,qlstm,16,0.5742445751675405,0.6512379666091874
running_max,1806016308,qlstm,17,0.5749717924627475,0.6519061962608248
running_max,1806016308,qlstm,18,0.5727439431939274,0.6482772217132151
running_max,1806016308,qlstm,19,0.5734914190252312,0.6495528441155329
running_max,1806016308,qlstm,20,0.5741966252098791,0.6497332793660462
running_max,1806016308,qlstm,21,0.5745343875023536,0.6513366100843996
running_max,1806016308,qlstm,22,0.5739699084078893,0.6502500595524907
running_max,1806016308,qlstm,23,0.5745060609187931,0.6500304834917188
running_max,1806016308,qlstm,24,0.5748618991929106,0.6513612994458526
running_max,1806016308,qlstm,25,0.5740117559325881,0.6503433311590925
running_max,1806016308,qlstm,26,0.5739344854955561,0.6500670965760946
running_max,1806016308,qlstm,27,0.5741899842978455,0.650940453982912
running_max,1806016308,qlstm,28,0.573381845606491,0.6494680808391422
running_max,1806016308,qlstm,29,0.5738398383255117,0.6498304129345343
running_max,1806016308,qlstm,30,0.5736322136363015,0.6495206215186045
running_max,1806016308,qlstm,31,0.5740564992884174,0.6495720952516422
running_max,1806016308,qslstm,0,66676.66623944933,0.6994900751160458
running_max,1806016308,qslstm,1,2287.8354086326854,0.7009233554126695
running_max,1806016308,qslstm,2,6792.8518312619235,0.7025776926893741
running_max,1806016308,qslstm,3,11086.716750780255,0.7002176376990974
running_max,1806016308,qslstm,4,9012.450423137852,0.6998434471897781
running_max,1806016308,qslstm,5,9730.399299327575,0.6998341063736007
running_max,1806016308,qslstm,6,11770.446018732317,0.6990830402355641
running_max,1806016308,qslstm,7,12148.464402413018,0.7014335384592414
running_max,1806016308,qslstm,8,11582.916883140697,0.7015371195739135
running_max,1806016308,qslstm,9,10436.496941396665,0.70017996779643
running_max,1806016308,qslstm,10,7698.249572655866,0.702185112866573
running_max,1806016308,qslstm,11,6892.7037305140075,0.700390680343844
running_max,1806016308,qslstm,12,8714.282019734092,0.7031691828742623
running_max,1806016308,qslstm,13,8797.047567398906,0.6983921026112512
running_max,1806016308,qslstm,14,7633.637878302954,0.700195841724053
running_max,1806016308,qslstm,15,5665.266426234881,0.6991867837496102
running_max,1806016308,qslstm,16,4715.828371489912,0.7012566548073664
running_max,1806016308,qslstm,17,5376.5723797303435,0.7026135297492146
running_max,1806016308,qslstm,18,4080.697695937637,0.698231540620327
running_max,1806016308,qslstm,19,4391.915346437829,0.6992545331595466
running_max,1806016308,qslstm,20,4655.914862495327,0.6997804155107588
running_max,1806016308,qslstm,21,4572.257135361484,0.7018060642294586
running_max,1806016308,qslstm,22,4387.294796701914,0.7002331025432795
running_max,1806016308,qslstm,23,4619.496993323777,0.7005456686019897
running_max,1806016308,qslstm,24,3879.849362050216,0.7019458934664726
running_max,1806016308,qslstm,25,4099.584057282602,0.7007150414865464
running_max,1806016308,qslstm,26,3822.5406552646928,0.7002399953780696
running_max,1806016308,qslstm,27,3610.804792108698,0.7012854595668614
running_max,1806016308,qslstm,28,3695.5751496875782,0.6993706526700407
running_max,1806016308,qslstm,29,3240.962869728275,0.6998397426214069
running_max,1806016308,qslstm,30,4054.5306379197827,0.6994557869620621
running_max,1806016308,qslstm,31,3572.3266561626406,0.6997712181182578
running_max,1806016308,qslstm_log,0,0.691523945954421,0.6118381209115775
running_max,1806016308,qslstm_log,1,0.7830984290234991,0.6103623021728298
running_max,1806016308,qslstm_log,2,0.8654674011094777,0.6105694268284754
running_max,1806016308,qslstm_log,3,0.8263996652159465,0.6148664478992752
running_max,1806016308,qslstm_log,4,0.7806416741752173,0.6160819927866112
running_max,1806016308,qslstm_log,5,0.8320613695600649,0.6154368597298498
running_max,1806016308,qslstm_log,6,0.8739836809186385,0.6160973036324418
running_max,1806016308,qslstm_log,7,0.8830472598131418,0.6148725542929241
running_max,1806016308,qslstm_log,8,0.8011608989641138,0.6140382472894679
running_max,1806016308,qslstm_log,9,0.8436519493219338,0.617002628188263
running_max,1806016308,qslstm_log,10,0.841947756965812,0.614665494554473
running_max,1806016308,qslstm_log,11,0.8098134308715328,0.6161959107181425
running_max,1806016308,qslstm_log,12,0.9128712370491436,0.6127763910384354
running_max,1806016308,qslstm_log,13,0.8306346921648917,0.6159853154794901
running_max,1806016308,qslstm_log,14,0.8188774412843414,0.6149037158728047
running_max,1806016308,qslstm_log,15,0.8326183988613762,0.6169494052407717
running_max,1806016308,qslstm_log,16,0.805493886725301,0.6178044009552546
running_max,1806016308,qslstm_log,17,0.8784165591561969,0.6126776470078239
running_max,1806016308,qslstm_log,18,0.8132237169897241,0.6193557116221149
running_max,1806016308,qslstm_log,19,0.7727500190441394,0.6197005173666057
running_max,1806016308,qslstm_log,20,0.8315539237292322,0.6161805624481791
running_max,1806016308,qslstm_log,21,0.8191230926073974,0.6159874850195514
running_max,1806016308,qslstm_log,22,0.8742712390616899,0.6172141026671578
running_max,1806016308,qslstm_log,23,0.8478530598456083,0.6130384448404569
running_max,1806016308,qslstm_log,24,0.8993414176879015,0.6128704809618464
running_max,1806016308,qslstm_log,25,0.8341573471433781,0.615235747564767
running_max,1806016308,qslstm_log,26,0.8542354353431871,0.6158174755708821
running_max,1806016308,qslstm_log,27,0.8390632458036358,0.616299792745574
running_max,1806016308,qslstm_log,28,0.7991975252075527,0.6188194521860129
running_max,1806016308,qslstm_log,29,0.8304037091684249,0.6177903467821801
running_max,1806016308,qslstm_log,30,0.7773396369101442,0.618674721249228
running_max,1806016308,qslstm_log,31,0.8110973791392158,0.6165214459758808
running_max,1885117419,qlstm,0,0.6400828149053268,0.6925439123879187
running_max,1885117419,qlstm,1,0.634888070053421,0.6911699456977658
running_max,1885117419,qlstm,2,0.6299356750678271,0.6913321160245687
running_max,1885117419,qlstm,3,0.6298343272646889,0.6862262440263294
running_max,1885117419,qlstm,4,0.6283565161866136,0.682807003671769
running_max,1885117419,qlstm,5,0.6231628385721706,0.6857373839593492
running_max,1885117419,qlstm,6,0.6194777732598595,0.684345954854507
running_max,1885117419,qlstm,7,0.6219909463543445,0.6827048119739629
running_max,1885117419,qlstm,8,0.6199045965331607,0.6822902227286249
running_max,1885117419,qlstm,9,0.6238176447805017,0.681080937909428
running_max,1885117419,qlstm,10,0.621280871797353,0.6802533398731612
running_max,1885117419,qlstm,11,0.6224161076825112,0.680316245474387
running_max,1885117419,qlstm,12,0.6216499457368627,0.6799488201504573
running_max,1885117419,qlstm,13,0.6187454646569677,0.6821630325866863
running_max,1885117419,qlstm,14,0.6208373295376077,0.6809487529681064
running_max,1885117419,qlstm,15,0.6206502838758752,0.6813754357281141
running_max,1885117419,qlstm,16,0.6213838315452449,0.6791434899205342
running_max,1885117419,qlstm,17,0.6203534853411838,0.6809886037372053
running_max,1885117419,qlstm,18,0.6242096202913672,0.6783883203752339
running_max,1885117419,qlstm,19,0.6225498626590706,0.6800735840806738
running_max,1885117419,qlstm,20,0.6214651061454788,0.6803469036822207
running_max,1885117419,qlstm,21,0.6211890817503445,0.680759473121725
running_max,1885117419,qlstm,22,0.622927546442952,0.6794389215647243
running_max,1885117419,qlstm,23,0.6229013939737342,0.6803229135111906
running_max,1885117419,qlstm,24,0.6227734822896309,0.6794225298799574
running_max,1885117419,qlstm,25,0.6209159066784196,0.6803495126659982
running_max,1885117419,qlstm,26,0.6207459092256613,0.679599974071607
running_max,1885117419,qlstm,27,0.6221072670887224,0.6798502691672184
running_max,1885117419,qlstm,28,0.6217612889013253,0.6801941090961918
running_max,1885117419,qlstm,29,0.6208255221717991,0.6813106627087109
running_max,1885117419,qlstm,30,0.6229228456504643,0.679427474795375
running_max,1885117419,qlstm,31,0.6237244345829822,0.6786480379523709
running_max,1885117419,qslstm,0,7.294149574267067,0.7153381954412907
running_max,1885117419,qslstm,1,27.348282830844255,0.7109156926162541
running_max,1885117419,qslstm,2,37.253056714542936,0.7149651162326336
running_max,1885117419,qslstm,3,56.04737293375376,0.7124229655601084
running_max,1885117419,qslstm,4,138.41429315322534,0.7100695843109861
running_max,1885117419,qslstm,5,26.56021361098908,0.7131475665373728
running_max,1885117419,qslstm,6,27.33903347564717,0.7124275612877682
running_max,1885117419,qslstm,7,26.881316049465568,0.7116767062107101
running_max,1885117419,qslstm,8,28.94136438885039,0.7112556718057021
running_max,1885117419,qslstm,9,21.2512084262969,0.7106103376718238
running_max,1885117419,qslstm,10,44.033386178910746,0.7093788997735828
running_max,1885117419,qslstm,11,44.81724076882597,0.7096467176452279
running_max,1885117419,qslstm,12,35.31503486526924,0.7091437440831214
running_max,1885117419,qslstm,13,30.894483806948074,0.7117818592814729
running_max,1885117419,qslstm,14,35.712710207398345,0.7102462311740965
running_max,1885117419,qslstm,15,29.318336475531623,0.7109125650022179
running_max,1885117419,qslstm,16,46.03770375480178,0.7082815152825788
running_max,1885117419,qslstm,17,30.361521860595076,0.710263368440792
running_max,1885117419,qslstm,18,43.54328069644919,0.7073682445334271
running_max,1885117419,qslstm,19,58.493711333509395,0.7095353659242392
running_max,1885117419,qslstm,20,35.46734259975119,0.709352454287
running_max,1885117419,qslstm,21,35.60483864924174,0.7101997832069173
running_max,1885117419,qslstm,22,41.99855919034371,0.7087319695856422
running_max,1885117419,qslstm,23,24.32080673054668,0.7097793850116432
running_max,1885117419,qslstm,24,41.73882129414176,0.7087192259496078
running_max,1885117419,qslstm,25,37.17189206761293,0.7094944851705804
running_max,1885117419,qslstm,26,38.56743574276743,0.7086183935170993
running_max,1885117419,qslstm,27,22.33478122853012,0.7092312328750268
running_max,1885117419,qslstm,28,51.363805436383586,0.7092353850603104
running_max,1885117419,qslstm,29,28.51057242725824,0.7106625497108325
running_max,1885117419,qslstm,30,49.71117049578697,0.7084580467781052
running_max,1885117419,qslstm,31,46.82221085634694,0.7072334619006142
running_max,1885117419,qslstm_log,0,0.579750067603877,0.6222773761002758
running_max,1885117419,qslstm_log,1,0.47143614856110394,0.6202395577531985
running_max,1885117419,qslstm_log,2,0.4446969252808821,0.6190825635490627
running_max,1885117419,qslstm_log,3,0.45680135819957424,0.6208104281066856
running_max,1885117419,qslstm_log,4,0.45830265376230894,0.6226507937749345
running_max,1885117419,qslstm_log,5,0.4414314764488943,0.6196677815998639
running_max,1885117419,qslstm_log,6,0.4423353421217718,0.6197864162701132
running_max,1885117419,qslstm_log,7,0.4521995507930493,0.6197060352831516
running_max,1885117419,qslstm_log,8,0.4486002454320386,0.619987408675619
running_max,1885117419,qslstm_log,9,0.45519057852767386,0.6200929982703901
running_max,1885117419,qslstm_log,10,0.4476252417293535,0.6216442618258462
running_max,1885117419,qslstm_log,11,0.453068031992722,0.6212209970299734
running_max,1885117419,qslstm_log,12,0.45445136415700255,0.6216164776212588
running_max,1885117419,qslstm_log,13,0.4410535770916915,0.6192609030882
running_max,1885117419,qslstm_log,14,0.45686410230101393,0.6202137407679241
running_max,1885117419,qslstm_log,15,0.4476859085902886,0.6195614182976731
running_max,1885117419,qslstm_log,16,0.45998935230305404,0.621762719920897
running_max,1885117419,qslstm_log,17,0.4449241281600314,0.6203069931770857
running_max,1885117419,qslstm_log,18,0.47165131867338017,0.6221942148005061
running_max,1885117419,qslstm_log,19,0.44751565210287864,0.6207175814710653
running_max,1885117419,qslstm_log,20,0.4493169912371606,0.621130741833815
running_max,1885117419,qslstm_log,21,0.4498368939792158,0.6200921474320799
running_max,1885117419,qslstm_log,22,0.45779007803201516,0.6213937378592073
running_max,1885117419,qslstm_log,23,0.4491926785590837,0.6206650884339895
running_max,1885117419,qslstm_log,24,0.45773962854259514,0.6217714740552172
running_max,1885117419,qslstm_log,25,0.4498131972170867,0.6210850875987663
running_max,1885117419,qslstm_log,26,0.45472619338611303,0.6215309187838922
running_max,1885117419,qslstm_log,27,0.46069890794468255,0.6207104959190299
running_max,1885117419,qslstm_log,28,0.4518973283317016,0.6207899769398062
running_max,1885117419,qslstm_log,29,0.4490727586992784,0.6195017957932191
running_max,1885117419,qslstm_log,30,0.4600453322096315,0.6211435331354811
running_max,1885117419,qslstm_log,31,0.4621695881483916,0.6221206584216882
running_max,1952804984,qlstm,0,0.6280912447837181,0.7065590003039688
running_max,1952804984,qlstm,1,0.6248672133660875,0.7035208195447922
running_max,1952804984,qlstm,2,0.6192373386584222,0.6991035463288426
running_max,1952804984,qlstm,3,0.6158715191413648,0.6975690978579223
running_max,1952804984,qlstm,4,0.6138182331924327,0.6946617232169956
running_max,1952804984,qlstm,5,0.6154776064795442,0.6923038910608739
running_max,1952804984,qlstm,6,0.6093154192203656,0.6937037616735324
running_max,1952804984,qlstm,7,0.6140426206984557,0.6912285010330379
running_max,1952804984,qlstm,8,0.6109561710618436,0.6938265570206568
running_max,1952804984,qlstm,9,0.6090706244576722,0.6938793127192184
running_max,1952804984,qlstm,10,0.6115267278510146,0.6919800720643252
running_max,1952804984,qlstm,11,0.610160052892752,0.6927229861030355
running_max,1952804984,qlstm,12,0.609622732270509,0.6935340958880261
running_max,1952804984,qlstm,13,0.609859790711198,0.6926164103206247
running_max,1952804984,qlstm,14,0.6137871124083176,0.6929092316422611
running_max,1952804984,qlstm,15,0.6115866618347354,0.6937647279119119
running_max,1952804984,qlstm,16,0.6108789319987409,0.6932707531377673
running_max,1952804984,qlstm,17,0.6097470680833794,0.6933330700267106
running_max,1952804984,qlstm,18,0.6110950048314407,0.6931857444578782
running_max,1952804984,qlstm,19,0.6138718610163778,0.6922915804898366
running_max,1952804984,qlstm,20,0.6150797811569646,0.6924119365867227
running_max,1952804984,qlstm,21,0.6134182811365463,0.6932998144766316
running_max,1952804984,qlstm,22,0.6117738267057575,0.6921505511272699
running_max,1952804984,qlstm,23,0.6138908627908677,0.6926920234691352
running_max,1952804984,qlstm,24,0.6108559074928053,0.6928742529125884
running_max,1952804984,qlstm,25,0.6129061861429363,0.6931368143996224
running_max,1952804984,qlstm,26,0.6114815282053314,0.693813111516647
running_max,1952804984,qlstm,27,0.6110834868741222,0.6927877459675074
running_max,1952804984,qlstm,28,0.6110220664995722,0.6938134881202132
running_max,1952804984,qlstm,29,0.6156267221085727,0.6915977413300425
running_max,1952804984,qlstm,30,0.614603167574387,0.6921867213677615
running_max,1952804984,qlstm,31,0.609028517792467,0.6944155786186457
running_max,1952804984,qslstm,0,3.893444234330218,0.714225877658464
running_max,1952804984,qslstm,1,11.117938821157168,0.7130175611237064
running_max,1952804984,qslstm,2,63.979616319138586,0.7148328429320827
running_max,1952804984,qslstm,3,22.499120698520642,0.7166475834092125
running_max,1952804984,qslstm,4,17.325571665830125,0.7158957590581849
running_max,1952804984,qslstm,5,32.23696280513116,0.7154057209845632
running_max,1952804984,qslstm,6,33.133791510418746,0.7148327507311478
running_max,1952804984,qslstm,7,34.49511297276251,0.7144783441908658
running_max,1952804984,qslstm,8,37.35937358981869,0.7155006553512067
running_max,1952804984,qslstm,9,16.556019547202368,0.7153387608705088
running_max,1952804984,qslstm,10,37.422760362073745,0.7143216376425698
running_max,1952804984,qslstm,11,26.420165249053298,0.7142158644273877
running_max,1952804984,qslstm,12,23.0763540090029,0.7146354635478929
running_max,1952804984,qslstm,13,32.37143993257121,0.713808563654311
running_max,1952804984,qslstm,14,43.41977547925194,0.7151755159720778
running_max,1952804984,qslstm,15,36.08832698148649,0.7152972512412816
running_max,1952804984,qslstm,16,35.52284663836747,0.7147062013391405
running_max,1952804984,qslstm,17,39.147785142072166,0.7141150556271896
running_max,1952804984,qslstm,18,53.24831817112056,0.7143574239453301
running_max,1952804984,qslstm,19,35.76993814719714,0.7144384244456887
running_max,1952804984,qslstm,20,27.560501774110264,0.7148403129540384
running_max,1952804984,qslstm,21,27.603200375985296,0.7150558938737959
running_max,1952804984,qslstm,22,40.140071718200375,0.713533801259473
running_max,1952804984,qslstm,23,42.919913860602264,0.7144697200274095
running_max,1952804984,qslstm,24,33.17131018419934,0.7134831609437242
running_max,1952804984,qslstm,25,45.63016186289087,0.7142940501216799
running_max,1952804984,qslstm,26,34.09761497632678,0.7145636704517528
running_max,1952804984,qslstm,27,30.843341149469893,0.713538809446618
running_max,1952804984,qslstm,28,27.648709650514547,0.7143480830127373
running_max,1952804984,qslstm,29,34.58386069471487,0.7141767861321568
running_max,1952804984,qslstm,30,30.08602489018017,0.7139106586109847
running_max,1952804984,qslstm,31,25.916341381052632,0.7141474627424031
running_max,1952804984,qslstm_log,0,0.7969648276906918,0.6548788732469156
running_max,1952804984,qslstm_log,1,0.8053591699366655,0.6561281012138338
running_max,1952804984,qslstm_log,2,0.799862071510865,0.6561585836863796
running_max,1952804984,qslstm_log,3,0.8173513708381928,0.6571800131948233
running_max,1952804984,qslstm_log,4,0.824301204561645,0.6560812775273446
running_max,1952804984,qslstm_log,5,0.8627867491336387,0.6555371933264006
running_max,1952804984,qslstm_log,6,0.7812743034520934,0.6547655348800703
running_max,1952804984,qslstm_log,7,0.8885920571253676,0.654709560604017
running_max,1952804984,qslstm_log,8,0.8286575023483929,0.6556176915692216
running_max,1952804984,qslstm_log,9,0.7840258654525463,0.6553318680356609
running_max,1952804984,qslstm_log,10,0.8532898217108652,0.6544466559631478
running_max,1952804984,qslstm_log,11,0.8185241299561201,0.6542798886610075
running_max,1952804984,qslstm_log,12,0.8086855282531344,0.6546850390823117
running_max,1952804984,qslstm_log,13,0.8243739498428078,0.6538577484271002
running_max,1952804984,qslstm_log,14,0.8600248668257319,0.6554812406150401
running_max,1952804984,qslstm_log,15,0.8365045710287218,0.655504089455871
running_max,1952804984,qslstm_log,16,0.8343490680406143,0.6548498627212607
running_max,1952804984,qslstm_log,17,0.8314141404076172,0.654192642458187
running_max,1952804984,qslstm_log,18,0.8709195416610136,0.6544643780806549
running_max,1952804984,qslstm_log,19,0.8745529628146177,0.6547384553080825
running_max,1952804984,qslstm_log,20,0.8666465985652887,0.6550601376827947
running_max,1952804984,qslstm_log,21,0.8281619609761381,0.6552297366743504
running_max,1952804984,qslstm_log,22,0.8607454041218541,0.6536688941149889
running_max,1952804984,qslstm_log,23,0.8782971765105307,0.6547545721522854
running_max,1952804984,qslstm_log,24,0.8342445300100128,0.653563565044353
running_max,1952804984,qslstm_log,25,0.8675215128786371,0.654620944677655
running_max,1952804984,qslstm_log,26,0.8396692038006821,0.6546774650082395
running_max,1952804984,qslstm_log,27,0.8293528666352975,0.653721981826868
running_max,1952804984,qslstm_log,28,0.8394447333811963,0.6545261406962428
running_max,1952804984,qslstm_log,29,0.8910840095433444,0.6543586016939608
running_max,1952804984,qslstm_log,30,0.8733300845194614,0.6543008637015996
running_max,1952804984,qslstm_log,31,0.7994647101938425,0.654237044967928
running_max,1992756749,qlstm,0,0.6023749614250846,0.6051583049120381
running_max,1992756749,qlstm,1,0.602609837136697,0.613621452008374
running_max,1992756749,qlstm,2,0.6044169939705171,0.6201242947718129
running_max,1992756749,qlstm,3,0.6044816970825195,0.6239229503553361
running_max,1992756749,qlstm,4,0.6022827447159216,0.6260203787824139
running_max,1992756749,qlstm,5,0.6038273735903203,0.627978848235216
running_max,1992756749,qlstm,6,0.5999763187719509,0.6274467197363265
running_max,1992756749,qlstm,7,0.5995709463604726,0.6268648565746844
running_max,1992756749,qlstm,8,0.5990098412730731,0.6269296309910715
running_max,1992756749,qlstm,9,0.598096554283984,0.627400629222393
running_max,1992756749,qlstm,10,0.6000946402782574,0.6278549830312841
running_max,1992756749,qlstm,11,0.5994451430160552,0.6273936471552588
running_max,1992756749,qlstm,12,0.5997551822219975,0.6280166538781486
running_max,1992756749,qlstm,13,0.599515400477685,0.6276139023830183
running_max,1992756749,qlstm,14,0.598996956483461,0.6280653139110655
running_max,1992756749,qlstm,15,0.5978000467875972,0.6270293656270951
running_max,1992756749,qlstm,16,0.5987068513641134,0.6274205055087805
running_max,1992756749,qlstm,17,0.5982130242045969,0.6277301721856929
running_max,1992756749,qlstm,18,0.5987530669081025,0.62801288603805
running_max,1992756749,qlstm,19,0.6002523146453314,0.6289410010213032
running_max,1992756749,qlstm,20,0.5996659253141843,0.6287450633826666
running_max,1992756749,qlstm,21,0.599914348917082,0.6287309871986508
running_max,1992756749,qlstm,22,0.5999500691541471,0.6284018596634269
running_max,1992756749,qlstm,23,0.6002668484579772,0.6284550710697658
running_max,1992756749,qlstm,24,0.5993022646289319,0.6282155467197299
running_max,1992756749,qlstm,25,0.6008931891410612,0.6293600487406366
running_max,1992756749,qlstm,26,0.5988388697733171,0.6284227350261062
running_max,1992756749,qlstm,27,0.5982421493390575,0.6277724261162803
running_max,1992756749,qlstm,28,0.5992427607416175,0.628440814325586
running_max,1992756749,qlstm,29,0.6005164085072465,0.6294910237775184
running_max,1992756749,qlstm,30,0.5998063714941964,0.6283815758069977
running_max,1992756749,qlstm,31,0.5977718137437478,0.6273224403266795
running_max,1992756749,qslstm,0,4.561756340226566,0.7159194846171886
running_max,1992756749,qslstm,1,17.672063528947092,0.7141415431397036
running_max,1992756749,qslstm,2,14.352534603577169,0.7175109458621591
running_max,1992756749,qslstm,3,40.569383775995675,0.7180437057977542
running_max,1992756749,qslstm,4,52.78095658926543,0.7178270450094715
running_max,1992756749,qslstm,5,19.986599606825337,0.7186210172949359
running_max,1992756749,qslstm,6,40.175602278184556,0.7174504767172039
running_max,1992756749,qslstm,7,29.283613011274042,0.7158036482287571
running_max,1992756749,qslstm,8,48.29052102586343,0.7161890235729516
running_max,1992756749,qslstm,9,32.19830769056978,0.7171196144772694
running_max,1992756749,qslstm,10,26.918063346543477,0.7160936694126576
running_max,1992756749,qslstm,11,47.55434669377985,0.7154861600138247
running_max,1992756749,qslstm,12,40.58772469960002,0.7161010531708598
running_max,1992756749,qslstm,13,30.686231539860444,0.715508812922053
running_max,1992756749,qslstm,14,23.993104550737485,0.7159904706059024
running_max,1992756749,qslstm,15,35.741634846024795,0.7150112921372056
running_max,1992756749,qslstm,16,45.31693834019802,0.7153616034192964
running_max,1992756749,qslstm,17,31.59259106498405,0.7161466728430241
running_max,1992756749,qslstm,18,33.071221758354284,0.716190226841718
running_max,1992756749,qslstm,19,32.4371519309621,0.7169197839684784
running_max,1992756749,qslstm,20,22.342838439745947,0.7165759121999145
running_max,1992756749,qslstm,21,24.384115581820765,0.71596263081301
running_max,1992756749,qslstm,22,20.37027393549829,0.7155328440712765
running_max,1992756749,qslstm,23,31.359982309625707,0.715467210393399
running_max,1992756749,qslstm,24,25.595602322378227,0.7157727783778682
running_max,1992756749,qslstm,25,19.982454167037417,0.7163768911268562
running_max,1992756749,qslstm,26,32.77830215285633,0.7162351324222982
running_max,1992756749,qslstm,27,37.10497737694942,0.7149002387886867
running_max,1992756749,qslstm,28,29.529383913185484,0.7162360679358244
running_max,1992756749,qslstm,29,31.566546663871236,0.7172039612196386
running_max,1992756749,qslstm,30,23.197209548082128,0.7156238269526511
running_max,1992756749,qslstm,31,37.36219460483835,0.7151142525253817
running_max,1992756749,qslstm_log,0,1.1275771521205016,0.6217442195558577
running_max,1992756749,qslstm_log,1,0.995000682460768,0.6222640530551111
running_max,1992756749,qslstm_log,2,0.9718201500909526,0.6216506564832021
running_max,1992756749,qslstm_log,3,0.9559427806253249,0.6214669544626559
running_max,1992756749,qslstm_log,4,0.9688995093940554,0.6218038873235987
running_max,1992756749,qslstm_log,5,0.9397892465371581,0.6202422281445206
running_max,1992756749,qslstm_log,6,0.981531876546882,0.6219154163329591
running_max,1992756749,qslstm_log,7,0.9696463313039709,0.6226634377961839
running_max,1992756749,qslstm_log,8,0.9860058727289358,0.6223139936062505
running_max,1992756749,qslstm_log,9,0.9971639790209773,0.6220014872877354
running_max,1992756749,qslstm_log,10,0.9533607284789822,0.6219218966602467
running_max,1992756749,qslstm_log,11,0.9706930834928593,0.62210627290191
running_max,1992756749,qslstm_log,12,0.9657410668354937,0.6215893911753269
running_max,1992756749,qslstm_log,13,0.9653418647714315,0.6217876877870518
running_max,1992756749,qslstm_log,14,0.9741516052944312,0.6217521596359585
running_max,1992756749,qslstm_log,15,0.9859259786929307,0.6227089320793963
running_max,1992756749,qslstm_log,16,0.9756252892560389,0.622097712133743
running_max,1992756749,qslstm_log,17,0.9885481014619265,0.6218973091850619
running_max,1992756749,qslstm_log,18,0.9738310749197272,0.621656018930881
running_max,1992756749,qslstm_log,19,0.9498095230144036,0.6204723361365196
running_max,1992756749,qslstm_log,20,0.9619165406871875,0.6211458314453289
running_max,1992756749,qslstm_log,21,0.9539348427481557,0.6212307915387352
running_max,1992756749,qslstm_log,22,0.9554905805091598,0.6213114703866734
running_max,1992756749,qslstm_log,23,0.9529196887638021,0.6212414510910288
running_max,1992756749,qslstm_log,24,0.9720256541529083,0.6215284053612617
running_max,1992756749,qslstm_log,25,0.9430745691768563,0.6206141386914947
running_max,1992756749,qslstm_log,26,0.9739621552362749,0.6212019700344082
running_max,1992756749,qslstm_log,27,0.9751385033430655,0.6224202473802889
running_max,1992756749,qslstm_log,28,0.9687154843016343,0.6212468555712117
running_max,1992756749,qslstm_log,29,0.9503441962190085,0.6202411161550606
running_max,1992756749,qslstm_log,30,0.9572263603655083,0.6215304296590354
running_max,1992756749,qslstm_log,31,0.9898778872477993,0.6224453109065635
running_max,2036585866,qlstm,0,0.5990360019495711,0.6329187544179149
running_max,2036585866,qlstm,1,0.5951959543162957,0.6255918993265368
running_max,2036585866,qlstm,2,0.5916908226790838,0.6204746156581677
running_max,2036585866,qlstm,3,0.5960021743085235,0.6318554888130166
running_max,2036585866,qlstm,4,0.5917055062600411,0.6266307730111293
running_max,2036585866,qlstm,5,0.5882826810120605,0.6218095073709264
running_max,2036585866,qlstm,6,0.5921710029360838,0.6273340394254774
running_max,2036585866,qlstm,7,0.5897789973532781,0.6226515850867145
running_max,2036585866,qlstm,8,0.5886616695206612,0.6240441034315154
running_max,2036585866,qlstm,9,0.5873899646103382,0.6240989954676479
running_max,2036585866,qlstm,10,0.5879937944118865,0.6235641782404855
running_max,2036585866,qlstm,11,0.5884732115664519,0.6252136412076652
running_max,2036585866,qlstm,12,0.5842302297824062,0.6199572414625436
running_max,2036585866,qlstm,13,0.5882350269821472,0.622990076080896
running_max,2036585866,qlstm,14,0.5844950196915306,0.6205011318670586
running_max,2036585866,qlstm,15,0.591448127233889,0.6314159267931245
running_max,2036585866,qlstm,16,0.5849116972531192,0.618532304186374
running_max,2036585866,qlstm,17,0.5891659234766848,0.627778570400551
running_max,2036585866,qlstm,18,0.5889410238596611,0.6240704944357276
running_max,2036585866,qlstm,19,0.5866120069404133,0.6221950779436156
running_max,2036585866,qlstm,20,0.5856986684957519,0.6211719107814133
running_max,2036585866,qlstm,21,0.5880006345105357,0.6268621541094035
running_max,2036585866,qlstm,22,0.5881423486280255,0.6246376722701825
running_max,2036585866,qlstm,23,0.5834270580671728,0.6136123280157335
running_max,2036585866,qlstm,24,0.5887809964478947,0.6260997231584042
running_max,2036585866,qlstm,25,0.5859425482922234,0.6214506716351025
running_max,2036585866,qlstm,26,0.5871335890260525,0.6244213320896961
running_max,2036585866,qlstm,27,0.5850712587125599,0.6225386326550506
running_max,2036585866,qlstm,28,0.5876510075177066,0.6264949610922486
running_max,2036585866,qlstm,29,0.5816855261800811,0.6126410198630765
running_max,2036585866,qlstm,30,0.5852820023428649,0.6221912982873619
running_max,2036585866,qlstm,31,0.5899961494724266,0.631466829450801
running_max,2036585866,qslstm,0,4.10883293013103,0.6037688319338486
running_max,2036585866,qslstm,1,12.819987608154406,0.602200127847027
running_max,2036585866,qslstm,2,31.319638044436488,0.6043557814555243
running_max,2036585866,qslstm,3,87.31817398534417,0.60641985014081
running_max,2036585866,qslstm,4,40.367194766993634,0.6070504393428564
running_max,2036585866,qslstm,5,31.030239775843427,0.6068673334084451
running_max,2036585866,qslstm,6,42.58330361402432,0.6060395151143894
running_max,2036585866,qslstm,7,34.60375678899527,0.6053099686396308
running_max,2036585866,qslstm,8,46.08164110933899,0.6061530069564469
running_max,2036585866,qslstm,9,27.272524471613906,0.6065620932495221
running_max,2036585866,qslstm,10,22.034725331335153,0.6058188513852656
running_max,2036585866,qslstm,11,37.96258751930691,0.6053752062143758
running_max,2036585866,qslstm,12,19.385869599554894,0.6063408306799829
running_max,2036585866,qslstm,13,30.73315421612051,0.6044042921275832
running_max,2036585866,qslstm,14,27.201221602769238,0.6056522019789554
running_max,2036585866,qslstm,15,48.500692748333904,0.6056513347430155
running_max,2036585866,qslstm,16,36.65496016826842,0.6045758706168272
running_max,2036585866,qslstm,17,43.892782825421136,0.6055514877662063
running_max,2036585866,qslstm,18,58.80299687641883,0.6043024372775108
running_max,2036585866,qslstm,19,26.5388616105829,0.6050346493138932
running_max,2036585866,qslstm,20,33.248162486145134,0.6048953026765957
running_max,2036585866,qslstm,21,52.77967778807164,0.6056307478575036
running_max,2036585866,qslstm,22,42.944474782175234,0.6048769786139019
running_max,2036585866,qslstm,23,22.1097402757498,0.6028969025355764
running_max,2036585866,qslstm,24,54.3606454161735,0.6044737253687344
running_max,2036585866,qslstm,25,33.528226559677705,0.6045812493539415
running_max,2036585866,qslstm,26,37.46564361665696,0.6047114455723204
running_max,2036585866,qslstm,27,21.636037404457056,0.6057816329412162
running_max,2036585866,qslstm,28,22.012616099227785,0.6057721072575077
running_max,2036585866,qslstm,29,21.06434250782172,0.6038295376347378
running_max,2036585866,qslstm,30,34.03112440649409,0.6054341614362784
running_max,2036585866,qslstm,31,21.846222430149624,0.605796156625729
running_max,2036585866,qslstm_log,0,0.5811136028448085,0.5429883453532279
running_max,2036585866,qslstm_log,1,0.4770118137811701,0.5428486336253656
running_max,2036585866,qslstm_log,2,0.4686249348150282,0.5414887550373543
running_max,2036585866,qslstm_log,3,0.4853317361362657,0.5483472041097471
running_max,2036585866,qslstm_log,4,0.46231098602202075,0.5453680946626411
running_max,2036585866,qslstm_log,5,0.4579567295343232,0.5425069592412471
running_max,2036585866,qslstm_log,6,0.47985157660450195,0.5465912940333184
running_max,2036585866,qslstm_log,7,0.47441079393459495,0.5442855848384123
running_max,2036585866,qslstm_log,8,0.4676273261056562,0.5439122757928178
running_max,2036585866,qslstm_log,9,0.45930689840679156,0.5430183880221235
running_max,2036585866,qslstm_log,10,0.4701422243547073,0.5433641612514915
running_max,2036585866,qslstm_log,11,0.4694198062859666,0.5443217279412376
running_max,2036585866,qslstm_log,12,0.45594847357409457,0.5399600871722272
running_max,2036585866,qslstm_log,13,0.47646629414017005,0.5435556561292363
running_max,2036585866,qslstm_log,14,0.45978455817806185,0.540508781843818
running_max,2036585866,qslstm_log,15,0.482078400873641,0.5474334012869111
running_max,2036585866,qslstm_log,16,0.4598468746384169,0.5402676018307989
running_max,2036585866,qslstm_log,17,0.4758769414194025,0.545051739457378
running_max,2036585866,qslstm_log,18,0.47351348917453057,0.5440578777131606
running_max,2036585866,qslstm_log,19,0.4690955873193774,0.5421046287694606
running_max,2036585866,qslstm_log,20,0.46457204857654033,0.5412249577293815
running_max,2036585866,qslstm_log,21,0.4698162190464959,0.5440328481885146
running_max,2036585866,qslstm_log,22,0.4728570046489695,0.5435833817703337
running_max,2036585866,qslstm_log,23,0.46466156210333653,0.5382456954891975
running_max,2036585866,qslstm_log,24,0.48080971120395144,0.54433770820114
running_max,2036585866,qslstm_log,25,0.4670608274312251,0.5415355508631767
running_max,2036585866,qslstm_log,26,0.46991846242823343,0.5430990726736951
running_max,2036585866,qslstm_log,27,0.46368925246393256,0.5409494296499728
running_max,2036585866,qslstm_log,28,0.4694063554796396,0.5434696184590562
running_max,2036585866,qslstm_log,29,0.45578275322375905,0.5367034956978883
running_max,2036585866,qslstm_log,30,0.4698972379742209,0.5410017920148613
running_max,2036585866,qslstm_log,31,0.4761680624732759,0.5465581831409281
running_max,266064982,qlstm,0,0.5613340465351939,0.6292723153019324
running_max,266064982,qlstm,1,0.5565445168176666,0.6268749359296635
running_max,266064982,qlstm,2,0.5552318491390906,0.6257814816199243
running_max,266064982,qlstm,3,0.5540692587965168,0.6233713352703489
running_max,266064982,qlstm,4,0.5535682742483914,0.6263042741920799
running_max,266064982,qlstm,5,0.5512416295241565,0.6185093053500168
running_max,266064982,qlstm,6,0.5527959564351477,0.6283657390158623
running_max,266064982,qlstm,7,0.5518403648165986,0.622368813608773
running_max,266064982,qlstm,8,0.5508494168752804,0.6218589881900698
running_max,266064982,qlstm,9,0.5521916472935118,0.6260511066066101
running_max,266064982,qlstm,10,0.552705908427015,0.6252359338104725
running_max,266064982,qlstm,11,0.5515264374553226,0.6243640433531255
running_max,266064982,qlstm,12,0.5533244942198507,0.6282996369991452
running_max,266064982,qlstm,13,0.5515270894975401,0.626409022603184
running_max,266064982,qlstm,14,0.5530541118932888,0.6246782563393936
running_max,266064982,qlstm,15,0.5518945325165987,0.6255512998905033
running_max,266064982,qlstm,16,0.5517828608863056,0.625056563760154
running_max,266064982,qlstm,17,0.5518129771808162,0.6243306656833738
running_max,266064982,qlstm,18,0.5511257200269029,0.6210500135784969
running_max,266064982,qlstm,19,0.5524520055041648,0.6261152434162796
running_max,266064982,qlstm,20,0.5516692281817086,0.6223145953845233
running_max,266064982,qlstm,21,0.5509090548148379,0.6225236733444035
running_max,266064982,qlstm,22,0.5510022136732005,0.6223512729629874
running_max,266064982,qlstm,23,0.5525519035290927,0.6255477906670421
running_max,266064982,qlstm,24,0.5514439693652093,0.6251097531057894
running_max,266064982,qlstm,25,0.5511832808260806,0.6236891953740269
running_max,266064982,qlstm,26,0.5524894808768295,0.6272357986308634
running_max,266064982,qlstm,27,0.5520110460929573,0.6255448798183352
running_max,266064982,qlstm,28,0.5507788523100317,0.6209040937246755
running_max,266064982,qlstm,29,0.5526741313515231,0.6272341911680996
running_max,266064982,qlstm,30,0.5506621726090088,0.62028467154596
running_max,266064982,qlstm,31,0.5505195248988457,0.6231974926777184
running_max,266064982,qslstm,0,4.693474316245556,0.6931166013237089
running_max,266064982,qslstm,1,17.900265645351283,0.692637529107742
running_max,266064982,qslstm,2,43.77753956260358,0.6945606918307021
running_max,266064982,qslstm,3,36.62458718301059,0.692899254267104
running_max,266064982,qslstm,4,29.730669705639116,0.6943090013228357
running_max,266064982,qslstm,5,21.923428933013042,0.6909534229198471
running_max,266064982,qslstm,6,25.681459545690473,0.6938307626405731
running_max,266064982,qslstm,7,24.949221197909537,0.6916879093041644
running_max,266064982,qslstm,8,42.87194795834796,0.6919768895022571
running_max,266064982,qslstm,9,24.059732907003195,0.6924136577872559
running_max,266064982,qslstm,10,53.144651841510836,0.6919656766112894
running_max,266064982,qslstm,11,40.66431393019627,0.6918508001836017
running_max,266064982,qslstm,12,42.63755132208189,0.6927051384700462
running_max,266064982,qslstm,13,39.76844984931307,0.6930398162221536
running_max,266064982,qslstm,14,43.20324748263795,0.6910995994694531
running_max,266064982,qslstm,15,42.488843669018934,0.6922398556489497
running_max,266064982,qslstm,16,36.96440475779548,0.6923092694487423
running_max,266064982,qslstm,17,26.558728816597295,0.6916243998566642
running_max,266064982,qslstm,18,27.039863752682777,0.6901907323626801
running_max,266064982,qslstm,19,36.83697718020693,0.6917849299497902
running_max,266064982,qslstm,20,36.659072905424466,0.6906679514795542
running_max,266064982,qslstm,21,24.966633473715433,0.6907206942560151
running_max,266064982,qslstm,22,26.136753854729932,0.6905455201631412
running_max,266064982,qslstm,23,40.40669435539206,0.6909426713827997
running_max,266064982,qslstm,24,53.67857743015952,0.6917433280032128
running_max,266064982,qslstm,25,28.561736206306023,0.6911022792337462
running_max,266064982,qslstm,26,31.642807032991982,0.6918489175150171
running_max,266064982,qslstm,27,24.564791501072023,0.6913222259609029
running_max,266064982,qslstm,28,30.723453439754962,0.6904469772707671
running_max,266064982,qslstm,29,31.15741672573779,0.6919752871617675
running_max,266064982,qslstm,30,36.02708365866238,0.6897951829014346
running_max,266064982,qslstm,31,15.521908269771416,0.6911802439717576
running_max,435874469,qlstm,0,0.6268527668435127,0.6467684095259756
running_max,435874469,qlstm,1,0.6201733318157494,0.6366626388626173
running_max,435874469,qlstm,2,0.6209192504175007,0.6363470837241039
running_max,435874469,qlstm,3,0.618639842432458,0.6345803661388345
running_max,435874469,qlstm,4,0.61624385608593,0.6320936884148978
running_max,435874469,qlstm,5,0.6185125999036245,0.6353345117531717
running_max,435874469,qlstm,6,0.6114836755441502,0.6277544677141123
running_max,435874469,qlstm,7,0.6170414193766192,0.6347074811346829
running_max,435874469,qlstm,8,0.6136748425196856,0.6318840168532915
running_max,435874469,qlstm,9,0.614130420028232,0.6322059794911183
running_max,435874469,qlstm,10,0.6088253442430869,0.6259442631853744
running_max,435874469,qlstm,11,0.6145231952541508,0.6327658883528784
running_max,435874469,qlstm,12,0.6195735695655458,0.6375144963385537
running_max,435874469,qlstm,13,0.6175792941940017,0.634943048004061
running_max,435874469,qlstm,14,0.6120273413835093,0.628811686008703
running_max,435874469,qlstm,15,0.6156906564719975,0.6321383039467037
running_max,435874469,qlstm,16,0.6090674304286949,0.6254133050679229
running_max,435874469,qlstm,17,0.609129513206426,0.6268915883847512
running_max,435874469,qlstm,18,0.6122564936522394,0.6300255283131264
running_max,435874469,qlstm,19,0.6190336577128619,0.6381999737932347
running_max,435874469,qlstm,20,0.6150503410026431,0.6330080673797056
running_max,435874469,qlstm,21,0.6091893691336736,0.6268734392360784
running_max,435874469,qlstm,22,0.6134968601982109,0.6322485134005547
running_max,435874469,qlstm,23,0.615953974891454,0.634716599714011
running_max,435874469,qlstm,24,0.6172867081477307,0.6349546729470603
running_max,435874469,qlstm,25,0.6148394501069561,0.6317383141140454
running_max,435874469,qlstm,26,0.618114527373109,0.6352085109683685
running_max,435874469,qlstm,27,0.6120932482299395,0.6295518727856688
running_max,435874469,qlstm,28,0.6155131935374811,0.6327575820614584
running_max,435874469,qlstm,29,0.6129596884711646,0.6309378715232015
running_max,435874469,qlstm,30,0.6149617735645734,0.6322728644590825
running_max,435874469,qlstm,31,0.6106286921421997,0.6276507346192375
running_max,435874469,qslstm,0,4.263769226363593,0.7158567355945706
running_max,435874469,qslstm,1,33.77586862423664,0.7134559195255861
running_max,435874469,qslstm,2,36.674048243058934,0.7144022335996851
running_max,435874469,qslstm,3,18.448360612626544,0.7152220729039982
running_max,435874469,qslstm,4,30.44228057096275,0.7147350973682478
running_max,435874469,qslstm,5,41.434433670617395,0.715551448171027
running_max,435874469,qslstm,6,18.90952577057817,0.7147430732147768
running_max,435874469,qslstm,7,55.41364985504781,0.7150839037494734
running_max,435874469,qslstm,8,39.09685098341703,0.7153322561644018
running_max,435874469,qslstm,9,20.452022148570535,0.7151632033055648
running_max,435874469,qslstm,10,37.639160319384345,0.7138375476934016
running_max,435874469,qslstm,11,44.29494354890919,0.7149521007668227
running_max,435874469,qslstm,12,39.75075459952268,0.7146105238934979
running_max,435874469,qslstm,13,20.916168309644373,0.7140161917777732
running_max,435874469,qslstm,14,31.11761968287529,0.7135281522059813
running_max,435874469,qslstm,15,33.7824593035257,0.7127472133142874
running_max,435874469,qslstm,16,31.317861549416563,0.7120052840327844
running_max,435874469,qslstm,17,24.646236686735197,0.7127211708575487
running_max,435874469,qslstm,18,36.32555546995985,0.7124852596316487
running_max,435874469,qslstm,19,41.74531435688101,0.7147414649371058
running_max,435874469,qslstm,20,24.09582240827872,0.7140613280935213
running_max,435874469,qslstm,21,26.87608003527042,0.7136336650000885
running_max,435874469,qslstm,22,31.967940864839512,0.7143471840536222
running_max,435874469,qslstm,23,37.86957931254008,0.7144677572650835
running_max,435874469,qslstm,24,29.350864277808867,0.7137555903755128
running_max,435874469,qslstm,25,33.04323266996936,0.7127347337082028
running_max,435874469,qslstm,26,45.909502819422045,0.7131783209042624
running_max,435874469,qslstm,27,23.76825736052023,0.7137178373523057
running_max,435874469,qslstm,28,25.142019810757166,0.7129299397347495
running_max,435874469,qslstm,29,30.833010583832106,0.7136011841939762
running_max,435874469,qslstm,30,36.325752116383825,0.7130105386022478
running_max,435874469,qslstm,31,26.395187201296963,0.7124811831163242
running_max,435874469,qslstm_log,0,0.643488257320803,0.5767678109356826
running_max,435874469,qslstm_log,1,0.5032210253159071,0.5750899603325408
running_max,435874469,qslstm_log,2,0.5187438537345481,0.5786156102644587
running_max,435874469,qslstm_log,3,0.5098875359156133,0.5775312844454206
running_max,435874469,qslstm_log,4,0.5074165182082402,0.5773370087058988
running_max,435874469,qslstm_log,5,0.5194694768837597,0.5786691093198779
running_max,435874469,qslstm_log,6,0.4894084052627674,0.5745242523190639
running_max,435874469,qslstm_log,7,0.5173018348943822,0.5780801120709027
running_max,435874469,qslstm_log,8,0.49373703425457516,0.5756997480529481
running_max,435874469,qslstm_log,9,0.5008212499212381,0.5762770495437359
running_max,435874469,qslstm_log,10,0.4869214215663462,0.5736657833953314
running_max,435874469,qslstm_log,11,0.5167340149863365,0.5767200062140112
running_max,435874469,qslstm_log,12,0.5279487860518752,0.580161701787125
running_max,435874469,qslstm_log,13,0.5115733767052905,0.5790762239951597
running_max,435874469,qslstm_log,14,0.49622447032440775,0.5756264422336321
running_max,435874469,qslstm_log,15,0.5249858656671934,0.5784686855661045
running_max,435874469,qslstm_log,16,0.4930110837013566,0.5742041156932016
running_max,435874469,qslstm_log,17,0.49736101385480386,0.5735706555996725
running_max,435874469,qslstm_log,18,0.5142079302459466,0.5759565980249796
running_max,435874469,qslstm_log,19,0.5249705116629557,0.5791149983491747
running_max,435874469,qslstm_log,20,0.5003963173041208,0.576908346569983
running_max,435874469,qslstm_log,21,0.48555922411190217,0.5732643045035064
running_max,435874469,qslstm_log,22,0.5038842170456628,0.5757269484993661
running_max,435874469,qslstm_log,23,0.5089077608058158,0.5773373298232003
running_max,435874469,qslstm_log,24,0.5167502451531854,0.5788429522955273
running_max,435874469,qslstm_log,25,0.5049248602573946,0.5777539823214098
running_max,435874469,qslstm_log,26,0.5262209691044815,0.5797107252214646
running_max,435874469,qslstm_log,27,0.49478502861489376,0.5750285289424614
running_max,435874469,qslstm_log,28,0.5142239623916285,0.578070343222748
running_max,435874469,qslstm_log,29,0.4993358935718927,0.5756444816597788
running_max,435874469,qslstm_log,30,0.5169642561850527,0.5773962228890597
running_max,435874469,qslstm_log,31,0.4958050775374734,0.5748227062542174
running_max,484324222,qlstm,0,0.5933216646662913,0.6955843471223488
running_max,484324222,qlstm,1,0.5891110889497213,0.691253126366064
running_max,484324222,qlstm,2,0.5873248460702598,0.6904229221399873
running_max,484324222,qlstm,3,0.5855836606351659,0.6870806798106059
running_max,484324222,qlstm,4,0.585328750719782,0.692242752877064
running_max,484324222,qlstm,5,0.5854190701502375,0.6942074995022267
running_max,484324222,qlstm,6,0.5839098179130815,0.6906709694303572
running_max,484324222,qlstm,7,0.5834108051494695,0.6900902286870405
running_max,484324222,qlstm,8,0.5834668349707499,0.6900313859805465
running_max,484324222,qlstm,9,0.5840496795717627,0.6923938181716949
running_max,484324222,qlstm,10,0.5828668189933524,0.690151049871929
running_max,484324222,qlstm,11,0.5831661744159646,0.6902882317081094
running_max,484324222,qlstm,12,0.5840499628102407,0.6914659017929807
running_max,484324222,qlstm,13,0.5836754097254016,0.6913258089916781
running_max,484324222,qlstm,14,0.5832768456893973,0.6898397071054205
running_max,484324222,qlstm,15,0.5830107585643418,0.6882545748958364
running_max,484324222,qlstm,16,0.5822240562993102,0.686884408001788
running_max,484324222,qlstm,17,0.582981837738771,0.6879135066410527
running_max,484324222,qlstm,18,0.582778412674088,0.6878643246600404
running_max,484324222,qlstm,19,0.5832186061306857,0.6890757555374876
running_max,484324222,qlstm,20,0.5833745774580166,0.6923103746958077
running_max,484324222,qlstm,21,0.5829694549320266,0.6884986604563892
running_max,484324222,qlstm,22,0.581913853471633,0.6866577500477433
running_max,484324222,qlstm,23,0.5831082307850011,0.6893699063220993
running_max,484324222,qlstm,24,0.5829180118162185,0.6889580591814592
running_max,484324222,qlstm,25,0.582615666964557,0.6894090276909992
running_max,484324222,qlstm,26,0.5836335100466385,0.6925983956316486
running_max,484324222,qlstm,27,0.5827415700769052,0.6908045089803636
running_max,484324222,qlstm,28,0.5829761729110032,0.6861959698144346
running_max,484324222,qlstm,29,0.5840380411827937,0.6929751351708546
running_max,484324222,qlstm,30,0.5830833140644245,0.6899395191576332
running_max,484324222,qlstm,31,0.5832500575343147,0.6888393244007602
running_max,484324222,qslstm,0,24.25782394086127,0.7175919143483043
running_max,484324222,qslstm,1,47.997087338551864,0.7171409813454375
running_max,484324222,qslstm,2,92.7713486227376,0.7195730942767113
running_max,484324222,qslstm,3,94.18289322873034,0.7179478331236169
running_max,484324222,qslstm,4,67.44102293954393,0.7205736507894471
running_max,484324222,qslstm,5,97.56813538946608,0.7211440386017784
running_max,484324222,qslstm,6,70.28702046440503,0.7207718442659825
running_max,484324222,qslstm,7,56.60467289743292,0.7206180504290387
running_max,484324222,qslstm,8,69.58610509446271,0.7200036714784801
running_max,484324222,qslstm,9,73.70324324249941,0.7203673903131858
running_max,484324222,qslstm,10,63.07234028545895,0.7202765427064151
running_max,484324222,qslstm,11,74.46278758417498,0.7199747477425262
running_max,484324222,qslstm,12,86.4631644752402,0.7195610458729789
running_max,484324222,qslstm,13,51.253707801175096,0.7197269247844815
running_max,484324222,qslstm,14,83.07379302405263,0.7195993936620653
running_max,484324222,qslstm,15,89.29718438759573,0.7188092966098338
running_max,484324222,qslstm,16,76.57094123795673,0.7185057905735448
running_max,484324222,qslstm,17,72.02143771912438,0.7180347035173327
running_max,484324222,qslstm,18,76.2273300567125,0.7182545250980183
running_max,484324222,qslstm,19,67.0757319955294,0.7186425313120708
running_max,484324222,qslstm,20,60.609283473542746,0.7198983058333397
running_max,484324222,qslstm,21,67.21406859113563,0.7185123706003651
running_max,484324222,qslstm,22,58.9343503926375,0.7184612274868414
running_max,484324222,qslstm,23,99.27324345975046,0.718805935815908
running_max,484324222,qslstm,24,117.57131652854389,0.7184440988348797
running_max,484324222,qslstm,25,65.23382980995757,0.7193814221536741
running_max,484324222,qslstm,26,67.67944058092382,0.7201881179353222
running_max,484324222,qslstm,27,113.1041220027218,0.7201351686380804
running_max,484324222,qslstm,28,80.43399897695963,0.7172322337282822
running_max,484324222,qslstm,29,90.8019718538161,0.7203868709038943
running_max,484324222,qslstm,30,66.44351840952766,0.7192934661870822
running_max,484324222,qslstm,31,84.39969628369528,0.7188156046904624
running_max,484324222,qslstm_log,0,0.2761483626212003,0.6952533295525551
running_max,484324222,qslstm_log,1,0.23615283661053665,0.6939977855791115
running_max,484324222,qslstm_log,2,0.23552239415660453,0.6951186417299606
running_max,484324222,qslstm_log,3,0.2325689665672946,0.6929387989009305
running_max,484324222,qslstm_log,4,0.24182232046638277,0.6985168092168129
running_max,484324222,qslstm_log,5,0.2571528178527418,0.7026884120775561
running_max,484324222,qslstm_log,6,0.2373076395926787,0.698403939971731
running_max,484324222,qslstm_log,7,0.22861016818313576,0.6960753722122253
running_max,484324222,qslstm_log,8,0.23366281522657822,0.6961789873525723
running_max,484324222,qslstm_log,9,0.2515462582326472,0.7000204110134514
running_max,484324222,qslstm_log,10,0.23464676717897598,0.6969144455934069
running_max,484324222,qslstm_log,11,0.2383284575396448,0.6968586702152859
running_max,484324222,qslstm_log,12,0.25736922481843555,0.7001230793255402
running_max,484324222,qslstm_log,13,0.26004712512548883,0.7006432135326358
running_max,484324222,qslstm_log,14,0.25079214628999347,0.69856717368515
running_max,484324222,qslstm_log,15,0.2439246829854666,0.6965240553087302
running_max,484324222,qslstm_log,16,0.23215642802512432,0.693288523308009
running_max,484324222,qslstm_log,17,0.24229334425532864,0.6948677705725088
running_max,484324222,qslstm_log,18,0.23912785682213678,0.6946150393900823
running_max,484324222,qslstm_log,19,0.24412553349119664,0.696058360549112
running_max,484324222,qslstm_log,20,0.2489672845092729,0.6991046486794767
running_max,484324222,qslstm_log,21,0.2455349528872784,0.6963066097429451
running_max,484324222,qslstm_log,22,0.22616928737585737,0.6922136869276113
running_max,484324222,qslstm_log,23,0.2384071515468419,0.6953795655759597
running_max,484324222,qslstm_log,24,0.24256981568221694,0.6955533318185994
running_max,484324222,qslstm_log,25,0.23340988570745516,0.6951748840765556
running_max,484324222,qslstm_log,26,0.24803271860382264,0.6991897940744393
running_max,484324222,qslstm_log,27,0.23590547531734654,0.6969847326366492
running_max,484324222,qslstm_log,28,0.2428719115687945,0.6940919348572012
running_max,484324222,qslstm_log,29,0.25694659209830273,0.7011588198837343
running_max,484324222,qslstm_log,30,0.24458776730240314,0.6975752670568802
running_max,484324222,qslstm_log,31,0.2457938322976156,0.6967811552861278
running_max,83453494,qlstm,0,0.5425685821683146,0.6167028750642203
running_max,83453494,qlstm,1,0.5450026036123745,0.6239508761791512
running_max,83453494,qlstm,2,0.5479626463493332,0.6200166445923969
running_max,83453494,qlstm,3,0.5450676470645703,0.6258311280980706
running_max,83453494,qlstm,4,0.5502468154300004,0.6187278561410494
running_max,83453494,qlstm,5,0.5522054206230678,0.61624657450011
running_max,83453494,qlstm,6,0.5457041306653991,0.6254443150828592
running_max,83453494,qlstm,7,0.5480321333161555,0.6206549585913308
running_max,83453494,qlstm,8,0.5492787479306571,0.618224217207171
running_max,83453494,qlstm,9,0.540694652008824,0.6301459365640767
running_max,83453494,qlstm,10,0.5462740250513889,0.6226095763267949
running_max,83453494,qlstm,11,0.5491151785827242,0.6191390936728567
running_max,83453494,qlstm,12,0.5493766763829626,0.6198052929248661
running_max,83453494,qlstm,13,0.5523444605641998,0.6158026448101737
running_max,83453494,qlstm,14,0.5417691300390288,0.6289042283897288
running_max,83453494,qlstm,15,0.5448639670503326,0.6231686488026753
running_max,83453494,qlstm,16,0.5457790503860451,0.6246117761475034
running_max,83453494,qlstm,17,0.5497505746898241,0.6185100670554675
running_max,83453494,qlstm,18,0.551870183844585,0.6162505781976506
running_max,83453494,qlstm,19,0.5477279017213732,0.6194574236287735
running_max,83453494,qlstm,20,0.5487136855372228,0.6201689685694873
running_max,83453494,qlstm,21,0.547611572954338,0.621451671118848
running_max,83453494,qlstm,22,0.5453334543271922,0.6241876554558985
running_max,83453494,qlstm,23,0.5522203879663721,0.6150153714115731
running_max,83453494,qlstm,24,0.55004681419814,0.617864637169987
running_max,83453494,qlstm,25,0.5458571161143482,0.6234429832547903
running_max,83453494,qlstm,26,0.5501321386545897,0.6190160208498128
running_max,83453494,qlstm,27,0.5433212942443788,0.6261177394771948
running_max,83453494,qlstm,28,0.5531823317869566,0.6142474861699156
running_max,83453494,qlstm,29,0.5483932120841928,0.6189063552301377
running_max,83453494,qlstm,30,0.5479469494894147,0.6221763496869244
running_max,83453494,qlstm,31,0.5477982774027623,0.6211997448699549
running_max,83453494,qslstm,0,23.621748885725538,0.6699095412623137
running_max,83453494,qslstm,1,33.922236108039215,0.6669378500664607
running_max,83453494,qslstm,2,58.76849403281949,0.6671530796447769
running_max,83453494,qslstm,3,36.64746676997129,0.6675589382648468
running_max,83453494,qslstm,4,56.627628197524245,0.667683194798883
running_max,83453494,qslstm,5,76.31735891367316,0.6674654558300972
running_max,83453494,qslstm,6,62.29629720720186,0.6667049686657265
running_max,83453494,qslstm,7,67.4835224414037,0.6659414338646457
running_max,83453494,qslstm,8,88.49909337022837,0.6658051019767299
running_max,83453494,qslstm,9,48.534195533289676,0.6647284178179689
running_max,83453494,qslstm,10,69.98363392282226,0.6653413294116035
running_max,83453494,qslstm,11,72.37498031070936,0.6660193192074075
running_max,83453494,qslstm,12,60.08291769115931,0.6664401465677656
running_max,83453494,qslstm,13,68.71500049361566,0.666401234222576
running_max,83453494,qslstm,14,44.312129448357155,0.6649397889850661
running_max,83453494,qslstm,15,64.6815673301171,0.6644253326812759
running_max,83453494,qslstm,16,48.423012794004535,0.6660802375408821
running_max,83453494,qslstm,17,53.438096989135374,0.6658727795002051
running_max,83453494,qslstm,18,79.70124889345243,0.6663658412871882
running_max,83453494,qslstm,19,101.82549770377955,0.664306832884904
running_max,83453494,qslstm,20,79.55673822400058,0.6654555174754933
running_max,83453494,qslstm,21,56.743237373026204,0.6654570836108178
running_max,83453494,qslstm,22,64.81099478884971,0.6651210290729068
running_max,83453494,qslstm,23,91.01169141190621,0.665432104608044
running_max,83453494,qslstm,24,81.91950479515071,0.6654387362650596
running_max,83453494,qslstm,25,88.97041224190616,0.6650845020776615
running_max,83453494,qslstm,26,69.88132565349952,0.665745846228674
running_max,83453494,qslstm,27,45.69880589245804,0.6642786039737985
running_max,83453494,qslstm,28,103.66206773337399,0.665625580935739
running_max,83453494,qslstm,29,82.96759260702675,0.664389478857629
running_max,83453494,qslstm,30,59.7400752051708,0.6657918366836384
running_max,83453494,qslstm,31,67.02123344002212,0.6650151929352432
running_max,83453494,qslstm_log,0,1.1342515771506012,0.5299798298532793
running_max,83453494,qslstm_log,1,0.9874936780855784,0.5315840445213158
running_max,83453494,qslstm_log,2,1.0093473897067287,0.5325401218257155
running_max,83453494,qslstm_log,3,1.0068978353729416,0.5323330628512826
running_max,83453494,qslstm_log,4,0.9776104537636909,0.5312643277619986
running_max,83453494,qslstm_log,5,0.9751109639312538,0.530174999928403
running_max,83453494,qslstm_log,6,1.0065065047892083,0.5316916299564863
running_max,83453494,qslstm_log,7,1.0100807647791403,0.5326350963150067
running_max,83453494,qslstm_log,8,0.9958424905448939,0.5325408107131666
running_max,83453494,qslstm_log,9,1.0636585323593093,0.5348951469496415
running_max,83453494,qslstm_log,10,1.0139809320724797,0.5330904557776113
running_max,83453494,qslstm_log,11,0.9941291383550035,0.5317839783964273
running_max,83453494,qslstm_log,12,0.9981004590210876,0.531045775417808
running_max,83453494,qslstm_log,13,0.9733357480976439,0.530322462020046
running_max,83453494,qslstm_log,14,1.05367853679734,0.5338756152014096
running_max,83453494,qslstm_log,15,1.0393109451457085,0.5346243355572001
running_max,83453494,qslstm_log,16,1.0128737137642714,0.5318556051565444
running_max,83453494,qslstm_log,17,0.9901690856349509,0.5316225262789082
running_max,83453494,qslstm_log,18,0.9700973166857936,0.5301671826511449
running_max,83453494,qslstm_log,19,1.0391053724398451,0.5337893606732367
running_max,83453494,qslstm_log,20,0.9972753798507001,0.53157474460014
running_max,83453494,qslstm_log,21,1.005941704783271,0.5318597827929832
running_max,83453494,qslstm_log,22,1.0237451168592528,0.5328742587947055
running_max,83453494,qslstm_log,23,0.9789475177217506,0.5309852909291786
running_max,83453494,qslstm_log,24,1.0292618464263361,0.5312369425338418
running_max,83453494,qslstm_log,25,1.0178869827090564,0.5326632762867335
running_max,83453494,qslstm_log,26,0.9631429389637622,0.5308032660049523
running_max,83453494,qslstm_log,27,1.0534190167667479,0.5340738978871942
running_max,83453494,qslstm_log,28,0.9759367531386843,0.5302004607308356
running_max,83453494,qslstm_log,29,1.024581974937315,0.5328816066917472
running_max,83453494,qslstm_log,30,0.9850065864980454,0.5308961524932929
running_max,83453494,qslstm_log,31,1.0061165818904607,0.5321485468294509
running_max,867702092,qlstm,0,0.582017904962413,0.6175875315675512
running_max,867702092,qlstm,1,0.5822367749642581,0.613593912916258
running_max,867702092,qlstm,2,0.5810608419124037,0.6171810804517008
running_max,867702092,qlstm,3,0.5772937213187106,0.6076678798999637
running_max,867702092,qlstm,4,0.5778900075820275,0.6137754830415361
running_max,867702092,qlstm,5,0.5730555495829321,0.607558777963277
running_max,867702092,qlstm,6,0.5748499920009635,0.6069566056248732
running_max,867702092,qlstm,7,0.5735988798551261,0.6069704314577393
running_max,867702092,qlstm,8,0.5735390469781123,0.6081158476299606
running_max,867702092,qlstm,9,0.5720517448498867,0.6062918346724473
running_max,867702092,qlstm,10,0.5749603068106808,0.6119259318802506
running_max,867702092,qlstm,11,0.5722579440334812,0.6114601095323451
running_max,867702092,qlstm,12,0.5736770333023742,0.6162142406101339
running_max,867702092,qlstm,13,0.5701038690167479,0.6070754847023636
running_max,867702092,qlstm,14,0.5716190033708699,0.6030899845063686
running_max,867702092,qlstm,15,0.572018253733404,0.6121950672823004
running_max,867702092,qlstm,16,0.5699135489412583,0.6023292458266951
running_max,867702092,qlstm,17,0.5693025914952159,0.6022373509476893
running_max,867702092,qlstm,18,0.5733584187109955,0.6079576365882531
running_max,867702092,qlstm,19,0.5733206177246757,0.6120282743941061
running_max,867702092,qlstm,20,0.5737720465986058,0.6100436543929391
running_max,867702092,qlstm,21,0.5720835310057737,0.6132049318403006
running_max,867702092,qlstm,22,0.5731275213183835,0.6114594636601396
running_max,867702092,qlstm,23,0.5710581242456101,0.6103684375411831
running_max,867702092,qlstm,24,0.5740696780267172,0.6131501747877337
running_max,867702092,qlstm,25,0.5701614820281975,0.6020428300835192
running_max,867702092,qlstm,26,0.570708777057007,0.6103882302413695
running_max,867702092,qlstm,27,0.5702442464535125,0.6095130077446811
running_max,867702092,qlstm,28,0.5731282525812276,0.6162966735428199
running_max,867702092,qlstm,29,0.572607439244166,0.6120568001060747
running_max,867702092,qlstm,30,0.5736870673717931,0.6155537344748154
running_max,867702092,qlstm,31,0.5743801700882614,0.6146375027601607
running_max,867702092,qslstm,0,4.427597266709199,0.5869230949901976
running_max,867702092,qslstm,1,18.408326965811284,0.5833294346812181
running_max,867702092,qslstm,2,35.843394627700036,0.5903700815397315
running_max,867702092,qslstm,3,30.969854548764033,0.5894018872641027
running_max,867702092,qslstm,4,30.60870201288526,0.5919692987808958
running_max,867702092,qslstm,5,38.33905776628558,0.5944533215952106
running_max,867702092,qslstm,6,44.555093429608746,0.5892860535532236
running_max,867702092,qslstm,7,25.643637733815922,0.5898539342451841
running_max,867702092,qslstm,8,33.11702220993834,0.5899921203381382
running_max,867702092,qslstm,9,28.691817485090326,0.5904745187144727
running_max,867702092,qslstm,10,26.111564918341628,0.5894835747312754
running_max,867702092,qslstm,11,23.945760643101607,0.594186311471276
running_max,867702092,qslstm,12,31.307847039386957,0.5953291839105077
running_max,867702092,qslstm,13,25.207553418095472,0.5940243289805949
running_max,867702092,qslstm,14,25.92299819402433,0.5873126215301454
running_max,867702092,qslstm,15,35.5976881944739,0.5934964684420265
running_max,867702092,qslstm,16,35.412916947392546,0.5893973724450916
running_max,867702092,qslstm,17,27.78946646423492,0.5898893747362308
running_max,867702092,qslstm,18,25.032385699965403,0.5873366972082295
running_max,867702092,qslstm,19,33.395734998384,0.5907714968197979
running_max,867702092,qslstm,20,31.523973623015195,0.5883770909858868
running_max,867702092,qslstm,21,40.130607988375175,0.5940659967018291
running_max,867702092,qslstm,22,29.283581458031165,0.5910130825941451
running_max,867702092,qslstm,23,37.24046967932236,0.593820647278335
running_max,867702092,qslstm,24,32.7576693576172,0.5914522472885437
running_max,867702092,qslstm,25,30.07711244188158,0.5884073931374587
running_max,867702092,qslstm,26,38.7774937096799,0.5942114578210749
running_max,867702092,qslstm,27,19.890421056637535,0.5942880178918131
running_max,867702092,qslstm,28,38.67784338950625,0.5950928475358523
running_max,867702092,qslstm,29,38.36496341127133,0.5925841741845943
running_max,867702092,qslstm,30,38.255928138938884,0.5938561108778231
running_max,867702092,qslstm,31,34.26383746970896,0.5917557493667118
running_max,867702092,qslstm_log,0,0.5202013722977364,0.5269552067636306
running_max,867702092,qslstm_log,1,0.4365061484607045,0.5299183026591057
running_max,867702092,qslstm_log,2,0.42808554771525265,0.5329915461181975
running_max,867702092,qslstm_log,3,0.41620122901903944,0.529202502207218
running_max,867702092,qslstm_log,4,0.42419154635098905,0.5328552845548564
running_max,867702092,qslstm_log,5,0.40542801088414926,0.5279496228417273
running_max,867702092,qslstm_log,6,0.4201110268486282,0.5301450967563408
running_max,867702092,qslstm_log,7,0.41556931628381966,0.5295419042409582
running_max,867702092,qslstm_log,8,0.4212219968193322,0.529981957359482
running_max,867702092,qslstm_log,9,0.4164405622371325,0.5284835964674319
running_max,867702092,qslstm_log,10,0.425791868168574,0.5325211799036057
running_max,867702092,qslstm_log,11,0.4146996267773185,0.5300037771424613
running_max,867702092,qslstm_log,12,0.4146495655957053,0.5325543682946436
running_max,867702092,qslstm_log,13,0.39943640247941514,0.527157602441959
running_max,867702092,qslstm_log,14,0.4134770833813154,0.5275160449438041
running_max,867702092,qslstm_log,15,0.4166356135796911,0.5302482368546274
running_max,867702092,qslstm_log,16,0.4095883169853952,0.5258935649786816
running_max,867702092,qslstm_log,17,0.4121602909417794,0.5253856099711574
running_max,867702092,qslstm_log,18,0.4318445898801638,0.5304667922752959
running_max,867702092,qslstm_log,19,0.4268837535441781,0.5314306367604128
running_max,867702092,qslstm_log,20,0.4249255543921951,0.5312658405000598
running_max,867702092,qslstm_log,21,0.4159425701091166,0.5305161756442093
running_max,867702092,qslstm_log,22,0.41641196197564617,0.5310747177696313
running_max,867702092,qslstm_log,23,0.4115905678993565,0.5290070754022845
running_max,867702092,qslstm_log,24,0.42205937203822685,0.53212393856681
running_max,867702092,qslstm_log,25,0.40947665474357403,0.5261593823799007
running_max,867702092,qslstm_log,26,0.4148467427338981,0.5287328717916706
running_max,867702092,qslstm_log,27,0.4067541851735813,0.5281122439963475
running_max,867702092,qslstm_log,28,0.41483756242728137,0.5322362330482656
running_max,867702092,qslstm_log,29,0.41430359457125576,0.5307432733311042
running_max,867702092,qslstm_log,30,0.4188086198498504,0.53249186076076
running_max,867702092,qslstm_log,31,0.41574137827824037,0.5328546159810654
running_max,88159254,qlstm,0,0.47465797839686275,0.5835342642967589
running_max,88159254,qlstm,1,0.47950314241461456,0.5877765834447928
running_max,88159254,qlstm,2,0.4857873141299933,0.5786692643305287
running_max,88159254,qlstm,3,0.48466507584089413,0.5812325475853868
running_max,88159254,qlstm,4,0.4864413939649239,0.5767177946399897
running_max,88159254,qlstm,5,0.4852587274508551,0.5837614149204455
running_max,88159254,qlstm,6,0.48477339796954766,0.584788987704087
running_max,88159254,qlstm,7,0.4847091115661897,0.5928200706257485
running_max,88159254,qlstm,8,0.48730463767424226,0.5865565642016008
running_max,88159254,qlstm,9,0.484126707946416,0.5971895037801005
running_max,88159254,qlstm,10,0.48926083400147036,0.5841976830852218
running_max,88159254,qlstm,11,0.48645046615274623,0.5846285846200772
running_max,88159254,qlstm,12,0.48589865275425836,0.5912344989483245
running_max,88159254,qlstm,13,0.48496447544312105,0.5946388890733942
running_max,88159254,qlstm,14,0.4880991043173708,0.5822367352084257
running_max,88159254,qlstm,15,0.488247835310176,0.5816573826596141
running_max,88159254,qlstm,16,0.4865313518093899,0.5896835128078237
running_max,88159254,qlstm,17,0.4863128690631129,0.5870537486043759
running_max,88159254,qlstm,18,0.48515580111416057,0.5925709244329482
running_max,88159254,qlstm,19,0.4860113535542041,0.5942601232090965
running_max,88159254,qlstm,20,0.4882153223734349,0.5844502191757783
running_max,88159254,qlstm,21,0.48730144870933145,0.5832613167003728
running_max,88159254,qlstm,22,0.48589893529424444,0.5876311457250267
running_max,88159254,qlstm,23,0.48786130954977125,0.5813547362922691
running_max,88159254,qlstm,24,0.48578776023350656,0.5870913613471203
running_max,88159254,qlstm,25,0.48663125903112814,0.5931715136393905
running_max,88159254,qlstm,26,0.4878737088292837,0.5833526933565736
running_max,88159254,qlstm,27,0.48742522683460265,0.5752293636905961
running_max,88159254,qlstm,28,0.48750473523978144,0.5790871623321436
running_max,88159254,qlstm,29,0.4871686663245782,0.5823299029725604
running_max,88159254,qlstm,30,0.4829794126562774,0.597833702864591
running_max,88159254,qlstm,31,0.48724011034937575,0.5862566112773493
running_max,88159254,qslstm,0,4.303120521161418,0.696934767300263
running_max,88159254,qslstm,1,10.11469980434822,0.6942903288872913
running_max,88159254,qslstm,2,30.79999673075406,0.700016254442744
running_max,88159254,qslstm,3,19.473122279087647,0.7008297578431666
running_max,88159254,qslstm,4,19.6394462575156,0.7012046369491145
running_max,88159254,qslstm,5,22.66941328771975,0.7047156100161374
running_max,88159254,qslstm,6,27.768981674161864,0.7032881858758628
running_max,88159254,qslstm,7,29.872171818218305,0.7068706427235156
running_max,88159254,qslstm,8,19.26776074087809,0.7064005360007286
running_max,88159254,qslstm,9,28.32837626180651,0.7075544052058831
running_max,88159254,qslstm,10,29.634395001885252,0.7077621995704249
running_max,88159254,qslstm,11,43.07339631078577,0.7040526781929657
running_max,88159254,qslstm,12,27.99555835195474,0.7076481530675665
running_max,88159254,qslstm,13,61.55623887203501,0.7071432971861213
running_max,88159254,qslstm,14,21.529096004627718,0.7041004248894751
running_max,88159254,qslstm,15,30.453368512310817,0.7063424645457417
running_max,88159254,qslstm,16,18.269535741891843,0.708972538006492
running_max,88159254,qslstm,17,46.84270628421723,0.7049425488803536
running_max,88159254,qslstm,18,34.570852934289405,0.7058810362359509
running_max,88159254,qslstm,19,28.118242344403058,0.707515717484057
running_max,88159254,qslstm,20,33.02413699084397,0.7057027771370485
running_max,88159254,qslstm,21,28.656803647651344,0.7046040074201301
running_max,88159254,qslstm,22,30.371230081834597,0.7054863400990143
running_max,88159254,qslstm,23,23.35258679485878,0.7053236667998135
running_max,88159254,qslstm,24,53.69752812135225,0.7055608873488382
running_max,88159254,qslstm,25,23.90743837520361,0.7106349187670276
running_max,88159254,qslstm,26,29.92005738187767,0.7061840342357755
running_max,88159254,qslstm,27,23.10324811022737,0.7006020580884069
running_max,88159254,qslstm,28,25.267200514865124,0.7050543124787509
running_max,88159254,qslstm,29,38.93237783540995,0.7068674771580845
running_max,88159254,qslstm,30,38.71144752927171,0.7072417852468789
running_max,88159254,qslstm,31,22.56873347024596,0.7046744140097871
running_max,88159254,qslstm_log,0,0.7020774855517546,0.645159213812339
running_max,88159254,qslstm_log,1,0.5857086204440158,0.6261777308698726
running_max,88159254,qslstm_log,2,0.5398509851813746,0.6276363468864246
running_max,88159254,qslstm_log,3,0.5533530375380256,0.6282685750169849
running_max,88159254,qslstm_log,4,0.536170661239078,0.6283432386950798
running_max,88159254,qslstm_log,5,0.5467132790821718,0.631293157174103
running_max,88159254,qslstm_log,6,0.5550596748497718,0.6301987074642676
running_max,88159254,qslstm_log,7,0.5562186641082003,0.632604292833381
running_max,88159254,qslstm_log,8,0.5411693290045632,0.6318612141471125
running_max,88159254,qslstm_log,9,0.5633481320291946,0.6328734004930878
running_max,88159254,qslstm_log,10,0.5250759759944068,0.6322403863227984
running_max,88159254,qslstm_log,11,0.5518428877048069,0.6304043458521518
running_max,88159254,qslstm_log,12,0.5546046015452073,0.6330262072317511
running_max,88159254,qslstm_log,13,0.5645899645187142,0.6323048116798441
running_max,88159254,qslstm_log,14,0.5359232400526117,0.6294906562957591
running_max,88159254,qslstm_log,15,0.53179854513916,0.6318180222965954
running_max,88159254,qslstm_log,16,0.5434624085774246,0.6339556621355069
running_max,88159254,qslstm_log,17,0.5471088010855802,0.6307793361127936
running_max,88159254,qslstm_log,18,0.5648110867392888,0.6319186415448927
running_max,88159254,qslstm_log,19,0.5499177446293948,0.6324289874669662
running_max,88159254,qslstm_log,20,0.537626579622799,0.6308712817982534
running_max,88159254,qslstm_log,21,0.535473184259982,0.6304131786547859
running_max,88159254,qslstm_log,22,0.5516428883453406,0.6316388080920745
running_max,88159254,qslstm_log,23,0.5326343783421024,0.6311095279241675
running_max,88159254,qslstm_log,24,0.5577552293574362,0.6316867867399011
running_max,88159254,qslstm_log,25,0.5431997076693118,0.6349936927526132
running_max,88159254,qslstm_log,26,0.5340510669290998,0.6310097712221217
running_max,88159254,qslstm_log,27,0.533777520539597,0.627718375433466
running_max,88159254,qslstm_log,28,0.5397962652752465,0.6315685036871787
running_max,88159254,qslstm_log,29,0.5383634390807366,0.6326900664374401
running_max,88159254,qslstm_log,30,0.577974882489373,0.6332823579070862
running_max,88159254,qslstm_log,31,0.5404980505757296,0.6300793167035611
running_max,975428833,qlstm,0,0.5054062851704657,0.619376172311604
running_max,975428833,qlstm,1,0.5114751218352467,0.6190621088026091
running_max,975428833,qlstm,2,0.5179403758957051,0.6182718317140825
running_max,975428833,qlstm,3,0.5232142035965808,0.617644043173641
running_max,975428833,qlstm,4,0.5258536939509213,0.6177962442161515
running_max,975428833,qlstm,5,0.5297162058996037,0.6183457361767069
running_max,975428833,qlstm,6,0.5331641357624903,0.6183470051037148
running_max,975428833,qlstm,7,0.5328727786545642,0.6188785894191824
running_max,975428833,qlstm,8,0.5352157715824433,0.6179426309536211
running_max,975428833,qlstm,9,0.5346972998231649,0.6187284904299304
running_max,975428833,qlstm,10,0.5327216063742526,0.6176819988177158
running_max,975428833,qlstm,11,0.535188113397453,0.6180935859447345
running_max,975428833,qlstm,12,0.5352209864649922,0.6182129093795083
running_max,975428833,qlstm,13,0.5348721978953108,0.6192994674202055
running_max,975428833,qlstm,14,0.5352685336838476,0.6182135239359923
running_max,975428833,qlstm,15,0.5335750063532032,0.6181890782318078
running_max,975428833,qlstm,16,0.5355274688918144,0.6186341515276581
running_max,975428833,qlstm,17,0.5370203342172317,0.61963138502324
running_max,975428833,qlstm,18,0.5372399420593865,0.6192305270815268
running_max,975428833,qlstm,19,0.5359495088341646,0.6188712520524859
running_max,975428833,qlstm,20,0.5390558527433313,0.6200261581107043
running_max,975428833,qlstm,21,0.5377338776597753,0.6187004777602851
running_max,975428833,qlstm,22,0.5348737322492525,0.6182161942706443
running_max,975428833,qlstm,23,0.5333719807094894,0.6174981534713879
running_max,975428833,qlstm,24,0.537247143802233,0.619648715830408
running_max,975428833,qlstm,25,0.5359837883152068,0.6191637142910622
running_max,975428833,qlstm,26,0.540647487854585,0.6203504697768949
running_max,975428833,qlstm,27,0.5357136171078309,0.6190523147233762
running_max,975428833,qlstm,28,0.5345714174327441,0.6180192700703628
running_max,975428833,qlstm,29,0.5359138643252663,0.6180099954945035
running_max,975428833,qlstm,30,0.5347436415031552,0.6181128303869627
running_max,975428833,qlstm,31,0.5340922754839994,0.618557462177705
running_max,975428833,qslstm,0,267.6339743128283,0.719860183307901
running_max,975428833,qslstm,1,18.297395573067433,0.7088054907508194
running_max,975428833,qslstm,2,119.89941845450477,0.7103876719484106
running_max,975428833,qslstm,3,40.80673142851621,0.7115493926685303
running_max,975428833,qslstm,4,45.392827271686585,0.7106203938601539
running_max,975428833,qslstm,5,170.10785692282968,0.7109481216175482
running_max,975428833,qslstm,6,48.31735374001799,0.7125137888360769
running_max,975428833,qslstm,7,92.0403371405094,0.7100186602910981
running_max,975428833,qslstm,8,38.57919959588242,0.7122344461968169
running_max,975428833,qslstm,9,48.43299351028361,0.7103280245792121
running_max,975428833,qslstm,10,41.60834484166556,0.710193412611261
running_max,975428833,qslstm,11,90.1999663843432,0.7108894182601944
running_max,975428833,qslstm,12,40.382102879803526,0.710851396783255
running_max,975428833,qslstm,13,378.53325822188384,0.7087579356739298
running_max,975428833,qslstm,14,92.66364326739387,0.7104555740952492
running_max,975428833,qslstm,15,96.69654066986169,0.7095943859312683
running_max,975428833,qslstm,16,40.11974754753851,0.7102603585226461
running_max,975428833,qslstm,17,133.44569164435705,0.7095527368364856
running_max,975428833,qslstm,18,1223.7477621824664,0.710112527362071
running_max,975428833,qslstm,19,81.23115537266949,0.7097018990898505
running_max,975428833,qslstm,20,61.00985058623169,0.7099490015534684
running_max,975428833,qslstm,21,347.376946919027,0.7111098523018882
running_max,975428833,qslstm,22,44.93938227431363,0.7098276176257059
running_max,975428833,qslstm,23,41.65389862128785,0.7096935887821019
running_max,975428833,qslstm,24,54.78102083710172,0.7091005708789453
running_max,975428833,qslstm,25,77.92057369981836,0.708986503421329
running_max,975428833,qslstm,26,59.72027605092552,0.7103883611271158
running_max,975428833,qslstm,27,70.11503192506873,0.7089763361727819
running_max,975428833,qslstm,28,20.135807703004787,0.7096880708122626
running_max,975428833,qslstm,29,22.276416641183204,0.7104961415752769
running_max,975428833,qslstm,30,199.41806060869038,0.7096557699842378
running_max,975428833,qslstm,31,33.868838185303105,0.7086823859717697
running_max,975428833,qslstm_log,0,0.7664120824360228,0.7060479769817681
running_max,975428833,qslstm_log,1,0.7249068264941297,0.6945661338590519
running_max,975428833,qslstm_log,2,0.7571952444013924,0.6958535321483051
running_max,975428833,qslstm_log,3,0.7235695090215382,0.6968132195571413
running_max,975428833,qslstm_log,4,0.7602917995314603,0.6953155883337778
running_max,975428833,qslstm_log,5,0.7241215559280574,0.6966423706623919
running_max,975428833,qslstm_log,6,0.7064333809468055,0.6990638504037316
running_max,975428833,qslstm_log,7,0.7577092031571914,0.6958334394076895
running_max,975428833,qslstm_log,8,0.7044143430573404,0.698880042824918
running_max,975428833,qslstm_log,9,0.7430193813584118,0.6967160331948518
running_max,975428833,qslstm_log,10,0.7812929064664937,0.6940418115909631
running_max,975428833,qslstm_log,11,0.7537351938335939,0.6962756915627666
running_max,975428833,qslstm_log,12,0.7481978232028117,0.6959795477143926
running_max,975428833,qslstm_log,13,0.7638365792228761,0.6938500013738794
running_max,975428833,qslstm_log,14,0.7213998456060395,0.6954967429679668
running_max,975428833,qslstm_log,15,0.7686620047915538,0.6932731526308497
running_max,975428833,qslstm_log,16,0.7369970567219881,0.6951985585915164
running_max,975428833,qslstm_log,17,0.7264748216006749,0.6960016253364297
running_max,975428833,qslstm_log,18,0.7247931054781244,0.6968217260223956
running_max,975428833,qslstm_log,19,0.7681523171647555,0.6955428355600288
running_max,975428833,qslstm_log,20,0.7254216480638369,0.6982346739661716
running_max,975428833,qslstm_log,21,0.7271984808487142,0.6984935210183792
running_max,975428833,qslstm_log,22,0.7687217588930275,0.6944024277089431
running_max,975428833,qslstm_log,23,0.833913807228205,0.6931051433663744
running_max,975428833,qslstm_log,24,0.7495873802973334,0.6957097307636557
running_max,975428833,qslstm_log,25,0.7691538810584808,0.694747883802823
running_max,975428833,qslstm_log,26,0.6799672146454707,0.6998493125171305
running_max,975428833,qslstm_log,27,0.7705775176968417,0.6948105482726505
running_max,975428833,qslstm_log,28,0.7858360118067464,0.6940695056450201
running_max,975428833,qslstm_log,29,0.7301877519329598,0.6957631232396898
running_max,975428833,qslstm_log,30,0.7613981326713791,0.6943500676275673
running_max,975428833,qslstm_log,31,0.7847573616057459,0.69351287515986
sine_next,1023290587,qlstm,0,0.6080901538953185,0.3076802244759165
sine_next,1023290587,qlstm,1,0.6051293019554578,0.30989026866154745
sine_next,1023290587,qlstm,2,0.6041619381285273,0.3097075169789605
sine_next,1023290587,qlstm,3,0.6036937818862498,0.3089231865014881
sine_next,1023290587,qlstm,4,0.6039114720188081,0.3069329522550106
sine_next,1023290587,qlstm,5,0.6046595929074101,0.3047247210633941
sine_next,1023290587,qlstm,6,0.6052513714530505,0.3042457665433176
sine_next,1023290587,qlstm,7,0.6052721496671438,0.30638471484417096
sine_next,1023290587,qlstm,8,0.6049072483438067,0.3103097553248517
sine_next,1023290587,qlstm,9,0.6046227011247538,0.31376338395057246
sine_next,1023290587,qlstm,10,0.6049117443617433,0.31454945681616664
sine_next,1023290587,qlstm,11,0.6057604870875366,0.31277392810443416
sine_next,1023290587,qlstm,12,0.6066743550472893,0.3104482680791989
sine_next,1023290587,qlstm,13,0.6070223024580628,0.3096051273168996
sine_next,1023290587,qlstm,14,0.6066573682473972,0.3105721023166552
sine_next,1023290587,qlstm,15,0.6060219630016945,0.3118777373456396
sine_next,1023290587,qlstm,16,0.6057955085998401,0.31178451620507985
sine_next,1023290587,qlstm,17,0.6060089825186878,0.3103500788565725
sine_next,1023290587,qlstm,18,0.6061947694979608,0.30869026615982875
sine_next,1023290587,qlstm,19,0.6060919152223505,0.30800048843957484
sine_next,1023290587,qlstm,20,0.6057665789849125,0.308700327121187
sine_next,1023290587,qlstm,21,0.6053133528330363,0.30978837597649544
sine_next,1023290587,qlstm,22,0.605134341865778,0.3097930525545962
sine_next,1023290587,qlstm,23,0.6054069836391136,0.3081287416280247
sine_next,1023290587,qlstm,24,0.6059847108554095,0.3056258074939251
sine_next,1023290587,qlstm,25,0.6063517280854285,0.3038215847336687
sine_next,1023290587,qlstm,26,0.6061530358274467,0.30361920688301325
sine_next,1023290587,qlstm,27,0.6054273578920402,0.30548079550499097
sine_next,1023290587,qlstm,28,0.6043717707507312,0.30875588208436966
sine_next,1023290587,qlstm,29,0.6035628301906399,0.3115475208614953
sine_next,1023290587,qlstm,30,0.6034922588733025,0.3122790002380498
sine_next,1023290587,qlstm,31,0.6043256364064291,0.3107327110483311
sine_next,1023290587,qslstm,0,357.7672464872767,0.3215357180451974
sine_next,1023290587,qslstm,1,55.108885362506044,0.328095686447341
sine_next,1023290587,qslstm,2,150.2834249368152,0.32499227998778224
sine_next,1023290587,qslstm,3,175.5436181288119,0.3211778472759761
sine_next,1023290587,qslstm,4,190.5352414218787,0.31974542315583676
sine_next,1023290587,qslstm,5,186.8561257717447,0.31936581671470776
sine_next,1023290587,qslstm,6,185.01988778040595,0.31979076052084565
sine_next,1023290587,qslstm,7,173.81366101788262,0.32137567352037877
sine_next,1023290587,qslstm,8,157.57300216313524,0.32360026432434097
sine_next,1023290587,qslstm,9,165.2311233435439,0.3254683067789301
sine_next,1023290587,qslstm,10,173.54313103855293,0.32675144961103797
sine_next,1023290587,qslstm,11,179.67106234769653,0.32690286345314234
sine_next,1023290587,qslstm,12,187.59655991730324,0.32684080029139295
sine_next,1023290587,qslstm,13,173.72570247556087,0.32651638303650543
sine_next,1023290587,qslstm,14,175.3349966460546,0.326552111946512
sine_next,1023290587,qslstm,15,182.10029447447414,0.32657084526726976
sine_next,1023290587,qslstm,16,174.67785758843002,0.3265944515587762
sine_next,1023290587,qslstm,17,177.28885219633685,0.3256902081775479
sine_next,1023290587,qslstm,18,192.54458077650816,0.3244907008484006
sine_next,1023290587,qslstm,19,183.47964037457405,0.3241183146601543
sine_next,1023290587,qslstm,20,184.48853273952682,0.3241596116567962
sine_next,1023290587,qslstm,21,181.26747779733887,0.32405221642693505
sine_next,1023290587,qslstm,22,184.46530129379516,0.3236037014867179
sine_next,1023290587,qslstm,23,189.94722153474322,0.32292260183021426
sine_next,1023290587,qslstm,24,190.98211572298715,0.32196289813145995
sine_next,1023290587,qslstm,25,195.2241664527819,0.32092345890123397
sine_next,1023290587,qslstm,26,186.9229591379917,0.32040715648327023
sine_next,1023290587,qslstm,27,170.3868093560095,0.3205986052635126
sine_next,1023290587,qslstm,28,167.03227618457277,0.32158850034466013
sine_next,1023290587,qslstm,29,171.46675222740214,0.3225417241337709
sine_next,1023290587,qslstm,30,166.06500804211646,0.3232009044731967
sine_next,1023290587,qslstm,31,183.09567069136392,0.323225837550126
sine_next,1023290587,qslstm_log,0,1.705279506310213,0.2897766397398077
sine_next,1023290587,qslstm_log,1,1.067317620677729,0.29566627051216665
sine_next,1023290587,qslstm_log,2,1.1729682989475578,0.2905717267696727
sine_next,1023290587,qslstm_log,3,1.2035316320885887,0.28920926414749126
sine_next,1023290587,qslstm_log,4,1.2146745533255041,0.2883239863123772
sine_next,1023290587,qslstm_log,5,1.211705941256102,0.2877682088895017
sine_next,1023290587,qslstm_log,6,1.2016193466409428,0.28805011083405574
sine_next,1023290587,qslstm_log,7,1.206917407185536,0.2892313077387171
sine_next,1023290587,qslstm_log,8,1.2126768170945899,0.29102626620944944
sine_next,1023290587,qslstm_log,9,1.1855836851692634,0.29288521022614533
sine_next,1023290587,qslstm_log,10,1.211069444480057,0.29354605966232294
sine_next,1023290587,qslstm_log,11,1.2089794964622433,0.2933842017219733
sine_next,1023290587,qslstm_log,12,1.2251175675382209,0.2927660275847596
sine_next,1023290587,qslstm_log,13,1.2509409615552824,0.292262674595092
sine_next,1023290587,qslstm_log,14,1.2374890605950735,0.29219561288533913
sine_next,1023290587,qslstm_log,15,1.2240517232191745,0.2925596115238913
sine_next,1023290587,qslstm_log,16,1.2260623427576394,0.2924255484474291
sine_next,1023290587,qslstm_log,17,1.2290361840537742,0.2916813356905805
sine_next,1023290587,qslstm_log,18,1.225067020063758,0.29091456210942357
sine_next,1023290587,qslstm_log,19,1.220530967314029,0.29060690475623135
sine_next,1023290587,qslstm_log,20,1.2135642598696923,0.2907187518245575
sine_next,1023290587,qslstm_log,21,1.2077469569552386,0.29089294725138404
sine_next,1023290587,qslstm_log,22,1.2146737579172697,0.2907121895172565
sine_next,1023290587,qslstm_log,23,1.2183677096484298,0.2901789680506701
sine_next,1023290587,qslstm_log,24,1.210990531736491,0.2892937730644254
sine_next,1023290587,qslstm_log,25,1.221058406887749,0.28840571340684834
sine_next,1023290587,qslstm_log,26,1.2440641476306447,0.2880099485310182
sine_next,1023290587,qslstm_log,27,1.2372587885916668,0.28845031989564307
sine_next,1023290587,qslstm_log,28,1.1947498740968077,0.28957418490958403
sine_next,1023290587,qslstm_log,29,1.1874409865578994,0.29054617322348436
sine_next,1023290587,qslstm_log,30,1.1934645037106981,0.29106743575221516
sine_next,1023290587,qslstm_log,31,1.1792883452759129,0.2911298659773781
sine_next,1106723791,qlstm,0,0.6191906537860632,0.3072765745455399
sine_next,1106723791,qlstm,1,0.616354915255215,0.311331654607784
sine_next,1106723791,qlstm,2,0.6141741957981139,0.31407938577467576
sine_next,1106723791,qlstm,3,0.6133084273897111,0.31551015831064433
sine_next,1106723791,qlstm,4,0.6130505835753866,0.3157225801842287
sine_next,1106723791,qlstm,5,0.6130254318122752,0.3154853308224119
sine_next,1106723791,qlstm,6,0.6132507985457778,0.31487576046492904
sine_next,1106723791,qlstm,7,0.6138526345603168,0.3128043551114388
sine_next,1106723791,qlstm,8,0.6147642118739896,0.3091595501755364
sine_next,1106723791,qlstm,9,0.6155785594019108,0.30611149419564754
sine_next,1106723791,qlstm,10,0.6153862681239843,0.3059948338777758
sine_next,1106723791,qlstm,11,0.6144351636175998,0.30892053281422704
sine_next,1106723791,qlstm,12,0.6134013867122121,0.3126798234297894
sine_next,1106723791,qlstm,13,0.613037152797915,0.31413755973335356
sine_next,1106723791,qlstm,14,0.6134468227392063,0.31263435928849503
sine_next,1106723791,qlstm,15,0.6139968532370403,0.310216904967092
sine_next,1106723791,qlstm,16,0.6140708212624304,0.3091616337769665
sine_next,1106723791,qlstm,17,0.6135027526179329,0.30951799312606454
sine_next,1106723791,qlstm,18,0.6128368335193954,0.30994601163547486
sine_next,1106723791,qlstm,19,0.6123801722424105,0.3097036983817816
sine_next,1106723791,qlstm,20,0.6121347374282777,0.3097091416711919
sine_next,1106723791,qlstm,21,0.6117301065823995,0.3109582089819014
sine_next,1106723791,qlstm,22,0.6114989655325189,0.3127370629226789
sine_next,1106723791,qlstm,23,0.6118486767518334,0.3133791759610176
sine_next,1106723791,qlstm,24,0.613046484941151,0.31174299493432045
sine_next,1106723791,qlstm,25,0.6146705576684326,0.30882591125555336
sine_next,1106723791,qlstm,26,0.6159377563744783,0.30691285827197134
sine_next,1106723791,qlstm,27,0.6161918024299666,0.3076434532995336
sine_next,1106723791,qlstm,28,0.6154956441023387,0.31032035721000284
sine_next,1106723791,qlstm,29,0.6145250692497939,0.31290081079350784
sine_next,1106723791,qlstm,30,0.6138371603447013,0.31402754789451137
sine_next,1106723791,qlstm,31,0.6134335721726529,0.3136699174065143
sine_next,1106723791,qslstm,0,24.233322431100532,0.28423229994950816
sine_next,1106723791,qslstm,1,18.013720351853408,0.29207505570957437
sine_next,1106723791,qslstm,2,19.039960957830772,0.29046661278698593
sine_next,1106723791,qslstm,3,19.154716396296863,0.29096216562902555
sine_next,1106723791,qslstm,4,19.900126515887678,0.29126530507346615
sine_next,1106723791,qslstm,5,19.74678046844201,0.2913149772793986
sine_next,1106723791,qslstm,6,20.565296511689667,0.2912125597940758
sine_next,1106723791,qslstm,7,21.20797801599838,0.29055477608926594
sine_next,1106723791,qslstm,8,21.83591069211252,0.28937751636840403
sine_next,1106723791,qslstm,9,22.466247741656844,0.2884100243099965
sine_next,1106723791,qslstm,10,22.731846389418934,0.28836297063389793
sine_next,1106723791,qslstm,11,21.208391967695206,0.28939968370832503
sine_next,1106723791,qslstm,12,19.57941391755594,0.2908824458136223
sine_next,1106723791,qslstm,13,19.57876893528737,0.29171239415882155
sine_next,1106723791,qslstm,14,20.593470705091022,0.29144641070161015
sine_next,1106723791,qslstm,15,21.245893048646394,0.29071224899962544
sine_next,1106723791,qslstm,16,21.124720121209975,0.2904759699595161
sine_next,1106723791,qslstm,17,21.33641578251263,0.2909609835478477
sine_next,1106723791,qslstm,18,21.484967431868427,0.2917181641678326
sine_next,1106723791,qslstm,19,20.587146652687807,0.29240158101310953
sine_next,1106723791,qslstm,20,19.925436973106116,0.293117459572386
sine_next,1106723791,qslstm,21,19.550596282584593,0.2939384409110062
sine_next,1106723791,qslstm,22,19.159969105618075,0.29454841680126265
sine_next,1106723791,qslstm,23,19.170556476106867,0.29439220286440104
sine_next,1106723791,qslstm,24,19.367963770753704,0.29318033158779144
sine_next,1106723791,qslstm,25,20.348021176236216,0.2912131854100153
sine_next,1106723791,qslstm,26,21.75026430701837,0.289325293735601
sine_next,1106723791,qslstm,27,22.064256967103574,0.28841258521424606
sine_next,1106723791,qslstm,28,21.281476665113587,0.28863166086375713
sine_next,1106723791,qslstm,29,20.236055971123278,0.2894754767185077
sine_next,1106723791,qslstm,30,20.27201180026168,0.29027999460231513
sine_next,1106723791,qslstm,31,20.808646183053497,0.29071591031970456
sine_next,1106723791,qslstm_log,0,1.2839447630331384,0.2818629425337338
sine_next,1106723791,qslstm_log,1,1.2523112966339358,0.28949807789205806
sine_next,1106723791,qslstm_log,2,1.2037317872515712,0.28874159268049576
sine_next,1106723791,qslstm_log,3,1.1560569184892087,0.2892896911916424
sine_next,1106723791,qslstm_log,4,1.178791306092874,0.2895320284369567
sine_next,1106723791,qslstm_log,5,1.18680439477874,0.28949550341278957
sine_next,1106723791,qslstm_log,6,1.2069926441761027,0.2893224361990104
sine_next,1106723791,qslstm_log,7,1.2284879427063857,0.28860499683809293
sine_next,1106723791,qslstm_log,8,1.2526092385445398,0.2873012222981281
sine_next,1106723791,qslstm_log,9,1.2822750909866705,0.28609871808942333
sine_next,1106723791,qslstm_log,10,1.2965580806664452,0.2859063672972051
sine_next,1106723791,qslstm_log,11,1.2549555513629183,0.28686313935769675
sine_next,1106723791,qslstm_log,12,1.199784717862412,0.28835433821336853
sine_next,1106723791,qslstm_log,13,1.1904197407992996,0.28925372514974645
sine_next,1106723791,qslstm_log,14,1.2172804663698558,0.28897460930173674
sine_next,1106723791,qslstm_log,15,1.2548531674779915,0.2881202379123423
sine_next,1106723791,qslstm_log,16,1.2332403592565389,0.2876536746107955
sine_next,1106723791,qslstm_log,17,1.2392525457298431,0.28787726715686746
sine_next,1106723791,qslstm_log,18,1.231397609016327,0.2883081512070433
sine_next,1106723791,qslstm_log,19,1.2365159099302776,0.28861285052071517
sine_next,1106723791,qslstm_log,20,1.2126246643459573,0.288928208845343
sine_next,1106723791,qslstm_log,21,1.22681153777039,0.28955377397150045
sine_next,1106723791,qslstm_log,22,1.2085241765003376,0.2902139276934857
sine_next,1106723791,qslstm_log,23,1.2104658002749427,0.29032387149872285
sine_next,1106723791,qslstm_log,24,1.2234034654817305,0.2895197812559286
sine_next,1106723791,qslstm_log,25,1.2316581882697817,0.2880591292620256
sine_next,1106723791,qslstm_log,26,1.2999109906356754,0.2867004761572973
sine_next,1106723791,qslstm_log,27,1.287192364214897,0.286255585535135
sine_next,1106723791,qslstm_log,28,1.2658102841211807,0.28684011572476537
sine_next,1106723791,qslstm_log,29,1.2019694416123916,0.2878480350523269
sine_next,1106723791,qslstm_log,30,1.2010313868614029,0.28860475412323383
sine_next,1106723791,qslstm_log,31,1.2249939632759959,0.28882550348720665
sine_next,1148376891,qlstm,0,0.6797271084506065,0.31641636037966236
sine_next,1148376891,qlstm,1,0.6781459369813092,0.3155224221991375
sine_next,1148376891,qlstm,2,0.6771587506518699,0.3151714585837908
sine_next,1148376891,qlstm,3,0.6766779901226982,0.3148145026061684
sine_next,1148376891,qlstm,4,0.6756145551917143,0.3152774936170317
sine_next,1148376891,qlstm,5,0.6741364118061028,0.3162031011306681
sine_next,1148376891,qlstm,6,0.6729529101867229,0.3165017024730332
sine_next,1148376891,qlstm,7,0.6723536187200807,0.3156387123744935
sine_next,1148376891,qlstm,8,0.6719356939429417,0.3142636534757912
sine_next,1148376891,qlstm,9,0.6716360980062746,0.31355879217153415
sine_next,1148376891,qlstm,10,0.6719541525817476,0.314535282261204
sine_next,1148376891,qlstm,11,0.6728027941426262,0.3170741719659418
sine_next,1148376891,qlstm,12,0.6732754317345098,0.3197082464466803
sine_next,1148376891,qlstm,13,0.6732850209227763,0.32053511089179665
sine_next,1148376891,qlstm,14,0.6736911344341934,0.3190048427786678
sine_next,1148376891,qlstm,15,0.6746357759111561,0.3162909019738436
sine_next,1148376891,qlstm,16,0.6753453853889368,0.31403418531408533
sine_next,1148376891,qlstm,17,0.6755204960354604,0.3133824305841699
sine_next,1148376891,qlstm,18,0.6757389364065602,0.3146942957537249
sine_next,1148376891,qlstm,19,0.6762880840688013,0.31710373936221004
sine_next,1148376891,qlstm,20,0.6769736268906854,0.3188858929788694
sine_next,1148376891,qlstm,21,0.677680468885228,0.3190118172788061
sine_next,1148376891,qlstm,22,0.6786578652099706,0.3176845130510628
sine_next,1148376891,qlstm,23,0.6796479999320582,0.3160285137128085
sine_next,1148376891,qlstm,24,0.6799518563784659,0.31546486116712913
sine_next,1148376891,qlstm,25,0.6795842663268559,0.31676505191717297
sine_next,1148376891,qlstm,26,0.6790314201498404,0.3194584304583259
sine_next,1148376891,qlstm,27,0.6781872912542894,0.3219854552880861
sine_next,1148376891,qlstm,28,0.6766719638253562,0.3224505927064456
sine_next,1148376891,qlstm,29,0.6748693544068374,0.3200633787200786
sine_next,1148376891,qlstm,30,0.6734061568859033,0.3163218181580305
sine_next,1148376891,qlstm,31,0.6725286832661368,0.3136558100231923
sine_next,1148376891,qslstm,0,2.8899996630448186,0.4013797615771182
sine_next,1148376891,qslstm,1,2.7115791015984314,0.4031650532851927
sine_next,1148376891,qslstm,2,2.699901734024934,0.4015838988707401
sine_next,1148376891,qslstm,3,2.751376936851102,0.40110169822582975
sine_next,1148376891,qslstm,4,2.7097025243372173,0.40100467251613736
sine_next,1148376891,qslstm,5,2.6118784884486104,0.40111293882364407
sine_next,1148376891,qslstm,6,2.6404487879517546,0.4010013904189691
sine_next,1148376891,qslstm,7,2.7359629183579273,0.40051735762972385
sine_next,1148376891,qslstm,8,2.6859280627045337,0.39992117253132164
sine_next,1148376891,qslstm,9,2.7372900895215935,0.3996448063990101
sine_next,1148376891,qslstm,10,2.8930556113591592,0.400061541760806
sine_next,1148376891,qslstm,11,2.5845139967750583,0.4010470894863829
sine_next,1148376891,qslstm,12,2.3041635255310666,0.40203310997458175
sine_next,1148376891,qslstm,13,2.479493247239361,0.40244759019697085
sine_next,1148376891,qslstm,14,2.710939648105523,0.4021035460755229
sine_next,1148376891,qslstm,15,2.702034381135718,0.40132580685894936
sine_next,1148376891,qslstm,16,2.836757293924393,0.4006183592719026
sine_next,1148376891,qslstm,17,2.929695630251217,0.4004356810473837
sine_next,1148376891,qslstm,18,2.7687436313187845,0.4009865405969322
sine_next,1148376891,qslstm,19,2.6349787365622888,0.4019459552364424
sine_next,1148376891,qslstm,20,2.643049096825962,0.4026748519972898
sine_next,1148376891,qslstm,21,2.61740210271887,0.40288272383622825
sine_next,1148376891,qslstm,22,2.7309147153166577,0.40264435415156186
sine_next,1148376891,qslstm,23,2.8025844780054285,0.4022598543087952
sine_next,1148376891,qslstm,24,2.656035924052503,0.40218547731637955
sine_next,1148376891,qslstm,25,2.7391465418370444,0.40265213896054775
sine_next,1148376891,qslstm,26,2.853170701657291,0.4034753279411234
sine_next,1148376891,qslstm,27,2.429834247338704,0.40409641299629584
sine_next,1148376891,qslstm,28,2.22502735482999,0.40386296017095447
sine_next,1148376891,qslstm,29,2.4423604215876367,0.4026389720966108
sine_next,1148376891,qslstm,30,2.6210971635482565,0.4010405319277197
sine_next,1148376891,qslstm,31,2.817660894277651,0.39987402636324987
sine_next,1211904294,qlstm,0,0.6218367131077684,0.3411282082670368
sine_next,1211904294,qlstm,1,0.6203903109417297,0.34359951957594603
sine_next,1211904294,qlstm,2,0.6190550745232031,0.34348028228851035
sine_next,1211904294,qlstm,3,0.6188923967420124,0.3431262310477905
sine_next,1211904294,qlstm,4,0.6196275742258877,0.342638851958327
sine_next,1211904294,qlstm,5,0.6205376501311548,0.3422193201840855
sine_next,1211904294,qlstm,6,0.6210768259479664,0.34209822805132717
sine_next,1211904294,qlstm,7,0.6211620874819346,0.3422622662037611
sine_next,1211904294,qlstm,8,0.620889536163304,0.3424970269552432
sine_next,1211904294,qlstm,9,0.6202677125111222,0.3426994896726683
sine_next,1211904294,qlstm,10,0.6193574627395719,0.3428615552838892
sine_next,1211904294,qlstm,11,0.6183925877558067,0.3429881373886019
sine_next,1211904294,qlstm,12,0.6176709343562834,0.3430313502321951
sine_next,1211904294,qlstm,13,0.6174167042481713,0.3429403332993388
sine_next,1211904294,qlstm,14,0.6175855232868344,0.3427475347998552
sine_next,1211904294,qlstm,15,0.6180416124989279,0.3428448748309165
sine_next,1211904294,qlstm,16,0.6186438011354767,0.34328575676772743
sine_next,1211904294,qlstm,17,0.6194554947433062,0.34379349689697847
sine_next,1211904294,qlstm,18,0.6206072330242023,0.34400736738462
sine_next,1211904294,qlstm,19,0.6218568638432771,0.3439251433010213
sine_next,1211904294,qlstm,20,0.6226483065984212,0.3439505132846534
sine_next,1211904294,qlstm,21,0.6224518247763626,0.344554339942988
sine_next,1211904294,qlstm,22,0.6213025289471261,0.34576046926667914
sine_next,1211904294,qlstm,23,0.6199233995284885,0.34675341472029686
sine_next,1211904294,qlstm,24,0.6192822604207322,0.34653136477572843
sine_next,1211904294,qlstm,25,0.6198089039535262,0.344915097753983
sine_next,1211904294,qlstm,26,0.6209331571008079,0.34267472894862294
sine_next,1211904294,qlstm,27,0.6216366763110273,0.34117265709210187
sine_next,1211904294,qlstm,28,0.6213324312702753,0.3412503598956391
sine_next,1211904294,qlstm,29,0.6202318920986727,0.34245188103523105
sine_next,1211904294,qlstm,30,0.6192009738297202,0.3437426227610558
sine_next,1211904294,qlstm,31,0.6189653991023079,0.34414705593371764
sine_next,1211904294,qslstm,0,16.458912994945422,0.33212427323451266
sine_next,1211904294,qslstm,1,11.708386028010864,0.3356678510317579
sine_next,1211904294,qslstm,2,10.733079465804622,0.33310558076482266
sine_next,1211904294,qslstm,3,11.398597712657647,0.33244222385110334
sine_next,1211904294,qslstm,4,13.725936649665528,0.3316425298107788
sine_next,1211904294,qslstm,5,14.276412970044476,0.33093162887962535
sine_next,1211904294,qslstm,6,13.180361622762575,0.33048850728664547
sine_next,1211904294,qslstm,7,14.442951123361127,0.3304654894163832
sine_next,1211904294,qslstm,8,13.995768152024539,0.3307595122605562
sine_next,1211904294,qslstm,9,13.268309268722078,0.3311727658729069
sine_next,1211904294,qslstm,10,12.993552677653497,0.33168609061976895
sine_next,1211904294,qslstm,11,11.643939086046885,0.33229217055486515
sine_next,1211904294,qslstm,12,10.984221240374609,0.3327287547872402
sine_next,1211904294,qslstm,13,11.632270140726177,0.3328752020606771
sine_next,1211904294,qslstm,14,11.97442250639142,0.332731353584677
sine_next,1211904294,qslstm,15,12.309845545751159,0.3325785418273881
sine_next,1211904294,qslstm,16,11.615943469209014,0.33247951715020463
sine_next,1211904294,qslstm,17,12.782163014453545,0.3322676357929595
sine_next,1211904294,qslstm,18,12.323094304418191,0.3317591025843285
sine_next,1211904294,qslstm,19,12.692857948510209,0.3309486241778359
sine_next,1211904294,qslstm,20,13.827813236421207,0.3304402564535849
sine_next,1211904294,qslstm,21,11.813807802056544,0.33080964686814696
sine_next,1211904294,qslstm,22,11.667591084820742,0.3319808339001611
sine_next,1211904294,qslstm,23,10.473616387978836,0.33316107018617913
sine_next,1211904294,qslstm,24,10.34210887561494,0.33334996830672026
sine_next,1211904294,qslstm,25,11.717290694170515,0.3322131289751269
sine_next,1211904294,qslstm,26,12.43063615912979,0.33049337402917445
sine_next,1211904294,qslstm,27,13.214552528232161,0.32942878460744396
sine_next,1211904294,qslstm,28,14.217896145695704,0.329756390186958
sine_next,1211904294,qslstm,29,12.942327016105992,0.33106716972542927
sine_next,1211904294,qslstm,30,11.66740955725254,0.33226842555450276
sine_next,1211904294,qslstm,31,11.330341803346528,0.33256814541528
sine_next,1211904294,qslstm_log,0,1.4371497321355893,0.31932323725746903
sine_next,1211904294,qslstm_log,1,1.383692311226076,0.32386085928950076
sine_next,1211904294,qslstm_log,2,1.389133826038944,0.320883884046679
sine_next,1211904294,qslstm_log,3,1.4415503093855575,0.3203031981073522
sine_next,1211904294,qslstm_log,4,1.509009573461856,0.31954817160510607
sine_next,1211904294,qslstm_log,5,1.5395022586542568,0.31884469209854627
sine_next,1211904294,qslstm_log,6,1.5078268292626678,0.31844116715468557
sine_next,1211904294,qslstm_log,7,1.5502743782096524,0.3184448968581791
sine_next,1211904294,qslstm_log,8,1.5618339495731939,0.3187227359378375
sine_next,1211904294,qslstm_log,9,1.5227408025670388,0.3191121643192853
sine_next,1211904294,qslstm_log,10,1.4688720364213481,0.3196022738879456
sine_next,1211904294,qslstm_log,11,1.4386651778361128,0.32015532868212165
sine_next,1211904294,qslstm_log,12,1.4193945438762126,0.3205508642727015
sine_next,1211904294,qslstm_log,13,1.458501615124474,0.3206830857330915
sine_next,1211904294,qslstm_log,14,1.44835599899078,0.3205387255863457
sine_next,1211904294,qslstm_log,15,1.4641947652195964,0.32039997088550953
sine_next,1211904294,qslstm_log,16,1.4329240598387623,0.3203735358746788
sine_next,1211904294,qslstm_log,17,1.4560260102695182,0.3202517781018722
sine_next,1211904294,qslstm_log,18,1.4326516768005635,0.31979743935285715
sine_next,1211904294,qslstm_log,19,1.4743204736941111,0.31905311961851074
sine_next,1211904294,qslstm_log,20,1.4882590773293423,0.3186031254631752
sine_next,1211904294,qslstm_log,21,1.4153024442087754,0.3189961753257028
sine_next,1211904294,qslstm_log,22,1.3890299553801293,0.32018710214371354
sine_next,1211904294,qslstm_log,23,1.3143499178941334,0.3213759467996443
sine_next,1211904294,qslstm_log,24,1.307070027914897,0.321504671501025
sine_next,1211904294,qslstm_log,25,1.4063045438008515,0.32028338338490314
sine_next,1211904294,qslstm_log,26,1.4510968792108212,0.3184775852326607
sine_next,1211904294,qslstm_log,27,1.521007249068263,0.31735095766556315
sine_next,1211904294,qslstm_log,28,1.5675740448297857,0.3176775804522337
sine_next,1211904294,qslstm_log,29,1.5117406899630605,0.3190073706571488
sine_next,1211904294,qslstm_log,30,1.4197219114791837,0.32023912444336505
sine_next,1211904294,qslstm_log,31,1.4130632871622955,0.32055199072413687
sine_next,1212609727,qlstm,0,0.5973300879704766,0.2993552712723613
sine_next,1212609727,qlstm,1,0.5957749902154319,0.29710310482187197
sine_next,1212609727,qlstm,2,0.5946496658143587,0.2952720675384626
sine_next,1212609727,qlstm,3,0.5939828791306354,0.294698559329845
sine_next,1212609727,qlstm,4,0.5935979227651842,0.2949557199026458
sine_next,1212609727,qlstm,5,0.593413797498215,0.29560112435137853
sine_next,1212609727,qlstm,6,0.5935745738679543,0.2959856688394211
sine_next,1212609727,qlstm,7,0.5940734795294702,0.2956912755034864
sine_next,1212609727,qlstm,8,0.5947412077803165,0.29476872127270326
sine_next,1212609727,qlstm,9,0.5952289499691688,0.29404066962888464
sine_next,1212609727,qlstm,10,0.595242940238677,0.2941791499615647
sine_next,1212609727,qlstm,11,0.5946718173800036,0.295109142025467
sine_next,1212609727,qlstm,12,0.593829897174146,0.2961777299060486
sine_next,1212609727,qlstm,13,0.5932721879798919,0.2965601971372962
sine_next,1212609727,qlstm,14,0.5932343425811268,0.2962557260179892
sine_next,1212609727,qlstm,15,0.5935385974589735,0.2959379641688429
sine_next,1212609727,qlstm,16,0.5937267628032714,0.2960799008142203
sine_next,1212609727,qlstm,17,0.5936994636431336,0.296317636675667
sine_next,1212609727,qlstm,18,0.593929594848305,0.2959310620208271
sine_next,1212609727,qlstm,19,0.5945448582060635,0.2947916535194963
sine_next,1212609727,qlstm,20,0.5949514238163829,0.2938389775226824
sine_next,1212609727,qlstm,21,0.5945357450400479,0.29419534746557474
sine_next,1212609727,qlstm,22,0.5933084202115424,0.29612634802469984
sine_next,1212609727,qlstm,23,0.5920841702027246,0.2983191474340856
sine_next,1212609727,qlstm,24,0.5918942926218733,0.2989435415365733
sine_next,1212609727,qlstm,25,0.5929869797546417,0.29749246744904667
sine_next,1212609727,qlstm,26,0.5947203090763651,0.29514552786713466
sine_next,1212609727,qlstm,27,0.596045114856679,0.29387633968144655
sine_next,1212609727,qlstm,28,0.5964775303145871,0.29464416060363874
sine_next,1212609727,qlstm,29,0.5961775393807329,0.2965216693119146
sine_next,1212609727,qlstm,30,0.5958567167399451,0.2978997853351757
sine_next,1212609727,qlstm,31,0.5961164000327699,0.29785962734604254
sine_next,1212609727,qslstm,0,514.4766948946344,0.3702423013164662
sine_next,1212609727,qslstm,1,90.0270978440858,0.37225026154192165
sine_next,1212609727,qslstm,2,177.42590679224668,0.3697345794644207
sine_next,1212609727,qslstm,3,229.6149667781283,0.36932254978455603
sine_next,1212609727,qslstm,4,232.4532341773047,0.369641586614307
sine_next,1212609727,qslstm,5,230.08707258704817,0.37000422761775553
sine_next,1212609727,qslstm,6,242.71420620365825,0.37003059772541746
sine_next,1212609727,qslstm,7,246.00919781410994,0.3695543081848882
sine_next,1212609727,qslstm,8,243.15352049938883,0.36879482032964006
sine_next,1212609727,qslstm,9,251.0276959255425,0.3682201149640605
sine_next,1212609727,qslstm,10,253.28459990736155,0.36838404036825523
sine_next,1212609727,qslstm,11,240.8949875114522,0.36903785093454644
sine_next,1212609727,qslstm,12,240.24798364367962,0.3696963007096201
sine_next,1212609727,qslstm,13,247.3783520515608,0.3700618066941388
sine_next,1212609727,qslstm,14,239.2484540049045,0.3700814117328264
sine_next,1212609727,qslstm,15,232.1117930024593,0.37004409421933815
sine_next,1212609727,qslstm,16,243.35484032317618,0.3700170289957896
sine_next,1212609727,qslstm,17,250.33521428626045,0.3700229157693684
sine_next,1212609727,qslstm,18,243.65843918028258,0.3697109612985514
sine_next,1212609727,qslstm,19,238.19026524762012,0.36896262352820486
sine_next,1212609727,qslstm,20,260.8970480633325,0.36834454390918836
sine_next,1212609727,qslstm,21,245.5533579934854,0.36868870025500655
sine_next,1212609727,qslstm,22,240.30002081024577,0.37000940687721595
sine_next,1212609727,qslstm,23,230.5825781970998,0.371519114007242
sine_next,1212609727,qslstm,24,237.68226787134336,0.37196697981562465
sine_next,1212609727,qslstm,25,240.5136057895652,0.370877574023325
sine_next,1212609727,qslstm,26,262.81415161106634,0.36908855626825243
sine_next,1212609727,qslstm,27,256.75773466466126,0.36784195591462776
sine_next,1212609727,qslstm,28,263.33825122692724,0.36781039845664054
sine_next,1212609727,qslstm,29,258.58894236564447,0.36846047261497006
sine_next,1212609727,qslstm,30,262.505374268967,0.36898833012674004
sine_next,1212609727,qslstm,31,260.9321095533087,0.3689031901303679
sine_next,1212609727,qslstm_log,0,0.6412978800324511,0.32605329022227986
sine_next,1212609727,qslstm_log,1,0.4904799641759641,0.3280547711543654
sine_next,1212609727,qslstm_log,2,0.5065658402574418,0.324090281164593
sine_next,1212609727,qslstm_log,3,0.5030337907789784,0.324096127834505
sine_next,1212609727,qslstm_log,4,0.5005982134499496,0.3243484414261217
sine_next,1212609727,qslstm_log,5,0.5019355209999595,0.32470673235665237
sine_next,1212609727,qslstm_log,6,0.5089215365333102,0.32477599436015375
sine_next,1212609727,qslstm_log,7,0.5130222420352504,0.32439009430611093
sine_next,1212609727,qslstm_log,8,0.5175776977988971,0.3236593341931565
sine_next,1212609727,qslstm_log,9,0.518510305798626,0.3231369548826509
sine_next,1212609727,qslstm_log,10,0.5133176375983945,0.32329064542433883
sine_next,1212609727,qslstm_log,11,0.5152007535559928,0.323926264305338
sine_next,1212609727,qslstm_log,12,0.5192737320196009,0.3246185492412709
sine_next,1212609727,qslstm_log,13,0.5146724142848131,0.32491491787622917
sine_next,1212609727,qslstm_log,14,0.5037952443907887,0.3248569959446384
sine_next,1212609727,qslstm_log,15,0.5014354088402565,0.32478581643804905
sine_next,1212609727,qslstm_log,16,0.5058848971379931,0.3248350458799611
sine_next,1212609727,qslstm_log,17,0.5089350763024062,0.3248649859149222
sine_next,1212609727,qslstm_log,18,0.5109566171003587,0.32452816460332373
sine_next,1212609727,qslstm_log,19,0.5134542282142508,0.3237683037919983
sine_next,1212609727,qslstm_log,20,0.5145737400493583,0.32318966787493986
sine_next,1212609727,qslstm_log,21,0.5140933533471646,0.3235142200515192
sine_next,1212609727,qslstm_log,22,0.5115400944427881,0.3248124900801508
sine_next,1212609727,qslstm_log,23,0.5024951846301764,0.326288252179612
sine_next,1212609727,qslstm_log,24,0.49997354697743845,0.32668059448954817
sine_next,1212609727,qslstm_log,25,0.5041021839818938,0.32567102630823264
sine_next,1212609727,qslstm_log,26,0.5118659107149033,0.3239807644604398
sine_next,1212609727,qslstm_log,27,0.5210524673893938,0.32289506145729696
sine_next,1212609727,qslstm_log,28,0.5319664162911656,0.323040395931427
sine_next,1212609727,qslstm_log,29,0.5392942067815527,0.32387214837127
sine_next,1212609727,qslstm_log,30,0.5385931790496759,0.3244939114627589
sine_next,1212609727,qslstm_log,31,0.5342874356177096,0.3244237492912859
sine_next,1668868548,qlstm,0,0.6012294376268983,0.29222610901342705
sine_next,1668868548,qlstm,1,0.5998736517503858,0.29722509370185435
sine_next,1668868548,qlstm,2,0.5996031240792945,0.2981078603770584
sine_next,1668868548,qlstm,3,0.6001017832895741,0.29757293133297935
sine_next,1668868548,qlstm,4,0.6005402738810517,0.296795921807643
sine_next,1668868548,qlstm,5,0.6005872876266949,0.2963780124555342
sine_next,1668868548,qlstm,6,0.6003685932955705,0.29627908824477345
sine_next,1668868548,qlstm,7,0.6001489068730734,0.29625409020809457
sine_next,1668868548,qlstm,8,0.5999129670090042,0.2963682303670794
sine_next,1668868548,qlstm,9,0.5995309308636934,0.2968524149036966
sine_next,1668868548,qlstm,10,0.5991096587968059,0.29787542298436165
sine_next,1668868548,qlstm,11,0.5990612197201699,0.29865534394048154
sine_next,1668868548,qlstm,12,0.599661506479606,0.29852351441513747
sine_next,1668868548,qlstm,13,0.6005785241140984,0.29805106337880716
sine_next,1668868548,qlstm,14,0.6011772609781474,0.29768737516133115
sine_next,1668868548,qlstm,15,0.6012618271051906,0.2975178072229028
sine_next,1668868548,qlstm,16,0.6011955361464061,0.29741822089999914
sine_next,1668868548,qlstm,17,0.601205395301804,0.29687461082357913
sine_next,1668868548,qlstm,18,0.6011295661446638,0.29592373460764065
sine_next,1668868548,qlstm,19,0.6006617085076869,0.2953547148499638
sine_next,1668868548,qlstm,20,0.5997155716177076,0.2955094368662685
sine_next,1668868548,qlstm,21,0.5987027750816196,0.296121452760417
sine_next,1668868548,qlstm,22,0.5982467190478928,0.29632807802408934
sine_next,1668868548,qlstm,23,0.5985230535152368,0.2954225394059904
sine_next,1668868548,qlstm,24,0.598989178892225,0.2942466251552105
sine_next,1668868548,qlstm,25,0.5988574750954285,0.29416239738930017
sine_next,1668868548,qlstm,26,0.5980340606183745,0.2953794121858664
sine_next,1668868548,qlstm,27,0.5972550922306255,0.2968950734939426
sine_next,1668868548,qlstm,28,0.5973144175950438,0.2974829007871449
sine_next,1668868548,qlstm,29,0.5983306310372427,0.2968007712624967
sine_next,1668868548,qlstm,30,0.5996150057762861,0.2959322862443514
sine_next,1668868548,qlstm,31,0.6003208360052668,0.2960677794762887
sine_next,1668868548,qslstm,0,12.421446582253338,0.2975081705953926
sine_next,1668868548,qslstm,1,10.281684332349869,0.2999532243120484
sine_next,1668868548,qslstm,2,10.943242499420194,0.29824102931888774
sine_next,1668868548,qslstm,3,11.67124070612499,0.29747984057758003
sine_next,1668868548,qslstm,4,12.08583376338629,0.2968334264587611
sine_next,1668868548,qslstm,5,11.64826420690315,0.2965406202711165
sine_next,1668868548,qslstm,6,12.078317091722056,0.2964572219061665
sine_next,1668868548,qslstm,7,12.44843554504223,0.2964229846256785
sine_next,1668868548,qslstm,8,12.222444920195812,0.2964880724903196
sine_next,1668868548,qslstm,9,11.450763597855257,0.2969232712057419
sine_next,1668868548,qslstm,10,9.697656288067265,0.2976484327809885
sine_next,1668868548,qslstm,11,10.953121476935848,0.29815684421919286
sine_next,1668868548,qslstm,12,10.961664462413864,0.29814194719074294
sine_next,1668868548,qslstm,13,11.269196672618818,0.29785250627901405
sine_next,1668868548,qslstm,14,12.136572905569665,0.2976653888472356
sine_next,1668868548,qslstm,15,11.918370258735195,0.2976257899426855
sine_next,1668868548,qslstm,16,11.296274045195787,0.2975042937323451
sine_next,1668868548,qslstm,17,12.474176768600955,0.2969789810013026
sine_next,1668868548,qslstm,18,12.041901589929694,0.2961990757030435
sine_next,1668868548,qslstm,19,12.047171442952276,0.29569158190861344
sine_next,1668868548,qslstm,20,12.476506924608657,0.2957841866882518
sine_next,1668868548,qslstm,21,11.078033760024482,0.2961690273368731
sine_next,1668868548,qslstm,22,11.594021660192993,0.2961068992735818
sine_next,1668868548,qslstm,23,13.662107209253918,0.2953595750150271
sine_next,1668868548,qslstm,24,13.599846026703744,0.29458764276932925
sine_next,1668868548,qslstm,25,11.995073875056733,0.2945930553250946
sine_next,1668868548,qslstm,26,11.851441037108998,0.29551472584716976
sine_next,1668868548,qslstm,27,10.378341607243783,0.2965936590335332
sine_next,1668868548,qslstm,28,11.493954427684002,0.29694636847125366
sine_next,1668868548,qslstm,29,11.84475097741688,0.2964745262870565
sine_next,1668868548,qslstm,30,11.931069865888276,0.29595356475329027
sine_next,1668868548,qslstm,31,12.527015887848393,0.29628985619638115
sine_next,1668868548,qslstm_log,0,0.4631417768573444,0.32118333881765354
sine_next,1668868548,qslstm_log,1,0.46740834596082137,0.3223238919293187
sine_next,1668868548,qslstm_log,2,0.47005713659422166,0.3211638301609787
sine_next,1668868548,qslstm_log,3,0.471666701330336,0.32058882456392473
sine_next,1668868548,qslstm_log,4,0.47217966121718424,0.3199979276047812
sine_next,1668868548,qslstm_log,5,0.47223710761911764,0.31972440728945134
sine_next,1668868548,qslstm_log,6,0.4718451917058187,0.3196866489393296
sine_next,1668868548,qslstm_log,7,0.4714759019407936,0.3196729643602883
sine_next,1668868548,qslstm_log,8,0.4717914728824112,0.3198199977428731
sine_next,1668868548,qslstm_log,9,0.47213884743368584,0.32028136297596094
sine_next,1668868548,qslstm_log,10,0.4717699225219544,0.32097822724799896
sine_next,1668868548,qslstm_log,11,0.4701517565827158,0.32139281522906593
sine_next,1668868548,qslstm_log,12,0.46842637649145497,0.3211918114430342
sine_next,1668868548,qslstm_log,13,0.4673091224182877,0.3207238084704372
sine_next,1668868548,qslstm_log,14,0.4668980916000732,0.32042018045767595
sine_next,1668868548,qslstm_log,15,0.4660528778019727,0.32032977679095415
sine_next,1668868548,qslstm_log,16,0.4660389648516966,0.320211516793006
sine_next,1668868548,qslstm_log,17,0.46826081133552966,0.3198106881084043
sine_next,1668868548,qslstm_log,18,0.4707885182658366,0.3192155543612795
sine_next,1668868548,qslstm_log,19,0.4723674814205742,0.3189510574789229
sine_next,1668868548,qslstm_log,20,0.4738223564836286,0.319306009605242
sine_next,1668868548,qslstm_log,21,0.47558067314434405,0.31989192149001333
sine_next,1668868548,qslstm_log,22,0.47865594832935854,0.3200383821813284
sine_next,1668868548,qslstm_log,23,0.4820769718299708,0.3194431443109935
sine_next,1668868548,qslstm_log,24,0.48387129493280023,0.31870491857682226
sine_next,1668868548,qslstm_log,25,0.48369990752117803,0.31874010407093956
sine_next,1668868548,qslstm_log,26,0.48201259425970167,0.3196721528741434
sine_next,1668868548,qslstm_log,27,0.4811346293567591,0.32073967809792847
sine_next,1668868548,qslstm_log,28,0.4813108353988408,0.3210358118685799
sine_next,1668868548,qslstm_log,29,0.4810008537851082,0.3203796566353546
sine_next,1668868548,qslstm_log,30,0.4793991799020909,0.31962186523896013
sine_next,1668868548,qslstm_log,31,0.4748813766202503,0.31966561631782864
sine_next,1710807515,qlstm,0,0.5986134563572705,0.3186300262459554
sine_next,1710807515,qlstm,1,0.5998678356409073,0.3201697473996319
sine_next,1710807515,qlstm,2,0.6008146234671585,0.31840388337150216
sine_next,1710807515,qlstm,3,0.601335522136651,0.31812713865656406
sine_next,1710807515,qlstm,4,0.6011000031721778,0.3201057052356191
sine_next,1710807515,qlstm,5,0.6006213643122464,0.32239368790760636
sine_next,1710807515,qlstm,6,0.6004475936060771,0.3228919781395234
sine_next,1710807515,qlstm,7,0.6006302352179773,0.3209486457053572
sine_next,1710807515,qlstm,8,0.600575651449617,0.3180960049503483
sine_next,1710807515,qlstm,9,0.6001758515485562,0.31608746317215264
sine_next,1710807515,qlstm,10,0.5995449780602939,0.315462896542158
sine_next,1710807515,qlstm,11,0.5988659021677449,0.3153964455705136
sine_next,1710807515,qlstm,12,0.5983983862097375,0.31519650790141895
sine_next,1710807515,qlstm,13,0.5982954381033778,0.3149927436024882
sine_next,1710807515,qlstm,14,0.5983732380555011,0.31515647511696443
sine_next,1710807515,qlstm,15,0.598608159518335,0.31548807834042236
sine_next,1710807515,qlstm,16,0.5991757261799648,0.3152065748581663
sine_next,1710807515,qlstm,17,0.5998750636936165,0.3140095057315193
sine_next,1710807515,qlstm,18,0.6003710493678227,0.31288607977330685
sine_next,1710807515,qlstm,19,0.6001542694284581,0.31357194943120703
sine_next,1710807515,qlstm,20,0.5992571464157663,0.3162306933081709
sine_next,1710807515,qlstm,21,0.5981595952180214,0.3193833895493299
sine_next,1710807515,qlstm,22,0.5974652079166844,0.3208230342133902
sine_next,1710807515,qlstm,23,0.5973368650884368,0.31980803824262694
sine_next,1710807515,qlstm,24,0.5976210245862603,0.317796757502947
sine_next,1710807515,qlstm,25,0.5978313239174895,0.31694383901776746
sine_next,1710807515,qlstm,26,0.5976913477643393,0.31801911181537434
sine_next,1710807515,qlstm,27,0.5976095662917942,0.319604325981345
sine_next,1710807515,qlstm,28,0.5980122552718967,0.3192733324249275
sine_next,1710807515,qlstm,29,0.599231526022777,0.3162460071616806
sine_next,1710807515,qlstm,30,0.6006305349292234,0.31258820032235235
sine_next,1710807515,qlstm,31,0.6009856825694442,0.31096868123859167
sine_next,1710807515,qslstm,0,6.325662495364668,0.2936550864833407
sine_next,1710807515,qslstm,1,5.897907836741069,0.30018601776100695
sine_next,1710807515,qslstm,2,6.616347480012337,0.29551204707240686
sine_next,1710807515,qslstm,3,6.265448127189302,0.29422388516832143
sine_next,1710807515,qslstm,4,6.05153368167521,0.29405283101368695
sine_next,1710807515,qslstm,5,6.116553945714259,0.2944387109600939
sine_next,1710807515,qslstm,6,6.258870242658304,0.29454809584422037
sine_next,1710807515,qslstm,7,6.578926521309768,0.2941999929607846
sine_next,1710807515,qslstm,8,7.034935239018523,0.2938307029544376
sine_next,1710807515,qslstm,9,7.090407194031286,0.29398471250897273
sine_next,1710807515,qslstm,10,7.072966137711774,0.29475938715040684
sine_next,1710807515,qslstm,11,7.071340558803058,0.29563779366435483
sine_next,1710807515,qslstm,12,6.751527056476334,0.2962944649043493
sine_next,1710807515,qslstm,13,6.556774744720315,0.29665312566794455
sine_next,1710807515,qslstm,14,6.4532788150099805,0.29680850938893855
sine_next,1710807515,qslstm,15,6.535934929124778,0.2967077292269096
sine_next,1710807515,qslstm,16,6.8625404209888075,0.29621723876334727
sine_next,1710807515,qslstm,17,7.082367685317877,0.29532967892009765
sine_next,1710807515,qslstm,18,7.046335592705873,0.2945860776817426
sine_next,1710807515,qslstm,19,7.00843965394597,0.2946032904437743
sine_next,1710807515,qslstm,20,6.756850132645923,0.2955494038760662
sine_next,1710807515,qslstm,21,6.338960188426427,0.29694611503509805
sine_next,1710807515,qslstm,22,6.096700919631985,0.2978741012630053
sine_next,1710807515,qslstm,23,6.314563967724098,0.2979583145934157
sine_next,1710807515,qslstm,24,6.365519038547063,0.29758691519964486
sine_next,1710807515,qslstm,25,6.651007137232227,0.2974103265441954
sine_next,1710807515,qslstm,26,6.080952665914083,0.29768972797319293
sine_next,1710807515,qslstm,27,5.636063824684243,0.29801978054456413
sine_next,1710807515,qslstm,28,6.288094695381005,0.29755212855525315
sine_next,1710807515,qslstm,29,7.055991813293076,0.2961783308419399
sine_next,1710807515,qslstm,30,7.049269336130237,0.29465663683367893
sine_next,1710807515,qslstm,31,7.235371116985334,0.2939067767583765
sine_next,1710807515,qslstm_log,0,1.2763957965900912,0.2912553575873781
sine_next,1710807515,qslstm_log,1,1.2478607740020753,0.30297138346021435
sine_next,1710807515,qslstm_log,2,1.3366487300075554,0.2989795301242024
sine_next,1710807515,qslstm_log,3,1.4082607603603265,0.2987658949864962
sine_next,1710807515,qslstm_log,4,1.40882119076538,0.2995734004098869
sine_next,1710807515,qslstm_log,5,1.4074774280044342,0.30043410406241366
sine_next,1710807515,qslstm_log,6,1.3802110376273466,0.30058523060176123
sine_next,1710807515,qslstm_log,7,1.454943399481088,0.2997451255471325
sine_next,1710807515,qslstm_log,8,1.4615300238668891,0.29836934666185155
sine_next,1710807515,qslstm_log,9,1.425788581601044,0.2971833808156122
sine_next,1710807515,qslstm_log,10,1.3747012123493774,0.2965811005524956
sine_next,1710807515,qslstm_log,11,1.3743655596687177,0.2962855752128899
sine_next,1710807515,qslstm_log,12,1.3437822965541613,0.2960789328855933
sine_next,1710807515,qslstm_log,13,1.295179956230255,0.2959977096433877
sine_next,1710807515,qslstm_log,14,1.3214634901533877,0.2961676132577935
sine_next,1710807515,qslstm_log,15,1.3248301616982894,0.29644306826334554
sine_next,1710807515,qslstm_log,16,1.3490453170862398,0.2965592954549256
sine_next,1710807515,qslstm_log,17,1.3843182405456167,0.2962901697546971
sine_next,1710807515,qslstm_log,18,1.443405099452728,0.29590929221685297
sine_next,1710807515,qslstm_log,19,1.4088846181930008,0.2960796763319729
sine_next,1710807515,qslstm_log,20,1.3662763435688063,0.29689933429466514
sine_next,1710807515,qslstm_log,21,1.298268213547481,0.29795560447204117
sine_next,1710807515,qslstm_log,22,1.2917322224385204,0.298435855714241
sine_next,1710807515,qslstm_log,23,1.302240524609164,0.2980171197831435
sine_next,1710807515,qslstm_log,24,1.26851613021898,0.2972173177998921
sine_next,1710807515,qslstm_log,25,1.2838374952539253,0.29686777598366576
sine_next,1710807515,qslstm_log,26,1.2757367419669277,0.29729301857215396
sine_next,1710807515,qslstm_log,27,1.2915360476157711,0.29804320345004226
sine_next,1710807515,qslstm_log,28,1.3101490514051277,0.29811372823367543
sine_next,1710807515,qslstm_log,29,1.301469051711258,0.29715106192971713
sine_next,1710807515,qslstm_log,30,1.3763854300081142,0.29593505726610386
sine_next,1710807515,qslstm_log,31,1.4433941453994823,0.2952623348922355
sine_next,1716202887,qlstm,0,0.6712461572606117,0.3097941962769255
sine_next,1716202887,qlstm,1,0.6703240160131827,0.31556882784934714
sine_next,1716202887,qlstm,2,0.670169849996455,0.31572405830956995
sine_next,1716202887,qlstm,3,0.6706593106500804,0.31348740903194994
sine_next,1716202887,qlstm,4,0.6713181349914521,0.3112041362328455
sine_next,1716202887,qlstm,5,0.6716537073953077,0.31006491417065263
sine_next,1716202887,qlstm,6,0.6716766319004819,0.30975308507913724
sine_next,1716202887,qlstm,7,0.6716771686915308,0.30908143165288493
sine_next,1716202887,qlstm,8,0.6722349217161536,0.3074691142537631
sine_next,1716202887,qlstm,9,0.6728530878899619,0.3062319023301825
sine_next,1716202887,qlstm,10,0.6728995598386973,0.3067580125061795
sine_next,1716202887,qlstm,11,0.6725554680451751,0.3084638281725347
sine_next,1716202887,qlstm,12,0.6724605810595676,0.3097832762869075
sine_next,1716202887,qlstm,13,0.6726578329689801,0.3096463692490943
sine_next,1716202887,qlstm,14,0.6729145488934591,0.30870465812040493
sine_next,1716202887,qlstm,15,0.6727384924888611,0.3089119528885931
sine_next,1716202887,qlstm,16,0.6720743092009798,0.3106571365497075
sine_next,1716202887,qlstm,17,0.6714228052878752,0.3119937077863142
sine_next,1716202887,qlstm,18,0.6715423335554078,0.3110172246815637
sine_next,1716202887,qlstm,19,0.6722642488311976,0.30843828606884927
sine_next,1716202887,qlstm,20,0.6728638669010252,0.30691059021046385
sine_next,1716202887,qlstm,21,0.6725020769517869,0.30834157567005605
sine_next,1716202887,qlstm,22,0.6714414994930848,0.31211289030034095
sine_next,1716202887,qlstm,23,0.6705082452390343,0.3150653559132479
sine_next,1716202887,qlstm,24,0.6705806809477508,0.31480500154430047
sine_next,1716202887,qlstm,25,0.6714516709325835,0.31256340676918626
sine_next,1716202887,qlstm,26,0.6720023371744901,0.310870569315739
sine_next,1716202887,qlstm,27,0.6719547270331532,0.31089562841225415
sine_next,1716202887,qlstm,28,0.6716290947515517,0.311890366661828
sine_next,1716202887,qlstm,29,0.6716627554269508,0.31183677446097136
sine_next,1716202887,qlstm,30,0.6721880205441266,0.31038768275175244
sine_next,1716202887,qlstm,31,0.672873436124064,0.3088403247529641
sine_next,1716202887,qslstm,0,6.865305436658673,0.29683466686401516
sine_next,1716202887,qslstm,1,9.19871817168314,0.308551054331474
sine_next,1716202887,qslstm,2,9.106297632330097,0.307050664559938
sine_next,1716202887,qslstm,3,9.488142044865526,0.30706929916050285
sine_next,1716202887,qslstm,4,9.478891766862944,0.307718624768313
sine_next,1716202887,qslstm,5,11.206086160615087,0.30858933087438345
sine_next,1716202887,qslstm,6,8.8080729796784,0.3093494375352748
sine_next,1716202887,qslstm,7,10.522458674386144,0.30916127283126116
sine_next,1716202887,qslstm,8,9.937074831337668,0.30759210960241035
sine_next,1716202887,qslstm,9,8.940956904669292,0.3054631681297906
sine_next,1716202887,qslstm,10,10.115959928254597,0.3035796427866444
sine_next,1716202887,qslstm,11,9.224108367809094,0.3022156822262332
sine_next,1716202887,qslstm,12,9.721422063652426,0.30154574115294963
sine_next,1716202887,qslstm,13,10.593638175399974,0.30134752357844263
sine_next,1716202887,qslstm,14,10.85256606945768,0.3015122008509934
sine_next,1716202887,qslstm,15,11.079579283017665,0.30250450619496405
sine_next,1716202887,qslstm,16,9.519522210466675,0.3043632601038553
sine_next,1716202887,qslstm,17,9.786163098644465,0.30615330417640507
sine_next,1716202887,qslstm,18,8.469848715816624,0.306750203424599
sine_next,1716202887,qslstm,19,9.026432455517352,0.3060398723464459
sine_next,1716202887,qslstm,20,12.816648758598603,0.3047033820184879
sine_next,1716202887,qslstm,21,9.052669867291115,0.3038074720534496
sine_next,1716202887,qslstm,22,8.224112617899664,0.3039443187881261
sine_next,1716202887,qslstm,23,8.666376479435712,0.30435014207614586
sine_next,1716202887,qslstm,24,8.184338819002733,0.3041366936522536
sine_next,1716202887,qslstm,25,10.099384588422254,0.3035094322403893
sine_next,1716202887,qslstm,26,9.935517559759319,0.30302457395009696
sine_next,1716202887,qslstm,27,8.83863108640071,0.3030368944746442
sine_next,1716202887,qslstm,28,8.452831609873101,0.3034119966905564
sine_next,1716202887,qslstm,29,8.924716780544259,0.3033960281754844
sine_next,1716202887,qslstm,30,8.46268409898039,0.30289088474819437
sine_next,1716202887,qslstm,31,11.417497803689912,0.3023485667654313
sine_next,1806016308,qlstm,0,0.6674325430067256,0.39603011147119105
sine_next,1806016308,qlstm,1,0.6648591689299792,0.3953377951402217
sine_next,1806016308,qlstm,2,0.6631745239719748,0.3950267572654411
sine_next,1806016308,qlstm,3,0.6626853896304965,0.39416808512760326
sine_next,1806016308,qlstm,4,0.6630425583571196,0.3930265262024477
sine_next,1806016308,qlstm,5,0.6634527674177662,0.3923665611073375
sine_next,1806016308,qlstm,6,0.663421378354542,0.39253054111031815
sine_next,1806016308,qlstm,7,0.6631548738805577,0.39318699977593496
sine_next,1806016308,qlstm,8,0.6631222582655028,0.3938246876350604
sine_next,1806016308,qlstm,9,0.6634812441188842,0.3942208618973382
sine_next,1806016308,qlstm,10,0.6638477969681844,0.3944760821759701
sine_next,1806016308,qlstm,11,0.6639344415161759,0.3947820476605557
sine_next,1806016308,qlstm,12,0.6638292521238327,0.3952420699642971
sine_next,1806016308,qlstm,13,0.6637198817916214,0.3957884761621244
sine_next,1806016308,qlstm,14,0.6637461743084714,0.39615906291874126
sine_next,1806016308,qlstm,15,0.6640518726781011,0.3961300785304047
sine_next,1806016308,qlstm,16,0.6646560544613749,0.3958531025564298
sine_next,1806016308,qlstm,17,0.6651947674108669,0.3956874144496396
sine_next,1806016308,qlstm,18,0.6652539265342057,0.3958498205174692
sine_next,1806016308,qlstm,19,0.6649213612545282,0.39632862649159506
sine_next,1806016308,qlstm,20,0.6645680404035375,0.39679133775644004
sine_next,1806016308,qlstm,21,0.6643307756166905,0.396832479222212
sine_next,1806016308,qlstm,22,0.6642807837342843,0.3962030505645089
sine_next,1806016308,qlstm,23,0.6644491831539199,0.3951389074791223
sine_next,1806016308,qlstm,24,0.6645215352764353,0.39417484670411795
sine_next,1806016308,qlstm,25,0.6640801186440513,0.3937560958438553
sine_next,1806016308,qlstm,26,0.6631844348739833,0.3939212569966912
sine_next,1806016308,qlstm,27,0.6623072001384571,0.3944470133865252
sine_next,1806016308,qlstm,28,0.6618601090740412,0.3949909000657499
sine_next,1806016308,qlstm,29,0.6620034262305126,0.39524900692049414
sine_next,1806016308,qlstm,30,0.6627626219997182,0.3951375416945666
sine_next,1806016308,qlstm,31,0.6638286680681631,0.3948389915167354
sine_next,1806016308,qslstm,0,3030.722516873997,0.37371276738122106
sine_next,1806016308,qslstm,1,338.2347235299094,0.37559568602591753
sine_next,1806016308,qslstm,2,610.365975795954,0.3746217561420053
sine_next,1806016308,qslstm,3,866.0145453370642,0.3731245360686444
sine_next,1806016308,qslstm,4,1050.734350166138,0.3719936268753372
sine_next,1806016308,qslstm,5,1001.1193155444635,0.37141262652585283
sine_next,1806016308,qslstm,6,988.6978517058596,0.3714683693833649
sine_next,1806016308,qslstm,7,933.0695737119822,0.37194419623119757
sine_next,1806016308,qslstm,8,1034.3933668315585,0.3724092381307855
sine_next,1806016308,qslstm,9,949.2420597832679,0.37260356423212215
sine_next,1806016308,qslstm,10,951.247217914497,0.3725298883509822
sine_next,1806016308,qslstm,11,1037.2990008767665,0.37256711255759
sine_next,1806016308,qslstm,12,1022.7288389265159,0.3729644474806264
sine_next,1806016308,qslstm,13,1043.3546998487582,0.37346889241598547
sine_next,1806016308,qslstm,14,1099.8713888411148,0.37368391267955303
sine_next,1806016308,qslstm,15,1080.9490560964186,0.37348953261971474
sine_next,1806016308,qslstm,16,1066.5410132621764,0.3730904881376773
sine_next,1806016308,qslstm,17,1112.423312498955,0.3727947421139106
sine_next,1806016308,qslstm,18,1065.7105548798136,0.37282634782604873
sine_next,1806016308,qslstm,19,1130.0870711496827,0.3732669069431722
sine_next,1806016308,qslstm,20,1041.2184645513044,0.37380493577802554
sine_next,1806016308,qslstm,21,1037.7294483799342,0.3738632895401679
sine_next,1806016308,qslstm,22,1060.6224395237368,0.3733212876250036
sine_next,1806016308,qslstm,23,1001.8539918234601,0.3725539167644456
sine_next,1806016308,qslstm,24,971.6793900601915,0.371968801075127
sine_next,1806016308,qslstm,25,909.469506525973,0.3718087443849072
sine_next,1806016308,qslstm,26,959.8490171561134,0.3721826788969338
sine_next,1806016308,qslstm,27,938.1307074537617,0.3729232143377885
sine_next,1806016308,qslstm,28,928.3889804350474,0.3735536671592854
sine_next,1806016308,qslstm,29,996.8923411991564,0.3736590177868493
sine_next,1806016308,qslstm,30,1087.704643079429,0.3733168991166167
sine_next,1806016308,qslstm,31,988.9015882068052,0.372796421055682
sine_next,1806016308,qslstm_log,0,0.6803445439594418,0.33724985264624013
sine_next,1806016308,qslstm_log,1,0.599528995346005,0.33956498411868224
sine_next,1806016308,qslstm_log,2,0.6006477157244258,0.33725883690451575
sine_next,1806016308,qslstm_log,3,0.6048911967970224,0.3364941570306999
sine_next,1806016308,qslstm_log,4,0.61838699648741,0.3353506153244711
sine_next,1806016308,qslstm_log,5,0.6452217207886026,0.3347289800502138
sine_next,1806016308,qslstm_log,6,0.6462452118230991,0.3347973642086444
sine_next,1806016308,qslstm_log,7,0.6263737857063102,0.3352918157634386
sine_next,1806016308,qslstm_log,8,0.6230052365248672,0.33577186143258503
sine_next,1806016308,qslstm_log,9,0.6318683564769659,0.3359683467607657
sine_next,1806016308,qslstm_log,10,0.6301748738410078,0.3359287388120749
sine_next,1806016308,qslstm_log,11,0.6169937951010936,0.33599607349035604
sine_next,1806016308,qslstm_log,12,0.606463840374186,0.33639295797123436
sine_next,1806016308,qslstm_log,13,0.6033506948737208,0.3369114620006724
sine_next,1806016308,qslstm_log,14,0.6053696319482182,0.337151305772341
sine_next,1806016308,qslstm_log,15,0.6050711669463884,0.33696529116234186
sine_next,1806016308,qslstm_log,16,0.612263266983688,0.3365773691796823
sine_next,1806016308,qslstm_log,17,0.6289546287768736,0.3362957946574413
sine_next,1806016308,qslstm_log,18,0.6172245925398329,0.3363366104629686
sine_next,1806016308,qslstm_log,19,0.6073393229851232,0.3368009686641782
sine_next,1806016308,qslstm_log,20,0.6009777301691654,0.33731398427917675
sine_next,1806016308,qslstm_log,21,0.6062829667164946,0.3373837704725089
sine_next,1806016308,qslstm_log,22,0.6021514013845561,0.3368232623390714
sine_next,1806016308,qslstm_log,23,0.6144572549827241,0.33602614120815993
sine_next,1806016308,qslstm_log,24,0.6303850950545449,0.3354064650791189
sine_next,1806016308,qslstm_log,25,0.6340262929540267,0.3352359959448288
sine_next,1806016308,qslstm_log,26,0.6159732376620488,0.3356022733695428
sine_next,1806016308,qslstm_log,27,0.6061334267636788,0.3363268433179842
sine_next,1806016308,qslstm_log,28,0.6099997511695079,0.33693952089811324
sine_next,1806016308,qslstm_log,29,0.5998653441908827,0.33705436072641665
sine_next,1806016308,qslstm_log,30,0.6087384327733774,0.3367267746314843
sine_next,1806016308,qslstm_log,31,0.6204270603577915,0.3361942818428144
sine_next,1885117419,qlstm,0,0.6113336376729421,0.31337160791736096
sine_next,1885117419,qlstm,1,0.6100625131512061,0.3130774828023277
sine_next,1885117419,qlstm,2,0.6079941159696318,0.3162343303556554
sine_next,1885117419,qlstm,3,0.6065866135759279,0.32087116001639515
sine_next,1885117419,qlstm,4,0.6069659807835706,0.3227279913262464
sine_next,1885117419,qlstm,5,0.6090829054010101,0.32047924224752933
sine_next,1885117419,qlstm,6,0.6115290271118283,0.3167413149494678
sine_next,1885117419,qlstm,7,0.6127643818035722,0.314830391027499
sine_next,1885117419,qlstm,8,0.6123025281121954,0.3154272609972395
sine_next,1885117419,qlstm,9,0.6109554447466508,0.3165763422730379
sine_next,1885117419,qlstm,10,0.6098147904267535,0.3160398710751906
sine_next,1885117419,qlstm,11,0.6092029601568356,0.3136469530290924
sine_next,1885117419,qlstm,12,0.608769359998405,0.31140099733602256
sine_next,1885117419,qlstm,13,0.6082115966710262,0.31113557051867247
sine_next,1885117419,qlstm,14,0.6076847692602314,0.31259403127478436
sine_next,1885117419,qlstm,15,0.6076944104279391,0.3141505994135514
sine_next,1885117419,qlstm,16,0.6083792928257026,0.3148326766677201
sine_next,1885117419,qlstm,17,0.6091346794273704,0.3150928327231668
sine_next,1885117419,qlstm,18,0.6092987509327941,0.3158093586098403
sine_next,1885117419,qlstm,19,0.6087951534427702,0.31684369390131906
sine_next,1885117419,qlstm,20,0.6080175538081676,0.3170748489210382
sine_next,1885117419,qlstm,21,0.6073437978629954,0.3158580878516659
sine_next,1885117419,qlstm,22,0.606822437082883,0.31394929671660066
sine_next,1885117419,qlstm,23,0.606265912996605,0.31285499717341736
sine_next,1885117419,qlstm,24,0.6057082387269475,0.31337368342792615
sine_next,1885117419,qlstm,25,0.6055767163052224,0.3147196070640348
sine_next,1885117419,qlstm,26,0.6062533537624404,0.3155063966405578
sine_next,1885117419,qlstm,27,0.6076432603294961,0.3154730029636994
sine_next,1885117419,qlstm,28,0.609094700019341,0.3154948629089631
sine_next,1885117419,qlstm,29,0.6099835565546528,0.3162296545342542
sine_next,1885117419,qlstm,30,0.610270868637599,0.3171581872156821
sine_next,1885117419,qlstm,31,0.6103113821009174,0.31705784861696884
sine_next,1885117419,qslstm,0,11.696462202795374,0.30457287741592154
sine_next,1885117419,qslstm,1,8.184822855648235,0.30755951488390565
sine_next,1885117419,qslstm,2,9.865449851727135,0.30674413905944675
sine_next,1885117419,qslstm,3,9.792612796215963,0.3081939412513748
sine_next,1885117419,qslstm,4,9.804903189445213,0.30875702964840457
sine_next,1885117419,qslstm,5,9.847254525209337,0.3079976215958595
sine_next,1885117419,qslstm,6,10.042106733789751,0.30666911642765626
sine_next,1885117419,qslstm,7,10.216248327385529,0.30594700726214796
sine_next,1885117419,qslstm,8,10.249714650303758,0.3061402435414493
sine_next,1885117419,qslstm,9,10.141599961447582,0.30657518742373213
sine_next,1885117419,qslstm,10,9.93034159840181,0.30648560961708426
sine_next,1885117419,qslstm,11,9.686575652209513,0.3058148522977717
sine_next,1885117419,qslstm,12,9.508264255614904,0.305173956498038
sine_next,1885117419,qslstm,13,9.418529389444302,0.30512913048733026
sine_next,1885117419,qslstm,14,9.368549257504128,0.3056376144522801
sine_next,1885117419,qslstm,15,9.388394076758914,0.30614714889088646
sine_next,1885117419,qslstm,16,9.487182250581327,0.30632999929366633
sine_next,1885117419,qslstm,17,9.67201483630879,0.3063318554777652
sine_next,1885117419,qslstm,18,9.816601236926772,0.30649064551107585
sine_next,1885117419,qslstm,19,9.817941264351703,0.3068406619131565
sine_next,1885117419,qslstm,20,9.747048503061023,0.30697317590238526
sine_next,1885117419,qslstm,21,9.651458008310556,0.3065975022036582
sine_next,1885117419,qslstm,22,9.489959375925537,0.30601778952404857
sine_next,1885117419,qslstm,23,9.316905443910628,0.3057636088342406
sine_next,1885117419,qslstm,24,9.249538553704951,0.30598006694344804
sine_next,1885117419,qslstm,25,9.238786872751234,0.30642548750620335
sine_next,1885117419,qslstm,26,9.318725564133501,0.306642425712198
sine_next,1885117419,qslstm,27,9.494461058853858,0.30652478348929435
sine_next,1885117419,qslstm,28,9.71301143364144,0.30642025847919285
sine_next,1885117419,qslstm,29,9.924652127785976,0.3065645899041556
sine_next,1885117419,qslstm,30,10.028200257916069,0.3068170443875715
sine_next,1885117419,qslstm,31,10.01611017404116,0.3067975058220327
sine_next,1952804984,qlstm,0,0.6355929496930912,0.30417334102094173
sine_next,1952804984,qlstm,1,0.6331199823180214,0.308614649286028
sine_next,1952804984,qlstm,2,0.6317959102452733,0.3099987567984499
sine_next,1952804984,qlstm,3,0.6317428052425385,0.3097748165600933
sine_next,1952804984,qlstm,4,0.6320065673207864,0.3090068202582188
sine_next,1952804984,qlstm,5,0.6319883021060377,0.3095271873171441
sine_next,1952804984,qlstm,6,0.631769958010409,0.3116539612528868
sine_next,1952804984,qlstm,7,0.631684854219202,0.3138541511143558
sine_next,1952804984,qlstm,8,0.6321151078445837,0.31397925660712644
sine_next,1952804984,qlstm,9,0.6329998188884929,0.3116908569354564
sine_next,1952804984,qlstm,10,0.6339787734323181,0.30897466477472335
sine_next,1952804984,qlstm,11,0.6345596668543294,0.3081370997824706
sine_next,1952804984,qlstm,12,0.6342461023014039,0.30992295063333586
sine_next,1952804984,qlstm,13,0.6333812749944627,0.31275328155606985
sine_next,1952804984,qlstm,14,0.6325278583099134,0.31468428496737033
sine_next,1952804984,qlstm,15,0.632307650113944,0.31466838298365474
sine_next,1952804984,qlstm,16,0.6325869367574342,0.31333416618872434
sine_next,1952804984,qlstm,17,0.6329677039175294,0.3117946486454457
sine_next,1952804984,qlstm,18,0.633273089362774,0.3104894569260068
sine_next,1952804984,qlstm,19,0.6335996357374825,0.3094627534155734
sine_next,1952804984,qlstm,20,0.63395922788186,0.3087084678700194
sine_next,1952804984,qlstm,21,0.6340974489576183,0.3085500992019661
sine_next,1952804984,qlstm,22,0.634059822477866,0.3093201653682627
sine_next,1952804984,qlstm,23,0.6339245641138405,0.31058234663214535
sine_next,1952804984,qlstm,24,0.6337328363442793,0.3115437686792575
sine_next,1952804984,qlstm,25,0.6336454967968166,0.3116115126758814
sine_next,1952804984,qlstm,26,0.6337349841487594,0.31081452331272885
sine_next,1952804984,qlstm,27,0.6338664179784246,0.3097900245920755
sine_next,1952804984,qlstm,28,0.6337275490514003,0.3094265256077051
sine_next,1952804984,qlstm,29,0.6332358818617649,0.30990755069069564
sine_next,1952804984,qlstm,30,0.6325875414768234,0.3106518689310178
sine_next,1952804984,qlstm,31,0.6319391942815855,0.31101504480466247
sine_next,1952804984,qslstm,0,53.911564427253325,0.39975749724544585
sine_next,1952804984,qslstm,1,20.149280634097522,0.4062851186026819
sine_next,1952804984,qslstm,2,27.684130857989658,0.40530641708755866
sine_next,1952804984,qslstm,3,29.388473955448717,0.4056101063033566
sine_next,1952804984,qslstm,4,29.08804052535561,0.4055647720815614
sine_next,1952804984,qslstm,5,28.67808284945204,0.40573811781359836
sine_next,1952804984,qslstm,6,27.749787431996083,0.4065174256102182
sine_next,1952804984,qslstm,7,26.537530146655627,0.40746197174303234
sine_next,1952804984,qslstm,8,26.76156467277906,0.40781846264144406
sine_next,1952804984,qslstm,9,27.234438688697992,0.407289998838678
sine_next,1952804984,qslstm,10,29.298478655400686,0.406487112340983
sine_next,1952804984,qslstm,11,29.599474283255404,0.4063312105135992
sine_next,1952804984,qslstm,12,29.355519743345212,0.4069085457595065
sine_next,1952804984,qslstm,13,28.15336957978434,0.40767995349597186
sine_next,1952804984,qslstm,14,26.40418878183118,0.40803355467505753
sine_next,1952804984,qslstm,15,25.81976438095444,0.407991737651173
sine_next,1952804984,qslstm,16,26.761933433503145,0.4077125351759605
sine_next,1952804984,qslstm,17,26.79023057600716,0.40727395442081615
sine_next,1952804984,qslstm,18,28.30028787473566,0.4068420045077801
sine_next,1952804984,qslstm,19,28.677654479892226,0.40644114097813144
sine_next,1952804984,qslstm,20,29.28519876190694,0.40618240769254044
sine_next,1952804984,qslstm,21,29.263155525608454,0.4061392729636282
sine_next,1952804984,qslstm,22,29.199853558675386,0.40635236183879897
sine_next,1952804984,qslstm,23,28.530190594145097,0.40689741278765723
sine_next,1952804984,qslstm,24,28.460170608130284,0.4073032765300013
sine_next,1952804984,qslstm,25,27.903534491400933,0.40729080617893487
sine_next,1952804984,qslstm,26,28.46673046372598,0.40698963787872344
sine_next,1952804984,qslstm,27,29.573970724915853,0.4066714469809085
sine_next,1952804984,qslstm,28,28.741370326839387,0.40638563910033554
sine_next,1952804984,qslstm,29,28.150015223480295,0.40633026929572225
sine_next,1952804984,qslstm,30,27.50238367493148,0.4063984511885792
sine_next,1952804984,qslstm,31,27.749378300388344,0.4062415952794254
sine_next,1952804984,qslstm_log,0,1.4338826076268423,0.3998176914398803
sine_next,1952804984,qslstm_log,1,1.429314506057561,0.4009742844009438
sine_next,1952804984,qslstm_log,2,1.548465915799226,0.40002990149624623
sine_next,1952804984,qslstm_log,3,1.5258572735192937,0.40010702531490444
sine_next,1952804984,qslstm_log,4,1.4944237562304354,0.39997036478544445
sine_next,1952804984,qslstm_log,5,1.511653906118041,0.4002424107398428
sine_next,1952804984,qslstm_log,6,1.487541154278669,0.40106484762223493
sine_next,1952804984,qslstm_log,7,1.4846940707397454,0.4019365479276854
sine_next,1952804984,qslstm_log,8,1.4328968533535231,0.4021583580445778
sine_next,1952804984,qslstm_log,9,1.4522836162262478,0.40154506918672506
sine_next,1952804984,qslstm_log,10,1.568043097438943,0.4007671821556718
sine_next,1952804984,qslstm_log,11,1.564646129959882,0.40058015193182195
sine_next,1952804984,qslstm_log,12,1.5447884010534347,0.4011918781636079
sine_next,1952804984,qslstm_log,13,1.407463119378177,0.4020926374683932
sine_next,1952804984,qslstm_log,14,1.3830196611417325,0.4026216946128643
sine_next,1952804984,qslstm_log,15,1.4243527557156634,0.4026181308287995
sine_next,1952804984,qslstm_log,16,1.4576191932992721,0.4022081548659102
sine_next,1952804984,qslstm_log,17,1.5090634662796585,0.4016788244515722
sine_next,1952804984,qslstm_log,18,1.4660934649179171,0.4012361770367998
sine_next,1952804984,qslstm_log,19,1.5170067784975065,0.40085350839427747
sine_next,1952804984,qslstm_log,20,1.5036104811131423,0.40063053055149367
sine_next,1952804984,qslstm_log,21,1.4787228254088673,0.4005921434908781
sine_next,1952804984,qslstm_log,22,1.495073001543076,0.40086670008625835
sine_next,1952804984,qslstm_log,23,1.5314174053854037,0.40136002878318433
sine_next,1952804984,qslstm_log,24,1.4817317825568956,0.4017230467634536
sine_next,1952804984,qslstm_log,25,1.4542166736188367,0.4017205306726737
sine_next,1952804984,qslstm_log,26,1.5077385893839872,0.40143845418304047
sine_next,1952804984,qslstm_log,27,1.5441374715362053,0.401084318220897
sine_next,1952804984,qslstm_log,28,1.544076548394395,0.40083901836568886
sine_next,1952804984,qslstm_log,29,1.522836241742386,0.40085705860598536
sine_next,1952804984,qslstm_log,30,1.4640050092821768,0.40096461151215057
sine_next,1952804984,qslstm_log,31,1.4306381139770872,0.40091680183022416
sine_next,1992756749,qlstm,0,0.6253078791196458,0.3086948976269923
sine_next,1992756749,qlstm,1,0.6235144521924667,0.3103002108982764
sine_next,1992756749,qlstm,2,0.6211474256124347,0.3104350984795019
sine_next,1992756749,qlstm,3,0.6198876425041817,0.3108409626292996
sine_next,1992756749,qlstm,4,0.6200209262315184,0.3101978330523707
sine_next,1992756749,qlstm,5,0.6210546710062772,0.30806194723118097
sine_next,1992756749,qlstm,6,0.622430068848189,0.3060626767692156
sine_next,1992756749,qlstm,7,0.623189295118209,0.3065439503407106
sine_next,1992756749,qlstm,8,0.6232814621762373,0.30976141430437565
sine_next,1992756749,qlstm,9,0.6229353740345687,0.313638364081271
sine_next,1992756749,qlstm,10,0.6224708537920378,0.31485307071125135
sine_next,1992756749,qlstm,11,0.6223422890761867,0.31260892970021814
sine_next,1992756749,qlstm,12,0.6225057902629487,0.30911482335068285
sine_next,1992756749,qlstm,13,0.6221520550898276,0.30747938150307164
sine_next,1992756749,qlstm,14,0.6211389022646472,0.30883689859183505
sine_next,1992756749,qlstm,15,0.6200111652724445,0.3117473761085421
sine_next,1992756749,qlstm,16,0.6197555272956379,0.313309230376035
sine_next,1992756749,qlstm,17,0.6207384977024049,0.3125508253579028
sine_next,1992756749,qlstm,18,0.6222582579939626,0.31094634893815964
sine_next,1992756749,qlstm,19,0.623147402133327,0.31027614808408543
sine_next,1992756749,qlstm,20,0.6235411596135236,0.3109634162392467
sine_next,1992756749,qlstm,21,0.6238962746574543,0.31189295364310965
sine_next,1992756749,qlstm,22,0.6241688971640542,0.31172139797126874
sine_next,1992756749,qlstm,23,0.6241313550272025,0.3105343927163631
sine_next,1992756749,qlstm,24,0.6235803308081813,0.3097902277368121
sine_next,1992756749,qlstm,25,0.6227995099616237,0.31035593419801444
sine_next,1992756749,qlstm,26,0.6216284645488486,0.3114996239892207
sine_next,1992756749,qlstm,27,0.621039581252262,0.3111827112152241
sine_next,1992756749,qlstm,28,0.621396663133055,0.30898424080805853
sine_next,1992756749,qlstm,29,0.6221133062499575,0.30678172275656834
sine_next,1992756749,qlstm,30,0.6221377294277772,0.3069907469325699
sine_next,1992756749,qlstm,31,0.6213205840904266,0.3100287603447214
sine_next,1992756749,qslstm,0,2.096407829107193,0.28749576152767986
sine_next,1992756749,qslstm,1,1.9114036868521112,0.293209544965066
sine_next,1992756749,qslstm,2,2.2993815529126778,0.28848344954894856
sine_next,1992756749,qslstm,3,2.4276196647499546,0.28806040150811896
sine_next,1992756749,qslstm,4,2.500373878113919,0.2878231583745219
sine_next,1992756749,qslstm,5,2.481649025242575,0.28720101848011836
sine_next,1992756749,qslstm,6,2.395692677417344,0.28657907544402406
sine_next,1992756749,qslstm,7,2.2754943036861164,0.2867814866476692
sine_next,1992756749,qslstm,8,2.2241867493347627,0.287730602780357
sine_next,1992756749,qslstm,9,2.2278592976162486,0.2889967178343795
sine_next,1992756749,qslstm,10,2.278787436538778,0.2893766705528833
sine_next,1992756749,qslstm,11,2.316935533020626,0.2886101162293926
sine_next,1992756749,qslstm,12,2.274987300431235,0.2874577710754238
sine_next,1992756749,qslstm,13,2.2112230595557776,0.2868875152198598
sine_next,1992756749,qslstm,14,2.2675321554164896,0.2870595268905163
sine_next,1992756749,qslstm,15,2.378067948544924,0.2879192482214421
sine_next,1992756749,qslstm,16,2.4428917903111937,0.2886858430574648
sine_next,1992756749,qslstm,17,2.4690306119008483,0.2886960954638198
sine_next,1992756749,qslstm,18,2.4109379534767186,0.2883906656061299
sine_next,1992756749,qslstm,19,2.345679672129961,0.28811910923104733
sine_next,1992756749,qslstm,20,2.2425047846056714,0.2882351486478001
sine_next,1992756749,qslstm,21,2.1580688193220112,0.2884465623064898
sine_next,1992756749,qslstm,22,2.0975349962237715,0.28834257007110864
sine_next,1992756749,qslstm,23,2.1007517371805875,0.2878548842854798
sine_next,1992756749,qslstm,24,2.106165604166506,0.28752069076290354
sine_next,1992756749,qslstm,25,2.1359898861254294,0.28758386214030907
sine_next,1992756749,qslstm,26,2.2206851277365445,0.28783991013187915
sine_next,1992756749,qslstm,27,2.3075505416343276,0.2877982812933624
sine_next,1992756749,qslstm,28,2.33283156480411,0.28726254467619583
sine_next,1992756749,qslstm,29,2.303407291744577,0.286731339932885
sine_next,1992756749,qslstm,30,2.310763167526943,0.2866943795233965
sine_next,1992756749,qslstm,31,2.3424806780961376,0.2875973743502982
sine_next,1992756749,qslstm_log,0,0.5304916693815194,0.28668420861195437
sine_next,1992756749,qslstm_log,1,0.5224972439705703,0.29438430088688816
sine_next,1992756749,qslstm_log,2,0.5319041310416927,0.2908024570969006
sine_next,1992756749,qslstm_log,3,0.5281389413896438,0.2902943827132271
sine_next,1992756749,qslstm_log,4,0.5322999398425257,0.29013741375322827
sine_next,1992756749,qslstm_log,5,0.5396909304338201,0.28960814996850287
sine_next,1992756749,qslstm_log,6,0.5465389476490623,0.2891664780469077
sine_next,1992756749,qslstm_log,7,0.5478650017530757,0.28949664539760633
sine_next,1992756749,qslstm_log,8,0.5464191799940494,0.2906121327341255
sine_next,1992756749,qslstm_log,9,0.5433121183573635,0.29202958140001933
sine_next,1992756749,qslstm_log,10,0.5422798210023567,0.29246863892302266
sine_next,1992756749,qslstm_log,11,0.5395477874404263,0.29156822408947775
sine_next,1992756749,qslstm_log,12,0.5364334194640354,0.2902547362214841
sine_next,1992756749,qslstm_log,13,0.534834814684584,0.28948021119150014
sine_next,1992756749,qslstm_log,14,0.5348184230470274,0.28956744548707514
sine_next,1992756749,qslstm_log,15,0.5322457655497455,0.2904305004346326
sine_next,1992756749,qslstm_log,16,0.531438048035477,0.29119336072159185
sine_next,1992756749,qslstm_log,17,0.5369135263330604,0.2913261545527077
sine_next,1992756749,qslstm_log,18,0.5448799394340126,0.2911731410349383
sine_next,1992756749,qslstm_log,19,0.5495700088679589,0.29107417176498607
sine_next,1992756749,qslstm_log,20,0.547188327364956,0.2912845467743075
sine_next,1992756749,qslstm_log,21,0.5445270417997674,0.29159000193374135
sine_next,1992756749,qslstm_log,22,0.5432167151725251,0.29151542229373834
sine_next,1992756749,qslstm_log,23,0.5420267133165861,0.291000583418591
sine_next,1992756749,qslstm_log,24,0.5385914795549333,0.2905444495541465
sine_next,1992756749,qslstm_log,25,0.5377547492750373,0.29048306225059806
sine_next,1992756749,qslstm_log,26,0.5356597647611445,0.29061435782154865
sine_next,1992756749,qslstm_log,27,0.5317353165643582,0.2904352557366674
sine_next,1992756749,qslstm_log,28,0.5309769126090325,0.2898349835142396
sine_next,1992756749,qslstm_log,29,0.5358015086429258,0.2892658469200161
sine_next,1992756749,qslstm_log,30,0.5409285322080746,0.28928892496333514
sine_next,1992756749,qslstm_log,31,0.5394813194192094,0.2902370750978424
sine_next,2036585866,qlstm,0,0.5950905330828391,0.2904936107224785
sine_next,2036585866,qlstm,1,0.5932177129434422,0.2974959037383087
sine_next,2036585866,qlstm,2,0.5917718188138679,0.30023534991778433
sine_next,2036585866,qlstm,3,0.5908390509430319,0.30267750821076334
sine_next,2036585866,qlstm,4,0.5911959898658097,0.3027434030082077
sine_next,2036585866,qlstm,5,0.5925031968508847,0.3010538228554651
sine_next,2036585866,qlstm,6,0.5936813277658075,0.2996408256003633
sine_next,2036585866,qlstm,7,0.5939240371226333,0.3002892068470828
sine_next,2036585866,qlstm,8,0.5935221738764085,0.3023019701940939
sine_next,2036585866,qlstm,9,0.5933498715166934,0.3033737302175723
sine_next,2036585866,qlstm,10,0.5937521263258532,0.30251698108622804
sine_next,2036585866,qlstm,11,0.594158293271903,0.300937247404363
sine_next,2036585866,qlstm,12,0.5938798416173086,0.30019667238229886
sine_next,2036585866,qlstm,13,0.5930737450835295,0.30073701578658074
sine_next,2036585866,qlstm,14,0.5925337077351287,0.30132317304378375
sine_next,2036585866,qlstm,15,0.59298375522485,0.3008629853720777
sine_next,2036585866,qlstm,16,0.5939680454321206,0.2996169534744695
sine_next,2036585866,qlstm,17,0.5945288843940943,0.298650627839379
sine_next,2036585866,qlstm,18,0.5942745090578683,0.29967320134164765
sine_next,2036585866,qlstm,19,0.5935616762726568,0.3022522481624037
sine_next,2036585866,qlstm,20,0.5931676225736737,0.3040876098093577
sine_next,2036585866,qlstm,21,0.5934293487225659,0.30387611023616046
sine_next,2036585866,qlstm,22,0.5938830697559752,0.3021806097240187
sine_next,2036585866,qlstm,23,0.5939478885265999,0.3008321849629283
sine_next,2036585866,qlstm,24,0.5933360740891658,0.3013465480180457
sine_next,2036585866,qlstm,25,0.592516046075616,0.3028122900868766
sine_next,2036585866,qlstm,26,0.5923737632692792,0.3034301148727536
sine_next,2036585866,qlstm,27,0.5929907181416638,0.3024398034904152
sine_next,2036585866,qlstm,28,0.5937086342019029,0.3006542975199409
sine_next,2036585866,qlstm,29,0.5939926483551972,0.29979570442810655
sine_next,2036585866,qlstm,30,0.593745595193468,0.2998936676303856
sine_next,2036585866,qlstm,31,0.593497623631265,0.29999809130094945
sine_next,2036585866,qslstm,0,26.21340897981281,0.2833069519838318
sine_next,2036585866,qslstm,1,37.77660411363013,0.28841882169945166
sine_next,2036585866,qslstm,2,38.63381191033295,0.28672355570597574
sine_next,2036585866,qslstm,3,40.56242017324621,0.28745408466784284
sine_next,2036585866,qslstm,4,42.40869585250584,0.2874862519092858
sine_next,2036585866,qslstm,5,46.2474242945209,0.28669789113337174
sine_next,2036585866,qslstm,6,44.59081612923865,0.2862205437850207
sine_next,2036585866,qslstm,7,39.98378653031068,0.286585969326552
sine_next,2036585866,qslstm,8,40.17938907334383,0.2875695954426192
sine_next,2036585866,qslstm,9,38.9835639913631,0.28813981416169554
sine_next,2036585866,qslstm,10,41.36407346951455,0.28764238045550883
sine_next,2036585866,qslstm,11,42.89189405729621,0.28669395757606253
sine_next,2036585866,qslstm,12,45.321873325325214,0.2862343857414089
sine_next,2036585866,qslstm,13,41.61945133432346,0.2865724308649078
sine_next,2036585866,qslstm,14,40.940588309611485,0.28694694611476734
sine_next,2036585866,qslstm,15,42.338806623884466,0.2867515433463268
sine_next,2036585866,qslstm,16,45.76619022546356,0.2859943946823478
sine_next,2036585866,qslstm,17,44.309793697946134,0.2855730557348579
sine_next,2036585866,qslstm,18,39.60409134900465,0.28618218714836985
sine_next,2036585866,qslstm,19,39.21543172897873,0.2875873119919561
sine_next,2036585866,qslstm,20,39.1073485937477,0.2885885981377214
sine_next,2036585866,qslstm,21,40.15740048279986,0.28836055123247206
sine_next,2036585866,qslstm,22,42.09512527705556,0.28736523300176486
sine_next,2036585866,qslstm,23,41.82347262103849,0.2867262843064964
sine_next,2036585866,qslstm,24,37.826754668774356,0.28699827287346125
sine_next,2036585866,qslstm,25,38.65935333255811,0.2877068364759907
sine_next,2036585866,qslstm,26,41.71661757454331,0.2880933574633673
sine_next,2036585866,qslstm,27,44.52207839365656,0.2876143472385593
sine_next,2036585866,qslstm,28,42.28117842093661,0.28663207386853173
sine_next,2036585866,qslstm,29,44.57737061806438,0.28598287561908364
sine_next,2036585866,qslstm,30,44.33653808882764,0.28604630462359637
sine_next,2036585866,qslstm,31,42.57913058746408,0.28624890511855483
sine_next,2036585866,qslstm_log,0,1.054959758875881,0.2854604039689037
sine_next,2036585866,qslstm_log,1,0.8813449436080611,0.2905083890998002
sine_next,2036585866,qslstm_log,2,0.9313066533748062,0.28818115905323594
sine_next,2036585866,qslstm_log,3,0.944008541585587,0.2885523669454143
sine_next,2036585866,qslstm_log,4,0.9425795271793609,0.2884879953886877
sine_next,2036585866,qslstm_log,5,0.9396154250047131,0.2877880805900887
sine_next,2036585866,qslstm_log,6,0.9412381926432669,0.28741345866624435
sine_next,2036585866,qslstm_log,7,0.9495008650907413,0.2877429305991499
sine_next,2036585866,qslstm_log,8,0.948668867524725,0.28868147965958013
sine_next,2036585866,qslstm_log,9,0.9459799559975519,0.28916494924713243
sine_next,2036585866,qslstm_log,10,0.943696058456599,0.28861852266291554
sine_next,2036585866,qslstm_log,11,0.9439270574749994,0.2876674111820644
sine_next,2036585866,qslstm_log,12,0.9466095042288752,0.28718369272702027
sine_next,2036585866,qslstm_log,13,0.9480699970986449,0.28749464674406905
sine_next,2036585866,qslstm_log,14,0.945378644871561,0.2879070268105567
sine_next,2036585866,qslstm_log,15,0.9394970725900598,0.2876963507878034
sine_next,2036585866,qslstm_log,16,0.939387276846332,0.28701844217824163
sine_next,2036585866,qslstm_log,17,0.9482590803596149,0.2866457826628265
sine_next,2036585866,qslstm_log,18,0.9518478799328471,0.28723184219250547
sine_next,2036585866,qslstm_log,19,0.9462210186639959,0.28862733663800816
sine_next,2036585866,qslstm_log,20,0.9445760394999977,0.28957340991298985
sine_next,2036585866,qslstm_log,21,0.9438600435088841,0.2893017214471076
sine_next,2036585866,qslstm_log,22,0.9474029312018976,0.28831972298111097
sine_next,2036585866,qslstm_log,23,0.9511906144227494,0.2876767079694719
sine_next,2036585866,qslstm_log,24,0.9508019480496166,0.2878948539778822
sine_next,2036585866,qslstm_log,25,0.9469561905526943,0.2885869668730686
sine_next,2036585866,qslstm_log,26,0.9378088485392105,0.289019943168741
sine_next,2036585866,qslstm_log,27,0.9362288617520734,0.28858641008869856
sine_next,2036585866,qslstm_log,28,0.9439978564896643,0.2876505103363427
sine_next,2036585866,qslstm_log,29,0.9463882089747311,0.28702718936966015
sine_next,2036585866,qslstm_log,30,0.9468583653569647,0.28708080298723715
sine_next,2036585866,qslstm_log,31,0.9470529894134297,0.2872497619448281
sine_next,266064982,qlstm,0,0.6286803501425311,0.30568999372189865
sine_next,266064982,qlstm,1,0.6276026698760688,0.3095406562788412
sine_next,266064982,qlstm,2,0.626822731399443,0.3132978460052982
sine_next,266064982,qlstm,3,0.6266065540257841,0.3149106700439006
sine_next,266064982,qlstm,4,0.627374681760557,0.3135404120548628
sine_next,266064982,qlstm,5,0.6286385053535923,0.3109142982866615
sine_next,266064982,qlstm,6,0.6296394509845413,0.3090935692889616
sine_next,266064982,qlstm,7,0.6299947359366342,0.30886315018869936
sine_next,266064982,qlstm,8,0.6296909817610867,0.30961453513009474
sine_next,266064982,qlstm,9,0.6291983667761087,0.3099081708933227
sine_next,266064982,qlstm,10,0.6286147207138129,0.3095300979912281
sine_next,266064982,qlstm,11,0.6278249797760509,0.3095297929830849
sine_next,266064982,qlstm,12,0.6268452259828337,0.3102536766673438
sine_next,266064982,qlstm,13,0.6260729759233072,0.31096675602020696
sine_next,266064982,qlstm,14,0.6258791320724413,0.3108039847575128
sine_next,266064982,qlstm,15,0.6263032450224273,0.3099897745414637
sine_next,266064982,qlstm,16,0.6269058592733927,0.30967791291186586
sine_next,266064982,qlstm,17,0.6273212368832901,0.3103682476794347
sine_next,266064982,qlstm,18,0.6278777864063159,0.31135695293778554
sine_next,266064982,qlstm,19,0.6286738509079441,0.3111086436547339
sine_next,266064982,qlstm,20,0.62972121022176,0.30903482204303145
sine_next,266064982,qlstm,21,0.630665817996487,0.30645919643575326
sine_next,266064982,qlstm,22,0.6308945893542841,0.3056181729771197
sine_next,266064982,qlstm,23,0.6301780948997475,0.3073327444726601
sine_next,266064982,qlstm,24,0.6289991502417251,0.3103273886372335
sine_next,266064982,qlstm,25,0.6280081050354056,0.3125434311805293
sine_next,266064982,qlstm,26,0.62754998303717,0.3130649245576933
sine_next,266064982,qlstm,27,0.6274952040985227,0.3122576511814259
sine_next,266064982,qlstm,28,0.6274900184362195,0.3109492530929856
sine_next,266064982,qlstm,29,0.6275916771846823,0.30972134368494153
sine_next,266064982,qlstm,30,0.627576399652753,0.30871800443856046
sine_next,266064982,qlstm,31,0.6272584660327993,0.3082486837520264
sine_next,266064982,qslstm,0,9.974992540830726,0.32171785132959485
sine_next,266064982,qslstm,1,7.9935272594086655,0.32899754866957664
sine_next,266064982,qslstm,2,7.926053454291377,0.32745326339500025
sine_next,266064982,qslstm,3,8.424587011666517,0.3278711666353047
sine_next,266064982,qslstm,4,8.33247363315013,0.32849361893022433
sine_next,266064982,qslstm,5,8.758881640623258,0.32915419078199193
sine_next,266064982,qslstm,6,9.613618775390023,0.32956558477599174
sine_next,266064982,qslstm,7,9.214248636206776,0.3297716783126816
sine_next,266064982,qslstm,8,8.903043470936268,0.32959100970765576
sine_next,266064982,qslstm,9,9.137297492448397,0.32877580012427643
sine_next,266064982,qslstm,10,8.998160690784061,0.32758162944810465
sine_next,266064982,qslstm,11,8.968411159008156,0.3264783230260946
sine_next,266064982,qslstm,12,8.523967627681486,0.32574479858158156
sine_next,266064982,qslstm,13,8.557783882699368,0.32507580652600154
sine_next,266064982,qslstm,14,8.894984392545666,0.3244951623491943
sine_next,266064982,qslstm,15,9.181364996872617,0.3246637771371752
sine_next,266064982,qslstm,16,8.945062864539068,0.3258218066766858
sine_next,266064982,qslstm,17,8.722840945252756,0.32713512930786237
sine_next,266064982,qslstm,18,8.91141283728166,0.3281881409930065
sine_next,266064982,qslstm,19,9.083125516765449,0.32908598391804844
sine_next,266064982,qslstm,20,9.424753560887439,0.3297003003535792
sine_next,266064982,qslstm,21,9.802501701778965,0.3297011028043926
sine_next,266064982,qslstm,22,9.51016305355381,0.32929418515414
sine_next,266064982,qslstm,23,9.019735570202329,0.3289340661140159
sine_next,266064982,qslstm,24,8.811618911878213,0.3286230408702977
sine_next,266064982,qslstm,25,8.68640133342069,0.32826995610957965
sine_next,266064982,qslstm,26,8.543930464257755,0.3281203281949274
sine_next,266064982,qslstm,27,8.269622321923634,0.3281396924285218
sine_next,266064982,qslstm,28,8.335277628531003,0.32770103838993236
sine_next,266064982,qslstm,29,8.982713998941563,0.32675418577855453
sine_next,266064982,qslstm,30,9.637559368514303,0.3256731634028256
sine_next,266064982,qslstm,31,9.445413244498013,0.3247660211636685
sine_next,435874469,qlstm,0,0.5966146754799411,0.2921667900518514
sine_next,435874469,qlstm,1,0.5959384902380407,0.29423344566021115
sine_next,435874469,qlstm,2,0.5951411753194407,0.29574425058672205
sine_next,435874469,qlstm,3,0.5946618138696067,0.29669275891501456
sine_next,435874469,qlstm,4,0.5948402034118772,0.2958515447098762
sine_next,435874469,qlstm,5,0.5951381378690712,0.2939672766951844
sine_next,435874469,qlstm,6,0.5947935386211611,0.2927682719891891
sine_next,435874469,qlstm,7,0.5938406564528123,0.29306950129102916
sine_next,435874469,qlstm,8,0.5927304870565422,0.29396123229525983
sine_next,435874469,qlstm,9,0.5922333082417026,0.2940534415538423
sine_next,435874469,qlstm,10,0.592641127994284,0.2930282342713326
sine_next,435874469,qlstm,11,0.5933771820855327,0.2917610617587343
sine_next,435874469,qlstm,12,0.5937782452674583,0.2912806293461472
sine_next,435874469,qlstm,13,0.5937749040313065,0.29197235661558807
sine_next,435874469,qlstm,14,0.5936903763213195,0.2932263385155238
sine_next,435874469,qlstm,15,0.5936068636365235,0.29434067744296044
sine_next,435874469,qlstm,16,0.5934419342083856,0.2948971207952127
sine_next,435874469,qlstm,17,0.593396938755177,0.29486723040463403
sine_next,435874469,qlstm,18,0.59378666523844,0.2944334939820692
sine_next,435874469,qlstm,19,0.5942657037521712,0.29367417516186833
sine_next,435874469,qlstm,20,0.594405145093333,0.2928824276314117
sine_next,435874469,qlstm,21,0.5943392475019209,0.29260773304849863
sine_next,435874469,qlstm,22,0.5940656769089401,0.29313014686340466
sine_next,435874469,qlstm,23,0.593700687517412,0.29407806659583
sine_next,435874469,qlstm,24,0.5934545933268964,0.29462431563297287
sine_next,435874469,qlstm,25,0.5936439008219168,0.294415817130357
sine_next,435874469,qlstm,26,0.5941789456410334,0.293851898110006
sine_next,435874469,qlstm,27,0.5945358580211177,0.29383407277055085
sine_next,435874469,qlstm,28,0.594596560113132,0.29447669425280765
sine_next,435874469,qlstm,29,0.5946735772886313,0.2952172999503091
sine_next,435874469,qlstm,30,0.5951321714674123,0.29540659498889
sine_next,435874469,qlstm,31,0.5958988469210453,0.2949824081733823
sine_next,435874469,qslstm,0,375.39266623074946,0.4009483349509537
sine_next,435874469,qslstm,1,75.46536372243281,0.40373104007449
sine_next,435874469,qslstm,2,172.6812018917044,0.4038894066470675
sine_next,435874469,qslstm,3,191.23825800566374,0.4043736505554989
sine_next,435874469,qslstm,4,206.40622104544127,0.4040747414692305
sine_next,435874469,qslstm,5,211.17129842417853,0.402988119982183
sine_next,435874469,qslstm,6,217.25659450698913,0.40201449766755104
sine_next,435874469,qslstm,7,214.50475072437803,0.40158039052039385
sine_next,435874469,qslstm,8,201.21365096440059,0.4017494280124083
sine_next,435874469,qslstm,9,190.52278768025462,0.40162550361128524
sine_next,435874469,qslstm,10,189.86455059739274,0.40117366740014404
sine_next,435874469,qslstm,11,203.70842331968015,0.40064141602488235
sine_next,435874469,qslstm,12,200.7014247218758,0.400517464033328
sine_next,435874469,qslstm,13,194.77158409393087,0.40076594438869506
sine_next,435874469,qslstm,14,185.04467448583273,0.4016747726709582
sine_next,435874469,qslstm,15,180.3945694185677,0.4024112204206176
sine_next,435874469,qslstm,16,193.3370327286466,0.40262584562879056
sine_next,435874469,qslstm,17,194.3869056250296,0.402730583853554
sine_next,435874469,qslstm,18,186.5890148854578,0.4026476650615223
sine_next,435874469,qslstm,19,198.05003026937266,0.40234450448770076
sine_next,435874469,qslstm,20,204.71536901799118,0.4017243552370928
sine_next,435874469,qslstm,21,205.7515769624406,0.4015064181876369
sine_next,435874469,qslstm,22,201.81202505988767,0.40183764742687345
sine_next,435874469,qslstm,23,191.69306074020824,0.4023340319399722
sine_next,435874469,qslstm,24,189.35741686035908,0.4024341347394511
sine_next,435874469,qslstm,25,190.96010809972722,0.4023882207693532
sine_next,435874469,qslstm,26,188.50360288642514,0.4024225316825323
sine_next,435874469,qslstm,27,197.21871820695924,0.40246363379992545
sine_next,435874469,qslstm,28,193.12093288192955,0.4030509981093928
sine_next,435874469,qslstm,29,197.91119790268567,0.40349874400999397
sine_next,435874469,qslstm,30,192.31392350672468,0.40374766633613035
sine_next,435874469,qslstm,31,198.62416223669607,0.4037867020815611
sine_next,435874469,qslstm_log,0,1.338613335845955,0.2881546619335403
sine_next,435874469,qslstm_log,1,0.9958889205256638,0.2951001465664116
sine_next,435874469,qslstm_log,2,1.0820900042878334,0.2927081178271854
sine_next,435874469,qslstm_log,3,1.105554137748101,0.2928236140693164
sine_next,435874469,qslstm_log,4,1.1062858966334859,0.29233720184802314
sine_next,435874469,qslstm_log,5,1.1130216774622297,0.29101321942198966
sine_next,435874469,qslstm_log,6,1.1250596818153031,0.2898488445349035
sine_next,435874469,qslstm_log,7,1.1109648647681505,0.2896267045084735
sine_next,435874469,qslstm_log,8,1.0991815356070764,0.28984576248487626
sine_next,435874469,qslstm_log,9,1.0796816412758274,0.28989358815880606
sine_next,435874469,qslstm_log,10,1.068336153179267,0.2895221739805468
sine_next,435874469,qslstm_log,11,1.0766656077581973,0.28897570829581876
sine_next,435874469,qslstm_log,12,1.0959264816637573,0.2886319636339616
sine_next,435874469,qslstm_log,13,1.090328663639222,0.28902740069031024
sine_next,435874469,qslstm_log,14,1.0885527925880552,0.2900385311289362
sine_next,435874469,qslstm_log,15,1.089025578892461,0.29079793888672245
sine_next,435874469,qslstm_log,16,1.0919197566392365,0.29113518857309884
sine_next,435874469,qslstm_log,17,1.0935342920802356,0.2911640637377306
sine_next,435874469,qslstm_log,18,1.0819442216512165,0.2910835281859429
sine_next,435874469,qslstm_log,19,1.08923267110052,0.2906323144330273
sine_next,435874469,qslstm_log,20,1.1026994900216918,0.28991053115839976
sine_next,435874469,qslstm_log,21,1.0983530243387047,0.2897146698720253
sine_next,435874469,qslstm_log,22,1.10074290463047,0.2900163617703112
sine_next,435874469,qslstm_log,23,1.0991673137201052,0.2905519875204362
sine_next,435874469,qslstm_log,24,1.096307839529841,0.29075823621376384
sine_next,435874469,qslstm_log,25,1.0863016928470834,0.290866902686854
sine_next,435874469,qslstm_log,26,1.08843917618865,0.2907276548976102
sine_next,435874469,qslstm_log,27,1.0930003396412418,0.29084885882384326
sine_next,435874469,qslstm_log,28,1.0978701772296595,0.2913144725497312
sine_next,435874469,qslstm_log,29,1.1065826873470033,0.29178585606185753
sine_next,435874469,qslstm_log,30,1.101946741347152,0.2921101076561127
sine_next,435874469,qslstm_log,31,1.0992395946718314,0.29214551568799296
sine_next,484324222,qlstm,0,0.5920501127839088,0.3040264197043143
sine_next,484324222,qlstm,1,0.589918167272117,0.30775513412663713
sine_next,484324222,qlstm,2,0.5890448198188096,0.31046957935905084
sine_next,484324222,qlstm,3,0.5889882227638736,0.3111114116036333
sine_next,484324222,qlstm,4,0.5895138750784099,0.3093824429088272
sine_next,484324222,qlstm,5,0.5900490232161246,0.30735870386706665
sine_next,484324222,qlstm,6,0.5902302428730763,0.30717034090775996
sine_next,484324222,qlstm,7,0.5898487440426834,0.30944263777928427
sine_next,484324222,qlstm,8,0.5891946580959484,0.31226898392196745
sine_next,484324222,qlstm,9,0.5889928549295291,0.3133036349900067
sine_next,484324222,qlstm,10,0.5896093008923344,0.312079522293061
sine_next,484324222,qlstm,11,0.5906529679195955,0.3097656191675924
sine_next,484324222,qlstm,12,0.591344270738773,0.3082364298752509
sine_next,484324222,qlstm,13,0.5914330076193437,0.30823230725945905
sine_next,484324222,qlstm,14,0.5910402659210376,0.3091205070959404
sine_next,484324222,qlstm,15,0.5903428590972908,0.30967989715281874
sine_next,484324222,qlstm,16,0.5894383225822821,0.3093443610705435
sine_next,484324222,qlstm,17,0.5884567172033712,0.3085897440323606
sine_next,484324222,qlstm,18,0.5872820230433717,0.30853324581403285
sine_next,484324222,qlstm,19,0.5859692759113386,0.309438107709866
sine_next,484324222,qlstm,20,0.5849986599641852,0.3104512932477519
sine_next,484324222,qlstm,21,0.5848317611962557,0.3108667633496225
sine_next,484324222,qlstm,22,0.5854686920647509,0.3104072611313313
sine_next,484324222,qlstm,23,0.5864855741965584,0.3091826029121876
sine_next,484324222,qlstm,24,0.5875425362028182,0.30779286165488884
sine_next,484324222,qlstm,25,0.5883804631885141,0.30710020277183503
sine_next,484324222,qlstm,26,0.5887552447384223,0.30731086630839854
sine_next,484324222,qlstm,27,0.5885132079129107,0.30816322192549706
sine_next,484324222,qlstm,28,0.5879395452793688,0.30899585416773334
sine_next,484324222,qlstm,29,0.5875165484612808,0.3090793400770053
sine_next,484324222,qlstm,30,0.5874428355600685,0.30817768000997603
sine_next,484324222,qlstm,31,0.5877912276773714,0.3067860761657357
sine_next,484324222,qslstm,0,963.2635630434743,0.38407400471623987
sine_next,484324222,qslstm,1,65.05391670619838,0.3870388094801456
sine_next,484324222,qslstm,2,68.59612757962486,0.3861086781253107
sine_next,484324222,qslstm,3,63.33469100035791,0.38617161090951413
sine_next,484324222,qslstm,4,114.47845190906173,0.38546481856610626
sine_next,484324222,qslstm,5,105.72433165175926,0.3848302167025395
sine_next,484324222,qslstm,6,67.67297238065157,0.3850832260795869
sine_next,484324222,qslstm,7,95.62462851274313,0.38569875597022474
sine_next,484324222,qslstm,8,89.2964686333903,0.3864620140520856
sine_next,484324222,qslstm,9,70.44317355913518,0.38689874042756855
sine_next,484324222,qslstm,10,66.02524919628831,0.3867976075853221
sine_next,484324222,qslstm,11,72.61337347574226,0.3862055240897462
sine_next,484324222,qslstm,12,93.6188711339687,0.38566025107866153
sine_next,484324222,qslstm,13,100.78021444713659,0.3856945735751651
sine_next,484324222,qslstm,14,78.2990081004964,0.38595489581348374
sine_next,484324222,qslstm,15,103.25844088187023,0.3858927632099949
sine_next,484324222,qslstm,16,95.09121374159122,0.3854724604752846
sine_next,484324222,qslstm,17,79.85106187365545,0.3850197534193285
sine_next,484324222,qslstm,18,91.42681614327512,0.3847889871103689
sine_next,484324222,qslstm,19,85.03067238867925,0.38469290256034583
sine_next,484324222,qslstm,20,90.62754360919598,0.38505176379112527
sine_next,484324222,qslstm,21,57.1776704004601,0.3854888429050334
sine_next,484324222,qslstm,22,57.102981601178726,0.38543252408271655
sine_next,484324222,qslstm,23,62.5563774990278,0.3849538909853436
sine_next,484324222,qslstm,24,75.72857934987178,0.3845864513423294
sine_next,484324222,qslstm,25,74.83552413352345,0.3845769655308686
sine_next,484324222,qslstm,26,103.59704055616521,0.3846558988443576
sine_next,484324222,qslstm,27,73.30858403154025,0.38483181910123676
sine_next,484324222,qslstm,28,102.79732528951172,0.38501016347436234
sine_next,484324222,qslstm,29,82.59785824312257,0.3850075562368147
sine_next,484324222,qslstm,30,73.59562609788372,0.3847424606792629
sine_next,484324222,qslstm,31,101.04490739379753,0.38430136966053396
sine_next,83453494,qlstm,0,0.6545134747866541,0.31723140930989757
sine_next,83453494,qlstm,1,0.651718826033175,0.3196958478074521
sine_next,83453494,qlstm,2,0.6503936962108128,0.31890820257831365
sine_next,83453494,qlstm,3,0.6496090754517354,0.31811393360840157
sine_next,83453494,qlstm,4,0.6488888276508078,0.3191099027171731
sine_next,83453494,qlstm,5,0.6484474717872217,0.32107550726504996
sine_next,83453494,qlstm,6,0.6486290611792356,0.3218971908208914
sine_next,83453494,qlstm,7,0.6494852784089744,0.32047717698151246
sine_next,83453494,qlstm,8,0.6506048393785022,0.31807126698549837
sine_next,83453494,qlstm,9,0.650860556983389,0.31738964782562107
sine_next,83453494,qlstm,10,0.6497123767621815,0.3199570539291017
sine_next,83453494,qlstm,11,0.6480920900939964,0.32394633785588667
sine_next,83453494,qlstm,12,0.6470463277655654,0.32604573073331267
sine_next,83453494,qlstm,13,0.6470737763447687,0.3245229530730285
sine_next,83453494,qlstm,14,0.6476816601352766,0.32077236514305696
sine_next,83453494,qlstm,15,0.6480350524652749,0.31784233188955113
sine_next,83453494,qlstm,16,0.6478402675129473,0.31762845121556893
sine_next,83453494,qlstm,17,0.6474560123751871,0.319152261945419
sine_next,83453494,qlstm,18,0.6476776583585888,0.31967014278052375
sine_next,83453494,qlstm,19,0.6490142242982984,0.3177694301120937
sine_next,83453494,qlstm,20,0.6506202730815858,0.3150594101753086
sine_next,83453494,qlstm,21,0.6513313573086634,0.31411681161262095
sine_next,83453494,qlstm,22,0.6509742658818141,0.3158603134797886
sine_next,83453494,qlstm,23,0.6501401492278092,0.31889753974974155
sine_next,83453494,qlstm,24,0.6494089066982269,0.3209426275570877
sine_next,83453494,qlstm,25,0.649056353373453,0.3212305880151689
sine_next,83453494,qlstm,26,0.649008619831875,0.32063015428138897
sine_next,83453494,qlstm,27,0.648743539233692,0.3203500027884729
sine_next,83453494,qlstm,28,0.6482969365315512,0.3205748209147714
sine_next,83453494,qlstm,29,0.6482272815192118,0.3201412567868829
sine_next,83453494,qlstm,30,0.6486846456537023,0.3184838213492185
sine_next,83453494,qlstm,31,0.6491974962409586,0.3170290815178305
sine_next,83453494,qslstm,0,6.279642276233062,0.29842595441732556
sine_next,83453494,qslstm,1,7.173252466600388,0.30919355381047353
sine_next,83453494,qslstm,2,10.079062185250223,0.30745501874480397
sine_next,83453494,qslstm,3,9.435282876715064,0.30661049619084224
sine_next,83453494,qslstm,4,8.390129459789023,0.30655281367944553
sine_next,83453494,qslstm,5,7.2427693291101605,0.3066197232110426
sine_next,83453494,qslstm,6,7.911169931758195,0.30602502886904404
sine_next,83453494,qslstm,7,8.629747782601044,0.3044376687030308
sine_next,83453494,qslstm,8,8.690048299496993,0.302397693390958
sine_next,83453494,qslstm,9,10.688672130927444,0.30094632506370544
sine_next,83453494,qslstm,10,10.221934540197253,0.3013388288090937
sine_next,83453494,qslstm,11,7.921288078883663,0.3036787466262467
sine_next,83453494,qslstm,12,9.675099881365895,0.30659504467621446
sine_next,83453494,qslstm,13,7.955462973564863,0.3087445697747171
sine_next,83453494,qslstm,14,9.532715221866965,0.30984971672296524
sine_next,83453494,qslstm,15,9.816681503783911,0.3103936661500484
sine_next,83453494,qslstm,16,7.81340659968555,0.3108915790216997
sine_next,83453494,qslstm,17,7.997660160763189,0.3112482839496806
sine_next,83453494,qslstm,18,7.900811442174017,0.31073798169381917
sine_next,83453494,qslstm,19,7.477327030384913,0.30881475389469415
sine_next,83453494,qslstm,20,8.758905584923923,0.3058548455592245
sine_next,83453494,qslstm,21,10.016455279197544,0.30309546866919845
sine_next,83453494,qslstm,22,9.398946500383317,0.3016351164551452
sine_next,83453494,qslstm,23,8.854457268025726,0.3016299396986142
sine_next,83453494,qslstm,24,8.432777012465522,0.3023857399239205
sine_next,83453494,qslstm,25,9.869186939671636,0.30342261819168925
sine_next,83453494,qslstm,26,9.732881667558104,0.30452821572544053
sine_next,83453494,qslstm,27,9.660793867195025,0.3054736739140935
sine_next,83453494,qslstm,28,9.511608698172495,0.30645868729334325
sine_next,83453494,qslstm,29,7.67300550499931,0.3072150310035795
sine_next,83453494,qslstm,30,9.786984315607697,0.3071911907172762
sine_next,83453494,qslstm,31,8.809232511091977,0.30670616478892043
sine_next,83453494,qslstm_log,0,1.4578294805594636,0.3927212926365734
sine_next,83453494,qslstm_log,1,1.4650529763083169,0.39701550883128583
sine_next,83453494,qslstm_log,2,1.4764695840279731,0.39622043975693233
sine_next,83453494,qslstm_log,3,1.4767248828374404,0.3957859775096834
sine_next,83453494,qslstm_log,4,1.4572653620563547,0.39600302669698234
sine_next,83453494,qslstm_log,5,1.4269067858942543,0.3964550410369207
sine_next,83453494,qslstm_log,6,1.413097585412995,0.39638543454970376
sine_next,83453494,qslstm_log,7,1.4457028702741668,0.39545480995316784
sine_next,83453494,qslstm_log,8,1.488177349650622,0.3941823714865734
sine_next,83453494,qslstm_log,9,1.4811887095502212,0.39348051925683714
sine_next,83453494,qslstm_log,10,1.4384421232111642,0.3940706427518199
sine_next,83453494,qslstm_log,11,1.3835500938569725,0.39567880840451963
sine_next,83453494,qslstm_log,12,1.3621385094974396,0.397195946453493
sine_next,83453494,qslstm_log,13,1.3805403882025749,0.39771045596494936
sine_next,83453494,qslstm_log,14,1.4241359358103383,0.39744108348295204
sine_next,83453494,qslstm_log,15,1.4728325380964558,0.39725362048437945
sine_next,83453494,qslstm_log,16,1.4611468155941885,0.3975087529691217
sine_next,83453494,qslstm_log,17,1.4262042275041817,0.39796428169085407
sine_next,83453494,qslstm_log,18,1.449096783260046,0.39791346621996726
sine_next,83453494,qslstm_log,19,1.4839659478294538,0.3967710833034618
sine_next,83453494,qslstm_log,20,1.5061266038028023,0.3950698899728211
sine_next,83453494,qslstm_log,21,1.5302328414893867,0.3938328317865383
sine_next,83453494,qslstm_log,22,1.5026381849897907,0.3935300764393309
sine_next,83453494,qslstm_log,23,1.466785629992696,0.394015140144501
sine_next,83453494,qslstm_log,24,1.4409511653207354,0.39460089635159723
sine_next,83453494,qslstm_log,25,1.4288828874522062,0.39496044551280785
sine_next,83453494,qslstm_log,26,1.446790405644944,0.39534166903180906
sine_next,83453494,qslstm_log,27,1.4467123862939346,0.39573877919282885
sine_next,83453494,qslstm_log,28,1.4119733787864548,0.3961169994183264
sine_next,83453494,qslstm_log,29,1.4318738994230058,0.3963688277272982
sine_next,83453494,qslstm_log,30,1.460135184628808,0.3961118332090203
sine_next,83453494,qslstm_log,31,1.4832840261933948,0.3956572345693277
sine_next,867702092,qlstm,0,0.5955384913831949,0.2939654525835067
sine_next,867702092,qlstm,1,0.5954148264136165,0.301207204349339
sine_next,867702092,qlstm,2,0.5957917296909727,0.30086574383312836
sine_next,867702092,qlstm,3,0.595958921010606,0.29996664001373574
sine_next,867702092,qlstm,4,0.5962536378647201,0.2992549813352525
sine_next,867702092,qlstm,5,0.5967920838738792,0.2986508574686013
sine_next,867702092,qlstm,6,0.597229212638922,0.2984383622533642
sine_next,867702092,qlstm,7,0.5972553175524808,0.2989125768071972
sine_next,867702092,qlstm,8,0.5970001028035767,0.3004291352699511
sine_next,867702092,qlstm,9,0.5966501662624069,0.30174256942700595
sine_next,867702092,qlstm,10,0.5966824114439078,0.3016518538352102
sine_next,867702092,qlstm,11,0.5971398114343174,0.3005902574514039
sine_next,867702092,qlstm,12,0.5971238157362677,0.2997622429393232
sine_next,867702092,qlstm,13,0.596378976770211,0.29988489794777706
sine_next,867702092,qlstm,14,0.5957192563801073,0.3006479406612925
sine_next,867702092,qlstm,15,0.5956778204999864,0.3004125488223508
sine_next,867702092,qlstm,16,0.5961765787797049,0.2990632416331209
sine_next,867702092,qlstm,17,0.5966181063558906,0.29820155625930056
sine_next,867702092,qlstm,18,0.5964444125420414,0.29883929865900427
sine_next,867702092,qlstm,19,0.5960977194481529,0.30069169495254755
sine_next,867702092,qlstm,20,0.5962122289347462,0.3024069096427411
sine_next,867702092,qlstm,21,0.5969737571431324,0.3023560853325762
sine_next,867702092,qlstm,22,0.5978617097134702,0.30117931513814256
sine_next,867702092,qlstm,23,0.597892252902966,0.3010260199662298
sine_next,867702092,qlstm,24,0.596642596879974,0.30319025670178235
sine_next,867702092,qlstm,25,0.5953022669418715,0.30604859680170193
sine_next,867702092,qlstm,26,0.594953975873068,0.30700084107229486
sine_next,867702092,qlstm,27,0.595714530267287,0.3048447288456373
sine_next,867702092,qlstm,28,0.5967714539729059,0.3008704442763701
sine_next,867702092,qlstm,29,0.5971951922401786,0.2976894421153702
sine_next,867702092,qlstm,30,0.5967801695223898,0.29693978902650997
sine_next,867702092,qlstm,31,0.5959838904673234,0.29850118793547153
sine_next,867702092,qslstm,0,6.71423864265671,0.4006108455359936
sine_next,867702092,qslstm,1,6.693553470788174,0.4017221676767804
sine_next,867702092,qslstm,2,6.974678319878876,0.3988645157078281
sine_next,867702092,qslstm,3,6.7622241757344455,0.3983535532024689
sine_next,867702092,qslstm,4,7.086675581405871,0.3978857978945598
sine_next,867702092,qslstm,5,7.362244712887332,0.39737187267746776
sine_next,867702092,qslstm,6,7.705089907583897,0.3969808823312633
sine_next,867702092,qslstm,7,7.45387771113019,0.39696061733411625
sine_next,867702092,qslstm,8,6.760163647326408,0.39721903821919113
sine_next,867702092,qslstm,9,6.692329339464777,0.39734383346512914
sine_next,867702092,qslstm,10,7.067253912638989,0.39711674948921427
sine_next,867702092,qslstm,11,7.110676953350776,0.39671982172876596
sine_next,867702092,qslstm,12,6.8936582395399455,0.3966449807048775
sine_next,867702092,qslstm,13,6.767553421857883,0.3971342403674498
sine_next,867702092,qslstm,14,6.942917875319836,0.397936939552892
sine_next,867702092,qslstm,15,7.3246970101608895,0.3983254743507132
sine_next,867702092,qslstm,16,7.425183267827379,0.39803006494184956
sine_next,867702092,qslstm,17,7.229557178885443,0.3976069550262764
sine_next,867702092,qslstm,18,7.064831067909836,0.3977090031839907
sine_next,867702092,qslstm,19,6.792400263613672,0.3981346930959262
sine_next,867702092,qslstm,20,6.467848830536241,0.398142347286921
sine_next,867702092,qslstm,21,6.790460871125106,0.39730533078545704
sine_next,867702092,qslstm,22,7.1214633035997394,0.39618511591106653
sine_next,867702092,qslstm,23,6.762859163514804,0.3958146770601161
sine_next,867702092,qslstm,24,6.322575433077873,0.39674586069304496
sine_next,867702092,qslstm,25,6.11816439271206,0.3983014359837398
sine_next,867702092,qslstm,26,6.060246869325056,0.39905424643075094
sine_next,867702092,qslstm,27,6.372170512622688,0.3983401575824246
sine_next,867702092,qslstm,28,6.800423337728716,0.3969374378793873
sine_next,867702092,qslstm,29,7.5614832843712065,0.39617136417655274
sine_next,867702092,qslstm,30,7.711382381778094,0.39666427636984736
sine_next,867702092,qslstm,31,7.075127531483304,0.3978810905246064
sine_next,867702092,qslstm_log,0,1.2779257011201097,0.40145479571617526
sine_next,867702092,qslstm_log,1,1.4040954820496365,0.40178135413538624
sine_next,867702092,qslstm_log,2,1.4602961585498313,0.39887044891208306
sine_next,867702092,qslstm_log,3,1.425699938628023,0.3982909245209435
sine_next,867702092,qslstm_log,4,1.4678267942814394,0.3979914483221788
sine_next,867702092,qslstm_log,5,1.519660904220736,0.3978842382301813
sine_next,867702092,qslstm_log,6,1.5467466099486116,0.3980373536995289
sine_next,867702092,qslstm_log,7,1.4983428986655363,0.39867071494421047
sine_next,867702092,qslstm_log,8,1.3900421754860495,0.39959534908855576
sine_next,867702092,qslstm_log,9,1.4137298496839557,0.4002079387426501
sine_next,867702092,qslstm_log,10,1.4713000029907133,0.4001557791753332
sine_next,867702092,qslstm_log,11,1.4829626791404895,0.3996073047097233
sine_next,867702092,qslstm_log,12,1.4010754334438225,0.3991046393163257
sine_next,867702092,qslstm_log,13,1.4127314855773845,0.398947060482719
sine_next,867702092,qslstm_log,14,1.4563249088188477,0.3989551472408891
sine_next,867702092,qslstm_log,15,1.5168405625901715,0.3986037644356967
sine_next,867702092,qslstm_log,16,1.5353558859394618,0.39789404498886255
sine_next,867702092,qslstm_log,17,1.4982390834961088,0.39748086085631257
sine_next,867702092,qslstm_log,18,1.4502189839055835,0.39802150281952486
sine_next,867702092,qslstm_log,19,1.432477241300739,0.39925988591206657
sine_next,867702092,qslstm_log,20,1.3746187367163352,0.4002853037439252
sine_next,867702092,qslstm_log,21,1.431750222498959,0.40052188391671467
sine_next,867702092,qslstm_log,22,1.4410377049291472,0.4003924753576416
sine_next,867702092,qslstm_log,23,1.4018068337442955,0.40067931622002434
sine_next,867702092,qslstm_log,24,1.3249003585324064,0.4017805832945073
sine_next,867702092,qslstm_log,25,1.3339574908571832,0.4029902406280279
sine_next,867702092,qslstm_log,26,1.3467872660765288,0.4030775628216269
sine_next,867702092,qslstm_log,27,1.3982861690419817,0.40155419537882575
sine_next,867702092,qslstm_log,28,1.4465674796578898,0.39924145906966063
sine_next,867702092,qslstm_log,29,1.5311170055805947,0.39754811516655963
sine_next,867702092,qslstm_log,30,1.5465423149039133,0.39724584689100706
sine_next,867702092,qslstm_log,31,1.4620742117228374,0.3978584680125854
sine_next,88159254,qlstm,0,0.642808405100368,0.30537631205515936
sine_next,88159254,qlstm,1,0.6409356874064542,0.3017771567683667
sine_next,88159254,qlstm,2,0.639489715511445,0.3010103116976097
sine_next,88159254,qlstm,3,0.6388648721622303,0.30075453966856003
sine_next,88159254,qlstm,4,0.6389316595159471,0.3006549564306624
sine_next,88159254,qlstm,5,0.6395663362927735,0.30040580237982795
sine_next,88159254,qlstm,6,0.6403260353254154,0.30013357393909246
sine_next,88159254,qlstm,7,0.6407950586290099,0.3001967056770809
sine_next,88159254,qlstm,8,0.6407857990125194,0.30078774638241157
sine_next,88159254,qlstm,9,0.6404047180549242,0.3015198056236841
sine_next,88159254,qlstm,10,0.6398924339446239,0.30174670956330374
sine_next,88159254,qlstm,11,0.6395066324039362,0.30131793627515435
sine_next,88159254,qlstm,12,0.639001389790792,0.3005392210907303
sine_next,88159254,qlstm,13,0.6379516977467574,0.2997831694665365
sine_next,88159254,qlstm,14,0.6365965326549485,0.2992614959948696
sine_next,88159254,qlstm,15,0.6355738434940577,0.2988418822060339
sine_next,88159254,qlstm,16,0.6352295564720407,0.2983861963148229
sine_next,88159254,qlstm,17,0.6353380334330723,0.29820806527277455
sine_next,88159254,qlstm,18,0.6355287650949322,0.2988995451014489
sine_next,88159254,qlstm,19,0.6357650706777349,0.3005875931121409
sine_next,88159254,qlstm,20,0.6363116570864804,0.3024113480350934
sine_next,88159254,qlstm,21,0.6376127546536736,0.3032510886550881
sine_next,88159254,qlstm,22,0.6396479319082573,0.302760933234822
sine_next,88159254,qlstm,23,0.6416384459007531,0.30168585444334894
sine_next,88159254,qlstm,24,0.6425809439388104,0.3009511411655694
sine_next,88159254,qlstm,25,0.6421948874485679,0.3008810855099
sine_next,88159254,qlstm,26,0.6412965439376421,0.3011634281720035
sine_next,88159254,qlstm,27,0.6407322357408702,0.3011016063974239
sine_next,88159254,qlstm,28,0.6406263438402675,0.30049834959208965
sine_next,88159254,qlstm,29,0.6406130769173615,0.30004085396649316
sine_next,88159254,qlstm,30,0.6403174047009088,0.30041437584441155
sine_next,88159254,qlstm,31,0.6398779164883308,0.30148223001742736
sine_next,88159254,qslstm,0,600.4156428247225,0.2849592714337632
sine_next,88159254,qslstm,1,70.00959390040953,0.29459789441898465
sine_next,88159254,qslstm,2,250.76296077127336,0.2927710068761371
sine_next,88159254,qslstm,3,257.28474176925374,0.290227287565358
sine_next,88159254,qslstm,4,279.55079718798515,0.2898454386740923
sine_next,88159254,qslstm,5,279.54451770341257,0.28966585564194247
sine_next,88159254,qslstm,6,302.53920958164963,0.28932468849234283
sine_next,88159254,qslstm,7,306.89965523558203,0.28924349119188264
sine_next,88159254,qslstm,8,288.5298471127753,0.2896874475409277
sine_next,88159254,qslstm,9,286.07096177127096,0.2903494223719463
sine_next,88159254,qslstm,10,283.127318314102,0.2906866589328274
sine_next,88159254,qslstm,11,292.89602131716674,0.29048218921525404
sine_next,88159254,qslstm,12,305.4918576691707,0.2900514100911096
sine_next,88159254,qslstm,13,300.21182776778005,0.28951406676787883
sine_next,88159254,qslstm,14,293.37096124418895,0.2890431862324476
sine_next,88159254,qslstm,15,284.5153197985783,0.2887695489334874
sine_next,88159254,qslstm,16,274.34281454997836,0.28841136599658057
sine_next,88159254,qslstm,17,270.96822647738736,0.2882006142172031
sine_next,88159254,qslstm,18,268.4804410992656,0.28869301796657965
sine_next,88159254,qslstm,19,267.8350521523971,0.2900609284406528
sine_next,88159254,qslstm,20,269.0579549113754,0.2916628082166426
sine_next,88159254,qslstm,21,282.5082927249023,0.29233699542237446
sine_next,88159254,qslstm,22,294.6935832675663,0.29175333387684077
sine_next,88159254,qslstm,23,309.9450512920448,0.29058266524225473
sine_next,88159254,qslstm,24,321.79101995256497,0.2897643146570772
sine_next,88159254,qslstm,25,302.8416538537422,0.28963376453612
sine_next,88159254,qslstm,26,287.9865826503956,0.2899093505111523
sine_next,88159254,qslstm,27,298.7035499221238,0.29006457864306867
sine_next,88159254,qslstm,28,308.6212896784418,0.289720858563669
sine_next,88159254,qslstm,29,304.9017722765275,0.28928841737797484
sine_next,88159254,qslstm,30,309.23246805687086,0.28947989986045286
sine_next,88159254,qslstm,31,292.5257429764024,0.29035230964655057
sine_next,88159254,qslstm_log,0,1.214359857555992,0.2885394158862695
sine_next,88159254,qslstm_log,1,1.3019310622500706,0.3011491513982948
sine_next,88159254,qslstm_log,2,1.3101551431211593,0.2960488466430387
sine_next,88159254,qslstm_log,3,1.3557947325177233,0.29617010001458965
sine_next,88159254,qslstm_log,4,1.324561321141572,0.2960003391068665
sine_next,88159254,qslstm_log,5,1.350421579855916,0.29543800429604944
sine_next,88159254,qslstm_log,6,1.3795118473450443,0.29486893121464963
sine_next,88159254,qslstm_log,7,1.3759861004622362,0.2945758984566352
sine_next,88159254,qslstm_log,8,1.3507124620887048,0.2947354904595896
sine_next,88159254,qslstm_log,9,1.3384277663971238,0.2952986324332678
sine_next,88159254,qslstm_log,10,1.3129042379680371,0.29581121831387386
sine_next,88159254,qslstm_log,11,1.2824430504050297,0.29599847070888563
sine_next,88159254,qslstm_log,12,1.3394614795637525,0.2960925739502354
sine_next,88159254,qslstm_log,13,1.3451548764077224,0.29618498479437416
sine_next,88159254,qslstm_log,14,1.3150315772209396,0.2965178572659144
sine_next,88159254,qslstm_log,15,1.29034657095391,0.2970226640869984
sine_next,88159254,qslstm_log,16,1.2927095505902322,0.297082207623676
sine_next,88159254,qslstm_log,17,1.2707844251666516,0.29692710683057066
sine_next,88159254,qslstm_log,18,1.2536818217912167,0.29718199733842293
sine_next,88159254,qslstm_log,19,1.21209748493785,0.2979819629984037
sine_next,88159254,qslstm_log,20,1.2437142007265347,0.29874995286033995
sine_next,88159254,qslstm_log,21,1.2987846457427115,0.29858942945039596
sine_next,88159254,qslstm_log,22,1.3124733735707588,0.29713602303018666
sine_next,88159254,qslstm_log,23,1.3625833848788278,0.2952628939314811
sine_next,88159254,qslstm_log,24,1.4061675965875673,0.2941433592607967
sine_next,88159254,qslstm_log,25,1.3965562523312482,0.294001460187515
sine_next,88159254,qslstm_log,26,1.3289574873401089,0.29451445239217744
sine_next,88159254,qslstm_log,27,1.32372927913462,0.29507481754634524
sine_next,88159254,qslstm_log,28,1.3641335835116668,0.29495858167355715
sine_next,88159254,qslstm_log,29,1.3741609399311931,0.2945397260526277
sine_next,88159254,qslstm_log,30,1.387687614114673,0.2947157494895033
sine_next,88159254,qslstm_log,31,1.3145624705228798,0.29548541099439346
sine_next,975428833,qlstm,0,0.6266802213503979,0.3748307558707893
sine_next,975428833,qlstm,1,0.6254378221346997,0.3738056212896481
sine_next,975428833,qlstm,2,0.6236027985578403,0.37377080495934933
sine_next,975428833,qlstm,3,0.6223241946427152,0.3744924002676271
sine_next,975428833,qlstm,4,0.6218959204852581,0.37510141386883333
sine_next,975428833,qlstm,5,0.6221322304336354,0.37554092885693535
sine_next,975428833,qlstm,6,0.6225460610585287,0.3760877611930482
sine_next,975428833,qlstm,7,0.6228274984750897,0.376888056343887
sine_next,975428833,qlstm,8,0.6230159327969886,0.37757977965520695
sine_next,975428833,qlstm,9,0.6232624899712391,0.37772948626661673
sine_next,975428833,qlstm,10,0.6233884725370444,0.3772506312234327
sine_next,975428833,qlstm,11,0.6230280445306562,0.37659811053890735
sine_next,975428833,qlstm,12,0.6219900248688646,0.3762453710078262
sine_next,975428833,qlstm,13,0.6204746222356334,0.3760620215907693
sine_next,975428833,qlstm,14,0.619184999668505,0.37562426313525066
sine_next,975428833,qlstm,15,0.6186962402425706,0.3747304920107126
sine_next,975428833,qlstm,16,0.6190603576833382,0.3737789972801693
sine_next,975428833,qlstm,17,0.619762085727416,0.37334673444274813
sine_next,975428833,qlstm,18,0.6204190063290298,0.37364464468555525
sine_next,975428833,qlstm,19,0.6212093857466243,0.3743775796610862
sine_next,975428833,qlstm,20,0.6223706463351846,0.374953972233925
sine_next,975428833,qlstm,21,0.6236778540769592,0.37525359442224726
sine_next,975428833,qlstm,22,0.624357174267061,0.3756172608700581
sine_next,975428833,qlstm,23,0.6238632201566361,0.3764523711288348
sine_next,975428833,qlstm,24,0.6224730813410133,0.377508946810849
sine_next,975428833,qlstm,25,0.6211045409436338,0.37792304664617404
sine_next,975428833,qlstm,26,0.6205584477866068,0.37710292893461883
sine_next,975428833,qlstm,27,0.6208579008234665,0.37543662276584655
sine_next,975428833,qlstm,28,0.6212637958815321,0.3739758766023442
sine_next,975428833,qlstm,29,0.62115552398609,0.37350459868321195
sine_next,975428833,qlstm,30,0.6207276527420618,0.37405853148084134
sine_next,975428833,qlstm,31,0.6205476566101424,0.37480118148960173
sine_next,975428833,qslstm,0,17.085242027795175,0.3103701045620255
sine_next,975428833,qslstm,1,12.999036979512312,0.3127095546806231
sine_next,975428833,qslstm,2,13.718938628298929,0.3109713882440701
sine_next,975428833,qslstm,3,13.561707305343589,0.31147790263639763
sine_next,975428833,qslstm,4,11.611949729573098,0.3118015381623991
sine_next,975428833,qslstm,5,10.698008542807656,0.3118104705354199
sine_next,975428833,qslstm,6,10.948320212672115,0.3118327553384006
sine_next,975428833,qslstm,7,12.239109082191135,0.3121424831915647
sine_next,975428833,qslstm,8,10.008406206878135,0.31245479319477454
sine_next,975428833,qslstm,9,10.254402567865327,0.3123397068702616
sine_next,975428833,qslstm,10,11.505587026083958,0.31188684626249596
sine_next,975428833,qslstm,11,11.87655813411402,0.31161429826170206
sine_next,975428833,qslstm,12,11.787626303805155,0.3119434196851216
sine_next,975428833,qslstm,13,10.238782565909787,0.3125432148226537
sine_next,975428833,qslstm,14,10.9178950831556,0.31287491257535294
sine_next,975428833,qslstm,15,12.038459393501398,0.31265258468920365
sine_next,975428833,qslstm,16,13.563643628411228,0.31205556605709717
sine_next,975428833,qslstm,17,13.136628316220595,0.31157539458945394
sine_next,975428833,qslstm,18,13.319347181794,0.3114533126936294
sine_next,975428833,qslstm,19,12.670324173392146,0.31151739769848064
sine_next,975428833,qslstm,20,12.92049967906496,0.31133060122374445
sine_next,975428833,qslstm,21,13.195450773855555,0.31088039244059473
sine_next,975428833,qslstm,22,12.58404971739219,0.3106838303501718
sine_next,975428833,qslstm,23,10.760646166003426,0.31127006554743275
sine_next,975428833,qslstm,24,9.976581799375708,0.31243678875034675
sine_next,975428833,qslstm,25,9.393446926260367,0.31327226641587913
sine_next,975428833,qslstm,26,10.298425972869154,0.31308048928622156
sine_next,975428833,qslstm,27,12.72736940102186,0.3120270459330641
sine_next,975428833,qslstm,28,13.319007067882922,0.31104521051747724
sine_next,975428833,qslstm,29,13.118407905232743,0.31085529911797494
sine_next,975428833,qslstm,30,14.17013898663572,0.3114393860450946
sine_next,975428833,qslstm,31,11.357055044834851,0.312008211563807
