run_seed,model,split,case_type,sequence_id,n_metric_steps,n_events,n_nonevents,n_drift_steps,n_revision_steps,mse,mae,final_mse,final_mae,event_mse,event_mae,nonevent_mse,nonevent_mae,drift_nonevent,drift_post_best,revision_gain,event_abs_err_lag_m2,best_abs_err_lag_m2,event_abs_err_lag_m1,best_abs_err_lag_m1,event_abs_err_lag_0,best_abs_err_lag_0,event_abs_err_lag_1,best_abs_err_lag_1,event_abs_err_lag_2,best_abs_err_lag_2,event_abs_err_lag_3,best_abs_err_lag_3,event_abs_err_lag_4,best_abs_err_lag_4,event_abs_err_lag_6,best_abs_err_lag_6,event_abs_err_lag_8,best_abs_err_lag_8,event_abs_err_lag_12,best_abs_err_lag_12,event_abs_err_lag_16,best_abs_err_lag_16,alpha_event,alpha_nonevent,alpha_contrast,event_alpha_lag_m2,best_alpha_lag_m2,event_alpha_lag_m1,best_alpha_lag_m1,event_alpha_lag_0,best_alpha_lag_0,event_alpha_lag_1,best_alpha_lag_1,event_alpha_lag_2,best_alpha_lag_2,event_alpha_lag_3,best_alpha_lag_3,event_alpha_lag_4,best_alpha_lag_4,event_alpha_lag_6,best_alpha_lag_6,event_alpha_lag_8,best_alpha_lag_8,event_alpha_lag_12,best_alpha_lag_12,event_alpha_lag_16,best_alpha_lag_16
975428833,qlstm,extrapolation,iid,2000000,62,6,56,56,5,0.07631797979608121,0.263212303961477,0.07287465307538299,0.26995305716991425,0.06136069037191564,0.20198159913221994,0.07792054652009897,0.2697727366217545,0.029341430004153932,0.019255727529525757,0.038377612829208374,0.14773235023021697,0.26772938668727875,0.22429778873920442,0.27723656594753265,0.20198159913221994,0.3274170309305191,0.22405881683031717,0.285699799656868,0.18236017723878226,0.30510713160037994,0.2481993486483892,0.28094474971294403,0.22295794387658438,0.2706425040960312,0.2501077204942703,,0.2543439596891403,,0.24076373279094695,,0.2737292915582657,,0.4485081434249878,0.42702858416097506,0.021479559264012738,0.4609555840492249,0.4164572060108185,0.4455733776092529,0.4247759282588959,0.4485081434249878,0.42286109924316406,0.440530593196551,0.4261234998703003,0.4358657548824946,0.4270833432674408,0.43094279368718463,0.4284963309764862,0.42984182635943097,0.4271920919418335,0.4268930792808533,,0.42405920624732973,,0.4250637948513031,,0.42423871755599973,
975428833,qlstm,extrapolation,iid,2000001,62,4,58,58,3,0.15010531860055623,0.37535600941027364,0.047970260436702716,0.21902114152908325,0.11893651636392688,0.3197159767150879,0.15225489116859967,0.37919325304442436,0.028026608557536685,0.029895884650094167,0.05804260571797689,0.352444847424825,0.4495970904827118,0.3206154505411784,0.3677067458629608,0.3197159767150879,0.22887563705444336,0.3189705163240433,0.23895323276519775,0.31108661741018295,0.284249484539032,0.39272456616163254,0.23011767864227295,0.41830796003341675,0.27445217967033386,0.3890257105231285,0.23831391334533691,0.46421123544375104,,0.45137351751327515,,0.3963186840216319,,0.45347464084625244,0.4281249740000429,0.02534966684620954,0.4435945252577464,0.42110368609428406,0.4340326984723409,0.42196914553642273,0.45347464084625244,0.4275139272212982,0.44398272782564163,0.4284731149673462,0.4381794333457947,0.4297957420349121,0.4324597790837288,0.4325930178165436,0.4333391487598419,0.42651259899139404,0.4271199405193329,0.4318758547306061,0.4235538641611735,,0.42108291387557983,,0.4241414765516917,
975428833,qlstm,extrapolation,iid,2000002,62,8,54,53,8,0.06318358861515856,0.20420986510092212,0.010548978554552946,0.10270822048187256,0.04791738681558699,0.19108569994568825,0.06544524814102103,0.20615418586466047,0.029580305207450436,0.025792419910430908,0.037238769233226776,0.219156984772001,0.06607085466384888,0.24268141016364098,0.11218035221099854,0.19108569994568825,0.13248366117477417,0.1856112852692604,0.11709052324295044,0.15486383065581322,0.16003048419952393,0.16166729107499123,0.21154743432998657,0.1564434915781021,0.22962743043899536,0.16922485828399658,0.21703600883483887,0.19512081891298294,0.23142153024673462,0.18437423929572105,0.15980365872383118,0.21868536993861198,0.11536362767219543,0.44037190824747086,0.42819367680284715,0.01217823144462371,0.4379540681838989,0.41943976283073425,0.44471169635653496,0.42534172534942627,0.44037190824747086,0.4279892146587372,0.4280533045530319,0.42121997475624084,0.4296010993421078,0.41695454716682434,0.4287150464951992,0.4221961200237274,0.42587052658200264,0.42401111125946045,0.42555978149175644,0.4292575418949127,0.42532820999622345,0.42444315552711487,0.42651793360710144,0.4288603365421295,0.42758629843592644,0.42712530493736267
975428833,qlstm,extrapolation,iid,2000003,62,5,57,57,4,0.021994041988059976,0.14102833862266234,0.03630884799492495,0.19054880738258362,0.02347924633872709,0.14545581638813018,0.021863760904668125,0.14063996338007742,0.026187337804258914,0.0274940735482155,0.020834937691688538,0.12356315056482951,0.10989221930503845,0.12463850155472755,0.08783519268035889,0.14545581638813018,0.11146694421768188,0.12106969952583313,0.09378862380981445,0.1332476854324341,0.11015963554382324,0.14480771422386168,0.15263476967811584,0.14162706732749938,0.187181293964386,0.1167867660522461,0.17286273837089539,0.11806507706642151,0.13745826482772827,0.10917963981628417,0.0790824294090271,0.13479835391044617,0.13423219323158264,0.45701629519462583,0.4276405238268668,0.02937577136775904,0.4465228120485942,0.42698967456817627,0.4595290794968605,0.42607101798057556,0.45701629519462583,0.42499661445617676,0.44809518456459047,0.42690232396125793,0.43814090490341184,0.42847737669944763,0.43521085381507874,0.429008811712265,0.4319825887680054,0.43531110882759094,0.42575860023498535,0.4210698902606964,0.4273844540119171,0.4255960285663605,0.42609363198280337,0.4264150857925415,0.4268424093723297,0.42313113808631897
975428833,qlstm,extrapolation,iid,2000004,62,4,58,58,3,0.04027496340316957,0.15319527950017683,0.007444791799798622,0.08628320693969727,0.07677344299451695,0.24486552737653255,0.03775782687962837,0.1468731934397385,0.03686630982777168,0.040068949644382186,0.032989054918289185,0.24193394929170609,0.009098023176193237,0.25343499332666397,0.004210114479064941,0.24486552737653255,0.2521202266216278,0.2589001338928938,0.20182546973228455,0.26599540561437607,0.21688535809516907,0.2691766172647476,0.22579920291900635,0.2696925699710846,0.16086751222610474,0.21908701956272125,0.002645730972290039,0.14654622226953506,0.1384691596031189,0.14682406187057495,0.16727355122566223,0.10155889391899109,0.2213987112045288,0.45650260895490646,0.42843409550601036,0.028068513448896104,0.46145062645276386,0.4265430271625519,0.44444528222084045,0.4257673919200897,0.45650260895490646,0.4283472001552582,0.4450915828347206,0.4304598271846771,0.44025053083896637,0.4347056448459625,0.43489036709070206,0.42149046063423157,0.43017685413360596,0.42398521304130554,0.42911092936992645,0.431795597076416,0.42316481471061707,0.41890764236450195,0.42776526510715485,0.42040523886680603,0.4235234186053276,0.41681981086730957
975428833,qlstm,extrapolation,iid,2000005,62,4,58,57,4,0.03074189985747253,0.15706865609653534,0.010356832366142932,0.10176852345466614,0.01804113132940649,0.10851923003792763,0.031617814928373636,0.16041689237643933,0.029329241890656322,0.024321243166923523,0.015600912272930145,0.21065043099224567,0.09425783157348633,0.2126618344336748,0.04661136865615845,0.10851923003792763,0.014425724744796753,0.09479578211903572,0.03985309600830078,0.09505428746342659,0.0649556815624237,0.09172990545630455,0.10673961043357849,0.07879586517810822,0.10176852345466614,0.113546222448349,,0.1311620275179545,,0.23052877187728882,,0.19774146874745688,,0.4283619225025177,0.429747277292712,-0.0013853547901943042,0.4561104029417038,0.4361813962459564,0.43814563751220703,0.4224008023738861,0.4283619225025177,0.4235559403896332,0.43017324060201645,0.42687365412712097,0.43080852925777435,0.4269687831401825,0.42658645659685135,0.43014955520629883,0.4236195534467697,0.4265958368778229,0.4298567573229472,,0.4261050721009572,,0.4276088774204254,,0.42647122343381244,
975428833,qlstm,extrapolation,iid,2000006,62,7,55,55,6,0.07247004726818304,0.24813144630001438,0.06563456926193112,0.2561924457550049,0.05089592845888306,0.19406316535813467,0.07521584420754848,0.25501286387443545,0.026949465816671198,0.02788983498300825,0.030886078874270122,0.20843052864074707,0.2229657769203186,0.20820927619934082,0.23979276418685913,0.19406316535813467,0.28035712242126465,0.19161504081317357,0.2508675456047058,0.24747231602668762,0.223466157913208,0.3017943927219936,0.25434595346450806,0.3497758848326547,0.3117121458053589,0.3660426735877991,0.27914100885391235,0.37359934193747385,0.3301957845687866,0.34755774055208477,0.26912200450897217,0.202151820063591,,0.45707246235438753,0.42780011025342074,0.029272352100966792,0.46195555925369264,0.4216874837875366,0.4618554065624873,0.4311809539794922,0.45707246235438753,0.4269927740097046,0.44309582454817636,0.4268830716609955,0.4367562617574419,0.4257310628890991,0.4328319089753287,0.42445942759513855,0.43019471423966543,0.42446014285087585,0.4306773245334625,0.4299091398715973,0.4295488042490823,0.4309011995792389,0.42854526213237215,0.42970147728919983,0.4254025419553121,
975428833,qlstm,extrapolation,iid,2000007,62,8,54,53,8,0.06763935113822588,0.2301175708491956,0.03146729993769615,0.17739024758338928,0.06999462562049902,0.20866387244313955,0.06729042158529654,0.2332958965389817,0.027896279433988175,0.029464018565637094,0.03699507191777229,0.1918395422399044,0.009521901607513428,0.21952355932444334,0.028943538665771484,0.20866387244313955,0.23924309015274048,0.14658937975764275,0.21395421028137207,0.2283752365037799,0.18426775932312012,0.21591375395655632,0.249342679977417,0.22619125247001648,0.24176925420761108,0.20935491099953651,0.15657344460487366,0.21001200005412102,0.19379979372024536,0.2504638805985451,0.3001566529273987,0.265587511472404,0.2221274971961975,0.42670517414808273,0.4308476624665437,-0.0041424883184609795,0.42753472551703453,0.42486652731895447,0.4274633675813675,0.4237167537212372,0.42670517414808273,0.4239712953567505,0.4239409565925598,0.4225558042526245,0.42505889385938644,0.41776296496391296,0.4236498847603798,0.4223376214504242,0.426125131547451,0.4279392659664154,0.4247058853507042,0.42450442910194397,0.424934059381485,0.4263930320739746,0.42603443190455437,0.43220701813697815,0.4296506941318512,0.4289058446884155
975428833,qlstm,extrapolation,iid,2000008,62,4,58,58,3,0.2340061478511185,0.4725202937279978,0.26771515399757195,0.5174119770526886,0.0686274841289789,0.22817306220531464,0.245411572935404,0.4893718269364587,0.029161362298603714,0.02961985713669232,0.035885890324910484,0.15624084075291952,0.11538851261138916,0.1661809285481771,0.12843579053878784,0.22817306220531464,0.4467964768409729,0.22991712391376495,0.48937731981277466,0.3265407755970955,0.547290712594986,0.3927682936191559,0.5195108652114868,0.42466820776462555,0.5335690081119537,0.5141830891370773,0.5142751634120941,0.5288235172629356,0.5073221027851105,0.5059120878577232,0.5514070689678192,0.5320539399981499,0.5209411084651947,0.4672012999653816,0.42784276604652405,0.039358533918857574,0.48609060049057007,0.44755125045776367,0.461247722307841,0.44465747475624084,0.4672012999653816,0.4357717037200928,0.4523078352212906,0.43486061692237854,0.44091688841581345,0.42631468176841736,0.4362446367740631,0.42679497599601746,0.43463441729545593,0.432704895734787,0.4301007390022278,0.42604246735572815,0.4252927079796791,0.4249472916126251,0.4282499998807907,0.4288659989833832,0.42730890214443207,0.428678423166275
975428833,qlstm,extrapolation,iid,2000009,62,2,60,60,1,0.038467105856145566,0.16170170542693907,0.0021157152119144484,0.045996904373168945,0.09107176812104589,0.27949558943510056,0.036713617113982216,0.15777524262666703,0.033084924519062045,0.031068461537361144,0.0036409497261047363,0.39446069300174713,0.39446069300174713,0.3640189915895462,0.3640189915895462,0.27949558943510056,0.16568002104759216,0.308766208589077,0.1306484341621399,0.2326148971915245,0.04588669538497925,0.20236026495695114,0.0329129695892334,0.18681802600622177,0.0008424520492553711,0.17717871814966202,0.04564934968948364,0.22534196823835373,0.12534970045089722,0.11913970112800598,0.10763096809387207,0.09250962734222412,0.1543715000152588,0.4806843250989914,0.42840884973605475,0.05227547536293664,0.42568814754486084,0.42568814754486084,0.429058313369751,0.429058313369751,0.4806843250989914,0.43342211842536926,0.4525647312402725,0.42876365780830383,0.44498586654663086,0.4266938269138336,0.43597519397735596,0.429178386926651,0.4362971931695938,0.43101266026496887,0.4259875863790512,0.4201124608516693,0.4300566613674164,0.4309473931789398,0.42680540680885315,0.42484715580940247,0.42663241922855377,0.41831278800964355
975428833,qlstm,extrapolation,iid,2000010,62,6,56,56,5,0.02074418915747685,0.11778534017503262,0.001272128668262873,0.03566691279411316,0.03295380280751551,0.13715549868841967,0.01943601626640128,0.11570996604859829,0.028254020426954542,0.027309587678393803,0.012415415048599244,0.15127306655049325,0.10515832901000977,0.15948675945401192,0.15125563740730286,0.13715549868841967,0.1578611135482788,0.144989267612497,0.16853511333465576,0.13814370396236578,0.15958046913146973,0.15986017944912115,0.19022536277770996,0.18601896489659944,0.15773415565490723,0.14939290843904018,0.1233416497707367,0.16269281568626562,0.15347468852996826,0.12823453048865,0.10662835836410522,0.14979074460764727,0.07260942459106445,0.44717884560426074,0.42825108181153027,0.01892776379273048,0.42776697874069214,0.4237414300441742,0.42694696187973025,0.4264284074306488,0.44717884560426074,0.4328782856464386,0.43133950730164844,0.4260720908641815,0.429523229598999,0.41641804575920105,0.4297639826933543,0.4257621467113495,0.43284285565217334,0.43164870142936707,0.4229322671890259,0.4159986078739166,0.4273620992898941,0.42755213379859924,0.4235484798749288,0.4199507534503937,0.42533839742342633,0.42202237248420715
975428833,qlstm,extrapolation,iid,2000011,62,2,60,59,2,0.0971311001418362,0.2793301848634597,0.0004382916523724134,0.020935416221618652,0.04700472594252192,0.17889271676540375,0.09880197928181333,0.2826781004667282,0.028819185192302123,0.03425797142765739,0.025669604539871216,0.34460316598415375,0.3013758659362793,0.3495847135782242,0.35341930389404297,0.17889271676540375,0.0564095675945282,0.23019303381443024,0.1069667637348175,0.0963483601808548,0.1362871527671814,0.12239716947078705,0.1378275752067566,0.14858810603618622,0.16088905930519104,0.13601329922676086,0.11113753914833069,0.10880124568939209,0.10646495223045349,0.13337427377700806,0.12743663787841797,0.16381143033504486,0.14116179943084717,0.4290146976709366,0.43027068773905436,-0.0012559900681177738,0.4252752214670181,0.43005529046058655,0.4228823781013489,0.4260134696960449,0.4290146976709366,0.4279741048812866,0.4223417043685913,0.4186699390411377,0.4263811260461807,0.42478814721107483,0.42279015481472015,0.4269103705883026,0.4268936663866043,0.4289991855621338,0.4292801767587662,0.42956116795539856,0.4252033978700638,0.420845627784729,0.4222496747970581,0.4184543192386627,0.4214945435523987,0.4258140027523041
975428833,qlstm,extrapolation,iid,2000012,62,5,57,57,4,0.09147961031038702,0.29824207675072456,0.1493842780172514,0.38650262355804443,0.09881328701522496,0.30703320205211637,0.09083630533627843,0.2974709254084972,0.027283904322406703,0.03245632946491241,0.05390118807554245,0.2958216518163681,0.23124708235263824,0.270435381680727,0.19819678366184235,0.30703320205211637,0.36411184072494507,0.3322005957365036,0.3829993009567261,0.31391738057136537,0.400770902633667,0.30462669134140014,0.32530197501182556,0.32034274339675906,0.24201905727386475,0.32899399697780607,0.2451379895210266,0.29351672530174255,0.2764616012573242,0.30108516812324526,0.28031545877456665,0.27982114553451537,0.3091272711753845,0.45553218126296996,0.4267664708589253,0.028765710404044686,0.4314018686612447,0.4290491044521332,0.45548541843891144,0.42790958285331726,0.45553218126296996,0.4262922704219818,0.44611274003982543,0.43184638023376465,0.4369636535644531,0.42653775215148926,0.4330262362957001,0.43276289105415344,0.4283546686172485,0.4283696413040161,0.4267198026180267,0.4280586242675781,0.42565486431121824,0.4224965274333954,0.4274074792861938,0.42695391178131104,0.42433509826660154,0.41887030005455017
975428833,qlstm,extrapolation,iid,2000013,62,5,57,56,5,0.019680172676444233,0.10020879920451872,0.0769148196124283,0.2773352116346359,0.03335198963089838,0.14464205205440522,0.018480890487457026,0.09631114544575675,0.03200382100684302,0.013027697801589966,0.017997348308563234,0.21547666192054749,0.021105527877807617,0.1885026812553406,0.046270668506622314,0.14464205205440522,0.2903629094362259,0.1857603222131729,0.2773352116346359,0.14716758579015732,,0.16740939021110535,,0.1947585940361023,,0.2122889757156372,,0.10421447455883026,,0.14148452132940292,,0.042876869440078735,,0.44137248396873474,0.429733522628483,0.011638961340251719,0.4527376815676689,0.41942259669303894,0.4585912227630615,0.4259420335292816,0.44137248396873474,0.42358651757240295,0.43772670030593874,0.4292255938053131,0.4330829232931137,,0.4292067736387253,,0.4306161105632782,,0.4296141415834427,,0.42833809554576874,,0.42625100165605545,,0.42794329673051834,
975428833,qlstm,extrapolation,iid,2000014,62,3,59,58,3,0.051245543040052674,0.18280115290995566,0.007971462857771172,0.0892830491065979,0.02710074360847396,0.12717556953430176,0.05247324470606515,0.18562957240363298,0.027031880514375096,0.0280895776608411,0.0195371409257253,0.1905602663755417,0.07796493172645569,0.17158600687980652,0.07381883263587952,0.12717556953430176,0.09717625379562378,0.15068266789118448,0.10885122418403625,0.13769736886024475,0.09780329465866089,0.1493648091952006,0.11209443211555481,0.1645344297091166,0.0730639100074768,0.20196199417114258,0.14933037757873535,0.17910510301589966,0.05234938859939575,0.19649266203244528,0.1117752194404602,0.20046480496724448,0.14397385716438293,0.4453616440296173,0.4295124300455643,0.015849213984053034,0.4291366934776306,0.42419901490211487,0.4611039956410726,0.42888569831848145,0.4453616440296173,0.42636236548423767,0.4343340794245402,0.4255295991897583,0.43248321612675983,0.422863632440567,0.4351795216401418,0.4313206970691681,0.42704351743062335,0.4180143177509308,0.4247610370318095,0.4259786605834961,0.42262523372968036,0.42709675431251526,0.4255206684271495,0.4239533841609955,0.4259231189886729,0.42656657099723816
975428833,qlstm,extrapolation,iid,2000015,62,5,57,56,5,0.07780066916090375,0.26496037504365366,0.032710204077947225,0.18085962533950806,0.062159767093035126,0.23384008109569548,0.07917267811422556,0.2676902253899658,0.031155675117458616,0.031045022937986586,0.04166553020477295,0.2557852081954479,0.43480074405670166,0.24746424257755278,0.447862446308136,0.23384008109569548,0.1551632285118103,0.22214182317256928,0.1493668258190155,0.2967359185218811,0.1379598081111908,0.29738948345184324,0.17911261320114136,0.2845603585243225,0.17546620965003967,0.26250011920928956,0.14424186944961548,0.2680222511291504,0.178095281124115,0.34623143672943113,0.31198224425315857,0.266854852437973,0.379476398229599,0.4445051908493042,0.428841152212076,0.01566403863722815,0.44165879487991333,0.4199284017086029,0.45073348879814146,0.42518115043640137,0.4445051908493042,0.43058064579963684,0.4299987256526947,0.41956567764282227,0.43235087394714355,0.42430245876312256,0.42775779962539673,0.4270128309726715,0.43221601843833923,0.4339539110660553,0.42852625250816345,0.4209299087524414,0.42306479811668396,0.41458532214164734,0.4268725275993347,0.4304793179035187,0.42772695422172546,0.4293231964111328
975428833,qlstm,extrapolation,iid,2000016,62,4,58,58,3,0.08371422548011948,0.23119983846141445,0.00020395220162416905,0.01428118348121643,0.05803767914248181,0.20689820498228073,0.0854850217792669,0.23287581318411335,0.03314562141895294,0.03176417662983849,0.02168971300125122,0.3057621493935585,0.2415207028388977,0.2864328920841217,0.17983177304267883,0.20689820498228073,0.016882359981536865,0.25276869535446167,0.027830123901367188,0.29199744760990143,0.0742759108543396,0.30563750118017197,0.12197792530059814,0.2627578601241112,0.05895376205444336,0.25238877534866333,0.0007297694683074951,0.3180157244205475,0.06257367134094238,0.2871422842144966,0.03794190287590027,0.2205885574221611,0.05755496025085449,0.46557895094156265,0.42726462462852743,0.03831432631303522,0.4280276298522949,0.42777299880981445,0.4596521258354187,0.4279273450374603,0.46557895094156265,0.4308587610721588,0.4488576203584671,0.4264184236526489,0.4426068440079689,0.4329308271408081,0.4363524615764618,0.43433845043182373,0.42899003624916077,0.42575547099113464,0.4255911782383919,0.4235140383243561,0.4219926446676254,0.4179403781890869,0.42431551218032837,0.4182833433151245,0.4276195392012596,0.42633047699928284
975428833,qlstm,extrapolation,iid,2000017,62,3,59,59,2,0.01098099307813507,0.08522529179050077,6.798037301880555e-05,0.008245021104812622,0.0040085217068046575,0.05264451106389364,0.01133552552074509,0.08688194165795536,0.03423450609384957,0.035298061759575554,0.019596129655838013,0.11115619540214539,0.11115619540214539,0.05237361788749695,0.10133087635040283,0.05264451106389364,0.08342766761779785,0.033090561628341675,0.009287446737289429,0.044605145851771034,0.07722586393356323,0.06301700075467427,0.13812285661697388,0.07352654139200847,0.15921121835708618,0.08241117000579834,0.21860462427139282,0.07421395182609558,0.1851663589477539,0.12243005633354187,0.16299068927764893,0.04764049251874288,0.05640816688537598,0.47593486309051514,0.4259861293485609,0.04994873374195424,0.425391286611557,0.425391286611557,0.4701976031064987,0.414671927690506,0.47593486309051514,0.4219196140766144,0.45699496070543927,0.4276879131793976,0.44495822985967,0.4278179407119751,0.4318257172902425,0.4250704050064087,0.4301251868406932,0.4282502233982086,0.42661166191101074,0.42471417784690857,0.4218043088912964,0.42130792140960693,0.4254682958126068,0.43190768361091614,0.4263329704602559,0.42349305748939514
975428833,qlstm,extrapolation,iid,2000018,62,3,59,58,3,0.029892328008305928,0.14797093695209873,0.11865974123371448,0.34447023272514343,0.05463751424908322,0.22473881642023721,0.028634098199452847,0.1440674854537188,0.0343581746364462,0.031563371419906616,0.022224535544713337,0.1783541440963745,0.2494007647037506,0.1409095823764801,0.17803719639778137,0.22473881642023721,0.3129068613052368,0.24418047070503235,0.34447023272514343,0.19139888882637024,,0.1778685450553894,,0.17379845678806305,,0.20805953443050385,,0.15354356169700623,,0.05918809771537781,,0.11060166358947754,,0.429889976978302,0.4298107805898634,7.91963884386182e-05,0.42393256227175397,0.4295787811279297,0.42859018842379254,0.4312244653701782,0.429889976978302,0.43096959590911865,0.42642171184221905,0.4299893081188202,0.42912890017032623,,0.42844316363334656,,0.4252801090478897,,0.4247310757637024,,0.42535316944122314,,0.42445898056030273,,0.423622265458107,
975428833,qlstm,extrapolation,iid,2000019,62,2,60,60,1,0.11748086289932655,0.3214253232844414,0.1457347027092235,0.381752148270607,0.08678421373851031,0.2576156333088875,0.11850408453802043,0.32355231295029324,0.029726300636927286,0.03026778221130371,0.027182042598724365,0.16415613889694214,0.16415613889694214,0.17466360330581665,0.17466360330581665,0.2576156333088875,0.4005085974931717,0.22735107690095901,0.4012718051671982,0.20733965188264847,0.38115422427654266,0.2181396707892418,0.4157509356737137,0.21981226652860641,0.4058654457330704,0.25732169300317764,0.4209066778421402,0.28207822889089584,0.42967720329761505,0.36973147094249725,0.3381911367177963,0.3678252696990967,0.29054151475429535,0.47782446444034576,0.4285609299937884,0.049263534446557344,0.4318027198314667,0.4318027198314667,0.42243310809135437,0.42243310809135437,0.47782446444034576,0.42589834332466125,0.4539026618003845,0.42956089973449707,0.4398622512817383,0.4212026596069336,0.4349053055047989,0.42299357056617737,0.43207481503486633,0.42504701018333435,0.4285094141960144,0.42104801535606384,0.42694172263145447,0.426643043756485,0.4306339770555496,0.4317070543766022,0.427914097905159,0.42414870858192444
975428833,qlstm,extrapolation,iid,2000020,62,1,61,60,1,0.06350129053222363,0.2435929669487861,0.13374802582630796,0.36571577191352844,0.023295826324351232,0.15262970328330994,0.06416039650284448,0.24508416799248242,0.029337844252586363,0.029257259870830336,0.03411865234375,0.31668074429035187,0.31668074429035187,0.27799464762210846,0.27799464762210846,0.15262970328330994,0.15262970328330994,0.12394219636917114,0.12394219636917114,0.18691417574882507,0.18691417574882507,0.1678503453731537,0.1678503453731537,0.18083295226097107,0.18083295226097107,0.1760551929473877,0.1760551929473877,0.2157103419303894,0.2157103419303894,0.246286541223526,0.246286541223526,0.1685619056224823,0.1685619056224823,0.4375092089176178,0.4290823242703422,0.00842688464727559,0.45403727889060974,0.45403727889060974,0.44462084770202637,0.44462084770202637,0.4375092089176178,0.4375092089176178,0.43707242608070374,0.43707242608070374,0.43260571360588074,0.43260571360588074,0.4317963421344757,0.4317963421344757,0.41746029257774353,0.41746029257774353,0.4288768768310547,0.4288768768310547,0.4210180938243866,0.4210180938243866,0.42547357082366943,0.42547357082366943,0.4303952157497406,0.4303952157497406
975428833,qlstm,extrapolation,iid,2000021,62,1,61,60,1,0.014534058942279642,0.10812380381168858,0.0091679263052038,0.09574928879737854,0.036656172133420206,0.19145801663398743,0.014171401348982255,0.10675766917525745,0.02897386650244395,0.029126068331160635,0.014267772436141968,0.22126710414886475,0.22126710414886475,0.2426074743270874,0.2426074743270874,0.19145801663398743,0.19145801663398743,0.18728536367416382,0.18728536367416382,0.19065362215042114,0.19065362215042114,0.17119565606117249,0.17119565606117249,0.09148567914962769,0.09148567914962769,0.07757151126861572,0.07757151126861572,0.07032424211502075,0.07032424211502075,0.07697689533233643,0.07697689533233643,0.10485196113586426,0.10485196113586426,0.4228191077709198,0.4294621138299098,-0.006643006058989986,0.42988160252571106,0.42988160252571106,0.42065081000328064,0.42065081000328064,0.4228191077709198,0.4228191077709198,0.43036437034606934,0.43036437034606934,0.4220881164073944,0.4220881164073944,0.4210071563720703,0.4210071563720703,0.42221197485923767,0.42221197485923767,0.427694171667099,0.427694171667099,0.41757073998451233,0.41757073998451233,0.424078106880188,0.424078106880188,0.42380523681640625,0.42380523681640625
975428833,qlstm,extrapolation,iid,2000022,62,5,57,56,5,0.10578813155001056,0.30642607303396346,0.1288430246945263,0.35894710570573807,0.1059069151737928,0.30047091990709307,0.1057777119338893,0.30694845488719774,0.029741641134023666,0.02688625364592581,0.059921497106552125,0.2767769321799278,0.33730366826057434,0.28406893014907836,0.3192867934703827,0.30047091990709307,0.4022170379757881,0.208354414999485,0.34832239896059036,0.24724387675523757,0.38512951880693436,0.1869803324341774,0.43667901307344437,0.19694165736436844,0.4722244217991829,0.216222782433033,0.4137668088078499,0.23379964977502823,0.4137927368283272,0.2770298674702644,0.41090644150972366,0.2283728078007698,0.3552592471241951,0.44451009631156924,0.4294423596900806,0.015067736621488637,0.4517659768462181,0.42478784918785095,0.4599869430065155,0.43041741847991943,0.44451009631156924,0.4245282709598541,0.43773902058601377,0.42452922463417053,0.43318803906440734,0.4298824369907379,0.4307557463645935,0.4261969029903412,0.42675251960754396,0.423357218503952,0.4289055347442627,0.42798128724098206,0.4286970436573029,0.42778292298316956,0.42623677253723147,0.4262528419494629,0.42560171484947207,0.4198046922683716
975428833,qlstm,extrapolation,iid,2000023,62,7,55,55,6,0.14128018087658736,0.35022308316922957,0.13918358319614654,0.37307316064834595,0.0750798181103054,0.22494452340262278,0.149705681592296,0.366167627139525,0.031071915409781718,0.03267937277754148,0.038176859418551125,0.14769147833188376,0.3024333715438843,0.18986573815345764,0.3305925726890564,0.22494452340262278,0.4847825765609741,0.2187493826661791,0.5011221170425415,0.2554746653352465,0.44247496128082275,0.2642286547592708,0.4503653049468994,0.3169864799295153,0.473518431186676,0.3936741607529776,0.43485504388809204,0.369800512279783,0.35115909576416016,0.4412102827004024,0.5186181664466858,0.4122939876147679,0.35419896245002747,0.44367601616042,0.42781108726154676,0.015864928898873254,0.43368658423423767,0.43069493770599365,0.4322793235381444,0.4211691617965698,0.44367601616042,0.4246431291103363,0.4337441793509892,0.4241985082626343,0.4300680543695177,0.42908260226249695,0.4309034730706896,0.4298425614833832,0.4283843381064279,0.4292179346084595,0.42797679134777616,0.4244964122772217,0.42538498980658396,0.4217098653316498,0.4280812953199659,0.42904508113861084,0.4257343922342573,0.41596683859825134
975428833,qlstm,extrapolation,iid,2000024,62,3,59,59,2,0.014176878934468527,0.0917718049979979,0.0005858848721453924,0.024205058813095093,0.007689364130487893,0.07495071490605672,0.014506752568569238,0.09262711466368982,0.030218231981083497,0.02947900463373233,0.010127797722816467,0.18869143724441528,0.22639521956443787,0.16566821932792664,0.1049412190914154,0.07495071490605672,0.010629415512084961,0.07384445269902547,0.06546846032142639,0.07204621036847432,0.034534841775894165,0.0753227969010671,0.008534789085388184,0.08183001478513081,0.05451825261116028,0.0869227945804596,0.06412318348884583,0.15751566489537558,0.1287918984889984,0.0944730540116628,0.07819274067878723,0.09803342819213867,0.0201072096824646,0.458679993947347,0.42852498464665173,0.030155009300695257,0.42861226201057434,0.4301546514034271,0.42960087954998016,0.4290471076965332,0.458679993947347,0.4233872890472412,0.43816400567690533,0.42100822925567627,0.43125849962234497,0.4205206334590912,0.4289543926715851,0.4229348599910736,0.4329686760902405,0.4317612648010254,0.4287017087141673,0.4287779629230499,0.4266049762566884,0.4211934506893158,0.42685458064079285,0.4227719306945801,0.4270903666814168,0.4235425889492035
975428833,qlstm,extrapolation,iid,2000025,62,2,60,59,2,0.08961398492983767,0.28436145186424255,0.10303224350602935,0.3209863603115082,0.038051727909763855,0.16756051778793335,0.0913327268305068,0.28825481633345285,0.032107809337518986,0.03064941132769865,0.02319088578224182,0.06467120349407196,0.1189364492893219,0.07885438203811646,0.08169728517532349,0.16756051778793335,0.2674364447593689,0.1876959651708603,0.26078271865844727,0.23424868285655975,0.3075519800186157,0.23887765407562256,0.272876501083374,0.24333250522613525,0.3099091053009033,0.20716716349124908,0.29539787769317627,0.2888908088207245,0.3103451728820801,0.30847424268722534,0.30703938007354736,0.30841532349586487,0.30648547410964966,0.442178413271904,0.4300720865527789,0.012106326719125093,0.48181964457035065,0.4306820333003998,0.4563760906457901,0.4288378953933716,0.442178413271904,0.4278120994567871,0.44295482337474823,0.4338977336883545,0.4323255866765976,0.42927074432373047,0.4314466267824173,0.43019843101501465,0.4286464899778366,0.4323248565196991,0.430796355009079,0.4309106767177582,0.4285648316144943,0.42931756377220154,0.43224307894706726,0.4321613013744354,0.42598748207092285,0.42265740036964417
975428833,qlstm,extrapolation,iid,2000026,62,4,58,58,3,0.10738415069675963,0.31908529966829285,0.12163578883024684,0.34876322746276855,0.06634733819386396,0.23544151615351439,0.11021427569695934,0.3248538364624155,0.036399743166463126,0.029818168708256314,0.047418793042500816,0.18035883456468582,0.26228325068950653,0.23330384865403175,0.23167391121387482,0.23544151615351439,0.29520654678344727,0.2793064406141639,0.2995513379573822,0.27151916548609734,0.3086974620819092,0.31063542887568474,0.23543596267700195,0.3668981231749058,0.2594740390777588,0.4385519064962864,0.33865368366241455,0.3805466927587986,0.3703874945640564,0.3138094060122967,0.33735769987106323,0.42528864244620007,,0.47453514486551285,0.42740355483416853,0.04713159003134432,0.4727134555578232,0.4213232100009918,0.4787881275018056,0.42596378922462463,0.47453514486551285,0.4289919137954712,0.4496592953801155,0.4194923937320709,0.4381246343255043,0.4247646629810333,0.4340251684188843,0.42947468161582947,0.4320647791028023,0.42372846603393555,0.42940687388181686,0.42177560925483704,0.4282448887825012,0.4280466139316559,0.42828039079904556,0.43011486530303955,0.4296164611975352,
975428833,qlstm,extrapolation,iid,2000027,62,2,60,59,2,0.13786207006995302,0.3146927640322716,0.07660146554622216,0.2767696976661682,0.09112505167449594,0.2700653113424778,0.13941997068313491,0.31618034578859805,0.02909593763997999,0.02227901535875657,0.027293026447296143,0.25338705256581306,0.48039958626031876,0.23700690641999245,0.4338691607117653,0.2700653113424778,0.13519582152366638,0.259611327201128,0.1452713906764984,0.26378989592194557,0.11289367079734802,0.25641949847340584,0.11664038896560669,0.2370949424803257,0.09518754482269287,0.263722512871027,0.11271873116493225,0.30109794810414314,0.08412870764732361,0.3530466742813587,0.2368091344833374,0.4123095013201237,0.28824830055236816,0.42775994539260864,0.42975548803806307,-0.001995542645454429,0.42320556938648224,0.42009928822517395,0.4250612407922745,0.4268895387649536,0.42775994539260864,0.4278818368911743,0.43255239725112915,0.4319778382778168,0.4199664294719696,0.420811265707016,0.4252675920724869,0.42594578862190247,0.4254627227783203,0.42728376388549805,0.42648129165172577,0.42462193965911865,0.4298933446407318,0.4293370544910431,0.42642539739608765,0.4302273094654083,0.42401380836963654,0.4271475374698639
975428833,qlstm,extrapolation,iid,2000028,62,4,58,57,4,0.06116775476249512,0.1777086417160688,0.00021539298532857742,0.014676272869110107,0.13206884454049972,0.33386285696178675,0.056278024432977566,0.16693938549222617,0.02888946679600498,0.027713313698768616,0.052826859056949615,0.2878166073933244,0.4629313349723816,0.3459702590480447,0.4176763892173767,0.33386285696178675,0.09538662433624268,0.28072180040180683,0.04003360867500305,0.2928581479936838,0.04286754131317139,0.3199670407921076,0.06027704477310181,0.31739711947739124,0.11028891801834106,0.19669928587973118,0.03986835479736328,0.1924200151115656,0.04223117232322693,0.21752921678125858,0.024869978427886963,0.2739571053534746,0.13737446069717407,0.4371402934193611,0.4310410911666936,0.006099202252667524,0.4666348844766617,0.42327001690864563,0.44866302609443665,0.42820075154304504,0.4371402934193611,0.4264395534992218,0.43383006751537323,0.4263259470462799,0.4319525510072708,0.4304916560649872,0.43081260472536087,0.43091559410095215,0.4323573261499405,0.43229344487190247,0.42493172734975815,0.42299342155456543,0.4273213744163513,0.42517197132110596,0.42582084238529205,0.4278295934200287,0.42846421152353287,0.43065372109413147
975428833,qlstm,extrapolation,iid,2000029,62,5,57,57,4,0.13115893887920363,0.35206587931081174,0.1973646184211617,0.44425737857818604,0.1159940738117741,0.3358100362122059,0.13248919020090796,0.35349183045981225,0.03707315419849597,0.03532340923945109,0.04222870618104935,0.31153089366853237,0.34033697843551636,0.3397831255570054,0.3275744318962097,0.3358100362122059,0.32657361030578613,0.3207278296351433,0.2828943729400635,0.3033476658165455,0.2454134225845337,0.2590430974960327,0.19753730297088623,0.25372689962387085,0.21731191873550415,0.2938184022903442,0.2003704309463501,0.342708820104599,0.3559345602989197,0.42003015279769895,0.3975142240524292,0.37100489139556886,0.39347320795059204,0.4536143898963928,0.42796346649788974,0.025650923398503056,0.4485449194908142,0.42610475420951843,0.44207486510276794,0.4277421236038208,0.4536143898963928,0.42888641357421875,0.4417376458644867,0.4300907850265503,0.4361683428287506,0.4252651035785675,0.43146244883537294,0.42884576320648193,0.43193245530128477,0.4276476204395294,0.42678132057189944,0.4262947142124176,0.427340567111969,0.42862391471862793,0.4247864425182343,0.4231150448322296,0.4270845949649811,0.431565523147583
975428833,qlstm,extrapolation,iid,2000030,62,3,59,58,3,0.06253528772494088,0.2309617155021237,0.0286425198526139,0.1692410111427307,0.07447778282645157,0.2510165472825368,0.06192804221130475,0.22994197829295013,0.03526551970120134,0.03625102092822393,0.03666651248931885,0.42473672330379486,0.41477611660957336,0.3553838034470876,0.4679812490940094,0.2510165472825368,0.1877613663673401,0.34783369302749634,0.22678393125534058,0.34624000390370685,0.2549697756767273,0.30996158719062805,0.1962701678276062,0.34127933780352276,0.2308969497680664,0.336266169945399,0.14925214648246765,0.31265324354171753,0.19391167163848877,0.20285518964131674,0.19402027130126953,0.2127382755279541,0.20281773805618286,0.4563526709874471,0.42734076764623996,0.029011903341207124,0.46861182153224945,0.4126019775867462,0.4777863919734955,0.42571067810058594,0.4563526709874471,0.42265474796295166,0.44254722197850543,0.42174556851387024,0.43493590752283734,0.42604026198387146,0.43214191993077594,0.4201478958129883,0.4332216481367747,0.4299200773239136,0.4314160744349162,0.43105995655059814,0.41921233137448627,0.41370058059692383,0.4245896339416504,0.4293685853481293,0.42468849817911786,0.42019638419151306
975428833,qlstm,extrapolation,iid,2000031,62,7,55,55,6,0.23344268817467187,0.4579481446454602,0.2379247102877038,0.4877752661705017,0.06345143031349847,0.20781440607139043,0.2550779391751849,0.48978334773670545,0.03159725774418224,0.04254017025232315,0.03009149432182312,0.19997910658518472,0.34400439262390137,0.17380611350138983,0.33083289861679077,0.20781440607139043,0.2753183841705322,0.253509127667972,0.22924047708511353,0.36492027980940683,0.23516452312469482,0.40390398034027647,0.29131054878234863,0.41805542579718996,0.38244950771331787,0.4227489445890699,0.38352859020233154,0.491717313017164,0.4877752661705017,0.5366721153259277,,0.5700316478808721,,0.44543503863470896,0.4273743136362596,0.01806072499844935,0.4493880569934845,0.43209490180015564,0.43955526252587634,0.4336179792881012,0.44543503863470896,0.4214681386947632,0.44082039168902803,0.4317100942134857,0.43271083916936603,0.42526158690452576,0.4321089897836958,0.4282917082309723,0.4281394822256906,0.42402493953704834,0.42921639340264456,0.4324234426021576,0.4260036519595555,0.4203997552394867,0.4237625350554784,,0.42337774236996967,
975428833,qlstm,extrapolation,iid,2000032,62,3,59,58,3,0.14587764297798092,0.35955793626846805,0.2293291828848396,0.4788832664489746,0.06318202089729397,0.23220535119374594,0.15008250511767687,0.366033491441759,0.03593023378273536,0.034706262142761894,0.045022269090016685,0.1359923928976059,0.20414644479751587,0.11603257060050964,0.13317960500717163,0.23220535119374594,0.36674243211746216,0.20567897955576578,0.3044435977935791,0.18086165189743042,0.3184187412261963,0.18805931011835733,0.3818401098251343,0.2246670126914978,0.4567594528198242,0.24037049214045206,0.42773348093032837,0.2807808220386505,0.4489021301269531,0.23341445128122965,0.36291730403900146,0.3732340733210246,0.41944336891174316,0.457280029853185,0.42885432404986884,0.02842570580331616,0.47241491079330444,0.4205433130264282,0.477459450562795,0.427785187959671,0.457280029853185,0.42933717370033264,0.4452330966790517,0.4265715181827545,0.43815526366233826,0.4318459928035736,0.4330640335877736,0.43412157893180847,0.426072100798289,0.42133617401123047,0.42962995171546936,0.4248560965061188,0.428070863087972,0.4300100803375244,0.4238607585430145,0.42325377464294434,0.42867617805798847,0.4200609624385834
975428833,qlstm,extrapolation,iid,2000033,62,3,59,58,3,0.06434126603949776,0.19303001655686286,0.0004802379954407243,0.02191433310508728,0.039210298570168924,0.14249702294667563,0.06561911184302295,0.1955994908082283,0.030842984030986655,0.028379255327685125,0.021957993507385254,0.4173080027103424,0.4094952940940857,0.2988511323928833,0.09094086289405823,0.14249702294667563,0.005905717611312866,0.11447141567866008,0.01252719759941101,0.11984508236249287,0.042547762393951416,0.11345757047335307,0.008543461561203003,0.09254142642021179,0.007920503616333008,0.1418110728263855,0.05490124225616455,0.10852769017219543,0.002481997013092041,0.12351693709691365,0.08151513338088989,0.15130792061487833,0.058876216411590576,0.43022895852724713,0.42953869144795304,0.0006902670792940935,0.4445464313030243,0.42467546463012695,0.4322606722513835,0.4210720360279083,0.43022895852724713,0.42550408840179443,0.431910902261734,0.4294329881668091,0.4315658112366994,0.4314647912979126,0.42982595165570575,0.4274255335330963,0.43047868212064105,0.42947784066200256,0.42540767788887024,0.42571184039115906,0.43042875329653424,0.43232056498527527,0.42628368735313416,0.42914167046546936,0.42062275608380634,0.4173873960971832
975428833,qlstm,extrapolation,iid,2000034,62,3,59,58,3,0.03354939333190272,0.1523557012119601,0.09744726138652382,0.31216543912887573,0.049468363035701714,0.19915875792503357,0.03273995419442141,0.14997588476892246,0.027382600924064374,0.028739899396896362,0.03071543574333191,0.14261651039123535,0.13550695776939392,0.15287727117538452,0.10817721486091614,0.19915875792503357,0.21488076448440552,0.1798300047715505,0.19415509700775146,0.15817437569300333,0.17861202359199524,0.20548351605733237,0.23648908734321594,0.21582950154940286,0.23518046736717224,0.2282727857430776,0.31216543912887573,0.23591846227645874,,0.17706114053726196,,0.060310110449790955,,0.4262615144252777,0.43051049365835675,-0.004248979233079042,0.4234250783920288,0.4279971122741699,0.4274833897749583,0.42946532368659973,0.4262615144252777,0.4313991367816925,0.4280482530593872,0.4326496124267578,0.42760417858759564,0.4245801866054535,0.42717594901720685,0.42973843216896057,0.42742158969243366,0.4254029095172882,0.42569346229235333,0.42773833870887756,0.4265423119068146,,0.42419859766960144,,0.42677849531173706,
975428833,qlstm,extrapolation,iid,2000035,62,3,59,58,3,0.14818030043759406,0.3813352601662759,0.21420820849171762,0.46282632648944855,0.11542944808264788,0.3370730131864548,0.14984559801496422,0.3835858828940634,0.030279823932154424,0.03008724914656745,0.06917482614517212,0.2984810123840968,0.3451458811759949,0.3339089900255203,0.3782005310058594,0.3370730131864548,0.36383385956287384,0.35265323023001355,0.38737107813358307,0.3770546366771062,0.3825830966234207,0.3524182140827179,0.348274901509285,0.3601379195849101,0.3148421496152878,0.3399262974659602,0.2841329127550125,0.344815269112587,0.3815327435731888,0.3694576174020767,0.4149109870195389,0.37548862397670746,0.3211499899625778,0.44649465878804523,0.4295823210376804,0.016912337750364825,0.4725533723831177,0.4303431808948517,0.45464831590652466,0.43423184752464294,0.44649465878804523,0.4347798526287079,0.43360933661460876,0.4231146574020386,0.43424612283706665,0.42539486289024353,0.4312954743703206,0.42876338958740234,0.4279109239578247,0.4263862669467926,0.4279714524745941,0.43203631043434143,0.42879130442937213,0.43277761340141296,0.4269578158855438,0.4286446273326874,0.43084461490313214,0.4281822144985199
975428833,qlstm,extrapolation,iid,2000036,62,7,55,55,6,0.04246197985463189,0.155974046837899,0.0008167079475676076,0.028578102588653564,0.02916102121715003,0.13046701039586747,0.04415482913576594,0.15922039693052117,0.027974698760292748,0.029923242330551148,0.021255006392796833,0.18348164359728494,0.14784207940101624,0.20359414319197336,0.17951178550720215,0.13046701039586747,0.0003361701965332031,0.13234581691878183,0.01251596212387085,0.15384595734732492,0.055018842220306396,0.1724082955292293,0.11124879121780396,0.16958215832710266,0.053821027278900146,0.18804284078734262,0.07254785299301147,0.21635875957352774,0.04794186353683472,0.19528857370217642,,0.1670711785554886,,0.44441553950309753,0.42853280034932223,0.015882739153775305,0.43019999563694,0.4296788275241852,0.4296209414800008,0.4272191524505615,0.44441553950309753,0.43273770809173584,0.4311042087418692,0.42096081376075745,0.43010625668934416,0.42388689517974854,0.4297621420451573,0.43186458945274353,0.42794257402420044,0.4257349669933319,0.4261288174561092,0.4267001152038574,0.4273987369877951,0.4328446686267853,0.42688437799612683,,0.42517122626304626,
975428833,qlstm,extrapolation,iid,2000037,62,2,60,60,1,0.16474011614068973,0.3998988679339809,0.11510924621502827,0.3392775356769562,0.1370048564003309,0.3701270893216133,0.16566462479870173,0.4008912605543931,0.03150867968797684,0.029811584180401217,0.0467301607131958,0.4873608499765396,0.4873608499765396,0.5188319832086563,0.5188319832086563,0.3701270893216133,0.3668416440486908,0.32778165489435196,0.3352639079093933,0.3172304853796959,0.3161323368549347,0.3240530863404274,0.28784969449043274,0.3130625858902931,0.2900356650352478,0.3898281827569008,0.3592996299266815,0.504058413207531,0.44997844099998474,0.42581813782453537,0.3850043714046478,0.44486521929502487,0.4004053771495819,0.47802118957042694,0.42856712887684506,0.04945406069358188,0.42803919315338135,0.42803919315338135,0.42734429240226746,0.42734429240226746,0.47802118957042694,0.42388007044792175,0.4492655098438263,0.42260292172431946,0.4381200522184372,0.41796669363975525,0.43726497888565063,0.4236612021923065,0.4279966354370117,0.4219000041484833,0.43093645572662354,0.4290860593318939,0.42874857783317566,0.42719826102256775,0.421347513794899,0.42380788922309875,0.4236057996749878,0.4209761619567871
975428833,qlstm,extrapolation,iid,2000038,62,9,53,53,8,0.052959690673002775,0.18018601312031668,9.716806566562042e-05,0.009857386350631714,0.058486992666714276,0.2098017752998405,0.05202109222124045,0.17515692142945416,0.02611800690866866,0.030209058523178102,0.03330078721046448,0.2691377215087414,0.29773062467575073,0.228050219360739,0.24316120147705078,0.2098017752998405,0.037363797426223755,0.2417360171675682,0.0583549439907074,0.2516720336344507,0.052115678787231445,0.2620052790476216,0.08714127540588379,0.2707230763302909,0.09059402346611023,0.2822118140757084,0.04438701272010803,0.28620216954085564,0.024186700582504272,0.1776286968961358,,0.08060672506690025,,0.4459957910908593,0.42856020859952243,0.017435582491336865,0.4487581891672952,0.426848441362381,0.4501270018517971,0.4268333911895752,0.4459957910908593,0.42588934302330017,0.4402756657865312,0.42924341559410095,0.4338422417640686,0.43037983775138855,0.42941787507798934,0.42499884963035583,0.42837586998939514,0.42743420600891113,0.43004507157537675,0.42941272258758545,0.42869485749138725,0.42481234669685364,0.42727508023381233,,0.4288942627608776,
975428833,qlstm,extrapolation,iid,2000039,62,5,57,56,5,0.06162765266692968,0.20288610915022512,0.01028671466091069,0.10142344236373901,0.05093856583871255,0.1898296557366848,0.06256529186238732,0.20403141208123743,0.029011550758566176,0.02830710768699646,0.020183664560317994,0.2594638643786311,0.0101814866065979,0.1960853062570095,0.017862141132354736,0.1898296557366848,0.19203534722328186,0.2050080381333828,0.20835569500923157,0.22209213599562644,0.17041745781898499,0.22239033207297326,0.12004208564758301,0.26675864309072495,0.09949448704719543,0.26755440682172776,0.17929485440254211,0.2663103863596916,0.1401664912700653,0.248542682826519,0.11543622612953186,0.1592510722577572,0.1569468379020691,0.43345819115638734,0.4292122010599103,0.004245990096477026,0.4271775484085083,0.4260738790035248,0.44987985491752625,0.427610844373703,0.43345819115638734,0.4257826805114746,0.43461169600486754,0.4292556345462799,0.42989531755447385,0.4286734163761139,0.4293351411819458,0.4283658564090729,0.42894901633262633,0.4281315505504608,0.42785799503326416,0.4287010431289673,0.4267400085926056,0.4209655225276947,0.42641485333442686,0.4290168285369873,0.42421616315841676,0.4227066934108734
975428833,qlstm,extrapolation,iid,2000040,62,3,59,58,3,0.06975746505781216,0.24848848340972776,0.045577360551591006,0.21348854899406433,0.036822095426683056,0.18946319818496704,0.07143214486956448,0.2514897690991224,0.02923502593204893,0.025615799994695754,0.01449619730313619,0.2573271095752716,0.12702816724777222,0.2914539674917857,0.1583549678325653,0.18946319818496704,0.2280919849872589,0.15493707855542502,0.18433403968811035,0.15050358573595682,0.17015507817268372,0.16232468684514365,0.18301963806152344,0.1572956641515096,0.22390463948249817,0.20585953195889792,0.23926299810409546,0.18285451332728067,0.22005349397659302,0.20718814929326376,0.19928181171417236,0.25132323304812115,0.26528140902519226,0.4322163263956706,0.4303879990416058,0.001828327354064796,0.42639554540316266,0.4243084490299225,0.4280013044675191,0.4285527765750885,0.4322163263956706,0.4333595335483551,0.42326979835828143,0.4231341779232025,0.4264943301677704,0.4267131984233856,0.43023109436035156,0.4293091297149658,0.4249695837497711,0.4286767542362213,0.42870089411735535,0.42421507835388184,0.4282362957795461,0.4294429123401642,0.42743968963623047,0.42879486083984375,0.42501217126846313,0.42285585403442383
975428833,qlstm,extrapolation,iid,2000041,62,5,57,56,5,0.12505147961681357,0.33760753394134585,0.1320671068086563,0.3634103834629059,0.10393218551529256,0.2947467267513275,0.12690404927484172,0.3413672538702948,0.02950949328286307,0.031409405171871185,0.05595538020133972,0.29732364416122437,0.15932169556617737,0.2748321145772934,0.1389874815940857,0.2947467267513275,0.38020336627960205,0.2783333420753479,0.4112035036087036,0.3307915210723877,0.3769693076610565,0.3194704234600067,0.3086804747581482,0.2928512454032898,0.29429441690444946,0.31727704405784607,0.3651081621646881,0.3836227834224701,0.28548532724380493,0.28600177764892576,0.30852586030960083,0.3164594829082489,0.3313691020011902,0.4391076982021332,0.42878566708481103,0.010322031117322161,0.4284527748823166,0.43229803442955017,0.44699734449386597,0.42408546805381775,0.4391076982021332,0.41999921202659607,0.427860414981842,0.4198589026927948,0.42882390022277833,0.42297491431236267,0.4264757215976715,0.4212130010128021,0.4277506172657013,0.4246284067630768,0.4270049393177032,0.4261205494403839,0.4252562284469604,0.4274061620235443,0.42508180141448976,0.42573949694633484,0.4300531268119812,0.43048861622810364
975428833,qlstm,extrapolation,iid,2000042,62,2,60,60,1,0.06611188046617684,0.23166466023652785,0.022231469324651698,0.14910221099853516,0.056287266615645565,0.22932327911257744,0.0664393675945279,0.23174270627399285,0.03526368836561839,0.03302474732094623,0.026533156633377075,0.3522629663348198,0.3522629663348198,0.40670784562826157,0.40670784562826157,0.22932327911257744,0.1685112714767456,0.2615577392280102,0.19895923137664795,0.32126108929514885,0.24461811780929565,0.36725644394755363,0.263278990983963,0.37019601091742516,0.25054043531417847,0.30661865696310997,0.16873931884765625,0.2608864866197109,0.08516645431518555,0.26229312643408775,0.1723232865333557,0.18911808729171753,0.1336180567741394,0.4805896431207657,0.4279613956809044,0.052628247439861275,0.4254855811595917,0.4254855811595917,0.4256972372531891,0.4256972372531891,0.4805896431207657,0.43268218636512756,0.45548512041568756,0.42819109559059143,0.44732531905174255,0.43073800206184387,0.43622986972332,0.42944443225860596,0.43102946877479553,0.4207746684551239,0.43211159110069275,0.42789241671562195,0.4201986640691757,0.41645583510398865,0.42738233506679535,0.429279088973999,0.42636528611183167,0.42199257016181946
975428833,qlstm,extrapolation,iid,2000043,62,3,59,58,3,0.08325982045996573,0.2733213492939549,0.06422136171210369,0.25341933965682983,0.02090559954145525,0.11052903532981873,0.08643037406599169,0.2815989245802669,0.03367937433308568,0.03135967085946281,0.025498420000076294,0.09850035111109416,0.04862922430038452,0.06898392240206401,0.08002296090126038,0.11052903532981873,0.2423354685306549,0.085547536611557,0.21080729365348816,0.08131601413091023,0.19218683242797852,0.13258091608683267,0.26909056305885315,0.21103369196256003,0.31074264645576477,0.2605045437812805,0.3785195052623749,0.3082866370677948,0.3450267016887665,0.32184990247090656,0.23289543390274048,0.25806135932604474,0.2748607397079468,0.43693528572718304,0.43051055023225687,0.00642473549492617,0.45741984248161316,0.4312181770801544,0.44748209913571674,0.4339464008808136,0.43693528572718304,0.4240816831588745,0.4361487329006195,0.430848091840744,0.4321252504984538,0.4274560213088989,0.4317899247010549,0.43020519614219666,0.42683108647664386,0.42246517539024353,0.4296311140060425,0.4305892288684845,0.4267112612724304,0.4274634122848511,0.4247529407342275,0.41908860206604004,0.42441582679748535,0.42596712708473206
975428833,qlstm,extrapolation,iid,2000044,62,3,59,59,2,0.05283405282167721,0.22018450210171361,0.11249606891113118,0.33540433645248413,0.028200940544872877,0.16221546630064645,0.05408658395439608,0.2231320801932933,0.030507975210577756,0.028775726876607757,0.022291108965873718,0.2599199488759041,0.2849952131509781,0.2665713503956795,0.30573560297489166,0.16221546630064645,0.14654922485351562,0.2079371064901352,0.16995763778686523,0.21788916488488516,0.18285435438156128,0.22938561936219534,0.22086364030838013,0.24694778521855673,0.20394641160964966,0.21657276153564453,0.1842660903930664,0.19625176986058554,0.05870211124420166,0.22277031342188516,0.1782526969909668,0.2021253158648809,0.1844179630279541,0.4679886996746063,0.4280934040829287,0.03989529559167765,0.4385329484939575,0.4225567579269409,0.43428054451942444,0.4224384129047394,0.4679886996746063,0.4310612976551056,0.44099800785382587,0.4217623174190521,0.43850043416023254,0.42960235476493835,0.43109946449597675,0.4187508523464203,0.43302416801452637,0.42368021607398987,0.4295764962832133,0.42796561121940613,0.4309684733549754,0.4309366047382355,0.4289921422799428,0.4269756078720093,0.4268190562725067,0.4190833568572998
975428833,qlstm,extrapolation,iid,2000045,62,6,56,56,5,0.016439112662049175,0.10524380831949172,0.002002181541204351,0.04474574327468872,0.026334770401713392,0.13962942361831665,0.01537886361851372,0.10155963525176048,0.025018565356731415,0.021555555589271313,0.017315900325775145,0.11121118068695068,0.07638406753540039,0.11348297595977783,0.10190662741661072,0.13962942361831665,0.0851173996925354,0.12528880933920541,0.10551950335502625,0.12156236668427785,0.1375027894973755,0.12947001059850058,0.16191890835762024,0.14133119583129883,0.18459904193878174,0.12303448716799419,0.18417614698410034,0.10603199899196625,0.14196261763572693,0.1518662373224894,0.17027589678764343,0.13966591656208038,0.09628865122795105,0.44195030132929486,0.42804620787501335,0.013904093454281508,0.42880276441574094,0.4243972599506378,0.42512699365615847,0.42258313298225403,0.44195030132929486,0.42625460028648376,0.43869363764921826,0.42914190888404846,0.43084926903247833,0.4286164343357086,0.4297273208697637,0.42553678154945374,0.42659958203633624,0.43121016025543213,0.42552102108796436,0.4283560812473297,0.42627101639906567,0.4243665635585785,0.42388490835825604,0.42007899284362793,0.4263349523146947,0.4240964949131012
975428833,qlstm,extrapolation,iid,2000046,62,1,61,60,1,0.16115713223406253,0.3979912149088998,0.1435771452117663,0.3789157494902611,0.2360854657396994,0.48588626831769943,0.15992879889790454,0.39655031239400146,0.029051314294338226,0.029051314294338226,0.1131485104560852,,,0.2926795482635498,0.2926795482635498,0.48588626831769943,0.48588626831769943,0.4719580337405205,0.4719580337405205,0.47023265808820724,0.47023265808820724,0.5151880905032158,0.5151880905032158,0.4570233151316643,0.4570233151316643,0.40494173020124435,0.40494173020124435,0.41831719130277634,0.41831719130277634,0.414749912917614,0.414749912917614,0.3527497574687004,0.3527497574687004,0.4841024875640869,0.42999857224401883,0.054103915320068086,,,0.5334563851356506,0.5334563851356506,0.4841024875640869,0.4841024875640869,0.46217766404151917,0.46217766404151917,0.4487883150577545,0.4487883150577545,0.44376230239868164,0.44376230239868164,0.4400305449962616,0.4400305449962616,0.4267437756061554,0.4267437756061554,0.43378975987434387,0.43378975987434387,0.4191686809062958,0.4191686809062958,0.4205721616744995,0.4205721616744995
975428833,qlstm,extrapolation,iid,2000047,62,8,54,54,7,0.02183332481687409,0.10971425521758295,3.858334152173626e-05,0.0062115490436553955,0.039719037844426985,0.17041238397359848,0.019183589553532922,0.10072193984632138,0.035827195202862774,0.038857203942758066,0.02538009626524789,0.1922620783249537,0.12097129225730896,0.1765173545905522,0.08627420663833618,0.17041238397359848,0.07673731446266174,0.15009362250566483,0.051689863204956055,0.1612999401986599,0.014642298221588135,0.17653151229023933,0.013706982135772705,0.17153193056583405,0.0926976203918457,0.11069891229271889,0.18123018741607666,0.09671854972839355,0.07978737354278564,0.10589146241545677,0.00022074580192565918,0.2119784578680992,0.05595928430557251,0.4491138830780983,0.42801227006647324,0.021101613011625053,0.4493953287601471,0.42694878578186035,0.4515227334839957,0.41963663697242737,0.4491138830780983,0.4242217540740967,0.4425382539629936,0.4286164939403534,0.4352778196334839,0.4300229847431183,0.43389176577329636,0.43018415570259094,0.4311051070690155,0.4265681505203247,0.42856496945023537,0.43028244376182556,0.42839253321290016,0.4252655506134033,0.4251991845667362,0.42846307158470154,0.42817067354917526,0.4322420656681061
975428833,qlstm,extrapolation,iid,2000048,62,2,60,59,2,0.09830918784504201,0.3089844844033641,0.10023260350613605,0.31659533083438873,0.09975175970999495,0.31477759033441544,0.09826110211621025,0.3087913808723291,0.028015123585523185,0.026862272045068573,0.07824400067329407,0.2978835701942444,0.2978835701942444,0.3308277130126953,0.3769093155860901,0.31477759033441544,0.28895457088947296,0.31481263786554337,0.33174170553684235,0.3392077460885048,0.3015061765909195,0.2865183353424072,0.2840820997953415,0.3070790022611618,0.28241629898548126,0.2738190293312073,0.26355595886707306,0.31608982384204865,0.36569686233997345,0.3016856461763382,0.2664833217859268,0.2176191359758377,0.19559882581233978,0.4652218669652939,0.42983243862787884,0.03538942833741504,0.46235451102256775,0.46235451102256775,0.4870479553937912,0.4474983513355255,0.4652218669652939,0.44376835227012634,0.4461820721626282,0.4300096333026886,0.43981823325157166,0.4321381151676178,0.4371804893016815,0.4305926263332367,0.431509405374527,0.43300917744636536,0.4293498992919922,0.4281071722507477,0.43103814125061035,0.43407610058784485,0.4258241504430771,0.42414531111717224,0.42654961347579956,0.424275666475296
975428833,qlstm,extrapolation,iid,2000049,62,3,59,58,3,0.101600204735426,0.29249856404719815,0.03261598949217159,0.18059897422790527,0.09382605902971768,0.27030178904533386,0.10199550027978405,0.29362721362356414,0.03087932796313845,0.026842783658932418,0.035892089207967125,0.2740582525730133,0.42470037937164307,0.19701106349627176,0.4017478823661804,0.27030178904533386,0.29613232612609863,0.2211980919043223,0.2687099277973175,0.2328695853551229,0.2667275071144104,0.23425987362861633,0.23038366436958313,0.272723913192749,0.247097909450531,0.2621297836303711,0.2293659746646881,0.42341668407122296,0.3466796278953552,0.3930674195289612,0.29977917671203613,0.33058475454648334,0.2445124089717865,0.44477273027102154,0.4294278803518263,0.01534484991919527,0.4312276244163513,0.431087851524353,0.4639388521512349,0.4283045828342438,0.44477273027102154,0.42334771156311035,0.4363295336564382,0.42054370045661926,0.43569231033325195,0.4298839867115021,0.4307819704214732,0.4254802167415619,0.42765601476033527,0.42068585753440857,0.4296891192595164,0.4255254566669464,0.42689696947733563,0.4261001646518707,0.4294428030649821,0.42770418524742126,0.42798959215482074,0.4217168390750885
975428833,qlstm,extrapolation,iid,2000050,62,2,60,59,2,0.06327393647214359,0.22255914442000851,0.0005649564437613108,0.02376881241798401,0.04326195578288905,0.20794112980365753,0.06394100249511873,0.22304641157388688,0.03049552541668132,0.02899362564086914,0.030681580305099487,0.2667349651455879,0.18436723947525024,0.2622900530695915,0.13432973623275757,0.20794112980365753,0.212678462266922,0.22286655008792877,0.20731976628303528,0.22104978561401367,0.1822727620601654,0.20830929279327393,0.12468507885932922,0.20566566288471222,0.08347925543785095,0.19232162833213806,0.08047094941139221,0.2179061770439148,0.09923118352890015,0.20194794237613678,0.1339969038963318,0.21497862040996552,0.21197345852851868,0.4273948669433594,0.4311675970753034,-0.003772730131944013,0.4308154731988907,0.43237462639808655,0.4263204336166382,0.43304744362831116,0.4273948669433594,0.4283384382724762,0.4316740930080414,0.43263372778892517,0.431234672665596,0.43338537216186523,0.42394454777240753,0.4209096431732178,0.42668578028678894,0.4260709583759308,0.42739348113536835,0.42207980155944824,0.428051620721817,0.43012264370918274,0.4260838031768799,0.4277832508087158,0.43232691287994385,0.4338814318180084
975428833,qlstm,extrapolation,iid,2000051,62,6,56,56,5,0.10869946522954127,0.3153437948034656,0.07240743756171142,0.2690863013267517,0.05552920224809451,0.2045266181230545,0.11439627912041057,0.3272170637335096,0.031387189137084145,0.025959430262446404,0.0184050977230072,0.3046330690383911,0.4054259955883026,0.21035268306732177,0.1597309112548828,0.2045266181230545,0.2639734745025635,0.27518221239248913,0.2352994680404663,0.273454874753952,0.21522414684295654,0.2841317603985469,0.2680012583732605,0.30849124987920123,0.33535873889923096,0.3966740469137828,0.3172183334827423,0.39352037012577057,0.3332954943180084,0.3459194749593735,0.35350191593170166,0.33200064798196155,0.29105842113494873,0.44423795739809674,0.4275620122041021,0.016675945193994623,0.43247618675231936,0.42291924357414246,0.43000186085700987,0.4254615008831024,0.44423795739809674,0.4276260435581207,0.4371204326550166,0.4310387670993805,0.4326612154642741,0.423885703086853,0.42941437661647797,0.42243027687072754,0.4262872139612834,0.4167623519897461,0.42758061985174817,0.43209338188171387,0.4260210593541463,0.42160943150520325,0.4253666748603185,0.41993260383605957,0.42609943449497223,0.4219561815261841
975428833,qlstm,extrapolation,iid,2000052,62,1,61,60,1,0.08729633202469775,0.2689917222146065,0.10717493355736352,0.3273758292198181,0.15644668055809863,0.39553341269493103,0.08616271975365838,0.2669172682723061,0.028923765818277995,0.028604962676763535,0.04577362537384033,0.03963249921798706,0.03963249921798706,0.017736077308654785,0.017736077308654785,0.39553341269493103,0.39553341269493103,0.39194363355636597,0.39194363355636597,0.4220733940601349,0.4220733940601349,0.4559767246246338,0.4559767246246338,0.4494887888431549,0.4494887888431549,0.4589966833591461,0.4589966833591461,0.4295319616794586,0.4295319616794586,0.3440917730331421,0.3440917730331421,0.28945374488830566,0.28945374488830566,0.4189973771572113,0.4297525457671431,-0.010755168609931809,0.4259563982486725,0.4259563982486725,0.4323963224887848,0.4323963224887848,0.4189973771572113,0.4189973771572113,0.4311026334762573,0.4311026334762573,0.4210803806781769,0.4210803806781769,0.4245353639125824,0.4245353639125824,0.4212627708911896,0.4212627708911896,0.41911348700523376,0.41911348700523376,0.4277935326099396,0.4277935326099396,0.4261476993560791,0.4261476993560791,0.42706266045570374,0.42706266045570374
975428833,qlstm,extrapolation,iid,2000053,62,8,54,54,7,0.1086504114722281,0.3158484916052511,0.13162853409485198,0.3628064692020416,0.07990725072482299,0.23326480202376842,0.11290865750888071,0.32808311228398923,0.029963050727491027,0.02889971980234472,0.0275745689868927,0.23738878113882883,0.3757699728012085,0.22106518277100154,0.39782974123954773,0.23326480202376842,0.33069247007369995,0.3167077302932739,0.35192495584487915,0.30077715776860714,0.3054811358451843,0.2836330495774746,0.2573699355125427,0.30636152997612953,0.24704670906066895,0.36945619247853756,0.25827115774154663,0.4042366221547127,0.32536789774894714,0.3683268390595913,0.25075554847717285,0.34694718196988106,0.34488046169281006,0.444083496928215,0.427251347789058,0.016832149139157038,0.4502640409129007,0.414817214012146,0.4413266820566995,0.42312145233154297,0.444083496928215,0.4242505729198456,0.43858158960938454,0.4306758940219879,0.43172941356897354,0.42814624309539795,0.4300926700234413,0.42358437180519104,0.42852912843227386,0.4247152507305145,0.42739761993288994,0.42553186416625977,0.42548079416155815,0.425793319940567,0.4243846423923969,0.4261493682861328,0.42270762100815773,0.42498061060905457
975428833,qlstm,extrapolation,iid,2000054,62,7,55,55,6,0.07776348355504956,0.20697485343102487,8.333297684259833e-05,0.009128689765930176,0.07558061330903156,0.24775223646845138,0.07804130340454277,0.20178500468080693,0.032711159099232064,0.030457674161247585,0.03190960983435313,0.2881321956713994,0.5626450479030609,0.2887292255957921,0.5425699651241302,0.24775223646845138,0.09044459462165833,0.23698590908731734,0.073362797498703,0.21942018185343062,0.047899216413497925,0.2543018300618444,0.03477403521537781,0.26606285997799467,0.05794212222099304,0.24516894881214416,0.06635388731956482,0.19801271387508937,0.030225127935409546,0.22010740637779236,0.05967804789543152,0.21794446877070836,0.04849138855934143,0.44476595520973206,0.4292332697998394,0.015532685409892666,0.4394949326912562,0.42831897735595703,0.4324042797088623,0.4229752719402313,0.44476595520973206,0.425382137298584,0.4378691741398403,0.42585983872413635,0.43389551980154856,0.4242168664932251,0.43113494345120024,0.4258938729763031,0.4280763864517212,0.4274277687072754,0.4280429652759007,0.4263722002506256,0.42797217624528067,0.42907798290252686,0.4286653867789677,0.42693278193473816,0.4279136998312814,0.42937901616096497
975428833,qlstm,extrapolation,iid,2000055,62,8,54,54,7,0.0973481848268004,0.25970303771957276,0.2325741793741578,0.48225945234298706,0.07488096720799498,0.2398846484720707,0.10067666151106787,0.2626390953858693,0.029773174612610427,0.0295886340595427,0.03746868031365531,0.2400240557534354,0.02918669581413269,0.24448134643690927,0.031092345714569092,0.2398846484720707,0.37195849418640137,0.25635507702827454,0.4182305335998535,0.2123802788555622,0.4524995684623718,0.22151168808341026,0.39498305320739746,0.2227364219725132,0.3891153335571289,0.2147286720573902,0.48493754863739014,0.19419001415371895,0.5040335655212402,0.18126170337200165,0.4070550799369812,0.15429799631237984,0.4808058440685272,0.4442380666732788,0.42718245254622567,0.017055614127053143,0.43923223870141165,0.42563101649284363,0.4307587019034794,0.4260787069797516,0.4442380666732788,0.432072252035141,0.4347061514854431,0.42988643050193787,0.42857619747519493,0.4215634763240814,0.4277421534061432,0.41588589549064636,0.4271526150405407,0.4233938753604889,0.42750125378370285,0.424589604139328,0.42527418956160545,0.42217421531677246,0.4259137883782387,0.4309123754501343,0.42395003885030746,0.41888681054115295
975428833,qlstm,extrapolation,iid,2000056,62,6,56,55,6,0.06444072177258155,0.22607674954398985,0.1113436974381452,0.33368203043937683,0.06556826721295121,0.2333309774597486,0.06431991333254193,0.22529951083872998,0.03074518929828297,0.02520713210105896,0.026299133896827698,0.2550402507185936,0.18436592817306519,0.2905493304133415,0.1526259481906891,0.2333309774597486,0.25047585368156433,0.23772021383047104,0.24514541029930115,0.28742695103089017,0.24138545989990234,0.283312829832236,0.23438340425491333,0.2946032260855039,0.20107364654541016,0.20544877648353577,0.17506223917007446,0.1771287719408671,0.1894168257713318,0.18655717372894287,0.17729315161705017,0.17298879226048788,0.3829509913921356,0.4292735954125722,0.4307535109775407,-0.0014799155649685147,0.44261033833026886,0.42335522174835205,0.43558159470558167,0.4200059175491333,0.4292735954125722,0.4233713150024414,0.4327952762444814,0.4315381348133087,0.4284110814332962,0.4218834340572357,0.43111757437388104,0.42801976203918457,0.4237036208311717,0.41865548491477966,0.4261552145083745,0.42616042494773865,0.4276489069064458,0.42483970522880554,0.4233732322851817,0.4289444386959076,0.4294317613045375,0.43361470103263855
975428833,qlstm,extrapolation,iid,2000057,62,2,60,59,2,0.03841454835682885,0.15976745875612383,0.007839466652925786,0.08854076266288757,0.06676788759664165,0.2578170672059059,0.03746943704883509,0.15649913847446442,0.030931127778554366,0.037309229373931885,0.034832313656806946,0.2060622051358223,0.3506029397249222,0.21948347240686417,0.4162856489419937,0.2578170672059059,0.275086909532547,0.23828070610761642,0.2323075830936432,0.25863366574048996,0.19339600205421448,0.23588236421346664,0.14587101340293884,0.20672697573900223,0.10780328512191772,0.24950231611728668,,0.24658159911632538,,0.200430229306221,,0.19267235696315765,,0.419809952378273,0.4311630209287008,-0.01135306855042778,0.42239613831043243,0.41707316040992737,0.42742976546287537,0.4255279004573822,0.419809952378273,0.41902875900268555,0.42686235904693604,0.42536476254463196,0.42756395041942596,0.4260128438472748,0.4262152314186096,0.42589545249938965,0.4252123236656189,0.42683708667755127,0.43299075961112976,,0.42780372500419617,,0.4304315745830536,,0.4235365390777588,
975428833,qlstm,extrapolation,iid,2000058,62,7,55,55,6,0.1088148571599319,0.30198889634301584,0.0002203443460793153,0.014844000339508057,0.07348338601577302,0.23611307995659964,0.11331158985100666,0.31037309115583245,0.02667818015271967,0.0340840220451355,0.04123812913894653,0.2822602540254593,0.4759901165962219,0.2896894762913386,0.4932548999786377,0.23611307995659964,0.05332404375076294,0.23392013141087123,0.05096367001533508,0.23720596517835343,0.014844000339508057,0.3016384144624074,,0.2660018801689148,,0.24436510105927786,,0.23801377912362418,,0.27161047359307605,,0.26105983058611554,,0.4467730351856777,0.42657459432428535,0.02019844086139233,0.44779249529043835,0.41829243302345276,0.4399926116069158,0.42409706115722656,0.4467730351856777,0.42807841300964355,0.4359565590109144,0.4250185787677765,0.431663100208555,0.4211733639240265,0.4292995035648346,,0.42863960564136505,,0.42349402109781903,,0.42589913805325824,,0.42362462480862934,,0.42743711173534393,
975428833,qlstm,extrapolation,iid,2000059,62,3,59,59,2,0.10493224408073909,0.29870772277635915,0.0023214400977602523,0.04818132519721985,0.07992166664194757,0.24750499178965887,0.10620396835728782,0.3013112514705981,0.034420078588744345,0.021116402000188828,0.038740381598472595,0.25061245635151863,0.3043675795197487,0.26061544194817543,0.27123457938432693,0.24750499178965887,0.0565829873085022,0.2240868533651034,0.048931002616882324,0.20532606293757757,0.056822627782821655,0.18121315290530524,0.0636644959449768,0.1755748614668846,0.024393022060394287,0.1697411760687828,0.00826677680015564,0.2234082669019699,0.04818132519721985,0.2871710732579231,,0.3038899376988411,,0.46535976727803546,0.43014701493715835,0.03521275234087712,0.43068814277648926,0.42930102348327637,0.4304824769496918,0.4267015755176544,0.46535976727803546,0.43216606974601746,0.4407030443350474,0.41780921816825867,0.4363947908083598,0.4213806390762329,0.4329790472984314,0.42682012915611267,0.4286355177561442,0.4250071048736572,0.42929255962371826,0.42947110533714294,0.4322868386904399,0.43270382285118103,0.42618121206760406,,0.4301563501358032,
975428833,qlstm,extrapolation,iid,2000060,62,4,58,58,3,0.1333237671061571,0.3319818677921449,0.14248959250403376,0.3774779364466667,0.07369897926838555,0.24184379540383816,0.13743582143979644,0.33819828657754536,0.029660575348755408,0.029806516519406946,0.03669934471448263,0.18832103411356607,0.015055835247039795,0.21062909563382468,0.05759662389755249,0.24184379540383816,0.39402734488248825,0.2383128460496664,0.40612297505140305,0.2245073076337576,0.38103314489126205,0.2289270143955946,0.34977685660123825,0.24305127374827862,0.37361177057027817,0.1882470455020666,0.4655202254652977,0.17288708500564098,0.4185395762324333,0.1921859122812748,0.3450586721301079,0.32227987237274647,0.4141097590327263,0.45662132650613785,0.4288567900657654,0.027764536440372467,0.43636898199717206,0.4295426905155182,0.43425503373146057,0.42875924706459045,0.45662132650613785,0.43206870555877686,0.4358968734741211,0.42104920744895935,0.43204620480537415,0.42131951451301575,0.4325623959302902,0.4241511821746826,0.431800901889801,0.43029364943504333,0.4246400222182274,0.4308547079563141,0.42645084112882614,0.41870737075805664,0.4248564913868904,0.4265851080417633,0.4264552742242813,0.43306782841682434
975428833,qlstm,extrapolation,iid,2000061,62,3,59,59,2,0.05516300794586188,0.2280478770694425,0.025038423239650776,0.1582353413105011,0.058889674473613006,0.2190555532773336,0.05497351642750166,0.22850511387243108,0.02465988114728766,0.023494620940514972,0.029514625668525696,0.19731134176254272,0.19731134176254272,0.31390203535556793,0.26158878207206726,0.2190555532773336,0.15617698431015015,0.13581582903862,0.1441086232662201,0.15534974137941995,0.14017340540885925,0.19148273269335428,0.11554807424545288,0.19403690099716187,0.1643449366092682,0.15508837501207987,0.18098309636116028,0.16554981470108032,0.2167564332485199,0.23346192638079324,0.3156050443649292,0.31861863533655804,0.3023098111152649,0.4776568313439687,0.42724612203695006,0.05041070930701863,0.44934916496276855,0.44934916496276855,0.4831690341234207,0.4428187310695648,0.4776568313439687,0.42805221676826477,0.45647220810254413,0.4271523058414459,0.44807111223538715,0.43399879336357117,0.43909849723180133,0.4251275956630707,0.43359707792599994,0.4299202859401703,0.4277728299299876,0.4221673905849457,0.427430381377538,0.42724326252937317,0.4224136968453725,0.42478594183921814,0.42931488156318665,0.4313797950744629
975428833,qlstm,extrapolation,iid,2000062,62,4,58,58,3,0.18462505008728536,0.4181969277560711,0.29613835775801395,0.5441859588027,0.04694106326800464,0.18546111695468426,0.19412049745413232,0.43424767332858055,0.02819969633529926,0.02819969633529926,0.04100239276885986,0.07658751308917999,0.074787437915802,0.13678573568662009,0.25718218088150024,0.18546111695468426,0.3314872607588768,0.254209291189909,0.3533802852034569,0.3248312119394541,0.3572751209139824,0.3555193915963173,0.3799348995089531,0.3612692505121231,0.35448669642210007,0.36452680081129074,0.3631260022521019,0.3921709954738617,0.4132149741053581,0.43878643214702606,0.42031433433294296,0.4798927530646324,0.4634794220328331,0.4774864614009857,0.42673065436297447,0.05075580703801125,0.5023266077041626,0.4798654317855835,0.487787922223409,0.45871055126190186,0.4774864614009857,0.4465820789337158,0.45605043321847916,0.43904367089271545,0.4461907520890236,0.44042670726776123,0.43741757422685623,0.4236178398132324,0.4332304671406746,0.42983365058898926,0.42796794325113297,0.4318298399448395,0.427363857626915,0.4280107021331787,0.4228574261069298,0.4234660565853119,0.42893553525209427,0.4247533082962036
975428833,qlstm,extrapolation,late,2000063,62,2,60,59,2,0.21301712643033494,0.4505039678225594,0.02507272813873218,0.15834370255470276,0.06114177490167494,0.23599468171596527,0.21807963814795694,0.4576542773594459,0.031514696145461776,0.016605451703071594,0.04975336790084839,0.44639259763062,0.38083261251449585,0.4764415640383959,0.4505234360694885,0.23599468171596527,0.16218218207359314,0.28094805777072906,0.18106350302696228,0.32199864089488983,0.19347384572029114,0.170493483543396,0.17880478501319885,0.16970360279083252,0.15834370255470276,0.17880478501319885,,,,,,,,0.4323883056640625,0.43164789776007334,0.0007404079039891598,0.42736464738845825,0.42458483576774597,0.42685988545417786,0.4280534088611603,0.4323883056640625,0.43170619010925293,0.42682456970214844,0.4290643036365509,0.4234911948442459,0.41892898082733154,0.42918796837329865,0.42666974663734436,0.42836667597293854,0.42766904830932617,0.42666974663734436,,,,,,,
975428833,qlstm,extrapolation,late,2000064,62,4,58,58,3,0.12968931616783058,0.35484015941619873,0.15101138969572858,0.3886018395423889,0.1101723994558515,0.3215475268661976,0.13103531042382915,0.3571362030403367,0.03050263791248716,0.036210618913173676,0.04118653138478597,0.3776804854472478,0.3217695355415344,0.41309498250484467,0.3368300199508667,0.3215475268661976,0.22548073530197144,0.2957184202969074,0.18553438782691956,0.3069400154054165,0.1694299280643463,0.3381689377129078,0.22341063618659973,0.3357330597937107,0.28697705268859863,0.3835856206715107,0.33527570962905884,0.37297793477773666,0.3886018395423889,0.36180872718493146,,0.3719318707784017,,0.45090748369693756,0.4290808382733115,0.021826645423626057,0.4280979136625926,0.42355236411094666,0.4279339015483856,0.42182472348213196,0.45090748369693756,0.4241318702697754,0.44423916935920715,0.430366188287735,0.4340272545814514,0.4209803640842438,0.4307369217276573,0.42240285873413086,0.4300010874867439,0.42769160866737366,0.43050237745046616,0.4313785135746002,0.42587824165821075,0.423819899559021,0.429291437069575,,0.4248102605342865,
975428833,qlstm,extrapolation,late,2000065,62,4,58,57,4,0.108941823280545,0.31576990888964745,0.001479966125206289,0.038470327854156494,0.09041785324425729,0.2692361157387495,0.1102193384554614,0.3189791360035025,0.03397860600237261,0.04071959853172302,0.036485396325588226,0.26631064526736736,0.37329019606113434,0.28869990073144436,0.4144488722085953,0.2692361157387495,0.04296886920928955,0.271860932931304,0.016586601734161377,0.24289201013743877,0.038470327854156494,0.31585506349802017,,0.35476445655028027,,0.30248084167639416,,0.3238751143217087,,0.3157608558734258,,0.305900514125824,,0.4369361624121666,0.43226000409701776,0.004676158315148837,0.45784568786621094,0.4321008026599884,0.44410181045532227,0.4261901378631592,0.4369361624121666,0.4234931468963623,0.4359530583024025,0.42964422702789307,0.4325149953365326,0.4264129102230072,0.4315548737843831,,0.42989084124565125,,0.42944350838661194,,0.4277820984522502,,0.4297325809796651,,0.4269043703873952,
975428833,qlstm,extrapolation,late,2000066,62,1,61,60,1,0.23863242075389474,0.48096324263080475,0.08304334586157225,0.2881724238395691,0.06230888991212513,0.24961748719215393,0.2415229704398254,0.4847557959986515,0.029913528263568877,0.022131778299808502,0.033316999673843384,0.5548897385597229,0.5548897385597229,0.5126646161079407,0.5126646161079407,0.24961748719215393,0.24961748719215393,0.23045656085014343,0.23045656085014343,0.28466397523880005,0.28466397523880005,0.293997585773468,0.293997585773468,0.2881724238395691,0.2881724238395691,,,,,,,,,0.4274660646915436,0.43106854499363506,-0.003602480302091482,0.4281245172023773,0.4281245172023773,0.4344799220561981,0.4344799220561981,0.4274660646915436,0.4274660646915436,0.41849783062934875,0.41849783062934875,0.42709946632385254,0.42709946632385254,0.4282642900943756,0.4282642900943756,0.42674171924591064,0.42674171924591064,,,,,,,,
975428833,qlstm,extrapolation,late,2000067,62,4,58,57,4,0.038537289597151074,0.1847624812395342,0.04978082060284805,0.22311615943908691,0.07431530994979069,0.2512507624924183,0.036069839917658685,0.18017708253243875,0.030943520236433597,0.02875382701555888,0.03611285984516144,0.2514897249639034,0.21064332127571106,0.26460467651486397,0.2747902572154999,0.2512507624924183,0.13660424947738647,0.26418661698699,0.19687700271606445,0.2670145779848099,0.17217516899108887,0.2174445316195488,0.1826033592224121,0.21039152890443802,0.16429966688156128,0.17191367596387863,0.22311615943908691,0.16305281718571982,,0.19535332918167114,,0.18211288253466287,,0.4300597980618477,0.4316648301379434,-0.0016050320760956915,0.4475456550717354,0.4267282485961914,0.4386110305786133,0.4307622015476227,0.4300597980618477,0.4253746569156647,0.43256813287734985,0.42761585116386414,0.4287272170186043,0.4316306412220001,0.4301701560616493,0.432157963514328,0.42771586775779724,0.4293065369129181,0.4274032190442085,0.4262486696243286,0.429485023021698,,0.4332915445168813,,0.4275865852832794,
975428833,qlstm,extrapolation,late,2000068,62,3,59,59,2,0.08814152808095978,0.20132419515040614,0.007876092551208025,0.08874735236167908,0.07105196277672061,0.18193064133326212,0.08901048902863296,0.2023103080563626,0.02453291365655802,0.027605334917704265,0.0296238511800766,0.26007406413555145,0.4929003119468689,0.273857980966568,0.4937558174133301,0.18193064133326212,0.005931347608566284,0.1702491044998169,0.03814584016799927,0.16509342193603516,0.047687917947769165,0.18398557106653848,0.08874735236167908,0.273880735039711,,0.29883429408073425,,0.2647925913333893,,0.2318955659866333,,0.25143253803253174,,0.4576403697331746,0.42751979474293983,0.030120574990234794,0.4260891079902649,0.42015722393989563,0.42349858582019806,0.4195769131183624,0.4576403697331746,0.41224077343940735,0.44330828388532,0.4208506643772125,0.438928763071696,0.4263122081756592,0.4305361708005269,0.428389310836792,0.4317542016506195,,0.42829109728336334,,0.4293678402900696,,0.4217323064804077,,0.42280152440071106,
975428833,qlstm,extrapolation,late,2000069,62,3,59,58,3,0.1448790341316246,0.37324987832577,0.1633009053796428,0.4041050672531128,0.08576811213679776,0.2795037527879079,0.14788467423305646,0.378016630471763,0.03157852127634246,0.03196891397237778,0.02801758050918579,0.32656505703926086,0.45515796542167664,0.30639713009198505,0.43692585825920105,0.2795037527879079,0.3211560845375061,0.24983441829681396,0.25850909948349,0.3521483937899272,0.29401952028274536,0.37802738944689435,0.3503682613372803,0.4151008327802022,0.394597589969635,0.4037100374698639,0.37084341049194336,0.3787968655427297,0.4041050672531128,0.32456907629966736,,0.3184858411550522,,0.4307398597399394,0.430952017590151,-0.00021215785021161393,0.42954859137535095,0.4324697256088257,0.4279922842979431,0.4263072907924652,0.4307398597399394,0.42952683568000793,0.4250470995903015,0.4264102876186371,0.4309566815694173,0.42919889092445374,0.42401283979415894,0.42797455191612244,0.42609700560569763,0.4248863756656647,0.42729718486468,0.4314299523830414,0.4267086187998454,0.42659083008766174,0.43141970038414,,0.43030428886413574,
975428833,qlstm,extrapolation,late,2000070,62,3,59,59,2,0.07674528820753275,0.23940590528711195,0.004882415935071549,0.06987428665161133,0.03592186603359256,0.1548942675193151,0.07882105543671615,0.2437031072075084,0.030204415321350098,0.026706546545028687,0.013229072093963623,0.38101793080568314,0.38460737466812134,0.3853592202067375,0.3994859755039215,0.1548942675193151,0.000431746244430542,0.16494391858577728,0.0026701688766479492,0.18780453503131866,0.04593157768249512,0.2019424686829249,0.04388260841369629,0.2092936486005783,0.04784443974494934,0.1802106350660324,0.02163437008857727,0.20414620141188303,0.06126141548156738,0.2067460964123408,0.013283491134643555,0.35417477041482925,,0.46118927995363873,0.4282908106254319,0.032898469328206836,0.4303012937307358,0.4309462308883667,0.42359447479248047,0.42095446586608887,0.46118927995363873,0.4249570369720459,0.4489272932211558,0.42808541655540466,0.43211935957272846,0.42710909247398376,0.4282291531562805,0.4216501712799072,0.42890997727711994,0.42645081877708435,0.4288543264071147,0.4203258454799652,0.4215996265411377,0.4190494120121002,0.4261666735013326,0.426866739988327,0.42845773696899414,
975428833,qlstm,extrapolation,late,2000071,62,4,58,58,3,0.10367060698187419,0.28231494164755266,0.13218890188873034,0.3635779172182083,0.06810812453361523,0.22120408061891794,0.10612319197830586,0.2865294837874585,0.032269205512671637,0.021285206079483032,0.024612784385681152,0.27469372376799583,0.15784507989883423,0.2896980506678422,0.2013479471206665,0.22120408061891794,0.28447572886943817,0.22214543167501688,0.32218582928180695,0.2638420471921563,0.31181444227695465,0.2777602830901742,0.35467489063739777,0.28844586852937937,0.36686845123767853,0.38398998230695724,,0.411198449631532,,0.44497306396563846,,0.3774917982518673,,0.45099399983882904,0.4291346977496969,0.021859302089132115,0.4316290020942688,0.4231574833393097,0.4319589038689931,0.42754074931144714,0.45099399983882904,0.4247817099094391,0.44401751458644867,0.4281430244445801,0.4352888986468315,0.42951905727386475,0.4342235326766968,0.4314868450164795,0.4279089719057083,0.42211684584617615,0.42825228969256085,,0.4280955294768016,,0.42478344837824505,,0.4295748174190521,
975428833,qlstm,extrapolation,late,2000072,62,3,59,59,2,0.09476111130624482,0.2974296453739366,0.14036642550144857,0.3746550753712654,0.10544874591294275,0.31370031585295993,0.09421767225844661,0.2966023231461897,0.03528845259698771,0.034677982330322266,0.0376058965921402,0.1734873130917549,0.04372662305831909,0.17063293606042862,0.07432734966278076,0.31370031585295993,0.42991674691438675,0.2826220666368802,0.3746199980378151,0.2614264562726021,0.3303649500012398,0.2533752992749214,0.3032394126057625,0.2924833868940671,0.3408256247639656,0.30190908660491306,0.3816044107079506,0.2780635530749957,0.3245460167527199,0.37884892150759697,,0.3052469305694103,,0.45984894037246704,0.42820145619117606,0.031647484181290986,0.4268306493759155,0.42730751633644104,0.4272741973400116,0.4283066689968109,0.45984894037246704,0.4305064380168915,0.44512301683425903,0.43338605761528015,0.4370081027348836,0.419901043176651,0.435919851064682,0.426861047744751,0.42772403359413147,0.41825032234191895,0.4282517035802205,0.4283965528011322,0.42413551608721417,0.42560330033302307,0.42924925684928894,,0.41878415644168854,
975428833,qlstm,extrapolation,late,2000073,62,4,58,57,4,0.13356714549823256,0.32456515921700385,0.2216610351910236,0.4708089157938957,0.08473706213753064,0.2776787858456373,0.136934737454143,0.32779870220813256,0.030580239337787293,0.03643694519996643,0.03408578038215637,0.32722125947475433,0.164232075214386,0.24594907462596893,0.1629379689693451,0.2776787858456373,0.29957272857427597,0.23618795536458492,0.2737305387854576,0.27448674105107784,0.30997028201818466,0.31687732599675655,0.37610974162817,0.3266203012317419,0.3423099145293236,0.2980979438871145,0.3058532699942589,0.30195275507867336,0.3494524285197258,0.33798077516257763,0.4707988426089287,0.24883514642715454,,0.4298059269785881,0.4299515547423527,-0.00014562776376458864,0.43063489347696304,0.4210480749607086,0.4315429851412773,0.4298192262649536,0.4298059269785881,0.4235707223415375,0.43007323145866394,0.4266684949398041,0.4283710867166519,0.4291130006313324,0.42833220958709717,0.4306982755661011,0.4229223430156708,0.4275602400302887,0.42515620589256287,0.4269672632217407,0.42709504812955856,0.42587682604789734,0.42452550679445267,0.4213113486766815,0.4236698051293691,
975428833,qlstm,extrapolation,late,2000074,62,5,57,57,4,0.11014397486654272,0.31436989720790615,0.13389278427717954,0.36591362953186035,0.08652275205900146,0.2754203796386719,0.11221601195492352,0.3177865215560846,0.03521404559152168,0.038980841636657715,0.04640602320432663,0.27655939261118573,0.09273591637611389,0.2449343502521515,0.061066120862960815,0.2754203796386719,0.3542112112045288,0.24144646525382996,0.301591157913208,0.28135156631469727,0.33732470870018005,0.3022382378578186,0.36591362953186035,0.3314661756157875,,0.37327583879232407,,0.31944873183965683,,0.31001016497612,,0.30203455686569214,,0.4661017835140228,0.4277190586976838,0.03838272481633903,0.4581821660200755,0.4274517297744751,0.46588946878910065,0.4287303686141968,0.4661017835140228,0.43022871017456055,0.44819692969322206,0.42619454860687256,0.43856523633003236,0.42781320214271545,0.4315963268280029,0.4221515357494354,0.43253955245018005,,0.4306755065917969,,0.4269125387072563,,0.4293440952897072,,0.42807791382074356,
975428833,qlstm,extrapolation,late,2000075,62,5,57,57,4,0.05844906268754707,0.20912416038974638,0.24659244102240852,0.49658074975013733,0.0779803708926254,0.2682828962802887,0.056735790037978795,0.2039347975923304,0.028126271147477,0.02604037192132738,0.04810241609811783,0.21194172650575638,0.1308196783065796,0.23393075168132782,0.15221655368804932,0.2682828962802887,0.3449248671531677,0.29431542158126833,0.36730945110321045,0.2412116825580597,0.33356183767318726,0.24569251537322997,0.3663560450077057,0.22946313619613648,0.37855851650238037,0.2704107165336609,0.47049853205680847,0.3185597896575928,0.5041868686676025,0.17533069103956223,,0.13875117152929306,,0.45092940926551817,0.42767821801336187,0.0232511912521563,0.4549056962132454,0.4250127375125885,0.44310981035232544,0.4318849742412567,0.45092940926551817,0.4220081567764282,0.44470394849777223,0.42973875999450684,0.4375748872756958,0.4292907416820526,0.4336250960826874,0.42626115679740906,0.42908006310462954,0.43146660923957825,0.4266227543354034,0.42609477043151855,0.42875144481658933,0.422967791557312,0.4282081499695778,,0.41988373547792435,
975428833,qlstm,extrapolation,late,2000076,62,2,60,59,2,0.06740477609744282,0.24068534674663697,0.1887662702028226,0.4344724044203758,0.09318800370111993,0.2697734199464321,0.06654533517732024,0.2397157443066438,0.030684989387706176,0.0311486154794693,0.0310705304145813,0.2163078784942627,0.22340127825737,0.243902787566185,0.2212335765361786,0.2697734199464321,0.4126380607485771,0.31493930146098137,0.4619457349181175,0.29519398137927055,0.4348466023802757,0.2918258421123028,0.38787295669317245,0.33117879554629326,0.41112517565488815,0.28910141810774803,0.3569100424647331,0.307357769459486,0.3758631572127342,0.21515989303588867,,0.2797161340713501,,0.4277915358543396,0.4299602727095286,-0.0021687368551889796,0.4239637702703476,0.42210984230041504,0.4239596128463745,0.42613041400909424,0.4277915358543396,0.4275319576263428,0.42453551292419434,0.4251011908054352,0.42955803871154785,0.43429136276245117,0.4254199266433716,0.42093905806541443,0.4277898669242859,0.42493414878845215,0.4231669306755066,0.41942790150642395,0.42430369555950165,0.42678090929985046,0.4245242178440094,,0.4251054525375366,
975428833,qlstm,extrapolation,late,2000077,62,7,55,55,6,0.04919571261264544,0.21370454709376058,0.043176486861664864,0.20778952538967133,0.06890777449276575,0.2553739547729492,0.04668690473699375,0.20840116793459112,0.030248063802719116,0.019257619976997375,0.030092840393384297,0.1915525257587433,0.3095445930957794,0.2256550764044126,0.3253766894340515,0.2553739547729492,0.26184113323688507,0.20672637011323655,0.24772368371486664,0.2147426371063505,0.2919221669435501,0.21624786300318583,0.3061489313840866,0.19203178584575653,0.2873387783765793,0.20714913308620453,0.24561186134815216,0.2165795671088355,0.24394138157367706,0.1899663997547967,0.2539014369249344,0.216201384862264,,0.45325927223478046,0.42822500575672495,0.02503426647805551,0.4323267757892609,0.42995357513427734,0.4447636653979619,0.43101009726524353,0.45325927223478046,0.43371617794036865,0.4339513225214822,0.4193280041217804,0.43335401586123873,0.42337343096733093,0.4314543775149754,0.42646846175193787,0.4320494830608368,0.4273369312286377,0.4299693363053458,0.4208184778690338,0.4249448265348162,0.4184478521347046,0.4297911013875689,0.42849865555763245,0.42718466619650525,
975428833,qlstm,extrapolation,late,2000078,62,3,59,59,2,0.05272491352580161,0.14614143018280307,0.29517845522012554,0.5433032810688019,0.10352895795698515,0.27262759767472744,0.05014165702930075,0.1397099301408408,0.03532341627751367,0.04158815283041734,0.04996088147163391,0.28494898322969675,0.04473316669464111,0.27263072971254587,0.0005707144737243652,0.27262759767472744,0.3790348768234253,0.2550924277553956,0.29385673999786377,0.26812426807979745,0.2452397346496582,0.2835850175470114,0.27642369270324707,0.15759021043777466,0.33654534816741943,0.16228518883387247,0.44086480140686035,0.1671148141225179,0.386471152305603,0.1942795217037201,0.4960033893585205,0.04442112147808075,,0.46147263050079346,0.4285347981978271,0.032937832302966374,0.44412797689437866,0.429778128862381,0.43638014793395996,0.4210852384567261,0.46147263050079346,0.42341652512550354,0.44861140847206116,0.43157896399497986,0.4417165716489156,0.4305574595928192,0.43556058406829834,0.4275311529636383,0.43084558844566345,0.4314757287502289,0.4292924602826436,0.42537978291511536,0.42552165190378827,0.4267299175262451,0.42300723989804584,0.42858895659446716,0.4227251708507538,
975428833,qlstm,extrapolation,late,2000079,62,5,57,56,5,0.12776083569521615,0.3259283859402903,0.2047191804379942,0.45245903730392456,0.09971709041296624,0.2766731083393097,0.13022081335155386,0.3302490243263412,0.032508812844753265,0.008407831192016602,0.03569293022155762,0.25426967442035675,0.11503627896308899,0.2932829290628433,0.1036059558391571,0.2766731083393097,0.44405120611190796,0.31627405285835264,0.45245903730392456,0.2608712688088417,,0.26760055124759674,,0.29341746121644974,,0.3217111751437187,,0.3435211330652237,,0.32982972264289856,,0.33997469147046405,,0.43803213238716127,0.42942049419670775,0.008611638190453519,0.4408135712146759,0.43241623044013977,0.45396636724472045,0.43155860900878906,0.43803213238716127,0.42031002044677734,0.43906134366989136,0.43027499318122864,0.43369442224502563,,0.4304952770471573,,0.4277169704437256,,0.42369434982538223,,0.4266151189804077,,0.4290612116456032,,0.42381152510643005,
975428833,qlstm,extrapolation,late,2000080,62,2,60,59,2,0.041949044285606286,0.1877993566374625,0.13909431638752157,0.37295350432395935,0.047709590667145196,0.2134888619184494,0.04175702607288832,0.18694303979476293,0.03397020344006813,0.025612550122397288,0.01786603033542633,0.22777099907398224,0.17355182766914368,0.20292964577674866,0.16669681668281555,0.2134888619184494,0.25966349244117737,0.2159319370985031,0.2565481662750244,0.2578643411397934,0.3026948571205139,0.2622784525156021,0.3449837863445282,0.25535939633846283,0.37060442566871643,0.24703773856163025,0.38098591566085815,0.15300479531288147,,0.15215182304382324,,0.24652007222175598,,0.4275079220533371,0.4296055227518082,-0.0020976006984710915,0.42528074979782104,0.4260771572589874,0.41956064105033875,0.42359450459480286,0.4275079220533371,0.4293966293334961,0.42848993837833405,0.43062475323677063,0.4255421757698059,0.42017459869384766,0.4234466999769211,0.42754802107810974,0.42845892906188965,0.42566993832588196,0.4194285422563553,0.42100989818573,0.4251488745212555,,0.42824995517730713,,0.4235338866710663,
975428833,qlstm,extrapolation,late,2000081,62,5,57,57,4,0.13473339640193896,0.3587759627449897,0.14045631731620123,0.3747750222682953,0.08741869469844836,0.2747549653053284,0.13888380883206974,0.3661462256782933,0.027500429697204055,0.021610806385676067,0.05030028522014618,0.25467851758003235,0.3250316381454468,0.25420577079057693,0.32502269744873047,0.2747549653053284,0.41290557384490967,0.28446553349494935,0.3671156167984009,0.3263469457626343,0.3804665505886078,0.3763872027397156,0.3747750222682953,0.39244452118873596,,0.4016803801059723,,0.41373277455568314,,0.3984639570116997,,0.3453359752893448,,0.4544301271438599,0.4299324677701582,0.024497659373701686,0.4407588019967079,0.42603012919425964,0.4360598102211952,0.4267085790634155,0.4544301271438599,0.43117716908454895,0.4371280372142792,0.42381200194358826,0.4354086697101593,0.4260943830013275,0.4325152337551117,0.4276247024536133,0.4300549328327179,,0.4314078539609909,,0.4293447956442833,,0.4288569539785385,,0.4293976053595543,
975428833,qlstm,extrapolation,late,2000082,62,3,59,58,3,0.19196396936607396,0.41850888197340314,0.16895986013446335,0.4110472723841667,0.09557549085920151,0.266726632292072,0.19686507844269455,0.42622662348262336,0.03400649490027592,0.028171102205912273,0.015828609466552734,0.48770334509511787,0.3040043115615845,0.4710927624255419,0.2527751624584198,0.266726632292072,0.3702736422419548,0.27700323797762394,0.3575064167380333,0.3124000026534001,0.4088157042860985,0.3631832990795374,0.5088128373026848,0.3675158713012934,0.4597794935107231,0.43024213053286076,0.46100278943777084,0.43958422479530174,0.4696478173136711,0.46834749666353065,0.4110472723841667,0.5360949179157615,,0.43228065967559814,0.43098063539650483,0.0013000242790933147,0.42748090624809265,0.42783644795417786,0.4264754354953766,0.4263806641101837,0.43228065967559814,0.4354749619960785,0.42263806859652203,0.4253373146057129,0.42226243019104004,0.4179959297180176,0.4268941680590312,0.4281803369522095,0.4258955518404643,0.422772079706192,0.42799612879753113,0.4267035722732544,0.4290461540222168,0.43137478828430176,0.42989272872606915,0.4274590015411377,0.42602089047431946,
975428833,qlstm,extrapolation,late,2000083,62,1,61,60,1,0.12378558565516701,0.3471628773596979,0.10355859248896682,0.3218052089214325,0.13414243048457397,0.366254597902298,0.12361580131370133,0.3468498983344094,0.03199426730473836,0.029866303716387068,0.03778621554374695,0.256954163312912,0.256954163312912,0.2784566283226013,0.2784566283226013,0.366254597902298,0.366254597902298,0.3603571057319641,0.3603571057319641,0.3724662959575653,0.3724662959575653,0.33664071559906006,0.33664071559906006,0.254736065864563,0.254736065864563,0.3139811158180237,0.3139811158180237,0.3777177035808563,0.3777177035808563,0.3254811763763428,0.3254811763763428,,,0.4220968782901764,0.4305360664109715,-0.008439188120795083,0.4244696795940399,0.4244696795940399,0.4302879869937897,0.4302879869937897,0.4220968782901764,0.4220968782901764,0.4269707202911377,0.4269707202911377,0.4327561855316162,0.4327561855316162,0.42640960216522217,0.42640960216522217,0.42590734362602234,0.42590734362602234,0.4235870838165283,0.4235870838165283,0.420611709356308,0.420611709356308,0.42779290676116943,0.42779290676116943,,
975428833,qlstm,extrapolation,late,2000084,62,5,57,57,4,0.056704960107750876,0.2311387494687111,0.0471052500780047,0.21703743934631348,0.07134370673470283,0.2647142708301544,0.0554208595264393,0.22819352829665468,0.03235760958571183,0.01957323230229891,0.03711504489183426,0.24213770031929016,0.2400887906551361,0.22212155163288116,0.19200751185417175,0.2647142708301544,0.2721961438655853,0.253409343957901,0.2807566821575165,0.2605821073055267,0.28931960463523865,0.24112644791603088,0.2648325264453888,0.2159249007701874,0.28795111179351807,0.21481622457504274,0.25276967883110046,0.2215524733066559,0.2669420540332794,0.22316843867301941,0.17180520296096802,0.1963307186961174,,0.4487090826034546,0.42962409477484853,0.01908498782860607,0.4380669668316841,0.4329850673675537,0.4300159513950348,0.4208813011646271,0.4487090826034546,0.4221607744693756,0.4422674000263214,0.4267888069152832,0.4361684322357178,0.42730772495269775,0.4345926821231842,0.43150174617767334,0.42637107968330384,0.42259976267814636,0.42954673767089846,0.42707523703575134,0.4253686249256134,0.43003377318382263,0.4276713192462921,0.4307386875152588,0.42693857103586197,
975428833,qlstm,extrapolation,late,2000085,62,2,60,59,2,0.19965442149037538,0.435562742813941,0.036137562170214466,0.1900988221168518,0.07500991537984092,0.2571566104888916,0.2038092383607265,0.4415096138914426,0.027598524497727216,0.027178049087524414,0.04774916172027588,0.26232051849365234,0.4737687408924103,0.23176003992557526,0.42774897813796997,0.2571566104888916,0.1629207730293274,0.2893295884132385,0.1900988221168518,0.4271034002304077,,0.4616039991378784,,0.5075324475765228,,0.47815316915512085,,0.41710907220840454,,0.34303438663482666,,0.4409291744232178,,0.4463752508163452,0.4314208800594012,0.014954370756944002,0.47760532796382904,0.43095770478248596,0.4506307393312454,0.4187277853488922,0.4463752508163452,0.42961111664772034,0.433529794216156,0.4244089126586914,0.43902555108070374,,0.43424519896507263,,0.4306759834289551,,0.4315589368343353,,0.42847850918769836,,0.4274919033050537,,0.4239724576473236,
975428833,qlstm,extrapolation,late,2000086,62,5,57,57,4,0.0781352194059682,0.24063955755123206,0.19864533287028174,0.4456964582204819,0.10863487061945047,0.31769931577146054,0.07545981140478555,0.23387992963717694,0.03271779731700295,0.03791771332422892,0.039270929992198944,0.2488093446008861,0.15099143981933594,0.2472604955546558,0.13119399547576904,0.31769931577146054,0.3912784904241562,0.28497756384313105,0.38170598447322845,0.27769556306302545,0.34477628767490387,0.2731567617505789,0.3391561657190323,0.25179476104676723,0.3855796903371811,0.24425949417054654,0.4161887615919113,0.17764404118061067,0.3053096979856491,0.2959182046353817,0.40256623923778534,0.18710076389834285,,0.4496130108833313,0.42908839071006105,0.020524620173270225,0.440854012966156,0.4291125237941742,0.43617065995931625,0.4293158948421478,0.4496130108833313,0.42568135261535645,0.44170969128608706,0.4283599853515625,0.4348884880542755,0.42639240622520447,0.43318243622779845,0.4285806715488434,0.43061851859092715,0.428945392370224,0.428439998626709,0.42762693762779236,0.4265657901763916,0.4241078197956085,0.4295571506023407,0.43140923976898193,0.42758698761463165,
975428833,qlstm,extrapolation,late,2000087,62,4,58,58,3,0.050860994719480794,0.16490094581498735,0.09741005191901664,0.31210583448410034,0.10339765180952058,0.28587848658207804,0.04723777698913322,0.15655766714139488,0.03435897056398721,0.03605531499936031,0.01907464861869812,0.3379543120972812,0.45768877724185586,0.295353014798214,0.42058673361316323,0.28587848658207804,0.2846967875957489,0.27350501681212336,0.2709658443927765,0.18541679496411234,0.30174678564071655,0.1949911561096087,0.26652172207832336,0.16935346985701472,0.20609909296035767,0.158369853743352,0.10763901472091675,0.17480143124703318,0.18695741891860962,0.16685408353805542,0.30128413438796997,0.05312591791152954,,0.4599476084113121,0.42864926930131586,0.03129833910999624,0.46217037240664166,0.42999503016471863,0.4421389102935791,0.41645824909210205,0.4599476084113121,0.42423394322395325,0.4462553486227989,0.4263143539428711,0.43820054084062576,0.4190562069416046,0.43043962866067886,0.4205406606197357,0.43049636483192444,0.42620232701301575,0.42674946784973145,0.4276723861694336,0.4275543689727783,0.42836952209472656,0.42624036222696304,0.4289799928665161,0.4291043182214101,
975428833,qlstm,extrapolation,late,2000088,62,4,58,57,4,0.10870362018910505,0.3134096149475344,0.019816147652832683,0.1407698392868042,0.06532338852916408,0.23853220790624619,0.11169536030358372,0.31857357405383013,0.025813480741099307,0.028184900681177776,0.02511153370141983,0.22761410474777222,0.3529953509569168,0.2343456894159317,0.35231129825115204,0.23853220790624619,0.21693694591522217,0.2231481596827507,0.16469550132751465,0.23651841282844543,0.17555531859397888,0.3045426644384861,0.2155928909778595,0.31679728254675865,0.26142725348472595,0.3350254036486149,0.24587619304656982,0.35767803713679314,0.27039164304733276,0.26487821340560913,0.1407698392868042,0.3975438227256139,,0.4351096376776695,0.429185429009898,0.005924208667771547,0.4485096037387848,0.419327974319458,0.43725328892469406,0.4262734651565552,0.4351096376776695,0.42943158745765686,0.43074653297662735,0.4263514280319214,0.42778290808200836,0.4262734353542328,0.42999181151390076,0.4266981780529022,0.4268474206328392,0.430879682302475,0.4250238165259361,0.4302757978439331,0.42399946600198746,0.42434683442115784,0.4259100779891014,0.43319830298423767,0.42884398500124615,
975428833,qlstm,extrapolation,late,2000089,62,5,57,57,4,0.11004061738289003,0.30098391973203226,0.032933764630116436,0.1814766228199005,0.08734246802804897,0.27764508724212644,0.11203168311577083,0.3030311857399188,0.029311321283641615,0.031881183385849,0.031182877719402313,0.30485228697458905,0.45213598012924194,0.32817914336919785,0.4449736475944519,0.27764508724212644,0.1495954394340515,0.27040405869483947,0.1814766228199005,0.2934465929865837,,0.3081091269850731,,0.3244307339191437,,0.24004962295293808,,0.2166673019528389,,0.19112109392881393,,0.19191625714302063,,0.45837354063987734,0.4273267043264289,0.031046836313448456,0.4319254954655965,0.4241928160190582,0.451603926718235,0.4201311767101288,0.45837354063987734,0.42324909567832947,0.44466979503631593,0.4318118393421173,0.44082117825746536,,0.4347097799181938,,0.43091894686222076,,0.4305233359336853,,0.42900604009628296,,0.42719393968582153,,0.42517557740211487,
975428833,qlstm,extrapolation,late,2000090,62,4,58,58,3,0.0735098911819252,0.2667121310387888,0.07696222802899744,0.27742066979408264,0.07754043528363364,0.2710326164960861,0.0732319226231867,0.26641416652449246,0.025155387048063606,0.030631981790065765,0.0357148547967275,0.25679784019788104,0.28237952291965485,0.26274948318799335,0.3367278128862381,0.2710326164960861,0.23686641454696655,0.26444778591394424,0.2816728353500366,0.23951374366879463,0.25885581970214844,0.26543260738253593,0.29559049010276794,0.2805748023092747,0.27742066979408264,0.26784267524878186,,0.2621154735485713,,0.2295342137416204,,0.21016677220662436,,0.4607178121805191,0.42714120755935536,0.03357660462116374,0.4584905207157135,0.425146222114563,0.44567887981732685,0.42495670914649963,0.4607178121805191,0.4307900369167328,0.4434618800878525,0.42973291873931885,0.43325308710336685,0.4151066541671753,0.4327547922730446,0.4248983860015869,0.4275806397199631,0.4228341579437256,0.4301149745782216,,0.42438772320747375,,0.4231417079766591,,0.42573561271031696,
975428833,qlstm,extrapolation,late,2000091,62,6,56,55,6,0.0898111221978883,0.2683158588986243,0.0064025868168196,0.08001616597175598,0.08894465740964286,0.27597082654635113,0.0899039577109146,0.2674956837935107,0.029237860441207887,0.025988946358362835,0.043111021320025124,0.2449705054362615,0.30241429805755615,0.25614215930302936,0.36250361800193787,0.27597082654635113,0.14966896176338196,0.26221061249574024,0.11984372138977051,0.3160339097181956,0.14968645572662354,0.30118781328201294,0.16298416256904602,0.28319751222928363,0.13177087903022766,0.2367120236158371,0.08001616597175598,0.2829029619693756,,0.37366204857826235,,0.3409922182559967,,0.42960869272549945,0.43048505804368425,-0.0008763653181848019,0.4296786238749822,0.42161571979522705,0.42504197855790454,0.42469510436058044,0.42960869272549945,0.42687156796455383,0.4257710377375285,0.4248727262020111,0.4244053065776825,0.430370569229126,0.4266873896121979,0.424481064081192,0.42570123573144275,0.42812180519104004,0.42792536318302155,0.4280553162097931,0.4227526128292084,,0.42527437806129453,,0.42411800622940066,
975428833,qlstm,extrapolation,late,2000092,62,5,57,57,4,0.13081039312410533,0.3528636612238423,0.1495251154893964,0.386684775352478,0.12737649368690668,0.3452473446726799,0.1311116123729824,0.3535317591669267,0.030041167087722243,0.03058987855911255,0.044555358588695526,0.29075318326552707,0.3532206118106842,0.31394259445369244,0.374953955411911,0.3452473446726799,0.4218658208847046,0.34189877212047576,0.44657260179519653,0.3524665206670761,0.4540157914161682,0.39650689661502836,0.4255908727645874,0.39302690923213957,0.43874889612197876,0.3340396672487259,0.32989442348480225,0.3362308531999588,0.4068445563316345,0.3982376269996166,,0.2727669235318899,,0.4566541016101837,0.4271677183477502,0.029486383262433524,0.42832376559575397,0.43272337317466736,0.4492069408297539,0.42598116397857666,0.4566541016101837,0.42395445704460144,0.44514381885528564,0.43083176016807556,0.4347725510597229,0.42157530784606934,0.4330425798892975,0.4274957478046417,0.4335904121398926,0.42951908707618713,0.4311951994895935,0.43242430686950684,0.42392311096191404,0.42187678813934326,0.4219139963388443,,0.425949327647686,
975428833,qlstm,extrapolation,late,2000093,62,3,59,59,2,0.17378526912976766,0.4088273610799543,0.08642998931271961,0.29398977756500244,0.09441167792354765,0.29998545224467915,0.17782121444533816,0.4143616954275107,0.025556987625057415,0.02898638898676092,0.04277484118938446,0.34968327544629574,0.47128523513674736,0.343431418761611,0.4709286205470562,0.29998545224467915,0.28346890211105347,0.296514842659235,0.3051215410232544,0.3700839951634407,0.3370358645915985,0.3658771092693011,0.3461756408214569,0.37887492527564365,0.3269811272621155,0.4029971236983935,0.28421372175216675,0.43487390627463657,0.2610989809036255,0.4494865946471691,,0.5245026461780071,,0.4713681836922963,0.427338514287593,0.04402966940470332,0.4757918119430542,0.4260869026184082,0.45464877784252167,0.4274486005306244,0.4713681836922963,0.4274238049983978,0.4516141215960185,0.42673107981681824,0.44539697964986164,0.43044161796569824,0.4334444502989451,0.4242734909057617,0.43450918793678284,0.4318297803401947,0.4280031720797221,0.4264715015888214,0.4249243140220642,0.42327427864074707,0.42422351241111755,,0.4274328202009201,
975428833,qlstm,extrapolation,late,2000094,62,5,57,57,4,0.22641938740202877,0.4519771308668198,0.03365270463486869,0.1834467351436615,0.12356690654681635,0.3199124619364738,0.2354415348454685,0.4635617509484291,0.025965266060410885,0.021317464113235474,0.035748548805713654,0.39631698094308376,0.5518807768821716,0.3817585986107588,0.5092822015285492,0.3199124619364738,0.07685941457748413,0.3264282390475273,0.0842987596988678,0.3111217379570007,0.11176797747612,0.3161712646484375,0.12814822793006897,0.36615372598171236,0.15447115898132324,0.39814761839807034,,0.44919076934456825,,0.5064503345638514,,0.538945347070694,,0.4463087260723114,0.4276708343572784,0.01863789171503305,0.43369751423597336,0.42297813296318054,0.4323054179549217,0.42658862471580505,0.4463087260723114,0.42103099822998047,0.4406544029712677,0.42842552065849304,0.43253977298736573,0.42218828201293945,0.430900639295578,0.4207588732242584,0.4277300417423248,0.42137372493743896,0.43078476190567017,,0.4278796836733818,,0.42723236232995987,,0.42903803288936615,
975428833,qlstm,extrapolation,late,2000095,62,4,58,58,3,0.037516864850292916,0.17869193563538213,0.05775685235715233,0.24032655358314514,0.056349355925287004,0.23185330629348755,0.03621807236236229,0.1750256342106852,0.029825830254061467,0.020465821027755737,0.02659130096435547,0.24629083275794983,0.2448100447654724,0.23919472098350525,0.27761250734329224,0.23185330629348755,0.2812581956386566,0.20899692922830582,0.24332192540168762,0.20898538082838058,0.24032655358314514,0.1858114699522654,,0.1801492969195048,,0.19957460959752402,,0.18633938829104105,,0.1573968231678009,,0.11515514552593231,,0.4488372504711151,0.4272502213716507,0.021587029099464417,0.4269339044888814,0.4223364591598511,0.4226916829744975,0.42668047547340393,0.4488372504711151,0.4278820753097534,0.4392271488904953,0.4298717975616455,0.4349922090768814,0.4237213432788849,0.43068401018778485,,0.43158172567685443,,0.4257194697856903,,0.42687447865804035,,0.4238420029481252,,0.42599570751190186,
975428833,qlstm,extrapolation,late,2000096,62,6,56,56,5,0.10425035004363312,0.30364674510013673,0.003986204852456154,0.06313639879226685,0.07853582327148244,0.2501191770037015,0.10700547791207782,0.30938184168189764,0.02877714910677501,0.033198416233062744,0.044669109582901004,0.36082638800144196,0.3682408332824707,0.39340293109416963,0.4096190631389618,0.2501191770037015,0.06041908264160156,0.24868604292472204,0.09787067770957947,0.284243892878294,0.11237898468971252,0.2429578279455503,0.16137298941612244,0.2685347820321719,0.14587268233299255,0.2176185039182504,0.06313639879226685,0.2681226894259453,,0.3175408571958542,,0.3245409741997719,,0.45480520526568097,0.428777527064085,0.02602767820159596,0.44850392937660216,0.4216556251049042,0.4417185544967651,0.4254262149333954,0.45480520526568097,0.4325026571750641,0.43647042910257977,0.41952642798423767,0.4369858006636302,0.42562663555145264,0.4323316812515259,0.4300595819950104,0.4272226393222809,0.4222513735294342,0.42945529520511627,0.4278627634048462,0.4270409643650055,,0.42624654769897463,,0.42922745943069457,
975428833,qlstm,extrapolation,late,2000097,62,6,56,55,6,0.10495967281160996,0.30304339191605967,0.22167114478523686,0.4708196520805359,0.0934836441071966,0.280567208925883,0.10618924731565425,0.3054515543792929,0.03318299705331976,0.03224840489300815,0.04238813122113546,0.29739871621131897,0.4658113718032837,0.30125414331754047,0.4925307333469391,0.280567208925883,0.3565720319747925,0.29598286251227063,0.38971346616744995,0.2981083442767461,0.41658496856689453,0.3495551198720932,0.3742680549621582,0.2870049923658371,0.3728371262550354,0.30837210019429523,0.43322479724884033,0.35291621585687,0.38661065697669983,0.34101037979125975,,0.2774311900138855,,0.4281332989533742,0.4307256926383291,-0.0025923936849548967,0.4466882348060608,0.425696462392807,0.439426710208257,0.4327125549316406,0.4281332989533742,0.4193759858608246,0.4328546275695165,0.4251411259174347,0.4289720406134923,0.4298860728740692,0.42752522230148315,0.4200488328933716,0.42548246681690216,0.4251743257045746,0.42839958767096203,0.42395922541618347,0.4278074949979782,0.42199966311454773,0.4278270065784454,,0.4285450875759125,
975428833,qlstm,extrapolation,late,2000098,62,5,57,57,4,0.059150734028734796,0.23818574196869327,0.04832491722784571,0.21982929110527039,0.08351490923587201,0.2793432414531708,0.05701352567723152,0.23457543499637068,0.030180134794168305,0.028416978461401805,0.052175626158714294,0.25426171720027924,0.20153354108333588,0.27876023203134537,0.26433731615543365,0.2793432414531708,0.14485126733779907,0.24795846939086913,0.16294437646865845,0.23533625304698944,0.1330994963645935,0.22598330080509185,0.12737756967544556,0.2251878261566162,0.15947604179382324,0.24773047268390655,0.24623289704322815,0.2647128067910671,,0.22910164669156075,,0.2747019901871681,,0.45196996331214906,0.42925895567525896,0.0227110076368901,0.4532284140586853,0.417551189661026,0.44414815306663513,0.4289863407611847,0.45196996331214906,0.4275778532028198,0.444308876991272,0.4294355809688568,0.43642693758010864,0.42567887902259827,0.43086137175559996,0.43393197655677795,0.42915734052658083,0.42347344756126404,0.4292475700378418,0.4312452971935272,0.43109850585460663,,0.42979633063077927,,0.4288943037390709,
975428833,qlstm,extrapolation,late,2000099,62,5,57,56,5,0.08280057743497907,0.22103256801323545,0.16778506681072258,0.40961575508117676,0.12103376779916904,0.2997342050075531,0.07944678880654135,0.21412891564531283,0.028991701347487315,0.04608880480130514,0.054400259256362916,0.24175164103507996,0.08352446556091309,0.2767648514360189,0.08092033863067627,0.2997342050075531,0.4780362844467163,0.2564497709274292,0.4290626049041748,0.2424934685230255,0.3736320436000824,0.25456315875053404,0.34569504857063293,0.24492368698120118,0.432597815990448,0.2552818298339844,0.40961575508117676,0.2198324203491211,,0.18215345591306686,,0.11993061751127243,,0.4366504728794098,0.4283537859456581,0.008296686933751685,0.4302669167518616,0.42474403977394104,0.44624695777893064,0.4206734001636505,0.4366504728794098,0.4222864806652069,0.4346280336380005,0.4313342273235321,0.42900646328926084,0.41830238699913025,0.4283912003040314,0.42563536763191223,0.42910640835762026,0.43041202425956726,0.42390680909156797,0.42452502250671387,0.43098433315753937,,0.4244997799396515,,0.4225839450955391,
975428833,qlstm,extrapolation,late,2000100,62,3,59,59,2,0.05071040430013,0.15576675390043565,0.139843788200672,0.37395693361759186,0.10112968326901828,0.3000873277584712,0.048146712149169595,0.14842841963646775,0.03496269553394641,0.042830157279968264,0.024931222200393677,0.291083887219429,0.04306536912918091,0.2815726548433304,0.005303740501403809,0.3000873277584712,0.37091489136219025,0.31469307839870453,0.34965674579143524,0.29527826607227325,0.30732183158397675,0.3028847724199295,0.3586008697748184,0.34216727316379547,0.4159182459115982,0.33604221045970917,,0.13130365312099457,,0.09820933640003204,,0.08574274182319641,,0.4608873228232066,0.42834192362882323,0.03254539919438337,0.4232032299041748,0.4197252690792084,0.4265100359916687,0.42193523049354553,0.4608873228232066,0.42582741379737854,0.44752660393714905,0.4262237250804901,0.4415944417317708,0.43048715591430664,0.4325699011484782,0.427278608083725,0.43113147219022113,0.4240776002407074,0.4246738702058792,,0.4277540594339371,,0.426891565322876,,0.42641347646713257,
975428833,qlstm,extrapolation,late,2000101,62,3,59,58,3,0.12620632330796056,0.33556754911138165,0.0007770525235741843,0.027875661849975586,0.054955295802016045,0.1969650350511074,0.12982925690995775,0.34261513457207354,0.023244387630758614,0.08807438611984253,0.025361786286036175,0.30684112074474496,0.30083348229527473,0.2990193323542674,0.30649106577038765,0.1969650350511074,0.11595004796981812,0.17800109212597212,0.027875661849975586,0.25879434682428837,,0.24587697722017765,,0.23607825674116611,,0.2863727305084467,,0.2999404314905405,,0.4299815036356449,,0.3832194097340107,,0.4333103696505229,0.43032973651158607,0.002980633138936817,0.4295958975950877,0.42165443301200867,0.42867255210876465,0.4269348382949829,0.4333103696505229,0.42922040820121765,0.42344136039415997,0.4226495027542114,0.4285123646259308,,0.4270043820142746,,0.42606036365032196,,0.4259550869464874,,0.42712968587875366,,0.42080315947532654,,0.4233594387769699,
975428833,qlstm,extrapolation,late,2000102,62,4,58,57,4,0.13953692224365624,0.3650717408426346,0.09912386208782564,0.3148394227027893,0.09445411075261667,0.28295496106147766,0.1426460816568314,0.37073496703443853,0.026482738946613512,0.02924254536628723,0.047583162784576416,0.43329042196273804,0.3643595576286316,0.26793164759874344,0.3627043664455414,0.28295496106147766,0.32788896560668945,0.3650032877922058,0.35733872652053833,0.40023889392614365,0.37984928488731384,0.4083143621683121,0.32134854793548584,0.3899258151650429,0.3148394227027893,0.4067513346672058,,0.3638462920983632,,0.38584136962890625,,0.33085179328918457,,0.44504982978105545,0.43006869277049753,0.014981137010557921,0.43206066886583966,0.4317382276058197,0.4555780589580536,0.43003714084625244,0.44504982978105545,0.4320812225341797,0.4347732290625572,0.42450180649757385,0.4294484257698059,0.4254239499568939,0.4285130128264427,0.42730650305747986,0.4312361106276512,0.43431922793388367,0.4295913279056549,,0.42993995547294617,,0.42841742436091107,,0.42745882272720337,
975428833,qlstm,extrapolation,late,2000103,62,3,59,59,2,0.07069232270016663,0.2561553386190245,0.12467864051630252,0.35309862717986107,0.1093223698584355,0.3163340675334136,0.06872808301415297,0.2530954032504963,0.027288668741614133,0.020822004630015448,0.04871395230293274,0.2645815759897232,0.29622453451156616,0.28521083295345306,0.30646824836730957,0.3163340675334136,0.4506802223622799,0.28506944452722865,0.42235537990927696,0.28421981011827785,0.383961733430624,0.2870546964307626,0.35321178659796715,0.299136895686388,0.34429099783301353,0.3194875009357929,0.349712785333395,0.32684440165758133,0.3024596832692623,0.299290306866169,0.35600313171744347,0.28735661320388317,,0.46576863527297974,0.42978489095881833,0.0359837443141614,0.42924197018146515,0.42714202404022217,0.42687320709228516,0.4294794797897339,0.46576863527297974,0.4328218996524811,0.4416725238164266,0.4229613244533539,0.43467262387275696,0.420248419046402,0.43208621939023334,0.41745972633361816,0.43087585767110187,0.4212724268436432,0.4293130934238434,0.42689046263694763,0.42882347106933594,0.42158612608909607,0.42493563890457153,0.42842403054237366,0.42387130856513977,
975428833,qlstm,extrapolation,late,2000104,62,7,55,54,7,0.06723243013807724,0.244122096607762,0.013652199607022908,0.11684262752532959,0.04700995952536603,0.20010832377842494,0.06980619912514957,0.249723849513314,0.030096715247189557,0.029492810368537903,0.03422321592058454,0.2592136363188426,0.2416534423828125,0.27316239901951384,0.29897260665893555,0.20010832377842494,0.11001506447792053,0.22706752164023264,0.08395430445671082,0.19887046728815352,0.05355444550514221,0.16462738173348562,0.03136745095252991,0.19770739333970205,0.024950414896011353,0.2468386377607073,0.11684262752532959,0.2812335441509883,,0.2634381453196208,,0.3086940993865331,,0.43733437997954233,0.4292917847633362,0.00804259521620615,0.4484739700953166,0.4285953938961029,0.4533757609980447,0.4291207790374756,0.43733437997954233,0.42862847447395325,0.43538429907390047,0.42658284306526184,0.43062444244112286,0.4275498390197754,0.4274255633354187,0.42715105414390564,0.42930236884525846,0.4320746660232544,0.428599728005273,0.4319843351840973,0.42635074257850647,,0.42638903359572095,,0.42553989589214325,
975428833,qlstm,extrapolation,late,2000105,62,4,58,58,3,0.12308113042878764,0.3022775180157154,0.16713486420347512,0.40882131084799767,0.13992491782043553,0.32748487312346697,0.1219194899190188,0.30053907973242217,0.03127051632979821,0.02455193888057362,0.03181886672973633,0.3119692678252856,0.013562440872192383,0.3101807311177254,0.04152488708496094,0.32748487312346697,0.4099157713353634,0.309167911298573,0.3602852188050747,0.2818724336102605,0.3523309491574764,0.28140623588114977,0.3429671488702297,0.3133532153442502,0.3371507488191128,0.3418689789250493,0.31572094187140465,0.3415914522483945,0.37812450155615807,0.14764767636855444,,0.1833441232641538,,0.45277975499629974,0.4294657825395979,0.02331397245670186,0.42906184991200763,0.43005242943763733,0.4217004378636678,0.42001232504844666,0.45277975499629974,0.4230176508426666,0.44399673491716385,0.42723801732063293,0.4381692707538605,0.42545828223228455,0.42977410554885864,0.42924848198890686,0.4290412589907646,0.4288085997104645,0.4251926839351654,0.41970276832580566,0.42774980515241623,0.4291066825389862,0.42857083678245544,,0.4257211784521739,
975428833,qlstm,extrapolation,late,2000106,62,6,56,55,6,0.047669988386043596,0.17681983786244546,0.003264767610605901,0.057138144969940186,0.0719838189674582,0.2346720645825068,0.04506493510946346,0.17062138499958174,0.02798851349137046,0.031209006905555725,0.045259103178977966,0.19591954350471497,0.3440861105918884,0.22311656177043915,0.3423968553543091,0.2346720645825068,0.2567211389541626,0.21450824042161307,0.21376991271972656,0.20129848023255667,0.15518972277641296,0.1917407065629959,0.18023425340652466,0.2112716188033422,0.16385474801063538,0.1690476288398107,0.12751996517181396,0.0904380331436793,0.057138144969940186,0.10116878747940064,,0.15981815457344056,,0.43145231405893963,0.42930541719709125,0.0021468968618483797,0.4351244916518529,0.4255948066711426,0.4340623120466868,0.42470529675483704,0.43145231405893963,0.4283410608768463,0.42884060243765515,0.42807531356811523,0.42808593809604645,0.4234825074672699,0.42476893961429596,0.41231289505958557,0.42835891743501026,0.42551717162132263,0.42726557453473407,0.4270041286945343,0.4213430732488632,0.415966659784317,0.4266290605068207,,0.4235732853412628,
975428833,qlstm,extrapolation,late,2000107,62,5,57,57,4,0.10110488880839796,0.2259880609570011,0.21636613278237915,0.46515173092484474,0.08437542354112564,0.2555418021976948,0.10257238576166747,0.223395627514835,0.029588951876288967,0.0542611281077067,0.035527341067790985,0.24671462178230286,0.04305070638656616,0.28663458675146103,0.07438430190086365,0.2555418021976948,0.3023683466017246,0.19919758513569832,0.3856382705271244,0.20183811262249945,0.44437653198838234,0.21716452315449714,0.46515173092484474,0.16486908495426178,,0.13802504539489746,,0.15169120579957962,,0.3785988464951515,,0.38468488305807114,,0.4511475145816803,0.42793133593442145,0.023216178647258834,0.42711080114046734,0.4248743951320648,0.45383109897375107,0.43400275707244873,0.4511475145816803,0.41914716362953186,0.443934953212738,0.42749902606010437,0.4354828655719757,0.42619433999061584,0.43090895414352415,0.43214544653892517,0.4314175546169281,,0.42878641188144684,,0.426986999809742,,0.4278237819671631,,0.42679765820503235,
975428833,qlstm,extrapolation,late,2000108,62,5,57,57,4,0.19417208543832468,0.40303606663139596,0.00011313658029621365,0.010636568069458008,0.10317704459078123,0.261089063808322,0.20215410656530217,0.4154875581071042,0.03211505423512375,0.0603068470954895,0.028865665197372437,0.32307917764410377,0.5576709993183613,0.3428178816102445,0.6399895437061787,0.261089063808322,0.049670279026031494,0.22984235398471356,0.010636568069458008,0.364446884021163,,0.25104487827047706,,0.2632629810832441,,0.12497003097087145,,0.23940307088196278,,0.39591705705970526,,0.5148239769041538,,0.4550627052783966,0.42849642247484443,0.026566282803552166,0.45629995316267014,0.4265749752521515,0.4384305104613304,0.4277917444705963,0.4550627052783966,0.43272385001182556,0.44237029552459717,0.42850565910339355,0.43579477816820145,,0.43108855932950974,,0.4303131774067879,,0.4292023703455925,,0.42563236504793167,,0.42556189745664597,,0.426037035882473,
975428833,qlstm,extrapolation,late,2000109,62,6,56,56,5,0.09120507468011843,0.29761384427547455,0.05363272845806932,0.23158740997314453,0.08559469801847293,0.2894000882903735,0.09180618646529472,0.2984938895595925,0.02824655920267105,0.03199973431500522,0.035975098609924316,0.2925438694655895,0.23632238805294037,0.30793424546718595,0.3086709529161453,0.2894000882903735,0.24325984716415405,0.28749266018470127,0.23022198677062988,0.3022768820325534,0.2686921954154968,0.295525756975015,0.26842424273490906,0.29142868767182034,0.2824499309062958,0.3122364158431689,0.28612518310546875,0.30710286150376004,0.21754616498947144,0.3045453429222107,,0.31395546793937684,,0.45169417560100555,0.4284866393676826,0.023207536233322945,0.42515982687473297,0.41918444633483887,0.44712806940078736,0.42389926314353943,0.45169417560100555,0.4215497076511383,0.44188415507475537,0.42672133445739746,0.4382033000389735,0.4271794557571411,0.4337305972973506,0.42995813488960266,0.43207138776779175,0.4291573762893677,0.42721336086591083,0.4306599199771881,0.4293185969193776,0.4306410849094391,0.4264817714691162,,0.4277222216129303,
975428833,qlstm,extrapolation,late,2000110,62,4,58,57,4,0.12220644230300017,0.3116652042635025,0.06951866153905772,0.2636639177799225,0.09056716479429294,0.25771479308605194,0.12438846144153169,0.3153859222757405,0.02950066694042139,0.029700139164924623,0.03716817498207092,0.3152072827021281,0.4094098210334778,0.27906879037618637,0.40646493434906006,0.25771479308605194,0.21633845567703247,0.2820559963583946,0.21298307180404663,0.3178441748023033,0.24604293704032898,0.30276376008987427,0.27977102994918823,0.32253293693065643,0.31685540080070496,0.33163972944021225,0.2507379353046417,0.3296704441308975,0.24718201160430908,0.1280884544054667,,0.2902745803197225,,0.4353182688355446,0.4299811736263078,0.0053370952092368085,0.42705177267392475,0.4322735369205475,0.4494716003537178,0.4281056225299835,0.4353182688355446,0.42102837562561035,0.4372711107134819,0.42895734310150146,0.4293569326400757,0.4215128421783447,0.4297977387905121,0.4280634820461273,0.4283197596669197,0.4282439947128296,0.43002595752477646,0.4315430819988251,0.42886894196271896,0.42807018756866455,0.4259062310059865,,0.4271317621072133,
975428833,qlstm,extrapolation,late,2000111,62,3,59,59,2,0.12476590303940405,0.32162748421392134,0.21172724695532086,0.4601382911205292,0.14500364439930782,0.31841306885083515,0.12373686534313776,0.3217909290628918,0.030875467142816318,0.01462922990322113,0.029910534620285034,0.2889365255832672,0.1578887701034546,0.28886018693447113,0.13732728362083435,0.31841306885083515,0.4727150499820709,0.2823004325230916,0.44953060150146484,0.32427818576494855,0.4453358054161072,0.3046215275923411,0.4220222234725952,0.30159690976142883,0.41080963611602783,0.27285152673721313,0.4305863380432129,0.3015369077523549,0.4601382911205292,0.23857609927654266,,0.2910398989915848,,0.46128971378008526,0.42932930386672585,0.03196040991335941,0.42655980587005615,0.42218342423439026,0.42257773876190186,0.41960012912750244,0.46128971378008526,0.4251077175140381,0.44800334175427753,0.42888250946998596,0.43773525953292847,0.43038392066955566,0.43166563908259076,0.4232102632522583,0.43322839339574176,0.42826440930366516,0.42708242932955426,0.4235893785953522,0.43010170261065167,0.4270607531070709,0.4273182898759842,,0.42270563542842865,
975428833,qlstm,extrapolation,late,2000112,62,6,56,56,5,0.10261072634742259,0.312816436732969,0.09776426670509708,0.31267277896404266,0.08187525335224503,0.2835565010706584,0.1048323841683345,0.31595142983964514,0.03584318235516548,0.023227626085281373,0.035161572694778445,0.282485756278038,0.4028913676738739,0.3188907355070114,0.42260897159576416,0.2835565010706584,0.29955632984638214,0.2460025648276011,0.31724880635738373,0.26893319686253864,0.32822857797145844,0.25940413773059845,0.31566379964351654,0.25469477971394855,0.27671773731708527,0.27517800629138944,,0.28171122670173643,,0.3452724486589432,,0.3709965437650681,,0.45424574613571167,0.42717416158744265,0.027071584548269023,0.45807525515556335,0.4235106408596039,0.4447363317012787,0.42509889602661133,0.45424574613571167,0.42760539054870605,0.441480815410614,0.4295952022075653,0.43652250866095227,0.42203399538993835,0.4330164392789205,0.42844292521476746,0.4291529357433319,0.4226367473602295,0.4302383363246918,,0.4281179368495941,,0.42394822239875796,,0.4258212625980377,
975428833,qlstm,extrapolation,late,2000113,62,3,59,58,3,0.1399227557965615,0.35158062585058714,0.008374843341872662,0.09151417016983032,0.09178848425039891,0.25649726670235395,0.14237026112941728,0.356415372925921,0.028830508219784702,0.025269240140914917,0.05005882183710734,0.4310884368605912,0.4608825147151947,0.36431058527280885,0.4907938539981842,0.25649726670235395,0.031547725200653076,0.282969924621284,0.008238643407821655,0.2514375348885854,0.004515200853347778,0.28521158297856647,0.05236688256263733,0.307605783144633,0.042605310678482056,0.3288118342558543,0.09151417016983032,0.41275542974472046,,0.4061804860830307,,0.3648308515548706,,0.4534215529759725,0.42907778640924876,0.024343766566723712,0.45911046862602234,0.42965880036354065,0.4656386971473694,0.42054131627082825,0.4534215529759725,0.4243980646133423,0.43934627374013263,0.4274226725101471,0.43501806259155273,0.42218437790870667,0.4330984155337016,0.4298016130924225,0.43297991156578064,0.4306313991546631,0.4301252563794454,0.4233972132205963,0.4309700131416321,,0.4280226230621338,,0.4208064377307892,
975428833,qlstm,extrapolation,late,2000114,62,6,56,56,5,0.11357924775787578,0.3167050793887146,0.08413849403167717,0.29006636142730713,0.10308576705215382,0.28504412962744635,0.11470354926206028,0.32009732400599333,0.030997701521430696,0.029082560539245607,0.03976313471794128,0.2724847658537328,0.020549386739730835,0.2677962314337492,0.048927098512649536,0.28504412962744635,0.43437641859054565,0.3043434591963887,0.43294209241867065,0.36900459447254735,0.4484768211841583,0.3494383900736769,0.4428769052028656,0.344231019107004,0.4777385890483856,0.31383946010222036,0.4572126269340515,0.3329947389041384,0.3987359404563904,0.3493932783603668,0.3670135736465454,0.36956226229667666,,0.44874297579129535,0.4278486296534538,0.020894346137841524,0.4303286299109459,0.417298287153244,0.44758965969085696,0.4232511818408966,0.44874297579129535,0.4230973422527313,0.4415419052044551,0.4275434911251068,0.4360646108786265,0.4289116859436035,0.4312172730763753,0.4291856586933136,0.4330750157435735,0.4329526424407959,0.42704922954241437,0.4231691360473633,0.42670486370722455,0.42549780011177063,0.42749643822511035,0.42581164836883545,0.4280117034912109,
975428833,qlstm,extrapolation,late,2000115,62,6,56,56,5,0.1982922618383107,0.4146671280745537,0.00010169914216451303,0.010084599256515503,0.12109493032771275,0.30441847940286,0.20656340450016056,0.426479483289378,0.03200068165149007,0.02060128961290632,0.047521847486495974,0.2764109894633293,0.3993106484413147,0.3463995158672333,0.4512466788291931,0.30441847940286,0.08145889639854431,0.2917301704486211,0.040417879819869995,0.3253822724024455,0.04841172695159912,0.3851782778898875,0.05503121018409729,0.4074417899052302,0.07683524489402771,0.3945685724417369,0.024362891912460327,0.4514890432357788,,0.39002267122268675,,0.38506832122802737,,0.45358748237291974,0.4255433641374111,0.02804411823550862,0.4445595145225525,0.42607998847961426,0.4515280365943909,0.42556968331336975,0.45358748237291974,0.41789165139198303,0.4400932838519414,0.41938164830207825,0.43301596740881604,0.4237748384475708,0.4336936374505361,0.4310496747493744,0.42943375806013745,0.42550694942474365,0.42865506807963055,0.43121573328971863,0.4243820071220398,,0.4256021320819855,,0.42254223823547366,
975428833,qlstm,extrapolation,late,2000116,62,5,57,56,5,0.17154306296947933,0.38747942928344975,0.02521581388668892,0.15879487991333008,0.1481546522859109,0.3587767153978348,0.17359467794172218,0.3899972112032405,0.03198897199971335,0.02824118733406067,0.049224364757537845,0.424654308706522,0.3502849191427231,0.33080421984195707,0.3762344866991043,0.3587767153978348,0.16575738787651062,0.3545363456010818,0.12487205862998962,0.37346668541431427,0.12632492184638977,0.3835458904504776,0.1391477882862091,0.4510730117559433,0.16984719038009644,0.37585600912570954,0.1469545066356659,0.38373986184597014,0.19905221462249756,0.4260176450014114,0.16737335920333862,0.4840245395898819,,0.4385333716869354,0.429160918060102,0.009372453626833421,0.42941705882549286,0.42358270287513733,0.4453152358531952,0.4155387878417969,0.4385333716869354,0.4258688986301422,0.4332964181900024,0.4227754771709442,0.4299317538738251,0.4307883679866791,0.42762166261672974,0.4207611083984375,0.428647118806839,0.4269101619720459,0.4273150205612183,0.4216575622558594,0.426181697845459,0.43183839321136475,0.42627020478248595,0.42677637934684753,0.4255294129252434,
975428833,qlstm,extrapolation,late,2000117,62,10,52,52,9,0.11358786552959288,0.3198946321443204,0.12388075298260048,0.3519669771194458,0.12183751895115433,0.31484317034482956,0.11200139371775414,0.32086606710576093,0.028780428262857292,0.03784732520580292,0.049419909715652466,0.24518717639148235,0.18386121094226837,0.26474446554978687,0.18816275894641876,0.31484317034482956,0.4820212423801422,0.27355975583195685,0.4754054844379425,0.3266587994992733,0.40561336278915405,0.3326727621257305,0.4209743142127991,0.3118892215192318,0.37910670042037964,0.3370801262557507,0.339716374874115,0.30853187292814255,0.403969407081604,0.3241662308573723,0.3785213828086853,0.33972181131442386,,0.45035902261734007,0.4277880724806052,0.02257095013673488,0.44696082547307014,0.42244336009025574,0.4464204212029775,0.42359575629234314,0.45035902261734007,0.4256552457809448,0.4370104342699051,0.4214254319667816,0.4345791518688202,0.42905178666114807,0.42905269265174867,0.42611169815063477,0.4305308759212494,0.427497535943985,0.42975631058216096,0.43127524852752686,0.42813593745231626,0.42749080061912537,0.4297394990921021,0.43105247616767883,0.4269984761873881,
975428833,qlstm,extrapolation,late,2000118,62,4,58,57,4,0.14301823379963116,0.3598853447023899,0.22133771299337468,0.47046542167663574,0.14182421748234492,0.3380028810352087,0.14310057975254747,0.3613944801277128,0.023908978491498714,0.026339975270357998,0.040833793580532074,0.27607567856709164,0.3924724906682968,0.21089568547904491,0.3933478146791458,0.3380028810352087,0.4500651955604553,0.307192912325263,0.4063178300857544,0.2847637217491865,0.4018469452857971,0.3002243619412184,0.37664860486984253,0.315373620018363,0.37083715200424194,0.4152717236429453,0.4401199221611023,0.42333451844751835,0.519982635974884,0.3663068637251854,,0.3721801315744718,,0.44183240085840225,0.42944912252755,0.012383278330852232,0.4282742142677307,0.42908433079719543,0.45386791229248047,0.42682012915611267,0.44183240085840225,0.43223825097084045,0.43159834295511246,0.42818620800971985,0.43251802027225494,0.42869117856025696,0.4315168559551239,0.43078306317329407,0.4309888780117035,0.42560458183288574,0.42577335983514786,0.41633662581443787,0.4258117452263832,0.42452943325042725,0.42398786544799805,,0.4257049361864726,
975428833,qlstm,extrapolation,late,2000119,62,4,58,57,4,0.14559156672592655,0.3512168663944448,0.05499013393265173,0.2344997525215149,0.06774710379658933,0.22501377225853503,0.15096015037622565,0.35992052805899033,0.02862345126637241,0.04156534780155529,0.034014105796813965,0.31357503146864474,0.5571867311373353,0.33167381049133837,0.5794631922617555,0.22501377225853503,0.14463108777999878,0.25459467084147036,0.17862141132354736,0.26600144268013537,0.23949116468429565,0.26906604529358447,0.29025813937187195,0.28050603927113116,0.30883878469467163,0.2585359481163323,0.3033117651939392,0.3629266661591828,0.30743181705474854,0.38423250677684945,,0.4066209280863404,,0.43221475929021835,0.4315699457094587,0.0006448135807596289,0.4442410171031952,0.4315163195133209,0.43640755116939545,0.42626118659973145,0.43221475929021835,0.426234632730484,0.4329422861337662,0.433336466550827,0.4313633516430855,0.42288196086883545,0.42820920795202255,0.4250664710998535,0.4296094551682472,0.4279910624027252,0.4300937354564667,0.4280984103679657,0.43008434027433395,0.4275442063808441,0.42815540234247845,,0.4275241196155548,
975428833,qlstm,extrapolation,late,2000120,62,2,60,60,1,0.16235802849502767,0.38683161169530883,0.06455434322930742,0.25407546758651733,0.08374699776819777,0.2686486002057791,0.16497839618592197,0.3907710454116265,0.0313283493121465,0.02422785758972168,0.03071826696395874,0.4323591999709606,0.4323591999709606,0.4701295606791973,0.4701295606791973,0.2686486002057791,0.16106176376342773,0.3152506109327078,0.18397271633148193,0.31598187051713467,0.19343847036361694,0.3442289885133505,0.21888524293899536,0.319468354806304,0.2002624273300171,0.2731099631637335,0.17470192909240723,0.2719994690269232,0.17222368717193604,0.32209340296685696,0.21751618385314941,0.3798593692481518,,0.4731934517621994,0.4272964929540952,0.04589695880810418,0.43113866448402405,0.43113866448402405,0.4213024377822876,0.4213024377822876,0.4731934517621994,0.4234570562839508,0.45667627453804016,0.42954495549201965,0.4381503462791443,0.4213815927505493,0.4352153539657593,0.4285527169704437,0.4317157119512558,0.42593610286712646,0.4292730391025543,0.42485806345939636,0.4280650019645691,0.42932334542274475,0.4211279898881912,0.41975200176239014,0.4188479483127594,
975428833,qlstm,extrapolation,late,2000121,62,8,54,54,7,0.09480500892903874,0.2668311891536559,0.31380417941804595,0.5601822733879089,0.08900499653951138,0.27366525679826736,0.09566427002378353,0.2658187346877875,0.03207276651152858,0.041050124168396,0.03143438271113804,0.2913911725793566,0.08025959134101868,0.2772767926965441,0.15375038981437683,0.27366525679826736,0.36337774991989136,0.2965347692370415,0.3969176411628723,0.31407025270164013,0.4225998520851135,0.32046104222536087,0.3795417547225952,0.3222045451402664,0.31575149297714233,0.3285057544708252,0.4009300470352173,0.27957640402019024,0.4768449664115906,0.3078277664525168,,0.1958021478993552,,0.4415864273905754,0.4278462319462388,0.013740195444336634,0.44190330164773123,0.4245978593826294,0.43118897506168913,0.4256018102169037,0.4415864273905754,0.4220794141292572,0.43601128458976746,0.42934107780456543,0.42986585572361946,0.4249076545238495,0.42888663336634636,0.4264242351055145,0.43231726065278053,0.43281492590904236,0.42446181923151016,0.41682884097099304,0.42637859284877777,0.42338502407073975,0.42732521891593933,,0.42836121150425505,
975428833,qlstm,extrapolation,late,2000122,62,6,56,56,5,0.1332785583665959,0.3336281292140484,0.08461371995203137,0.2908843755722046,0.09492576699661119,0.2784050392607848,0.13738778601337995,0.33954488885189804,0.03121660277247429,0.034309056070115834,0.032421714067459105,0.2734946712851524,0.041677892208099365,0.271034674346447,0.05517005920410156,0.2784050392607848,0.4866068363189697,0.32418733711043995,0.44657909870147705,0.3323801743487517,0.4631998538970947,0.343367828677098,0.5031086206436157,0.31340117131670314,0.4584425687789917,0.33534107357263565,0.3694336414337158,0.3349553557733695,0.3144088387489319,0.4722809374332428,,0.47231255769729613,,0.4492367257674535,0.42769513385636465,0.021541591911088842,0.43816232681274414,0.4325953722000122,0.4328388810157776,0.4219941794872284,0.4492367257674535,0.43046388030052185,0.43628670275211334,0.4281369745731354,0.431253840525945,0.4230668544769287,0.43088750044504803,0.4306319057941437,0.42978671193122864,0.42858681082725525,0.4276829908291499,0.4279329776763916,0.42818741997083026,0.4276413917541504,0.42611701488494874,,0.4283479809761047,
975428833,qlstm,extrapolation,late,2000123,62,5,57,56,5,0.07696017888460295,0.2596700102871945,0.06383353979300921,0.25265300273895264,0.1262399169638091,0.34445399381220343,0.07263739484256733,0.252232818749913,0.027871106352124895,0.037649109959602356,0.04378089904785156,0.41721656173467636,0.29696404933929443,0.3190924976021051,0.27739250659942627,0.34445399381220343,0.25325238704681396,0.35726203918457033,0.20331263542175293,0.37281681299209596,0.24024391174316406,0.34643001295626163,0.22173523902893066,0.38161543011665344,0.24935925006866455,0.37768372893333435,0.21762549877166748,0.26588562726974485,0.1850486397743225,0.23596704006195068,0.25265300273895264,0.22988701611757278,,0.4388647675514221,0.42959718746051456,0.009267580090907557,0.44206199795007706,0.4304142892360687,0.4545882999897003,0.42897120118141174,0.4388647675514221,0.420929878950119,0.43666878938674925,0.4238886833190918,0.4334482491016388,0.4312871992588043,0.4311911046504974,0.42698487639427185,0.42918604612350464,0.4248148500919342,0.43092432618141174,0.43060302734375,0.42942548394203184,0.4321118891239166,0.42391937375068667,0.42445266246795654,0.4224940836429596,
975428833,qlstm,extrapolation,late,2000124,62,7,55,55,6,0.1032432619137921,0.286330136800966,0.18119458241716602,0.4256695695221424,0.09198793841777056,0.2576183745903628,0.10467575763146758,0.28998436108231546,0.03283466913483359,0.03937836488087972,0.033064812421798706,0.23218531012535096,0.1051478385925293,0.27565552790959674,0.07109677791595459,0.2576183745903628,0.3739367909729481,0.2249987790627139,0.34073563292622566,0.24420478354607308,0.35347749665379524,0.24725381657481194,0.4256695695221424,0.3116515011837085,,0.26654564154644805,,0.25301498770713804,,0.3405216157436371,,0.30754217505455017,,0.44795707293919157,0.428286381743171,0.01967069119602055,0.42979228496551514,0.43012139201164246,0.44315562148888904,0.4279807507991791,0.44795707293919157,0.4261350929737091,0.4410228133201599,0.42733874917030334,0.43686627064432415,0.42892539501190186,0.43276712724140715,0.4280712306499481,0.42761535942554474,,0.42879363397757214,,0.4279521405696869,,0.4257263422012329,,0.425426185131073,
975428833,qlstm,extrapolation,late,2000125,62,7,55,55,6,0.14351863679389076,0.3592367798931176,0.002260568203382718,0.047545433044433594,0.07800314719526566,0.25298755669168066,0.15185697183371577,0.3727594083005732,0.03453012867407365,0.0061511993408203125,0.03683172663052877,0.26462841033935547,0.3742615878582001,0.2915600606550773,0.3685489892959595,0.25298755669168066,0.04470258951187134,0.24312865468008177,0.05227521061897278,0.22261048800178937,0.047545433044433594,0.24586758017539978,,0.2620227752874295,,0.2521951248248418,,0.2815614889065425,,0.3547595242659251,,0.4134354790051778,,0.45027293051992145,0.4273795648054643,0.02289336571445716,0.46244854231675464,0.42488351464271545,0.44699416557947796,0.4276258945465088,0.45027293051992145,0.4279932975769043,0.43920200211661203,0.4312179982662201,0.43164229818752836,0.42349520325660706,0.4278019865353902,,0.42584067583084106,,0.4242786963780721,,0.4267111122608185,,0.4293062537908554,,0.42430826524893445,
975428833,qlstm,extrapolation,early,2000126,62,2,60,60,1,0.21379153942706822,0.4329198118179075,0.20641739834178807,0.45433181524276733,0.15752773527521713,0.34837715327739716,0.21566699956546329,0.43573790043592453,0.02740456461906433,0.02880388727554908,0.0931430459022522,0.0534665584564209,0.0534665584564209,0.0411967933177948,0.0411967933177948,0.34837715327739716,0.538537859916687,0.3377939909696579,0.5632330477237701,0.33385124802589417,0.5799981653690338,0.32936257123947144,0.592517763376236,0.320130854845047,0.5647556185722351,0.31631626188755035,0.5845932960510254,0.29220394790172577,0.5432111024856567,0.4859285205602646,0.3793392777442932,0.4327562749385834,0.33069854974746704,0.4777196943759918,0.4290832236409187,0.0486364707350731,0.43480464816093445,0.43480464816093445,0.42940855026245117,0.42940855026245117,0.4777196943759918,0.4237051010131836,0.4445221573114395,0.41901862621307373,0.4383208900690079,0.42459285259246826,0.435981884598732,0.4256652593612671,0.4316309094429016,0.4285520315170288,0.4338288754224777,0.4323843717575073,0.4260364770889282,0.4226644039154053,0.4301595836877823,0.4346539080142975,0.42430274188518524,0.4260868728160858
975428833,qlstm,extrapolation,early,2000127,62,1,61,60,1,0.027128343074597366,0.1498885428713214,0.044202927996296104,0.21024492383003235,0.03195763874030977,0.17876699566841125,0.027049174293192247,0.1494151256123527,0.03158279259999593,0.03158279259999593,0.04828852415084839,,,0.29908883571624756,0.29908883571624756,0.17876699566841125,0.17876699566841125,0.17226040363311768,0.17226040363311768,0.19848278164863586,0.19848278164863586,0.14348292350769043,0.14348292350769043,0.1566988229751587,0.1566988229751587,0.09175547957420349,0.09175547957420349,0.04664725065231323,0.04664725065231323,0.056656479835510254,0.056656479835510254,0.11300453543663025,0.11300453543663025,0.48539862036705017,0.4290595245165903,0.056339095850459875,,,0.5282134413719177,0.5282134413719177,0.48539862036705017,0.48539862036705017,0.45780500769615173,0.45780500769615173,0.45108434557914734,0.45108434557914734,0.4357333183288574,0.4357333183288574,0.43323466181755066,0.43323466181755066,0.42259156703948975,0.42259156703948975,0.43251240253448486,0.43251240253448486,0.42865681648254395,0.42865681648254395,0.42764759063720703,0.42764759063720703
975428833,qlstm,extrapolation,early,2000128,62,3,59,59,2,0.18330026117800344,0.41866627347565466,0.217905979276019,0.46680400520563126,0.12174159893212587,0.3384525887668133,0.18643036264813273,0.4227449354100025,0.03018027998633304,0.03103767423068776,0.029352083802223206,0.33800083212554455,0.22784101963043213,0.3104730974882841,0.18615317344665527,0.3384525887668133,0.41690514236688614,0.3445533427099387,0.4109363630414009,0.3601504676043987,0.4046002998948097,0.3524520906309287,0.41543859988451004,0.4275536773105462,0.4175952449440956,0.3301838884751002,0.3652811720967293,0.31871527930100757,0.310709573328495,0.3717628891269366,0.39997879415750504,0.4588624909520149,0.6113275066018105,0.4624983072280884,0.42981142462310146,0.03268688260498692,0.4347158372402191,0.42926064133644104,0.4348786175251007,0.4352078139781952,0.4624983072280884,0.42901599407196045,0.44568931063016254,0.42369672656059265,0.4377586841583252,0.4241217374801636,0.4378018279870351,0.4322289228439331,0.431022047996521,0.42387911677360535,0.427273154258728,0.4262967109680176,0.42710872491200763,0.42818641662597656,0.42845948537190753,0.4330703020095825,0.4287676513195038,0.42693594098091125
975428833,qlstm,extrapolation,early,2000129,62,1,61,60,1,0.09611484328937818,0.3004089613114634,0.14866458465121823,0.3855704665184021,0.10576459069543276,0.325214684009552,0.09595665070895106,0.3000023101196914,0.028200849890708923,0.028065759826589515,0.04006597399711609,0.13631311058998108,0.13631311058998108,0.13127943873405457,0.13127943873405457,0.325214684009552,0.325214684009552,0.3862115740776062,0.3862115740776062,0.3435142934322357,0.3435142934322357,0.3936094641685486,0.3936094641685486,0.3680931329727173,0.3680931329727173,0.3868464231491089,0.3868464231491089,0.31391850113868713,0.31391850113868713,0.33972975611686707,0.33972975611686707,0.35493648052215576,0.35493648052215576,0.4272541105747223,0.4294511045588822,-0.0021969939841599007,0.4258691370487213,0.4258691370487213,0.42908719182014465,0.42908719182014465,0.4272541105747223,0.4272541105747223,0.43143367767333984,0.43143367767333984,0.42371800541877747,0.42371800541877747,0.42854535579681396,0.42854535579681396,0.4316551685333252,0.4316551685333252,0.4306921660900116,0.4306921660900116,0.4239191710948944,0.4239191710948944,0.4203965365886688,0.4203965365886688,0.41857799887657166,0.41857799887657166
975428833,qlstm,extrapolation,early,2000130,62,0,62,61,0,0.011575296110408292,0.0973353184038593,0.013092263013906091,0.11442142724990845,,,0.011575296110408292,0.0973353184038593,0.03384808536435737,0.03384808536435737,,,,,,,,,,,,,,,,,,,,,,,,,0.43240854144096375,,,,,,,,,,,,,,,,,,,,,,,
975428833,qlstm,extrapolation,early,2000131,62,3,59,59,2,0.176751210688569,0.4106800812146356,0.2751412772056403,0.5245391093194485,0.10764449922505848,0.31255239124099415,0.1802651112714594,0.4156696247726174,0.03181738671609911,0.030758274613686326,0.058081358671188354,0.3361028879880905,0.5324328541755676,0.3847317695617676,0.5849893391132355,0.31255239124099415,0.32828035578131676,0.31116657331585884,0.29452377185225487,0.32590895767013234,0.3055210970342159,0.36306840057174367,0.3197416625916958,0.3670429860552152,0.34671997651457787,0.41366754720608395,0.40304869040846825,0.3995254896581173,0.5235761366784573,0.45837656284372014,0.5048335753381252,0.4905070923268795,0.443111564964056,0.4662021994590759,0.42924705602354923,0.036955143435526694,0.44267746806144714,0.4374828040599823,0.434503510594368,0.42479515075683594,0.4662021994590759,0.4260539710521698,0.44770387808481854,0.42562878131866455,0.4384799599647522,0.4300849437713623,0.4333596428235372,0.4310719072818756,0.429028441508611,0.42140498757362366,0.4305393099784851,0.4240501821041107,0.4254484673341115,0.42888644337654114,0.42694292465845746,0.4305373430252075,0.4297580420970917,0.42985033988952637
975428833,qlstm,extrapolation,early,2000132,62,3,59,58,3,0.0508282780098181,0.20924620282265446,0.06386435482344055,0.25271397829055786,0.10889198869599546,0.3234919235110283,0.04787588594102942,0.20343709838087276,0.026688286456568486,0.026263151927427814,0.06502134601275127,0.36091071739792824,0.3779591992497444,0.38920003920793533,0.3638874366879463,0.3234919235110283,0.2318965494632721,0.3015694245696068,0.19695860147476196,0.28187158703804016,0.1972382664680481,0.26411284257968265,0.21742072701454163,0.2558977132042249,0.2065674364566803,0.21141227086385092,0.23071077466011047,0.23554807901382446,0.2585127353668213,0.22559713323911032,0.21866995096206665,0.19983125726381937,0.19125795364379883,0.4484052161375682,0.4292291539200282,0.01917606221753998,0.44456274807453156,0.43003416061401367,0.4674079517523448,0.43439337611198425,0.4484052161375682,0.4297862946987152,0.44284452001253766,0.4350488483905792,0.4347205360730489,0.43262168765068054,0.43229949474334717,0.4318154752254486,0.4296769897143046,0.422015905380249,0.4282624423503876,0.4277225732803345,0.43023430307706195,0.43116486072540283,0.4267493983109792,0.42667099833488464,0.42610394954681396,0.4302715063095093
975428833,qlstm,extrapolation,early,2000133,62,0,62,61,0,0.00611992449665364,0.06727189594699491,0.00040250295916255396,0.02006247639656067,,,0.00611992449665364,0.06727189594699491,0.02422766411890749,0.02422766411890749,,,,,,,,,,,,,,,,,,,,,,,,,0.4287882730845482,,,,,,,,,,,,,,,,,,,,,,,
975428833,qlstm,extrapolation,early,2000134,62,3,59,59,2,0.05528723462918128,0.22671667005746596,0.04363994034301677,0.20890174806118011,0.05553627262002384,0.2259246458609899,0.05527457168049438,0.22675694247423592,0.030774683770486862,0.028585806488990784,0.028252333402633667,0.30192363262176514,0.34381726384162903,0.27905870974063873,0.3741914629936218,0.2259246458609899,0.13226185739040375,0.19515617191791534,0.15590126812458038,0.24543931583563486,0.19897662103176117,0.21756077309449515,0.21693237125873566,0.19669159750143686,0.18590261042118073,0.1937558799982071,0.16761331260204315,0.23851644496122995,0.1324126273393631,0.26363155245780945,0.26080192625522614,0.2410262276728948,0.3495482951402664,0.4714772601922353,0.4285550935793731,0.04292216661286219,0.48283615708351135,0.4350539445877075,0.45364804565906525,0.42339804768562317,0.4714772601922353,0.426139235496521,0.45436907807985943,0.4289415180683136,0.44249336918195087,0.4285108745098114,0.4384647309780121,0.4268805980682373,0.4347389042377472,0.43036821484565735,0.4258744716644287,0.42367908358573914,0.4260699649651845,0.4288160800933838,0.42724894483884174,0.4294072687625885,0.42845749855041504,0.431930273771286
975428833,qlstm,extrapolation,early,2000135,62,2,60,60,1,0.1025228761703039,0.3138581783540787,0.08980315135895811,0.2996717393398285,0.09434879027342369,0.3025815188884735,0.10279534570019991,0.3142340670029322,0.028140596052010854,0.027405855514235414,0.050144195556640625,0.355432391166687,0.355432391166687,0.42692267894744873,0.42692267894744873,0.3025815188884735,0.24973064661026,0.32213930785655975,0.21735593676567078,0.23548221588134766,0.2212337851524353,0.20701773464679718,0.19667953252792358,0.22189390659332275,0.2225540280342102,0.2752150893211365,0.32787615060806274,0.38072091341018677,0.4335656762123108,0.38014039397239685,0.3662179112434387,0.3311399519443512,0.3010563254356384,0.49553026258945465,0.42879434376955033,0.06673591881990432,0.5273471474647522,0.5273471474647522,0.4854908287525177,0.4854908287525177,0.49553026258945465,0.4637133777141571,0.4666668325662613,0.4478428363800049,0.4519881457090378,0.44026291370391846,0.44503097236156464,0.4422191083431244,0.43835943937301636,0.43645596504211426,0.43399666249752045,0.43153735995292664,0.4266078472137451,0.4216783344745636,0.42754413187503815,0.42772579193115234,0.4296683073043823,0.42990317940711975
975428833,qlstm,extrapolation,early,2000136,62,1,61,61,0,0.02790918509824347,0.15972714270314864,0.03731200503267473,0.19316315650939941,0.025822102886777998,0.16069257259368896,0.027943399560726508,0.15971131598363159,0.03445587392713203,0.03445587392713203,,,,,,0.16069257259368896,0.16069257259368896,0.1182914674282074,0.1182914674282074,0.07570993900299072,0.07570993900299072,0.0791359543800354,0.0791359543800354,0.049598753452301025,0.049598753452301025,0.12903252243995667,0.12903252243995667,0.18808484077453613,0.18808484077453613,0.23188501596450806,0.23188501596450806,0.17130672931671143,0.17130672931671143,0.530973494052887,0.42924058144209815,0.10173291261078882,,,,,0.530973494052887,0.530973494052887,0.48187851905822754,0.48187851905822754,0.4588658809661865,0.4588658809661865,0.4446428716182709,0.4446428716182709,0.4396923780441284,0.4396923780441284,0.42998650670051575,0.42998650670051575,0.42732688784599304,0.42732688784599304,0.4272317886352539,0.4272317886352539,0.4266403913497925,0.4266403913497925
975428833,qlstm,extrapolation,early,2000137,62,2,60,59,2,0.16989759549926783,0.4056990783541433,0.2012544419207396,0.4486139118671417,0.1325172415892456,0.35958921164274216,0.17114360729626862,0.40723607391119004,0.02969363028720274,0.027339113531289278,0.058531880378723145,0.3805573806166649,0.5284049361944199,0.39402689784765244,0.4601353257894516,0.35958921164274216,0.3029072880744934,0.3974180445075035,0.3418104648590088,0.43010856956243515,0.3774062395095825,0.4690900668501854,0.4097751975059509,0.45189138501882553,0.44364744424819946,0.3656548112630844,0.38949915766716003,0.40151941776275635,0.39326363801956177,0.36926425993442535,0.3400805592536926,0.3641459494829178,0.4354794919490814,0.44172796607017517,0.42898231496413547,0.012745651106039702,0.4805038124322891,0.4338870346546173,0.4611961543560028,0.4337092339992523,0.44172796607017517,0.4320512115955353,0.43708695471286774,0.42896854877471924,0.43301063776016235,0.4309949576854706,0.43098750710487366,0.42808797955513,0.4306584447622299,0.4276076555252075,0.4269539713859558,0.4249393939971924,0.4249323308467865,0.421776682138443,0.42681363224983215,0.43286940455436707,0.42569439113140106,0.4198518693447113
975428833,qlstm,extrapolation,early,2000138,62,2,60,59,2,0.13817300541501293,0.3668989739831417,0.07234504406349007,0.2689703404903412,0.07255454463488409,0.2688789367675781,0.1403602874410172,0.3701663085569938,0.03254635253195035,0.033075115510395596,0.03457242250442505,0.3227098919451237,0.2527959644794464,0.32174790278077126,0.27979138493537903,0.2688789367675781,0.28496190905570984,0.2672320604324341,0.25467273592948914,0.2932662218809128,0.3015705347061157,0.2945724427700043,0.3344721496105194,0.3016638159751892,0.3017570972442627,0.3345707505941391,0.3673844039440155,0.3957550972700119,0.4241257905960083,0.4494350552558899,0.4578258991241455,0.4098407030105591,0.39158713817596436,0.43406806886196136,0.4297040263811747,0.004364042480786645,0.46263720095157623,0.4371638298034668,0.4438570886850357,0.4320930242538452,0.43406806886196136,0.43097230792045593,0.4329259544610977,0.4337588846683502,0.4314640611410141,0.43195581436157227,0.434262216091156,0.4347655475139618,0.4291922003030777,0.42642858624458313,0.4287131726741791,0.430997759103775,0.4286530017852783,0.4263082444667816,0.4271130859851837,0.4242190420627594,0.41739003360271454,0.4127081632614136
975428833,qlstm,extrapolation,early,2000139,62,2,60,59,2,0.1466977901348353,0.37587004587534933,0.10439343707629689,0.3230997323989868,0.12087205241159815,0.3438328877091408,0.14755864805894323,0.3769379511475563,0.02746867224321527,0.02746867224321527,0.07584711909294128,0.00994265079498291,0.00994265079498291,0.20263168960809708,0.39532072842121124,0.3438328877091408,0.2923450469970703,0.32478755712509155,0.3572300672531128,0.34169793128967285,0.3261657953262329,0.30855751037597656,0.2909492254257202,0.31006988883018494,0.32919055223464966,0.39956866204738617,0.41973739862442017,0.4447888284921646,0.42909398674964905,0.36552728712558746,0.3730061948299408,0.35653404891490936,0.3332024812698364,0.46753065288066864,0.42949470033248266,0.03803595254818598,0.5306002497673035,0.5306002497673035,0.5074088722467422,0.48421749472618103,0.46753065288066864,0.45084381103515625,0.44577085971832275,0.44069790840148926,0.44086146354675293,0.4410250186920166,0.43952547013759613,0.43802592158317566,0.4330320656299591,0.42803820967674255,0.43036289513111115,0.4328515827655792,0.4285644590854645,0.42475399374961853,0.4291503578424454,0.43006983399391174,0.4289115071296692,0.4307931959629059
975428833,qlstm,extrapolation,early,2000140,62,3,59,59,2,0.145534524679931,0.37615186264438016,0.18146355752719856,0.4259853959083557,0.1290797044024401,0.3561738580465317,0.1463712104567526,0.37716769338664363,0.03705501152297198,0.03424131052166808,0.057164162397384644,0.40168625861406326,0.4101641923189163,0.38925401121377945,0.4731832891702652,0.3561738580465317,0.2896861433982849,0.29923225939273834,0.26453596353530884,0.30642856160799664,0.24795573949813843,0.30373602112134296,0.24406975507736206,0.3243924081325531,0.28537803888320923,0.362744003534317,0.2759714722633362,0.33467164138952893,0.3041645884513855,0.30489347378412884,0.3813466429710388,0.3257179856300354,0.3970178961753845,0.4668475290139516,0.4288314126305661,0.03801611638338548,0.47553177177906036,0.4298928678035736,0.4589785188436508,0.4339747130870819,0.4668475290139516,0.4242875576019287,0.45322392384211224,0.4311695992946625,0.4417299727598826,0.427839070558548,0.4348616302013397,0.4320630133152008,0.43386657039324444,0.4287777245044708,0.4294515351454417,0.42790624499320984,0.42917128403981525,0.4333334267139435,0.4251221716403961,0.41874971985816956,0.4303048551082611,0.42967489361763
975428833,qlstm,extrapolation,early,2000141,62,3,59,59,2,0.070649531755444,0.2606529026262222,0.10307644380758152,0.32105520367622375,0.0911338443389178,0.2965540637572606,0.06960795653933516,0.2588274198568473,0.03038701566599183,0.029809170839737872,0.05466204881668091,0.24750817567110062,0.17134380340576172,0.2815578058362007,0.16646850109100342,0.2965540637572606,0.34805431962013245,0.33257287244002026,0.33371737599372864,0.26692041754722595,0.3210975229740143,0.26132044196128845,0.2793795168399811,0.24939358234405518,0.25183331966400146,0.22981195648511252,0.1864587366580963,0.21125865976015726,0.19407406449317932,0.30934937795003253,0.2588962912559509,0.23294466733932495,0.2605419456958771,0.47054214278856915,0.42843692989672644,0.042105212891842714,0.4789413958787918,0.4278317391872406,0.45952172577381134,0.43533673882484436,0.47054214278856915,0.4234556257724762,0.45346946517626446,0.4235783517360687,0.44231247901916504,0.4314973056316376,0.4347403347492218,0.4216482639312744,0.4305126965045929,0.4276982843875885,0.42727503180503845,0.42848992347717285,0.42920353015263873,0.432963103055954,0.42688822746276855,0.4257117509841919,0.4281192719936371,0.4281696081161499
975428833,qlstm,extrapolation,early,2000142,62,4,58,58,3,0.08231972114140283,0.27737792404068096,0.06652615311495325,0.2579266428947449,0.1161005932134688,0.33498421171680093,0.07999000582608794,0.2734050766147416,0.03131845131002624,0.02818750962615013,0.0490050216515859,0.3617751896381378,0.43362516164779663,0.35716007960339385,0.3568909764289856,0.33498421171680093,0.26536422967910767,0.3402551175095141,0.22042503952980042,0.32588891685009,0.19020673632621765,0.33200187236070633,0.18735361099243164,0.34867793321609497,0.19534218311309814,0.3104693815112114,0.2079097032546997,0.28861193358898163,0.17571225762367249,0.27816955000162125,0.2699979543685913,0.21693790704011917,0.3163052797317505,0.47248475253582,0.42795706668804434,0.044527685847775667,0.4717891365289688,0.42207464575767517,0.4779066840807597,0.42826199531555176,0.47248475253582,0.42497289180755615,0.4555002972483635,0.4301346242427826,0.4414573013782501,0.4189319610595703,0.43749506026506424,0.4236331284046173,0.43496914207935333,0.42888250946998596,0.4303894490003586,0.42711880803108215,0.4300009682774544,0.427939772605896,0.42817847430706024,0.42934438586235046,0.425213985145092,0.42773786187171936
975428833,qlstm,extrapolation,early,2000143,62,4,58,58,3,0.1356090891480885,0.3614192261330543,0.13479737817059245,0.36714762449264526,0.07713722083721991,0.2642986364662647,0.13964163179021738,0.3681171978342122,0.033105702235780916,0.03284413772716857,0.04876579840977987,0.22160504013299942,0.12068310379981995,0.22501826783021292,0.07266822457313538,0.2642986364662647,0.3341248631477356,0.21029197424650192,0.3679569661617279,0.21889976412057877,0.34812286496162415,0.290352039039135,0.38665810227394104,0.34681689739227295,0.33706289529800415,0.35353709012269974,0.3423044979572296,0.36044609546661377,0.3940231204032898,0.36081526428461075,0.3289112448692322,0.365436427295208,0.35484927892684937,0.4771914705634117,0.42733323830982733,0.04985823225358438,0.49611110985279083,0.46073803305625916,0.482239564259847,0.4356085956096649,0.4771914705634117,0.4369177520275116,0.45134274661540985,0.42939844727516174,0.44034601002931595,0.4281196594238281,0.43099263310432434,0.4220457375049591,0.4305853620171547,0.4279055893421173,0.42622019350528717,0.42680978775024414,0.42733924835920334,0.42519649863243103,0.42539165169000626,0.41669806838035583,0.42509300261735916,0.4330766201019287
975428833,qlstm,extrapolation,early,2000144,62,4,58,58,3,0.13142963708797337,0.35953235608195105,0.10965572541556728,0.3311430588364601,0.11090060324339283,0.32920637633651495,0.13284543252553063,0.36162380296094665,0.024079722063294774,0.024088933771731807,0.04805275797843933,0.35036371648311615,0.4086757004261017,0.37178951129317284,0.41408491134643555,0.32920637633651495,0.2813933566212654,0.35201846715062857,0.2843545749783516,0.34687467850744724,0.2871019318699837,0.3780201319605112,0.3239915147423744,0.3786321673542261,0.32901371270418167,0.3795021641999483,0.32982826977968216,0.3623773567378521,0.34535545855760574,0.32375211268663406,0.3549012914299965,0.3179311007261276,0.2838675156235695,0.4731167107820511,0.4272739789609251,0.04584273182112597,0.478152796626091,0.43030551075935364,0.4805688460667928,0.43067678809165955,0.4731167107820511,0.42713940143585205,0.45590734481811523,0.43209943175315857,0.4425218030810356,0.43076756596565247,0.43908367305994034,0.43384647369384766,0.43045929074287415,0.42417967319488525,0.4291914775967598,0.4297178089618683,0.4268651306629181,0.41933882236480713,0.4291086569428444,0.4276409149169922,0.42702824622392654,0.42910897731781006
975428833,qlstm,extrapolation,early,2000145,62,3,59,59,2,0.21921559627233553,0.45970625935062287,0.2633447375623099,0.5131712555885315,0.18693763465857463,0.4289235770702362,0.220856848557781,0.46127148048352384,0.033694178876230274,0.031989027857780454,0.06859152019023895,0.26742787659168243,0.3904007375240326,0.3052935302257538,0.37337779998779297,0.4289235770702362,0.47318699955940247,0.38740118344624835,0.40952068567276,0.3702253798643748,0.4379945397377014,0.35293980439503986,0.46135056018829346,0.3965749740600586,0.5091296136379242,0.4185788830121358,0.5805328488349915,0.4665846923987071,0.4673221707344055,0.4627934197584788,0.5115374028682709,0.5115969876448313,0.472616970539093,0.4560112754503886,0.4294196624877089,0.0265916129626797,0.43072257936000824,0.42391237616539,0.4307716488838196,0.42584434151649475,0.4560112754503886,0.43093714118003845,0.44196614623069763,0.4275141656398773,0.43790842096010846,0.4313218295574188,0.4368956685066223,0.43218734860420227,0.4326557715733846,0.42618274688720703,0.43267622590065,0.43100789189338684,0.4234463969866435,0.42235442996025085,0.4263000289599101,0.42903149127960205,0.4268485407034556,0.42799249291419983
975428833,qlstm,extrapolation,early,2000146,62,2,60,60,1,0.06265764487807537,0.24459775561286556,0.10351639840038818,0.32173964381217957,0.02643232884287139,0.16209964454174042,0.06386515541258217,0.24734769264856973,0.02931044896443685,0.029660850763320923,-0.0008885860443115234,0.2689722776412964,0.2689722776412964,0.28199589252471924,0.28199589252471924,0.16209964454174042,0.1496082842350006,0.19201670587062836,0.19086092710494995,0.21853867173194885,0.20589366555213928,0.24050626158714294,0.2118382751941681,0.24621765315532684,0.19869497418403625,0.25430504977703094,0.22661420702934265,0.1835983693599701,0.17633581161499023,0.17975160479545593,0.18741098046302795,0.26523129642009735,0.34995296597480774,0.48216041922569275,0.42942737887303034,0.05273304035266241,0.4286328852176666,0.4286328852176666,0.42648330330848694,0.42648330330848694,0.48216041922569275,0.4338254928588867,0.44891364872455597,0.42265915870666504,0.44322043657302856,0.4288639724254608,0.4364461600780487,0.42808178067207336,0.4365936517715454,0.42943891882896423,0.4233313202857971,0.4201793372631073,0.4256826639175415,0.42870616912841797,0.4298985004425049,0.42552217841148376,0.4221937209367752,0.4271862506866455
975428833,qlstm,extrapolation,early,2000147,62,3,59,59,2,0.08089832328088717,0.27823927974508655,0.02307415124079526,0.15190178155899048,0.11436214531115325,0.33129847546418506,0.07919677300816177,0.27554135453903067,0.030184624558788235,0.03041445038148335,0.04685008525848389,0.4243622124195099,0.4505617022514343,0.398121602833271,0.3456815034151077,0.33129847546418506,0.24194830656051636,0.27585848172505695,0.19605529308319092,0.26453570524851483,0.19938910007476807,0.2968321243921916,0.24054557085037231,0.28064917027950287,0.25572043657302856,0.21962740023930868,0.22357696294784546,0.23608078559239706,0.21184664964675903,0.23800530036290488,0.21927481889724731,0.24547788500785828,0.2727120816707611,0.46782416105270386,0.4297021617323665,0.03812199932033733,0.4540737420320511,0.4491109848022461,0.4443296790122986,0.4395483732223511,0.46782416105270386,0.43873798847198486,0.451604167620341,0.4303723871707916,0.44024430712064105,0.4313240349292755,0.43475152055422467,0.42381954193115234,0.43183592955271405,0.43213987350463867,0.4258810083071391,0.4202566146850586,0.42601168155670166,0.4291098117828369,0.42678917447725934,0.42331674695014954,0.4312583605448405,0.431783527135849
975428833,qlstm,extrapolation,early,2000148,62,4,58,58,3,0.21505266047116503,0.429435157562576,0.27222154189894354,0.5217485427856445,0.11155322003107218,0.3157351815607399,0.22219055291530942,0.437276535217875,0.029451348144432593,0.026120528261712257,0.05211592713991801,0.23894279776141047,0.04741913080215454,0.23731883087505898,0.015605032444000244,0.3157351815607399,0.36608946323394775,0.34712815610691905,0.3981149196624756,0.32849400816485286,0.45329147577285767,0.2750135490205139,0.4873289465904236,0.19479596614837646,0.47392308712005615,0.17125701159238815,0.5043450593948364,0.15587719529867172,0.5212954580783844,0.26109152287244797,0.5280504524707794,0.48709674924612045,0.5034215152263641,0.4710840955376625,0.427668862815561,0.043415232722101516,0.44093865156173706,0.42468830943107605,0.4656424820423126,0.42371800541877747,0.4710840955376625,0.4310876131057739,0.44962552189826965,0.4291662871837616,0.44041482359170914,0.42602816224098206,0.4403587281703949,0.43032243847846985,0.42911431938409805,0.42529234290122986,0.4313991591334343,0.4290095865726471,0.4254511296749115,0.4321953356266022,0.42461419850587845,0.4240223169326782,0.42877548933029175,0.429741770029068
975428833,qlstm,extrapolation,early,2000149,62,3,59,59,2,0.02682150362931427,0.12363684297569337,3.139979349953137e-05,0.0056035518646240234,0.12571703132561368,0.30426232268412906,0.021792917475265145,0.1144524965498407,0.027823530011257883,0.027557154496510822,0.04068216681480408,0.3826925829052925,0.3826925829052925,0.43239879980683327,0.4103431776165962,0.30426232268412906,0.04807525873184204,0.2862084259589513,0.08687189221382141,0.27231285472710925,0.08630499243736267,0.2631962150335312,0.07926052808761597,0.27829255163669586,0.11099442839622498,0.1882434810201327,0.10631200671195984,0.08607363700866699,0.0850440263748169,0.08575569589932759,0.011346399784088135,0.09064838290214539,0.14227744936943054,0.48343339562416077,0.426917482735747,0.05651591288841379,0.4372011721134186,0.4372011721134186,0.4794810265302658,0.43175646662712097,0.48343339562416077,0.4342498779296875,0.46215443809827167,0.4315156638622284,0.44461365540822345,0.42541149258613586,0.4343213737010956,0.4229527711868286,0.4338160455226898,0.4265621602535248,0.43067653973897296,0.4260232746601105,0.4287918508052826,0.4294483959674835,0.426399161418279,0.42835497856140137,0.4197101394335429,0.41210809350013733
975428833,qlstm,extrapolation,early,2000150,62,2,60,59,2,0.16266594517108582,0.38838633991056876,0.4051369176453088,0.636503666639328,0.04591150867356397,0.20881584286689758,0.16655775972100326,0.39437202314535774,0.03527202899173155,0.03518150689510199,0.03785908222198486,0.2879471778869629,0.30174046754837036,0.23262178897857666,0.26042407751083374,0.20881584286689758,0.25685179233551025,0.20931944251060486,0.24820411205291748,0.25065186619758606,0.2743765115737915,0.2610970735549927,0.2751362919807434,0.2736816108226776,0.2594038248062134,0.31778237223625183,0.3751406669616699,0.35546571016311646,0.46272730827331543,0.3651743531227112,0.3829813003540039,0.43107521533966064,0.40209245681762695,0.44870525598526,0.4303729996085167,0.018332256376743294,0.48287738859653473,0.4361283481121063,0.45518286526203156,0.4267587959766388,0.44870525598526,0.4325895309448242,0.43414539098739624,0.4284670650959015,0.4337489604949951,0.4287465512752533,0.43057583272457123,0.4274880886077881,0.43333879113197327,0.43012890219688416,0.4262968450784683,0.42583489418029785,0.42793726921081543,0.42740747332572937,0.42139121890068054,0.41574975848197937,0.42812609672546387,0.42589521408081055
975428833,qlstm,extrapolation,early,2000151,62,2,60,60,1,0.1562879466093521,0.36466725891636265,0.2793944324678286,0.5285777449607849,0.026853687373746382,0.1443934142589569,0.1606024219172056,0.37200972040494285,0.03237062593301137,0.026353175542792494,0.07593274116516113,0.16007906198501587,0.16007906198501587,0.21943259239196777,0.21943259239196777,0.1443934142589569,0.22188037633895874,0.1304105520248413,0.24953168630599976,0.23601695895195007,0.3485261797904968,0.21512708067893982,0.3814348578453064,0.22831258177757263,0.35507458448410034,0.2018783986568451,0.39769935607910156,0.21099945902824402,0.35758501291275024,0.30329787731170654,0.38471537828445435,0.408531129360199,0.4619876742362976,0.4781206101179123,0.42857329845428466,0.049547311663627636,0.43410757184028625,0.43410757184028625,0.43284258246421814,0.43284258246421814,0.4781206101179123,0.4332767426967621,0.45168250799179077,0.4293658435344696,0.4446065425872803,0.4291410744190216,0.4348147511482239,0.42756640911102295,0.4335727393627167,0.4304679334163666,0.4280022978782654,0.42511415481567383,0.42861032485961914,0.42590227723121643,0.4319922775030136,0.43070781230926514,0.42287151515483856,0.41527509689331055
975428833,qlstm,extrapolation,early,2000152,62,3,59,58,3,0.15892607893791694,0.39095520720847193,0.23134249995522915,0.4809807687997818,0.0986174979812976,0.30460817491014797,0.16199261695266035,0.3953457342744884,0.03193306203546195,0.03342699259519577,0.03532811005910238,0.3147997396687667,0.22436875104904175,0.34477583939830464,0.24443769454956055,0.30460817491014797,0.355675533413887,0.3019486851990223,0.3286735862493515,0.313133596132199,0.3505311757326126,0.3266194549699624,0.36349357664585114,0.3726771113773187,0.39580877125263214,0.3265571693579356,0.43247415125370026,0.32748640576998395,0.3622816950082779,0.38472425440947217,0.44135989248752594,0.416513259212176,0.3757057338953018,0.43688133358955383,0.42932058188874844,0.00756075170080539,0.44780586163202923,0.42491817474365234,0.4371015230814616,0.4253222942352295,0.43688133358955383,0.43276652693748474,0.428946852684021,0.4281279146671295,0.4280239741007487,0.42268550395965576,0.4261893332004547,0.41887152194976807,0.43373750646909076,0.4294954836368561,0.4243054687976837,0.4234895706176758,0.4263287087281545,0.4245724678039551,0.42295798659324646,0.42161598801612854,0.42379045486450195,0.42626580595970154
975428833,qlstm,extrapolation,early,2000153,62,0,62,61,0,0.002491065351198925,0.04266978992569831,0.0008050120791844861,0.028372734785079956,,,0.002491065351198925,0.04266978992569831,0.03133037295497832,0.03133037295497832,,,,,,,,,,,,,,,,,,,,,,,,,0.43124014139175415,,,,,,,,,,,,,,,,,,,,,,,
975428833,qlstm,extrapolation,early,2000154,62,3,59,59,2,0.17812486320058293,0.3881968942380721,0.1800510389757939,0.4243242144584656,0.1031004999915958,0.2896128793557485,0.1819396613298535,0.39320964075751225,0.03257214113817376,0.03097496007351165,0.05637359619140625,0.1352393627166748,0.032251060009002686,0.13964565098285675,0.016186445951461792,0.2896128793557485,0.4067994952201843,0.24066645900408426,0.385684072971344,0.23095316688219705,0.43544596433639526,0.26816393931706745,0.5088647603988647,0.1922935446103414,0.481538861989975,0.20725739002227783,0.560156524181366,0.1903205414613088,0.5382348001003265,0.31803210576375324,0.4863992929458618,0.47376197576522827,0.4256834387779236,0.4604272246360779,0.42887554835464997,0.03155167628142791,0.4456920325756073,0.4264366924762726,0.43900948762893677,0.43022456765174866,0.4604272246360779,0.4220851957798004,0.4505999485651652,0.42835649847984314,0.4395365019639333,0.4321605861186981,0.43059394756952923,0.42000243067741394,0.4284172256787618,0.4297327697277069,0.42307008306185406,0.4275321960449219,0.42501164476076764,0.42305636405944824,0.42783690492312115,0.4249134361743927,0.42856472730636597,0.4260013997554779
975428833,qlstm,extrapolation,early,2000155,62,4,58,58,3,0.24769606743458022,0.4935991275875318,0.23108170411503312,0.4807095839641988,0.15045694815053365,0.3782006505643949,0.2544022135921007,0.5015576432442999,0.0373878499557232,0.039289338915955783,0.06109244624773661,0.404324471950531,0.501151442527771,0.3676188290119171,0.5142495036125183,0.3782006505643949,0.43778970977291465,0.4376836869632825,0.46902543446049094,0.5160582292592153,0.5430885567329824,0.508444182923995,0.5220614089630544,0.4846587259089574,0.489016683306545,0.4582051861798391,0.4124629213474691,0.47638875315897167,0.4523643567226827,0.5009670867584646,0.44970169803127646,0.4571035369299352,0.5802621855400503,0.47166377305984497,0.42639029539864637,0.0452734776611986,0.48315122723579407,0.43546533584594727,0.47856225570042926,0.4250929057598114,0.47166377305984497,0.42070746421813965,0.4502253085374832,0.42007848620414734,0.44348131865262985,0.4301466941833496,0.43552396446466446,0.4283967912197113,0.4292304888367653,0.41642120480537415,0.429082952439785,0.4191458225250244,0.4251103848218918,0.4191758334636688,0.42497026920318604,0.4249163866043091,0.4229145720601082,0.4250936210155487
975428833,qlstm,extrapolation,early,2000156,62,0,62,61,0,0.02115093182000218,0.1263761515578916,0.0221780539219516,0.14892297983169556,,,0.02115093182000218,0.1263761515578916,0.03536042913061674,0.03536042913061674,,,,,,,,,,,,,,,,,,,,,,,,,0.4301031289562102,,,,,,,,,,,,,,,,,,,,,,,
975428833,qlstm,extrapolation,early,2000157,62,1,61,60,1,0.06184484618510828,0.241408983065236,0.06381873736673871,0.25262370705604553,0.09594393052816486,0.30974817276000977,0.06128584480243522,0.24028866848007577,0.02624912013610204,0.026286895418989247,0.051367759704589844,0.3861709237098694,0.3861709237098694,0.3365999460220337,0.3365999460220337,0.30974817276000977,0.30974817276000977,0.24325743317604065,0.24325743317604065,0.1942269206047058,0.1942269206047058,0.1649283468723297,0.1649283468723297,0.15181386470794678,0.15181386470794678,0.14555028080940247,0.14555028080940247,0.1616777777671814,0.1616777777671814,0.282090961933136,0.282090961933136,0.3074144124984741,0.3074144124984741,0.44831791520118713,0.4297572193575687,0.018560695843618413,0.4723246991634369,0.4723246991634369,0.4545544385910034,0.4545544385910034,0.44831791520118713,0.44831791520118713,0.43719378113746643,0.43719378113746643,0.43255162239074707,0.43255162239074707,0.4366101026535034,0.4366101026535034,0.42584919929504395,0.42584919929504395,0.4186522960662842,0.4186522960662842,0.4270058870315552,0.4270058870315552,0.422894686460495,0.422894686460495,0.4266974627971649,0.4266974627971649
975428833,qlstm,extrapolation,early,2000158,62,2,60,59,2,0.0974844775501079,0.30873100291336736,0.06478517079598434,0.25452931225299835,0.054237628014369155,0.22751586884260178,0.09892603920129919,0.31143817404905955,0.026396147780499216,0.022688124775886536,0.04667912423610687,0.28190866112709045,0.28190866112709045,0.31477607786655426,0.3395611047744751,0.22751586884260178,0.2772567719221115,0.24630778282880783,0.25304244458675385,0.26811959594488144,0.23990826308727264,0.2990734204649925,0.2522929459810257,0.2933329865336418,0.26029618084430695,0.2695881947875023,0.3239126652479172,0.304100938141346,0.3262932151556015,0.29458312690258026,0.3492579907178879,0.32624053955078125,0.3285684138536453,0.4587142616510391,0.4303315386176109,0.028382723033428203,0.430320143699646,0.430320143699646,0.47506287693977356,0.42870426177978516,0.4587142616510391,0.43218541145324707,0.437592014670372,0.41757988929748535,0.4338490664958954,0.4216161072254181,0.43491406738758087,0.4291691780090332,0.42896661162376404,0.42297378182411194,0.4334505647420883,0.43078482151031494,0.4277057498693466,0.42509135603904724,0.42336970567703247,0.42512330412864685,0.43134890496730804,0.43191298842430115
975428833,qlstm,extrapolation,early,2000159,62,4,58,58,3,0.09128725022993933,0.29585591030697667,0.1059133690656664,0.3254433423280716,0.08229789152488076,0.2765039652585983,0.091907206002702,0.29719052720686484,0.029977164391813606,0.030639480460773815,0.025353888670603435,0.2971283197402954,0.22888028621673584,0.31984030703703564,0.2565998435020447,0.2765039652585983,0.1855389028787613,0.2581498697400093,0.24138851463794708,0.24605309590697289,0.30166585743427277,0.24596906825900078,0.2622857838869095,0.23798561841249466,0.28092344105243683,0.24836372584104538,0.2648616284132004,0.2686849981546402,0.2298649102449417,0.22614478319883347,0.17277677357196808,0.199806347489357,0.24131478369235992,0.4749826192855835,0.42608756083866645,0.04889505844691705,0.4852313697338104,0.4424968957901001,0.48003389437993366,0.42544177174568176,0.4749826192855835,0.428852915763855,0.45345230400562286,0.42537644505500793,0.44406305253505707,0.43201661109924316,0.433950811624527,0.4225435256958008,0.42989759147167206,0.4227987825870514,0.42741765081882477,0.423424631357193,0.42595888674259186,0.4264766275882721,0.42434078454971313,0.42532214522361755,0.42505937814712524,0.42367926239967346
975428833,qlstm,extrapolation,early,2000160,62,2,60,59,2,0.13379041280229534,0.3536721655438023,0.17929452610607743,0.4234318435192108,0.055831329084572445,0.2217317819595337,0.13638904892621942,0.3580701783299446,0.032108120493969675,0.031545850413816946,0.041398584842681885,0.13312917947769165,0.13312917947769165,0.19812768697738647,0.10611695051193237,0.2217317819595337,0.30337947607040405,0.18088966608047485,0.2847828269004822,0.23295459151268005,0.324101984500885,0.23267444968223572,0.3458770513534546,0.24909716844558716,0.36506515741348267,0.3157655596733093,0.3281516432762146,0.3555571287870407,0.3870122730731964,0.36086590588092804,0.3935801684856415,0.3403405249118805,0.30951255559921265,0.4528266489505768,0.42997764199972155,0.022849006950855233,0.4325691759586334,0.4325691759586334,0.4819440245628357,0.436586856842041,0.4528266489505768,0.42873790860176086,0.4447055160999298,0.4289826452732086,0.4334002584218979,0.4275970160961151,0.4330238252878189,0.4317737817764282,0.4301183223724365,0.4276674687862396,0.4258168637752533,0.4228958189487457,0.42991694808006287,0.4322368800640106,0.42516300082206726,0.4274301826953888,0.4251161813735962,0.42870232462882996
975428833,qlstm,extrapolation,early,2000161,62,2,60,59,2,0.11078705195674467,0.3264973841367229,0.1637346543771514,0.40464138984680176,0.09116846296722025,0.3017795532941818,0.11144100492306214,0.3273213118314743,0.03206649321620747,0.03081530028459977,0.03691922128200531,0.2777951993048191,0.2475752830505371,0.28097622469067574,0.27495357394218445,0.3017795532941818,0.291902095079422,0.2530577927827835,0.2798113524913788,0.25457482039928436,0.30023911595344543,0.2780241221189499,0.3344631493091583,0.26180219650268555,0.35288572311401367,0.32816118001937866,0.4087470769882202,0.3322957903146744,0.37268948554992676,0.3287583589553833,0.30463099479675293,0.3656507134437561,0.35861194133758545,0.4299861490726471,0.4307558134198189,-0.0007696643471717945,0.44703157246112823,0.43484222888946533,0.43260350823402405,0.42022261023521423,0.4299861490726471,0.42444053292274475,0.43342459201812744,0.4275083839893341,0.43236881494522095,0.4290400743484497,0.4259946942329407,0.41846105456352234,0.4293639659881592,0.42659011483192444,0.42880719900131226,0.4227721691131592,0.42641961574554443,0.4283986985683441,0.4241717606782913,0.4217534065246582,0.426424965262413,0.42445123195648193
975428833,qlstm,extrapolation,early,2000162,62,1,61,60,1,0.2611609383621997,0.5012212241849592,0.19271342101777478,0.43899136781692505,0.2361006488291686,0.4859018921852112,0.26157176278077404,0.5014723607751189,0.023923703034718833,0.02394877322788896,0.10176551342010498,0.11432772874832153,0.11432772874832153,0.12590980529785156,0.12590980529785156,0.4859018921852112,0.4859018921852112,0.4498561918735504,0.4498561918735504,0.43434542417526245,0.43434542417526245,0.470179945230484,0.470179945230484,0.4890894591808319,0.4890894591808319,0.5288199782371521,0.5288199782371521,0.495016872882843,0.495016872882843,0.5702933371067047,0.5702933371067047,0.5586500763893127,0.5586500763893127,0.45038947463035583,0.429219407136323,0.02117006749403283,0.4812432825565338,0.4812432825565338,0.4574885368347168,0.4574885368347168,0.45038947463035583,0.45038947463035583,0.43613481521606445,0.43613481521606445,0.44069361686706543,0.44069361686706543,0.4305621087551117,0.4305621087551117,0.4263439178466797,0.4263439178466797,0.4177722930908203,0.4177722930908203,0.42309024930000305,0.42309024930000305,0.4263252913951874,0.4263252913951874,0.42693057656288147,0.42693057656288147
975428833,qlstm,extrapolation,early,2000163,62,3,59,58,3,0.2130244961771969,0.4364893470079668,0.3123544510069829,0.5588867962360382,0.10593766435638734,0.3019004960854848,0.2184695893206279,0.4433328479023303,0.029713873719346934,0.029170919830600422,0.04921182990074158,0.23087641596794128,0.16252455115318298,0.17717311779658,0.08115193247795105,0.3019004960854848,0.44593292474746704,0.29577245314915973,0.4395958185195923,0.26615312695503235,0.4732706546783447,0.22668001055717468,0.4320480227470398,0.22830860813458762,0.40175503492355347,0.24552568793296814,0.4808899760246277,0.23214303453763327,0.47997409105300903,0.44433607657750446,0.4550272822380066,0.48061678806940716,0.578586220741272,0.45052869121233624,0.429616797778566,0.020911893433770257,0.4454592764377594,0.4303518235683441,0.46765504280726117,0.4237314462661743,0.45052869121233624,0.4287668764591217,0.4430640637874603,0.4316769540309906,0.4379233121871948,0.43093761801719666,0.43537162741025287,0.430635541677475,0.42894505461057025,0.4272806644439697,0.4265165825684865,0.41896000504493713,0.4253892203172048,0.4276050627231598,0.42965538303057355,0.4295637309551239,0.424375722805659,0.4242444932460785
975428833,qlstm,extrapolation,early,2000164,62,1,61,60,1,0.18219567168912723,0.4171780261301225,0.12737993341946563,0.3569032549858093,0.1126000495403936,0.33555930852890015,0.18333658352763105,0.418516037894077,0.026747392614682515,0.027098320298275705,0.06315997242927551,0.03327834606170654,0.03327834606170654,0.03932100534439087,0.03932100534439087,0.33555930852890015,0.33555930852890015,0.39251798391342163,0.39251798391342163,0.4542083144187927,0.4542083144187927,0.501116931438446,0.501116931438446,0.44741177558898926,0.44741177558898926,0.45762917399406433,0.45762917399406433,0.5030107796192169,0.5030107796192169,0.4682307541370392,0.4682307541370392,0.4814099669456482,0.4814099669456482,0.45235562324523926,0.4281789049750469,0.024176718270192354,0.5307208895683289,0.5307208895683289,0.476133793592453,0.476133793592453,0.45235562324523926,0.45235562324523926,0.4477786123752594,0.4477786123752594,0.4450051784515381,0.4450051784515381,0.4361579120159149,0.4361579120159149,0.4246633052825928,0.4246633052825928,0.4291045665740967,0.4291045665740967,0.4262605905532837,0.4262605905532837,0.4242042303085327,0.4242042303085327,0.41892972588539124,0.41892972588539124
975428833,qlstm,extrapolation,early,2000165,62,3,59,59,2,0.12114241833987092,0.3200440421219795,0.13087634984698582,0.36176836490631104,0.09842447050221874,0.27138106028238934,0.12229756822992104,0.3225184310290773,0.027615145101385602,0.025933129092057545,0.04258906841278076,0.22240594029426575,0.01401442289352417,0.2381887435913086,0.02117455005645752,0.27138106028238934,0.32622766494750977,0.2651410202185313,0.3328232169151306,0.1362658441066742,0.327335000038147,0.13849239548047385,0.36049169301986694,0.15591504176457724,0.4143417775630951,0.17220446467399597,0.4082548916339874,0.16178110241889954,0.38656455278396606,0.23617765307426453,0.35453519225120544,0.4077240029970805,0.41759032011032104,0.4740951359272003,0.4285592350919368,0.04553590083526354,0.48105157911777496,0.43239662051200867,0.4557155817747116,0.4267740249633789,0.4740951359272003,0.4324505627155304,0.451986958583196,0.42292264103889465,0.442195604244868,0.4274756908416748,0.4405804971853892,0.43103209137916565,0.4281146029631297,0.4184103310108185,0.4282731314500173,0.4275568425655365,0.42913949489593506,0.4289597272872925,0.4263731737931569,0.42942285537719727,0.4280335207780202,0.427744060754776
975428833,qlstm,extrapolation,early,2000166,62,2,60,59,2,0.08349188761134159,0.2816841840263336,0.17297969490602227,0.4159082770347595,0.07644516335071616,0.27312232553958893,0.0837267784200291,0.28196957930922506,0.03030058135420589,0.027855645637122953,0.05026446282863617,0.39597785472869873,0.39597785472869873,0.27051856368780136,0.36107927560806274,0.27312232553958893,0.23011815547943115,0.2127869576215744,0.19315460324287415,0.19910487532615662,0.16348427534103394,0.17204877734184265,0.17969375848770142,0.20097266137599945,0.18276849389076233,0.28697192668914795,0.23247244954109192,0.33118651807308197,0.2784513831138611,0.21110406517982483,0.2290535271167755,0.20121191442012787,0.22668194770812988,0.45771655440330505,0.4296340192357699,0.028082535167535172,0.42819294333457947,0.42819294333457947,0.47462691366672516,0.42713573575019836,0.45771655440330505,0.43202731013298035,0.44205711781978607,0.42468535900115967,0.4345543533563614,0.4254714250564575,0.4352070242166519,0.42977213859558105,0.4320671707391739,0.42291295528411865,0.4222371280193329,0.4260841906070709,0.426871657371521,0.4298776090145111,0.42485368251800537,0.4250220060348511,0.4251941740512848,0.4244488775730133
975428833,qlstm,extrapolation,early,2000167,62,5,57,57,4,0.10401877468020801,0.3149748954080766,0.08148063717294818,0.2854481339454651,0.08479881262057062,0.27602276802062986,0.10570473626438673,0.3183917486876772,0.035863301210236134,0.03373099134323445,0.055239543318748474,0.2865409553050995,0.14401480555534363,0.27378109097480774,0.14892578125,0.27602276802062986,0.36173611879348755,0.27107471227645874,0.3707565665245056,0.3302385449409485,0.40188056230545044,0.33383430242538453,0.33283984661102295,0.28625897169113157,0.2630916237831116,0.20249586701393127,0.24342697858810425,0.28498029708862305,0.3379964232444763,0.24531462788581848,0.30880481004714966,0.3226629853248596,0.2775064706802368,0.4630366563796997,0.4276786216518335,0.035358034727866194,0.4656580487887065,0.43406808376312256,0.46466726809740067,0.42208290100097656,0.4630366563796997,0.4217880070209503,0.4512463748455048,0.42720913887023926,0.4424575328826904,0.4293372333049774,0.435790878534317,0.42743298411369324,0.43216984868049624,0.42819663882255554,0.43204140067100527,0.43213406205177307,0.42627333998680117,0.42872169613838196,0.4265310525894165,0.42651963233947754,0.42711607217788694,0.42189180850982666
975428833,qlstm,extrapolation,early,2000168,62,0,62,61,0,0.009014760136628143,0.07826135139311513,0.004383894558998236,0.06621098518371582,,,0.009014760136628143,0.07826135139311513,0.03364245911113552,0.03364245911113552,,,,,,,,,,,,,,,,,,,,,,,,,0.42983512580394745,,,,,,,,,,,,,,,,,,,,,,,
975428833,qlstm,extrapolation,early,2000169,62,5,57,57,4,0.08970693335157517,0.29551045163985223,0.030337063576567402,0.17417538166046143,0.0769964839241469,0.27097766995429995,0.09082188505573555,0.2976624500333217,0.025813374603003786,0.025171435796297513,0.04310782253742218,0.33910201986630756,0.36310088634490967,0.29185014218091965,0.37869101762771606,0.27097766995429995,0.2250272035598755,0.311056387424469,0.27383118867874146,0.33315691351890564,0.24830502271652222,0.3436644971370697,0.2820417881011963,0.3091832995414734,0.2766121029853821,0.32020277976989747,0.2383020520210266,0.2795688629150391,0.24368280172348022,0.2638973295688629,0.22985953092575073,0.24495691061019897,0.2798730731010437,0.4649280607700348,0.4271795367985441,0.0377485239714907,0.4693927963574727,0.4321649372577667,0.46793682873249054,0.4296228885650635,0.4649280607700348,0.4309644401073456,0.4505338728427887,0.43357083201408386,0.4414822459220886,0.4303427040576935,0.4366789937019348,0.42875686287879944,0.43109086751937864,0.41759923100471497,0.42938612699508666,0.4213886260986328,0.42726590633392336,0.4245721399784088,0.4265925884246826,0.4333341419696808,0.4279911458492279,0.4304211139678955
975428833,qlstm,extrapolation,early,2000170,62,2,60,60,1,0.23240392371385596,0.4733243692786463,0.253140685406664,0.5031308829784393,0.1423557181839944,0.35537802428007126,0.23540553056485133,0.47725591411193213,0.02524475852648417,0.025414114019700458,0.07052123546600342,0.20465971529483795,0.20465971529483795,0.17758621275424957,0.17758621275424957,0.35537802428007126,0.48211467266082764,0.30577247589826584,0.38375943899154663,0.29713787883520126,0.34627026319503784,0.29475490003824234,0.38485008478164673,0.310232974588871,0.44287973642349243,0.41584035754203796,0.4479212760925293,0.4424644559621811,0.5000788271427155,0.47723159193992615,0.48912572860717773,0.5195681750774384,0.5235621631145477,0.47915858030319214,0.4285195837418238,0.05063899656136833,0.4470296800136566,0.4470296800136566,0.43367549777030945,0.43367549777030945,0.47915858030319214,0.43193650245666504,0.4576014429330826,0.43606269359588623,0.44606027007102966,0.42990460991859436,0.4385954588651657,0.4301612377166748,0.43387673795223236,0.4340779781341553,0.4318794161081314,0.4276961386203766,0.4294779896736145,0.4287947416305542,0.4277249872684479,0.4319033920764923,0.42272746562957764,0.4165376126766205
975428833,qlstm,extrapolation,early,2000171,62,1,61,60,1,0.16038610266238235,0.3930143843735418,0.1518890133384696,0.38972941040992737,0.12427181348656191,0.352522075176239,0.16097814018985482,0.39367819272103854,0.023116067548592887,0.023116067548592887,0.06776255369186401,,,0.07433536648750305,0.07433536648750305,0.352522075176239,0.352522075176239,0.33316606283187866,0.33316606283187866,0.35942500829696655,0.35942500829696655,0.28925079107284546,0.28925079107284546,0.3160485625267029,0.3160485625267029,0.357835054397583,0.357835054397583,0.3780953288078308,0.3780953288078308,0.425392746925354,0.425392746925354,0.462825745344162,0.462825745344162,0.4824615716934204,0.4295005348862195,0.052961036807200934,,,0.5250025391578674,0.5250025391578674,0.4824615716934204,0.4824615716934204,0.46190550923347473,0.46190550923347473,0.44834160804748535,0.44834160804748535,0.443593829870224,0.443593829870224,0.4358329772949219,0.4358329772949219,0.42308509349823,0.42308509349823,0.43387481570243835,0.43387481570243835,0.41978612542152405,0.41978612542152405,0.42642804980278015,0.42642804980278015
975428833,qlstm,extrapolation,early,2000172,62,4,58,58,3,0.07085653229098542,0.23933172478310524,0.06586506205306453,0.2566418945789337,0.08435281357209225,0.2496649269014597,0.06992575427159874,0.2386190901542532,0.028465803841064716,0.028590143995082126,0.03772929310798645,0.40762466564774513,0.4463549554347992,0.3000926896929741,0.46596166491508484,0.2496649269014597,0.1446826159954071,0.2717132866382599,0.1319810450077057,0.39532317221164703,0.19901302456855774,0.41182053834199905,0.20303109288215637,0.41643642634153366,0.2713299095630646,0.38074422627687454,0.2012329399585724,0.36379145830869675,0.15016582608222961,0.3031301721930504,0.1555214524269104,0.22701701521873474,0.23469403386116028,0.4736134856939316,0.42749301472614554,0.04612047096778604,0.47762177884578705,0.4296781122684479,0.47913477818171185,0.4283767640590668,0.4736134856939316,0.4319935739040375,0.44928834587335587,0.419829398393631,0.43835947662591934,0.42059239745140076,0.43537308275699615,0.4268331527709961,0.4335901439189911,0.4298466742038727,0.4316835030913353,0.4305849075317383,0.4299560561776161,0.429101824760437,0.42984386533498764,0.42932701110839844,0.4266204163432121,0.429209440946579
975428833,qlstm,extrapolation,early,2000173,62,1,61,61,0,0.13944128002040868,0.3682363225567725,0.1283535842867991,0.358264684677124,0.10639322462162681,0.32617974281311035,0.13998305142038872,0.36892577468371784,0.030326706464173365,0.030326706464173365,,,,,,0.32617974281311035,0.32617974281311035,0.4058472514152527,0.4058472514152527,0.46451300382614136,0.46451300382614136,0.5130201280117035,0.5130201280117035,0.47589409351348877,0.47589409351348877,0.5025335252285004,0.5025335252285004,0.39237526059150696,0.39237526059150696,0.39510083198547363,0.39510083198547363,0.37041765451431274,0.37041765451431274,0.5325756669044495,0.4290188941799226,0.10355677272452685,,,,,0.5325756669044495,0.5325756669044495,0.4848489463329315,0.4848489463329315,0.46088501811027527,0.46088501811027527,0.4459824562072754,0.4459824562072754,0.4436976909637451,0.4436976909637451,0.4229273796081543,0.4229273796081543,0.4272480010986328,0.4272480010986328,0.4195845425128937,0.4195845425128937,0.42915114760398865,0.42915114760398865
975428833,qlstm,extrapolation,early,2000174,62,2,60,60,1,0.17908039652245306,0.41567470454761096,0.12719174807925776,0.35663952119648457,0.13888409718113684,0.3658909434452653,0.18042027316716366,0.4173341632510225,0.02715153048435847,0.024744540452957153,0.05500784516334534,0.25071847438812256,0.25071847438812256,0.27300822734832764,0.27300822734832764,0.3658909434452653,0.43665756471455097,0.2999805146828294,0.3847136963158846,0.32263141218572855,0.3959685433655977,0.3854439789429307,0.46815394051373005,0.41710389498621225,0.4788908530026674,0.3586241686716676,0.40407569892704487,0.3427208447828889,0.40893580205738544,0.4330549705773592,0.4813962448388338,0.4671295899897814,0.48667012341320515,0.47904039919376373,0.4300190309683482,0.04902136822541553,0.42977699637413025,0.42977699637413025,0.43418750166893005,0.43418750166893005,0.47904039919376373,0.43299272656440735,0.44737911224365234,0.42048823833465576,0.4419834017753601,0.4248211681842804,0.4397675693035126,0.43215546011924744,0.43279363214969635,0.426408052444458,0.428428515791893,0.4262629747390747,0.4300275295972824,0.42733272910118103,0.427050843834877,0.43361344933509827,0.43065182864665985,0.4275434911251068
975428833,qlstm,extrapolation,early,2000175,62,5,57,57,4,0.16850069367492154,0.40333673165690515,0.14841230574398878,0.38524317741394043,0.09348150391887237,0.29032928943634034,0.17508132435527676,0.4132496651850249,0.0330824543509567,0.03357258226190295,0.053313009440898895,0.2227682868639628,0.1707800328731537,0.2734098806977272,0.1764153242111206,0.29032928943634034,0.36364221572875977,0.27188661098480227,0.3989710211753845,0.3050995409488678,0.39496076107025146,0.29535427689552307,0.3669627904891968,0.339445960521698,0.36324048042297363,0.38106695413589475,0.3811997175216675,0.3623412370681763,0.3313918113708496,0.3308087229728699,0.3933449387550354,0.38895306587219236,0.32948416471481323,0.4676732301712036,0.4265585416241696,0.041114688547033984,0.4851513107617696,0.4472183287143707,0.4762387052178383,0.4423300325870514,0.4676732301712036,0.4285230338573456,0.45048682689666747,0.43167316913604736,0.4408635675907135,0.43185725808143616,0.43656024932861326,0.43305668234825134,0.4328214228153229,0.4297236204147339,0.4316508054733276,0.43194329738616943,0.42900636196136477,0.42420780658721924,0.4227923393249512,0.42314228415489197,0.42610098123550416,0.43049290776252747
975428833,qlstm,extrapolation,early,2000176,62,2,60,60,1,0.13342723890364871,0.3583325150032197,0.12845748300099324,0.35840965807437897,0.10488150032370591,0.3213115856051445,0.13437876352298014,0.35956654598315557,0.031320391098658244,0.03000452286667294,0.03218501806259155,0.43868058919906616,0.43868058919906616,0.46631887555122375,0.46631887555122375,0.3213115856051445,0.2808101624250412,0.352122999727726,0.25586794316768646,0.35339315980672836,0.23463277518749237,0.41126593202352524,0.30661459267139435,0.40790196508169174,0.3520918935537338,0.45750265568494797,0.4486864358186722,0.33839574456214905,0.42092354595661163,0.37257184088230133,0.33728523552417755,0.3192298114299774,0.23754559457302094,0.47977881133556366,0.4299389854073524,0.049839825928211234,0.4366885721683502,0.4366885721683502,0.4323483407497406,0.4323483407497406,0.47977881133556366,0.4355478584766388,0.4495759755373001,0.4214637577533722,0.44233538210392,0.4262547791004181,0.43482835590839386,0.428612619638443,0.43253563344478607,0.4276396930217743,0.4317110776901245,0.4310738146305084,0.4246697574853897,0.4278757572174072,0.42504896223545074,0.4182089865207672,0.4234323352575302,0.42298194766044617
975428833,qlstm,extrapolation,early,2000177,62,0,62,61,0,0.15812962298865885,0.39389086202267676,0.1403072038700124,0.37457603216171265,,,0.15812962298865885,0.39389086202267676,0.024588213592279154,0.024588213592279154,,,,,,,,,,,,,,,,,,,,,,,,,0.4305949908110403,,,,,,,,,,,,,,,,,,,,,,,
975428833,qlstm,extrapolation,early,2000178,62,3,59,59,2,0.06905401445048459,0.2547366080745574,0.025659714576321768,0.1601864993572235,0.04175944816172953,0.198103666305542,0.07044187375330264,0.2576162491814565,0.029578938827676288,0.029771977438116975,0.03497156500816345,0.2716492861509323,0.2612527310848236,0.3084058463573456,0.2944317162036896,0.198103666305542,0.14474189281463623,0.20720473925272623,0.1415141224861145,0.22849430640538534,0.12416285276412964,0.19673197468121847,0.14460575580596924,0.21086074908574423,0.1400962769985199,0.21440748373667398,0.24045559763908386,0.18109642465909323,0.2539416253566742,0.24745485186576843,0.3064017593860626,0.24742489059766135,0.2267402708530426,0.4693000117937724,0.42772843928660376,0.04157157250716864,0.45139266550540924,0.4305732548236847,0.439596951007843,0.4280490577220917,0.4693000117937724,0.4317795932292938,0.44425729910532635,0.42546430230140686,0.43414438764254254,0.42639413475990295,0.4347903827826182,0.4261217415332794,0.43066559235254925,0.4288522005081177,0.42920615275700885,0.43158090114593506,0.4271582067012787,0.4235732853412628,0.42836283644040424,0.42731425166130066,0.42337701718012494,0.423705130815506
975428833,qlstm,extrapolation,early,2000179,62,2,60,60,1,0.07850427476456141,0.2701113843809693,0.09936236974681378,0.3152179718017578,0.1356419397743367,0.36554712522774935,0.07659968593090223,0.26693019301940996,0.03571871568759282,0.035891800605017565,0.05436071753501892,0.43494085408747196,0.43494085408747196,0.39802239276468754,0.39802239276468754,0.36554712522774935,0.3206334412097931,0.3973974036052823,0.35985395312309265,0.363434006460011,0.3288456201553345,0.3278023898601532,0.3349713385105133,0.34113775193691254,0.3224215507507324,0.31393130123615265,0.292891263961792,0.2742016911506653,0.2177966833114624,0.21822428703308105,0.23243427276611328,0.23978260159492493,0.22253656387329102,0.4912327080965042,0.42862227708101275,0.06261043101549146,0.476776123046875,0.476776123046875,0.4597876965999603,0.4597876965999603,0.4912327080965042,0.44977691769599915,0.4577358514070511,0.4386955797672272,0.44280797243118286,0.4258282482624054,0.4388655722141266,0.42795422673225403,0.43547840416431427,0.43226122856140137,0.42623187601566315,0.42450952529907227,0.4259883910417557,0.42416253685951233,0.42434877157211304,0.4289208650588989,0.4254476875066757,0.42744144797325134
975428833,qlstm,extrapolation,early,2000180,62,4,58,58,3,0.12502110259744262,0.3364060126966046,0.16922682919195964,0.4113718867301941,0.06030171452390243,0.2280832752585411,0.12948450867147987,0.3438765463130227,0.030181396624137616,0.02929208055138588,0.043020288149515785,0.211565300822258,0.14610734581947327,0.25143375992774963,0.1585216224193573,0.2280832752585411,0.28161001205444336,0.21838180720806122,0.25658392906188965,0.2517029941082001,0.30520904064178467,0.22577518224716187,0.37318724393844604,0.15335021167993546,0.39704033732414246,0.1819545403122902,0.3820182979106903,0.20173444598913193,0.4518400728702545,0.29293370991945267,0.35841596126556396,0.4124482274055481,0.46434149146080017,0.4654502272605896,0.42736372608562995,0.03808650117495965,0.44347715377807617,0.4250251352787018,0.4673186441262563,0.4300212860107422,0.4654502272605896,0.4229559600353241,0.4520993158221245,0.4303893744945526,0.44031117111444473,0.4295557737350464,0.4337333142757416,0.4274667501449585,0.43144895881414413,0.4213675558567047,0.4258963465690613,0.42236843705177307,0.42931655049324036,0.42507827281951904,0.4262325018644333,0.4244860112667084,0.4239959940314293,0.42337021231651306
975428833,qlstm,extrapolation,early,2000181,62,5,57,56,5,0.039083539938557864,0.18849659098252172,0.011743631905133611,0.10836803913116455,0.09237610106513146,0.2937235563993454,0.03440875387482334,0.17926615541964247,0.026324491947889328,0.026923298835754395,0.03501375913619995,0.2828560434281826,0.4049332067370415,0.28160730600357053,0.3919282481074333,0.2937235563993454,0.20012760162353516,0.30702176988124846,0.193839430809021,0.28496185690164566,0.11597967147827148,0.2507785066962242,0.1272602677345276,0.21692533940076827,0.1697467863559723,0.14452822804450988,0.10952681303024292,0.13696368932723998,0.18415752053260803,0.14782108664512633,0.12028253078460693,0.18120375275611877,0.25680360198020935,0.4437551379203796,0.4277560878218266,0.015999050098553014,0.45335903018713,0.43090614676475525,0.4567896366119385,0.42759060859680176,0.4437551379203796,0.4291210174560547,0.435246741771698,0.4273037910461426,0.4341381549835205,0.4323410987854004,0.42899794578552247,0.4276484549045563,0.42953134775161744,0.42798468470573425,0.4288536846637726,0.4271731674671173,0.4267976701259613,0.4163998067378998,0.42480344176292417,0.4304128587245941,0.4217645704746246,0.41480720043182373
975428833,qlstm,extrapolation,early,2000182,62,2,60,60,1,0.008995422982219357,0.0649221001132842,0.0023150345962230645,0.04811480641365051,0.07053956273367357,0.20458923280239105,0.006943951657170885,0.060266529023647306,0.033049004276593526,0.03170434359846444,0.03722739219665527,0.29109740257263184,0.29109740257263184,0.3523339033126831,0.3523339033126831,0.20458923280239105,0.035229235887527466,0.1475667655467987,0.004036128520965576,0.20102132856845856,0.04970875382423401,0.040900617837905884,0.0465719997882843,0.01679222285747528,0.029548317193984985,0.06212666630744934,0.07768133282661438,0.09003546833992004,0.13323941826820374,0.04323263466358185,0.014276862144470215,0.03891514241695404,0.059389710426330566,0.48677314817905426,0.4282592962185542,0.058513851960500074,0.4817849099636078,0.4817849099636078,0.4671471118927002,0.4671471118927002,0.48677314817905426,0.4420044720172882,0.4612516164779663,0.44071832299232483,0.4479558914899826,0.428764671087265,0.4367681294679642,0.43153178691864014,0.43698954582214355,0.4332607686519623,0.4327719658613205,0.43401214480400085,0.43153515458106995,0.4333512485027313,0.42679309844970703,0.42271313071250916,0.4241305887699127,0.417321115732193
975428833,qlstm,extrapolation,early,2000183,62,1,61,60,1,0.19219002204177016,0.4241931717241964,0.25901486911255134,0.5089350342750549,0.17719664058182616,0.4209473133087158,0.19243581518045777,0.4242463825178928,0.027264122168223062,0.02583588529051396,0.05172550678253174,0.018925607204437256,0.018925607204437256,0.024888157844543457,0.024888157844543457,0.4209473133087158,0.4209473133087158,0.4446449279785156,0.4446449279785156,0.4462517201900482,0.4462517201900482,0.41691169142723083,0.41691169142723083,0.3840494155883789,0.3840494155883789,0.4264705777168274,0.4264705777168274,0.37304431200027466,0.37304431200027466,0.39108768105506897,0.39108768105506897,0.4281773567199707,0.4281773567199707,0.44426217675209045,0.431534330375859,0.012727846376231478,0.46169352531433105,0.46169352531433105,0.44571688771247864,0.44571688771247864,0.44426217675209045,0.44426217675209045,0.42781269550323486,0.42781269550323486,0.4257020652294159,0.4257020652294159,0.4261474311351776,0.4261474311351776,0.43135032057762146,0.43135032057762146,0.42779541015625,0.42779541015625,0.4275388717651367,0.4275388717651367,0.42735886573791504,0.42735886573791504,0.4274408519268036,0.4274408519268036
975428833,qlstm,extrapolation,early,2000184,62,2,60,59,2,0.2105817662007127,0.4442988962776238,0.20651720464401335,0.4544416405260563,0.08609247538664855,0.2804396916180849,0.21473140922784817,0.4497608697662751,0.0342489910327782,0.03196473971561149,0.04034315049648285,0.18806898593902588,0.18806898593902588,0.2403808757662773,0.23382946848869324,0.2804396916180849,0.3667302168905735,0.24352236278355122,0.38429370895028114,0.2159958053380251,0.3652995564043522,0.2716173995286226,0.39785388484597206,0.28914343006908894,0.390217874199152,0.40143539384007454,0.4361405707895756,0.46628862991929054,0.5672777034342289,0.4626565910875797,0.4891726113855839,0.5354212857782841,0.5440016128122807,0.44935889542102814,0.4298343872030576,0.019524508217970526,0.43990013003349304,0.43990013003349304,0.478095605969429,0.4269307553768158,0.44935889542102814,0.42552947998046875,0.4451053738594055,0.4311065971851349,0.4381663203239441,0.4242362082004547,0.431392565369606,0.42487847805023193,0.4295606017112732,0.41922107338905334,0.4252667874097824,0.42500409483909607,0.42899908125400543,0.43376195430755615,0.4265401363372803,0.4280761778354645,0.4209737479686737,0.4204815924167633
975428833,qlstm,extrapolation,early,2000185,62,2,60,60,1,0.05957821607271628,0.23211593541406816,0.07150671088692295,0.2674073874950409,0.0639971481300372,0.23637385666370392,0.05943091833747225,0.23197400470574697,0.032797019183635714,0.03495543965926537,0.013494282960891724,0.41669511795043945,0.41669511795043945,0.4309656322002411,0.4309656322002411,0.23637385666370392,0.1462375819683075,0.24800071120262146,0.17164009809494019,0.2595590054988861,0.19720858335494995,0.23785966634750366,0.17164897918701172,0.21732480823993683,0.13098087906837463,0.2625650316476822,0.15122666954994202,0.32118992507457733,0.21141421794891357,0.13554130494594574,0.09943363070487976,0.24298256635665894,0.2432953417301178,0.47907133400440216,0.42741803725560507,0.051653296748797095,0.4140187203884125,0.4140187203884125,0.42420804500579834,0.42420804500579834,0.47907133400440216,0.4269131124019623,0.45288562774658203,0.42389917373657227,0.4399704337120056,0.4275682270526886,0.4363418072462082,0.4263312518596649,0.4344337731599808,0.4287755787372589,0.42454490065574646,0.4242476522922516,0.424140527844429,0.4240730106830597,0.42341433465480804,0.42049741744995117,0.4285411238670349,0.4255267381668091
975428833,qlstm,extrapolation,early,2000186,62,2,60,59,2,0.012111886820018807,0.0795077758450662,0.0377481108464508,0.1942887306213379,0.079266364509325,0.2463216632604599,0.009873404230375268,0.07394731293121974,0.02547152466693167,0.02577654936096885,0.04785442352294922,0.2542031705379486,0.3826741576194763,0.22948046028614044,0.3854854702949524,0.2463216632604599,0.10996916890144348,0.2582215964794159,0.1309577226638794,0.13943909108638763,0.1689090132713318,0.15658122301101685,0.1822047233581543,0.15323814749717712,0.13756728172302246,0.10647332668304443,0.0753793716430664,0.07518905401229858,0.07499873638153076,0.07778769731521606,0.09966230392456055,0.01797446608543396,0.005240350961685181,0.4343477338552475,0.43007253209749857,0.004275201757748925,0.452104777097702,0.4430292546749115,0.44132381677627563,0.43419185280799866,0.4343477338552475,0.4256662130355835,0.4322361499071121,0.4302804470062256,0.42673999071121216,0.4278137683868408,0.43125908076763153,0.4322377145290375,0.42404307425022125,0.4202723801136017,0.4246470332145691,0.4290216863155365,0.42786507308483124,0.426708459854126,0.4244946837425232,0.4192039966583252,0.42593736946582794,0.4236200153827667
975428833,qlstm,extrapolation,early,2000187,62,2,60,59,2,0.17753414171699303,0.39522523126534875,0.19495879458433463,0.4415413849055767,0.08078280969136203,0.24149968288838863,0.1807591861178474,0.4003494162112474,0.027959398293899276,0.02966843783855438,0.03317752480506897,0.16043120622634888,0.008629560470581055,0.18302138149738312,0.00516173243522644,0.24149968288838863,0.39136866852641106,0.26116920076310635,0.4151749722659588,0.27176149748265743,0.44700614735484123,0.2658438738435507,0.4549211375415325,0.24762502871453762,0.4464711658656597,0.25878061912953854,0.483345877379179,0.20030670426785946,0.3954516761004925,0.46956468746066093,0.48420823737978935,0.4434984587132931,0.44811011478304863,0.44335970282554626,0.4297923525174459,0.013567350308100357,0.48088105022907257,0.42807266116142273,0.454355925321579,0.4241245687007904,0.44335970282554626,0.43092456459999084,0.433389812707901,0.4208017885684967,0.4364311397075653,0.42958107590675354,0.43193769454956055,0.4238751232624054,0.42542342841625214,0.4257248640060425,0.42968209087848663,0.43045881390571594,0.42330215871334076,0.4224797487258911,0.42607417702674866,0.4282732307910919,0.426612988114357,0.43179070949554443
975428833,qlstm,extrapolation,near_best,2000188,62,2,60,59,2,0.03361439370350355,0.1460327186411427,0.03311491404002087,0.18197503685951233,0.07661509052003801,0.2109564244747162,0.03218103714295241,0.1438685951133569,0.03861596018581067,0.04018199622631073,0.018486350774765015,0.3172677829861641,0.32784605771303177,0.3590010143816471,0.39015597105026245,0.2109564244747162,0.03175687789916992,0.04847501218318939,0.06519314646720886,0.09415960311889648,0.1231260597705841,0.10252371430397034,0.08192136883735657,0.05455712974071503,0.027192890644073486,0.0063012391328811646,0.005989938974380493,0.038721442222595215,0.05121991038322449,0.04548361897468567,0.0717097818851471,0.20348569750785828,0.1976155936717987,0.425455704331398,0.432242858906587,-0.0067871545751889695,0.4305354803800583,0.4319894313812256,0.42849965393543243,0.4250098764896393,0.425455704331398,0.42590153217315674,0.42745421826839447,0.4290069043636322,0.4285067915916443,0.42800667881965637,0.429760217666626,0.4315137565135956,0.4310294985771179,0.43054524064064026,0.4299671947956085,0.43154653906822205,0.4252597689628601,0.43006643652915955,0.4251367300748825,0.42768606543540955,0.4311724007129669,0.43284574151039124
975428833,qlstm,extrapolation,near_best,2000189,62,2,60,60,1,0.2299945159751029,0.4739924485404645,0.16754580580376427,0.4093235954642296,0.13409263982969402,0.36618414148688316,0.23319124517994985,0.4775860587755839,0.03041845013697942,0.03041845013697942,0.07695981860160828,,,0.3675311207771301,0.3675311207771301,0.36618414148688316,0.3648371621966362,0.3788212612271309,0.3928053602576256,0.36528830975294113,0.3377712592482567,0.3657667860388756,0.3937623128294945,0.3962877318263054,0.3988131508231163,0.3953692987561226,0.40889253467321396,0.40953321009874344,0.39141225069761276,0.414155475795269,0.4232698902487755,0.49763038009405136,0.5075317844748497,0.5052604228258133,0.429755008717378,0.07550541410843531,,,0.5285947322845459,0.5285947322845459,0.5052604228258133,0.4819261133670807,0.4722536951303482,0.4625812768936157,0.4548761695623398,0.44717106223106384,0.44424955546855927,0.4413280487060547,0.4388332813978195,0.43633851408958435,0.4312840402126312,0.43110892176628113,0.43445755541324615,0.43397200107574463,0.4272997975349426,0.42626407742500305,0.4306543618440628,0.42897918820381165
975428833,qlstm,extrapolation,near_best,2000190,62,1,61,60,1,0.2394909745704025,0.47194029270641263,0.31425915881849087,0.5605882257223129,0.1300834403118858,0.3606708198785782,0.24128454070578803,0.47376438242490176,0.02560775230328242,0.025168515209640776,0.027718037366867065,0.14641106128692627,0.14641106128692627,0.14565426111221313,0.14565426111221313,0.3606708198785782,0.3606708198785782,0.3495633453130722,0.3495633453130722,0.3828818053007126,0.3828818053007126,0.3826289623975754,0.3826289623975754,0.3532629460096359,0.3532629460096359,0.3811265081167221,0.3811265081167221,0.42695312201976776,0.42695312201976776,0.5340857356786728,0.5340857356786728,0.45681463181972504,0.45681463181972504,0.4376041889190674,0.42984996516196455,0.007754223757102829,0.44793879985809326,0.44793879985809326,0.4384819567203522,0.4384819567203522,0.4376041889190674,0.4376041889190674,0.4343823492527008,0.4343823492527008,0.4257338345050812,0.4257338345050812,0.4234110414981842,0.4234110414981842,0.42126885056495667,0.42126885056495667,0.4270658493041992,0.4270658493041992,0.4200010597705841,0.4200010597705841,0.42559805512428284,0.42559805512428284,0.4279900789260864,0.4279900789260864
975428833,qlstm,extrapolation,near_best,2000191,62,3,59,59,2,0.25814244601846187,0.5031923113330719,0.24379945721381446,0.49376052618026733,0.12062269793484533,0.3253750304381053,0.2651349755820356,0.512233867988748,0.021370855428404726,0.019965258606693202,0.06147408485412598,0.34537819027900696,0.3720014691352844,0.30109111964702606,0.2301807701587677,0.3253750304381053,0.4968035817146301,0.4271864990393321,0.4660010039806366,0.44491440057754517,0.4967407286167145,0.3992021183172862,0.47068485617637634,0.48386343320210773,0.4841018617153168,0.4960411886374156,0.5018201768398285,0.5174332956473032,0.5452158153057098,0.5844178994496664,0.6132820248603821,0.5926196773846945,0.5819034278392792,0.4730572501818339,0.42811030503046715,0.04494694515136677,0.47171084582805634,0.459958553314209,0.45500384271144867,0.45004913210868835,0.4730572501818339,0.4398724138736725,0.4549412727355957,0.44148826599121094,0.4441417157649994,0.43097832798957825,0.43823082248369855,0.433665007352829,0.4336693187554677,0.42747053503990173,0.4283050000667572,0.42609700560569763,0.42728596925735474,0.4259500503540039,0.4257018764813741,0.42531123757362366,0.42372211813926697,0.41904282569885254
975428833,qlstm,extrapolation,near_best,2000192,62,2,60,60,1,0.20995864418670634,0.45279819542361843,0.18958253022253452,0.4354107603430748,0.13461715006169553,0.3615771196782589,0.21247002732420672,0.4558388979484638,0.029398047427336375,0.02849840764272011,0.0692305862903595,0.4238598346710205,0.4238598346710205,0.5063366293907166,0.5063366293907166,0.3615771196782589,0.2992944046854973,0.420944657176733,0.3355526849627495,0.32363810390233994,0.3479818031191826,0.36936167627573013,0.4031706675887108,0.3989730551838875,0.4499643072485924,0.46842630952596664,0.4868883118033409,0.4969314858317375,0.5069746598601341,0.4670836552977562,0.4332903251051903,0.40623245388269424,0.3532624766230583,0.49455714225769043,0.4285686155160268,0.06598852674166361,0.5290440320968628,0.5290440320968628,0.48509660363197327,0.48509660363197327,0.49455714225769043,0.46007025241851807,0.4648391306400299,0.44458165764808655,0.44919896125793457,0.4383276700973511,0.4405205398797989,0.43645942211151123,0.43628817796707153,0.434248685836792,0.43179571628570557,0.42934274673461914,0.4293197989463806,0.4292968511581421,0.4301037937402725,0.43261396884918213,0.4278602600097656,0.42992469668388367
975428833,qlstm,extrapolation,near_best,2000193,62,3,59,59,2,0.1733073008115781,0.4070395457167779,0.09225672617386693,0.30373792350292206,0.05916272606896452,0.22934784491856894,0.17911126223916865,0.4160747169438055,0.03491901593693232,0.03464218623497907,0.01813608407974243,0.26374218612909317,0.11542338132858276,0.2617032453417778,0.14945736527442932,0.22934784491856894,0.2758529931306839,0.23578337828318277,0.2927750200033188,0.30524928867816925,0.31127823889255524,0.3106696257988612,0.31907056272029877,0.3441245009501775,0.34669600427150726,0.3896615256865819,0.41022758185863495,0.3277401228745778,0.4575694054365158,0.4260242333014806,0.43187932670116425,0.4700688570737839,0.4854293316602707,0.4553004900614421,0.42933295035766345,0.02596753970377863,0.42638126015663147,0.420786052942276,0.4331943988800049,0.4316004514694214,0.4553004900614421,0.42046329379081726,0.4452698528766632,0.42174482345581055,0.43637654185295105,0.42728182673454285,0.4322183032830556,0.4285914897918701,0.4307914177576701,0.42195749282836914,0.42601784070332843,0.4241195619106293,0.4238545894622803,0.42665815353393555,0.4256521761417389,0.41992664337158203,0.42656073967615765,0.42628252506256104
975428833,qlstm,extrapolation,near_best,2000194,62,4,58,58,3,0.12078081581926375,0.34292785799311054,0.10684666242386598,0.3268740773200989,0.07734362271269563,0.2720903716981411,0.1237764843093719,0.3478132018755222,0.031959744876828684,0.03143619517890774,0.042940487464269005,0.3193319191535314,0.3124611973762512,0.32554777959982556,0.3084346354007721,0.2720903716981411,0.2777671217918396,0.27540701255202293,0.2812023460865021,0.31594448536634445,0.31093502044677734,0.3259070962667465,0.34030336141586304,0.35993021726608276,0.37580978870391846,0.3448047824203968,0.4521437883377075,0.3355633169412613,0.44546276330947876,0.3590959459543228,0.332755446434021,0.3869131952524185,0.3200005292892456,0.4637921303510666,0.4259547873817641,0.03783734296930247,0.46545610825220746,0.43086329102516174,0.44566379984219867,0.42289233207702637,0.4637921303510666,0.43316850066185,0.44420668482780457,0.4230703115463257,0.4369787648320198,0.4228377044200897,0.4342906028032303,0.4216291606426239,0.4287797510623932,0.42229005694389343,0.4270104765892029,0.42095947265625,0.4258222207427025,0.42174872756004333,0.4261469468474388,0.42442312836647034,0.42287325114011765,0.4245940148830414
975428833,qlstm,extrapolation,near_best,2000195,62,3,59,58,3,0.25985947619400274,0.4996025814644752,0.2631111132074683,0.5129435770213604,0.0905794454495406,0.2954498765369256,0.26846693538439914,0.5099832274777404,0.028953824577660395,0.028026764883714562,0.02689977486928304,0.33996620774269104,0.3621508777141571,0.3086158235867818,0.34444791078567505,0.2954498765369256,0.3722753934562206,0.30155402794480324,0.38847507163882256,0.3392578301330407,0.37607763335108757,0.35300057505567867,0.3979037217795849,0.386703518529733,0.42568428441882133,0.41774923726916313,0.5048946850001812,0.45220740760366124,0.5548603050410748,0.5450988324979941,0.5755415074527264,0.5522594563663006,0.5122026912868023,0.43699804941813153,0.43011302614616137,0.006885023271970159,0.4447135031223297,0.43095913529396057,0.4362721045811971,0.4312368631362915,0.43699804941813153,0.4315808117389679,0.4282714823881785,0.4222705662250519,0.4319060246149699,0.42785486578941345,0.4311227997144063,0.43269994854927063,0.42930541435877484,0.425376296043396,0.42906328042348224,0.42775416374206543,0.4252829949061076,0.4226178228855133,0.42628014087677,0.4284684360027313,0.4256080687046051,0.42889097332954407
975428833,qlstm,extrapolation,near_best,2000196,62,4,58,58,3,0.31176405182436784,0.5481571021579927,0.36769722933627325,0.606380432844162,0.12498081577784381,0.314981147646904,0.32464565431033504,0.5642382024691023,0.022913990349605166,0.022810112488897222,0.048289865255355835,0.19743256270885468,0.06318399310112,0.2598553001880646,0.09201902151107788,0.314981147646904,0.5091937184333801,0.25885266810655594,0.5243419110774994,0.30469919741153717,0.5544000566005707,0.4179842248558998,0.5463822484016418,0.5402944758534431,0.5732422173023224,0.5646816417574883,0.5847020447254181,0.5906173214316368,0.6263906955718994,0.6003565713763237,0.5248086452484131,0.5019178241491318,0.49527886509895325,0.4806649088859558,0.42640908627674495,0.05425582260921086,0.49683085083961487,0.46603918075561523,0.4843132793903351,0.43792271614074707,0.4806649088859558,0.44160333275794983,0.45703114569187164,0.4367680847644806,0.4447544887661934,0.4334527254104614,0.4374728351831436,0.433597207069397,0.43601810187101364,0.4322482645511627,0.43072623014450073,0.4236067235469818,0.42593879252672195,0.4215099811553955,0.42084725946187973,0.42687347531318665,0.42831846326589584,0.42781078815460205
975428833,qlstm,extrapolation,near_best,2000197,62,4,58,58,3,0.10563557560549079,0.3206906746472082,0.07005652687963959,0.26468193531036377,0.06295990580688149,0.2484740987420082,0.1085787252467742,0.3256711281579116,0.029070750392716508,0.027142751216888427,0.038219968477884926,0.261204332113266,0.307309091091156,0.3208417594432831,0.35510575771331787,0.2484740987420082,0.2013258934020996,0.255186103284359,0.2407035231590271,0.27052289992570877,0.2941690981388092,0.30109426379203796,0.3262694478034973,0.2881615087389946,0.3065626323223114,0.2652490735054016,0.29553020000457764,0.30604807287454605,0.3443111181259155,0.3229706361889839,0.4113377034664154,0.33308377861976624,0.267506867647171,0.4545019418001175,0.4295797579247376,0.024922183875379866,0.43218228220939636,0.4236702024936676,0.4341604709625244,0.4305896759033203,0.4545019418001175,0.4222124516963959,0.4447729289531708,0.42666539549827576,0.43335404247045517,0.42672398686408997,0.4321434497833252,0.42787837982177734,0.42745402455329895,0.42866554856300354,0.4295687675476074,0.4327147901058197,0.4276997148990631,0.42427727580070496,0.4282785728573799,0.42945683002471924,0.42879144102334976,0.42933908104896545
975428833,qlstm,extrapolation,near_best,2000198,62,4,58,58,3,0.11179451413813306,0.32359948922549525,0.06637132327738104,0.25762632489204407,0.09995440797897565,0.3081599809229374,0.11261107318359219,0.3246642829015337,0.03381870943924476,0.034457611540953316,0.04559963941574097,0.3304895758628845,0.10600066184997559,0.26388072470823926,0.05772900581359863,0.3081599809229374,0.31490322947502136,0.2777373567223549,0.2352822721004486,0.27456411719322205,0.16634994745254517,0.2367674820125103,0.1744805872440338,0.23502208292484283,0.23540189862251282,0.24062320590019226,0.3186887800693512,0.19530952721834183,0.36696240305900574,0.18975618481636047,0.3604651987552643,0.28976699709892273,0.30745944380760193,0.46039124578237534,0.4268344435198554,0.03355680226251995,0.4529600739479065,0.4222528636455536,0.4451172649860382,0.4310658872127533,0.46039124578237534,0.4269953966140747,0.4429147318005562,0.42007505893707275,0.43558069318532944,0.4251064956188202,0.4320495203137398,0.42827096581459045,0.43287724256515503,0.4269959628582001,0.4258771911263466,0.4239481985569,0.42811036109924316,0.42598530650138855,0.4280166029930115,0.42762306332588196,0.4252956509590149,0.42731544375419617
975428833,qlstm,extrapolation,near_best,2000199,62,1,61,60,1,0.1498272929499814,0.37127397425713077,0.1602340981692265,0.4002925157546997,0.09823769941954552,0.31342893838882446,0.15067302399146396,0.3722222535336604,0.02699178655942281,0.024719370172378866,0.04310289025306702,0.12203532457351685,0.12203532457351685,0.19922837615013123,0.19922837615013123,0.31342893838882446,0.31342893838882446,0.3264460861682892,0.3264460861682892,0.34749025106430054,0.34749025106430054,0.37581226229667664,0.37581226229667664,0.3441559970378876,0.3441559970378876,0.3833857476711273,0.3833857476711273,0.3754567801952362,0.3754567801952362,0.48223358392715454,0.48223358392715454,0.48097896575927734,0.48097896575927734,0.4181298315525055,0.43151776565880073,-0.01338793410629524,0.4257580041885376,0.4257580041885376,0.4207139015197754,0.4207139015197754,0.4181298315525055,0.4181298315525055,0.42671430110931396,0.42671430110931396,0.4240892827510834,0.4240892827510834,0.42697203159332275,0.42697203159332275,0.4324110746383667,0.4324110746383667,0.4309271275997162,0.4309271275997162,0.43041589856147766,0.43041589856147766,0.4306831359863281,0.4306831359863281,0.43188321590423584,0.43188321590423584
975428833,qlstm,extrapolation,near_best,2000200,62,4,58,58,3,0.2873222510516952,0.5229966425967794,0.39518622126594494,0.6286383867263794,0.11112911138615297,0.31294901203364134,0.29947350206311185,0.5374826860838923,0.021073404571105694,0.01980459690093994,0.044848114252090454,0.336629843339324,0.4509112946689129,0.29387853915492695,0.41323689743876457,0.31294901203364134,0.4617791771888733,0.29838051181286573,0.4040669798851013,0.3241369007155299,0.45018428564071655,0.3439549906179309,0.4634236693382263,0.38184874318540096,0.46103596687316895,0.4393798718228936,0.5127887427806854,0.4520757803693414,0.5435628294944763,0.46874179504811764,0.5473953187465668,0.5071410834789276,0.6027830243110657,0.4672939032316208,0.4282225313885459,0.03907137184307491,0.43669453263282776,0.4299757778644562,0.467302401860555,0.42971745133399963,0.4672939032316208,0.42674151062965393,0.44856666773557663,0.4300680160522461,0.43853577226400375,0.4322459399700165,0.4341978579759598,0.428126722574234,0.4308118596673012,0.42782068252563477,0.42871254682540894,0.4274013042449951,0.4279188737273216,0.42811819911003113,0.4302164539694786,0.4330458641052246,0.4283808097243309,0.4252821207046509
975428833,qlstm,extrapolation,near_best,2000201,62,2,60,60,1,0.10111904170703873,0.28558328218998447,0.12476353739576584,0.35321882367134094,0.07240490897571172,0.2016037553548813,0.10207617946474962,0.2883825997511546,0.042004429797331495,0.04116977875431379,-0.0021501481533050537,0.5968637764453888,0.5968637764453888,0.5375210344791412,0.5375210344791412,0.2016037553548813,0.023388057947158813,0.26774971187114716,0.09473678469657898,0.32499726116657257,0.13536331057548523,0.35077616572380066,0.1487172544002533,0.3353130668401718,0.1587131917476654,0.2601590007543564,0.06282052397727966,0.28322412073612213,0.10436871647834778,0.3623126745223999,0.18710431456565857,0.2276233732700348,0.3065294921398163,0.4774635583162308,0.429332767923673,0.0481307903925578,0.4274396598339081,0.4274396598339081,0.4254592955112457,0.4254592955112457,0.4774635583162308,0.4339540898799896,0.450062096118927,0.4263824224472046,0.4398472160100937,0.4261084794998169,0.43239182233810425,0.42269277572631836,0.4302777051925659,0.42057013511657715,0.42984287440776825,0.43024909496307373,0.42740899324417114,0.4229680597782135,0.42826327681541443,0.43106725811958313,0.4266403764486313,0.4305879771709442
975428833,qlstm,extrapolation,near_best,2000202,62,5,57,56,5,0.10239090082947477,0.30981085569627825,0.13240252265768504,0.36387157440185547,0.05743591569031299,0.22801755070686341,0.10633432057852406,0.3169857070111392,0.02918937908751624,0.028259278611933933,0.032978659868240355,0.24247387051582336,0.21781107783317566,0.2541157066822052,0.2394096553325653,0.22801755070686341,0.221030592918396,0.21056265234947205,0.23019111156463623,0.19074373841285705,0.2717956304550171,0.21179743409156798,0.3107670843601227,0.19788479804992676,0.28183817863464355,0.3027006328105927,0.3272896111011505,0.27290918231010436,0.3840724527835846,0.33862326145172117,0.42792707681655884,0.34615479707717894,0.36508870124816895,0.43174551129341127,0.4291536457705916,0.0025918655228196474,0.4451517045497894,0.43292808532714844,0.4320057451725006,0.4266681969165802,0.43174551129341127,0.42677605152130127,0.43131354451179504,0.43065568804740906,0.4295628845691681,0.42537590861320496,0.43032975792884826,0.4262761175632477,0.4269812345504761,0.42509567737579346,0.4277764558792114,0.42753371596336365,0.42881312370300295,0.4263574779033661,0.4275716423988342,0.42776408791542053,0.4277971386909485,0.4263326823711395
975428833,qlstm,extrapolation,near_best,2000203,62,2,60,59,2,0.02029420693996588,0.11494941745073564,0.0008777676815476809,0.02962714433670044,0.06608211332287084,0.22021204233169556,0.01876794339386905,0.11144066328803698,0.040867544836917166,0.041098574074831876,0.051781609654426575,0.35346245765686035,0.35346245765686035,0.2740222439169884,0.3089105486869812,0.22021204233169556,0.08758938312530518,0.16265705227851868,0.017905831336975098,0.1742800772190094,0.04851740598678589,0.18838943541049957,0.023316413164138794,0.18176084756851196,0.054611146450042725,0.01456478238105774,0.01122373342514038,0.05171608924865723,0.08011576533317566,0.10941071808338165,0.18161514401435852,0.15381157398223877,0.1492917239665985,0.4616021513938904,0.4267814517021179,0.03482069969177248,0.4399571716785431,0.4399571716785431,0.47935549914836884,0.4360704720020294,0.4616021513938904,0.4386375844478607,0.4399302154779434,0.424944669008255,0.43972647190093994,0.4318549931049347,0.4309406876564026,0.4219242036342621,0.4314788728952408,0.42688727378845215,0.4260120689868927,0.4270794689655304,0.4247470796108246,0.4275699555873871,0.4204866886138916,0.4242340624332428,0.41539351642131805,0.4151097238063812
975428833,qlstm,extrapolation,near_best,2000204,62,3,59,59,2,0.1186911798084978,0.338366009535328,0.16786571925078508,0.4097141921520233,0.0668116046326596,0.2532987892627716,0.12132912430896414,0.34269146141359363,0.02805614168361082,0.028659218082240985,0.050445929169654846,0.25199007987976074,0.25199007987976074,0.2952275276184082,0.2649085521697998,0.2532987892627716,0.22506117820739746,0.22193281849225363,0.21471244096755981,0.24148068825403848,0.20610171556472778,0.2675901452700297,0.2545284628868103,0.29447559515635174,0.31507593393325806,0.3055741985638936,0.390386700630188,0.28993181387583417,0.3528968095779419,0.24426509936650595,0.27216511964797974,0.39350006977717084,0.37726426124572754,0.4808051586151123,0.42550824607832954,0.05529691253678276,0.43203020095825195,0.43203020095825195,0.4804833084344864,0.432382196187973,0.4808051586151123,0.43386438488960266,0.45291053255399066,0.42651620507240295,0.4418788254261017,0.42318639159202576,0.4379400312900543,0.42891743779182434,0.4313721756140391,0.4259081780910492,0.42960016926129657,0.4210422933101654,0.42696728308995563,0.41648945212364197,0.4285949965318044,0.4336811602115631,0.4258137047290802,0.4265632629394531
975428833,qlstm,extrapolation,near_best,2000205,62,1,61,61,0,0.32118909397167783,0.5626490363670934,0.22086730053447573,0.46996521204710007,0.1307543259082316,0.3615996763110161,0.3243109754153409,0.5659449275155537,0.029790075098881957,0.029790075098881957,,,,,,0.3615996763110161,0.3615996763110161,0.39246561378240585,0.39246561378240585,0.484584204852581,0.484584204852581,0.5475422069430351,0.5475422069430351,0.539703719317913,0.539703719317913,0.5680864974856377,0.5680864974856377,0.6498858854174614,0.6498858854174614,0.5804709121584892,0.5804709121584892,0.5686075612902641,0.5686075612902641,0.5240499377250671,0.4302788889798962,0.09377104874517095,,,,,0.5240499377250671,0.5240499377250671,0.48146510124206543,0.48146510124206543,0.45967817306518555,0.45967817306518555,0.448480486869812,0.448480486869812,0.44339242577552795,0.44339242577552795,0.4330976903438568,0.4330976903438568,0.43313848972320557,0.43313848972320557,0.4274754226207733,0.4274754226207733,0.42879509925842285,0.42879509925842285
975428833,qlstm,extrapolation,near_best,2000206,62,4,58,57,4,0.2852404364128708,0.5225620019820428,0.32953498706069695,0.5740513801574707,0.10881265057401945,0.30266301333904266,0.2974078699189985,0.5377274494746636,0.024220049381256104,0.025384202318371466,0.04833249747753143,0.2947174459695816,0.3137705624103546,0.29841698706150055,0.3097567856311798,0.30266301333904266,0.41804075241088867,0.3709031939506531,0.4631633758544922,0.3518848940730095,0.471968412399292,0.3701757490634918,0.4391348958015442,0.3935997262597084,0.38343799114227295,0.42682529985904694,0.3330345153808594,0.3998982012271881,0.44801026582717896,0.4874512180685997,0.607493132352829,0.592409648001194,0.5624635815620422,0.43644269555807114,0.43221403761156674,0.004228657946504399,0.45635560899972916,0.43121156096458435,0.4449780359864235,0.4340762197971344,0.43644269555807114,0.42698216438293457,0.432412713766098,0.4285909831523895,0.43145355582237244,0.4263390600681305,0.4307745695114136,0.430828332901001,0.43070945888757706,0.43318846821784973,0.4274405315518379,0.4240037500858307,0.430339477956295,0.428951233625412,0.42734000086784363,0.42576146125793457,0.4286510646343231,0.42881059646606445
975428833,qlstm,extrapolation,near_best,2000207,62,3,59,58,3,0.21302051212639714,0.4481068142359295,0.21665492816611565,0.4654620587825775,0.13523753626760548,0.321137656768163,0.21697557869548825,0.45456287309022275,0.023385669136869496,0.02257822785112593,0.07608039180437724,0.2982438802719116,0.09637296199798584,0.3239346034824848,0.116890549659729,0.321137656768163,0.38701188564300537,0.34164537986119586,0.4239189624786377,0.20796317855517069,0.4512302875518799,0.2117980420589447,0.46619200706481934,0.320978840192159,0.47955167293548584,0.4354265332221985,0.4680374264717102,0.48057576020558673,0.5109453201293945,0.5011064211527506,0.5243365168571472,0.5156004031499227,0.4980870485305786,0.45589883128801983,0.4291253271749464,0.026773504113073443,0.4578126221895218,0.4289063513278961,0.4709191819032033,0.43190035223960876,0.45589883128801983,0.43246695399284363,0.44370680054028827,0.4296683073043823,0.4365839660167694,0.43233489990234375,0.43315955996513367,0.4235270321369171,0.43005629380544025,0.42879557609558105,0.4299855629603068,0.42515483498573303,0.4280143082141876,0.42291244864463806,0.4247688055038452,0.42623913288116455,0.42793938517570496,0.4277637302875519
975428833,qlstm,extrapolation,near_best,2000208,62,1,61,60,1,0.05169302437889872,0.21255572524762922,0.038588865364986624,0.19644048810005188,0.005681348789053686,0.07537472248077393,0.05244731414266667,0.21480459414544653,0.03874054998159408,0.036596773368007735,0.025323420763015747,0.27736109495162964,0.27736109495162964,0.3454846143722534,0.3454846143722534,0.07537472248077393,0.07537472248077393,0.12051531672477722,0.12051531672477722,0.08729508519172668,0.08729508519172668,0.13461706042289734,0.13461706042289734,0.18703338503837585,0.18703338503837585,0.1596263349056244,0.1596263349056244,0.1998760998249054,0.1998760998249054,0.32595905661582947,0.32595905661582947,0.2785278260707855,0.2785278260707855,0.4328269064426422,0.4292612461770167,0.003565660265625492,0.4340542256832123,0.4340542256832123,0.42867979407310486,0.42867979407310486,0.4328269064426422,0.4328269064426422,0.4272862672805786,0.4272862672805786,0.42952075600624084,0.42952075600624084,0.42335638403892517,0.42335638403892517,0.42659154534339905,0.42659154534339905,0.42731353640556335,0.42731353640556335,0.4261275827884674,0.4261275827884674,0.4256552755832672,0.4256552755832672,0.4172615110874176,0.4172615110874176
975428833,qlstm,extrapolation,near_best,2000209,62,5,57,56,5,0.0714027356170708,0.2599213269929732,0.03059417844832879,0.17491191625595093,0.04433686007819713,0.1983415424823761,0.07377693522574394,0.2653230624763589,0.01982615196279117,0.019919356767167436,0.02966616749763489,0.16510885208845139,0.17160022258758545,0.24488421380519867,0.2460249960422516,0.1983415424823761,0.1880621612071991,0.185105562210083,0.21377018094062805,0.2425820529460907,0.2475281059741974,0.22470823526382447,0.2799479067325592,0.23301743865013122,0.29846620559692383,0.19917286634445192,0.24719274044036865,0.21260140538215638,0.29357820749282837,0.27965494990348816,0.3219180405139923,0.293099707365036,0.3222705125808716,0.43628541827201844,0.4290348505764677,0.007250567695550769,0.44120436906814575,0.42890432476997375,0.45135236978530885,0.41669365763664246,0.43628541827201844,0.422701358795166,0.434040504693985,0.42734575271606445,0.4292576849460602,0.4253292381763458,0.4276285707950592,0.4276258945465088,0.4304145097732544,0.42497149109840393,0.42840625047683717,0.4261265695095062,0.4266054451465607,0.42584481835365295,0.42452058792114256,0.42581865191459656,0.4285491704940796,0.43159690499305725
975428833,qlstm,extrapolation,near_best,2000210,62,1,61,61,0,0.12198809004424106,0.34331157418989366,0.1549057712911841,0.39358070492744446,0.0635527825505875,0.2520967721939087,0.12294604590479276,0.34480689881277865,0.036508180567475616,0.036508180567475616,,,,,,0.2520967721939087,0.2520967721939087,0.28720954060554504,0.28720954060554504,0.2449808418750763,0.2449808418750763,0.27021995186805725,0.27021995186805725,0.29229238629341125,0.29229238629341125,0.3694165050983429,0.3694165050983429,0.3613189160823822,0.3613189160823822,0.27122631669044495,0.27122631669044495,0.36612769961357117,0.36612769961357117,0.5235382318496704,0.4282152467086667,0.09532298514100374,,,,,0.5235382318496704,0.5235382318496704,0.477671355009079,0.477671355009079,0.46005308628082275,0.46005308628082275,0.44065916538238525,0.44065916538238525,0.43219855427742004,0.43219855427742004,0.4315541684627533,0.4315541684627533,0.43239501118659973,0.43239501118659973,0.42599859833717346,0.42599859833717346,0.42486894130706787,0.42486894130706787
975428833,qlstm,extrapolation,near_best,2000211,62,1,61,60,1,0.10927102615392081,0.32116656870611254,0.10298380627230674,0.32091090083122253,0.04298060813343696,0.20731765031814575,0.11035775431819103,0.32303294441739067,0.022893458108107247,0.02236493108636242,0.026393413543701172,0.31020671129226685,0.31020671129226685,0.2561301589012146,0.2561301589012146,0.20731765031814575,0.20731765031814575,0.1938948631286621,0.1938948631286621,0.14924156665802002,0.14924156665802002,0.16291040182113647,0.16291040182113647,0.17181360721588135,0.17181360721588135,0.0853167176246643,0.0853167176246643,0.21068227291107178,0.21068227291107178,0.3045848309993744,0.3045848309993744,0.38903793692588806,0.38903793692588806,0.45728185772895813,0.4318033227177917,0.025478535011166425,0.5297518372535706,0.5297518372535706,0.4864737093448639,0.4864737093448639,0.45728185772895813,0.45728185772895813,0.4524925947189331,0.4524925947189331,0.4320378601551056,0.4320378601551056,0.4347604811191559,0.4347604811191559,0.43166136741638184,0.43166136741638184,0.43323108553886414,0.43323108553886414,0.4257291853427887,0.4257291853427887,0.42532896995544434,0.42532896995544434,0.427336186170578,0.427336186170578
975428833,qlstm,extrapolation,near_best,2000212,62,2,60,59,2,0.08662309650081002,0.28478885610257426,0.1223106038059294,0.3497293293476105,0.07336501662723771,0.2690279930830002,0.08706503249659577,0.2853142182032267,0.030007785659725384,0.02982810610219052,0.058907121419906616,0.1733327955007553,0.3004756569862366,0.2084614485502243,0.3236263394355774,0.2690279930830002,0.2375803291797638,0.2883903831243515,0.2531544268131256,0.25555694103240967,0.27353355288505554,0.26162585616111755,0.2700972855091095,0.2872759699821472,0.3010183870792389,0.241347074508667,0.1816757619380951,0.16255313158035278,0.14343050122261047,0.20511816442012787,0.1677970290184021,0.22463855147361755,0.2667693793773651,0.4454118609428406,0.4305927669008573,0.014819094041983283,0.49500299990177155,0.45716211199760437,0.4636743515729904,0.453084796667099,0.4454118609428406,0.4336616098880768,0.44333331286907196,0.4335818290710449,0.43456313014030457,0.43546465039253235,0.42900365591049194,0.42442548274993896,0.43177780508995056,0.4280909597873688,0.4283113479614258,0.4285317361354828,0.4296942204236984,0.43085670471191406,0.4232960641384125,0.4201842248439789,0.425429567694664,0.42461836338043213
975428833,qlstm,extrapolation,near_best,2000213,62,4,58,58,3,0.15592271251449916,0.3779192689445711,0.19296648928599525,0.4392795115709305,0.08902462041684772,0.26151637360453606,0.16053637403847512,0.38594705483009073,0.03811119137139156,0.03777223383938825,0.03953254222869873,0.2518072823683421,0.3516237735748291,0.27176641424496967,0.31437599658966064,0.26151637360453606,0.32701916992664337,0.2667318694293499,0.29018910229206085,0.16949918866157532,0.24925921857357025,0.2427184134721756,0.2792942672967911,0.2556977942585945,0.3708285838365555,0.30845071747899055,0.25840918719768524,0.2671688422560692,0.24078281223773956,0.29757411032915115,0.39564140141010284,0.35871170461177826,0.44561226665973663,0.46408284455537796,0.42940711050197994,0.03467573405339802,0.4672953486442566,0.43479010462760925,0.4519535501797994,0.4344402849674225,0.46408284455537796,0.432210236787796,0.44835375249385834,0.4314185380935669,0.44085852056741714,0.43102240562438965,0.43465396761894226,0.43035614490509033,0.4339790418744087,0.43453821539878845,0.43333644419908524,0.4329487383365631,0.4301399067044258,0.4258362054824829,0.424795538187027,0.42517605423927307,0.4257008284330368,0.42816364765167236
975428833,qlstm,extrapolation,near_best,2000214,62,1,61,60,1,0.1711116751941735,0.4004613228382603,0.09468899731145086,0.3077157735824585,0.0618918503189434,0.2487807273864746,0.17290216412655432,0.40294788997681413,0.024175299207369487,0.022470167854376007,0.03848433494567871,0.16503825783729553,0.16503825783729553,0.14795687794685364,0.14795687794685364,0.2487807273864746,0.2487807273864746,0.22327637672424316,0.22327637672424316,0.2526298761367798,0.2526298761367798,0.30719733238220215,0.30719733238220215,0.35100939869880676,0.35100939869880676,0.4167311489582062,0.4167311489582062,0.441199392080307,0.441199392080307,0.43180331587791443,0.43180331587791443,0.5001412630081177,0.5001412630081177,0.4404699504375458,0.42647557815567394,0.013994372281871836,0.4590301513671875,0.4590301513671875,0.45352303981781006,0.45352303981781006,0.4404699504375458,0.4404699504375458,0.42835912108421326,0.42835912108421326,0.4340880215167999,0.4340880215167999,0.4293426275253296,0.4293426275253296,0.4226319491863251,0.4226319491863251,0.4208351671695709,0.4208351671695709,0.42293480038642883,0.42293480038642883,0.4198099672794342,0.4198099672794342,0.4190213978290558,0.4190213978290558
975428833,qlstm,extrapolation,near_best,2000215,62,3,59,58,3,0.26647584688773235,0.5075093186760862,0.27104349667343186,0.5206183791160583,0.11491324480636284,0.28710269136354327,0.2741824198749206,0.5187164353190968,0.02335198686040681,0.021200259144489583,0.033075183629989624,0.27862336044199765,0.03289061784744263,0.33085793458546203,0.06831204891204834,0.28710269136354327,0.4303363561630249,0.325632256300499,0.4446316361427307,0.48851659102365375,0.48105713725090027,0.5131961226773759,0.52608323097229,0.49775320493305725,0.48784637451171875,0.3526556193828583,0.5372298657894135,0.5042101144790649,0.5450641214847565,0.4967093765735626,0.5089296400547028,0.5540154178937277,0.5753908157348633,0.44523970286051434,0.43135618809926307,0.01388351476125127,0.4327089786529541,0.42406347393989563,0.46356212099393207,0.42755353450775146,0.44523970286051434,0.42287787795066833,0.4371103247006734,0.42791417241096497,0.43380651871363324,0.4290136992931366,0.4298064609368642,0.4224848449230194,0.43375083804130554,0.43088433146476746,0.428169180949529,0.42955973744392395,0.4267420768737793,0.4277886152267456,0.43092793226242065,0.4318016469478607,0.42739660541216534,0.42866477370262146
975428833,qlstm,extrapolation,near_best,2000216,62,1,61,61,0,0.04831570304726769,0.21557909634805494,0.0690027834075444,0.26268380880355835,0.029668143524204993,0.17224442958831787,0.048621400744367084,0.2162895007211654,0.026329128468622925,0.026329128468622925,,,,,,0.17224442958831787,0.17224442958831787,0.07882964611053467,0.07882964611053467,0.12743604183197021,0.12743604183197021,0.18127566576004028,0.18127566576004028,0.2288970947265625,0.2288970947265625,0.2063470184803009,0.2063470184803009,0.26528307795524597,0.26528307795524597,0.2666477859020233,0.2666477859020233,0.24973589181900024,0.24973589181900024,0.5225085616111755,0.43022879029883715,0.09227977131233839,,,,,0.5225085616111755,0.5225085616111755,0.4799034297466278,0.4799034297466278,0.4624020755290985,0.4624020755290985,0.4457060992717743,0.4457060992717743,0.4395155608654022,0.4395155608654022,0.43464601039886475,0.43464601039886475,0.4258033335208893,0.4258033335208893,0.430713415145874,0.430713415145874,0.43308648467063904,0.43308648467063904
975428833,qlstm,extrapolation,near_best,2000217,62,3,59,59,2,0.2322515051976241,0.4750055899062464,0.20456775245500936,0.45229166746139526,0.16404469845066263,0.3911697715520859,0.23571964791357133,0.4792684281276444,0.027780135809364965,0.02469759647335325,0.059059858322143555,0.29587996006011963,0.2465481162071228,0.3930036500096321,0.5394591838121414,0.3911697715520859,0.3096731901168823,0.3238641122976939,0.2484753131866455,0.29264310995737713,0.2842422127723694,0.29754428068796795,0.3618425130844116,0.4424484024445216,0.4260435104370117,0.4023703138033549,0.49373623728752136,0.46602003773053485,0.5202279090881348,0.49933183193206787,0.491423636674881,0.5355270008246104,0.5681802332401276,0.46632911761601764,0.42782362133769664,0.038505496278321005,0.4557170867919922,0.4504798352718353,0.44687744975090027,0.4432750642299652,0.46632911761601764,0.43507710099220276,0.45149362087249756,0.4369620978832245,0.44244242707888287,0.429410845041275,0.4365837275981903,0.42986050248146057,0.4351317087809245,0.43225955963134766,0.4310479164123535,0.4241394102573395,0.42940423885981244,0.4283674955368042,0.4260307053724925,0.4255658686161041,0.4246367812156677,0.4267813265323639
975428833,qlstm,extrapolation,near_best,2000218,62,3,59,59,2,0.12934787109516185,0.3495231034654763,0.08921134910656292,0.29868268966674805,0.07920625270770769,0.2697540211180846,0.1318974449114731,0.3535791585000895,0.028387689994553388,0.02820970477729008,0.04328140616416931,0.29272156953811646,0.29272156953811646,0.34297330491244793,0.33143240213394165,0.2697540211180846,0.1620262861251831,0.25371553500493366,0.13699263334274292,0.2109027405579885,0.1392495334148407,0.1443114976088206,0.13391557335853577,0.1541421910127004,0.18618440628051758,0.20379669467608133,0.2912901043891907,0.30711207787195843,0.37091994285583496,0.44931801160176593,0.47112715244293213,0.48245906829833984,0.4870443344116211,0.48844849069913227,0.4262567364563376,0.06219175424279466,0.48601749539375305,0.48601749539375305,0.4939277470111847,0.46091341972351074,0.48844849069913227,0.45238590240478516,0.46013859907786053,0.43348488211631775,0.4480280578136444,0.43078485131263733,0.439972460269928,0.43404659628868103,0.4332420428593953,0.43545639514923096,0.4331878622372945,0.43006059527397156,0.42961575587590534,0.42773208022117615,0.4289035201072693,0.4249727427959442,0.4222099184989929,0.42034804821014404
975428833,qlstm,extrapolation,near_best,2000219,62,2,60,59,2,0.24652332683931283,0.46500965267900496,0.31168859041629693,0.5582907758653164,0.17819850038969154,0.42015734128654003,0.24880082105430018,0.46650472972542045,0.02744990536722086,0.02736224446977888,0.04728572070598602,0.20748820900917053,0.3852282166481018,0.21164701879024506,0.3520912528038025,0.42015734128654003,0.46097778901457787,0.4228664319962263,0.4605046473443508,0.4370847623795271,0.5220782719552517,0.4737697206437588,0.4865616522729397,0.4662092588841915,0.4719138704240322,0.4798574410378933,0.4731532298028469,0.484932329505682,0.4662809930741787,0.534306850284338,0.5229879580438137,0.49917012080550194,0.5145561657845974,0.4294159263372421,0.4287888844807943,0.0006270418564478519,0.4246901422739029,0.42226314544677734,0.4307135045528412,0.42773452401161194,0.4294159263372421,0.4305848777294159,0.42380453646183014,0.42534592747688293,0.4270807057619095,0.42642688751220703,0.43014299869537354,0.4297011196613312,0.42843271791934967,0.4315195083618164,0.4262981116771698,0.4228951036930084,0.4261639714241028,0.42797383666038513,0.4260571599006653,0.4250633716583252,0.4258633852005005,0.4233262538909912
975428833,qlstm,extrapolation,near_best,2000220,62,1,61,60,1,0.19884356028746036,0.43671851605176926,0.2803863147951185,0.5295151695609093,0.15266004754921486,0.39071734994649887,0.1996006670536611,0.43747263352890486,0.03172690868377685,0.031071388930605168,0.06830626726150513,0.24059563875198364,0.24059563875198364,0.1986074447631836,0.1986074447631836,0.39071734994649887,0.39071734994649887,0.39099719375371933,0.39099719375371933,0.3940497860312462,0.3940497860312462,0.3548361286520958,0.3548361286520958,0.3726898655295372,0.3726898655295372,0.42197122424840927,0.42197122424840927,0.442238949239254,0.442238949239254,0.5422881469130516,0.5422881469130516,0.461736761033535,0.461736761033535,0.4358212947845459,0.4294637866684648,0.006357508116081101,0.45834264159202576,0.45834264159202576,0.4483783543109894,0.4483783543109894,0.4358212947845459,0.4358212947845459,0.4297657012939453,0.4297657012939453,0.42852047085762024,0.42852047085762024,0.43288180232048035,0.43288180232048035,0.43316712975502014,0.43316712975502014,0.4286539852619171,0.4286539852619171,0.4295952618122101,0.4295952618122101,0.42800307273864746,0.42800307273864746,0.42075738310813904,0.42075738310813904
975428833,qlstm,extrapolation,near_best,2000221,62,3,59,58,3,0.2625547421824579,0.48407902448408063,0.255715413487368,0.505683115683496,0.1852840971466243,0.42681993016352254,0.26648375803173757,0.48699050385631243,0.03154142663396638,0.03151091743022837,0.058147430419921875,0.31610312312841415,0.3507612943649292,0.3269391084710757,0.4015694856643677,0.42681993016352254,0.4735534703359008,0.3984684841707349,0.437263241969049,0.3750406475737691,0.4544436251744628,0.352844702390333,0.4451192235574126,0.38193670629213256,0.47282140608876944,0.45857339538633823,0.5514054214581847,0.49076598044484854,0.544300845824182,0.5270931239550313,0.5570525443181396,0.5424959079052011,0.6030424749478698,0.4309246440728505,0.430309053699849,0.0006155903730015178,0.43209366003672284,0.4263085126876831,0.4326614439487457,0.429390549659729,0.4309246440728505,0.43003877997398376,0.42898504932721454,0.4278503954410553,0.4295291801293691,0.43072500824928284,0.4264204204082489,0.42313241958618164,0.42636146148045856,0.42606231570243835,0.4290480812390645,0.43079695105552673,0.42725351452827454,0.420996755361557,0.43016116817792255,0.4336242377758026,0.42428016662597656,0.4230966866016388
975428833,qlstm,extrapolation,near_best,2000222,62,3,59,59,2,0.24355923712420843,0.47203920925817183,0.25262822416241093,0.5026213526725769,0.08504522126241199,0.2393703063329061,0.25161927182904553,0.48386983144081247,0.025918674165919676,0.024213463630316394,0.021879836916923523,0.2796574532985687,0.1266452968120575,0.2724912315607071,0.09879741072654724,0.2393703063329061,0.3557124733924866,0.24456076820691428,0.3004642128944397,0.27756773432095844,0.32428115606307983,0.17626201113065085,0.3983365297317505,0.1696538825829824,0.40961575508117676,0.30335648854573566,0.48295995593070984,0.4015282193819682,0.4505356550216675,0.44657211502393085,0.48616018891334534,0.4679247538248698,0.5018598437309265,0.46694710850715637,0.4285795537091918,0.038367554797964554,0.4588831067085266,0.438286155462265,0.44326043128967285,0.4298723042011261,0.46694710850715637,0.43432021141052246,0.4504785935084025,0.435184121131897,0.44014283021291095,0.43021106719970703,0.43789007266362506,0.4295603036880493,0.43276867270469666,0.43166211247444153,0.43232491612434387,0.42350447177886963,0.4295377830664317,0.42473283410072327,0.42855464418729144,0.42738810181617737,0.42721934119860333,0.4300379455089569
975428833,qlstm,extrapolation,near_best,2000223,62,3,59,59,2,0.13344139005409666,0.3620868483858724,0.15318976811562468,0.39139464497566223,0.06867638605745796,0.2606607874234517,0.13673452585053592,0.36724410572294464,0.018617941161333505,0.016206432420473833,0.03347034752368927,0.3094930052757263,0.26870810985565186,0.30367304384708405,0.2689801752567291,0.2606607874234517,0.22423434257507324,0.29606954256693524,0.23516157269477844,0.3107806146144867,0.273587167263031,0.32913850744565326,0.31082504987716675,0.33735571304957074,0.34235215187072754,0.3527614076932271,0.3775661587715149,0.3478209873040517,0.39691662788391113,0.34886618455251056,0.33896884322166443,0.331632266441981,0.27289777994155884,0.46290557583173114,0.4260095378099862,0.03689603802174496,0.4350164830684662,0.4343510568141937,0.42977797985076904,0.42358970642089844,0.46290557583173114,0.42560648918151855,0.44210609793663025,0.4219379723072052,0.4377080202102661,0.4301227331161499,0.42983537912368774,0.42194095253944397,0.4291909138361613,0.4185258448123932,0.4220773180325826,0.41173985600471497,0.4181760748227437,0.4191986620426178,0.420570174853007,0.4251983165740967,0.42614660660425824,0.42851904034614563
975428833,qlstm,extrapolation,near_best,2000224,62,4,58,58,3,0.09141997018064858,0.29769163951277733,0.12143412583523716,0.34847399592399597,0.07739470734603482,0.2638149047270417,0.09238722968648402,0.3000279660497246,0.0240873154895059,0.02358912846498322,0.03959916035334269,0.3307500208417575,0.3103051483631134,0.25144218529264134,0.12929093837738037,0.2638149047270417,0.24844908714294434,0.24261838290840387,0.2780030369758606,0.2873489707708359,0.31263861060142517,0.2591443881392479,0.31664496660232544,0.29661936312913895,0.30874478816986084,0.31634238362312317,0.321911484003067,0.30076683312654495,0.24912551045417786,0.22259953618049622,0.26066330075263977,0.2705390751361847,0.302237331867218,0.471170149743557,0.4276595506174811,0.043510599126075855,0.49233948191006977,0.46572887897491455,0.4648524026075999,0.4473615884780884,0.471170149743557,0.44176730513572693,0.45145372301340103,0.43521925806999207,0.44406240433454514,0.433534175157547,0.4378406032919884,0.43524739146232605,0.43415939807891846,0.42608872056007385,0.4276219606399536,0.42864593863487244,0.4293859973549843,0.43261268734931946,0.43032461404800415,0.4290982186794281,0.4251149445772171,0.4212113320827484
975428833,qlstm,extrapolation,near_best,2000225,62,2,60,59,2,0.08448646090542718,0.2733926785088355,0.09505788742195964,0.30831459164619446,0.07456173717701134,0.23774538561701775,0.08481728502970771,0.2745809216052294,0.026462791329723293,0.026153095364570618,0.034653350710868835,0.21893201395869255,0.4254929646849632,0.2547951899468899,0.46160878986120224,0.23774538561701775,0.10343652963638306,0.27446630224585533,0.1583106517791748,0.3285064660012722,0.21942582726478577,0.3507602624595165,0.23239880800247192,0.35055258497595787,0.2756122052669525,0.21916255354881287,0.3348885774612427,0.2833785116672516,0.3473311960697174,0.30888159573078156,0.28287461400032043,0.34385451674461365,0.32908934354782104,0.43334609270095825,0.4303991456826528,0.002946947018305446,0.4433729648590088,0.4347439110279083,0.42981868982315063,0.42189571261405945,0.43334609270095825,0.4274735450744629,0.4277161657810211,0.4274139106273651,0.42890535295009613,0.42697569727897644,0.430112823843956,0.4311860501766205,0.42879897356033325,0.4228540360927582,0.4289644956588745,0.43045544624328613,0.42329341173171997,0.4196111261844635,0.4262319803237915,0.4220085144042969,0.4264192134141922,0.4284982681274414
975428833,qlstm,extrapolation,near_best,2000226,62,4,58,57,4,0.0851153742852114,0.2750932182515821,0.11081857226174296,0.3328942358493805,0.063892737905825,0.21543754264712334,0.08657900438034151,0.27920740277602757,0.028961734813556336,0.027228030893537734,0.04403696954250336,0.20559137066205344,0.255690336227417,0.2730528898537159,0.31008273363113403,0.21543754264712334,0.09570911526679993,0.24501099064946175,0.1314283311367035,0.21410658210515976,0.17316541075706482,0.23127108067274094,0.17359521985054016,0.19823014736175537,0.13143840432167053,0.15567538142204285,0.22239866852760315,0.170194610953331,0.20257940888404846,0.1895313784480095,0.14418816566467285,0.14487192034721375,0.18968334794044495,0.45489563792943954,0.429478051847425,0.025417586082014554,0.4841362237930298,0.4339114725589752,0.47704600542783737,0.43299445509910583,0.45489563792943954,0.4288480281829834,0.4446403607726097,0.4277888238430023,0.4388632997870445,0.4274614751338959,0.4360986351966858,0.4330861568450928,0.43021925538778305,0.42512306571006775,0.42667780816555023,0.42261290550231934,0.427775077521801,0.4254296123981476,0.42505186796188354,0.425716757774353,0.42821478098630905,0.43068596720695496
975428833,qlstm,extrapolation,near_best,2000227,62,3,59,58,3,0.2784035453634669,0.5221451732119725,0.3480578405748389,0.5899642705917358,0.11081598540485378,0.3322424255311489,0.2869249467172947,0.5318012451279467,0.026487109989955508,0.023230524112780888,0.06267881393432617,0.4041828904300928,0.5035558827221394,0.41043549093107384,0.5707873590290546,0.3322424255311489,0.33690184354782104,0.3955612741410732,0.40271466970443726,0.3888559763630231,0.39798039197921753,0.44899043689171475,0.47620707750320435,0.46778082102537155,0.5279056429862976,0.5157921239733696,0.5360906720161438,0.5238974715272585,0.5187156498432159,0.4467281500498454,0.6053022146224976,0.5272902150948843,0.5178743302822113,0.4455904960632324,0.4295974424329855,0.015993053630246945,0.4492635279893875,0.42936113476753235,0.469531387090683,0.4275907278060913,0.4455904960632324,0.42818203568458557,0.4433218538761139,0.4299720227718353,0.4344932635625203,0.43301963806152344,0.4316771924495697,0.42354679107666016,0.43071051438649494,0.42925918102264404,0.42983344197273254,0.4251863956451416,0.4305606782436371,0.4298427104949951,0.42850393056869507,0.4243101179599762,0.4264185130596161,0.4248099625110626
975428833,qlstm,extrapolation,near_best,2000228,62,4,58,58,3,0.09360394873494218,0.30069563802211513,0.09234378259989828,0.3038811981678009,0.06890698048904859,0.2548944987356663,0.09530718792431417,0.30385433728324956,0.0304434263500674,0.03185666702231582,0.037050475676854454,0.3195142199595769,0.30442869663238525,0.307497705022494,0.2807074189186096,0.2548944987356663,0.1578887403011322,0.2600606270134449,0.19531592726707458,0.24856360256671906,0.2015165388584137,0.2664160281419754,0.21631577610969543,0.25046538561582565,0.2641773521900177,0.30861692130565643,0.3561917841434479,0.28774676099419594,0.2890859544277191,0.22119012475013733,0.19891229271888733,0.28312453627586365,0.3750244677066803,0.454050250351429,0.4284124944744439,0.02563775587698508,0.4302263855934143,0.43332934379577637,0.427668958902359,0.43073272705078125,0.454050250351429,0.4226580858230591,0.43967168778181076,0.42658135294914246,0.43605396896600723,0.43080273270606995,0.43087755888700485,0.4217691123485565,0.42933449894189835,0.4282653331756592,0.42820268124341965,0.42667970061302185,0.4292701855301857,0.4318488538265228,0.4275084584951401,0.42435500025749207,0.4271048679947853,0.42617425322532654
975428833,qlstm,extrapolation,near_best,2000229,62,3,59,58,3,0.20220718230276583,0.4432887299166572,0.2679969529495452,0.5176842212677002,0.09629024732380122,0.2771853332718213,0.20759278916610302,0.4517346653392759,0.029116508775743944,0.025947283072905107,0.04367078344027201,0.32257220645745593,0.3975110128521919,0.2882065599163373,0.080302894115448,0.2771853332718213,0.3863869607448578,0.38274765263001126,0.44453561305999756,0.42407504965861637,0.43017852306365967,0.30504997571309406,0.40466850996017456,0.40628259380658466,0.4277923107147217,0.443228820959727,0.4412510395050049,0.46026400725046795,0.4994407892227173,0.5030055244763693,0.5050294995307922,0.46932655572891235,0.43801259994506836,0.4368056853612264,0.4299508499897132,0.006854835371513157,0.47117631634076435,0.4368228018283844,0.45035980145136517,0.4289759397506714,0.4368056853612264,0.4330247640609741,0.4355580012003581,0.42921292781829834,0.4328301151593526,0.4324546158313751,0.4317722022533417,0.4338860511779785,0.42862817645072937,0.4189737141132355,0.42783722281455994,0.42772164940834045,0.42457088828086853,0.43018755316734314,0.42813339829444885,0.42831042408943176,0.4282112419605255,0.4305645525455475
975428833,qlstm,extrapolation,near_best,2000230,62,3,59,59,2,0.07184413945066982,0.25987588277747553,0.07666079937866144,0.27687686681747437,0.07356513033250489,0.23667394618193308,0.07175663143972905,0.26105564226538447,0.026415584956185293,0.024940140821315623,0.01210261881351471,0.3946288600564003,0.3562072664499283,0.4071388617157936,0.4077252298593521,0.23667394618193308,0.05450010299682617,0.27669547498226166,0.10341227054595947,0.3347833603620529,0.16357439756393433,0.22144249081611633,0.20327487587928772,0.21262845893700918,0.2445986270904541,0.27453231314818066,0.2125968337059021,0.15085338552792868,0.16950687766075134,0.21209766467412314,0.26949796080589294,0.22449044386545816,0.23705613613128662,0.46664150555928546,0.43028185529223945,0.03635965026704602,0.4441259503364563,0.43484699726104736,0.44102178514003754,0.4386429786682129,0.46664150555928546,0.430271178483963,0.4506142238775889,0.429976224899292,0.4409300585587819,0.4307422935962677,0.4353489975134532,0.4323752224445343,0.4333145022392273,0.4282064139842987,0.43245019515355426,0.42633238434791565,0.43114537994066876,0.43247708678245544,0.42786086599032086,0.4288518726825714,0.42594509323438007,0.4217393398284912
975428833,qlstm,extrapolation,near_best,2000231,62,3,59,58,3,0.14590731590956074,0.3756616658741428,0.1948181145161385,0.4413820505142212,0.09050709791539045,0.2889324948191643,0.14872427614655248,0.38007162372439596,0.026806949541486543,0.02636492481598487,0.03284676869710287,0.26723699520031613,0.39181820303201675,0.2647824262579282,0.4147983565926552,0.2889324948191643,0.2684422731399536,0.2805243556698163,0.3035045266151428,0.2770133937398593,0.2928869128227234,0.37576720615228015,0.3122178912162781,0.3220265433192253,0.3495103120803833,0.3754964893062909,0.41880419850349426,0.3327469031016032,0.34522587060928345,0.37302274505297345,0.3850839138031006,0.3905736605326335,0.41164761781692505,0.4413023789723714,0.42729918077840645,0.01400319819396495,0.4643186330795288,0.43506142497062683,0.4492054879665375,0.43164029717445374,0.4413023789723714,0.42743179202079773,0.43529515465100604,0.42823609709739685,0.4344022572040558,0.429316908121109,0.4319847524166107,0.42444440722465515,0.4303593734900157,0.4294753968715668,0.42719589670499164,0.42063048481941223,0.42831799387931824,0.4272424876689911,0.4252471129099528,0.41676628589630127,0.42102251450220746,0.4278619587421417
975428833,qlstm,extrapolation,near_best,2000232,62,0,62,61,0,0.07515410799184735,0.26153376650425697,0.06072733835942845,0.2464291751384735,,,0.07515410799184735,0.26153376650425697,0.03245963327220229,0.03245963327220229,,,,,,,,,,,,,,,,,,,,,,,,,0.4319229337476915,,,,,,,,,,,,,,,,,,,,,,,
975428833,qlstm,extrapolation,near_best,2000233,62,4,58,58,3,0.2170736645463737,0.4608144106403474,0.12713137235211036,0.35655486583709717,0.08952068471078994,0.2960526831448078,0.22587042177641398,0.47217728839866047,0.022925660014152527,0.02266092625531283,0.043427119652430214,0.29292238503694534,0.3226648420095444,0.2660629500945409,0.2829776555299759,0.2960526831448078,0.3620598316192627,0.3216690346598625,0.39107781648635864,0.35262516513466835,0.44426876306533813,0.3508812449872494,0.46125513315200806,0.3566441461443901,0.45887425541877747,0.411943256855011,0.4503666162490845,0.46802523732185364,0.5077027976512909,0.48438091576099396,0.4982563555240631,0.5203886479139328,0.5596840381622314,0.47386130690574646,0.42909913381625864,0.04476217308948782,0.48856471478939056,0.442156046628952,0.48243967692057294,0.4383833706378937,0.47386130690574646,0.4282532036304474,0.4516089856624603,0.43244433403015137,0.44339893013238907,0.4314103424549103,0.43775225430727005,0.4286966323852539,0.43483567237854004,0.43055006861686707,0.4297746792435646,0.4269908368587494,0.42997974157333374,0.4292619228363037,0.4300127252936363,0.43306103348731995,0.4309781938791275,0.4286562502384186
975428833,qlstm,extrapolation,near_best,2000234,62,3,59,59,2,0.06696162830596987,0.25258873090628653,0.08855458584960818,0.2975812256336212,0.1141602354724615,0.32877761622269946,0.06456169912801267,0.24871471978850285,0.02789466259843212,0.028837595202706078,0.06243659555912018,0.35002635419368744,0.35002635419368744,0.363086961209774,0.3368356078863144,0.32877761622269946,0.21882560849189758,0.3134682774543762,0.1808624565601349,0.31048571070035297,0.20604482293128967,0.3116874098777771,0.24099701642990112,0.31966403126716614,0.2721301317214966,0.21525251865386963,0.24606949090957642,0.21220229069391885,0.1895650327205658,0.21996822953224182,0.16874471306800842,0.2340861757596334,0.27548447251319885,0.4829221765200297,0.42461001822503947,0.05831215829499026,0.4356648921966553,0.4356648921966553,0.48236533999443054,0.43584251403808594,0.4829221765200297,0.43536460399627686,0.45367664098739624,0.4254275858402252,0.44297218322753906,0.4331585168838501,0.43476303418477374,0.4239547550678253,0.4312858581542969,0.4223501682281494,0.42648666103680927,0.4186677932739258,0.4259304205576579,0.4206779897212982,0.42196420828501385,0.42023780941963196,0.4262749254703522,0.4219844341278076
975428833,qlstm,extrapolation,near_best,2000235,62,2,60,60,1,0.2793440937617165,0.5236340194580055,0.2815510151759293,0.5306138098239899,0.2025014427141048,0.44310748018324375,0.28190551546330356,0.5263182374338309,0.023458017408847807,0.02393206475036485,0.0836184024810791,0.329399723559618,0.329399723559618,0.30203991010785103,0.30203991010785103,0.44310748018324375,0.5215753316879272,0.4475113246589899,0.5280401706695557,0.44073797203600407,0.5285989046096802,0.4388596061617136,0.5483194887638092,0.43417672254145145,0.5663135349750519,0.5092605352401733,0.490480899810791,0.5381480604410172,0.5279766321182251,0.5655998140573502,0.618177056312561,0.593475341796875,0.5730699300765991,0.4780658930540085,0.4291406427820524,0.0489252502719561,0.44475820660591125,0.44475820660591125,0.43854281306266785,0.43854281306266785,0.4780658930540085,0.4337069094181061,0.4601146876811981,0.43422892689704895,0.44275030493736267,0.4324168860912323,0.43814319372177124,0.4315281808376312,0.4343906342983246,0.4302384555339813,0.43203961849212646,0.429850310087204,0.432473823428154,0.43341946601867676,0.4295728802680969,0.429334431886673,0.4247417151927948,0.4234979450702667
975428833,qlstm,extrapolation,near_best,2000236,62,1,61,61,0,0.07885436602429217,0.2741357732203699,0.12086667097845893,0.34765884280204773,0.055803944486015666,0.2362285852432251,0.07923224178721475,0.2747572025314706,0.024971214962787317,0.024971214962787317,,,,,,0.2362285852432251,0.2362285852432251,0.27040010690689087,0.27040010690689087,0.3004871904850006,0.3004871904850006,0.20550721883773804,0.20550721883773804,0.2379918098449707,0.2379918098449707,0.29555535316467285,0.29555535316467285,0.3205696940422058,0.3205696940422058,0.2190181016921997,0.2190181016921997,0.28652554750442505,0.28652554750442505,0.5296207070350647,0.427976234037368,0.10164447299769669,,,,,0.5296207070350647,0.5296207070350647,0.48029765486717224,0.48029765486717224,0.4604557752609253,0.4604557752609253,0.4442329406738281,0.4442329406738281,0.4369584321975708,0.4369584321975708,0.4285253584384918,0.4285253584384918,0.4303685426712036,0.4303685426712036,0.43060067296028137,0.43060067296028137,0.42357179522514343,0.42357179522514343
975428833,qlstm,extrapolation,near_best,2000237,62,3,59,59,2,0.27369394141964437,0.5150409658709841,0.3525859251824057,0.5937894620001316,0.15022399692111943,0.3847634804745515,0.2799720741907558,0.5216652447894469,0.02841266130996963,0.028486113463129317,0.03944765031337738,0.29751038551330566,0.2955223321914673,0.36800333857536316,0.44048434495925903,0.3847634804745515,0.3876110352575779,0.3697502339879672,0.44736719503998756,0.4041108911236127,0.46546703949570656,0.39675723761320114,0.4292823411524296,0.4468391463160515,0.47075075283646584,0.4887114403148492,0.5105567611753941,0.512163215627273,0.5718525089323521,0.5682906943062941,0.5847517885267735,0.6311426796019077,0.6402162946760654,0.4646846354007721,0.4294430648876449,0.03524157051312721,0.4469933360815048,0.4454519748687744,0.44035615026950836,0.4352603256702423,0.4646846354007721,0.43312621116638184,0.45122729738553363,0.43537232279777527,0.4388795495033264,0.43273162841796875,0.43537743886311847,0.4279487133026123,0.43260029951731366,0.4345918595790863,0.43306468923886615,0.4324449598789215,0.42945385972658795,0.43081676959991455,0.42754921317100525,0.4267667829990387,0.42753997445106506,0.42957425117492676
975428833,qlstm,extrapolation,near_best,2000238,62,3,59,58,3,0.13336636971825713,0.36065313460365417,0.10899802431565409,0.33014848828315735,0.1358610531615696,0.35538049538930255,0.1332395214075802,0.360921234902689,0.027293098383936388,0.02673159597011713,0.06397566199302673,0.3890492618083954,0.4036760926246643,0.35523590445518494,0.45212677121162415,0.35538049538930255,0.2189861536026001,0.35943616429964703,0.15811407566070557,0.28384750088055927,0.2010948657989502,0.28654811779658,0.2641357183456421,0.30084844430287677,0.3270280361175537,0.3664659063021342,0.36869359016418457,0.3374569316705068,0.4246910512447357,0.35606635610262555,0.33369043469429016,0.36131606499354046,0.2723206579685211,0.44987871249516803,0.42644560690653527,0.023433105588632763,0.43567489087581635,0.4379521608352661,0.460218886534373,0.4234769344329834,0.44987871249516803,0.43013641238212585,0.4364234705766042,0.4257364571094513,0.4369000593821208,0.4351001977920532,0.42847053209940594,0.4229041039943695,0.4313960870107015,0.4256904423236847,0.42946820457776386,0.4247620105743408,0.4254729151725769,0.42152032256126404,0.42509719729423523,0.4272577464580536,0.421625812848409,0.42000165581703186
975428833,qlstm,extrapolation,near_best,2000239,62,2,60,60,1,0.19159342909596394,0.43172628264273366,0.20581366570905169,0.45366691052913666,0.10385303946071212,0.31444940716028214,0.19451810875047232,0.43563551182548205,0.02996130883693695,0.03030487530085505,0.028719782829284668,0.5049663484096527,0.5049663484096527,0.49158695340156555,0.49158695340156555,0.31444940716028214,0.2439184933900833,0.34077218919992447,0.292648509144783,0.39469992369413376,0.3352918475866318,0.3858238086104393,0.3409153074026108,0.3956310376524925,0.35240088403224945,0.42166995257139206,0.3267337530851364,0.48320623487234116,0.4091983884572983,0.33173272013664246,0.4195469468832016,0.34464801847934723,0.336895152926445,0.48051877319812775,0.4286990905801455,0.051819682617982255,0.4252745807170868,0.4252745807170868,0.4272027015686035,0.4272027015686035,0.48051877319812775,0.43087610602378845,0.45593076944351196,0.430320143699646,0.44398973882198334,0.4332702159881592,0.43230295181274414,0.42547607421875,0.4330688714981079,0.4275749623775482,0.42723752558231354,0.4180692732334137,0.4249357581138611,0.42594102025032043,0.42622292041778564,0.42156973481178284,0.428220734000206,0.42886650562286377
975428833,qlstm,extrapolation,near_best,2000240,62,0,62,61,0,0.11222290719732263,0.3287774925270388,0.09544563204428957,0.3089427649974823,,,0.11222290719732263,0.3287774925270388,0.03271175896535154,0.03271175896535154,,,,,,,,,,,,,,,,,,,,,,,,,0.4312691097297976,,,,,,,,,,,,,,,,,,,,,,,
975428833,qlstm,extrapolation,near_best,2000241,62,2,60,60,1,0.04175017875606003,0.13709458949104433,0.0009299006680443256,0.030494272708892822,0.11133762695420302,0.25863486528396606,0.039430597149455265,0.1330432469646136,0.042609969774881996,0.042484639950518335,-0.006856143474578857,0.47187960147857666,0.47187960147857666,0.4840869903564453,0.4840869903564453,0.25863486528396606,0.0478135347366333,0.28589846193790436,0.038027286529541016,0.23918655514717102,0.0030654072761535645,0.26952971518039703,0.012337982654571533,0.2971768379211426,0.03579527139663696,0.2986434996128082,0.1254073977470398,0.11618977785110474,0.18456602096557617,0.10748691856861115,0.17917856574058533,0.10894933342933655,0.033332645893096924,0.4776814877986908,0.42843834559122723,0.049243142207463564,0.4366755783557892,0.4366755783557892,0.4294092655181885,0.4294092655181885,0.4776814877986908,0.42899370193481445,0.45962415635585785,0.43263041973114014,0.44211554527282715,0.4237399995326996,0.4349901080131531,0.4212631285190582,0.43131017684936523,0.4224907159805298,0.43066880106925964,0.4246620237827301,0.42485010623931885,0.42070651054382324,0.424654483795166,0.42681825160980225,0.4216042011976242,0.42250189185142517
975428833,qlstm,extrapolation,near_best,2000242,62,4,58,58,3,0.17068076394303566,0.404809616746441,0.10323102800136041,0.3212958574295044,0.0977705776394196,0.30294716730713844,0.17570905265362988,0.4118346132594964,0.02360943679151864,0.024541065096855164,0.043368776639302574,0.30609552562236786,0.24337412416934967,0.3080027749141057,0.25654236972332,0.30294716730713844,0.3791202902793884,0.3108765669167042,0.36629804968833923,0.3225889541208744,0.3854998052120209,0.32287950441241264,0.38355326652526855,0.4085031598806381,0.40329062938690186,0.3808329962193966,0.44389620423316956,0.3843218944966793,0.4072132706642151,0.35893623158335686,0.3884360194206238,0.4255915954709053,0.4605649709701538,0.45334621518850327,0.4287019510721338,0.02464426411636944,0.4338138997554779,0.4233042299747467,0.4304160972436269,0.4281381368637085,0.45334621518850327,0.4202328026294708,0.4411933124065399,0.4234829246997833,0.4310114160180092,0.4276672303676605,0.43220187723636627,0.4297381341457367,0.4270590543746948,0.43319347500801086,0.42638546228408813,0.4255943298339844,0.428727351129055,0.4331274926662445,0.43093807995319366,0.43274855613708496,0.42848891764879227,0.42561712861061096
975428833,qlstm,extrapolation,near_best,2000243,62,4,58,58,3,0.26081037794081,0.48723461557059516,0.3548767355126623,0.5957153141498566,0.11029406912330367,0.3099263636395335,0.27119081303167253,0.4994627708761856,0.023465667819154674,0.021076102430621784,0.04805105924606323,0.268170112123092,0.15898185968399048,0.24989861622452736,0.1060175895690918,0.3099263636395335,0.39454972743988037,0.28748761396855116,0.43921220302581787,0.2959636403247714,0.46242237091064453,0.27649933844804764,0.5051788985729218,0.27201689779758453,0.5191141366958618,0.2230411395430565,0.5573167502880096,0.2952197715640068,0.5049310922622681,0.4104003831744194,0.548642635345459,0.5390703678131104,0.5615353584289551,0.4614561051130295,0.4253207090599784,0.036135396053051105,0.44967233141263324,0.4277418553829193,0.44169220328330994,0.430465966463089,0.4614561051130295,0.4306279718875885,0.4439691975712776,0.42959991097450256,0.4360924959182739,0.42389047145843506,0.43377258628606796,0.422560453414917,0.4273696318268776,0.4130833148956299,0.42755407840013504,0.4172093868255615,0.4281334951519966,0.42932334542274475,0.4275552034378052,0.42871996760368347,0.42185359448194504,0.42229828238487244
975428833,qlstm,extrapolation,near_best,2000244,62,4,58,57,4,0.09499023687522529,0.3004508875310421,0.08179580307400158,0.2859996557235718,0.06813803800093937,0.24793322756886482,0.09684211265965878,0.3040727951146405,0.03845329608833581,0.03955347606768975,0.033827923238277435,0.3025022620956103,0.38167834281921387,0.2890896964818239,0.3333814740180969,0.24793322756886482,0.12479668855667114,0.28827670589089394,0.19662654399871826,0.31792759895324707,0.2512856721878052,0.3383853957056999,0.3093414306640625,0.3430926278233528,0.26457518339157104,0.2692165672779083,0.23700976371765137,0.224811851978302,0.3265385031700134,0.2556777596473694,0.3079954981803894,0.33435530960559845,0.2400890588760376,0.4565118998289108,0.42714161040454074,0.02937028942437009,0.4789025088151296,0.43129467964172363,0.47318094223737717,0.42811593413352966,0.4565118998289108,0.43578997254371643,0.44421064108610153,0.4241008460521698,0.43600107729434967,0.42421236634254456,0.4297235384583473,0.4227828085422516,0.42681610584259033,0.42188310623168945,0.4313921555876732,0.430368036031723,0.4270838499069214,0.42423221468925476,0.42606090009212494,0.42680272459983826,0.42445969581604004,0.428049772977829
975428833,qlstm,extrapolation,near_best,2000245,62,2,60,60,1,0.2038933252425525,0.4434681955364443,0.32025048136137735,0.5659067779779434,0.08816648252722203,0.29522451013326645,0.20775088666639682,0.4484096517165502,0.030426927904287974,0.030426927904287974,0.05244222283363342,,,0.3269888162612915,0.3269888162612915,0.29522451013326645,0.2634602040052414,0.31278955936431885,0.3621189147233963,0.3824101835489273,0.4027014523744583,0.4389992207288742,0.4752969890832901,0.4840939790010452,0.49289096891880035,0.5116579383611679,0.4987197071313858,0.4932648688554764,0.45986588299274445,0.5355389565229416,0.5519120842218399,0.44130100309848785,0.39419014751911163,0.5036790370941162,0.4275954529643059,0.07608358412981031,,,0.5224813222885132,0.5224813222885132,0.5036790370941162,0.48487675189971924,0.46959012746810913,0.454303503036499,0.450267031788826,0.44623056054115295,0.4437004029750824,0.44117024540901184,0.44015565514564514,0.43914106488227844,0.4269339144229889,0.4227478802204132,0.4277656227350235,0.4242006838321686,0.42669743299484253,0.4237126111984253,0.4221140295267105,0.42219725251197815
975428833,qlstm,extrapolation,near_best,2000246,62,3,59,59,2,0.23967541700134146,0.48297092943422254,0.17932791820229355,0.42347127199172974,0.10493202743237173,0.31718525290489197,0.24652677579298402,0.4914007095967309,0.02020752834061445,0.01880735700780695,0.04153025150299072,0.4165429472923279,0.4174532890319824,0.32575376331806183,0.23405423760414124,0.31718525290489197,0.3948788642883301,0.4102737605571747,0.4280698001384735,0.41629814108212787,0.44445645809173584,0.4288518528143565,0.4264664947986603,0.4050343930721283,0.3711833953857422,0.39009131987889606,0.40869569778442383,0.4011876980463664,0.3487345576286316,0.4239770472049713,0.44917401671409607,0.471836398045222,0.511957198381424,0.4627768397331238,0.42763367648852074,0.03514316324460304,0.4386081099510193,0.43589234352111816,0.43357759714126587,0.4312628507614136,0.4627768397331238,0.4290487766265869,0.4488350848356883,0.43150219321250916,0.4390445649623871,0.42848870158195496,0.4319390257199605,0.4260044991970062,0.43126383423805237,0.4318946599960327,0.4294497072696686,0.4326450526714325,0.42526398102442425,0.4273521900177002,0.42841816941897076,0.42185887694358826,0.42521045605341595,0.42463502287864685
975428833,qlstm,extrapolation,near_best,2000247,62,3,59,59,2,0.22651277892936209,0.45140030355222766,0.31385069266683363,0.560223788022995,0.08213307770637268,0.2498165468374888,0.23385411966951408,0.46165032508009574,0.025384966094615095,0.021382587213142245,0.021337538957595825,0.20600828528404236,0.20600828528404236,0.256051167845726,0.14308646321296692,0.2498165468374888,0.32780611515045166,0.1462172567844391,0.35332268476486206,0.16901424527168274,0.3800191879272461,0.22279536724090576,0.40660494565963745,0.23851078748703003,0.42194777727127075,0.2310981551806132,0.4603119492530823,0.26647521058718365,0.4503308832645416,0.42550138632456463,0.4898800253868103,0.4950481653213501,0.5774328708648682,0.47398388385772705,0.4286821646205449,0.045301719237182125,0.426686555147171,0.426686555147171,0.47404418885707855,0.43141379952430725,0.47398388385772705,0.4275461733341217,0.45528940359751385,0.43167373538017273,0.4442131717999776,0.4268130958080292,0.4404638707637787,0.43058887124061584,0.43776458501815796,0.43021300435066223,0.4284132818380992,0.42737260460853577,0.42833736538887024,0.42691174149513245,0.4267868101596832,0.42295846343040466,0.42849143346150714,0.4261697232723236
975428833,qlstm,extrapolation,near_best,2000248,62,2,60,59,2,0.018182635954798205,0.11160602096107698,0.023820991668856095,0.15434050559997559,0.061596132805296584,0.2179046180099249,0.016735519393114927,0.10806273439278205,0.04840285798250619,0.049131840467453,0.033191561698913574,0.25189406238496304,0.3367057554423809,0.27952091954648495,0.339934092015028,0.2179046180099249,0.09910348057746887,0.17525560222566128,0.010577112436294556,0.07241572439670563,0.04572796821594238,0.006325975060462952,0.0020748376846313477,0.06715139746665955,0.08857482671737671,0.09667849540710449,0.10478216409683228,0.0861530601978302,0.06752395629882812,0.06529644131660461,0.04872232675552368,0.13217853009700775,0.128098726272583,0.4519217014312744,0.43013182282447815,0.021789878606796265,0.49663902819156647,0.46492430567741394,0.46149742603302,0.4398394525051117,0.4519217014312744,0.4389190971851349,0.4378083795309067,0.43577730655670166,0.43332934379577637,0.42773959040641785,0.4341235011816025,0.4324696958065033,0.43073251843452454,0.4337254464626312,0.43348070979118347,0.4332359731197357,0.42852024734020233,0.42380452156066895,0.42956504225730896,0.43136653304100037,0.4206564724445343,0.42215147614479065
975428833,qlstm,extrapolation,near_best,2000249,62,3,59,59,2,0.17069040728469978,0.4080498821793064,0.39978435751317765,0.6322850286960602,0.13018194814961184,0.3468427894016107,0.17275015944411107,0.4111621072357994,0.028063772088390285,0.02760465686971491,0.03576281666755676,0.32347250543534756,0.229625403881073,0.31918024085462093,0.18425428867340088,0.3468427894016107,0.33823463320732117,0.3276823200285435,0.3498462736606598,0.3831842777629693,0.3939985930919647,0.4074651536842187,0.4184429943561554,0.35067089398701984,0.42838868498802185,0.3902430633703868,0.40410587191581726,0.385840247074763,0.35941627621650696,0.407433142264684,0.4299990236759186,0.40172287821769714,0.3843989074230194,0.4693869948387146,0.4277812676914668,0.041605727147247806,0.44938817620277405,0.44204649329185486,0.44176506996154785,0.4369887113571167,0.4693869948387146,0.43570998311042786,0.44771193464597064,0.43107306957244873,0.43818385402361554,0.42211171984672546,0.4357988138993581,0.4297819435596466,0.4292065401871999,0.4234614074230194,0.4275948206583659,0.4236130714416504,0.42494343717892963,0.4291055202484131,0.4220645030339559,0.42140331864356995,0.42532427112261456,0.42664435505867004
