run_seed,model,split,case_type,sequence_id,n_metric_steps,n_events,n_nonevents,n_drift_steps,n_revision_steps,mse,mae,final_mse,final_mae,event_mse,event_mae,nonevent_mse,nonevent_mae,drift_nonevent,drift_post_best,revision_gain,event_abs_err_lag_m2,best_abs_err_lag_m2,event_abs_err_lag_m1,best_abs_err_lag_m1,event_abs_err_lag_0,best_abs_err_lag_0,event_abs_err_lag_1,best_abs_err_lag_1,event_abs_err_lag_2,best_abs_err_lag_2,event_abs_err_lag_3,best_abs_err_lag_3,event_abs_err_lag_4,best_abs_err_lag_4,event_abs_err_lag_6,best_abs_err_lag_6,event_abs_err_lag_8,best_abs_err_lag_8,event_abs_err_lag_12,best_abs_err_lag_12,event_abs_err_lag_16,best_abs_err_lag_16,alpha_event,alpha_nonevent,alpha_contrast,event_alpha_lag_m2,best_alpha_lag_m2,event_alpha_lag_m1,best_alpha_lag_m1,event_alpha_lag_0,best_alpha_lag_0,event_alpha_lag_1,best_alpha_lag_1,event_alpha_lag_2,best_alpha_lag_2,event_alpha_lag_3,best_alpha_lag_3,event_alpha_lag_4,best_alpha_lag_4,event_alpha_lag_6,best_alpha_lag_6,event_alpha_lag_8,best_alpha_lag_8,event_alpha_lag_12,best_alpha_lag_12,event_alpha_lag_16,best_alpha_lag_16
1212609727,qslstm_log,extrapolation,iid,2000000,62,8,54,53,8,0.06321133238477625,0.2301484413685337,0.13594710535666388,0.36871005594730377,0.03337891809417762,0.1536621879786253,0.06763094931671677,0.24147973816703866,0.013982099182200882,0.00942760705947876,0.02558266744017601,0.13176703453063965,0.11953282356262207,0.11773836612701416,0.09896576404571533,0.1536621879786253,0.38131268322467804,0.15451756305992603,0.3751269727945328,0.1513624843209982,0.37171848118305206,0.14151817373931408,0.37850750982761383,0.17099563404917717,0.36157573759555817,0.15993250906467438,0.3652801662683487,0.18629471957683563,0.348507896065712,0.26945333182811737,0.36470456421375275,0.25710324943065643,,0.18733475264161825,0.09141178808554455,0.0959229645560737,0.19582464545965195,0.12782873213291168,0.1964649148285389,0.07571270316839218,0.18733475264161825,0.10603006929159164,0.16030339244753122,0.06480898708105087,0.15872799511998892,0.06900385767221451,0.1326053822413087,0.06267978996038437,0.12460533622652292,0.09724835306406021,0.09915833780542016,0.04749288782477379,0.10166816879063845,0.10844553261995316,0.09628682117909193,0.09729758650064468,0.08584689189280782,
1212609727,qslstm_log,extrapolation,iid,2000001,62,4,58,58,3,0.056394362472743015,0.23053848695370457,0.05517002856865716,0.23488301038742065,0.0861362792319218,0.2903829962015152,0.0543431957996962,0.22641127941937284,0.02056857943534851,0.015290407573475558,0.0499800443649292,0.3834328552087148,0.2242882251739502,0.3308552106221517,0.20419061183929443,0.2903829962015152,0.23655205965042114,0.2831919938325882,0.24399590492248535,0.2764377072453499,0.21373730897903442,0.2732192873954773,0.24453186988830566,0.2526779919862747,0.22637486457824707,0.21926698088645935,0.1895403265953064,0.21189643442630768,0.16502833366394043,0.19470219314098358,0.2005305290222168,0.21874867379665375,0.23463064432144165,0.1657871324568987,0.09918213584299745,0.06660499661390124,0.14580686887105307,0.0957995057106018,0.14969648917516074,0.15815405547618866,0.1657871324568987,0.08568167686462402,0.19156096316874027,0.14934316277503967,0.156227333471179,0.140123650431633,0.12914846651256084,0.15272106230258942,0.1384342424571514,0.15425318479537964,0.12375947088003159,0.0941113829612732,0.1323288381099701,0.14067113399505615,0.11786493472754955,0.08509501069784164,0.12085885554552078,0.12565459311008453
1212609727,qslstm_log,extrapolation,iid,2000002,62,3,59,58,3,0.16257880604600414,0.3968382542652468,0.09988635479216157,0.3160480260848999,0.12967773273637473,0.3270459870497386,0.16425174197700226,0.40038701361518797,0.020013166912670792,0.012365867962708344,0.07289030154546101,0.2896461139122645,0.48407867550849915,0.28565999617179233,0.4597737789154053,0.3270459870497386,0.42712312936782837,0.4363148013750712,0.4091660976409912,0.4616621534029643,0.41526371240615845,0.477312038342158,0.4000791311264038,0.47391148408253986,0.4398097097873688,0.43534429868062335,0.3751249313354492,0.428069273630778,0.40090513229370117,0.431489755709966,0.3939548432826996,0.4336903790632884,0.40564513206481934,0.12328477079669635,0.09989386740124832,0.023390903395448026,0.2792459689080715,0.056986141949892044,0.20239313070972761,0.05664648488163948,0.12328477079669635,0.04834059998393059,0.14131610095500946,0.0545881986618042,0.1416314716140429,0.1028566062450409,0.1007382832467556,0.06040790304541588,0.13537278771400452,0.11558863520622253,0.10543520996967952,0.08870991319417953,0.09142649297912915,0.05620385333895683,0.07015729695558548,0.06944585591554642,0.09137244025866191,0.09594260901212692
1212609727,qslstm_log,extrapolation,iid,2000003,62,2,60,59,2,0.17368533939275002,0.4148074184213915,0.16605407517966442,0.4074973315000534,0.11888873466705197,0.343113973736763,0.17551189288360663,0.4171971999108791,0.015986780999070506,0.016019059666271866,0.08882486820220947,0.3090326637029648,0.3090326637029648,0.2962666377425194,0.2949180454015732,0.343113973736763,0.3771952837705612,0.34087756276130676,0.38683708012104034,0.362620010972023,0.3480447381734848,0.36006125807762146,0.3332854360342026,0.3534359335899353,0.3588271290063858,0.3865981251001358,0.4143691211938858,0.38827766478061676,0.3621862083673477,0.38396383821964264,0.37311725318431854,0.3836507648229599,0.38716672360897064,0.2155345231294632,0.09447452376286189,0.1210599993666013,0.25580403208732605,0.25580403208732605,0.31937237828969955,0.23884393274784088,0.2155345231294632,0.17526501417160034,0.21991421282291412,0.20098449289798737,0.18548587709665298,0.19570674002170563,0.17686475068330765,0.15274500846862793,0.14932328835129738,0.10293983668088913,0.13545194640755653,0.16796405613422394,0.11988525465130806,0.07180645316839218,0.10132046416401863,0.10058379173278809,0.08256665244698524,0.10096567869186401
1212609727,qslstm_log,extrapolation,iid,2000004,62,7,55,55,6,0.07455370648971442,0.24129131772825796,0.06659302212226792,0.25805623829364777,0.06843488616177752,0.23335569032600947,0.07533246544054274,0.2423013066703623,0.014570849592035468,0.009057319826549955,0.02703644831975301,0.25797039270401,0.3401085138320923,0.2506379733482997,0.34737998247146606,0.23335569032600947,0.22873561084270477,0.23627003814492906,0.2513422518968582,0.2362481334379741,0.24691714346408844,0.24665906386716024,0.2509879618883133,0.2833162993192673,0.2526521533727646,0.2499981756721224,0.257728710770607,0.259294507758958,0.2361738234758377,0.1839172144730886,,0.1109340488910675,,0.21001124275582178,0.08959786370396614,0.12041337905185565,0.13575946042935053,0.05772745609283447,0.14648159593343735,0.08904018998146057,0.21001124275582178,0.12188941985368729,0.15219644350664957,0.05644536018371582,0.11312928157193321,0.04695694521069527,0.10652766163860049,0.03515629470348358,0.11513427378875869,0.04114639759063721,0.12129664793610573,0.09709649533033371,0.0928654952773026,0.09286477416753769,0.07199559919536114,,0.0910487516472737,
1212609727,qslstm_log,extrapolation,iid,2000005,62,3,59,58,3,0.20634015375747403,0.44177849927256185,0.23302672910546463,0.48272842168807983,0.11226452166378446,0.3008114496866862,0.21112366047410233,0.44894631535319957,0.016934387128928613,0.014720747283860748,0.04169754187266032,0.2639850527048111,0.475161075592041,0.17562445998191833,0.4708581566810608,0.3008114496866862,0.394512414932251,0.2882855037848155,0.42017287015914917,0.29054086407025653,0.4283882975578308,0.44587868452072144,0.4707522988319397,0.4414340555667877,0.4572664797306061,0.43679871161778766,0.464455783367157,0.4653345247109731,0.4967571198940277,0.46930911143620807,0.4727192521095276,0.4696833888689677,0.48453807830810547,0.1752360835671425,0.0963674312047029,0.07886865236243959,0.23696228116750717,0.16032610833644867,0.26187898963689804,0.08599890023469925,0.1752360835671425,0.10776928812265396,0.1993738810221354,0.142853781580925,0.1621401235461235,0.09131979197263718,0.133701021472613,0.11133461445569992,0.12482454131046931,0.07247810810804367,0.10427376876274745,0.10216792672872543,0.09110021591186523,0.09598195552825928,0.08980515971779823,0.055912937968969345,0.07457644119858742,0.09102945774793625
1212609727,qslstm_log,extrapolation,iid,2000006,62,1,61,61,0,0.01763387327754272,0.118481895135295,0.008700349911933358,0.09327566623687744,0.018981803886163107,0.13777446746826172,0.017611776054450582,0.11816562345770538,0.020204712132938573,0.020204712132938573,,,,,,0.13777446746826172,0.13777446746826172,0.2173730432987213,0.2173730432987213,0.2781204581260681,0.2781204581260681,0.17953473329544067,0.17953473329544067,0.2490491271018982,0.2490491271018982,0.28769099712371826,0.28769099712371826,0.23932644724845886,0.23932644724845886,0.15235617756843567,0.15235617756843567,0.11566609144210815,0.11566609144210815,0.2862299978733063,0.09442790738138997,0.19180209049191632,,,,,0.2862299978733063,0.2862299978733063,0.2380574345588684,0.2380574345588684,0.26857224106788635,0.26857224106788635,0.1916089504957199,0.1916089504957199,0.14278948307037354,0.14278948307037354,0.17420436441898346,0.17420436441898346,0.1052040085196495,0.1052040085196495,0.1309645026922226,0.1309645026922226,0.07215271145105362,0.07215271145105362
1212609727,qslstm_log,extrapolation,iid,2000007,62,4,58,58,3,0.01753413371047805,0.1043228528672649,0.0023115199275745013,0.0480782687664032,0.08795109563343596,0.2270102445036173,0.012677791508894743,0.09586165344406819,0.015947975475212622,0.015511141291686468,0.08890371521313985,0.4173835255205631,0.4133300185203552,0.2777781014641126,0.3961341381072998,0.2270102445036173,0.018348008394241333,0.3145131655037403,0.05820724368095398,0.21191411651670933,0.03370419144630432,0.23625054955482483,0.07733079791069031,0.12814965099096298,0.06441226601600647,0.052181780338287354,0.052403420209884644,0.06950213015079498,0.08386203646659851,0.0926903635263443,0.08590009808540344,0.11010514199733734,0.11868903040885925,0.2250889353454113,0.09282600494294331,0.132262930402468,0.2003941833972931,0.18550336360931396,0.27233312527338666,0.22585941851139069,0.2250889353454113,0.14890824258327484,0.22072624787688255,0.20127974450588226,0.19784224778413773,0.21647655963897705,0.1974259465932846,0.1770612597465515,0.17127887345850468,0.09387127310037613,0.15033629536628723,0.08971760421991348,0.11241999082267284,0.08902982622385025,0.11597485095262527,0.13740108907222748,0.0901531521230936,0.06360609084367752
1212609727,qslstm_log,extrapolation,iid,2000008,62,4,58,57,4,0.023389897911610107,0.12999541096148953,0.016868337311976234,0.12987816333770752,0.052607368683326605,0.18398995697498322,0.021374899927353797,0.12627164916745548,0.02341039348066899,0.012852157865251814,0.01159009337425232,0.2106958031654358,0.4157705307006836,0.1960490718483925,0.4204711318016052,0.18398995697498322,0.15207898616790771,0.18774382770061493,0.13953560590744019,0.12032032757997513,0.13299435377120972,0.10489877313375473,0.13348478078842163,0.10901207476854324,0.12937772274017334,0.11514484137296677,0.13646090030670166,0.1831042468547821,0.12976020574569702,0.11023715883493423,0.1380665898323059,0.11550664901733398,0.11772996187210083,0.13003684766590595,0.11287138842303178,0.017165459242874173,0.1331564076244831,0.11893084645271301,0.06066232267767191,0.04775935411453247,0.13003684766590595,0.1189500018954277,0.056621390394866467,0.04925410822033882,0.10561240836977959,0.045816242694854736,0.07081720139831305,0.05131752789020538,0.0694015109911561,0.09164919704198837,0.11139860935509205,0.12101364880800247,0.10999808181077242,0.061388056725263596,0.07637897785753012,0.1330791562795639,0.09699723217636347,0.09376441687345505
1212609727,qslstm_log,extrapolation,iid,2000009,62,1,61,60,1,0.07149858050093054,0.2549337754326482,0.17395780224407886,0.4170824885368347,0.15133379794380986,0.38901644945144653,0.0701898064444899,0.25273569880938923,0.022365784645080565,0.020948852811540877,0.013558447360992432,0.2347838580608368,0.2347838580608368,0.23266562819480896,0.23266562819480896,0.38901644945144653,0.38901644945144653,0.39432603120803833,0.39432603120803833,0.4374372363090515,0.4374372363090515,0.4006938934326172,0.4006938934326172,0.39383935928344727,0.39383935928344727,0.43277257680892944,0.43277257680892944,,,,,,,0.07153872400522232,0.12167094489101504,-0.05013222088579272,0.07696544378995895,0.07696544378995895,0.10010159015655518,0.10010159015655518,0.07153872400522232,0.07153872400522232,0.0890359953045845,0.0890359953045845,0.13738247752189636,0.13738247752189636,0.07602544873952866,0.07602544873952866,0.09066738933324814,0.09066738933324814,0.12787441909313202,0.12787441909313202,,,,,,
1212609727,qslstm_log,extrapolation,iid,2000010,62,2,60,60,1,0.04673359365436176,0.2114680673806898,0.04136443807874457,0.2033824920654297,0.02531221737960898,0.13173702359199524,0.04744763953018685,0.21412576884031295,0.019528356194496155,0.012317468138302074,0.026619791984558105,0.21984761953353882,0.21984761953353882,0.23565673828125,0.23565673828125,0.13173702359199524,0.22094225883483887,0.19135141372680664,0.21098846197128296,0.1477704644203186,0.23835766315460205,0.14917579293251038,0.24689173698425293,0.17531320452690125,0.2509666681289673,0.19611510634422302,0.20222347974777222,0.24252018332481384,0.24057042598724365,0.25744926929473877,0.25813180208206177,0.21249929070472717,0.22998958826065063,0.21209635213017464,0.09554793027540048,0.11654842185477415,0.05639388784766197,0.05639388784766197,0.08242236077785492,0.08242236077785492,0.21209635213017464,0.06251353770494461,0.22421566024422646,0.09971926361322403,0.15533369034528732,0.0933833122253418,0.1552143543958664,0.0893300473690033,0.0843771155923605,0.04878576472401619,0.12801844626665115,0.09583663940429688,0.10469016432762146,0.12394866347312927,0.1229359619319439,0.1307709813117981,0.06499463878571987,0.06873597949743271
1212609727,qslstm_log,extrapolation,iid,2000011,62,6,56,56,5,0.1151834156327492,0.3265742798966746,0.1469686701281392,0.3833649307489395,0.09204188602174863,0.2729482327898343,0.11766286523392785,0.3323199278009789,0.012731071029390608,0.007431201934814453,0.042800724506378174,0.31003374606370926,0.29313457012176514,0.27600892186164855,0.2838669419288635,0.2729482327898343,0.39230896532535553,0.3473244433601697,0.39143939316272736,0.35086091607809067,0.3976947218179703,0.34912243733803433,0.40513481199741364,0.3062693153818448,0.38654322922229767,0.2621314153075218,0.3943389803171158,0.26870370159546536,0.38391490280628204,0.27615468949079514,0.38851405680179596,0.27414533744255704,0.400775745511055,0.2024490274488926,0.07820442698097654,0.12424460046791605,0.10841051395982504,0.044922906905412674,0.15726325064897537,0.09311679750680923,0.2024490274488926,0.08064183592796326,0.1504221527526776,0.0439130924642086,0.11676607218881448,0.041750770062208176,0.11576516988376777,0.037812989205121994,0.12315768003463745,0.08063603192567825,0.09476069795588653,0.04805362597107887,0.08527654161055882,0.045479822903871536,0.09454414745171864,0.06956924498081207,0.08177166432142258,0.0859057679772377
1212609727,qslstm_log,extrapolation,iid,2000012,62,2,60,59,2,0.06825391007765362,0.21694346637495102,0.0006437337734865878,0.025371909141540527,0.04542860643351965,0.15885445475578308,0.06901475353245809,0.21887976676225662,0.01776761321698205,0.008542713366056743,0.02465963363647461,0.3373246192932129,0.3383556008338928,0.2819322347640991,0.3508327603340149,0.15885445475578308,0.016749322414398193,0.1582295000553131,0.008549690246582031,0.17267271876335144,0.012789666652679443,0.1656121015548706,0.010894298553466797,0.14799991250038147,0.014015793800354004,0.1619376689195633,0.018667072057724,0.15763205289840698,0.003895699977874756,0.16224700212478638,0.01943838596343994,0.17808252573013306,0.004637002944946289,0.06733262538909912,0.08634009758631388,-0.019007472197214756,0.06973181664943695,0.039554767310619354,0.11342625692486763,0.037253059446811676,0.06733262538909912,0.034108199179172516,0.09078237228095531,0.0349121056497097,0.06552627310156822,0.04196500778198242,0.07143306918442249,0.03642330691218376,0.06337317451834679,0.03744819760322571,0.07463949918746948,0.06504925340414047,0.0675176102668047,0.035239364951848984,0.073776725679636,0.07834450155496597,0.06891046650707722,0.03621498867869377
1212609727,qslstm_log,extrapolation,iid,2000013,62,3,59,58,3,0.18473592793852256,0.4130554127116357,0.24927811357906648,0.49927759170532227,0.11273114543673361,0.3170701265335083,0.18839718806573214,0.4179360204834049,0.013692387219133049,0.010690329968929291,0.028855115175247192,0.2316243847211202,0.3024206757545471,0.2503191928068797,0.3073306679725647,0.3170701265335083,0.4699113368988037,0.3199618458747864,0.46444034576416016,0.3176512618859609,0.46391618251800537,0.3346027930577596,0.4525568187236786,0.33601118127504986,0.4669952988624573,0.36027227838834125,0.4832243025302887,0.38031477729479474,0.47922641038894653,0.4075773557027181,0.4692085087299347,0.4230627119541168,0.45818883180618286,0.18718452751636505,0.08734522911451631,0.09983929840184874,0.19128683457771936,0.07878183573484421,0.12933160364627838,0.06310471147298813,0.18718452751636505,0.11557239294052124,0.14239470909039179,0.08049134165048599,0.1119230290253957,0.06897670775651932,0.11379458010196686,0.07988901436328888,0.09547371417284012,0.06327857077121735,0.089785136282444,0.07376173883676529,0.07754460349678993,0.048679452389478683,0.08376316105326016,0.05719048157334328,0.08954518288373947,0.08697526901960373
1212609727,qslstm_log,extrapolation,iid,2000014,62,3,59,58,3,0.07735102054773609,0.2004873872764649,0.2121868879996578,0.46063748002052307,0.07097249183480987,0.20655320088068643,0.07767535251618995,0.20017895607625025,0.01321399982633262,0.0073263848369771786,0.031746745109558105,0.15878749887148538,0.03187161684036255,0.13679403066635132,0.041509658098220825,0.20655320088068643,0.4301515817642212,0.21366496880849203,0.43999287486076355,0.21286417047182718,0.4512435793876648,0.1672795514265696,0.44094550609588623,0.15455777446428934,0.4298223853111267,0.1749691665172577,0.43998563289642334,0.19201088945070902,0.4318639934062958,0.17579827706019083,0.42902058362960815,0.1560580531756083,0.4256586730480194,0.1454426273703575,0.09950708541072022,0.0459355419596373,0.1998076265056928,0.09635501354932785,0.1732568939526876,0.10823580622673035,0.1454426273703575,0.0829487070441246,0.14550813535849252,0.07217872142791748,0.10316634674866994,0.04911750555038452,0.08838241174817085,0.04063606634736061,0.10176963110764821,0.06609386950731277,0.0709139034152031,0.04165199398994446,0.11862645546595256,0.09524965286254883,0.06394214555621147,0.07846072316169739,0.10675183186928432,0.09263177961111069
1212609727,qslstm_log,extrapolation,iid,2000015,62,4,58,58,3,0.20981286015993772,0.4454840220991642,0.22089279929307182,0.46999233961105347,0.12890315255504148,0.2731767874211073,0.21539283999475814,0.45736727966316815,0.01621702673106358,0.013073102424019262,0.02873167395591736,0.2104891948401928,0.38780709356069565,0.19570824255545935,0.427670381963253,0.2731767874211073,0.49692457914352417,0.27058438770473003,0.4790077805519104,0.2943394463509321,0.4728654623031616,0.404730137437582,0.4689558744430542,0.5093776527792215,0.4745948314666748,0.514723489060998,0.4795337915420532,0.48483715392649174,0.46846622228622437,0.4489941690117121,0.478534996509552,0.4417764339596033,0.514950156211853,0.19208761118352413,0.09238695077084262,0.09970066041268151,0.1584879383444786,0.1451573371887207,0.2297851542631785,0.14375843107700348,0.19208761118352413,0.07077565044164658,0.15224759746342897,0.061085063964128494,0.15032719261944294,0.05899764597415924,0.16111146844923496,0.11343079805374146,0.12022901326417923,0.08337340503931046,0.11249169707298279,0.0481952428817749,0.08392150420695543,0.048185866326093674,0.08884798549115658,0.0688546821475029,0.13868227787315845,0.12327400594949722
1212609727,qslstm_log,extrapolation,iid,2000016,62,5,57,56,5,0.1028684511652705,0.26293541021028255,0.2877643577277956,0.5364367229485651,0.08030923709850302,0.22101667846727652,0.10484732959217992,0.2666124919421252,0.021357040320123945,0.011897049844264984,0.023471277952194215,0.16568405628204347,0.3457261323928833,0.15984449982643129,0.32590097188949585,0.22101667846727652,0.5298039180779597,0.20897505010652823,0.4963289958977839,0.18334082688379566,0.5075273973488947,0.18256032790231985,0.5181753499055048,0.1888447078614263,0.4916028244042536,0.20319851960230154,0.4989689750218531,0.22180590952921192,0.5240048629784724,0.23992543543863576,0.5405714375519892,0.3003754859266337,0.5364367229485651,0.09767170697450638,0.11541802409970969,-0.017746317125203317,0.1557422786951065,0.11454716324806213,0.1349698409438133,0.07965724915266037,0.09767170697450638,0.07269211858510971,0.12903118878602982,0.0855969488620758,0.11441773772239686,0.09718484431505203,0.10448902770876885,0.058076705783605576,0.1279694527387619,0.09556078910827637,0.11047670096158982,0.06636937707662582,0.10326635092496872,0.07066819816827774,0.09217797219753265,0.09382595866918564,0.08946824297308922,0.05688317492604256
1212609727,qslstm_log,extrapolation,iid,2000017,62,7,55,55,6,0.036169366450300805,0.17677845733781014,0.03281840677104331,0.18115851283073425,0.04529563049833258,0.17664996215275355,0.035007841935096755,0.1767948112704537,0.01972506046295166,0.010447783129555839,0.017717520395914715,0.21331932644049326,0.17408138513565063,0.17773093283176422,0.16587448120117188,0.17664996215275355,0.1974600851535797,0.1692721630845751,0.19358909130096436,0.14022008861814225,0.1746806800365448,0.1604996919631958,0.1908617913722992,0.18893039226531982,0.1752088963985443,0.1579416138785226,0.16839691996574402,0.15190257344927108,0.16589069366455078,0.22163563541003636,0.18729481101036072,0.15455653270085654,,0.1428095187459673,0.08976959701288831,0.053039921733079004,0.1399444149186214,0.090175561606884,0.157894562308987,0.0825473889708519,0.1428095187459673,0.042070839554071426,0.1493607216647693,0.09034457057714462,0.13653199108583586,0.09347638487815857,0.1202452081654753,0.06147012114524841,0.12949256865041597,0.10258707404136658,0.1095646827348641,0.07261504232883453,0.10285583404558045,0.09542343020439148,0.07823442295193672,0.09649144858121872,0.0730205699801445,
1212609727,qslstm_log,extrapolation,iid,2000018,62,0,62,61,0,0.028073226928899013,0.15959275489853275,0.017911046155777655,0.1338321566581726,,,0.028073226928899013,0.15959275489853275,0.020891604853458094,0.020891604853458094,,,,,,,,,,,,,,,,,,,,,,,,,0.10005398479200178,,,,,,,,,,,,,,,,,,,,,,,
1212609727,qslstm_log,extrapolation,iid,2000019,62,4,58,58,3,0.0685352617188371,0.25496412092639553,0.06586308874852875,0.2566380500793457,0.06355033613143513,0.2313707247376442,0.06887904969038207,0.25659125169803354,0.014987534490124932,0.010144494081798353,0.009640336036682129,0.16253156960010529,0.2571103870868683,0.20078697800636292,0.26010075211524963,0.2313707247376442,0.20887333154678345,0.19058098644018173,0.22132140398025513,0.1865841969847679,0.20824766159057617,0.2330338954925537,0.21523427963256836,0.32462046295404434,0.23423540592193604,0.32421573251485825,0.24647969007492065,0.29684697836637497,0.23550719022750854,0.27503933757543564,0.24287497997283936,0.27508632093667984,0.2611132860183716,0.2504907716065645,0.08632277138531208,0.16416800022125244,0.14119547232985497,0.07548562437295914,0.21501197665929794,0.11582767218351364,0.2504907716065645,0.10510430485010147,0.19342758879065514,0.05347399413585663,0.16548621095716953,0.11134574562311172,0.16231314651668072,0.08624427765607834,0.13693507388234138,0.09874945878982544,0.1558738499879837,0.10560491681098938,0.09535695426166058,0.07396217435598373,0.07422774378210306,0.050474438816308975,0.07684911694377661,0.05026748776435852
1212609727,qslstm_log,extrapolation,iid,2000020,62,7,55,55,6,0.08605918544001845,0.28517939967493855,0.07340758237461742,0.27093833684921265,0.06449727300851309,0.2415938994714192,0.08880342884039186,0.2907266451553865,0.01769501350142739,0.016830575466156007,0.06738096972306569,0.2459583818912506,0.3288554549217224,0.26512327541907627,0.32618874311447144,0.2415938994714192,0.22498959302902222,0.24770772882870265,0.21135306358337402,0.2404950112104416,0.20979177951812744,0.19613061206681387,0.19685757160186768,0.23035304886954172,0.2040572166442871,0.21398889592715672,0.22351497411727905,0.2579760806901114,0.2717013955116272,0.3280408041817801,0.2580823302268982,0.31972426176071167,0.3012430667877197,0.21979074712310517,0.09464188543233004,0.12514886169077513,0.16356466263532637,0.06465790420770645,0.2455073557794094,0.07239534705877304,0.21979074712310517,0.08974257856607437,0.16536515099661692,0.09431439638137817,0.17629018319504602,0.1032978892326355,0.15062163450888225,0.09391939640045166,0.13330182326691492,0.09637576341629028,0.12152258413178581,0.07202275842428207,0.1132792096052851,0.08444354683160782,0.0903464640889849,0.07049407809972763,0.11064710468053818,0.10398023575544357
1212609727,qslstm_log,extrapolation,iid,2000021,62,6,56,56,5,0.01088640987542974,0.09133347772782849,0.0024027814224760746,0.04901817440986633,0.012346450792687147,0.09242148697376251,0.010729976920009305,0.09121690530862127,0.02397252299955913,0.014332717115228827,0.014078450202941895,0.10798254609107971,0.16572237014770508,0.0779994010925293,0.058021366596221924,0.09242148697376251,0.07420697808265686,0.10747333367665608,0.0697844922542572,0.09597911437352498,0.06643232703208923,0.08933298786481221,0.07633885741233826,0.07321793834368388,0.07340952754020691,0.06813820203145345,0.08138647675514221,0.06332839528719585,0.08349695801734924,0.049018079042434694,,0.07431448996067047,,0.16955253978570303,0.08900397576923881,0.08054856401646422,0.08523625135421753,0.08558401465415955,0.12963746935129167,0.06548615545034409,0.16955253978570303,0.07911238074302673,0.1724486363430818,0.10142937302589417,0.15022380091249943,0.055767808109521866,0.11035426706075668,0.0494743175804615,0.09930360689759254,0.043406229466199875,0.10126858577132225,0.03834952041506767,0.10840710376699765,0.08176473528146744,0.09766830503940582,,0.0929148681461811,
1212609727,qslstm_log,extrapolation,iid,2000022,62,3,59,59,2,0.017630381781669268,0.1057432524619564,0.001224776540457384,0.03499680757522583,0.03264544939942985,0.1522070268789927,0.016866903767206863,0.10338068766109014,0.016539441326917228,0.007830750197172165,-0.0034484565258026123,0.17128364741802216,0.27141550183296204,0.17946918308734894,0.2818586528301239,0.1522070268789927,0.048600733280181885,0.11634491880734761,0.04253566265106201,0.14744525154431662,0.05588805675506592,0.1475462019443512,0.06411391496658325,0.16494970520337424,0.05107593536376953,0.12245045105616252,0.07942861318588257,0.10505934556325276,0.062352895736694336,0.09974922736485799,0.055195748805999756,0.08959092696507771,0.04134988784790039,0.15751653288801512,0.08705025002107782,0.0704662828669373,0.07488902844488621,0.05205293372273445,0.08190936222672462,0.08572391420602798,0.15751653288801512,0.05714486166834831,0.13362547382712364,0.05940478667616844,0.13885682200392088,0.08526621013879776,0.11065015072623889,0.052449364215135574,0.0945427951713403,0.06524210423231125,0.09969059253732364,0.10302450507879257,0.10551268110672633,0.09815233945846558,0.08323488136132558,0.06112043559551239,0.06925974165399869,0.07227515429258347
1212609727,qslstm_log,extrapolation,iid,2000023,62,4,58,58,3,0.1030347597671451,0.28329096416071536,0.22291113277444266,0.472134655341506,0.08610095999964373,0.2609646297059953,0.10420260802697277,0.2848307113644892,0.0190855434228634,0.014157807125764735,0.037121742963790894,0.2270074039697647,0.12447226047515869,0.23947446048259735,0.09744024276733398,0.2609646297059953,0.4656280931085348,0.2780138826929033,0.47817969880998135,0.300293845590204,0.49407983385026455,0.2744062333367765,0.45301867090165615,0.280243047978729,0.4587827380746603,0.28526740660890937,0.4872176107019186,0.2805308341048658,0.46076042018830776,0.31068767001852393,0.47804982028901577,0.2961417972110212,0.4567440804094076,0.24037951789796352,0.09716987404330023,0.14320964385466328,0.15355617056290308,0.11781635880470276,0.11582011481126149,0.04572190344333649,0.24037951789796352,0.11397389322519302,0.13295160047709942,0.1292552500963211,0.10194991249591112,0.09125848859548569,0.15484515391290188,0.14015759527683258,0.10793992877006531,0.08364681154489517,0.10991275496780872,0.05965511128306389,0.10971423145383596,0.10227938741445541,0.10350168496370316,0.10947635024785995,0.11105362512171268,0.12122843414545059
1212609727,qslstm_log,extrapolation,iid,2000024,62,4,58,58,3,0.1382209407291256,0.3356045717673917,0.2567329546064736,0.5066882222890854,0.14280176306514974,0.35524288937449455,0.13790502194733087,0.3342502050358674,0.014900844158797428,0.01221138664654323,0.042611529429753624,0.2998160719871521,0.45010310411453247,0.28414425253868103,0.4421444535255432,0.35524288937449455,0.4525909870862961,0.34219465032219887,0.47424666583538055,0.3111480288207531,0.4841555207967758,0.2898637242615223,0.48631756007671356,0.30296897515654564,0.4723154753446579,0.29351575300097466,0.48178575932979584,0.2980935387313366,0.4938206523656845,0.3199802152812481,0.5073023289442062,0.22906663020451865,,0.2354271039366722,0.09031751790437205,0.14510958603230018,0.18874970326821008,0.05531403422355652,0.15972294161717096,0.10260619968175888,0.2354271039366722,0.11896786838769913,0.15929132141172886,0.10733284801244736,0.16181828267872334,0.06752564758062363,0.12340545747429132,0.048394594341516495,0.11192464176565409,0.08002271503210068,0.10400577634572983,0.1040881797671318,0.10468640364706516,0.11771485209465027,0.07886397838592529,0.08526834100484848,0.07742328196763992,
1212609727,qslstm_log,extrapolation,iid,2000025,62,5,57,56,5,0.14523818384478454,0.3629653652108485,0.0038238241093182523,0.061837077140808105,0.09122883813078772,0.27166797071695326,0.14997584574952114,0.37097390858750595,0.015837446919509342,0.013373474280039469,0.03905484676361084,0.26372075229883196,0.44408104568719864,0.2707088068127632,0.4138433709740639,0.27166797071695326,0.04989808797836304,0.26691110283136366,0.049219608306884766,0.27911858111619947,0.0752493143081665,0.2585230961441994,0.061837077140808105,0.35657222755253315,,0.3669108171015978,,0.3860812373459339,,0.4157480224967003,,0.4095303639769554,,0.16437652856111526,0.10585543996932213,0.05852108859179313,0.19481391757726668,0.07443001121282578,0.19046437442302705,0.11634772270917892,0.16437652856111526,0.10522245615720749,0.13859976679086686,0.05373579263687134,0.13640011548995973,0.11139718443155289,0.1312269002199173,0.07451444864273071,0.13304795697331429,,0.11171800829470158,,0.09668994694948196,,0.09233735874295235,,0.09544947743415833,
1212609727,qslstm_log,extrapolation,iid,2000026,62,2,60,59,2,0.10384724892783,0.28375981700035835,0.18701279323994768,0.4324497580528259,0.0846829416245587,0.23853442072868347,0.10448605917127238,0.28526733020941414,0.019480967925766767,0.016268939506716845,0.018177121877670288,0.06353074312210083,0.05838155746459961,0.04903990030288696,0.07364833354949951,0.23853442072868347,0.40522056818008423,0.23438510298728943,0.38109660148620605,0.2084188163280487,0.3776668906211853,0.2203604280948639,0.36833691596984863,0.21443867683410645,0.3570217490196228,0.20773324370384216,0.36709725856781006,0.20215684175491333,0.3537997007369995,0.24449586868286133,0.3731958270072937,0.22310781478881836,0.3878340721130371,0.14904434606432915,0.11459487689038118,0.034449469173947964,0.19906042516231537,0.06787616014480591,0.22940823063254356,0.118801049888134,0.14904434606432915,0.0857788696885109,0.18709353730082512,0.12309243530035019,0.11225840449333191,0.07071883976459503,0.10580228269100189,0.06849309802055359,0.15352315455675125,0.12366193532943726,0.10432872548699379,0.11761922389268875,0.09581011161208153,0.10412444919347763,0.08359934389591217,0.07248028367757797,0.07846033945679665,0.08904451876878738
1212609727,qslstm_log,extrapolation,iid,2000027,62,4,58,58,3,0.04087096317831911,0.18683654081917578,0.04042532615663763,0.20106050372123718,0.018786924477584857,0.11351927556097507,0.04239400033009389,0.19189290394043101,0.019547168550820185,0.010607520054126608,-0.0015498300393422444,0.1715521737933159,0.06894299387931824,0.1448646808664004,0.04657599329948425,0.11351927556097507,0.2230166494846344,0.12518666684627533,0.25545012950897217,0.15731732547283173,0.24072912335395813,0.20548664033412933,0.25408974289894104,0.20701052248477936,0.2528155744075775,0.1954030692577362,0.22861149907112122,0.1836894452571869,0.2286507785320282,0.20221315324306488,0.2419702708721161,0.24555673450231552,0.22651299834251404,0.15313644986599684,0.10571226785922873,0.04742418200676811,0.10001669265329838,0.1385631561279297,0.1760135218501091,0.12131661921739578,0.15313644986599684,0.06338075548410416,0.16569441743195057,0.1402990221977234,0.13696114905178547,0.07412883639335632,0.15750878117978573,0.11522790044546127,0.17448308691382408,0.10669279843568802,0.11951300594955683,0.07197970896959305,0.09098552726209164,0.057281721383333206,0.09682695753872395,0.0996718779206276,0.08592320699244738,0.08778741955757141
1212609727,qslstm_log,extrapolation,iid,2000028,62,7,55,54,7,0.12929499561597665,0.34782859076175,0.15187695737219897,0.38971394300460815,0.10656367834358337,0.3027728439441749,0.1321880723597358,0.35356295853853226,0.016190893672130727,0.007269547535822942,0.037127124411719184,0.3168305040647586,0.44453544169664383,0.282658085759197,0.4341815784573555,0.3027728439441749,0.38796526193618774,0.33435001224279404,0.3858010768890381,0.38023362521614346,0.38690412044525146,0.3860061051590102,0.3913484215736389,0.37959141922848566,0.38896459341049194,0.4092934067760195,0.39450687170028687,0.3823194354772568,0.406333327293396,0.34151024584259304,0.38839513063430786,0.3481798780461152,,0.1741465287549155,0.10883609550920399,0.06531043324571152,0.19637386873364449,0.07279422134160995,0.20337495261004992,0.0529714934527874,0.1741465287549155,0.10448875278234482,0.1555673884493964,0.09423623234033585,0.13300720282963344,0.09692844748497009,0.1284353089119707,0.041813354939222336,0.13110385409423284,0.06341437995433807,0.13191736489534378,0.08674397319555283,0.10770017973014287,0.1279890239238739,0.10713236672537667,0.05284251272678375,0.08659472254415353,
1212609727,qslstm_log,extrapolation,iid,2000029,62,3,59,59,2,0.026362590339666373,0.13525540357635868,0.016489728065502085,0.12841233611106873,0.023355608692673613,0.11455297470092773,0.02651548771154736,0.13630806945138058,0.01803753083035097,0.014401658541626401,-0.0030693262815475464,0.11756148934364319,0.032720744609832764,0.08763507008552551,0.021674782037734985,0.11455297470092773,0.0785684585571289,0.1549326479434967,0.08857083320617676,0.1693319876988729,0.10432016849517822,0.15191378196080527,0.0996515154838562,0.16356638073921204,0.11631143093109131,0.15367565552393594,0.12329486012458801,0.14740771055221558,0.148831307888031,0.05432256062825521,0.12865877151489258,0.08311590552330017,0.12142199277877808,0.21903089185555777,0.09244202342578921,0.12658886842976858,0.06177956610918045,0.04450112581253052,0.09733702056109905,0.051887255162000656,0.21903089185555777,0.09450143575668335,0.1484056922296683,0.04680773988366127,0.11311370010177295,0.0506160669028759,0.12958292538921037,0.049064505845308304,0.09398564944664638,0.04602791368961334,0.1299066369732221,0.07495573908090591,0.09554533287882805,0.05254077911376953,0.09266808504859607,0.09428873658180237,0.054300797482331596,0.04022800549864769
1212609727,qslstm_log,extrapolation,iid,2000030,62,7,55,55,6,0.10323374142881345,0.29759806286423435,0.09958446052056402,0.31557005643844604,0.11386301510407078,0.3151133291955505,0.10188092477923524,0.2953688471493396,0.016585976427251643,0.00316011905670166,0.016944597164789837,0.29316372393320006,0.5359535645693541,0.2975880078350504,0.527145130559802,0.3151133291955505,0.31765061616897583,0.27952098606952597,0.3134502172470093,0.2916219040219273,0.31557005643844604,0.30951076466590166,,0.30937249461809796,,0.3079470098018646,,0.30194821357727053,,0.35671430490911005,,0.38920886181294917,,0.10883980563708714,0.08147309524091807,0.027366710396169072,0.08810428964595,0.07334673404693604,0.09465729196866353,0.09290239214897156,0.10883980563708714,0.05563969537615776,0.09193615881460053,0.05161101743578911,0.0981697967009885,0.08687443286180496,0.08413166801134746,,0.0871859739224116,,0.09536821953952312,,0.08388615250587464,,0.0734296940267086,,0.07831915766000748,
1212609727,qslstm_log,extrapolation,iid,2000031,62,2,60,60,1,0.05456974290317022,0.2286397127374526,0.08402334347947815,0.2898678034543991,0.012161845758074219,0.09683356434106827,0.05598333947467342,0.23303325101733208,0.016871510446071623,0.015603954004029096,0.026566118001937866,0.04405945539474487,0.04405945539474487,0.13571679592132568,0.13571679592132568,0.09683356434106827,0.14960767328739166,0.14176752418279648,0.14781825244426727,0.16417653858661652,0.17874540388584137,0.14689727127552032,0.14597629010677338,0.222415953874588,0.26608650386333466,0.264142706990242,0.26219891011714935,0.2311001420021057,0.20000137388706207,0.18100868165493011,0.17829914391040802,0.1949693113565445,0.19925691187381744,0.2326524630188942,0.0895762092123429,0.1430762538065513,0.28854477405548096,0.28854477405548096,0.21223722398281097,0.21223722398281097,0.2326524630188942,0.17676015198230743,0.18376919627189636,0.15530116856098175,0.18211309611797333,0.18746604025363922,0.14823337644338608,0.1411655843257904,0.19236589223146439,0.19726574420928955,0.16299323737621307,0.1287207305431366,0.13414032757282257,0.13955992460250854,0.11637862771749496,0.10513350367546082,0.07916627265512943,0.10592538863420486
1212609727,qslstm_log,extrapolation,iid,2000032,62,3,59,59,2,0.04259863335318767,0.14813248668947526,0.0003491731490754546,0.01868617534637451,0.05033323041688457,0.18599629402160645,0.04220534875672851,0.14620720835055334,0.015531796520039186,0.012367740754158266,0.02542722225189209,0.28147849440574646,0.3841438293457031,0.29574984312057495,0.3811911344528198,0.18599629402160645,0.026240229606628418,0.16957449913024902,0.04524493217468262,0.17640294631322226,0.041286468505859375,0.16400923331578574,0.03834259510040283,0.18837263186772665,0.04576748609542847,0.18902079264322916,0.06471747159957886,0.168474018573761,0.03695368766784668,0.23927549521128336,0.0258142352104187,0.23596405982971191,0.003437042236328125,0.22925231357415518,0.10740638877880776,0.12184592479534742,0.1183075737208128,0.06138148531317711,0.07435372099280357,0.05088558793067932,0.22925231357415518,0.09447064995765686,0.15627742062012354,0.09661474823951721,0.15667335937420526,0.10585370659828186,0.15241901328166327,0.0928213968873024,0.11113345250487328,0.04893198981881142,0.13682362685600916,0.12551836669445038,0.12938538193702698,0.05311957001686096,0.07868053515752156,0.0748429223895073,0.05729597558577856,0.053798794746398926
1212609727,qslstm_log,extrapolation,iid,2000033,62,3,59,58,3,0.1844740290578189,0.4148467115817531,0.2941273207968331,0.5423350632190704,0.1331760478583639,0.3485892365376155,0.18708240098321488,0.4182157357365398,0.01651843200469839,0.014615611683937811,0.05522597829500834,0.2896482050418854,0.3228403478860855,0.2488939861456553,0.33329279720783234,0.3485892365376155,0.500980794429779,0.3777216424544652,0.5135680139064789,0.39133181671301526,0.5143918991088867,0.38069604337215424,0.48996639251708984,0.37412170072396594,0.5020005702972412,0.36345845460891724,0.4967218041419983,0.36722543835639954,0.5206586122512817,0.3883398473262787,0.4983554482460022,0.37603570024172467,0.5030108392238617,0.13801342248916626,0.10435254202555802,0.03366088046360824,0.17813828339179358,0.09953456372022629,0.211265762646993,0.08611297607421875,0.13801342248916626,0.0805995985865593,0.1801720211903254,0.12633760273456573,0.1619088053703308,0.12817838788032532,0.13962370405594507,0.13379912078380585,0.08590258161226909,0.06276880949735641,0.07304710149765015,0.0491262823343277,0.10791466509302457,0.11440175026655197,0.08283549547195435,0.06491799652576447,0.07602804402510326,0.044626384973526
1212609727,qslstm_log,extrapolation,iid,2000034,62,4,58,58,3,0.15069231572859965,0.367635588011434,0.21069729812097648,0.4590177536010742,0.055389474003125994,0.20117402076721191,0.15726492550277021,0.37911569609724244,0.014407090071974129,0.01153069354118185,0.08410570025444031,0.15409836173057556,0.12938931584358215,0.14675442377726236,0.13280102610588074,0.20117402076721191,0.405799925327301,0.18790394067764282,0.39769744873046875,0.1926812157034874,0.3771964907646179,0.19348591566085815,0.35606372356414795,0.19361494481563568,0.34460997581481934,0.19835824519395828,0.36330926418304443,0.22594692558050156,0.3834189772605896,0.26528777182102203,0.3931608200073242,0.37545332312583923,0.42394310235977173,0.22922172769904137,0.10063376618099623,0.12858796151804514,0.25496427714824677,0.16525790095329285,0.2638067106405894,0.14217907190322876,0.22922172769904137,0.07300950586795807,0.2044423185288906,0.13633109629154205,0.16768393479287624,0.10890284925699234,0.15233406983315945,0.0636182352900505,0.1550485473126173,0.08429364114999771,0.1357804648578167,0.06367412954568863,0.1584067214280367,0.0906892940402031,0.11824459210038185,0.09253188967704773,0.08642251789569855,0.08887534588575363
1212609727,qslstm_log,extrapolation,iid,2000035,62,5,57,56,5,0.06499692459561077,0.1868835764546548,0.15302718524427306,0.3911868929862976,0.051221775430889946,0.16510432958602905,0.06620527101356874,0.18879403670628866,0.021430279527391707,0.020544471840063732,0.07336767315864563,0.09422020614147186,0.03781163692474365,0.10842752456665039,0.05816429853439331,0.16510432958602905,0.4377495050430298,0.148060405254364,0.4399360418319702,0.1748051404953003,0.4611121416091919,0.19131239652633666,0.4231640100479126,0.1956194281578064,0.4419229030609131,0.17187386751174927,0.37170320749282837,0.1592552661895752,0.349179208278656,0.1491117000579834,0.31541889905929565,0.16616910696029663,0.4203140139579773,0.13400885313749314,0.11637421867303681,0.01763463446445633,0.12736236117780209,0.06466561555862427,0.1815302386879921,0.08829834312200546,0.13400885313749314,0.0657348558306694,0.1397412046790123,0.06671106070280075,0.1254175364971161,0.06763803958892822,0.12174731940031051,0.08433699607849121,0.11290353834629059,0.08513176441192627,0.11202561259269714,0.08816809207201004,0.11907946318387985,0.09210420399904251,0.13079785108566283,0.10242357105016708,0.12473053485155106,0.1139642521739006
1212609727,qslstm_log,extrapolation,iid,2000036,62,5,57,56,5,0.03835048882607619,0.18857087507363288,0.04369265105944131,0.20902787148952484,0.04883079794073284,0.21559327840805054,0.03743116346514142,0.18620048881622783,0.016445476029600416,0.009261459112167358,0.037334001064300536,0.18599090352654457,0.1388353705406189,0.17235961258411409,0.16079896688461304,0.21559327840805054,0.22724555432796478,0.1987240195274353,0.229451522231102,0.2009454071521759,0.23665963113307953,0.19541767835617066,0.21480505168437958,0.219562366604805,0.20902787148952484,0.20226305723190308,,0.20564578473567963,,0.2019157037138939,,0.2094452641904354,,0.10946752279996871,0.10821572253317163,0.0012518002667970818,0.12616593204438686,0.13205693662166595,0.16362734586000444,0.0462273545563221,0.10946752279996871,0.049625057727098465,0.12154341042041779,0.10163217037916183,0.1167926199734211,0.05861886963248253,0.1215646967291832,0.12224781513214111,0.10951329693198204,0.14543431997299194,0.10436821356415749,,0.11777963116765022,,0.11296176072210073,,0.07385923154652119,
1212609727,qslstm_log,extrapolation,iid,2000037,62,8,54,53,8,0.05668030298354298,0.22099146246910095,0.021301286361051552,0.1459496021270752,0.04587777491617473,0.18572605401277542,0.058280677512041974,0.22621596742559363,0.015626202214438962,0.00732067475716273,0.019005611538887024,0.23901668190956116,0.1959104835987091,0.21033430099487305,0.1990843415260315,0.18572605401277542,0.15439006686210632,0.23617136105895042,0.15165311098098755,0.255223348736763,0.13545334339141846,0.3094467967748642,0.13961315155029297,0.3242507390677929,0.15017125010490417,0.3408939987421036,0.14580214023590088,0.28203945606946945,0.13157552480697632,0.26053430140018463,0.1459496021270752,0.2296181619167328,,0.1215847609564662,0.09766785207170027,0.023916908884765928,0.16269937343895435,0.08325418084859848,0.1317558898590505,0.04637093469500542,0.1215847609564662,0.05483904480934143,0.11619890155270696,0.04947316274046898,0.10808811755850911,0.05534490942955017,0.09403614001348615,0.042268406599760056,0.10547466669231653,0.10032817721366882,0.09021466365084052,0.07130265235900879,0.08223894191905856,0.09622985124588013,0.07809068029746413,0.10374077409505844,0.053552377969026566,
1212609727,qslstm_log,extrapolation,iid,2000038,62,5,57,56,5,0.018552793591913447,0.11335113115849034,0.06367274769581854,0.2523345947265625,0.05689372103086545,0.17998333871364594,0.01518955434288257,0.10750620067119598,0.014132990900959288,,0.016580414772033692,0.18087006509304046,0.07507213950157166,0.1855718821287155,0.07975903153419495,0.17998333871364594,0.2523345947265625,0.18288960680365562,,0.08994916081428528,,0.1037832647562027,,0.14000263065099716,,0.21707927683989206,,0.07852510611216228,,0.10315299034118652,,0.08933291832605998,,0.14197056144475936,0.09526613988635833,0.04670442155840103,0.11115234121680259,0.051671382039785385,0.09672219380736351,0.043751273304224014,0.14197056144475936,0.09199085086584091,0.10360232181847095,,0.11371273454278708,,0.10678831208497286,,0.12018555216491222,,0.13454530636469522,,0.10130051026741664,,0.0996570885181427,,0.08199817563096683,
1212609727,qslstm_log,extrapolation,iid,2000039,62,3,59,59,2,0.09775576535013202,0.30434611463739025,0.0988208372177759,0.31435781717300415,0.052394440492867934,0.2124892920255661,0.10006227339372172,0.30901680053290675,0.01743668267282389,0.01113103259177435,0.027277514338493347,0.23245521634817123,0.10126882791519165,0.225448839366436,0.11622181534767151,0.2124892920255661,0.30793190002441406,0.21444946030775705,0.2805113196372986,0.3051377187172572,0.2774304151535034,0.32337890565395355,0.2968084216117859,0.34525541961193085,0.32508015632629395,0.35062714914480847,0.30701345205307007,0.36296990017096203,0.29830724000930786,0.3122408042351405,0.27924978733062744,0.3070480674505234,0.2934653162956238,0.2128284921248754,0.10204706082152108,0.11078143130335431,0.13600441068410873,0.13108627498149872,0.06914003379642963,0.06168414279818535,0.2128284921248754,0.11548388004302979,0.14879741643865904,0.1309930682182312,0.14126745238900185,0.05778981372714043,0.13601309806108475,0.06632346659898758,0.11888532961408298,0.11693129688501358,0.1190313125650088,0.0505269318819046,0.09525478382905324,0.09997230768203735,0.08193073173364003,0.06988176703453064,0.07758049170176189,0.09492713958024979
1212609727,qslstm_log,extrapolation,iid,2000040,62,5,57,57,4,0.1112213032318102,0.3273246187356211,0.08126689410254162,0.28507348895072937,0.08463096683412805,0.26571198999881745,0.11355378888072969,0.332729235291481,0.01915246195960463,0.011201601475477219,0.04300622642040253,0.2786771481235822,0.3778275027871132,0.24776897206902504,0.39234114438295364,0.26571198999881745,0.2750040590763092,0.3397564500570297,0.3095300495624542,0.3474042445421219,0.27995049953460693,0.3260537594556808,0.279794842004776,0.30088808238506315,0.29057520627975464,0.3082281142473221,0.2956608831882477,0.30929167568683624,0.29837766289711,0.3240320637822151,0.31344327330589294,0.3399037182331085,0.28507348895072937,0.15401010364294052,0.09877344933256768,0.055236654310372835,0.13355344285567602,0.1367911398410797,0.13172439020127058,0.048818688839673996,0.15401010364294052,0.06895025819540024,0.1598454713821411,0.11228033155202866,0.13590023294091225,0.04832876846194267,0.1150764673948288,0.04532092809677124,0.12895364910364152,0.0823173001408577,0.11849901527166366,0.07655879855155945,0.09946917220950127,0.07935278117656708,0.08574661165475846,0.10143029689788818,0.0753023460507393,0.07871880382299423
1212609727,qslstm_log,extrapolation,iid,2000041,62,2,60,59,2,0.16452384227229772,0.4038952168437742,0.19604829848161942,0.44277341663837433,0.16346692653933018,0.4042927585542202,0.16455907279673,0.40388196545342603,0.014385302188032764,0.009155994281172752,0.08111053705215454,0.4151998534798622,0.4151998534798622,0.30190615728497505,0.39919380098581314,0.4042927585542202,0.40051229298114777,0.40902627632021904,0.43455876410007477,0.40702759847044945,0.43144120275974274,0.3726077787578106,0.42747487127780914,0.34951816126704216,0.4125075489282608,0.3992948792874813,0.41974540054798126,0.39989882335066795,0.39759333431720734,0.3952399455010891,0.39077533781528473,0.42824238166213036,0.4001063257455826,0.21451126039028168,0.08635785691440105,0.1281534034758806,0.054730478674173355,0.054730478674173355,0.21771396324038506,0.09461616724729538,0.21451126039028168,0.10744351148605347,0.17393873818218708,0.04526412859559059,0.14889339357614517,0.043047115206718445,0.082618473097682,0.04129121080040932,0.1079995147883892,0.07217159122228622,0.07783166691660881,0.04441957175731659,0.06544986739754677,0.04711057245731354,0.0809492189437151,0.052812281996011734,0.0742037370800972,0.07074490189552307
1212609727,qslstm_log,extrapolation,iid,2000042,62,0,62,61,0,0.003031276137184694,0.051198437329261534,0.0048087699981671506,0.06934529542922974,,,0.003031276137184694,0.051198437329261534,0.02028549401486506,0.02028549401486506,,,,,,,,,,,,,,,,,,,,,,,,,0.10158091657344372,,,,,,,,,,,,,,,,,,,,,,,
1212609727,qslstm_log,extrapolation,iid,2000043,62,4,58,58,3,0.02311818489347042,0.13657027098440355,0.003743210653794904,0.06118178367614746,0.029648169821090864,0.1693781614303589,0.022667841105358664,0.13430765785019974,0.01928464092057327,0.01659451900644505,0.03065350651741028,0.22103561460971832,0.30264294147491455,0.19073589642842612,0.27679744362831116,0.1693781614303589,0.2066243290901184,0.13791751116514206,0.156485915184021,0.1509113758802414,0.11275321245193481,0.18064165115356445,0.1563761830329895,0.21990155428647995,0.1728430986404419,0.2560840770602226,0.16382426023483276,0.23797619342803955,0.1313413381576538,0.2136353999376297,0.1186152994632721,0.1389276310801506,0.12673676013946533,0.17101415246725082,0.0994884782824023,0.07152567418484852,0.13920876011252403,0.07514084130525589,0.21743504454692206,0.1217554584145546,0.17101415246725082,0.06984025239944458,0.19724480621516705,0.12129514664411545,0.18494653329253197,0.142377108335495,0.14859461970627308,0.1335424780845642,0.16911033913493156,0.1267377734184265,0.11540073156356812,0.1375671774148941,0.12099441327154636,0.12375980615615845,0.10112559236586094,0.08631092309951782,0.1069684149697423,0.05799509212374687
1212609727,qslstm_log,extrapolation,iid,2000044,62,4,58,58,3,0.07068190588036914,0.25299145137110063,0.005620671747582406,0.07497113943099976,0.042559323147016714,0.18869025260210037,0.07262139434473829,0.2574260168034455,0.01898314829530387,0.006925761699676514,0.022063990434010822,0.28853370249271393,0.3283523917198181,0.23969625433286032,0.3138378858566284,0.18869025260210037,0.04914504289627075,0.1905834823846817,0.046594440937042236,0.16359630227088928,0.0457148551940918,0.17294137179851532,0.0501672625541687,0.1935601532459259,0.07448434829711914,0.2001982480287552,0.07497113943099976,0.25963278611501056,,0.2741205890973409,,0.27123292287190753,,0.1960166757926345,0.08621164064469009,0.1098050351479444,0.11650166288018227,0.0640912726521492,0.20386387407779694,0.05036228895187378,0.1960166757926345,0.044122640043497086,0.1715043792501092,0.04559335485100746,0.14434546791017056,0.043848901987075806,0.1388656785711646,0.05500650778412819,0.1232292614877224,0.0827471986413002,0.09915210958570242,0.057400237768888474,0.12780292332172394,,0.08106348663568497,,0.09793455277880032,
1212609727,qslstm_log,extrapolation,iid,2000045,62,8,54,54,7,0.10124198016627463,0.2936288851403421,0.13195327058280193,0.36325372755527496,0.12665159173565127,0.32024984434247017,0.09747759326710773,0.2896850393326194,0.017893429155702942,0.016945233941078185,0.0004202127456665039,0.3135554258312498,0.3412598967552185,0.3267965848956789,0.38646018505096436,0.32024984434247017,0.3824547082185745,0.31517038494348526,0.36754728853702545,0.3056838680058718,0.37400253117084503,0.2896409686654806,0.34065045416355133,0.2928420826792717,0.3659638911485672,0.33185317926108837,0.35701884329319,0.2961092721670866,0.33928151428699493,0.3174349423497915,0.37087394297122955,0.352248452603817,0.3729487806558609,0.09784566331654787,0.10271202421022786,-0.004866360893679991,0.10005730496985572,0.06573251634836197,0.08606345366154398,0.12443649768829346,0.09784566331654787,0.07013805955648422,0.11042339261621237,0.09121823310852051,0.10137419914826751,0.08357658237218857,0.08737798687070608,0.09611634165048599,0.0935417003929615,0.10256098955869675,0.08919492224231362,0.08042258024215698,0.09991212654858828,0.13137759268283844,0.0886313347145915,0.10225645452737808,0.09031340200453997,0.07188215106725693
1212609727,qslstm_log,extrapolation,iid,2000046,62,3,59,59,2,0.02832288948282902,0.1613059438044025,0.018813700371097752,0.13716304302215576,0.021219553470376518,0.12265736858050029,0.028684076059733384,0.16327112559544837,0.017381969649912947,0.006822886375280527,0.010310351848602295,0.20524632930755615,0.20524632930755615,0.20845770835876465,0.21557849645614624,0.12265736858050029,0.15128251910209656,0.08045312762260437,0.16622743010520935,0.10002963741620381,0.16226357221603394,0.08575514952341716,0.1527968943119049,0.06528674562772115,0.13728243112564087,0.11333521207173665,0.1401119828224182,0.1111631691455841,0.12989813089370728,0.16201416651407877,0.1253449022769928,0.19676566123962402,,0.20723302910725275,0.09763917339555288,0.10959385571169987,0.04301467910408974,0.04301467910408974,0.18832091055810452,0.038629453629255295,0.20723302910725275,0.038501985371112823,0.19163054848710695,0.045696619898080826,0.2042549103498459,0.0692177265882492,0.14277277638514838,0.05607840418815613,0.13985236485799155,0.09332311898469925,0.12949424609541893,0.039669547230005264,0.10354845846692722,0.0390261672437191,0.10385755449533463,0.033951111137866974,0.11887858435511589,
1212609727,qslstm_log,extrapolation,iid,2000047,62,5,57,57,4,0.06619502754839636,0.22417977404209874,0.05420935922632353,0.2328290343284607,0.028384510776338447,0.14107030183076857,0.06951173954594529,0.23147007862204,0.016431806903136403,,0.014250434935092926,0.2024014617005984,0.11842340230941772,0.1407171804457903,0.10565304756164551,0.14107030183076857,0.2328290343284607,0.11523076333105564,,0.16902806237339973,,0.23768106661736965,,0.23911797814071178,,0.24737541936337948,,0.2770762573927641,,0.28739181719720364,,0.29970759712159634,,0.20769065022468566,0.09692654595301863,0.11076410427166704,0.16516034801801047,0.09635331481695175,0.18645114824175835,0.08035821467638016,0.20769065022468566,0.0704394057393074,0.20390910282731056,,0.17535016033798456,,0.15149955172091722,,0.13572263717651367,,0.10788434185087681,,0.10699324682354927,,0.10898631252348423,,0.07953094877302647,
1212609727,qslstm_log,extrapolation,iid,2000048,62,2,60,60,1,0.05257894114058747,0.22440755607620363,0.0322775736781864,0.17965960502624512,0.07846894609262911,0.2771824300289154,0.05171594097551942,0.22264839361111324,0.021511372923851014,0.019804771532092178,0.025479048490524292,0.2093483805656433,0.2093483805656433,0.2269999384880066,0.2269999384880066,0.2771824300289154,0.31766510009765625,0.2580747902393341,0.36520493030548096,0.2790559083223343,0.34876343607902527,0.26245561242103577,0.29791128635406494,0.3128092736005783,0.30795344710350037,0.3222794085741043,0.29579538106918335,0.3082321584224701,0.3085108697414398,0.2795564830303192,0.2506020963191986,0.2536553293466568,0.256708562374115,0.22511738538742065,0.10447352410604556,0.1206438612813751,0.26266419887542725,0.26266419887542725,0.24708722531795502,0.24708722531795502,0.22511738538742065,0.12763762474060059,0.17901171743869781,0.10563036799430847,0.211109958589077,0.15955571830272675,0.21210123598575592,0.17711524665355682,0.14543171972036362,0.16322581470012665,0.14836546778678894,0.13717521727085114,0.14646708965301514,0.12970836460590363,0.09818992763757706,0.06667149066925049,0.10420791059732437,0.14174433052539825
1212609727,qslstm_log,extrapolation,iid,2000049,62,2,60,59,2,0.034586144799590234,0.17439981285602815,0.06194889381717772,0.24889534711837769,0.027552324377255744,0.13158860802650452,0.034820605480334714,0.17582685301701229,0.019447276147745423,0.010498631385064894,0.0112629234790802,0.11892008781433105,0.11491787433624268,0.10881048440933228,0.08520972728729248,0.13158860802650452,0.23276549577713013,0.16369527578353882,0.2305883765220642,0.15592095255851746,0.21899163722991943,0.14973551034927368,0.21677559614181519,0.16731572151184082,0.23942047357559204,0.18192318081855774,0.24485188722610474,0.19234402477741241,0.24625945091247559,0.16869822144508362,0.24300158023834229,0.16395458579063416,0.23568928241729736,0.07516087219119072,0.08749410454183817,-0.012333232350647455,0.07165666669607162,0.06334754079580307,0.0997069962322712,0.06274070590734482,0.07516087219119072,0.06924563646316528,0.10585242509841919,0.08735630661249161,0.0705842413008213,0.07396313548088074,0.06778989918529987,0.07735535502433777,0.091004129499197,0.11175333708524704,0.06933645531535149,0.09083951264619827,0.08362547680735588,0.06401964277029037,0.08315548300743103,0.08204019069671631,0.09117856994271278,0.10174242407083511
1212609727,qslstm_log,extrapolation,iid,2000050,62,5,57,56,5,0.19324743912345643,0.4029675927013159,0.22618846485697242,0.4755927510559559,0.1398421862367165,0.33554135337471963,0.19793211042931083,0.4088821750983857,0.018182515033653805,0.00910116732120514,0.06621897220611572,0.27751692682504653,0.5165547430515289,0.2494640603661537,0.5303167998790741,0.33554135337471963,0.5233674831688404,0.3333542324602604,0.5381385274231434,0.3429743744432926,0.5429521985352039,0.34990029111504556,0.54676528647542,0.33460265174508097,0.5428301878273487,0.3905030883848667,0.5378993935883045,0.4017563499510288,0.5425321646034718,0.3935957349836826,0.5469470806419849,0.39379706755280497,0.5235788412392139,0.1840663507580757,0.09814119698447094,0.08592515377360477,0.18555399477481843,0.06196032464504242,0.14302685707807541,0.05860103666782379,0.1840663507580757,0.11488812416791916,0.1288040593266487,0.0762995108962059,0.12726156488060952,0.046494606882333755,0.12182137593626977,0.05618954822421074,0.09133330807089805,0.05009954050183296,0.08463534563779831,0.0514712780714035,0.10617760866880417,0.08876803517341614,0.09248665124177932,0.06680358201265335,0.07627356797456741,0.05580583214759827
1212609727,qslstm_log,extrapolation,iid,2000051,62,4,58,58,3,0.09938069728921432,0.2930854155171302,0.110818353999381,0.33289390802383423,0.040285616707993244,0.14833641797304153,0.10345622008791923,0.3030681050029294,0.017593468057698215,0.01470842957496643,0.007449676593144734,0.01352730393409729,0.018845081329345703,0.07325932383537292,0.04739481210708618,0.14833641797304153,0.3669816255569458,0.1968522146344185,0.34519845247268677,0.19265549629926682,0.3375907838344574,0.18849683552980423,0.36075711250305176,0.2029368132352829,0.3628217279911041,0.2138199359178543,0.37192103266716003,0.1756977066397667,0.35274598002433777,0.35116108506917953,0.3627817630767822,0.3629422038793564,0.339410662651062,0.2264441605657339,0.10470375759077483,0.12174040297495908,0.10977574810385704,0.08049625903367996,0.18366672595342,0.11002349108457565,0.2264441605657339,0.11014705896377563,0.19882281869649887,0.13496170938014984,0.17899485677480698,0.12790606915950775,0.17946508154273033,0.14019717276096344,0.16972866468131542,0.09044937044382095,0.10256973654031754,0.11818432807922363,0.11467027477920055,0.08852869272232056,0.12875094078481197,0.10804856568574905,0.08507572580128908,0.05185500159859657
1212609727,qslstm_log,extrapolation,iid,2000052,62,5,57,57,4,0.10095728618577691,0.30589455149827466,0.03938545396329207,0.19845768809318542,0.072519071980328,0.23535725772380828,0.10345186637923734,0.3120820334083156,0.017347164321364017,0.010064832866191864,0.019188202917575836,0.34365494549274445,0.37334203720092773,0.27177824452519417,0.37428420782089233,0.23535725772380828,0.22612237930297852,0.2679699629545212,0.2346230149269104,0.29828467667102815,0.24200493097305298,0.3362411767244339,0.25195974111557007,0.33545532524585725,0.2596089839935303,0.32571329176425934,0.2553156614303589,0.3025175780057907,0.24715346097946167,0.33291977643966675,0.2552564740180969,0.33171452283859254,0.21731656789779663,0.1780460275709629,0.0924413174129369,0.08560471015802601,0.07734505956371625,0.0507160983979702,0.16074774600565434,0.06796291470527649,0.1780460275709629,0.06232909485697746,0.13906517773866653,0.09761292487382889,0.1555022992193699,0.06031881645321846,0.13548786267638208,0.058441828936338425,0.11129044592380524,0.06506740301847458,0.12802875861525537,0.09140873700380325,0.09713865518569946,0.0877184271812439,0.07139328196644783,0.05591042712330818,0.08265633881092072,0.07486861199140549
1212609727,qslstm_log,extrapolation,iid,2000053,62,4,58,58,3,0.11390815217672158,0.302584238831074,0.00963484707067952,0.09815725684165955,0.0791099967616618,0.21893877163529396,0.11630802496396708,0.3083528917411278,0.01856415127885753,0.007816625492913383,0.02748257915178935,0.38930004338423413,0.39033013582229614,0.3942292680342992,0.39821258187294006,0.21893877163529396,0.07196477055549622,0.2855856604874134,0.07232800126075745,0.25993630662560463,0.07316499948501587,0.2729865349829197,0.08643209934234619,0.2729399986565113,0.07105952501296997,0.28559258207678795,0.06569957733154297,0.29905564710497856,0.06481963396072388,0.23107624053955078,0.06801092624664307,0.2876011331876119,,0.15421658381819725,0.08812925559950285,0.0660873282186944,0.09081817045807838,0.03894935920834541,0.08902805795272191,0.04947161301970482,0.15421658381819725,0.07330331951379776,0.16189392376691103,0.07753515243530273,0.09557376615703106,0.03916784003376961,0.1073878351598978,0.09134451299905777,0.10405935533344746,0.04320015013217926,0.07797982636839151,0.07489820569753647,0.08605977054685354,0.05822458863258362,0.07393335551023483,0.08232796937227249,0.07299674178163211,
1212609727,qslstm_log,extrapolation,iid,2000054,62,2,60,59,2,0.09368226004094173,0.3035255694581616,0.07655128237709641,0.27667902410030365,0.14015302430283783,0.37402359396219254,0.09213323456554519,0.30117563530802727,0.01927171066655951,0.01170858984090844,0.01538705825805664,0.3232928514480591,0.3365762233734131,0.36035895347595215,0.39702022075653076,0.37402359396219254,0.357918456196785,0.3604253903031349,0.320134237408638,0.31400730460882187,0.2827463001012802,0.3167065754532814,0.2968369275331497,0.3593740537762642,0.3217278867959976,0.32671646773815155,0.3332986980676651,0.31088997423648834,0.32494302093982697,0.3281749337911606,0.3332951217889786,0.33410172164440155,0.32572324573993683,0.14892803132534027,0.09343374837189913,0.05549428295344114,0.16022780537605286,0.1715080887079239,0.11970223113894463,0.1025986447930336,0.14892803132534027,0.13118521869182587,0.0946773812174797,0.08202346414327621,0.13092724978923798,0.12528149783611298,0.14637943729758263,0.12125078588724136,0.09146909043192863,0.08033953607082367,0.09961935505270958,0.11721524596214294,0.09470206871628761,0.06815335154533386,0.07801217027008533,0.060287956148386,0.07352214306592941,0.06464635580778122
1212609727,qslstm_log,extrapolation,iid,2000055,62,0,62,61,0,0.03769253618921646,0.1844489694603028,0.04486829587168373,0.21182137727737427,,,0.03769253618921646,0.1844489694603028,0.022530526899900594,0.022530526899900594,,,,,,,,,,,,,,,,,,,,,,,,,0.10789997695434478,,,,,,,,,,,,,,,,,,,,,,,
1212609727,qslstm_log,extrapolation,iid,2000056,62,6,56,56,5,0.03446449953054929,0.1488262601196766,0.15121349774935894,0.3888617977499962,0.07551907010691107,0.23034054413437843,0.030065795540224816,0.1400925868323871,0.01615858610187258,0.00504910945892334,0.03292226791381836,0.09562157988548278,0.12958315014839172,0.18528966903686522,0.12326222658157349,0.23034054413437843,0.36495425552129745,0.129683006554842,0.38121017068624496,0.15347029144565263,0.38121526688337326,0.13055908555785814,0.3850478157401085,0.12684967989722887,0.37788864225149155,0.16297626371184984,0.38067349046468735,0.17549236988027891,0.3888617977499962,0.10721225142478943,,0.10884105563163757,,0.1940655435125033,0.07691653644932168,0.11714900706318161,0.17933242842555047,0.03936560079455376,0.12302154377102852,0.03787790611386299,0.1940655435125033,0.08421104401350021,0.13796824092666307,0.05520426109433174,0.11792971690495808,0.042829494923353195,0.12228305513660113,0.06382235884666443,0.11210701800882816,0.057446304708719254,0.09704336027304332,0.04567980766296387,0.09477238481243451,0.058676641434431076,0.09041627570986747,,0.05765330195426941,
1212609727,qslstm_log,extrapolation,iid,2000057,62,4,58,57,4,0.1648201729619003,0.39337476557721535,0.26115372139393217,0.5110320160165429,0.08259387430815983,0.24395564221777022,0.17049095217939966,0.4036795327054529,0.02192180825952898,0.019238758087158202,0.03290452063083649,0.20748977859814963,0.3389818072319031,0.24009212106466293,0.35079142451286316,0.24395564221777022,0.4193020770326257,0.30369590991176665,0.4533451506868005,0.3404420765582472,0.48673144076019526,0.376478977734223,0.4915376016870141,0.3697152289096266,0.49549892637878656,0.3835745381657034,0.47459301445633173,0.3920673953834921,0.5010238001123071,0.38959327386692166,0.483473033644259,0.3823842708952725,0.4436779925599694,0.186227360740304,0.08757593829570146,0.09865142244460254,0.17021537820498148,0.10454637557268143,0.17274545226246119,0.06102268770337105,0.186227360740304,0.1013965979218483,0.10085272323340178,0.05350475013256073,0.13072021584957838,0.08951079845428467,0.10612445324659348,0.09215942025184631,0.11063901148736477,0.06253696233034134,0.07663347292691469,0.06384497135877609,0.07015659753233194,0.05091200768947601,0.09654447715729475,0.05193084105849266,0.08356803469359875,0.09963341802358627
1212609727,qslstm_log,extrapolation,iid,2000058,62,2,60,60,1,0.2903516705338288,0.5359221769556883,0.2620739440579328,0.5119315814226866,0.16173267879562592,0.38980078510940075,0.29463897025843555,0.5407928900172313,0.022789800663789113,0.012012888084758411,0.05126953125,0.5466978382319212,0.5466978382319212,0.5443199705332518,0.5443199705332518,0.38980078510940075,0.4887352418154478,0.4824629705399275,0.5362716745585203,0.5037083458155394,0.5066271852701902,0.49448408000171185,0.5033280681818724,0.5553151201456785,0.5139619540423155,0.5213492047041655,0.49657593481242657,0.5315300356596708,0.5106593202799559,0.5273233782500029,0.5014810394495726,0.5545633267611265,0.4921972583979368,0.2650734484195709,0.10074608779201905,0.16432736062755188,0.06390465050935745,0.06390465050935745,0.07835624366998672,0.07835624366998672,0.2650734484195709,0.1045953631401062,0.21995730325579643,0.09296976774930954,0.16541999578475952,0.11286741495132446,0.15262561663985252,0.07648471742868423,0.1651405654847622,0.07299100607633591,0.15025831386446953,0.1016656830906868,0.08777809701859951,0.04582461342215538,0.08842825889587402,0.04264473915100098,0.07862645946443081,0.054789941757917404
1212609727,qslstm_log,extrapolation,iid,2000059,62,4,58,57,4,0.058499392300757874,0.23766860317799351,0.050967300825973894,0.2257593870162964,0.043725758549222116,0.19762376695871353,0.05951826359396723,0.2404303160207025,0.01429303905420136,0.009249223816779352,0.01225629448890686,0.21230030804872513,0.17950761318206787,0.18433396518230438,0.20813214778900146,0.19762376695871353,0.2385806441307068,0.21523939818143845,0.22843247652053833,0.22453730553388596,0.24085909128189087,0.21968867629766464,0.24770653247833252,0.21758205443620682,0.2497968077659607,0.22963248938322067,0.26265525817871094,0.23937248438596725,0.2580634355545044,0.2383616343140602,0.2394876480102539,0.22862806916236877,0.23676323890686035,0.07177502103149891,0.10653941378254315,-0.034764392751044246,0.11137033812701702,0.09912636131048203,0.11185778118669987,0.12106991559267044,0.07177502103149891,0.05176988244056702,0.07891048397868872,0.06032479181885719,0.09762837924063206,0.07490870356559753,0.10630208998918533,0.11000487953424454,0.07576870545744896,0.05092884600162506,0.08744710497558117,0.09132363647222519,0.07632131595164537,0.06680659204721451,0.06918270885944366,0.04707736894488335,0.08941812347620726,0.10120144486427307
1212609727,qslstm_log,extrapolation,iid,2000060,62,6,56,56,5,0.14775593946067894,0.37296040500363997,0.16206793927588947,0.40257662534713745,0.0794861117631586,0.260345717271169,0.15507056385684184,0.38502626440354754,0.01995593841586794,0.01218067275153266,0.03374272584915161,0.23538527488708497,0.3405444025993347,0.2738651394844055,0.354866623878479,0.260345717271169,0.3884671926498413,0.2825956145922343,0.407839298248291,0.312511146068573,0.4285678267478943,0.3172152837117513,0.41611987352371216,0.3279099464416504,0.4042651057243347,0.3646138409773509,0.45392751693725586,0.3911811461051305,0.4784489572048187,0.3787017862002055,0.41581958532333374,0.3862080971399943,0.4382845163345337,0.18905617917577425,0.1033901416563562,0.08566603751941805,0.1534064903855324,0.1504427045583725,0.12930936217308045,0.09366782754659653,0.18905617917577425,0.12129684537649155,0.15695824474096298,0.16009460389614105,0.14379485820730528,0.11387481540441513,0.13234074103335539,0.05968446657061577,0.13230017200112343,0.06782198697328568,0.11318705479303996,0.13979536294937134,0.11675848128894965,0.058154378086328506,0.11613962488869826,0.05353518947958946,0.10446456509331863,0.10781503468751907
1212609727,qslstm_log,extrapolation,iid,2000061,62,2,60,59,2,0.05241461338195784,0.19858967488811863,0.06935567645940921,0.26335465908050537,0.031935987424839496,0.13425269722938538,0.05309723424719512,0.2007342408100764,0.0168751574168771,0.012930203229188919,0.005712181329727173,0.17128273844718933,0.029359638690948486,0.17263445258140564,0.030407428741455078,0.13425269722938538,0.25220268964767456,0.15145191550254822,0.2888740301132202,0.1384677290916443,0.2589210271835327,0.14008638262748718,0.2683138847351074,0.16131865978240967,0.3107606768608093,0.16176339983940125,0.29752588272094727,0.15151086449623108,0.28231555223464966,0.27038007974624634,0.2885574698448181,0.28705766797065735,0.26335465908050537,0.09357769414782524,0.10863565802574157,-0.01505796387791633,0.07603486254811287,0.09375005215406418,0.08522960916161537,0.10364407300949097,0.09357769414782524,0.09597477316856384,0.10375115647912025,0.1327052265405655,0.06645585224032402,0.06496070325374603,0.07284896075725555,0.0714324340224266,0.08372591622173786,0.11132735759019852,0.07113877683877945,0.07232800871133804,0.06558652222156525,0.06548807770013809,0.0732413437217474,0.050507914274930954,0.08427552692592144,0.05722369626164436
1212609727,qslstm_log,extrapolation,iid,2000062,62,7,55,55,6,0.09184482033328892,0.2961544043594791,0.08578831271031451,0.29289641976356506,0.10166188051605436,0.3070130731378283,0.09059537631002787,0.2947723919695074,0.014905481988733465,0.008849569057163439,0.03385246296723684,0.2649664680163066,0.36413851380348206,0.32847221692403156,0.3620433807373047,0.3070130731378283,0.27909576892852783,0.28858756167548044,0.28061947226524353,0.24921470029013498,0.2841640114784241,0.25957061988966806,0.28322309255599976,0.25869802492005484,0.2786807119846344,0.2703643654073988,0.2758685350418091,0.3122253290244511,0.2740441858768463,0.2836125152451651,0.25825899839401245,0.29344545943396433,0.2728376090526581,0.18000702559947968,0.09639365219257094,0.08361337340690873,0.1739264465868473,0.08249343186616898,0.15869314596056938,0.11128288507461548,0.18000702559947968,0.0730181485414505,0.15426024262394225,0.06911645084619522,0.15080995964152472,0.1329968124628067,0.12591392866202764,0.04762646555900574,0.11486646692667689,0.08450556546449661,0.11892239164028849,0.05437719449400902,0.12148452763046537,0.10960816591978073,0.09568490833044052,0.10127949714660645,0.09110369586518832,0.11936939507722855
1212609727,qslstm_log,extrapolation,late,2000063,62,1,61,60,1,0.06039499731675355,0.23902420939937716,0.12740278174447894,0.3569352626800537,0.12030188885182724,0.3468456268310547,0.05941291712765399,0.2372566451791857,0.017585275570551555,0.005889730020002885,0.0090293288230896,0.22235429286956787,0.22235429286956787,0.22749483585357666,0.22749483585357666,0.3468456268310547,0.3468456268310547,0.3435107469558716,0.3435107469558716,0.34554731845855713,0.34554731845855713,0.34502267837524414,0.34502267837524414,0.3372468948364258,0.3372468948364258,0.3266785144805908,0.3266785144805908,0.3490291237831116,0.3490291237831116,,,,,0.044974569231271744,0.0963228020023127,-0.05134823277104096,0.0632963553071022,0.0632963553071022,0.05271631106734276,0.05271631106734276,0.044974569231271744,0.044974569231271744,0.04331888630986214,0.04331888630986214,0.04137616232037544,0.04137616232037544,0.04373471438884735,0.04373471438884735,0.04334792122244835,0.04334792122244835,0.052671607583761215,0.052671607583761215,0.05363130941987038,0.05363130941987038,,,,
1212609727,qslstm_log,extrapolation,late,2000064,62,2,60,59,2,0.126043573617527,0.33727402432310966,0.018977730953565697,0.13775968551635742,0.09208486105228453,0.2666383907198906,0.12717553070303506,0.33962854544321697,0.01919271582264011,0.009972910086313883,0.03178337216377258,0.17590441554784775,0.3134176582098007,0.20094384998083115,0.3404323309659958,0.2666383907198906,0.12176316976547241,0.2841394767165184,0.11480206251144409,0.2956789955496788,0.1248893141746521,0.2827523574233055,0.13775968551635742,0.4181964248418808,,0.41673867404460907,,0.4398430436849594,,0.43302641808986664,,0.4113537520170212,,0.10300733335316181,0.09695473965257406,0.0060525937005877495,0.1695687510073185,0.11753874272108078,0.10934242606163025,0.04269327223300934,0.10300733335316181,0.0607689805328846,0.0991106778383255,0.036277443170547485,0.11977466568350792,0.08348678797483444,0.0888738352805376,0.050350699573755264,0.09507819265127182,,0.15442681312561035,,0.14232106506824493,,0.07281362265348434,,0.06422301381826401,
1212609727,qslstm_log,extrapolation,late,2000065,62,5,57,57,4,0.06791383267636704,0.2377624112752176,0.17367977913920996,0.4167490601539612,0.0754121588482782,0.26601314544677734,0.06725608476655028,0.235284276698765,0.014095325219003777,0.011335396340915136,0.032926611602306366,0.2307728429635366,0.21167916059494019,0.23120085895061493,0.1901342272758484,0.26601314544677734,0.37290337681770325,0.24791404604911804,0.4170837104320526,0.2166202425956726,0.4059842526912689,0.20200760960578917,0.4183408319950104,0.21455063819885253,0.39802077412605286,0.2184234380722046,0.4082546830177307,0.26923287510871885,0.4135957658290863,0.20957265496253968,0.4133323132991791,0.15838247537612915,,0.17932970225811004,0.08511183188672651,0.09421787037138353,0.09253125265240669,0.06085347756743431,0.14184202905744314,0.04926528409123421,0.17932970225811004,0.09836912900209427,0.15175977498292922,0.08284280449151993,0.1674702689051628,0.06940379738807678,0.13836016356945038,0.04364977777004242,0.10465826243162155,0.09654685109853745,0.10568330809473991,0.053077589720487595,0.08054606691002845,0.0414278544485569,0.10389438271522522,0.09428317099809647,0.09276305884122849,
1212609727,qslstm_log,extrapolation,late,2000066,62,5,57,56,5,0.09040629525169676,0.2696089676671451,0.004815112572998714,0.06939101219177246,0.08165347028613676,0.254813576862216,0.09117408691534239,0.2709068089658231,0.018951511808804104,0.0133439302444458,0.021776771545410155,0.32794170966371894,0.461974298581481,0.3240765046328306,0.4662343319505453,0.254813576862216,0.08240407705307007,0.24485328309237958,0.0633387565612793,0.26253877989947794,0.0901324450969696,0.26581021659076215,0.08816546201705933,0.2763728093355894,0.08098411560058594,0.273288519307971,0.05554342269897461,0.275020993873477,0.0822908878326416,0.24686311930418015,,0.17532824724912643,,0.10993372201919556,0.11781723078405648,-0.007883508764860922,0.09219507593661547,0.045165326446294785,0.1738387480378151,0.11995097249746323,0.10993372201919556,0.07700768858194351,0.10243673622608185,0.10561111569404602,0.105819920450449,0.10071760416030884,0.1123403862118721,0.08364555984735489,0.12170647233724594,0.11363363265991211,0.10972867310047149,0.11229804158210754,0.10930890515446663,0.11590012907981873,0.12982268631458282,,0.10980423726141453,
1212609727,qslstm_log,extrapolation,late,2000067,62,3,59,59,2,0.03899763982445912,0.18245581982116546,0.1710776482460386,0.4136153385043144,0.07940750043924333,0.25997282812992734,0.03694290114913111,0.1785142770258047,0.016678262059971437,0.008587464690208435,0.036273300647735596,0.1650274246931076,0.12326741218566895,0.1808098703622818,0.1264721155166626,0.25997282812992734,0.4117967411875725,0.2611020083228747,0.4298809692263603,0.2665350412329038,0.4250052496790886,0.274655448893706,0.419865183532238,0.27043066173791885,0.4136153385043144,0.17348556220531464,,0.19942019879817963,,0.21424320340156555,,0.19667844474315643,,0.18163505693276724,0.11195832806623589,0.06967672886653135,0.18400514125823975,0.0981597900390625,0.15995025634765625,0.06447365880012512,0.18163505693276724,0.050524383783340454,0.18402155488729477,0.08879638463258743,0.17637846618890762,0.08013174682855606,0.15839577466249466,0.06450099498033524,0.1293726588288943,0.0994037315249443,0.17284812033176422,,0.1219848282635212,,0.09652859345078468,,0.08694545924663544,
1212609727,qslstm_log,extrapolation,late,2000068,62,3,59,59,2,0.2018584598820588,0.43597228825092316,0.18427014804354158,0.4292669892311096,0.07714543290934876,0.22207354505856833,0.2081998002366034,0.4468484955318904,0.0205175714977717,0.011226849896567208,0.002268373966217041,0.22898443043231964,0.01271560788154602,0.22999899089336395,0.007706493139266968,0.22207354505856833,0.43388479948043823,0.24606016278266907,0.46057379245758057,0.2977076272169749,0.45009249448776245,0.43914324045181274,0.45019155740737915,0.4441080093383789,0.4531911015510559,0.43907469511032104,0.47073161602020264,0.4575926760832469,0.45055046677589417,0.4633713364601135,0.44274842739105225,0.49354830384254456,,0.13530061518152556,0.09241987752207255,0.04288073765945301,0.07697650790214539,0.041731297969818115,0.07674842327833176,0.09822452068328857,0.13530061518152556,0.05058428272604942,0.1372340445717176,0.03695819526910782,0.10470117007692654,0.03668549284338951,0.08902989452083905,0.06419581919908524,0.11201692620913188,0.08581296354532242,0.11091333627700806,0.0708334818482399,0.0807017832994461,0.086171455681324,0.06650372967123985,0.04550839960575104,0.07301514223217964,
1212609727,qslstm_log,extrapolation,late,2000069,62,6,56,56,5,0.05359367038462276,0.22040219364627714,0.009930893779533712,0.09965386986732483,0.053580357479520245,0.22331235806147257,0.05359509676731232,0.22009039031607763,0.021873227187565396,0.014316628376642862,0.027443134784698488,0.24843412041664123,0.2825949192047119,0.24028293490409852,0.2950400710105896,0.22331235806147257,0.12625756859779358,0.21825133760770163,0.12390193343162537,0.22966272632280985,0.12381407618522644,0.21120880047480264,0.09537497162818909,0.2237855096658071,0.10016599297523499,0.2308803747097651,0.11004438996315002,0.23237285514672598,0.09569182991981506,0.19544255236784616,0.09965386986732483,0.2128853678703308,,0.1347543429583311,0.11085114388593606,0.023903199072395048,0.15886034145951272,0.03988361731171608,0.1437323123216629,0.08700152486562729,0.1347543429583311,0.03882871940732002,0.16255023206273714,0.0667555034160614,0.14383887747923532,0.07972649484872818,0.14942542960246405,0.1077752634882927,0.11804268384973209,0.10080426186323166,0.12105733714997768,0.05913175269961357,0.11139257190128167,0.047693219035863876,0.088657862196366,0.0497448705136776,0.08917533978819847,
1212609727,qslstm_log,extrapolation,late,2000070,62,7,55,54,7,0.14001638578193285,0.33619048966154935,0.014255027903814721,0.11939442157745361,0.13717346401476074,0.32063737218933447,0.14037821218866386,0.3381699773398313,0.017379884366635925,0.007811211622678316,0.048731906073434014,0.26791143443967613,0.5205114502459764,0.34586307113724096,0.5221115369349718,0.32063737218933447,0.1227450966835022,0.3170509096235037,0.11297100782394409,0.2966503333300352,0.11135101318359375,0.34455144431974205,0.1180955171585083,0.3940538511212383,0.11992454528808594,0.3727897834032774,0.13024133443832397,0.33595418956662926,0.1271449327468872,0.33386060196374145,0.12034851312637329,0.3867384595796466,,0.11026983388832637,0.10938532575964928,0.0008845081286770889,0.1790799700788089,0.08029989153146744,0.1603604555130005,0.09444309026002884,0.11026983388832637,0.056603867560625076,0.12111089910779681,0.08013945072889328,0.10993934103420802,0.10475748777389526,0.10729318431445531,0.06645404547452927,0.11534183046647481,0.052352964878082275,0.11587538889476232,0.09644172340631485,0.1136775373348168,0.0573088675737381,0.11994179763964244,0.09219148755073547,0.11253965459764004,
1212609727,qslstm_log,extrapolation,late,2000071,62,7,55,54,7,0.09440409016412683,0.295797013287102,0.09375730701413065,0.3061981499195099,0.09239958510479883,0.29226664254175766,0.09465920898985948,0.2962463332001459,0.013265496602764836,0.006979957222938538,0.03694425310407366,0.2952913973214371,0.35236668586730957,0.30507588293403387,0.35282468795776367,0.29226664254175766,0.2956444025039673,0.295132906442242,0.29394131898880005,0.3179920041667564,0.3061981499195099,0.32534785351405543,,0.2996988062125941,,0.25844432910283405,,0.26705122987429303,,0.26247794429461163,,0.27823335528373716,,0.14762684809310095,0.0866589174351909,0.06096793065791005,0.1327028780111245,0.07477127760648727,0.101360805864845,0.05088314041495323,0.14762684809310095,0.08713684231042862,0.10355659840362412,0.05429038032889366,0.0886918136051723,0.0463174544274807,0.09054479810098807,,0.11340682829419772,,0.10298626994093259,,0.08591151672104995,,0.08076401116947333,,0.07210942134261131,
1212609727,qslstm_log,extrapolation,late,2000072,62,5,57,57,4,0.0868435064730314,0.28314029401348484,0.21668591898793466,0.46549534797668457,0.08353282587127886,0.27713475227355955,0.0871339170521325,0.2836670959204958,0.02114117982094748,0.015611767768859863,0.024953484535217285,0.23720121383666992,0.20176872611045837,0.23234854638576508,0.1845763623714447,0.27713475227355955,0.4030482769012451,0.2368236541748047,0.4057948589324951,0.24420109987258912,0.40937578678131104,0.26424824595451357,0.44576185941696167,0.2803171515464783,0.46549534797668457,0.294927716255188,,0.284267894923687,,0.28151361147562665,,0.2883648971716563,,0.12022870108485222,0.11251531031570937,0.007713390769142847,0.11078132688999176,0.08183949440717697,0.13235084153711796,0.11100238561630249,0.12022870108485222,0.06006079912185669,0.13800034075975418,0.08788365125656128,0.10790000110864639,0.07554253190755844,0.11796531602740287,0.12494669109582901,0.13842196017503738,0.12537048757076263,0.13664652407169342,,0.11353941634297371,,0.11992495755354564,,0.09794645135601361,
1212609727,qslstm_log,extrapolation,late,2000073,62,5,57,57,4,0.09214571298201482,0.2661446523702433,0.10892878708321874,0.33004361391067505,0.12647128604800678,0.3418657947331667,0.08913469780078745,0.25950244689981145,0.019407054834198533,0.011136988798777262,0.03206893801689148,0.2780840755440295,0.2604392170906067,0.2775752008892596,0.2404819130897522,0.3418657947331667,0.32808995246887207,0.2936323095113039,0.32423996925354004,0.2865127850323915,0.3128316402435303,0.3034583855420351,0.33891761302948,0.28948787935078146,0.33024561405181885,0.28604162223637103,0.3231699466705322,0.24707913398742676,0.33595114946365356,0.21878404915332794,,0.3271686197258532,,0.1817023992538452,0.0903842397557016,0.0913181594981436,0.08067621011286974,0.05901264771819115,0.07887446600943804,0.053425487130880356,0.1817023992538452,0.07599354535341263,0.11785885989665985,0.04961208626627922,0.11481480002403259,0.08393649011850357,0.09529853537678719,0.09916505217552185,0.08620231151580811,0.040000151842832565,0.0929032288491726,0.040743637830019,0.07018651589751243,0.03983928635716438,0.08166253846138716,,0.0684119276702404,
1212609727,qslstm_log,extrapolation,late,2000074,62,1,61,60,1,0.02873480729417569,0.15267278686646493,0.07592981055825376,0.2755536437034607,0.06530849709930919,0.25555527210235596,0.028135238608845634,0.15098618874784375,0.015295321742693583,0.008826831976572672,0.004276096820831299,0.1745140254497528,0.1745140254497528,0.17716211080551147,0.17716211080551147,0.25555527210235596,0.25555527210235596,0.2802186608314514,0.2802186608314514,0.2807126045227051,0.2807126045227051,0.2833465337753296,0.2833465337753296,0.2809906005859375,0.2809906005859375,0.27286118268966675,0.27286118268966675,0.2920457124710083,0.2920457124710083,0.2755536437034607,0.2755536437034607,,,0.09324052929878235,0.089060904977263,0.004179624321519346,0.06074732914566994,0.06074732914566994,0.05716373026371002,0.05716373026371002,0.09324052929878235,0.09324052929878235,0.048544079065322876,0.048544079065322876,0.09332599490880966,0.09332599490880966,0.043118249624967575,0.043118249624967575,0.05233313515782356,0.05233313515782356,0.05039602518081665,0.05039602518081665,0.04480644688010216,0.04480644688010216,0.05457816645503044,0.05457816645503044,,
1212609727,qslstm_log,extrapolation,late,2000075,62,6,56,56,5,0.16330142841814804,0.3557640859076092,8.159337457769311e-05,0.009032905101776123,0.08060619023582183,0.25000438280403614,0.17216163250911157,0.36709548266870634,0.02037835866212845,0.006713747978210449,0.042867183685302734,0.2916335202753544,0.4868353009223938,0.2918230198323727,0.48310035467147827,0.25000438280403614,0.015746653079986572,0.19495555199682713,0.009032905101776123,0.1907976321876049,,0.13106783032417296,,0.10465809106826782,,0.11096751689910889,,0.12494493722915649,,0.1299575686454773,,0.3728820741176605,,0.22163705651958784,0.10250191317339029,0.11913514334619756,0.21880014054477215,0.05004754662513733,0.22458752170205115,0.058015335351228714,0.22163705651958784,0.08381548523902893,0.17934197559952736,0.07558770477771759,0.20123475790023804,,0.18993986248970032,,0.16650463938713073,,0.1470170348882675,,0.13190799355506896,,0.11079528629779815,,0.12143546342849731,
1212609727,qslstm_log,extrapolation,late,2000076,62,5,57,57,4,0.08514126902869015,0.2423476079298604,0.20395786309856945,0.45161694288253784,0.1203663335399892,0.32574298679828645,0.08205135108910253,0.23503222381859495,0.019357525988628988,0.0014874041080474854,0.01612778753042221,0.25131716951727867,0.19085806608200073,0.2585054449737072,0.2021200954914093,0.32574298679828645,0.45012953877449036,0.2995667546987534,0.45161694288253784,0.24774674698710442,,0.2650369741022587,,0.26873157545924187,,0.2624640576541424,,0.24732060357928276,,0.27994319796562195,,0.2606535255908966,,0.15456003397703172,0.09122032175461452,0.0633397122224172,0.0894579729065299,0.05450505390763283,0.08041428495198488,0.05067377910017967,0.15456003397703172,0.07279472053050995,0.11610834002494812,0.08342426270246506,0.09731647279113531,,0.08729333057999611,,0.09032439533621073,,0.08399878721684217,,0.09376218263059855,,0.08875235635787249,,0.08467314578592777,
1212609727,qslstm_log,extrapolation,late,2000077,62,9,53,53,8,0.10021606255008057,0.29662627943100467,0.02953697941083888,0.17186325788497925,0.08565919696968866,0.2634592056274414,0.1026879831203358,0.3022584240391569,0.017930284985956155,0.005871991316477458,0.014153905212879181,0.2746039501258305,0.31218069791793823,0.30433637648820877,0.3184344172477722,0.2634592056274414,0.18947923183441162,0.25403591990470886,0.18893706798553467,0.27040739191903007,0.18218910694122314,0.27035759886105853,0.17186325788497925,0.30171605199575424,,0.3389669544994831,,0.36041197553277016,,0.3001888617873192,,0.2711833007633686,,0.13630566580428016,0.0974060446023941,0.03889962120188606,0.11514912811773163,0.0896797850728035,0.14999473094940186,0.056871574372053146,0.13630566580428016,0.051403727382421494,0.13350861767927805,0.06595345586538315,0.12230630467335384,0.055968329310417175,0.1209086457060443,0.07609575986862183,0.11938636936247349,,0.10844237636774778,,0.0936913718469441,,0.08449611719697714,,0.10001071635633707,
1212609727,qslstm_log,extrapolation,late,2000078,62,2,60,59,2,0.22638019015638353,0.4640139121442072,0.10851268682589321,0.32941263914108276,0.18608304703737394,0.4163065757602453,0.2277234282603505,0.4656041566903392,0.02114561452703961,0.027688403924306233,0.047524213790893555,0.2834578361362219,0.4953461103141308,0.3072849418967962,0.5053669027984142,0.4163065757602453,0.3032938241958618,0.46034749411046505,0.3505314588546753,0.4121276941150427,0.3220582604408264,0.4305248763412237,0.32941263914108276,0.5503359846770763,,0.4869367890059948,,0.4999214820563793,,0.5214019231498241,,0.5033227615058422,,0.11529319547116756,0.10321347160885731,0.012079723862310252,0.16646193712949753,0.13626395165920258,0.16618282720446587,0.07220941036939621,0.11529319547116756,0.05242929980158806,0.10638338327407837,0.0690305233001709,0.15397312492132187,0.11164724826812744,0.07694739289581776,0.054519277065992355,0.14256538450717926,,0.13382358849048615,,0.12757150828838348,,0.07294372469186783,,0.10682669281959534,
1212609727,qslstm_log,extrapolation,late,2000079,62,6,56,56,5,0.09740197242167198,0.29539383310944806,0.19054151705202133,0.4365106150507927,0.12097171173378236,0.33671682452162105,0.09487664320966015,0.2909663697438581,0.0198864968759673,0.013089199860890707,0.029415905475616455,0.31562665700912473,0.34343600273132324,0.31215986609458923,0.3723641633987427,0.33671682452162105,0.4702562615275383,0.29360134278734523,0.4586635157465935,0.301852036267519,0.4269801303744316,0.3241657006243865,0.4491940066218376,0.3102135794858138,0.4454338476061821,0.27317099645733833,0.4198453351855278,0.3098978189130624,0.4589092656970024,0.30085306117932004,0.4365106150507927,0.27906465381383894,,0.12840674941738447,0.10913099122366735,0.01927575819371713,0.15333649516105652,0.10240873694419861,0.13587149679660798,0.10846146941184998,0.12840674941738447,0.05335208773612976,0.11578155991931756,0.08462521433830261,0.13713094840447107,0.11054709553718567,0.12669277812043825,0.10517743229866028,0.09634040792783101,0.04517774283885956,0.10161839673916499,0.10731673240661621,0.1045807134360075,0.09515032917261124,0.11076753089825313,0.1048312857747078,0.10324835777282715,
1212609727,qslstm_log,extrapolation,late,2000080,62,5,57,57,4,0.1716890457446951,0.41333881636420566,0.1988121864468093,0.4458836019039154,0.1480309447520598,0.38073769547045233,0.17376431776159296,0.4161985638110261,0.011616823443195276,0.005227615435918172,0.017145946621894836,0.4087627646513283,0.4052512813359499,0.40265069575980306,0.4021159280091524,0.38073769547045233,0.4570568799972534,0.41004562713205817,0.4538155794143677,0.4189127955585718,0.4547908306121826,0.4116229984909296,0.4546958804130554,0.4272277507930994,0.46609964966773987,0.4245196614414454,0.45726996660232544,0.4221030566841364,0.4428671896457672,0.3940780502744019,,0.40729110362008214,,0.15295721590518951,0.08040371805168035,0.07255349785350916,0.07137983106076717,0.05846564099192619,0.0784459188580513,0.053172919899225235,0.15295721590518951,0.08320891857147217,0.11262680068612099,0.06166859343647957,0.11153821125626565,0.08268950134515762,0.0956421047449112,0.05902284011244774,0.10287204012274742,0.059951405972242355,0.09121235534548759,0.09381241351366043,0.07956677675247192,0.05660027638077736,0.08208693563938141,,0.07718077022582293,
1212609727,qslstm_log,extrapolation,late,2000081,62,5,57,57,4,0.11766263004225631,0.3301718465743526,0.016630638933779807,0.12895983457565308,0.09667417531678316,0.2798041135072708,0.11950372256203466,0.33459006877321945,0.0178063898755793,0.01288183331489563,0.03924758732318878,0.35061023011803627,0.39849407970905304,0.2881964333355427,0.3918871432542801,0.2798041135072708,0.17154598236083984,0.3657967150211334,0.1866321563720703,0.3241019189357758,0.1883510947227478,0.37427121102809907,0.1910947561264038,0.3149685233831406,0.18287086486816406,0.3615757942199707,0.16454845666885376,0.3120712101459503,0.13170021772384644,0.33415504544973373,,0.3271043077111244,,0.18454912379384042,0.10506281282818108,0.07948631096565933,0.2143478337675333,0.06401603668928146,0.18289320543408394,0.08253128826618195,0.18454912379384042,0.06198704615235329,0.1714979737997055,0.09259417653083801,0.15462134778499603,0.05883526802062988,0.13973812386393547,0.05844437703490257,0.12484493777155876,0.05617564544081688,0.1176991492509842,0.07191356271505356,0.12022742480039597,0.08415436744689941,0.10977655835449696,,0.10585399344563484,
1212609727,qslstm_log,extrapolation,late,2000082,62,4,58,57,4,0.12528639557102117,0.341622824870771,0.05697577044726643,0.23869597911834717,0.10592203955264935,0.3140948209911585,0.1266218683998744,0.3435213078969511,0.019421619804281937,0.011627311889941875,0.03800319880247116,0.3462600726634264,0.3757621943950653,0.3408665079623461,0.3995324373245239,0.3140948209911585,0.1776246428489685,0.3291637171059847,0.17639750242233276,0.3428902495652437,0.18804925680160522,0.34663418121635914,0.23441153764724731,0.3634128514677286,0.23861950635910034,0.3596793282777071,0.2489858865737915,0.36482863314449787,0.22534587979316711,0.3480879161506891,0.23264172673225403,0.30275144179662067,,0.15736837312579155,0.10737287503635061,0.04999549808944094,0.14124909043312073,0.14359381794929504,0.14814561046659946,0.1378544121980667,0.15736837312579155,0.14310495555400848,0.10269247833639383,0.07189508527517319,0.10132565815001726,0.1024596095085144,0.09025000128895044,0.14947323501110077,0.07671044860035181,0.05505572631955147,0.06780902668833733,0.04345722869038582,0.10603330284357071,0.07490955293178558,0.13058586977422237,0.06559927016496658,0.12648140887419382,
1212609727,qslstm_log,extrapolation,late,2000083,62,4,58,57,4,0.13997380740218282,0.3595967521710742,0.025652592367500837,0.1601642668247223,0.08041930489518012,0.24340151343494654,0.14408101447163132,0.3676102169114968,0.014047109767010338,0.011935949325561523,0.030033335089683533,0.3735393965616822,0.41457635536789894,0.36259922478348017,0.3950845040380955,0.24340151343494654,0.14500674605369568,0.23694635275751352,0.14977967739105225,0.3045824486762285,0.1334865391254425,0.3082281146198511,0.14359968900680542,0.28347628097981215,0.1601642668247223,0.33080145095785457,,0.3300519324839115,,0.3305167394379775,,0.35221265132228535,,0.11970941908657551,0.08519743248049555,0.03451198660607996,0.11115473881363869,0.07363580167293549,0.07141990028321743,0.04327692091464996,0.11970941908657551,0.09514564275741577,0.06382190063595772,0.035684604197740555,0.10048921592533588,0.07580902427434921,0.06047354731708765,0.046204715967178345,0.08588991314172745,0.1155163049697876,0.06051889310280482,,0.062101381520430245,,0.0523474228878816,,0.05611359948913256,
1212609727,qslstm_log,extrapolation,late,2000084,62,6,56,55,6,0.10667614775724871,0.3041676977469075,0.30708389075073317,0.5541515052318573,0.15001811489478664,0.34037695328394574,0.10203236556394106,0.3002881346536534,0.015154526450417259,0.001808851957321167,0.07541655004024506,0.2577490607897441,0.25963646173477173,0.2653997118274371,0.2507953643798828,0.34037695328394574,0.5526438057422638,0.3306668351093928,0.5552065074443817,0.4115297744671504,0.5541515052318573,0.39922677874565127,,0.41727225184440614,,0.2912070691585541,,0.2237851619720459,,0.31743255257606506,,0.327018678188324,,0.13013106025755405,0.10254088276997209,0.02759017748758197,0.19549009452263513,0.08434391766786575,0.1622007874151071,0.07240850478410721,0.13013106025755405,0.060240138322114944,0.12778099750479063,0.09356912970542908,0.12289119884371758,0.08128204941749573,0.14681184887886048,,0.12892813682556153,,0.10121147483587264,,0.09212569743394852,,0.09943745136260987,,0.09935061857104302,
1212609727,qslstm_log,extrapolation,late,2000085,62,5,57,56,5,0.07302402329492848,0.26655289434617563,0.055957285814046465,0.23655292391777039,0.08278926135969619,0.28221434354782104,0.0721674234646857,0.265179083012698,0.01436489075422287,0.00779019296169281,0.02438960075378418,0.2375675320625305,0.23346006870269775,0.2595179259777069,0.2258758544921875,0.28221434354782104,0.2744310796260834,0.25117196440696715,0.2703406512737274,0.2576246678829193,0.273306280374527,0.26272749304771426,0.27700528502464294,0.2640537679195404,0.27265921235084534,0.26445074677467345,0.2628677785396576,0.2610748827457428,0.23655292391777039,0.2786916345357895,,0.2703510820865631,,0.1171961709856987,0.09008693930349852,0.027109231682200183,0.11157488897442817,0.061830803751945496,0.08513551652431488,0.042579781264066696,0.1171961709856987,0.07285922765731812,0.07681742534041405,0.03964610770344734,0.07959915474057197,0.055686239153146744,0.06680027917027473,0.04687262699007988,0.07154509350657463,0.06000075861811638,0.06835319325327874,0.07746651768684387,0.07543684542179108,0.12902304530143738,0.07293360959738493,,0.07632100954651833,
1212609727,qslstm_log,extrapolation,late,2000086,62,4,58,57,4,0.12522810661974,0.3311386093977959,0.023353694638217348,0.15281915664672852,0.09604835904265308,0.26498156785964966,0.12724050300436668,0.3357011639866336,0.020608264626118176,0.013206884264945984,0.024860024452209473,0.20793238282203674,0.39448097348213196,0.23120837658643723,0.4044279456138611,0.26498156785964966,0.1410905122756958,0.24699963629245758,0.13917505741119385,0.26008547842502594,0.1373974084854126,0.16505780071020126,0.16967549920082092,0.2755845636129379,0.15281915664672852,0.2760162055492401,,0.40681294600168866,,0.3898685574531555,,0.38181127111117047,,0.10264949221163988,0.10744297465887563,-0.00479348244723575,0.1658880803734064,0.11005996912717819,0.1482797572389245,0.04884802922606468,0.10264949221163988,0.04436126723885536,0.11571524664759636,0.06240864098072052,0.1139493603259325,0.05665934085845947,0.11340205930173397,0.10993456840515137,0.08038894925266504,0.048380959779024124,0.0898257444302241,,0.09005095312992732,,0.09258618702491124,,0.10884009550015132,
1212609727,qslstm_log,extrapolation,late,2000087,62,3,59,58,3,0.14710806890824266,0.3733331061178638,0.145707524083182,0.3817165493965149,0.11337945785113994,0.31925474603970844,0.14882308302979025,0.37608285324048185,0.02104354983773725,0.01640681823094686,0.0346866250038147,0.27412210901578266,0.4175820052623749,0.27379994591077167,0.37186625599861145,0.31925474603970844,0.37487876415252686,0.3183452983697255,0.3766476511955261,0.3148055573304494,0.393704354763031,0.32185350855191547,0.3859688639640808,0.33048014839490253,0.4097214341163635,0.40664257605870563,0.40834081172943115,0.385837197303772,0.3532373309135437,0.40461353460947674,0.3725892901420593,0.41776010394096375,,0.09672727684179942,0.10937205556843241,-0.012644778726632985,0.13280981282393137,0.09844615310430527,0.1666804552078247,0.11255434155464172,0.09672727684179942,0.06613445281982422,0.12427356094121933,0.0677284374833107,0.11375078807274501,0.0752389132976532,0.09769788011908531,0.06194097921252251,0.08367796863118808,0.06246523931622505,0.09252378592888515,0.07908818125724792,0.1214093416929245,0.07734076678752899,0.10421240578095119,0.07367421686649323,0.13509103283286095,
1212609727,qslstm_log,extrapolation,late,2000088,62,2,60,60,1,0.03381927901052245,0.0854157584629232,0.27642010755746044,0.5257566999644041,0.15986779087584227,0.3518326645717025,0.029617661948345125,0.07653519492596388,0.01967816303173701,0.0038508176803588867,0.005253136157989502,0.008255720138549805,0.008255720138549805,0.006287932395935059,0.006287932395935059,0.3518326645717025,0.5417841505259275,0.36361852940171957,0.5406364034861326,0.29658304806798697,0.5414132308214903,0.2839137827977538,0.5305831860750914,0.2696109926328063,0.5307565163820982,0.2970159566029906,0.5257566999644041,0.005574047565460205,,0.010541558265686035,,0.005461692810058594,,0.19405531138181686,0.0915521031866471,0.10250320819516977,0.040318313986063004,0.040318313986063004,0.08661332726478577,0.08661332726478577,0.19405531138181686,0.05101151764392853,0.16982395015656948,0.06043229624629021,0.14079697988927364,0.04083850607275963,0.14879855886101723,0.0687720999121666,0.09827337227761745,0.03762739524245262,0.10663951933383942,0.05091950297355652,0.1317984014749527,,0.1515352874994278,,0.07026325911283493,
1212609727,qslstm_log,extrapolation,late,2000089,62,5,57,57,4,0.18830217539309885,0.39670329092581186,0.23891469069888746,0.48878900427371264,0.15577280717117176,0.3628525947220623,0.1911556287458995,0.3996726502419302,0.0153428316116333,0.008201181888580322,0.04439966380596161,0.34191294270567596,0.47210872173309326,0.30931620427872986,0.46903473138809204,0.3628525947220623,0.49992374796420336,0.33384218560531737,0.49979154486209154,0.33521128045395016,0.5111954035237432,0.3174673641100526,0.5106382193043828,0.24917739871889352,0.5160807194188237,0.2573250437155366,0.48557643312960863,0.22798341158777474,0.48878900427371264,0.139756441116333,,0.3831389620900154,,0.16182372346520424,0.09878373923793174,0.0630399842272725,0.17255695443600416,0.05789883807301521,0.14459147211164236,0.04804882034659386,0.16182372346520424,0.0428624264895916,0.16082203686237334,0.048919618129730225,0.1430802971124649,0.04077734053134918,0.15610573813319206,0.04501510038971901,0.1477796122431755,0.05980287492275238,0.14119057655334472,0.08963728696107864,0.11034489199519157,0.0408996157348156,0.10638848505914211,,0.08153541758656502,
1212609727,qslstm_log,extrapolation,late,2000090,62,4,58,58,3,0.21523499448008046,0.4559523506510642,0.03132694843408501,0.1769942045211792,0.09178131591001937,0.29082680493593216,0.22374904127801573,0.46734031932107334,0.015232803492710507,0.016508981585502625,0.05664010842641195,0.3387466271718343,0.48788774013519287,0.34092925985654193,0.49837085604667664,0.29082680493593216,0.19049611687660217,0.29460448026657104,0.2002541422843933,0.31619851291179657,0.1769942045211792,0.38363128900527954,,0.40013474225997925,,0.4720287521680196,,0.5000195304552714,,0.49934424956639606,,0.5112530191739401,,0.257882634177804,0.09588776124191695,0.16199487293588705,0.18752858166893324,0.045903269201517105,0.16090092932184538,0.040740545839071274,0.257882634177804,0.08244753628969193,0.17366822250187397,0.07298297435045242,0.17739552818238735,0.08990173786878586,0.17665492494901022,,0.16113537549972534,,0.13211129109064737,,0.13325907538334528,,0.10916790117820104,,0.08658557385206223,
1212609727,qslstm_log,extrapolation,late,2000091,62,9,53,53,8,0.07670809863533375,0.2476194169402363,0.15408970793406096,0.39254261925816536,0.09549776479611248,0.2917511489035355,0.0735174006080317,0.2401253492483553,0.01700676162287874,0.02549329400062561,0.025892730802297592,0.31487902405206114,0.24237015843391418,0.28611623554024845,0.26449987292289734,0.2917511489035355,0.398594219237566,0.29386276637928355,0.4210617132484913,0.28025866103255087,0.39254261925816536,0.2922187304357067,,0.3174546762602404,,0.2962935375981033,,0.2874522895685264,,0.2678237855434418,,0.23276654879252115,,0.1460849874549442,0.09782557301926163,0.04825941443568256,0.1475000805221498,0.05554070696234703,0.13660168182104826,0.11687216907739639,0.1460849874549442,0.10238365083932877,0.15662732472022375,0.11833375692367554,0.12126557322012053,0.108101986348629,0.1306969658471644,,0.12444128189235926,,0.11790991388261318,,0.11498274547713143,,0.08323074566821258,,0.08384130398432414,
1212609727,qslstm_log,extrapolation,late,2000092,62,3,59,58,3,0.08595732777209143,0.2866844926630297,0.0444177665492731,0.21075522899627686,0.08760755404578592,0.27102333058913547,0.08587341796156459,0.2874808229379735,0.014230120284803983,0.006366584036085341,0.04451483488082886,0.21826459715763727,0.35189613699913025,0.2668453628818194,0.3622714579105377,0.27102333058913547,0.19387292861938477,0.2717236056923866,0.21431398391723633,0.3509713411331177,0.22479617595672607,0.3287079532941182,0.22120916843414307,0.31928081313769024,0.21897494792938232,0.30361996094385785,0.21834808588027954,0.29457223415374756,0.2164570689201355,0.2985658645629883,,0.2601710557937622,,0.1391019051273664,0.09468433286173869,0.0444175722656277,0.1744257633884748,0.09938197582960129,0.155484010775884,0.0853794515132904,0.1391019051273664,0.0766415074467659,0.12616469711065292,0.04482385516166687,0.1186747911075751,0.04685327783226967,0.09817453846335411,0.04389534518122673,0.09438885127504666,0.049955759197473526,0.08350677912433942,0.05949132516980171,0.07875240718324979,0.04819135740399361,0.09508140757679939,,0.1436641663312912,
1212609727,qslstm_log,extrapolation,late,2000093,62,7,55,55,6,0.13233954690011682,0.3417851605843152,0.02285016603313128,0.15116271376609802,0.08631107698154526,0.27204272736396107,0.13819771579884418,0.3506614702669057,0.016101429137316617,0.014296412467956543,0.0554179052511851,0.3169484041631222,0.482543408870697,0.2910114744057258,0.48564836382865906,0.27204272736396107,0.16887012124061584,0.27523749641009737,0.1511549949645996,0.3059118858405522,0.15628895163536072,0.3019845900791032,0.12613120675086975,0.28857892538819996,0.14221179485321045,0.291057607957295,0.14952534437179565,0.2815283898796354,0.14193710684776306,0.30345222105582553,,0.3259203980366389,,0.2356236470597131,0.09118713221766732,0.14443651484204578,0.17640153542160988,0.044729914516210556,0.21136420220136642,0.06475457549095154,0.2356236470597131,0.08144696056842804,0.2101428434252739,0.10012084245681763,0.16262005588838033,0.09335803985595703,0.16149295440741948,0.1104145273566246,0.1487532417689051,0.09045201539993286,0.11484932686601367,0.043440137058496475,0.12750908413103648,0.11810334771871567,0.09686859076221783,,0.08679649109641711,
1212609727,qslstm_log,extrapolation,late,2000094,62,4,58,58,3,0.2124950740852046,0.4278422734670101,0.03322558700853051,0.18227887153625488,0.11102948320371021,0.2828895542770624,0.21949270104254906,0.43783901272148923,0.017042320350120807,0.007860497994856401,0.03735478719075521,0.33059871445099515,0.4782870411872864,0.3234861418604851,0.46477723121643066,0.2828895542770624,0.18390202522277832,0.3197776097804308,0.17024904489517212,0.3405029568821192,0.16749310493469238,0.3106051031500101,0.17044305801391602,0.30988351441919804,0.17939168214797974,0.36080753058195114,0.1997944712638855,0.3556350916624069,0.1902901530265808,0.5712939004103342,,0.5670661131540934,,0.20443521812558174,0.09844770610075572,0.10598751202482602,0.1883064533273379,0.11382540315389633,0.11973820875088374,0.07619615644216537,0.20443521812558174,0.1157849133014679,0.19342081435024738,0.1114787831902504,0.1515584383159876,0.10971224308013916,0.15952862240374088,0.1041872501373291,0.11214550025761127,0.05527597665786743,0.11658145859837532,0.05242820084095001,0.10129894036799669,0.04844148829579353,0.08689738561709721,,0.07208266109228134,
1212609727,qslstm_log,extrapolation,late,2000095,62,7,55,55,6,0.04695296081302946,0.21262404274555943,0.02145480839777747,0.14647459983825684,0.051284938162007396,0.21270681704793656,0.046401618241341355,0.21261350783434782,0.017568410526622426,0.006948098540306091,0.014184623956680298,0.26095642646153766,0.24858760833740234,0.2500536988178889,0.25238561630249023,0.21270681704793656,0.16663217544555664,0.20440159950937545,0.1711798906326294,0.23995116778782435,0.1684146523475647,0.2201610037258693,0.17400825023651123,0.224136940070561,0.17036306858062744,0.2064229760851179,0.16099929809570312,0.22296481473105295,0.14647459983825684,0.2163184185822805,,0.2100596527258555,,0.1864286842090743,0.09746965373104269,0.08895903047803161,0.17706446846326193,0.08249326795339584,0.14053925126791,0.07382319122552872,0.1864286842090743,0.10304802656173706,0.1440476631479604,0.043404776602983475,0.12760977979217256,0.06495162099599838,0.12890424632600375,0.054813202470541,0.11847044953278132,0.09295447915792465,0.10752082456435476,0.09379001706838608,0.10510494506784848,0.10863089561462402,0.10729134269058704,,0.09448765466610591,
1212609727,qslstm_log,extrapolation,late,2000096,62,3,59,59,2,0.2585639082142261,0.494002946382088,0.008600204452599236,0.09273728728294373,0.12595807573314124,0.3063537962734699,0.26530657766241683,0.5035444285910008,0.013082302727941739,0.008788451552391052,0.04353968799114227,0.44337458722293377,0.5447776019573212,0.44110227935016155,0.5355454385280609,0.3063537962734699,0.09139388799667358,0.3260839370389779,0.10085403919219971,0.3190229224661986,0.09273728728294373,0.42495126836001873,,0.40619891695678234,,0.45778760127723217,,0.4571260344237089,,0.558258444070816,,0.5503197461366653,,0.20996461560328802,0.09119344521629608,0.11877117038699195,0.10410200618207455,0.05321570858359337,0.07241134904325008,0.043286267668008804,0.20996461560328802,0.0746615007519722,0.15801851451396942,0.05239468812942505,0.12495059023300807,0.09049024432897568,0.1664382852613926,,0.11737307161092758,,0.09671304002404213,,0.09958470240235329,,0.11960916966199875,,0.0895806085318327,
1212609727,qslstm_log,extrapolation,late,2000097,62,3,59,58,3,0.12325573510412734,0.34498986938307363,0.10922733893045233,0.33049559593200684,0.11026433625480614,0.3152236342430115,0.1239163147066352,0.3465034067630768,0.019290192887700838,0.017748475074768066,0.05792434016863505,0.3371279388666153,0.4557901918888092,0.27643545468648273,0.4837974011898041,0.3152236342430115,0.2530694007873535,0.2906290392080943,0.23853707313537598,0.256607323884964,0.2715132236480713,0.3481189211209615,0.2741183042526245,0.3494654099146525,0.3052518963813782,0.3155840535958608,0.33049559593200684,0.2960112392902374,,0.3139130026102066,,0.36206187307834625,,0.15497111529111862,0.12052730685573514,0.034443808435383486,0.16726572066545486,0.1406306028366089,0.21856254587570825,0.11586274951696396,0.15497111529111862,0.09622267633676529,0.14612771073977152,0.11403504014015198,0.16576985518137613,0.11275044083595276,0.15265649060408273,0.13646671175956726,0.10230822116136551,0.09638293832540512,0.12311454117298126,0.12018699198961258,0.09684094041585922,,0.11680680140852928,,0.10565493628382683,
1212609727,qslstm_log,extrapolation,late,2000098,62,5,57,56,5,0.09903512310465873,0.288669002632941,0.03799829246440822,0.1949315071105957,0.0808337857206487,0.24905018210411073,0.10063173164711575,0.2921443377670489,0.015000476901020323,0.010115231076876322,0.0034900903701782227,0.30026761442422867,0.27938592433929443,0.30110271126031873,0.2712201476097107,0.24905018210411073,0.2242756187915802,0.25896536707878115,0.21223881840705872,0.2581895351409912,0.19968226552009583,0.2619704008102417,0.2090049684047699,0.2678939938545227,0.21359530091285706,0.2506891191005707,0.1949315071105957,0.21822404861450195,,0.32899709045886993,,0.34710558503866196,,0.07341595143079757,0.11046440428809116,-0.03704845285729359,0.10824529230594634,0.06760295480489731,0.10086582601070404,0.052543848752975464,0.07341595143079757,0.048840124160051346,0.10346662402153015,0.08010993897914886,0.08446146622300148,0.05356687307357788,0.09432508423924446,0.08413425087928772,0.07771537378430367,0.04558863118290901,0.086802938580513,0.10112244635820389,0.06766905449330807,,0.10526781156659126,,0.09287518262863159,
1212609727,qslstm_log,extrapolation,late,2000099,62,1,61,60,1,0.24316360078393484,0.48534187049634997,0.016840727511535647,0.12977182865142822,0.014588598168248978,0.12078326940536499,0.24691073197435592,0.4913182410060382,0.022423852483431497,0.008988559246063232,0.0004538297653198242,0.4930180460214615,0.4930180460214615,0.5070247203111649,0.5070247203111649,0.12078326940536499,0.12078326940536499,0.12977182865142822,0.12977182865142822,,,,,,,,,,,,,,,0.09912609308958054,0.1096128298000234,-0.010486736710442868,0.07861430943012238,0.07861430943012238,0.07444256544113159,0.07444256544113159,0.09912609308958054,0.09912609308958054,0.06294658035039902,0.06294658035039902,,,,,,,,,,,,,,
1212609727,qslstm_log,extrapolation,late,2000100,62,4,58,57,4,0.08727070871140817,0.26513091090225405,0.09198746919460987,0.3032943606376648,0.09093587894363547,0.28284187242388725,0.08701793835056491,0.2639094652800724,0.016505333415248936,0.0057481129964192705,0.026231005787849426,0.29072321206331253,0.3994855582714081,0.266381423920393,0.38206538558006287,0.28284187242388725,0.3205386996269226,0.2464825138449669,0.3158143162727356,0.24643146246671677,0.3149814009666443,0.24377649277448654,0.3032943606376648,0.2219978074232737,,0.21671804785728455,,0.2342978616555532,,0.24952506025632223,,0.22884083787600198,,0.09952763747423887,0.09473878967350927,0.0047888478007296065,0.18771377857774496,0.034437548369169235,0.1657816506922245,0.07601852715015411,0.09952763747423887,0.04386435076594353,0.07278189901262522,0.03431259095668793,0.09983146656304598,0.035166505724191666,0.13350271433591843,0.07004818320274353,0.10187126571933429,,0.0973652812341849,,0.0840747704108556,,0.07517758756875992,,0.06061885257562002,
1212609727,qslstm_log,extrapolation,late,2000101,62,3,59,59,2,0.10553387620471086,0.2736342933870131,0.08002858549332714,0.28289324045181274,0.07163848967369073,0.22943997383117676,0.10725737043510171,0.2758814621779878,0.015515446157778725,0.011799454689025879,0.007656082510948181,0.29144681990146637,0.1327933371067047,0.27338598668575287,0.12235620617866516,0.22943997383117676,0.2771685719490051,0.19781055053075156,0.2918303608894348,0.18925292293230692,0.28289324045181274,0.17517726123332977,,0.18186728656291962,,0.22103947401046753,,0.2465512752532959,,0.2715485841035843,,0.2678050249814987,,0.18408956130345663,0.11012801635315862,0.07396154495029801,0.08607502095401287,0.1275809109210968,0.10133680701255798,0.10907750576734543,0.18408956130345663,0.0806698128581047,0.1745065525174141,0.0489276647567749,0.11997585495313008,0.08964063972234726,0.14356815069913864,,0.1010452751070261,,0.12116384878754616,,0.08797486126422882,,0.062208473682403564,,0.07134849205613136,
1212609727,qslstm_log,extrapolation,late,2000102,62,5,57,57,4,0.0705276944422778,0.24513112296981196,0.005226633120870794,0.07229545712471008,0.0541626416595717,0.21049556136131287,0.07196322538812921,0.24816933012845224,0.02047452487443623,0.004838572608100044,0.011909127235412598,0.27205200493335724,0.3806706666946411,0.2870083749294281,0.37374019622802734,0.21049556136131287,0.0747385323047638,0.21078845858573914,0.07221964001655579,0.23525994420051574,0.07149836421012878,0.23550227284431458,0.07648763060569763,0.23155130743980407,0.0757390558719635,0.1960429549217224,0.08196261525154114,0.19681462049484252,0.0646449625492096,0.23812979459762573,,0.26358700543642044,,0.1383426994085312,0.11158674020777669,0.026755959200754506,0.14376792311668396,0.11990313977003098,0.12352043762803078,0.0578756183385849,0.1383426994085312,0.049526408314704895,0.1411644883453846,0.058185528963804245,0.13752805069088936,0.050209712237119675,0.14905455932021142,0.05133483186364174,0.12575669437646866,0.08046624064445496,0.10789701938629151,0.08506963402032852,0.1055008739233017,0.0917138159275055,0.09584328345954418,,0.12338205985724926,
1212609727,qslstm_log,extrapolation,late,2000103,62,3,59,58,3,0.11837123808874486,0.34048709357457774,0.13867924119303954,0.3723966181278229,0.14292315059828697,0.37554721410075825,0.11712283575775119,0.3387043755817211,0.019298678328251016,0.00901611362184797,0.0251766840616862,0.36874714369575184,0.4208581857383251,0.3669029163817565,0.42561597749590874,0.37554721410075825,0.38882705569267273,0.3917404351135095,0.39725854992866516,0.36681511998176575,0.39391279220581055,0.36571041742960614,0.39308586716651917,0.3581399122873942,0.38350027799606323,0.3549523949623108,0.39840996265411377,0.34113064408302307,,0.30027562379837036,,0.2930956482887268,,0.11207918326059978,0.09124551315681409,0.020833670103785687,0.09564031288027763,0.09050419181585312,0.07018329078952472,0.04231841862201691,0.11207918326059978,0.08467965573072433,0.07758778954545657,0.045411188155412674,0.07776782289147377,0.040418412536382675,0.057244213918844856,0.04701889678835869,0.07156068707505862,0.09499937295913696,0.08796115219593048,0.0641525536775589,0.09221244230866432,,0.05390113964676857,,0.059968601912260056,
1212609727,qslstm_log,extrapolation,late,2000104,62,3,59,58,3,0.06362523432569836,0.24948929394445113,0.08089135352298626,0.28441405296325684,0.05544950010811789,0.2342052459716797,0.06404094962489737,0.25026644892611744,0.017869628708938073,0.012602726618448893,0.02099682887395223,0.2443222999572754,0.23245257139205933,0.23984070618947348,0.23551243543624878,0.2342052459716797,0.2647116184234619,0.2354952096939087,0.27699369192123413,0.239434023698171,0.2556942105293274,0.24319690465927124,0.2896116375923157,0.2452466090520223,0.29206371307373047,0.24394776423772177,0.28904932737350464,0.252577801545461,0.2880946397781372,0.23453518748283386,,0.20750391483306885,,0.06319377198815346,0.11136243631274013,-0.04816866432458668,0.08686178922653198,0.0704214796423912,0.09137750665346782,0.06285851448774338,0.06319377198815346,0.044864628463983536,0.09834112723668416,0.09134098142385483,0.0691640575726827,0.07088390737771988,0.09300305445988973,0.04308173060417175,0.07723430419961612,0.04154035821557045,0.09823595980803172,0.08927498012781143,0.08670818184812863,0.12389644235372543,0.10422400385141373,,0.08793321251869202,
1212609727,qslstm_log,extrapolation,late,2000105,62,3,59,58,3,0.08665278696372691,0.239713006442593,0.005977522081369813,0.07731443643569946,0.1344766984478533,0.3287004927794139,0.08422106265097472,0.2351882190017377,0.015913377548086232,0.008772296564919608,0.004594385623931885,0.274545023838679,0.3437741696834564,0.29741095503171283,0.34854933619499207,0.3287004927794139,0.11028766632080078,0.32653677463531494,0.12385344505310059,0.3185973862806956,0.11278462409973145,0.315436730782191,0.09089791774749756,0.30169177055358887,0.0885934829711914,0.30184025565783185,0.07784038782119751,0.3791136145591736,,0.36367373168468475,,0.3666370213031769,,0.05953016628821691,0.09823180905590623,-0.038701642767689316,0.09432141482830048,0.050559401512145996,0.09646601229906082,0.0647406354546547,0.05953016628821691,0.05468491092324257,0.09651920696099599,0.13079969584941864,0.06925959264238675,0.06518524140119553,0.09893527378638585,0.14068521559238434,0.07484667748212814,0.04857820272445679,0.08109861115614574,0.06429687887430191,0.06356534920632839,,0.09212454780936241,,0.05483239330351353,
1212609727,qslstm_log,extrapolation,late,2000106,62,7,55,55,6,0.056849294924153346,0.22894269372186354,0.047905752867699825,0.21887382864952087,0.0648538157586548,0.24480149149894714,0.05583053772703498,0.22692430127750743,0.01989871534434232,0.014659872421851525,0.05868137379487356,0.3338777244091034,0.19697356224060059,0.2704302916924159,0.1936560869216919,0.24480149149894714,0.2032742202281952,0.2802889517375401,0.19559985399246216,0.28932815364428927,0.20501425862312317,0.29096042684146334,0.17946064472198486,0.2544206551143101,0.20102852582931519,0.2565875266279493,0.21771255135536194,0.24633078489984786,0.21712616086006165,0.23458453161375864,0.20913097262382507,0.2221105396747589,,0.16502805958901132,0.10346222458915277,0.06156583499985854,0.1401834726333618,0.11822688579559326,0.15100082630912462,0.0791400745511055,0.16502805958901132,0.06109003350138664,0.1609517059155873,0.05763170123100281,0.1476268619298935,0.07713744044303894,0.13069379861865724,0.11146815866231918,0.11317187547683716,0.072040855884552,0.12545653858355113,0.08910100907087326,0.10939228747572217,0.12473541498184204,0.10838072427681514,0.09696153551340103,0.0832978052397569,
1212609727,qslstm_log,extrapolation,late,2000107,62,4,58,57,4,0.1461362960746782,0.3442019246098015,0.11931156074001947,0.34541505575180054,0.13192427926524755,0.33779181679710746,0.14711643516498382,0.34464400101067694,0.020389107235691005,0.017860693590981618,0.03533218801021576,0.38468157437940437,0.4922143127769232,0.32506217202171683,0.5093932654708624,0.33779181679710746,0.3464871644973755,0.3600535704754293,0.34778451919555664,0.3946331306360662,0.37178701162338257,0.39499750873073936,0.3592084050178528,0.37984192511066794,0.35553205013275146,0.3789707734249532,0.35825395584106445,0.3950119235863288,,0.3342442363500595,,0.34224635859330493,,0.09039678052067757,0.09726507113925342,-0.006868290618575856,0.09864226480325063,0.10752704739570618,0.15319513529539108,0.07171318680047989,0.09039678052067757,0.043911468237638474,0.1179521232843399,0.058810681104660034,0.10521450359374285,0.10883494466543198,0.11887964140623808,0.040363918989896774,0.08532137051224709,0.04609819874167442,0.07940378598868847,0.07888571918010712,0.11348875363667806,,0.08764945964018504,,0.07514314477642377,
1212609727,qslstm_log,extrapolation,late,2000108,62,5,57,57,4,0.08415585117107718,0.2780610433509273,0.2247465729682061,0.47407443821430206,0.08837114182623554,0.27050686478614805,0.0837860888329054,0.2787236905934518,0.01901291232360037,0.014885097742080688,0.08417514711618423,0.20845629771550497,0.2911457419395447,0.20419873669743538,0.3062809109687805,0.27050686478614805,0.4703420549631119,0.2514538913965225,0.4573231488466263,0.23401885330677033,0.47407443821430206,0.2136521190404892,,0.21502773463726044,,0.2643379122018814,,0.32943010330200195,,0.36597372964024544,,0.3344784776369731,,0.15009961202740668,0.09092844153443973,0.059171170492966954,0.0965120978653431,0.06437499076128006,0.1459149019792676,0.10438209772109985,0.15009961202740668,0.048055898398160934,0.15300478488206865,0.08395617455244064,0.16326036676764488,0.09692195802927017,0.1630433090031147,,0.13801397196948528,,0.09715016558766365,,0.11508717760443687,,0.08126807305961847,,0.09048534433046977,
1212609727,qslstm_log,extrapolation,late,2000109,62,4,58,57,4,0.14692815421927485,0.35015504762169813,0.041631296308114685,0.20403748750686646,0.11171053684576912,0.2904789806343615,0.14935695541744767,0.354270638448411,0.013051258890252364,0.0066050390402476,0.035851508378982544,0.3736950964666903,0.45273893512785435,0.38785897800698876,0.4698520842939615,0.2904789806343615,0.1936832070350647,0.2952332408167422,0.1974833607673645,0.28948821732774377,0.1988023817539215,0.29142349073663354,0.19853901863098145,0.30597311863675714,0.20309698581695557,0.308601772878319,0.20764043927192688,0.3009626464918256,0.22050735354423523,0.39383595157414675,0.20403748750686646,0.46044963225722313,,0.11755957175046206,0.09071800825667792,0.026841563493784137,0.1612334717065096,0.10270070284605026,0.14135493710637093,0.04340308532118797,0.11755957175046206,0.0598328523337841,0.09857753291726112,0.04083213955163956,0.10786778572946787,0.037938442081213,0.11352275125682354,0.07318834215402603,0.07450053561478853,0.05419641360640526,0.07684645801782608,0.03491529822349548,0.08679928351193666,0.08653245121240616,0.07625880744308233,0.06527747958898544,0.07333155969778697,
1212609727,qslstm_log,extrapolation,late,2000110,62,7,55,55,6,0.08983738547463133,0.28657248134033814,0.17245603604426757,0.41527826339006424,0.11248842126560017,0.29837739560753107,0.08695452637396255,0.28507003770633177,0.015114935419776224,0.005803793668746948,0.03880147635936737,0.3408813951537013,0.26219314336776733,0.2823849964576463,0.277969092130661,0.29837739560753107,0.39622587710618973,0.28161665690796717,0.40395814925432205,0.3096977706466402,0.4155855253338814,0.30265856853553225,0.4245433583855629,0.3125061126691954,0.4130943492054939,0.2957471279161317,0.4121837094426155,0.23543856080089295,0.41231171041727066,0.24888200561205545,,0.2544117271900177,,0.16851417826754705,0.0907365621490912,0.07777761611845585,0.2014283373951912,0.1339624971151352,0.19661325154205164,0.04748804494738579,0.16851417826754705,0.04439455270767212,0.1774602463202817,0.05237610265612602,0.1457341510270323,0.03491852059960365,0.1537976094654628,0.0697440505027771,0.1308648298893656,0.06820731610059738,0.09534548435892377,0.10120898485183716,0.10950531597648348,0.06833827495574951,0.09400289878249168,,0.07988046047588189,
1212609727,qslstm_log,extrapolation,late,2000111,62,5,57,56,5,0.07941805641936928,0.2573630492533407,0.004577315578760732,0.06765586137771606,0.058405598446593564,0.2122612178325653,0.08126125448715663,0.2613193502551631,0.016548301492418562,0.013572023974524604,0.04234246015548706,0.23779401928186417,0.3711707592010498,0.2611214816570282,0.3678690791130066,0.2122612178325653,0.07438528537750244,0.15349916815757753,0.04725611209869385,0.165498548746109,0.06656914949417114,0.19388702511787415,0.06653815507888794,0.206317675113678,0.08098584413528442,0.20176696181297302,0.08410447835922241,0.17653941512107849,0.0468258261680603,0.26558633148670197,,0.2963213697075844,,0.12469681799411773,0.09495416930631588,0.029742648687801854,0.17134827934205532,0.07540008425712585,0.16094433441758155,0.05537020042538643,0.12469681799411773,0.05584415793418884,0.14368804842233657,0.08343707770109177,0.15750110894441605,0.09575103968381882,0.1159316934645176,0.04815768823027611,0.10114339292049408,0.08987180143594742,0.10048339143395424,0.06097274646162987,0.10733582824468613,0.1142764613032341,0.08872773498296738,,0.08245529979467392,
1212609727,qslstm_log,extrapolation,late,2000112,62,8,54,54,7,0.10363419125523889,0.30274646560991963,0.1809240511046859,0.42535167932510376,0.08405122961152312,0.2717710994184017,0.1065353707580116,0.3073354087494038,0.016067490533546166,0.005320218476382169,0.01728166001183646,0.2609813851969583,0.13388311862945557,0.277806567294257,0.10835379362106323,0.2717710994184017,0.4086284637451172,0.2876354940235615,0.3989962339401245,0.26933394372463226,0.40496206283569336,0.27332622185349464,0.4123619794845581,0.2509346641600132,0.4078071713447571,0.27796734496951103,0.4235731363296509,0.3218078054487705,0.4217686057090759,0.3453998182501112,,0.35028426562036785,,0.1262527508661151,0.10647690227186238,0.019775848594252715,0.12117183208465576,0.07481064647436142,0.13588984736374446,0.12165077775716782,0.1262527508661151,0.05697062984108925,0.15212506335228682,0.053111135959625244,0.12132875993847847,0.051672231405973434,0.11433220654726028,0.08719280362129211,0.11627190932631493,0.047719284892082214,0.11136383842676878,0.08529428392648697,0.09576884377747774,0.04651661589741707,0.08750958208526884,,0.08454445589865957,
1212609727,qslstm_log,extrapolation,late,2000113,62,5,57,57,4,0.09797464091531301,0.3107344123624986,0.11257500981409763,0.33552199602127075,0.0953387684593436,0.3074257582426071,0.09820585779741559,0.311024645180033,0.015336933888887105,0.013319745659828186,0.015015900135040283,0.2912171296775341,0.2615107595920563,0.29092125222086906,0.2556416690349579,0.3074257582426071,0.3153337240219116,0.32259022891521455,0.32659900188446045,0.3266038328409195,0.34842970967292786,0.3225032538175583,0.35206735134124756,0.3073783963918686,0.33552199602127075,0.31961918249726295,,0.3102850206196308,,0.27908099194367725,,0.30679255723953247,,0.1575152948498726,0.09555158306632125,0.06196371178355134,0.12175366561859846,0.06100549176335335,0.10946815274655819,0.06517184525728226,0.1575152948498726,0.06124225631356239,0.1194951705634594,0.09206148236989975,0.13333256617188455,0.1376081258058548,0.10832607150077819,0.05193580314517021,0.08152985945343971,0.049724046140909195,0.1090808417648077,,0.0925184590741992,,0.08586368337273598,,0.07192990183830261,
1212609727,qslstm_log,extrapolation,late,2000114,62,3,59,58,3,0.14242096670092588,0.357357588506514,0.0875454092970962,0.2958807349205017,0.1518151883162778,0.3857989804819226,0.14194329441539955,0.35591141603318815,0.016362573566107916,0.013249382376670837,0.09885482986768086,0.3613203759305179,0.47749924566596746,0.3224629756684105,0.47737887408584356,0.3857989804819226,0.34887826442718506,0.3549046612655123,0.33809149265289307,0.3122104800616701,0.32184576988220215,0.32056566048413515,0.30635398626327515,0.30751339563479024,0.2958807349205017,0.3536544437520206,,0.3384540523402393,,0.35066509200260043,,0.33461695862933993,,0.16624835381905237,0.0928895251225617,0.07335882869649067,0.08578447066247463,0.05538458749651909,0.15212012082338333,0.06866466253995895,0.16624835381905237,0.08353519439697266,0.15089302510023117,0.06497355550527573,0.11195798094073932,0.06131584569811821,0.09838163231809934,0.07151458412408829,0.10644714161753654,0.093264140188694,0.07614578120410442,,0.08647625520825386,,0.07591398432850838,,0.1069612093269825,
1212609727,qslstm_log,extrapolation,late,2000115,62,3,59,59,2,0.0733482627911999,0.2663155063506096,0.031143032360390954,0.17647388577461243,0.061343225201878994,0.23630194862683615,0.07395868843133485,0.26784161945520824,0.014647252983966116,0.006524309515953064,0.002718880772590637,0.28942473232746124,0.23579144477844238,0.2874097377061844,0.255775511264801,0.23630194862683615,0.16811639070510864,0.2415822446346283,0.16577082872390747,0.24899566173553467,0.17647388577461243,0.3199474960565567,,0.26068341732025146,,0.29457424581050873,,0.26401618123054504,,0.30198514461517334,,0.23434865474700928,,0.15815848981340727,0.08696800906021716,0.07119048075319011,0.061242638155817986,0.054970744997262955,0.08910861238837242,0.08638826012611389,0.15815848981340727,0.056766021996736526,0.14311828960975012,0.045862942934036255,0.12339082981149356,0.04461001232266426,0.15529226139187813,,0.10132988169789314,,0.13299250230193138,,0.0912412628531456,,0.06354029662907124,,0.05591892823576927,
1212609727,qslstm_log,extrapolation,late,2000116,62,6,56,56,5,0.054625061250178304,0.15177416843512365,0.1725104896833649,0.4153438210487366,0.11838604705771134,0.32006009481847286,0.04779352705651406,0.1337435334654791,0.026336668857506344,0.008543670177459717,0.040817868709564206,0.4016045033931732,0.026289403438568115,0.33924450948834417,0.016506969928741455,0.32006009481847286,0.4409748315811157,0.3337107604990403,0.42624717950820923,0.335076571131746,0.4166734218597412,0.3379037982473771,0.4153438210487366,0.29158724620938303,,0.17626997232437133,,0.20027550980448722,,0.11508040428161621,,0.08807911872863769,,0.14935684700806937,0.11601870912792427,0.0333381378801451,0.16488717049360274,0.14431370794773102,0.14018239080905914,0.1338207870721817,0.14935684700806937,0.07725915312767029,0.16248285273710886,0.0712379440665245,0.14305469766259193,0.06422356516122818,0.1328319013118744,0.07758214324712753,0.11788949370384216,,0.11885323375463486,,0.11704217791557311,,0.11671090126037598,,0.12185185700654984,
1212609727,qslstm_log,extrapolation,late,2000117,62,5,57,56,5,0.0875792988968388,0.26809246141103005,0.009358329194256498,0.09673845767974854,0.090279246481794,0.2801794186234474,0.0873424613893866,0.2670322020064321,0.01970518540058817,0.01360647678375244,0.03616340756416321,0.3302814830094576,0.41567739099264145,0.28467542976140975,0.40481557697057724,0.2801794186234474,0.1083177924156189,0.253028966486454,0.12266159057617188,0.22580968886613845,0.10734140872955322,0.25271333009004593,0.10626959800720215,0.27441544085741043,0.12297928333282471,0.27952551990747454,0.12258538603782654,0.28797274380922316,0.10032767057418823,0.3009930208325386,0.11270546913146973,0.30607941932976246,,0.10571200773119926,0.09419452614690128,0.011517481584297981,0.07622632011771202,0.04208742454648018,0.15337710306048394,0.06927108019590378,0.10571200773119926,0.05073121562600136,0.13130447566509246,0.095009446144104,0.10362222418189049,0.04454612731933594,0.0965891994535923,0.08841747045516968,0.09786523655056953,0.09785845130681992,0.08925085067749024,0.09737440943717957,0.09592732712626457,0.11750499159097672,0.0528526820242405,0.041006799787282944,0.057548088021576405,
1212609727,qslstm_log,extrapolation,late,2000118,62,5,57,57,4,0.08535460831450994,0.2445298003092889,0.12661671663141139,0.35583242774009705,0.06515366922639924,0.22232677042484283,0.08712662051522141,0.24647743450967888,0.028545665113549484,0.018841475248336792,0.0178641676902771,0.3015713058412075,0.10348093509674072,0.2863248847424984,0.06846427917480469,0.22232677042484283,0.31814947724342346,0.2583248525857925,0.3388451635837555,0.28349001705646515,0.35583242774009705,0.29761625453829765,,0.25914856418967247,,0.2765170820057392,,0.279576163738966,,0.22917931526899338,,0.19515543431043625,,0.14023299217224122,0.10281262873557576,0.037420363436665466,0.11529171839356422,0.10846435278654099,0.09767701849341393,0.039396561682224274,0.14023299217224122,0.07726385444402695,0.14108681827783584,0.05609676241874695,0.1205898754298687,0.04867274686694145,0.1288555096834898,,0.11786678433418274,,0.09056910872459412,,0.0938872592523694,,0.09192961268126965,,0.08008562121540308,
1212609727,qslstm_log,extrapolation,late,2000119,62,4,58,57,4,0.07689946207901413,0.26596513390541077,0.12184443291619851,0.3490622192621231,0.10133310252429789,0.31611819937825203,0.07521438342761524,0.2625063018038355,0.01687550231030113,0.017883698145548504,0.019911721348762512,0.22659268975257874,0.2684400677680969,0.24289803206920624,0.33543580770492554,0.31611819937825203,0.34316374361515045,0.32292116433382034,0.3487301617860794,0.33770493417978287,0.37293852865695953,0.32107866555452347,0.3490622192621231,0.3038209527730942,,0.3027803897857666,,0.2904129922389984,,0.2600182294845581,,0.26288866996765137,,0.10073075629770756,0.10914549771054037,-0.008414741412832813,0.12861947156488895,0.07526462525129318,0.10294793546199799,0.09142637252807617,0.10073075629770756,0.07609199732542038,0.11075662449002266,0.10781395435333252,0.09982714615762234,0.07411320507526398,0.08185509406030178,0.09074762463569641,0.10525029649337132,,0.0893387719988823,,0.07060728222131729,,0.05922679603099823,,0.1107008196413517,
1212609727,qslstm_log,extrapolation,late,2000120,62,4,58,58,3,0.10275327547065752,0.2890127994262824,0.16133891575495696,0.4016701579093933,0.1234113946424478,0.31236176105448976,0.10132857759674092,0.2874025262105439,0.02121353868780465,0.005681887269020081,0.013439615567525228,0.2989167857449502,0.07553315162658691,0.32978582265786827,0.07613354921340942,0.31236176105448976,0.398928165435791,0.2929200744838454,0.39962512254714966,0.27544670464703813,0.39021092653274536,0.28906696202466264,0.38963234424591064,0.283677524945233,0.4016701579093933,0.3071352430464079,,0.23991358280181885,,0.24640172719955444,,0.25448399782180786,,0.13694494776427746,0.1059768824227925,0.030968065341484954,0.09729817137122154,0.054069604724645615,0.12974517668286958,0.047862354665994644,0.13694494776427746,0.05254678428173065,0.14319653250277042,0.06736376881599426,0.13735422678291798,0.07285279780626297,0.12980327755212784,0.06642252951860428,0.11935970559716225,0.09955441951751709,0.1415510674317678,,0.11516637603441875,,0.10589306429028511,,0.08434223756194115,
1212609727,qslstm_log,extrapolation,late,2000121,62,5,57,57,4,0.1313081509281409,0.3377363833208238,0.2134733810459457,0.4620317965745926,0.10453639096156597,0.29416167810559274,0.1336565509252089,0.34155872588356334,0.02028085892660576,0.01886889338493347,0.055205926299095154,0.3045320101082325,0.06683623790740967,0.33141728956252337,0.07298171520233154,0.29416167810559274,0.42222388088703156,0.28874237164855004,0.4437562972307205,0.29814908728003503,0.45249463617801666,0.2937989257276058,0.43466080725193024,0.315806820243597,0.4620317965745926,0.2668510964140296,,0.28100773598998785,,0.38505043368786573,,0.4116377420723438,,0.18514345288276673,0.103477930682793,0.08166552219997374,0.09321068599820137,0.046414848417043686,0.12438633292913437,0.04323938488960266,0.18514345288276673,0.06752445548772812,0.14569777473807335,0.03834761306643486,0.12227866947650909,0.03984846547245979,0.13569543287158012,0.045624878257513046,0.12533777877688407,0.041558556258678436,0.11477096658200026,,0.11208578199148178,,0.11071838904172182,,0.10021474460760753,
1212609727,qslstm_log,extrapolation,late,2000122,62,7,55,54,7,0.10707822485741939,0.29657104623413855,0.06742913794823835,0.2596712112426758,0.14808624255906594,0.35830287049923626,0.10185902260448255,0.28871426860039884,0.018753043479389615,0.01509973406791687,0.032312205859592984,0.32850391790270805,0.3631639927625656,0.343201218439,0.3795526474714279,0.35830287049923626,0.2727603316307068,0.35172408872417044,0.252768874168396,0.3587478516357286,0.2746815085411072,0.2602853700518608,0.25636035203933716,0.2583555206656456,0.2707401514053345,0.25424996284501894,0.25234079360961914,0.3036784359386989,0.25209295749664307,0.35596037177102907,0.28626102209091187,0.34698168250421685,,0.0999321352158274,0.09036938026547432,0.00956275495035308,0.11212365595357758,0.07999326288700104,0.09432962536811829,0.045778095722198486,0.0999321352158274,0.06130537390708923,0.09682534368974823,0.08313892781734467,0.10700872167944908,0.06935145705938339,0.08163000749690193,0.06352969259023666,0.08026202129466194,0.04957650229334831,0.08730289180363927,0.09342574328184128,0.088241986398186,0.06088174507021904,0.07396621203848294,0.10379261523485184,0.07578709969917934,
1212609727,qslstm_log,extrapolation,late,2000123,62,6,56,56,5,0.08886684626614044,0.2728311097429645,0.011852819585066676,0.10887065529823303,0.0679763230964257,0.2349698425581058,0.09110511660575273,0.27688767408419934,0.01546795932309968,0.010386811061338945,0.030294978618621828,0.2834440590813756,0.33897900581359863,0.2849207855761051,0.3430395722389221,0.2349698425581058,0.10163372755050659,0.27639156704147655,0.10923343896865845,0.28563321754336357,0.11616349220275879,0.27550555393099785,0.11212271451950073,0.27593665942549706,0.09803080558776855,0.313995148986578,0.11811918020248413,0.26377695115904015,0.12746268510818481,0.23675853610038758,,0.290520042181015,,0.1456380058079958,0.10706051904708147,0.038577486760914326,0.11579019948840141,0.07628130167722702,0.17015094459056854,0.09306887537240982,0.1456380058079958,0.04403209686279297,0.15862538603444895,0.03522202745079994,0.14031976523498693,0.06486626714468002,0.1203642338514328,0.09647179394960403,0.127551960448424,0.07437430322170258,0.0955386074880759,0.11610474437475204,0.11687759682536125,0.133906289935112,0.10866566151380538,,0.09237343221902847,
1212609727,qslstm_log,extrapolation,late,2000124,62,4,58,57,4,0.1432631181412676,0.3574907765273125,0.17148808347645073,0.4141111969947815,0.12454562361036214,0.3338782414793968,0.1445539798330542,0.3591192272202722,0.01623890901866712,0.01028833786646525,0.01946951448917389,0.34716398268938065,0.15064340829849243,0.35369548946619034,0.15614861249923706,0.3338782414793968,0.39406687021255493,0.342397578060627,0.40295833349227905,0.3512638732790947,0.4121914505958557,0.35486332327127457,0.40133053064346313,0.418720968067646,0.4075937867164612,0.41078977286815643,0.4141111969947815,0.4157862663269043,,0.4304198920726776,,0.44148144125938416,,0.09776856377720833,0.1068268309764821,-0.009058267199273773,0.07729891128838062,0.044047415256500244,0.057435368187725544,0.04279652237892151,0.09776856377720833,0.07118941098451614,0.06291803997009993,0.07426745444536209,0.07928414270281792,0.10479167848825455,0.07693872507661581,0.03959351405501366,0.05955391749739647,0.041431769728660583,0.07743270415812731,0.09170285612344742,0.06587681795159976,,0.05729718506336212,,0.11060534045100212,
1212609727,qslstm_log,extrapolation,late,2000125,62,7,55,54,7,0.09175765489602762,0.2776304428135195,0.12123738273185669,0.34819158911705017,0.10114709525584807,0.304434814623424,0.09056263521386866,0.27421897731044076,0.012021081315146552,0.01470758393406868,0.06493906889642988,0.27661464114983875,0.2727421969175339,0.2763983266694205,0.26660723984241486,0.304434814623424,0.33049315214157104,0.3345166785376413,0.3376616835594177,0.3380220830440521,0.3451228439807892,0.3333408108779362,0.3739287555217743,0.33102993028504507,0.3630906343460083,0.33705365444932667,0.34224164485931396,0.3271743655204773,0.34819158911705017,0.30692816028992337,,0.24015268981456755,,0.18376878648996353,0.07665863091295416,0.10711015557700937,0.12401740998029709,0.04111062362790108,0.17709923642022268,0.04037616774439812,0.18376878648996353,0.08555958420038223,0.11751045765621322,0.0438934750854969,0.10284267419150897,0.040346529334783554,0.10323762521147728,0.10048643499612808,0.08631084380405289,0.05210334435105324,0.07450951689055987,0.0376068577170372,0.08057808343853269,0.08818242698907852,0.052933129792412124,,0.06817752048373223,
1212609727,qslstm_log,extrapolation,early,2000126,62,1,61,61,0,0.14897739277022612,0.3825206977705802,0.16104811093441995,0.40130800008773804,0.1854172988752234,0.4306010901927948,0.14838001726030808,0.38173249461611763,0.019288147570656947,0.019288147570656947,,,,,,0.4306010901927948,0.4306010901927948,0.5137219727039337,0.5137219727039337,0.3989035487174988,0.3989035487174988,0.4554184675216675,0.4554184675216675,0.48843616247177124,0.48843616247177124,0.4964420199394226,0.4964420199394226,0.4247402548789978,0.4247402548789978,0.3760702610015869,0.3760702610015869,0.35677963495254517,0.35677963495254517,0.34950530529022217,0.099797501366158,0.24970780392406416,,,,,0.34950530529022217,0.34950530529022217,0.26736804842948914,0.26736804842948914,0.20727242529392242,0.20727242529392242,0.28567540645599365,0.28567540645599365,0.12524153292179108,0.12524153292179108,0.20644553005695343,0.20644553005695343,0.17888174951076508,0.17888174951076508,0.15937821567058563,0.15937821567058563,0.07421446591615677,0.07421446591615677
1212609727,qslstm_log,extrapolation,early,2000127,62,1,61,61,0,0.03661259679294974,0.18905695167280012,0.03925153359888611,0.19811999797821045,0.08707273765827495,0.29508090019226074,0.03578538136892801,0.18731885415608765,0.018537991359585622,0.018537991359585622,,,,,,0.29508090019226074,0.29508090019226074,0.2732999324798584,0.2732999324798584,0.3043598234653473,0.3043598234653473,0.21886968612670898,0.21886968612670898,0.21482542157173157,0.21482542157173157,0.15022939443588257,0.15022939443588257,0.21069884300231934,0.21069884300231934,0.1679295301437378,0.1679295301437378,0.1343281865119934,0.1343281865119934,0.4085330665111542,0.10731207677086846,0.3012209897402857,,,,,0.4085330665111542,0.4085330665111542,0.37707269191741943,0.37707269191741943,0.23137575387954712,0.23137575387954712,0.2722007632255554,0.2722007632255554,0.16281887888908386,0.16281887888908386,0.13459812104701996,0.13459812104701996,0.16185373067855835,0.16185373067855835,0.09119773656129837,0.09119773656129837,0.12843020260334015,0.12843020260334015
1212609727,qslstm_log,extrapolation,early,2000128,62,2,60,60,1,0.05281439213208049,0.2238468860666598,0.0513115272819995,0.22652047872543335,0.0684592452959161,0.26095025613904,0.0522928970266193,0.22261010706424714,0.02052891254425049,0.02052891254425049,0.1292528510093689,,,0.28003451973199844,0.28003451973199844,0.26095025613904,0.24186599254608154,0.21141788363456726,0.18096977472305298,0.1538526713848114,0.12673556804656982,0.09596678614616394,0.06519800424575806,0.11259406805038452,0.159990131855011,0.14129489660263062,0.14498430490493774,0.20252209901809692,0.18511414527893066,0.13582900166511536,0.14247417449951172,0.19617724418640137,0.20887309312820435,0.4018345922231674,0.09268513520558676,0.3091494570175807,,,0.48429131507873535,0.48429131507873535,0.4018345922231674,0.3193778693675995,0.2815948352217674,0.24381180107593536,0.26219432801008224,0.2805768549442291,0.23044700175523758,0.18031714856624603,0.15822771191596985,0.13613827526569366,0.13503222912549973,0.12316492199897766,0.12252915650606155,0.09754833579063416,0.11121012642979622,0.1247434914112091,0.08676893264055252,0.10808601975440979
1212609727,qslstm_log,extrapolation,early,2000129,62,7,55,55,6,0.09537193643586536,0.3051544141865546,0.09851604993894458,0.31387266516685486,0.07254138015647392,0.26114483390535626,0.09827764359869699,0.31075563349507074,0.014289454980330034,0.013652043074977641,0.03799531360467275,0.23411629100640616,0.1678953617811203,0.23614403108755747,0.17045430839061737,0.26114483390535626,0.3581971526145935,0.24726187969957078,0.33707886934280396,0.28669371349470957,0.3010459542274475,0.2884460815361568,0.29796215891838074,0.2981617216553007,0.3209923803806305,0.27635790194783894,0.3412555456161499,0.3093732276133129,0.2940361499786377,0.3232462321008955,0.3091340661048889,0.3114876534257616,0.2894824743270874,0.1601804569363594,0.08660101396116343,0.07357944297519597,0.17830010379354158,0.11343865841627121,0.15130367378393808,0.07517042011022568,0.1601804569363594,0.09692835807800293,0.15567181259393692,0.11283442378044128,0.1439150156719344,0.09480845928192139,0.12732458221060888,0.08159156143665314,0.12120733835867473,0.07588409632444382,0.09492416520203863,0.057000670582056046,0.09674525633454323,0.0836610496044159,0.0786932430097035,0.05689505860209465,0.07636048804436411,0.07461781799793243
1212609727,qslstm_log,extrapolation,early,2000130,62,2,60,59,2,0.09770946699875839,0.3058203189603744,0.12310031347630002,0.3508565425872803,0.07528779048807277,0.2685577943921089,0.09845685621578124,0.30706240311264993,0.019327718322559938,0.0160480797290802,0.07174122333526611,0.19342650473117828,0.19342650473117828,0.2007635310292244,0.2565359026193619,0.2685577943921089,0.3248116970062256,0.3199845477938652,0.3866160809993744,0.30816102772951126,0.3779643177986145,0.2994173541665077,0.41618281602859497,0.24673927575349808,0.34244346618652344,0.23255261033773422,0.31898438930511475,0.25029418617486954,0.3071618676185608,0.3476749360561371,0.31738555431365967,0.31276875734329224,0.3065531253814697,0.22364230453968048,0.10465914141386748,0.118983163125813,0.19703571498394012,0.19703571498394012,0.26285408064723015,0.10811644047498703,0.22364230453968048,0.17459559440612793,0.15887104347348213,0.07792317122220993,0.15994076803326607,0.08305077999830246,0.12884891033172607,0.10890090465545654,0.17211753129959106,0.14018814265727997,0.10628147795796394,0.06636276096105576,0.14379195496439934,0.09054819494485855,0.1016264483332634,0.12020211666822433,0.06971760094165802,0.07307244092226028
1212609727,qslstm_log,extrapolation,early,2000131,62,2,60,60,1,0.1858278129454305,0.42849976208902174,0.21009915696171172,0.4583657458424568,0.07767330029299949,0.27749182656407356,0.1894329633671782,0.43353335993985337,0.020824924608071647,0.019806468385761066,0.06036838889122009,0.25157684087753296,0.25157684087753296,0.3324906826019287,0.3324906826019287,0.27749182656407356,0.30340681225061417,0.35394280031323433,0.37539491802453995,0.3318720832467079,0.36033735424280167,0.37891557067632675,0.38243622332811356,0.37850334495306015,0.39666933566331863,0.45256779342889786,0.5084662511944771,0.5162181928753853,0.5239701345562935,0.4731900468468666,0.4568307474255562,0.40960413962602615,0.3912181928753853,0.2745169773697853,0.10643328546235958,0.16808369190742573,0.3648550808429718,0.3648550808429718,0.373321533203125,0.373321533203125,0.2745169773697853,0.18417887389659882,0.2787066027522087,0.18409167230129242,0.21419520676136017,0.24421153962612152,0.2043074518442154,0.22452323138713837,0.20146259665489197,0.15871365368366241,0.1769816279411316,0.19524960219860077,0.14508690312504768,0.0949242040514946,0.12212219089269638,0.13796772062778473,0.10820740833878517,0.0689951702952385
1212609727,qslstm_log,extrapolation,early,2000132,62,3,59,59,2,0.06619033668567968,0.24336511251186171,0.06562662896703841,0.2561769485473633,0.10836241038955148,0.31479111934701604,0.06404599395497433,0.2397332816558369,0.016167434595398985,0.012657735347747803,0.04663702845573425,0.3489037100225687,0.4578843005001545,0.34364991821348667,0.4663701541721821,0.31479111934701604,0.22570276260375977,0.28326916322112083,0.21716034412384033,0.308167215436697,0.1950434446334839,0.3084285023311774,0.21578890085220337,0.37188515315453213,0.213781476020813,0.38350344945987064,0.19460511207580566,0.2809026601413886,0.17217671871185303,0.20786158243815103,0.21846961975097656,0.20253491401672363,0.2003811001777649,0.21338632702827454,0.09533950383380307,0.11804682319447146,0.19974248111248016,0.10998529195785522,0.15941036865115166,0.0930243507027626,0.21338632702827454,0.09656375646591187,0.23097912967205048,0.12655989825725555,0.19153578331073126,0.08884882181882858,0.1424494038025538,0.08762063831090927,0.1225091169277827,0.09439577907323837,0.1242073451479276,0.08333882689476013,0.10649727036555608,0.09748607873916626,0.10388781130313873,0.07643155008554459,0.10143177087108295,0.058582697063684464
1212609727,qslstm_log,extrapolation,early,2000133,62,2,60,60,1,0.044773729658823244,0.20986770958669723,0.05345434017423045,0.23120194673538208,0.03740739402869231,0.19260892271995544,0.04501927417982761,0.2104430024822553,0.02023021678129832,0.02023021678129832,0.04101318120956421,,,0.21019291877746582,0.21019291877746582,0.19260892271995544,0.17502492666244507,0.190944641828537,0.2068643569946289,0.2006646990776062,0.1944650411605835,0.22442986071109772,0.25439468026161194,0.2797715812921524,0.30514848232269287,0.23862528800964355,0.229705810546875,0.23628585040569305,0.22156262397766113,0.17141079902648926,0.15819436311721802,0.22773197293281555,0.22021257877349854,0.25697410851716995,0.11533088727543751,0.14164322124173245,,,0.29478368163108826,0.29478368163108826,0.25697410851716995,0.21916453540325165,0.25184253603219986,0.28452053666114807,0.22752296179533005,0.17052538692951202,0.17237583547830582,0.1742262840270996,0.193421371281147,0.2126164585351944,0.14788471162319183,0.14768515527248383,0.13041990995407104,0.1079568862915039,0.10903380438685417,0.10277807712554932,0.16169370710849762,0.16040274500846863
1212609727,qslstm_log,extrapolation,early,2000134,62,3,59,59,2,0.03909010203183231,0.19359077777593367,0.03288029702730455,0.18132925033569336,0.06898616316284811,0.25734442969163257,0.03756996333025523,0.19034906666157608,0.01505036323757495,0.014324426651000977,0.060960158705711365,0.23543377220630646,0.23543377220630646,0.2587532624602318,0.22306983172893524,0.25734442969163257,0.18304765224456787,0.2297280728816986,0.1592015027999878,0.22810915112495422,0.22582384943962097,0.20368817945321402,0.20494705438613892,0.18139452735582987,0.20193442702293396,0.23013602693875632,0.25963717699050903,0.23232121268908182,0.2809714674949646,0.26263290643692017,0.2656973600387573,0.23491326967875162,0.18863177299499512,0.31207530200481415,0.08415101500133336,0.22792428700348077,0.19892024993896484,0.19892024993896484,0.2903386205434799,0.2021222710609436,0.31207530200481415,0.22684891521930695,0.25063690543174744,0.2221684455871582,0.17263536900281906,0.11686358600854874,0.20569414893786112,0.18811126053333282,0.19768403470516205,0.144034743309021,0.14724471420049667,0.13675929605960846,0.12371165305376053,0.11551058292388916,0.09664122015237808,0.07462897151708603,0.07162707547346751,0.07345404475927353
1212609727,qslstm_log,extrapolation,early,2000135,62,3,59,58,3,0.2083070016212121,0.4415880078750272,0.2260291053656296,0.47542518377304077,0.08340376124334924,0.2621314252416293,0.2146580138438153,0.4507129188563864,0.018183629060613698,0.014971100621753268,0.043661683797836304,0.17698729410767555,0.0673641562461853,0.16847165673971176,0.0236852765083313,0.2621314252416293,0.3968167304992676,0.30427879343430203,0.3754580020904541,0.18204215168952942,0.3757951855659485,0.17247212926546732,0.3716356158256531,0.3039775490760803,0.4477517604827881,0.4152740438779195,0.4732102155685425,0.44467516740163165,0.5104785561561584,0.4896398186683655,0.4852306842803955,0.4833521644274394,0.4865550398826599,0.17370292047659555,0.11336329667750052,0.060339623799095035,0.1838444322347641,0.15850910544395447,0.29303040603796643,0.14032606780529022,0.17370292047659555,0.12077340483665466,0.22096158067385355,0.13020853698253632,0.17311939100424448,0.1696934700012207,0.18088808159033457,0.16430051624774933,0.12311455359061559,0.09006115049123764,0.1326755384604136,0.10755974054336548,0.13311580071846643,0.13959278166294098,0.12657483915487924,0.1325719952583313,0.1231388325492541,0.13226787745952606
1212609727,qslstm_log,extrapolation,early,2000136,62,2,60,60,1,0.1118077167825617,0.331174046041504,0.12959816494637622,0.3599974513053894,0.0667451355473655,0.22364968806505203,0.11330980282373491,0.33475819130738577,0.01743777791659037,0.01743777791659037,0.23975932598114014,,,0.35297854244709015,0.35297854244709015,0.22364968806505203,0.09432083368301392,0.15217524766921997,0.21002966165542603,0.24112439155578613,0.27221912145614624,0.2851364314556122,0.2980537414550781,0.3288889676332474,0.3597241938114166,0.2941190302371979,0.27069902420043945,0.2341393530368805,0.24128776788711548,0.3050128221511841,0.29735755920410156,0.35386401414871216,0.37039023637771606,0.2826366126537323,0.09349000503619512,0.18914660761753718,,,0.3138038218021393,0.3138038218021393,0.2826366126537323,0.2514694035053253,0.22933707386255264,0.20720474421977997,0.22249650210142136,0.23778825998306274,0.23289889097213745,0.22800952196121216,0.16991383209824562,0.11181814223527908,0.17079613357782364,0.16829414665699005,0.11701447889208794,0.10475602000951767,0.1324118711054325,0.14249341189861298,0.09237568452954292,0.1226639673113823
1212609727,qslstm_log,extrapolation,early,2000137,62,2,60,60,1,0.17584755665966803,0.4168386675657765,0.17474822853247307,0.41802898049354553,0.17060253601373931,0.4075020104646683,0.17602239068119901,0.4171498894691467,0.012903850277264912,0.011433573705809457,0.060508668422698975,0.22460198402404785,0.22460198402404785,0.24306684732437134,0.24306684732437134,0.4075020104646683,0.474916011095047,0.3768388479948044,0.426481693983078,0.3683091253042221,0.43093374371528625,0.30536462366580963,0.3861272633075714,0.3134465664625168,0.38382628560066223,0.4255693703889847,0.42465704679489136,0.395903080701828,0.4056788980960846,0.4075537919998169,0.39198294281959534,0.38679686188697815,0.3883505165576935,0.2587287947535515,0.07677930568655332,0.18194948906699815,0.1962125450372696,0.1962125450372696,0.13846085965633392,0.13846085965633392,0.2587287947535515,0.17331154644489288,0.21253113448619843,0.1801273673772812,0.17050061002373695,0.11649813503026962,0.18482699990272522,0.17344145476818085,0.10578057914972305,0.07310029864311218,0.12715190276503563,0.07417643815279007,0.11488918028771877,0.0563369058072567,0.059310076758265495,0.05444864556193352,0.07472910545766354,0.04692677780985832
1212609727,qslstm_log,extrapolation,early,2000138,62,3,59,58,3,0.18934773441993888,0.4218517267896283,0.22208554872424102,0.47125953435897827,0.07843683000149,0.24881644050280252,0.19498727193274137,0.430650131177094,0.02097824781105436,0.01606862151876409,0.09684126575787862,0.2840208113193512,0.11696836352348328,0.19809702038764954,0.09041035175323486,0.24881644050280252,0.4303574860095978,0.29220444957415265,0.4551381766796112,0.30752432346343994,0.45165884494781494,0.2912338674068451,0.4759812653064728,0.41814810037612915,0.4843817949295044,0.4544660250345866,0.4767577052116394,0.46192727486292523,0.47498762607574463,0.3355763951937358,0.4413312077522278,0.4699270923932393,0.49246880412101746,0.20069756358861923,0.09004161159618426,0.11065595199243497,0.08800306171178818,0.09178612381219864,0.19836394240458807,0.10701640695333481,0.20069756358861923,0.13321839272975922,0.18199259291092554,0.14433270692825317,0.10970194513599078,0.06139696016907692,0.11546068886915843,0.06686284393072128,0.10607706382870674,0.05359196290373802,0.07315037523706754,0.04378029704093933,0.06067310770352682,0.04958205297589302,0.07092990974585216,0.05619126930832863,0.06287532175580661,0.0655718520283699
1212609727,qslstm_log,extrapolation,early,2000139,62,2,60,59,2,0.013119690835912393,0.09852117636511402,0.011008150082577828,0.10491973161697388,0.053687602243728705,0.17829635739326477,0.011767427122318515,0.09586200366417567,0.016374992111981925,0.014722415085496574,0.034436315298080444,0.32627612352371216,0.32627612352371216,0.2770572900772095,0.4385005831718445,0.17829635739326477,0.030316591262817383,0.2434345781803131,0.04836857318878174,0.05294366180896759,0.0755707323551178,0.079258993268013,0.11014941334724426,0.1109948605298996,0.1464189887046814,0.12753024697303772,0.10864150524139404,0.08852791786193848,0.06841433048248291,0.06361888349056244,0.06204509735107422,0.07118609547615051,0.05614596605300903,0.2557143270969391,0.08524641046921412,0.17046791662772498,0.2590278685092926,0.2590278685092926,0.3056829124689102,0.2798919975757599,0.2557143270969391,0.25240078568458557,0.2152005061507225,0.15050901472568512,0.22073433548212051,0.18906788527965546,0.12747693434357643,0.10444485396146774,0.13616405799984932,0.08326023072004318,0.09178595244884491,0.10031167417764664,0.13035662099719048,0.16040156781673431,0.10071471333503723,0.08959551900625229,0.07518992945551872,0.07230626046657562
1212609727,qslstm_log,extrapolation,early,2000140,62,2,60,59,2,0.08161298040657385,0.2805148680363932,0.10673755507296101,0.3267071396112442,0.050737722286704146,0.21942580491304398,0.08264215567723616,0.28255117014050485,0.01572694010653738,0.014948110831411262,0.08514967560768127,0.09276175498962402,0.09276175498962402,0.1150900274515152,0.09283727407455444,0.21942580491304398,0.2703182250261307,0.17801708728075027,0.2632724195718765,0.1823374405503273,0.27183760702610016,0.2504284679889679,0.23053871095180511,0.23276443779468536,0.2022564560174942,0.23965010046958923,0.24876148998737335,0.24673782289028168,0.25924213230609894,0.250410795211792,0.255034938454628,0.2686208337545395,0.27995772659778595,0.1767643690109253,0.11275616865605116,0.06400820035487413,0.28408586978912354,0.28408586978912354,0.33143300563097,0.2475481480360031,0.1767643690109253,0.13646769523620605,0.23806605488061905,0.19204623997211456,0.18465258926153183,0.12175703048706055,0.12466968968510628,0.1128716841340065,0.13525867834687233,0.0784711167216301,0.08983561396598816,0.06679954379796982,0.13661522418260574,0.12653136253356934,0.11091899871826172,0.10503625869750977,0.09730947762727737,0.1119580939412117
1212609727,qslstm_log,extrapolation,early,2000141,62,4,58,57,4,0.09307012911394888,0.3013092875480652,0.10439696136483523,0.32310518622398376,0.0566041583188428,0.23172710090875626,0.09558502365154241,0.3061080590404313,0.018042675235815216,0.016520301883037273,0.05613820254802704,0.26179389158884686,0.28586137294769287,0.18629900366067886,0.2290247082710266,0.23172710090875626,0.2790811359882355,0.28493792563676834,0.35209575295448303,0.2715664729475975,0.39080551266670227,0.32027991861104965,0.424259215593338,0.29958099871873856,0.4314662516117096,0.32476756721735,0.38203200697898865,0.34841376543045044,0.299509197473526,0.3620983064174652,0.28805437684059143,0.3035435527563095,0.3230290710926056,0.212357422336936,0.10831659145910165,0.10404083087783435,0.24982726077238718,0.1654491275548935,0.28416817262768745,0.18504966795444489,0.212357422336936,0.08161035925149918,0.1821104921400547,0.09025251865386963,0.19748413190245628,0.15114273130893707,0.16544966958463192,0.08500545471906662,0.1635790802538395,0.14025242626667023,0.10611387901008129,0.08714351058006287,0.11854298040270805,0.15641337633132935,0.11359221115708351,0.1023046001791954,0.09845691826194525,0.10342836380004883
1212609727,qslstm_log,extrapolation,early,2000142,62,2,60,59,2,0.04284734689074292,0.20507038937460992,0.03862558107408631,0.1965339183807373,0.04320617216951428,0.2063547521829605,0.04283538604811721,0.20502757728099824,0.013485747878834352,0.013485747878834352,0.040968358516693115,0.31956714391708374,0.31956714391708374,0.27544982731342316,0.23133251070976257,0.2063547521829605,0.18137699365615845,0.16972780227661133,0.1580786108970642,0.19016560912132263,0.22225260734558105,0.23634234070777893,0.2504320740699768,0.24262624979019165,0.2348204255104065,0.263806015253067,0.2718082666397095,0.25900447368621826,0.232674241065979,0.16959035396575928,0.17322784662246704,0.173966646194458,0.179920494556427,0.2963567525148392,0.08347793786476056,0.21287881465007863,0.331834077835083,0.331834077835083,0.3144562393426895,0.297078400850296,0.2963567525148392,0.2956351041793823,0.2576841339468956,0.21973316371440887,0.18880102038383484,0.1578688770532608,0.14874587953090668,0.13962288200855255,0.1308559700846672,0.12208905816078186,0.11613593623042107,0.08605516701936722,0.11133019626140594,0.14629186689853668,0.09828844293951988,0.07297509163618088,0.07644711248576641,0.055610064417123795
1212609727,qslstm_log,extrapolation,early,2000143,62,3,59,58,3,0.08053199392160146,0.28064171969890594,0.06638181165227763,0.25764667987823486,0.08251525879812453,0.2777504076560338,0.0804311499448291,0.28078873556549266,0.02049557402216155,0.018795595124915795,0.09284734725952148,0.35359808057546616,0.43682466447353363,0.23487248520056406,0.33243922889232635,0.2777504076560338,0.1919182538986206,0.3060758064190547,0.26148903369903564,0.3570513029893239,0.26336777210235596,0.32498765985171,0.2526243329048157,0.29632335404555005,0.26022714376449585,0.22069342931111655,0.20679426193237305,0.2682717442512512,0.28122031688690186,0.2561398347218831,0.2804049253463745,0.297087440888087,0.3022296726703644,0.15953170756498972,0.10568544085500604,0.05384626670998367,0.2100781425833702,0.20985399186611176,0.24643259992202124,0.09500884264707565,0.15953170756498972,0.09559190273284912,0.20769008497397104,0.14008715748786926,0.15878688295682272,0.09380573034286499,0.1280649776260058,0.07423533499240875,0.1290959989031156,0.0818421021103859,0.11299361288547516,0.14958320558071136,0.09135756144920985,0.09842485189437866,0.11900352934996287,0.10900253057479858,0.1218634769320488,0.1012682393193245
1212609727,qslstm_log,extrapolation,early,2000144,62,3,59,59,2,0.1354776036427517,0.36033070640217874,0.14187768677606982,0.3766665458679199,0.09988921130523898,0.27877045174439746,0.13728718291415065,0.36447783799494726,0.016966854111622957,0.015800978038825242,0.024635642766952515,0.20123393088579178,0.13727150857448578,0.20934049040079117,0.14305813610553741,0.27877045174439746,0.4887000620365143,0.25678740441799164,0.4426308572292328,0.2786027838786443,0.4563329219818115,0.4103582402070363,0.437105655670166,0.39126556118329364,0.4566618502140045,0.3774375915527344,0.4195842742919922,0.3311478445927302,0.43687158823013306,0.4316279391447703,0.43456295132637024,0.41744719942410785,0.3897892236709595,0.16265917817751566,0.10645408063369283,0.05620509754382283,0.13748210296034813,0.1567562073469162,0.13236823305487633,0.15927861630916595,0.16265917817751566,0.07785951346158981,0.1522157664100329,0.07631400972604752,0.18001776685317358,0.1008366122841835,0.11859528968731563,0.1396394819021225,0.13350865989923477,0.1334073543548584,0.12346161653598149,0.1252875179052353,0.15142562985420227,0.161210834980011,0.11917217324177425,0.12381911277770996,0.0809704028069973,0.06483250856399536
1212609727,qslstm_log,extrapolation,early,2000145,62,1,61,61,0,0.18883118325199694,0.43212394308178653,0.22471632835822408,0.47404253855347633,0.18456366620838005,0.4296087361872196,0.1889011425477939,0.4321651759816975,0.0215639877514761,0.0215639877514761,,,,,,0.4296087361872196,0.4296087361872196,0.5633127130568027,0.5633127130568027,0.5015391148626804,0.5015391148626804,0.554067138582468,0.554067138582468,0.5834652818739414,0.5834652818739414,0.5616489090025425,0.5616489090025425,0.4839632548391819,0.4839632548391819,0.4412997402250767,0.4412997402250767,0.40071386471390724,0.40071386471390724,0.41102108359336853,0.09876884935332127,0.3122522342400473,,,,,0.41102108359336853,0.41102108359336853,0.2888670265674591,0.2888670265674591,0.1923777461051941,0.1923777461051941,0.19299191236495972,0.19299191236495972,0.24500823020935059,0.24500823020935059,0.20322644710540771,0.20322644710540771,0.10538353770971298,0.10538353770971298,0.08926514536142349,0.08926514536142349,0.0640510618686676,0.0640510618686676
1212609727,qslstm_log,extrapolation,early,2000146,62,4,58,58,3,0.17563385868591078,0.40803002830474605,0.20798757353240893,0.45605654641985893,0.10009733081330383,0.27064891438931227,0.1808432744012629,0.4175045878851208,0.018919784961075617,0.01576289915023966,0.11423229177792867,0.35444821417331696,0.5415976941585541,0.23798327644666037,0.4906885027885437,0.27064891438931227,0.3158808760344982,0.27789152693003416,0.3359185867011547,0.2875703824684024,0.3633432500064373,0.3034196672961116,0.3696128539741039,0.3732247082516551,0.36126263067126274,0.4797455398365855,0.3676985017955303,0.469554360024631,0.3533431105315685,0.4566203411668539,0.4245823137462139,0.37805378809571266,0.4316895715892315,0.2401095014065504,0.1044276004079087,0.1356819009986417,0.18615512549877167,0.15948320925235748,0.2626197437445323,0.13598379492759705,0.2401095014065504,0.0934707298874855,0.17422960326075554,0.08017514646053314,0.18160779401659966,0.129279226064682,0.14589078165590763,0.10784163326025009,0.15835703909397125,0.15490086376667023,0.1557132452726364,0.1520637720823288,0.13132386654615402,0.14963503181934357,0.13756506331264973,0.1469516158103943,0.11096616834402084,0.13979749381542206
1212609727,qslstm_log,extrapolation,early,2000147,62,4,58,58,3,0.0382638473626365,0.16710648469386563,0.008831330047777364,0.09397515654563904,0.12558581272614644,0.33930085599422455,0.03224164285480823,0.15523101081108226,0.012316390358168504,0.010755032300949097,0.0504159132639567,0.3857671022415161,0.4235991835594177,0.4029778341452281,0.3985248804092407,0.33930085599422455,0.1734198033809662,0.3266011252999306,0.15747776627540588,0.36798885464668274,0.13909754157066345,0.343343161046505,0.14743229746818542,0.354845829308033,0.13778671622276306,0.27673496305942535,0.11147543787956238,0.21226049214601517,0.1539417803287506,0.13218198716640472,0.13583919405937195,0.13177799433469772,0.11272406578063965,0.22230753302574158,0.09374049922515607,0.1285670338005855,0.24551167090733847,0.12494155764579773,0.208837961157163,0.16380971670150757,0.22230753302574158,0.11932885646820068,0.21647709235548973,0.12223294377326965,0.2027268148958683,0.15556932985782623,0.1681175585836172,0.08913020044565201,0.16039923578500748,0.14835350215435028,0.1427987590432167,0.1601782590150833,0.13791741244494915,0.11005765944719315,0.11662855558097363,0.10941904783248901,0.12583618983626366,0.11649614572525024
1212609727,qslstm_log,extrapolation,early,2000148,62,3,59,59,2,0.2439548767596905,0.47736699110077274,0.21804182872620093,0.4669494926929474,0.18981585123639136,0.408763254682223,0.24670770856596,0.48085531668137693,0.014012332184840057,0.012277729511260986,0.09494709968566895,0.1845102161169052,0.1845102161169052,0.3353593721985817,0.17569412291049957,0.408763254682223,0.5344872772693634,0.31591442227363586,0.5692049264907837,0.3028358817100525,0.5684248805046082,0.30076558391253155,0.5600549876689911,0.31786702076594037,0.5417578816413879,0.32838118076324463,0.5447498559951782,0.3225232462088267,0.5659744441509247,0.5719271898269653,0.5781517624855042,0.542030950387319,0.5454866886138916,0.23660056789716086,0.09131128359901702,0.14528928429814383,0.0924588143825531,0.0924588143825531,0.22404223307967186,0.08913000673055649,0.23660056789716086,0.11461883783340454,0.22512448330720267,0.13882310688495636,0.2223205715417862,0.11808434128761292,0.1653095856308937,0.11119242757558823,0.14641434947649637,0.1542372852563858,0.1330988903840383,0.12964770197868347,0.09486488749583562,0.06803489476442337,0.10160163541634877,0.04789745807647705,0.10698093473911285,0.11154905706644058
1212609727,qslstm_log,extrapolation,early,2000149,62,3,59,59,2,0.19941616048767333,0.44124535759610517,0.18767422895363423,0.43321383744478226,0.09061958347708142,0.2543920800089836,0.2049481898271949,0.45074637171070453,0.016888227503178484,0.016434628712503535,0.124012291431427,0.2399076223373413,0.2399076223373413,0.16705970466136932,0.27954477071762085,0.2543920800089836,0.44869954138994217,0.3392507458726565,0.5179425552487373,0.32978660116593045,0.46990741044282913,0.4009688546260198,0.47466225177049637,0.4894311303893725,0.501651294529438,0.47623730450868607,0.4841422513127327,0.5025542850295702,0.48734427243471146,0.47430835912624997,0.46561599522829056,0.45572609454393387,0.4540780857205391,0.23669860263665518,0.08776545682448451,0.14893314581217065,0.27016136050224304,0.27016136050224304,0.2248019576072693,0.15176734328269958,0.23669860263665518,0.13839499652385712,0.22651024659474692,0.13550513982772827,0.18229803691307703,0.12496540695428848,0.13248698661724725,0.10729862004518509,0.13201139122247696,0.12213403731584549,0.10797545562187831,0.09166233986616135,0.13672843823830286,0.12718906998634338,0.0971475640932719,0.07865304499864578,0.09324261546134949,0.09045594930648804
1212609727,qslstm_log,extrapolation,early,2000150,62,1,61,60,1,0.0905714267710836,0.2924194052334755,0.09899132539392586,0.31462886929512024,0.11577658300962046,0.3402595818042755,0.09015822748848464,0.2916351400437902,0.015805354714393614,0.012580633163452148,0.027029037475585938,0.25670456886291504,0.25670456886291504,0.23449933528900146,0.23449933528900146,0.3402595818042755,0.3402595818042755,0.3585292398929596,0.3585292398929596,0.34333816170692444,0.34333816170692444,0.33227160573005676,0.33227160573005676,0.345984548330307,0.345984548330307,0.341581791639328,0.341581791639328,0.33032873272895813,0.33032873272895813,0.3449080288410187,0.3449080288410187,0.35468873381614685,0.35468873381614685,0.07373098284006119,0.10055458606755147,-0.026823603227490278,0.10351619869470596,0.10351619869470596,0.15455833077430725,0.15455833077430725,0.07373098284006119,0.07373098284006119,0.09233150631189346,0.09233150631189346,0.07993965595960617,0.07993965595960617,0.10147818177938461,0.10147818177938461,0.07845330983400345,0.07845330983400345,0.09156116843223572,0.09156116843223572,0.09217248111963272,0.09217248111963272,0.07273080199956894,0.07273080199956894,0.07304920256137848,0.07304920256137848
1212609727,qslstm_log,extrapolation,early,2000151,62,5,57,57,4,0.012210066350295864,0.06846641196358588,0.0010996192695280627,0.033160507678985596,0.05597507623803129,0.20876266360282897,0.008371030395231353,0.0561597232233014,0.019461371919565033,0.014964603363199437,0.0603761151432991,0.22997451821962991,0.22708535194396973,0.2736196219921112,0.37946993112564087,0.20876266360282897,0.0554463267326355,0.1370323419570923,0.042521893978118896,0.1575368821620941,0.02370738983154297,0.12847082018852235,0.021098792552947998,0.11160320043563843,0.002156376838684082,0.12019980549812317,0.038818538188934326,0.14896186590194702,0.0071225762367248535,0.1317901134490967,0.01127314567565918,0.02087615728378296,0.008837491273880005,0.24368248581886293,0.10649404452558149,0.13718844129328145,0.15433244158824286,0.11940634250640869,0.23806188628077507,0.13870742917060852,0.24368248581886293,0.09853196144104004,0.1682073250412941,0.06686849147081375,0.1712734431028366,0.11594194918870926,0.15255382657051086,0.06448223441839218,0.1456185132265091,0.12001970410346985,0.10072205662727356,0.12185981124639511,0.10624942407011986,0.10316549986600876,0.08560695871710777,0.05135011672973633,0.09173194095492362,0.11941548436880112
1212609727,qslstm_log,extrapolation,early,2000152,62,1,61,60,1,0.17404184115630397,0.41307356917569715,0.17580319082499823,0.41928891092538834,0.1412383117378027,0.37581685930490494,0.17457960393365646,0.4136843349112839,0.021093974510828655,0.021093974510828655,0.2014898657798767,,,0.1974462866783142,0.1974462866783142,0.37581685930490494,0.37581685930490494,0.48673949390649796,0.48673949390649796,0.3534219339489937,0.3534219339489937,0.32579348236322403,0.32579348236322403,0.3172563686966896,0.3172563686966896,0.3480411544442177,0.3480411544442177,0.3584652617573738,0.3584652617573738,0.347671814262867,0.347671814262867,0.40414998680353165,0.40414998680353165,0.23353254795074463,0.1009560687864413,0.13257647916430332,,,0.500389814376831,0.500389814376831,0.23353254795074463,0.23353254795074463,0.31993111968040466,0.31993111968040466,0.16741366684436798,0.16741366684436798,0.22949624061584473,0.22949624061584473,0.11463069170713425,0.11463069170713425,0.14044810831546783,0.14044810831546783,0.12427399307489395,0.12427399307489395,0.08241183310747147,0.08241183310747147,0.12468532472848892,0.12468532472848892
1212609727,qslstm_log,extrapolation,early,2000153,62,1,61,60,1,0.18812138417586408,0.4317843796264741,0.19687311541837094,0.44370386004447937,0.14268581574066275,0.37773776054382324,0.1888662295600477,0.43267038977537,0.01996882458527883,0.013554830793981199,0.04155328869819641,0.4128306061029434,0.4128306061029434,0.3691130727529526,0.3691130727529526,0.37773776054382324,0.37773776054382324,0.4022308588027954,0.4022308588027954,0.39874351024627686,0.39874351024627686,0.4275124669075012,0.4275124669075012,0.4352477192878723,0.4352477192878723,0.4368695318698883,0.4368695318698883,0.4357876181602478,0.4357876181602478,0.4148709774017334,0.4148709774017334,0.43171820044517517,0.43171820044517517,0.15434110164642334,0.11084300804822171,0.04349809359820163,0.21845406293869019,0.21845406293869019,0.12550483644008636,0.12550483644008636,0.15434110164642334,0.15434110164642334,0.14899247884750366,0.14899247884750366,0.12699265778064728,0.12699265778064728,0.16340701282024384,0.16340701282024384,0.16733555495738983,0.16733555495738983,0.07321508228778839,0.07321508228778839,0.08396605402231216,0.08396605402231216,0.15491586923599243,0.15491586923599243,0.12183920294046402,0.12183920294046402
1212609727,qslstm_log,extrapolation,early,2000154,62,3,59,58,3,0.03432316719438134,0.17912621507721563,0.020653939593117343,0.1437147855758667,0.06641007814867243,0.24921304980913797,0.032691629349247894,0.17556247771796535,0.014850505980952033,0.012149110728619145,0.0592876672744751,0.11026431620121002,0.21603092551231384,0.18487032254536948,0.2109798789024353,0.24921304980913797,0.18450063467025757,0.2163409193356832,0.17049670219421387,0.2395908236503601,0.18546926975250244,0.26498496532440186,0.17781776189804077,0.25200599431991577,0.1326114535331726,0.19688967863718668,0.15040111541748047,0.18293237686157227,0.15331661701202393,0.1441913644472758,0.12214487791061401,0.1501267155011495,0.1470600962638855,0.16442440946896872,0.09710197662145405,0.06732243284751467,0.1997501365840435,0.12007298320531845,0.21254724760850272,0.12717369198799133,0.16442440946896872,0.08749780058860779,0.12871660788853964,0.07493934035301208,0.1500455066561699,0.10119573026895523,0.1718992218375206,0.09969598799943924,0.16617418328921,0.14778727293014526,0.11102469265460968,0.12612612545490265,0.08984526495138805,0.054864302277565,0.1182590847214063,0.1072939932346344,0.0702268307407697,0.09300263971090317
1212609727,qslstm_log,extrapolation,early,2000155,62,1,61,60,1,0.15891658226025204,0.3961706932994627,0.15278229042031516,0.3908737525343895,0.13873761876037666,0.3724749907851219,0.15924738494057786,0.3965591474390421,0.02509889304637909,0.021714438471877782,0.08229798078536987,0.3257712125778198,0.3257712125778198,0.3767696022987366,0.3767696022987366,0.3724749907851219,0.3724749907851219,0.36863335222005844,0.36863335222005844,0.36323489993810654,0.36323489993810654,0.3295814320445061,0.3295814320445061,0.3217170462012291,0.3217170462012291,0.34542395919561386,0.34542395919561386,0.2876218482851982,0.2876218482851982,0.3916948661208153,0.3916948661208153,0.3880998119711876,0.3880998119711876,0.17900991439819336,0.10517570803888508,0.07383420635930828,0.2557838261127472,0.2557838261127472,0.20222432911396027,0.20222432911396027,0.17900991439819336,0.17900991439819336,0.15645591914653778,0.15645591914653778,0.17567314207553864,0.17567314207553864,0.19741256535053253,0.19741256535053253,0.1800784319639206,0.1800784319639206,0.14474312961101532,0.14474312961101532,0.09155789017677307,0.09155789017677307,0.14142173528671265,0.14142173528671265,0.09762859344482422,0.09762859344482422
1212609727,qslstm_log,extrapolation,early,2000156,62,3,59,58,3,0.14470203952048322,0.37518691980550367,0.13629221751410014,0.36917775869369507,0.06759190586151013,0.2451707422733307,0.1486228937743293,0.3817979118834108,0.020928787774053114,0.01891521896634783,0.08357799053192139,0.19920336827635765,0.0703955888748169,0.29648656273881596,0.31300684809684753,0.2451707422733307,0.29942023754119873,0.23082945744196573,0.3226725459098816,0.3110821743806203,0.29756712913513184,0.2877082626024882,0.26613742113113403,0.3163334131240845,0.3601902723312378,0.326108713944753,0.3697870373725891,0.3397795557975769,0.33431732654571533,0.39075618982315063,0.40797680616378784,0.4066963195800781,0.4001174569129944,0.1516131510337194,0.11091292068614798,0.040700230347571406,0.2766413986682892,0.24944622814655304,0.228512833515803,0.12840084731578827,0.1516131510337194,0.14385588467121124,0.18101583421230316,0.1497453898191452,0.14970908065636954,0.1709810048341751,0.16419373452663422,0.1777443140745163,0.1594171623388926,0.15076178312301636,0.15370059261719385,0.11935538798570633,0.11134208242098491,0.08991697430610657,0.09035934259494145,0.07377568632364273,0.09970414638519287,0.09912840276956558
1212609727,qslstm_log,extrapolation,early,2000157,62,3,59,58,3,0.07132888351265174,0.2635897092761532,0.06074257110596193,0.24646008014678955,0.06806177918623695,0.2607695311307907,0.07149500746145247,0.2637331081649004,0.018006880221695734,0.014253855993350347,0.05900753537813822,0.3725178763270378,0.33846622705459595,0.34587184091409046,0.3165668249130249,0.2607695311307907,0.2497285008430481,0.2674294461806615,0.2545579671859741,0.3197757750749588,0.28117895126342773,0.3307631363471349,0.25765758752822876,0.3363485485315323,0.2844858765602112,0.2718292474746704,0.2682681679725647,0.27442044019699097,0.2406410574913025,0.24939759572347006,0.212022602558136,0.2625882625579834,0.2426774501800537,0.18520275255044302,0.09695084544561677,0.08825190710482625,0.17225383967161179,0.12434709072113037,0.23635225743055344,0.0872897282242775,0.18520275255044302,0.10125589370727539,0.18195865551630655,0.0779542475938797,0.17109344651301703,0.09578404575586319,0.15163065989812216,0.14349494874477386,0.1799552838007609,0.1316257268190384,0.10508056978384654,0.08614357560873032,0.08600677301486333,0.08882962912321091,0.10045111924409866,0.12293830513954163,0.11971503496170044,0.1385747641324997
1212609727,qslstm_log,extrapolation,early,2000158,62,0,62,61,0,0.0293999645169825,0.16459931721610407,0.026614834275790145,0.16314053535461426,,,0.0293999645169825,0.16459931721610407,0.020274431490507283,0.020274431490507283,,,,,,,,,,,,,,,,,,,,,,,,,0.11758551788666556,,,,,,,,,,,,,,,,,,,,,,,
1212609727,qslstm_log,extrapolation,early,2000159,62,2,60,59,2,0.08410058892748756,0.28396278066981223,0.10738772232369542,0.3277006596326828,0.07534553633384189,0.27018658071756363,0.08439242401394242,0.28442198733488716,0.0153287032903251,0.012467625417879649,0.12566442787647247,0.4800313711166382,0.4800313711166382,0.332788810133934,0.5248156487941742,0.27018658071756363,0.2217639833688736,0.35100188106298447,0.23857252299785614,0.3629167899489403,0.24580220878124237,0.3777183070778847,0.23062096536159515,0.2108648419380188,0.199965700507164,0.22582563757896423,0.2058490663766861,0.21805697679519653,0.23614825308322906,0.23848748207092285,0.24082671105861664,0.26038242876529694,0.27993814647197723,0.28317800909280777,0.10351282178113858,0.1796651873116692,0.25078609585762024,0.25078609585762024,0.31201527267694473,0.2456827610731125,0.28317800909280777,0.217861607670784,0.1888619251549244,0.10996035486459732,0.17428618296980858,0.09778627008199692,0.19204489886760712,0.13840703666210175,0.1565103717148304,0.0951591357588768,0.0837712436914444,0.06975621730089188,0.08879612386226654,0.08243311196565628,0.07878491282463074,0.0751367136836052,0.07698935642838478,0.07884199917316437
1212609727,qslstm_log,extrapolation,early,2000160,62,2,60,60,1,0.026452493766853404,0.14150956994102848,0.013104234934680825,0.11447373032569885,0.052681271425706555,0.2215721309185028,0.025578201178224964,0.138840817908446,0.014557528495788574,0.009748285636305809,0.029526829719543457,0.3010665476322174,0.3010665476322174,0.27912893891334534,0.27912893891334534,0.2215721309185028,0.16168004274368286,0.2447609007358551,0.15932407975196838,0.19191643595695496,0.14166340231895447,0.18060822784900665,0.12236839532852173,0.1590646207332611,0.08745682239532471,0.19717638194561005,0.1016053557395935,0.2141859382390976,0.10200333595275879,0.15870432555675507,0.038279712200164795,0.0976468026638031,0.07292520999908447,0.29253141954541206,0.08492586898307006,0.207605550562342,0.1387682557106018,0.1387682557106018,0.07944031804800034,0.07944031804800034,0.29253141954541206,0.1164555624127388,0.1572219617664814,0.08044030517339706,0.11661767587065697,0.07209032028913498,0.12289125844836235,0.08602147549390793,0.17514849826693535,0.12337229400873184,0.13683133572340012,0.10461932420730591,0.09569414332509041,0.06784669309854507,0.0843554250895977,0.08927053213119507,0.07453346252441406,0.0630454495549202
1212609727,qslstm_log,extrapolation,early,2000161,62,3,59,59,2,0.19592148104596244,0.4335638233009846,0.22660549636192764,0.47603098256513476,0.07144407484999372,0.2484728928344945,0.2022508406830456,0.4429752265450434,0.014763592663457838,0.013464892452413385,0.06495930254459381,0.18062573671340942,0.18062573671340942,0.1978470552712679,0.1421087086200714,0.2484728928344945,0.3664916823618114,0.2409177445806563,0.4417347381822765,0.27547414336974424,0.47177893621847034,0.28439352149143815,0.4735882352106273,0.2711429519889255,0.4906944106332958,0.4119407405766348,0.4275958011858165,0.4658537974270682,0.4521942208521068,0.44128356082364917,0.43490422470495105,0.416043050121516,0.41207659943029284,0.22729800393184027,0.10050201049800646,0.1267959934338338,0.12072617560625076,0.12072617560625076,0.2480100616812706,0.13875968754291534,0.22729800393184027,0.1032860055565834,0.17485443751017252,0.11450779438018799,0.21032229562600455,0.17398034036159515,0.15628244231144586,0.07984255254268646,0.13364535321791968,0.1414501965045929,0.09515193849802017,0.06766201555728912,0.11224057525396347,0.0828988328576088,0.08693336695432663,0.09179442375898361,0.10687542085846265,0.053619805723428726
1212609727,qslstm_log,extrapolation,early,2000162,62,4,58,58,3,0.19190955213619745,0.4368281950873713,0.2093636516254327,0.45756272971630096,0.1447490190642774,0.37322529405355453,0.19516200269288164,0.4412146020552208,0.01880535175060404,0.01880535175060404,0.08614855011304219,0.305566243827343,0.2668747752904892,0.35595615208148956,0.4567359685897827,0.37322529405355453,0.42503271996974945,0.3991031162440777,0.44776900112628937,0.4499449022114277,0.4702419191598892,0.44413740187883377,0.43350596725940704,0.4389432221651077,0.4042560011148453,0.42273156344890594,0.41960765421390533,0.4377983808517456,0.44080211222171783,0.44943472743034363,0.42466481029987335,0.4504210874438286,0.4661477357149124,0.33608097583055496,0.10048800854590433,0.23559296728465062,0.4255761504173279,0.39125606417655945,0.36819468935330707,0.2534317672252655,0.33608097583055496,0.23973983526229858,0.2674986310303211,0.18556685745716095,0.21013014018535614,0.16178210079669952,0.18840118870139122,0.16651596128940582,0.1658834032714367,0.14966869354248047,0.14723531901836395,0.13886910676956177,0.1399251539260149,0.10985126346349716,0.09753251820802689,0.07818905264139175,0.12728721275925636,0.12016820907592773
1212609727,qslstm_log,extrapolation,early,2000163,62,0,62,61,0,0.025592545011880304,0.1524003585500102,0.011206805443922718,0.10586220026016235,,,0.025592545011880304,0.1524003585500102,0.026479191467410228,0.026479191467410228,,,,,,,,,,,,,,,,,,,,,,,,,0.11283182587114073,,,,,,,,,,,,,,,,,,,,,,,
1212609727,qslstm_log,extrapolation,early,2000164,62,4,58,58,3,0.10688811009588246,0.31143376038920495,0.13995190235917576,0.374101459980011,0.06001877254132332,0.2282891683280468,0.11012047820309345,0.3171678701865262,0.014541767794510415,0.012620227133974116,0.05189591646194458,0.2107488438487053,0.12036639451980591,0.22421963512897491,0.12499964237213135,0.2282891683280468,0.3073303699493408,0.27272988110780716,0.3037051856517792,0.22015010938048363,0.3285587430000305,0.1695394665002823,0.30201831459999084,0.17772893607616425,0.30345451831817627,0.1609245389699936,0.3034731447696686,0.14460638910531998,0.29839977622032166,0.22268157452344894,0.34165507555007935,0.31491098552942276,0.3313491940498352,0.24650627560913563,0.07817316395712309,0.16833311165201253,0.15478789061307907,0.07478134334087372,0.2099457010626793,0.06383698433637619,0.24650627560913563,0.10516832023859024,0.14384178072214127,0.06395788490772247,0.15515522845089436,0.10308434814214706,0.12659325636923313,0.058740779757499695,0.104377007111907,0.0943903848528862,0.08865135721862316,0.06845567375421524,0.10996349900960922,0.09410437941551208,0.07517219334840775,0.0981125608086586,0.07952015567570925,0.10740654915571213
1212609727,qslstm_log,extrapolation,early,2000165,62,4,58,58,3,0.10360950234664625,0.3094389313651669,0.0976295880547371,0.312457337975502,0.10006429772978703,0.27020786330103874,0.10385399921677449,0.3121445222661413,0.013906423901689464,0.012575076436096767,0.055750479300816856,0.09433344006538391,0.12628883123397827,0.3113062381744385,0.4238285422325134,0.27020786330103874,0.27077145874500275,0.14096872508525848,0.24665026366710663,0.15826963633298874,0.27190975844860077,0.17584092170000076,0.29319678246974945,0.17239510267972946,0.2662438899278641,0.2692474201321602,0.27148617804050446,0.28665120154619217,0.33422528207302094,0.3079698234796524,0.3372819572687149,0.363813616335392,0.38018907606601715,0.2207333892583847,0.08743399079760601,0.1332993984607787,0.15486888587474823,0.15537433326244354,0.21186275283495584,0.16302354633808136,0.2207333892583847,0.14632011950016022,0.2057339884340763,0.18238043785095215,0.16365244798362255,0.09332386404275894,0.13505461253225803,0.1535569280385971,0.15374170616269112,0.1547784060239792,0.14877383597195148,0.10236335545778275,0.152871485799551,0.16275185346603394,0.1437540277838707,0.1577092856168747,0.11167013552039862,0.05092060938477516
1212609727,qslstm_log,extrapolation,early,2000166,62,1,61,60,1,0.05386877130063285,0.22812049956090988,0.07569181248351242,0.27512145042419434,0.09391675926679355,0.30645841360092163,0.05321224690774497,0.2268362714618933,0.015486764907836913,0.014556831222469523,0.06947392225265503,0.12075589597225189,0.12075589597225189,0.19110874831676483,0.19110874831676483,0.30645841360092163,0.30645841360092163,0.18207448720932007,0.18207448720932007,0.20268398523330688,0.20268398523330688,0.13535267114639282,0.13535267114639282,0.14267736673355103,0.14267736673355103,0.14848864078521729,0.14848864078521729,0.1909339427947998,0.1909339427947998,0.21641641855239868,0.21641641855239868,0.1951075792312622,0.1951075792312622,0.27469632029533386,0.09459657087677815,0.18009974941855572,0.34433507919311523,0.34433507919311523,0.2477787733078003,0.2477787733078003,0.27469632029533386,0.27469632029533386,0.25360655784606934,0.25360655784606934,0.1771612912416458,0.1771612912416458,0.18489433825016022,0.18489433825016022,0.14985881745815277,0.14985881745815277,0.12668608129024506,0.12668608129024506,0.1491095870733261,0.1491095870733261,0.12446973472833633,0.12446973472833633,0.09583268314599991,0.09583268314599991
1212609727,qslstm_log,extrapolation,early,2000167,62,1,61,60,1,0.20889599891868882,0.4478800546738409,0.16539624219746468,0.4066893681883812,0.3145175412816897,0.5608186349272728,0.20716449822421337,0.44602860253853877,0.014033973217010498,0.013607397928076276,0.16814082860946655,0.02752619981765747,0.02752619981765747,0.011675715446472168,0.011675715446472168,0.5608186349272728,0.5608186349272728,0.5368972644209862,0.5368972644209862,0.5728391036391258,0.5728391036391258,0.5630665645003319,0.5630665645003319,0.48255690187215805,0.48255690187215805,0.5421185120940208,0.5421185120940208,0.43921156972646713,0.43921156972646713,0.4881049022078514,0.4881049022078514,0.5085863694548607,0.5085863694548607,0.17563867568969727,0.09783833199104325,0.07780034369865402,0.48404595255851746,0.48404595255851746,0.28034862875938416,0.28034862875938416,0.17563867568969727,0.17563867568969727,0.20221038162708282,0.20221038162708282,0.20533472299575806,0.20533472299575806,0.15214233100414276,0.15214233100414276,0.11230816692113876,0.11230816692113876,0.11722321063280106,0.11722321063280106,0.11095548421144485,0.11095548421144485,0.09535633772611618,0.09535633772611618,0.09872984886169434,0.09872984886169434
1212609727,qslstm_log,extrapolation,early,2000168,62,1,61,60,1,0.18087154765367205,0.42266247589741984,0.17655966660314348,0.4201900362968445,0.13080408039947145,0.3616684675216675,0.18169232580538025,0.4236623776740715,0.017863033215204875,0.01736859232187271,0.0808451771736145,0.26915034651756287,0.26915034651756287,0.24682733416557312,0.24682733416557312,0.3616684675216675,0.3616684675216675,0.41485291719436646,0.41485291719436646,0.4051671624183655,0.4051671624183655,0.3789818286895752,0.3789818286895752,0.43947798013687134,0.43947798013687134,0.42206841707229614,0.42206841707229614,0.4279988408088684,0.4279988408088684,0.43237221240997314,0.43237221240997314,0.4292681813240051,0.4292681813240051,0.17998628318309784,0.10144182599958826,0.07854445718350958,0.26998457312583923,0.26998457312583923,0.15840567648410797,0.15840567648410797,0.17998628318309784,0.17998628318309784,0.10193876177072525,0.10193876177072525,0.16212482750415802,0.16212482750415802,0.09195370227098465,0.09195370227098465,0.11459032446146011,0.11459032446146011,0.10228274017572403,0.10228274017572403,0.12918120622634888,0.12918120622634888,0.0814247876405716,0.0814247876405716,0.09537413716316223,0.09537413716316223
1212609727,qslstm_log,extrapolation,early,2000169,62,4,58,58,3,0.0914903262282741,0.2968522722442304,0.10580786089053973,0.32528120279312134,0.04754623575878317,0.21722059976309538,0.09452095315720453,0.302344111725688,0.019475825387856055,0.01890638366080167,0.0705478588740031,0.2748597376048565,0.3008267395198345,0.2361647722621759,0.20932260155677795,0.21722059976309538,0.21232208609580994,0.2394432108849287,0.1957312822341919,0.23433819692581892,0.2314721643924713,0.2068161889910698,0.17414790391921997,0.20216640830039978,0.22646436095237732,0.21126186102628708,0.222821444272995,0.20436692982912064,0.17344212532043457,0.22205214202404022,0.25681912899017334,0.2822125479578972,0.31157824397087097,0.18492566421627998,0.0895287199909317,0.09539694422534828,0.20183565467596054,0.20989005267620087,0.20231678088506064,0.13916347920894623,0.18492566421627998,0.1488611102104187,0.18083763122558594,0.17081810534000397,0.16681208834052086,0.14737671613693237,0.13060052320361137,0.0870007872581482,0.12802591547369957,0.10542365908622742,0.13087385892868042,0.1417243629693985,0.11055644508451223,0.058316584676504135,0.0875588795170188,0.13881134986877441,0.09248985070735216,0.05626283958554268
1212609727,qslstm_log,extrapolation,early,2000170,62,1,61,61,0,0.20096246256308153,0.44754959342460476,0.17849871042658094,0.42249107733368874,0.16862428363602477,0.41063887253403664,0.20149259664385297,0.4481546872096961,0.015086541410352363,0.015086541410352363,,,,,,0.41063887253403664,0.41063887253403664,0.3663037456572056,0.3663037456572056,0.415645245462656,0.415645245462656,0.453012827783823,0.453012827783823,0.43481985107064247,0.43481985107064247,0.5472474135458469,0.5472474135458469,0.4523853100836277,0.4523853100836277,0.46129417791962624,0.46129417791962624,0.4435288943350315,0.4435288943350315,0.42361488938331604,0.08777522851453452,0.33583966086878153,,,,,0.42361488938331604,0.42361488938331604,0.23363077640533447,0.23363077640533447,0.20163917541503906,0.20163917541503906,0.2593757212162018,0.2593757212162018,0.21559815108776093,0.21559815108776093,0.14146874845027924,0.14146874845027924,0.0998181626200676,0.0998181626200676,0.14360547065734863,0.14360547065734863,0.07469072937965393,0.07469072937965393
1212609727,qslstm_log,extrapolation,early,2000171,62,4,58,58,3,0.13880195579877663,0.3693390123305782,0.12198102958463153,0.34925782680511475,0.0855272942816764,0.2748809438198805,0.14247607038616283,0.37585336188304014,0.022530886119809645,0.013533670947236835,0.07949726780255635,0.40255598972241086,0.42954570055007935,0.33775658160448074,0.18286195397377014,0.2748809438198805,0.37147367000579834,0.4024843703955412,0.36743712425231934,0.36680817417800426,0.3809124827384949,0.3355477210134268,0.37755435705184937,0.3808954358100891,0.3969288468360901,0.4003826528787613,0.39410483837127686,0.3998437151312828,0.39348769187927246,0.39655637741088867,0.39978742599487305,0.4103986695408821,0.42716702818870544,0.19057553261518478,0.11053344279784581,0.08004208981733897,0.18446122109889984,0.14538300037384033,0.17763919631640115,0.1397726684808731,0.19057553261518478,0.1429317593574524,0.20098204910755157,0.1411188542842865,0.16534927487373352,0.13318605720996857,0.1612617839127779,0.12432648986577988,0.13669032789766788,0.09248808026313782,0.10906337201595306,0.07919123023748398,0.10756728239357471,0.07052607834339142,0.0778566375374794,0.07779432088136673,0.09184413217008114,0.10490044206380844
1212609727,qslstm_log,extrapolation,early,2000172,62,3,59,58,3,0.07359553977202044,0.26143750187850767,0.06058044124893058,0.24613094329833984,0.13909900883032697,0.347068661202987,0.07026485490464893,0.2570833751331952,0.017941969735869045,0.01708759828047319,0.08367837468783061,0.29036744497716427,0.5020698718726635,0.2512019711236159,0.4386115185916424,0.347068661202987,0.26544874906539917,0.4492563183108966,0.2854835093021393,0.44165688504775363,0.3000431954860687,0.40642481793959934,0.2785930633544922,0.3319130577147007,0.29167890548706055,0.29313724239667255,0.2938850224018097,0.28842272361119586,0.2949962019920349,0.2865714927514394,0.28602463006973267,0.2727030615011851,0.24378442764282227,0.1878696009516716,0.10867526956786544,0.07919433138380616,0.3603377416729927,0.24441839754581451,0.2871098443865776,0.11959654837846756,0.1878696009516716,0.10745292156934738,0.20294460157553354,0.15493831038475037,0.22488025824228922,0.16700686514377594,0.16312656054894129,0.1253647357225418,0.1266606698433558,0.1529325395822525,0.14948280652364096,0.12650324404239655,0.11262470483779907,0.059576839208602905,0.06724086900552113,0.07375504821538925,0.07871026421586673,0.05955984815955162
1212609727,qslstm_log,extrapolation,early,2000173,62,3,59,59,2,0.06711369818662645,0.25388341180739865,0.05574884771633393,0.23611193895339966,0.11176383442235298,0.3283727864424388,0.06484335227633528,0.2500958164869729,0.01762574608043089,0.014259347209223994,0.026789367198944092,0.3076092004776001,0.31427931785583496,0.3618631809949875,0.40944704413414,0.3283727864424388,0.2566435933113098,0.29939640561739606,0.2832852303981781,0.3420707583427429,0.30465662479400635,0.33517395456631977,0.29708176851272583,0.28446054458618164,0.25536078214645386,0.30258076389630634,0.26018452644348145,0.26586607098579407,0.2574748992919922,0.23690042893091837,0.23552340269088745,0.24234636624654135,0.2452770173549652,0.22052567452192307,0.07945238921980737,0.14107328530211571,0.12181318178772926,0.11078115552663803,0.1283203773200512,0.14585959911346436,0.22052567452192307,0.09747333079576492,0.16581636915604273,0.08020493388175964,0.10501728703578313,0.07467617839574814,0.09301474193731944,0.06797804683446884,0.1014816661675771,0.10362174361944199,0.12421851108471553,0.13209398090839386,0.08706296856204669,0.11943335086107254,0.06987291077772777,0.0575265996158123,0.08397041633725166,0.05361500009894371
1212609727,qslstm_log,extrapolation,early,2000174,62,1,61,61,0,0.20387797449376546,0.4478425157646979,0.22440658580137907,0.47371572256088257,0.02240705214845562,0.14968985319137573,0.20685290764696734,0.4527302643314737,0.023255747849824,0.023255747849824,,,,,,0.14968985319137573,0.14968985319137573,0.32235175371170044,0.32235175371170044,0.31725335121154785,0.31725335121154785,0.4064873456954956,0.4064873456954956,0.38472867012023926,0.38472867012023926,0.41588956117630005,0.41588956117630005,0.3360286355018616,0.3360286355018616,0.450656920671463,0.450656920671463,0.42614299058914185,0.42614299058914185,0.31511828303337097,0.09878799942184667,0.2163302836115243,,,,,0.31511828303337097,0.31511828303337097,0.31443944573402405,0.31443944573402405,0.2665088176727295,0.2665088176727295,0.20703303813934326,0.20703303813934326,0.22466272115707397,0.22466272115707397,0.13793575763702393,0.13793575763702393,0.13296042382717133,0.13296042382717133,0.11026561260223389,0.11026561260223389,0.1441081166267395,0.1441081166267395
1212609727,qslstm_log,extrapolation,early,2000175,62,3,59,58,3,0.15348438757220367,0.37545075724201815,0.17500312968841336,0.4183337539434433,0.07368028158999958,0.22946163018544516,0.1575422234696039,0.38287393319404733,0.01759456303612939,0.013545053345816476,0.054016302029291786,0.14191863437493643,0.009249269962310791,0.1676945040623347,0.036852896213531494,0.22946163018544516,0.3941980451345444,0.269397775332133,0.4011224955320358,0.2519447108109792,0.4126120060682297,0.2940434118111928,0.4363809674978256,0.3919339229663213,0.4005005806684494,0.2905016839504242,0.417572483420372,0.2727273106575012,0.40843208134174347,0.4060935030380885,0.3972364217042923,0.4101247936487198,0.41556547582149506,0.11484950284163158,0.0881356455511966,0.026713857290434975,0.21797058979670206,0.08755936473608017,0.20447824647029242,0.1406259536743164,0.11484950284163158,0.07089301198720932,0.1683610330025355,0.08470949530601501,0.09763771543900172,0.07027015089988708,0.1547514076034228,0.11871451884508133,0.08501320332288742,0.0707193985581398,0.0737289401392142,0.056558262556791306,0.06987430651982625,0.05134415626525879,0.0565036324163278,0.04789659008383751,0.0502499466141065,0.046294987201690674
1212609727,qslstm_log,extrapolation,early,2000176,62,5,57,57,4,0.19355786152037277,0.4285574843806605,0.22794542446541755,0.4774363040924072,0.07243986992714327,0.21172902584075928,0.20418224674784904,0.4475775246034589,0.013197348828901324,0.011100239478624783,0.04994301497936249,0.25482269128163654,0.021589696407318115,0.20573972165584564,0.032957375049591064,0.21172902584075928,0.41072267293930054,0.2100797176361084,0.4104245901107788,0.36323344707489014,0.4682653546333313,0.3866209626197815,0.45754510164260864,0.42237306833267213,0.48317384719848633,0.283721125125885,0.4536016583442688,0.3518509030342102,0.4515482187271118,0.45574983954429626,0.4283328652381897,0.44865787625312803,0.4629058837890625,0.2304689735174179,0.09222157123057466,0.13824740228684324,0.2306269109249115,0.09356889128684998,0.23535089567303658,0.14307327568531036,0.2304689735174179,0.12075072526931763,0.2067401587963104,0.11391270160675049,0.2035592883825302,0.1437278836965561,0.18304922580718994,0.16026419401168823,0.1933700293302536,0.16305477917194366,0.14949125349521636,0.1334826648235321,0.11541451364755631,0.06585320085287094,0.13553545773029327,0.11592578142881393,0.0787291519343853,0.06006515026092529
1212609727,qslstm_log,extrapolation,early,2000177,62,2,60,60,1,0.008439117787019149,0.04649126818103175,2.5256309843513236e-07,0.0005025565624237061,0.010796339275692568,0.08007968217134476,0.0083605437373967,0.04537165438135465,0.022451206545035043,0.018517110431403444,-0.004909098148345947,0.4202609211206436,0.4202609211206436,0.40263642370700836,0.40263642370700836,0.08007968217134476,0.013871043920516968,0.18606729060411453,0.05362865328788757,0.21918737143278122,0.018113821744918823,0.22013389319181442,0.03763136267662048,0.040467768907547,0.06706449389457703,0.011653393507003784,0.005192965269088745,0.04415450990200043,0.021244525909423828,0.03858734667301178,0.05593016743659973,0.03307795524597168,0.010225743055343628,0.23348906636238098,0.10359746273607015,0.12989160362631083,0.18875928223133087,0.18875928223133087,0.23710931837558746,0.23710931837558746,0.23348906636238098,0.1551782488822937,0.21120427548885345,0.15624535083770752,0.1832236349582672,0.17768798768520355,0.16861555352807045,0.10012178868055344,0.13216285035014153,0.10914745181798935,0.1452137902379036,0.11273959279060364,0.11570427939295769,0.12226110696792603,0.10143037512898445,0.08059964329004288,0.10286831483244896,0.12513698637485504
1212609727,qslstm_log,extrapolation,early,2000178,62,1,61,60,1,0.0074450196529204475,0.05783833094662236,0.0025726974005380043,0.05072176456451416,0.01705184677337801,0.13058272004127502,0.007287530683732619,0.056645799977857555,0.02466703951358795,0.022444648762880746,-0.010175436735153198,0.2974422462284565,0.2974422462284565,0.4532303400337696,0.4532303400337696,0.13058272004127502,0.13058272004127502,0.058647871017456055,0.058647871017456055,0.042494773864746094,0.042494773864746094,0.03630572557449341,0.03630572557449341,0.050789713859558105,0.050789713859558105,0.03299832344055176,0.03299832344055176,0.002232968807220459,0.002232968807220459,0.02974855899810791,0.02974855899810791,0.12150228023529053,0.12150228023529053,0.18951445817947388,0.11805828679047647,0.0714561713889974,0.4584198296070099,0.4584198296070099,0.3687573969364166,0.3687573969364166,0.18951445817947388,0.18951445817947388,0.23448710143566132,0.23448710143566132,0.24351269006729126,0.24351269006729126,0.14382222294807434,0.14382222294807434,0.21198530495166779,0.21198530495166779,0.12265371531248093,0.12265371531248093,0.16519677639007568,0.16519677639007568,0.11511403322219849,0.11511403322219849,0.153228297829628,0.153228297829628
1212609727,qslstm_log,extrapolation,early,2000179,62,2,60,60,1,0.031520091906440284,0.1719159108977164,0.03348527998383588,0.18298983573913574,0.035013982195637894,0.18230566382408142,0.031403628896800366,0.1715695858001709,0.019395473599433898,0.013241814806106244,0.01878213882446289,0.27285927534103394,0.27285927534103394,0.24184763431549072,0.24184763431549072,0.18230566382408142,0.1401318907737732,0.15941843390464783,0.16582369804382324,0.13207796216011047,0.1613999605178833,0.16078361868858337,0.14132404327392578,0.1326412558555603,0.12946933507919312,0.1711132824420929,0.1435716152191162,0.2145625352859497,0.11707967519760132,0.20558291673660278,0.13830655813217163,0.16376563906669617,0.16613131761550903,0.23242146149277687,0.08723576652506987,0.145185694967707,0.08894786983728409,0.08894786983728409,0.12785078585147858,0.12785078585147858,0.23242146149277687,0.08516428619623184,0.15773681178689003,0.07029079645872116,0.16212553903460503,0.11452353745698929,0.16571174934506416,0.07931403070688248,0.10197413340210915,0.06976111978292465,0.09129313752055168,0.06395273655653,0.1127965897321701,0.10824694484472275,0.07304100506007671,0.05713414028286934,0.10883195698261261,0.10314037650823593
1212609727,qslstm_log,extrapolation,early,2000180,62,2,60,59,2,0.039738002857836546,0.17465593737940635,0.023625740343291568,0.15370666980743408,0.09422899184827793,0.23789586126804352,0.03792163655815517,0.17254793991645176,0.015663081306522175,0.01258537287895496,0.06040182709693909,0.34286294877529144,0.45586958527565,0.3634539991617203,0.5017080008983612,0.23789586126804352,0.043899595737457275,0.22906328737735748,0.06364357471466064,0.24499942362308502,0.07886767387390137,0.25961293280124664,0.08593034744262695,0.2924611121416092,0.12905263900756836,0.06258141994476318,0.08126324415206909,0.09033551812171936,0.10180336236953735,0.10564503073692322,0.13002681732177734,0.12742692232131958,0.13090741634368896,0.23710482567548752,0.0868841032187144,0.15022072245677312,0.21204789727926254,0.15818606317043304,0.1908995285630226,0.14814896881580353,0.23710482567548752,0.18164299428462982,0.11583637073636055,0.10418102890253067,0.14055248722434044,0.15880854427814484,0.10769958794116974,0.101787269115448,0.12261466309428215,0.08704326301813126,0.1319996900856495,0.08235638588666916,0.11383310705423355,0.06885766983032227,0.08810634911060333,0.0938563123345375,0.05493795871734619,0.05288933217525482
1212609727,qslstm_log,extrapolation,early,2000181,62,2,60,59,2,0.29032461125285125,0.5325017439261559,0.22661577527929944,0.476041778922081,0.23492363260040483,0.45501888543367386,0.2921713105412661,0.5350845058759054,0.014029135138301526,0.01381922590321508,0.07679688930511475,0.28804150223731995,0.28804150223731995,0.20983730256557465,0.3142453730106354,0.45501888543367386,0.6219962686300278,0.47276521474123,0.6312850564718246,0.60332290828228,0.5846495479345322,0.6176694184541702,0.6040537804365158,0.6038639694452286,0.623078390955925,0.6257346421480179,0.6283908933401108,0.6207811385393143,0.6131713837385178,0.6076397448778152,0.6055309623479843,0.5687952786684036,0.5608944743871689,0.18883128464221954,0.1004354391247034,0.08839584551751614,0.22998575866222382,0.22998575866222382,0.3229016438126564,0.2022954672574997,0.18883128464221954,0.14767681062221527,0.18805673718452454,0.17381800711154938,0.14132004976272583,0.1349632889032364,0.14542331919074059,0.1170286312699318,0.15471458435058594,0.17446587979793549,0.1569029539823532,0.13934002816677094,0.12273003533482552,0.1061200425028801,0.12903011590242386,0.14909841120243073,0.07357200235128403,0.06838414818048477
1212609727,qslstm_log,extrapolation,early,2000182,62,3,59,59,2,0.08402191937426468,0.2878966516544742,0.07968839101091252,0.28229132294654846,0.08913007212032335,0.2789708922306697,0.08376218279395661,0.288350503828566,0.02068381592378778,0.013447233763608065,0.0816510021686554,0.3561980798840523,0.30979257822036743,0.3223966732621193,0.35271549224853516,0.2789708922306697,0.3444115221500397,0.34901584684848785,0.334651380777359,0.3212341417868932,0.31890907883644104,0.3451233506202698,0.32746413350105286,0.3154514233271281,0.30191031098365784,0.32403791944185895,0.30023810267448425,0.29902783036231995,0.29491040110588074,0.30291373531023663,0.2964363992214203,0.2878029445807139,0.2961888611316681,0.19935313363869986,0.10505223166892085,0.09430090196977901,0.265285886824131,0.1853138655424118,0.19829660654067993,0.17414139211177826,0.19935313363869986,0.12924402952194214,0.228585551182429,0.15518487989902496,0.16492602229118347,0.09818485379219055,0.14364507049322128,0.12162866443395615,0.15102152774731317,0.11256583780050278,0.1125079095363617,0.0866510346531868,0.12044641623894374,0.11562740057706833,0.10212787489096324,0.07960762828588486,0.12961255759000778,0.13656121492385864
1212609727,qslstm_log,extrapolation,early,2000183,62,4,58,58,3,0.0602342376463632,0.24031839447636758,0.053132907460540224,0.23050576448440552,0.047484868751402454,0.2100638970732689,0.061113504466705326,0.24240491153865024,0.01674813289066841,0.012034781733337713,0.046797106663386025,0.24262061715126038,0.11962509155273438,0.2572075128555298,0.15125471353530884,0.2100638970732689,0.2239381968975067,0.19171098619699478,0.24623510241508484,0.2428978756070137,0.29175662994384766,0.26622169464826584,0.291670024394989,0.2778760492801666,0.28553420305252075,0.1668064072728157,0.25418949127197266,0.19044388830661774,0.24807411432266235,0.24315597862005234,0.24826112389564514,0.2593240439891815,0.2492465376853943,0.26446250826120377,0.08088692663044765,0.1835755816307561,0.19210543110966682,0.0948803499341011,0.23680304735898972,0.08623003214597702,0.26446250826120377,0.13519318401813507,0.19224300049245358,0.0632796362042427,0.19618903286755085,0.12690435349941254,0.18022273667156696,0.10026160627603531,0.16173364873975515,0.059175584465265274,0.1486033108085394,0.09061247855424881,0.09593953378498554,0.047112464904785156,0.08916484750807285,0.06757409125566483,0.06720216758549213,0.05727532505989075
1212609727,qslstm_log,extrapolation,early,2000184,62,2,60,59,2,0.1586635923144942,0.3953019857346531,0.15035846353577598,0.38776083290576935,0.16250672952427225,0.39294055849313736,0.15853548774083495,0.3953806999760369,0.018051056033473904,0.014267142415046691,0.12300718575716019,0.5016474723815918,0.5016474723815918,0.3483844352886081,0.4960366189479828,0.39294055849313736,0.30291585624217987,0.3788132593035698,0.3379707783460617,0.4326677992939949,0.35711653530597687,0.40487075597047806,0.33181269466876984,0.3665027841925621,0.3251580446958542,0.39966949075460434,0.32325540482997894,0.44528209418058395,0.3889167159795761,0.3748010993003845,0.3924856632947922,0.3447441905736923,0.3662329763174057,0.2303154543042183,0.1018192358314991,0.1284962184727192,0.08000975102186203,0.08000975102186203,0.23218261823058128,0.09405376762151718,0.2303154543042183,0.13246499001979828,0.1785336211323738,0.11077597737312317,0.1410934291779995,0.11809919029474258,0.13708574324846268,0.1265273094177246,0.1426752731204033,0.12879495322704315,0.10588070005178452,0.10905870050191879,0.1127127893269062,0.14541582763195038,0.1220269463956356,0.12595470249652863,0.12431871518492699,0.13957872986793518
1212609727,qslstm_log,extrapolation,early,2000185,62,1,61,61,0,0.18202061608208298,0.4236932103672335,0.16948453093300486,0.4116849899291992,0.0525835845223952,0.22931110858917236,0.18414253463224187,0.42687980219966076,0.01758166610217485,0.01758166610217485,,,,,,0.22931110858917236,0.22931110858917236,0.2273099422454834,0.2273099422454834,0.24891483783721924,0.24891483783721924,0.34140729904174805,0.34140729904174805,0.37364208698272705,0.37364208698272705,0.3569986820220947,0.3569986820220947,0.41433411836624146,0.41433411836624146,0.40928971767425537,0.40928971767425537,0.4691082239151001,0.4691082239151001,0.40865984559059143,0.08296375654515672,0.3256960890454347,,,,,0.40865984559059143,0.40865984559059143,0.2707184851169586,0.2707184851169586,0.2157977670431137,0.2157977670431137,0.24723756313323975,0.24723756313323975,0.12814436852931976,0.12814436852931976,0.1918899267911911,0.1918899267911911,0.19084279239177704,0.19084279239177704,0.07654585689306259,0.07654585689306259,0.1150653287768364,0.1150653287768364
1212609727,qslstm_log,extrapolation,early,2000186,62,0,62,61,0,0.1534327152504945,0.38840862820225375,0.13543345446493404,0.36801284551620483,,,0.1534327152504945,0.38840862820225375,0.016911567234602132,0.016911567234602132,,,,,,,,,,,,,,,,,,,,,,,,,0.09887233208264073,,,,,,,,,,,,,,,,,,,,,,,
1212609727,qslstm_log,extrapolation,early,2000187,62,4,58,58,3,0.27138015183024955,0.51118736864338,0.25768993199179935,0.5076316893100739,0.126823151357021,0.3205802538432181,0.28134960013874805,0.5243326869054601,0.018933323436769945,0.016462169728189143,0.057073046763738,0.2555100154131651,0.17131167650222778,0.2585105827699105,0.18304890394210815,0.3205802538432181,0.5798772871494293,0.3566510775126517,0.6017924249172211,0.42814265936613083,0.6495705544948578,0.4415353685617447,0.6573594212532043,0.5219288566149771,0.5748603343963623,0.4894750192761421,0.5621575117111206,0.5710360035300255,0.5672488808631897,0.5566830635070801,0.5297229290008545,0.5477770417928696,0.5358955264091492,0.24514656886458397,0.09080879615041716,0.15433777271416682,0.2022807995478312,0.1914614886045456,0.1414641390244166,0.12769201397895813,0.24514656886458397,0.18895067274570465,0.1632857285439968,0.17162549495697021,0.1731839720159769,0.08524469286203384,0.13255414739251137,0.07757583260536194,0.15173795633018017,0.14445458352565765,0.12627823650836945,0.08395218104124069,0.12745308689773083,0.09245491027832031,0.11059106327593327,0.11811753362417221,0.08483652770519257,0.06259412318468094
1212609727,qslstm_log,extrapolation,near_best,2000188,62,4,58,58,3,0.10778468586402423,0.32366304482603747,0.1347835261420096,0.36712875962257385,0.05983908751229719,0.23912986111827195,0.1110912788537985,0.32949291956450405,0.021315870100054247,0.017592448537999933,0.05437160531679789,0.365888678158323,0.5113601582124829,0.35075637356688577,0.26262718439102173,0.23912986111827195,0.17298611998558044,0.2645102117676288,0.2319941222667694,0.32961818063631654,0.2657393515110016,0.2877052326221019,0.2476755678653717,0.2865441043395549,0.21415457129478455,0.25396010279655457,0.2946939766407013,0.26903459429740906,0.26325318217277527,0.27020183205604553,0.27322807908058167,0.29007743299007416,0.32901307940483093,0.20806949026882648,0.088119276767147,0.11995021350167949,0.29234790802001953,0.25402072072029114,0.23781210680802664,0.15932364761829376,0.20806949026882648,0.1157286986708641,0.19682149402797222,0.11722004413604736,0.1657989826053381,0.10350727289915085,0.15407609194517136,0.09922816604375839,0.1491832323372364,0.12775534391403198,0.1070257369428873,0.09104913473129272,0.11658146046102047,0.12433785945177078,0.10119081102311611,0.08923589438199997,0.09728773310780525,0.09014292806386948
1212609727,qslstm_log,extrapolation,near_best,2000189,62,3,59,59,2,0.02890992391969076,0.13523625510354195,0.019548351645263473,0.13981541991233826,0.05407876907207676,0.19755382339159647,0.027630152132281306,0.13206756519059004,0.0327757197921559,0.02980373826893893,0.07010997831821442,0.5005908310413361,0.5005908310413361,0.3339525908231735,0.437358558177948,0.19755382339159647,0.03354305028915405,0.29703594247500104,0.07699182629585266,0.3251449962457021,0.03400185704231262,0.3209717869758606,0.006435602903366089,0.3292410969734192,0.04977390170097351,0.06424711147944133,0.08220645785331726,0.02674691875775655,0.03980329632759094,0.06171453992525736,0.06291988492012024,0.09596140185991923,0.16898080706596375,0.2739495486021042,0.134862918785568,0.1390866298165362,0.13016211986541748,0.13016211986541748,0.2269877828657627,0.12212137132883072,0.2739495486021042,0.1395827680826187,0.230522354443868,0.12893535196781158,0.1710947280128797,0.12042037397623062,0.13869048903385797,0.10526556521654129,0.131434865295887,0.14202110469341278,0.13843746483325958,0.14679427444934845,0.11391498148441315,0.11605900526046753,0.13561105479796728,0.09184416383504868,0.11406170080105464,0.1857316941022873
1212609727,qslstm_log,extrapolation,near_best,2000190,62,2,60,59,2,0.10054219598823716,0.313964462568683,0.11966095325534809,0.3459204435348511,0.061184375521707524,0.23286084085702896,0.10185412333712149,0.3166679166257381,0.01655501127243042,0.014109185681893276,0.009258940815925598,0.25910647213459015,0.25910647213459015,0.28467907756567,0.22230972349643707,0.23286084085702896,0.31628867983818054,0.2370353415608406,0.3317692279815674,0.27621687203645706,0.3436160087585449,0.2986394837498665,0.36180272698402405,0.3281819298863411,0.36574262380599976,0.3175191208720207,0.3759317696094513,0.32667507231235504,0.33706146478652954,0.3603784143924713,0.35501420497894287,0.32212749123573303,0.3071935176849365,0.23690088838338852,0.1238865243891875,0.11301436399420102,0.14402209222316742,0.14402209222316742,0.20594239234924316,0.1365545392036438,0.23690088838338852,0.17220138013362885,0.16622184962034225,0.1444086879491806,0.16804591566324234,0.16913719475269318,0.1826431229710579,0.16604793071746826,0.186252623796463,0.16496922075748444,0.16278403252363205,0.18154597282409668,0.1555815041065216,0.13896162807941437,0.15368196368217468,0.14239470660686493,0.10604047030210495,0.07311931252479553
1212609727,qslstm_log,extrapolation,near_best,2000191,62,1,61,61,0,0.27387151216354105,0.522290594034618,0.3017479943994168,0.5493159331381321,0.12043738306103614,0.34704089537262917,0.2763868257553854,0.5251635399143226,0.013883520345218846,0.013883520345218846,,,,,,0.34704089537262917,0.34704089537262917,0.5091350115835667,0.5091350115835667,0.567192081362009,0.567192081362009,0.5952173508703709,0.5952173508703709,0.6269680298864841,0.6269680298864841,0.546053234487772,0.546053234487772,0.555502001196146,0.555502001196146,0.5583832301199436,0.5583832301199436,0.5182209052145481,0.5182209052145481,0.2772647440433502,0.07770330477200571,0.1995614392713445,,,,,0.2772647440433502,0.2772647440433502,0.20966829359531403,0.20966829359531403,0.1727955937385559,0.1727955937385559,0.1528657227754593,0.1528657227754593,0.1379733830690384,0.1379733830690384,0.09315142035484314,0.09315142035484314,0.1403559446334839,0.1403559446334839,0.09922141581773758,0.09922141581773758,0.09442707151174545,0.09442707151174545
1212609727,qslstm_log,extrapolation,near_best,2000192,62,0,62,61,0,0.06398641351977562,0.24369727075099945,0.06928246853252862,0.2632156312465668,,,0.06398641351977562,0.24369727075099945,0.015299271853243718,0.015299271853243718,,,,,,,,,,,,,,,,,,,,,,,,,0.0828555354307736,,,,,,,,,,,,,,,,,,,,,,,
1212609727,qslstm_log,extrapolation,near_best,2000193,62,1,61,60,1,0.22996048364941632,0.477541527440471,0.2412099008858526,0.4911312460899353,0.2306638801395735,0.4802747964859009,0.22994895255941372,0.47749671975120167,0.017966495951016744,0.017966495951016744,0.13659697771072388,,,0.20171362161636353,0.20171362161636353,0.4802747964859009,0.4802747964859009,0.44351524114608765,0.44351524114608765,0.44233494997024536,0.44233494997024536,0.5147952437400818,0.5147952437400818,0.5440546274185181,0.5440546274185181,0.5279208421707153,0.5279208421707153,0.4755136966705322,0.4755136966705322,0.5067295432090759,0.5067295432090759,0.469046413898468,0.469046413898468,0.2817964553833008,0.12410404411007146,0.1576924112732293,,,0.36874517798423767,0.36874517798423767,0.2817964553833008,0.2817964553833008,0.19799375534057617,0.19799375534057617,0.1998300403356552,0.1998300403356552,0.17939524352550507,0.17939524352550507,0.16474691033363342,0.16474691033363342,0.1299491971731186,0.1299491971731186,0.08718257397413254,0.08718257397413254,0.09400904178619385,0.09400904178619385,0.08242867887020111,0.08242867887020111
1212609727,qslstm_log,extrapolation,near_best,2000194,62,1,61,60,1,0.2053046367697822,0.4508113855075452,0.1736920504047248,0.4167637825012207,0.13858904900936242,0.3722755014896393,0.206398334929789,0.4520988590160354,0.014022605121135711,0.014022605121135711,0.23466386646032333,,,0.19736900180578232,0.19736900180578232,0.3722755014896393,0.3722755014896393,0.42702600359916687,0.42702600359916687,0.4657094180583954,0.4657094180583954,0.4851718246936798,0.4851718246936798,0.491914838552475,0.491914838552475,0.5025987923145294,0.5025987923145294,0.5026427805423737,0.5026427805423737,0.46503061056137085,0.46503061056137085,0.4865274727344513,0.4865274727344513,0.330216646194458,0.10414067802370572,0.2260759681707523,,,0.35412195324897766,0.35412195324897766,0.330216646194458,0.330216646194458,0.29053303599357605,0.29053303599357605,0.23561494052410126,0.23561494052410126,0.16418395936489105,0.16418395936489105,0.15937583148479462,0.15937583148479462,0.18946987390518188,0.18946987390518188,0.12590248882770538,0.12590248882770538,0.1421263962984085,0.1421263962984085,0.0844036117196083,0.0844036117196083
1212609727,qslstm_log,extrapolation,near_best,2000195,62,2,60,60,1,0.2832276174972743,0.5284652685926806,0.3076021518086316,0.5546189248561859,0.13180296684100812,0.3598189800977707,0.2882751058524831,0.534086811542511,0.013162030776341756,0.01237822555262467,0.1336425542831421,0.3273346424102783,0.3273346424102783,0.27136945724487305,0.27136945724487305,0.3598189800977707,0.4081228971481323,0.39322999119758606,0.4591253399848938,0.355978399515152,0.4405873417854309,0.4273083806037903,0.44649386405944824,0.45025569200515747,0.44138604402542114,0.47452837228775024,0.5025628805160522,0.5119340270757675,0.5465190410614014,0.5348324775695801,0.5514800548553467,0.5401056706905365,0.5366811156272888,0.23780569434165955,0.07515815167377392,0.16264754266788561,0.3647943437099457,0.3647943437099457,0.20997710525989532,0.20997710525989532,0.23780569434165955,0.16256305575370789,0.2480418086051941,0.1312892735004425,0.16317393630743027,0.11637076735496521,0.1672312691807747,0.1718994826078415,0.14359861612319946,0.15590795874595642,0.1344144009053707,0.09692931920289993,0.07522980123758316,0.06301265209913254,0.09843609854578972,0.11677396297454834,0.053084900602698326,0.05654318258166313
1212609727,qslstm_log,extrapolation,near_best,2000196,62,0,62,61,0,0.0915845550728681,0.29732860384448884,0.12524800530232838,0.35390394926071167,,,0.0915845550728681,0.29732860384448884,0.01927127896762285,0.01927127896762285,,,,,,,,,,,,,,,,,,,,,,,,,0.11667448534600196,,,,,,,,,,,,,,,,,,,,,,,
1212609727,qslstm_log,extrapolation,near_best,2000197,62,3,59,59,2,0.25713394180432647,0.4898887949267162,0.3628835865470284,0.6023981960024685,0.09746111010257535,0.287239107536152,0.26525289934848334,0.5001930163194568,0.017310942633677336,0.014767541860540708,0.042010024189949036,0.26167555153369904,0.2604861259460449,0.2614450454711914,0.27266421914100647,0.287239107536152,0.4600074978079647,0.3276383807727446,0.5024586112704128,0.3585253090132028,0.5181366594042629,0.3330275844006489,0.5158436091151088,0.3304776976971577,0.5224686057772487,0.3319123119581491,0.5348359139170498,0.39277821391200024,0.4979529769625515,0.43618456134572625,0.5134208591189235,0.5242775471415371,0.5590360553469509,0.17095895608266196,0.11648798064660218,0.054470975436059776,0.18910550326108932,0.13607969880104065,0.12032334879040718,0.1082160547375679,0.17095895608266196,0.09790554642677307,0.20722021162509918,0.13344815373420715,0.1296860526005427,0.07770075649023056,0.14154916256666183,0.0980457067489624,0.10406393309434255,0.08397457748651505,0.12469264368216197,0.08735701441764832,0.08413092295328777,0.07001674920320511,0.08912741641203563,0.07519161701202393,0.10056634992361069,0.13363659381866455
1212609727,qslstm_log,extrapolation,near_best,2000198,62,2,60,60,1,0.079495722895961,0.28088112511942465,0.08013182954891196,0.2830756604671478,0.07026476595483055,0.256344810128212,0.07980342146066535,0.2816990022857984,0.014072701334953308,0.013493849059282723,0.043286263942718506,0.3238140940666199,0.3238140940666199,0.27558910846710205,0.27558910846710205,0.256344810128212,0.18887552618980408,0.25218452513217926,0.22877994179725647,0.22141200304031372,0.25394847989082336,0.27552181482315063,0.3222636878490448,0.295619934797287,0.3372913897037506,0.33494627475738525,0.3326011598110199,0.3115693926811218,0.29053762555122375,0.28712719678878784,0.27555951476097107,0.25543996691703796,0.25630542635917664,0.27662161737680435,0.0857287082200249,0.19089290915677945,0.355082243680954,0.355082243680954,0.3089311420917511,0.3089311420917511,0.27662161737680435,0.19816099107265472,0.232077918946743,0.15522469580173492,0.16750909388065338,0.13685719668865204,0.14948341250419617,0.1437421292066574,0.12866457551717758,0.12047195434570312,0.11442021653056145,0.10836847871541977,0.10094453021883965,0.09352058172225952,0.10374077782034874,0.07865434139966965,0.0898160208016634,0.056788112968206406
1212609727,qslstm_log,extrapolation,near_best,2000199,62,4,58,58,3,0.28265428182686486,0.5161683218133065,0.3225087875017927,0.5678985714912415,0.08815798216705972,0.2682465836405754,0.2960678197344377,0.5332663727217707,0.01816293854137947,0.01328412271462954,0.038769811391830444,0.22185097138086954,0.2451605200767517,0.1844067176183065,0.1690647304058075,0.2682465836405754,0.4831617474555969,0.3959975317120552,0.5170327126979828,0.3752306029200554,0.5098885893821716,0.34048953652381897,0.5216359794139862,0.4206600785255432,0.5388476848602295,0.45838262140750885,0.5315324664115906,0.4564753994345665,0.5620275437831879,0.5576337352395058,0.5761983096599579,0.5627750009298325,0.5584204792976379,0.2132195606827736,0.11701438993472478,0.09620517074804881,0.1293752665321032,0.09492889791727066,0.12218681226174037,0.1279451996088028,0.2132195606827736,0.15808427333831787,0.18110963329672813,0.18182919919490814,0.1561781670898199,0.10097098350524902,0.14212260022759438,0.15971140563488007,0.14990227296948433,0.13812707364559174,0.09919574111700058,0.09752169996500015,0.14179573953151703,0.16411225497722626,0.15177126973867416,0.14149053394794464,0.13446711748838425,0.12897606194019318
1212609727,qslstm_log,extrapolation,near_best,2000200,62,3,59,59,2,0.21898145633465563,0.4317739688821377,0.3101206504834409,0.5568847730755806,0.10094794572140843,0.28485752393802005,0.22498316026414275,0.43924429659116065,0.01910021749593444,0.015453039358059565,0.1093263328075409,0.05086958408355713,0.05086958408355713,0.16001345217227936,0.023062407970428467,0.28485752393802005,0.45083970576524734,0.22587164491415024,0.49721480160951614,0.2078165039420128,0.5085064247250557,0.18997603903214136,0.4689033105969429,0.2078675851225853,0.49283719807863235,0.2234442060192426,0.5080247595906258,0.2358007455865542,0.5194595530629158,0.3220807959636052,0.4923402741551399,0.4859032705426216,0.4959693029522896,0.2802828798691432,0.1157285805981038,0.16455429927103937,0.15518957376480103,0.15518957376480103,0.23743512481451035,0.13703180849552155,0.2802828798691432,0.14709965884685516,0.25081099569797516,0.14019198715686798,0.21023492515087128,0.15943275392055511,0.15967927873134613,0.0838577151298523,0.1335847700635592,0.0708320215344429,0.15979671478271484,0.1456882208585739,0.17589631179968515,0.15214605629444122,0.12084310005108516,0.07839783281087875,0.07076178242762883,0.05759561061859131
1212609727,qslstm_log,extrapolation,near_best,2000201,62,3,59,59,2,0.25499185339913305,0.4750158006866132,0.3030146556754154,0.5504676699638367,0.0847074361834682,0.2566582038998604,0.26365038308806515,0.48611872933678707,0.01369430907702042,0.012177226635125967,0.07271283864974976,0.015878915786743164,0.015878915786743164,0.12462123855948448,0.02799743413925171,0.2566582038998604,0.43962347507476807,0.22227360804875693,0.4378132224082947,0.21112772822380066,0.4443858861923218,0.1944364309310913,0.46604758501052856,0.18951313694318137,0.4664618968963623,0.1584547758102417,0.44588786363601685,0.3213851849238078,0.49653464555740356,0.4891182978947957,0.5348454117774963,0.515234371026357,0.5667423009872437,0.21459036817153296,0.09611431629223338,0.11847605187929958,0.1558505892753601,0.1558505892753601,0.1960684321820736,0.1054057702422142,0.21459036817153296,0.0884009525179863,0.20602923383315405,0.08909367769956589,0.19930324455102286,0.09085679054260254,0.19110303868850073,0.08066680282354355,0.15801454583803812,0.08629336953163147,0.13762043168147406,0.08790750056505203,0.09223106503486633,0.0828864723443985,0.09545144438743591,0.11939416080713272,0.10037501156330109,0.11383826285600662
1212609727,qslstm_log,extrapolation,near_best,2000202,62,2,60,59,2,0.026148662127098578,0.143917171675111,0.02270628729859059,0.15068605542182922,0.08255943745448228,0.2259945790283382,0.024268302949519118,0.14118125809667012,0.023232745417093827,0.023579017869357406,0.04189114272594452,0.40343721117824316,0.40343721117824316,0.3462849478237331,0.40658615436404943,0.2259945790283382,0.04855194687843323,0.23562241299077868,0.06465867161750793,0.02716776728630066,0.005783587694168091,0.05179201066493988,0.038925349712371826,0.031058624386787415,0.05633366107940674,0.04339328408241272,0.0304529070854187,0.02773943543434143,0.02502596378326416,0.10130089521408081,0.14759084582328796,0.11701717972755432,0.14959201216697693,0.24757874757051468,0.11606249256680409,0.13151625500371059,0.297736257314682,0.297736257314682,0.26346468180418015,0.18608711659908295,0.24757874757051468,0.19742123782634735,0.1873812898993492,0.18867546319961548,0.18805278837680817,0.17868433892726898,0.18432727456092834,0.1799790859222412,0.18961846083402634,0.2005525827407837,0.16318262368440628,0.12581266462802887,0.15015389025211334,0.17449511587619781,0.13345464318990707,0.13083752989768982,0.11159321665763855,0.11707138270139694
1212609727,qslstm_log,extrapolation,near_best,2000203,62,2,60,59,2,0.1971127829620416,0.41749588904842255,0.24426645446387335,0.4942331984639168,0.08053817945725775,0.2632598765194416,0.2009986030788677,0.4226370894660552,0.024941995992498883,0.01946283459663391,0.06305132806301117,0.0775076150894165,0.0775076150894165,0.11008285358548164,0.011513620615005493,0.2632598765194416,0.36924297362565994,0.23910165205597878,0.40428251773118973,0.2743087001144886,0.38385189324617386,0.24446149542927742,0.39791227132081985,0.28535710647702217,0.41141725331544876,0.2642386741936207,0.4531141594052315,0.25411582365632057,0.43072403222322464,0.4138180688023567,0.4437842443585396,0.46628526598215103,0.4794563725590706,0.24501068890094757,0.12605277262628078,0.11895791627466679,0.08176770806312561,0.08176770806312561,0.23206083476543427,0.14404666423797607,0.24501068890094757,0.14171534776687622,0.14111974090337753,0.07668545842170715,0.10949277505278587,0.07820091396570206,0.14698748663067818,0.07858707755804062,0.12156566977500916,0.11896989494562149,0.15377063304185867,0.15540099143981934,0.11153214424848557,0.14129658043384552,0.09852694720029831,0.11885298043489456,0.1599850058555603,0.16456902027130127
1212609727,qslstm_log,extrapolation,near_best,2000204,62,2,60,59,2,0.17507139991231455,0.4048817330791104,0.17064777235056283,0.4130953550338745,0.13130356787526987,0.35156814754009247,0.1765303276468827,0.4066588525970777,0.019080476235535184,0.017569993300871417,0.0644313246011734,0.22028760612010956,0.43933719396591187,0.22724777460098267,0.4283317029476166,0.35156814754009247,0.26379910111427307,0.3672441989183426,0.3061566948890686,0.28817418217658997,0.31254926323890686,0.32310037314891815,0.3400440514087677,0.316683366894722,0.3208174705505371,0.34385305643081665,0.3668886423110962,0.36083729565143585,0.3547859489917755,0.4045429527759552,0.41652774810791016,0.4485005736351013,0.45958322286605835,0.14417480677366257,0.1028660371278723,0.041308769645790264,0.19943921267986298,0.16825716197490692,0.2019965872168541,0.19257700443267822,0.14417480677366257,0.12009245157241821,0.19195660203695297,0.19133619964122772,0.10931576788425446,0.0985390841960907,0.14444154873490334,0.09754689782857895,0.10961709916591644,0.12069511413574219,0.09728212282061577,0.07386913150548935,0.06662255711853504,0.059375982731580734,0.07550422102212906,0.07449167221784592,0.08328785374760628,0.08581050485372543
1212609727,qslstm_log,extrapolation,near_best,2000205,62,2,60,59,2,0.02890801772922264,0.08379243218129681,0.0007267010207812064,0.026957392692565918,0.0426183305838812,0.16168975830078125,0.02845100730073402,0.08119585464398066,0.01895019866652408,0.01559170126914978,0.17206181585788727,0.49657249450683594,0.49657249450683594,0.30755239725112915,0.4423944354057312,0.16168975830078125,0.033335745334625244,0.20055320858955383,0.027835965156555176,0.1897137463092804,0.029772698879241943,0.2122107446193695,0.0018137693405151367,0.21479611098766327,0.02225378155708313,0.22331437468528748,0.006090402603149414,0.25769171118736267,0.018810927867889404,0.016635358333587646,0.0034980177879333496,0.012757688760757446,0.01942497491836548,0.17268253862857819,0.08876654561609029,0.0839159930124879,0.1322956085205078,0.1322956085205078,0.28539977967739105,0.1638258695602417,0.17268253862857819,0.07452309131622314,0.13754316419363022,0.07154940068721771,0.13147195801138878,0.09257671982049942,0.12162898108363152,0.07255908101797104,0.10440362244844437,0.06475323438644409,0.11317513510584831,0.11073436588048935,0.09879554063081741,0.06529547274112701,0.08634902536869049,0.08012133091688156,0.08165009506046772,0.05256582424044609
1212609727,qslstm_log,extrapolation,near_best,2000206,62,1,61,61,0,0.15700336305934912,0.3928039078750918,0.16666759130457565,0.4082494229078293,0.0682968858880797,0.2613367289304733,0.15845756760314042,0.3949591075299216,0.01942771770915047,0.01942771770915047,,,,,,0.2613367289304733,0.2613367289304733,0.4171615093946457,0.4171615093946457,0.4310980290174484,0.4310980290174484,0.4393163174390793,0.4393163174390793,0.3820459097623825,0.3820459097623825,0.288361594080925,0.288361594080925,0.30535732209682465,0.30535732209682465,0.372190460562706,0.372190460562706,0.41529111564159393,0.41529111564159393,0.30061963200569153,0.11109842592086948,0.18952120608482204,,,,,0.30061963200569153,0.30061963200569153,0.2901279628276825,0.2901279628276825,0.30094555020332336,0.30094555020332336,0.2671279311180115,0.2671279311180115,0.22969262301921844,0.22969262301921844,0.14063070714473724,0.14063070714473724,0.13395313918590546,0.13395313918590546,0.12141689658164978,0.12141689658164978,0.1093192920088768,0.1093192920088768
1212609727,qslstm_log,extrapolation,near_best,2000207,62,4,58,58,3,0.1888979357482586,0.4163532919220386,0.2260034464430769,0.4753981977701187,0.08605121256224853,0.27546760626137257,0.19599081320936276,0.4260695461055328,0.022946967133160294,0.022274911403656006,0.05056913693745931,0.3252592049539089,0.19087234139442444,0.2818066254258156,0.16852253675460815,0.27546760626137257,0.3176925927400589,0.3490528166294098,0.35419870913028717,0.3514409512281418,0.351437047123909,0.26751323975622654,0.3503558188676834,0.21485476568341255,0.3697720915079117,0.22597291693091393,0.37208397686481476,0.211358193308115,0.33964888751506805,0.309930469840765,0.40315093100070953,0.377646803855896,0.43581749498844147,0.2819460481405258,0.11846958409095633,0.1634764640495695,0.15816516801714897,0.08891185373067856,0.2098003849387169,0.07733575254678726,0.2819460481405258,0.12955209612846375,0.20421811006963253,0.10237422585487366,0.15373865701258183,0.0632004365324974,0.15070316195487976,0.11360765248537064,0.13903283141553402,0.0736040249466896,0.11396896466612816,0.10092031955718994,0.09669087640941143,0.09701903909444809,0.11274413019418716,0.13048101961612701,0.10339082963764668,0.14225082099437714
1212609727,qslstm_log,extrapolation,near_best,2000208,62,5,57,57,4,0.13337698323586444,0.36065250250601,0.1623103597767548,0.4028775990009308,0.06783016253672743,0.2516873627901077,0.13912670434982383,0.3702108480951242,0.014265240284434537,0.010816816687583924,0.047378331422805786,0.2335217148065567,0.26575344800949097,0.2575267367064953,0.25315558910369873,0.2516873627901077,0.27508383989334106,0.26671287417411804,0.27620959281921387,0.2953647762537003,0.27915775775909424,0.3098608195781708,0.31060677766799927,0.29092427492141726,0.3109813928604126,0.29259119033813474,0.3509584665298462,0.2984703302383423,0.37911975383758545,0.32973692417144773,0.4003145098686218,0.36195371150970457,0.38833367824554443,0.2195944979786873,0.07233983343630507,0.14725466454238223,0.19741342961788177,0.14059458673000336,0.2419211082160473,0.1462484449148178,0.2195944979786873,0.11532208323478699,0.19866475462913513,0.09481939673423767,0.1815708741545677,0.09072177857160568,0.1619594693183899,0.14225716888904572,0.14610733538866044,0.08035493642091751,0.1377084031701088,0.06739027053117752,0.11484735161066055,0.11748463660478592,0.07280892580747604,0.04426462575793266,0.07647598832845688,0.041546426713466644
1212609727,qslstm_log,extrapolation,near_best,2000209,62,2,60,60,1,0.3078131732358468,0.548078945297147,0.3497639290292291,0.5914084282703698,0.10747283736764421,0.3277972473297268,0.31449118443145346,0.5554216685627277,0.022953484455744425,0.023007115570165344,0.07075697183609009,0.32312798500061035,0.32312798500061035,0.3033387362957001,0.3033387362957001,0.3277972473297268,0.3324665096588433,0.3530602289829403,0.40278172167018056,0.3707861569710076,0.4091058042831719,0.40576088102534413,0.4087400403805077,0.38799501629546285,0.3668842283077538,0.39559775264933705,0.4243112769909203,0.48121261270716786,0.5381139484234154,0.5029175546951592,0.4724329677410424,0.515186455566436,0.5195502010174096,0.3315330743789673,0.12027060128748417,0.2112624730914831,0.40101704001426697,0.40101704001426697,0.2088707685470581,0.2088707685470581,0.3315330743789673,0.2620491087436676,0.21731898933649063,0.22576721012592316,0.22352486103773117,0.18500061333179474,0.217145174741745,0.20852313935756683,0.14592751115560532,0.1068544089794159,0.12826098501682281,0.14966756105422974,0.1257001757621765,0.10173279047012329,0.11248693242669106,0.06686603277921677,0.10408131033182144,0.1097298339009285
1212609727,qslstm_log,extrapolation,near_best,2000210,62,3,59,58,3,0.23249896494976127,0.4786939166726605,0.2711905815855303,0.5207596197724342,0.11265777665780098,0.3131481682260831,0.23859258469342026,0.48711149710214746,0.01662883368031732,0.012742047216378007,0.1450551450252533,0.38425756990909576,0.44938111305236816,0.3117210517326991,0.47368597984313965,0.3131481682260831,0.40218881517648697,0.4025151655077934,0.46454570442438126,0.4233023052414258,0.48938439041376114,0.47484977295001346,0.5103310719132423,0.4772717480858167,0.519995667040348,0.4828440472483635,0.5304143205285072,0.45207294325033825,0.4803440347313881,0.5068860625227293,0.4903314486145973,0.48756718387206394,0.46754036098718643,0.2479645162820816,0.11985416078971604,0.12811035549236555,0.2618747130036354,0.13990657031536102,0.25439439465602237,0.12042257934808731,0.2479645162820816,0.15274424850940704,0.23323348661263785,0.16171598434448242,0.17968695859114328,0.16280679404735565,0.16762117544809976,0.15895213186740875,0.1823704093694687,0.15735222399234772,0.1625910053650538,0.1546110063791275,0.13781432062387466,0.14027613401412964,0.1274052932858467,0.06591152399778366,0.11722799887259801,0.1283980906009674
1212609727,qslstm_log,extrapolation,near_best,2000211,62,2,60,59,2,0.18150929094614016,0.42113837407481286,0.22410422735541502,0.4733964800834656,0.11653365784198622,0.33019591867923737,0.1836751453829453,0.42416978925466536,0.014103215629771605,0.014078384843365899,0.11149424314498901,0.4168233573436737,0.4168233573436737,0.259291872382164,0.4012799561023712,0.33019591867923737,0.24356848001480103,0.34285323321819305,0.2844265103340149,0.2867263853549957,0.32988429069519043,0.32296299934387207,0.36149948835372925,0.3320446014404297,0.33420491218566895,0.349073201417923,0.363941490650177,0.3476564288139343,0.33137136697769165,0.3783383071422577,0.38242894411087036,0.4084070175886154,0.4027460217475891,0.21418123692274094,0.07162798534457883,0.14255325157816212,0.25830575823783875,0.25830575823783875,0.3026936501264572,0.22614949941635132,0.21418123692274094,0.17005671560764313,0.22795435786247253,0.22975921630859375,0.1374395750463009,0.10482243448495865,0.1621612198650837,0.09456322342157364,0.13562888279557228,0.1664353311061859,0.12054606899619102,0.07465680688619614,0.10762867704033852,0.1406005471944809,0.05908771604299545,0.05904555320739746,0.06880948133766651,0.05615989491343498
1212609727,qslstm_log,extrapolation,near_best,2000212,62,1,61,60,1,0.2945314901085105,0.5328642004920591,0.27052586312701354,0.5201210081577301,0.2614687705792571,0.5113401710987091,0.295073501904072,0.5332170534329336,0.015661855041980744,0.013668782752135704,0.13080832362174988,0.0908668041229248,0.0908668041229248,0.04114505648612976,0.04114505648612976,0.5113401710987091,0.5113401710987091,0.5120587348937988,0.5120587348937988,0.5170170366764069,0.5170170366764069,0.4793137311935425,0.4793137311935425,0.5200475454330444,0.5200475454330444,0.5596573352813721,0.5596573352813721,0.6102070510387421,0.6102070510387421,0.6142474710941315,0.6142474710941315,0.5951095819473267,0.5951095819473267,0.2377375215291977,0.09329589437998709,0.1444416271492106,0.3095491826534271,0.3095491826534271,0.22563177347183228,0.22563177347183228,0.2377375215291977,0.2377375215291977,0.14018619060516357,0.14018619060516357,0.17513281106948853,0.17513281106948853,0.20842599868774414,0.20842599868774414,0.09392561763525009,0.09392561763525009,0.1294814646244049,0.1294814646244049,0.06590449810028076,0.06590449810028076,0.15543527901172638,0.15543527901172638,0.09853240847587585,0.09853240847587585
1212609727,qslstm_log,extrapolation,near_best,2000213,62,2,60,59,2,0.045223467737758975,0.18921527891389786,0.05127012600656489,0.2264290750026703,0.08920743561744449,0.24109535664319992,0.04375733547510279,0.1874859429895878,0.01810474264419685,0.016159077676442955,0.07762619853019714,0.3892586678266525,0.3892586678266525,0.24527447670698166,0.43587706983089447,0.24109535664319992,0.06479883193969727,0.24448858946561813,0.05865895748138428,0.215053491294384,0.042641282081604004,0.22100593894720078,0.10492300987243652,0.22601812332868576,0.11293476819992065,0.27192651480436325,0.15459436178207397,0.09286549687385559,0.12093216180801392,0.14388662576675415,0.17483848333358765,0.09192213416099548,0.06291210651397705,0.16012217849493027,0.1010778964186708,0.05904428207625946,0.10998043417930603,0.10998043417930603,0.22003096342086792,0.10190680623054504,0.16012217849493027,0.10915368795394897,0.19113608077168465,0.08577556163072586,0.16182729974389076,0.0902722105383873,0.1481875367462635,0.10119619220495224,0.10441258922219276,0.09758904576301575,0.10208357498049736,0.09418671578168869,0.1177276000380516,0.12630151212215424,0.08594701066613197,0.0743049755692482,0.12492866441607475,0.12355581670999527
1212609727,qslstm_log,extrapolation,near_best,2000214,62,2,60,59,2,0.1607865018390237,0.38666346717265343,0.22029802057801362,0.4693591594696045,0.11368145833240861,0.3239103704690933,0.16235666995591083,0.3887552370627721,0.0187833369788477,0.012718788037697474,0.03972300887107849,0.1325836479663849,0.1325836479663849,0.1568337231874466,0.1083129346370697,0.3239103704690933,0.4175240993499756,0.3565538376569748,0.4128292202949524,0.3040034621953964,0.41637927293777466,0.3352540284395218,0.4353708028793335,0.2978821247816086,0.43139415979385376,0.30514563620090485,0.414922833442688,0.2868187874555588,0.41950011253356934,0.4423936903476715,0.46726328134536743,0.43779686093330383,0.4441995620727539,0.1875186711549759,0.1046293902521332,0.08288928090284269,0.08220658451318741,0.08220658451318741,0.24175452440977097,0.14114819467067719,0.1875186711549759,0.1111142635345459,0.1873859167098999,0.11364993453025818,0.19674420356750488,0.10924875736236572,0.1868463009595871,0.11088734865188599,0.15021754056215286,0.073447585105896,0.08784480392932892,0.06680285185575485,0.09147254377603531,0.07470117509365082,0.10390667617321014,0.09669908881187439,0.07152661681175232,0.06960564851760864
1212609727,qslstm_log,extrapolation,near_best,2000215,62,5,57,57,4,0.14961047190040044,0.3835706664549728,0.1679380128045418,0.4098024070262909,0.09917924082027066,0.313419684022665,0.1540342641004119,0.3897242614051752,0.01712524786330106,0.01270397126674652,0.043250031769275665,0.2767254672944546,0.27358315885066986,0.2912768004462123,0.2706671208143234,0.313419684022665,0.36539584398269653,0.3000835746526718,0.3704323470592499,0.3268522351980209,0.3898122310638428,0.3301990024745464,0.4163883626461029,0.32755309641361235,0.3936380445957184,0.3268773198127747,0.3691614866256714,0.3623067826032639,0.38218754529953003,0.38317221999168394,0.39662760496139526,0.39157783389091494,0.4132652282714844,0.24110131859779357,0.09970914762009654,0.14139217097769702,0.20677107386291027,0.10431956499814987,0.20341739431023598,0.09583938121795654,0.24110131859779357,0.15227116644382477,0.15473784357309342,0.09409419447183609,0.14139788895845412,0.10850971937179565,0.18144511580467224,0.15218213200569153,0.15015725940465927,0.15330074727535248,0.1122248038649559,0.06953218579292297,0.1180749624967575,0.09002268314361572,0.10327726900577545,0.11526445299386978,0.09561104625463486,0.11555346846580505
1212609727,qslstm_log,extrapolation,near_best,2000216,62,3,59,59,2,0.2234127300761581,0.4596277173127859,0.2663458177903246,0.5160870254039764,0.11296649002649506,0.3004365948339303,0.22902864058715797,0.46772218116764297,0.0179426675125704,0.014254922161296922,0.08952492475509644,0.28305010311305523,0.47242429479956627,0.24809941463172436,0.4356987439095974,0.3004365948339303,0.40367692708969116,0.3398503748079141,0.4554551839828491,0.338754831502835,0.4453267455101013,0.3125230061511199,0.42173075675964355,0.31899045780301094,0.44362473487854004,0.44412432859341305,0.46171343326568604,0.44655799741546315,0.4620564579963684,0.4439860184987386,0.48015016317367554,0.4763641556104024,0.4855683445930481,0.2656446198622386,0.1136486651533741,0.15199595470886448,0.1934906505048275,0.1128828153014183,0.176210168749094,0.09421343356370926,0.2656446198622386,0.14544875919818878,0.20812390744686127,0.12544140219688416,0.1576207454005877,0.1325506567955017,0.16383178035418192,0.10256019979715347,0.1793252726395925,0.14414699375629425,0.1351210499803225,0.15009118616580963,0.10336860517660777,0.06982775777578354,0.13073164224624634,0.09866636991500854,0.11993571122487386,0.07728680968284607
1212609727,qslstm_log,extrapolation,near_best,2000217,62,1,61,61,0,0.0956056049680769,0.3027258443255578,0.0817030004746846,0.2858373671770096,0.02666275105872118,0.16328732669353485,0.0967358156879024,0.3050117216637877,0.030057281255722046,0.030057281255722046,,,,,,0.16328732669353485,0.16328732669353485,0.10957764089107513,0.10957764089107513,0.2678067237138748,0.2678067237138748,0.3388978987932205,0.3388978987932205,0.2719801217317581,0.2719801217317581,0.219169482588768,0.219169482588768,0.23309020698070526,0.23309020698070526,0.2503143399953842,0.2503143399953842,0.24696271121501923,0.24696271121501923,0.30881568789482117,0.11247078243826257,0.19634490545655858,,,,,0.30881568789482117,0.30881568789482117,0.23696857690811157,0.23696857690811157,0.2364909052848816,0.2364909052848816,0.20243288576602936,0.20243288576602936,0.22127234935760498,0.22127234935760498,0.11755842715501785,0.11755842715501785,0.11603129655122757,0.11603129655122757,0.1056167408823967,0.1056167408823967,0.09091521054506302,0.09091521054506302
1212609727,qslstm_log,extrapolation,near_best,2000218,62,3,59,58,3,0.142180856733046,0.35474446463969445,0.14211198182006535,0.37697742879390717,0.14894065851353883,0.31920481969912845,0.1418371379984447,0.35655156522989273,0.013630644000809768,0.010814712047576905,0.06664788722991943,0.3341928981244564,0.087868332862854,0.3073863958319028,0.09071356058120728,0.31920481969912845,0.32768939435482025,0.3419315343101819,0.34156976640224457,0.14836437006791434,0.3519895225763321,0.14047926167647043,0.3577679842710495,0.14598756531874338,0.3631253093481064,0.15697701275348663,0.35192130506038666,0.2646953562895457,0.37852834165096283,0.3688862472772598,0.391543909907341,0.3684828927119573,0.3749990314245224,0.16606130947669348,0.08879239004799876,0.07726891942869472,0.17727240920066833,0.09374189376831055,0.28226787596940994,0.08324768394231796,0.16606130947669348,0.06602061539888382,0.20883766810099283,0.07552479207515717,0.12525378664334616,0.06617005169391632,0.150100855777661,0.06108544394373894,0.10000049322843552,0.05779126286506653,0.08377121140559514,0.05359244346618652,0.07901163895924886,0.07727240771055222,0.06175824999809265,0.061313435435295105,0.06329298888643582,0.05901411548256874
1212609727,qslstm_log,extrapolation,near_best,2000219,62,2,60,59,2,0.03397978253101306,0.11601371630545586,0.006154565270222179,0.07845103740692139,0.13246312565221707,0.273505836725235,0.030697004426972926,0.11076397895812988,0.018279459516880876,0.011755270617348807,0.020020663738250732,0.3285733461380005,0.47780001163482666,0.3758945167064667,0.4778820872306824,0.273505836725235,0.03338569402694702,0.266218900680542,0.048947274684906006,0.30037450790405273,0.06593400239944458,0.28973785042762756,0.05435442924499512,0.23538312315940857,0.0011473298072814941,0.24805498123168945,0.018227875232696533,0.03877294063568115,0.0285986065864563,0.015939712524414062,0.01658475399017334,0.01904904842376709,0.0267641544342041,0.09094904363155365,0.09076168009390434,0.0001873635376493099,0.16126491501927376,0.10416769236326218,0.1522057168185711,0.09405656903982162,0.09094904363155365,0.07446961849927902,0.15843795239925385,0.13849051296710968,0.1639077290892601,0.14647281169891357,0.10986004024744034,0.1026623323559761,0.11363816633820534,0.07990778237581253,0.08544528484344482,0.07683400064706802,0.10194163396954536,0.06539275497198105,0.08681828901171684,0.09825142472982407,0.08412352949380875,0.07113940268754959
1212609727,qslstm_log,extrapolation,near_best,2000220,62,1,61,61,0,0.20895715156862585,0.4493909752176654,0.2973457107986557,0.5452941507101059,0.048446122399578906,0.22010479867458344,0.2115884799156594,0.45314976499706017,0.02297387357617988,0.02297387357617988,,,,,,0.22010479867458344,0.22010479867458344,0.37599973380565643,0.37599973380565643,0.4153536409139633,0.4153536409139633,0.3465100973844528,0.3465100973844528,0.3645949214696884,0.3645949214696884,0.3538195937871933,0.3538195937871933,0.3426448553800583,0.3426448553800583,0.3659180849790573,0.3659180849790573,0.3617853969335556,0.3617853969335556,0.26827409863471985,0.10546542978921875,0.1628086688455011,,,,,0.26827409863471985,0.26827409863471985,0.20599813759326935,0.20599813759326935,0.20205645263195038,0.20205645263195038,0.2086799591779709,0.2086799591779709,0.1307080239057541,0.1307080239057541,0.16626282036304474,0.16626282036304474,0.16212840378284454,0.16212840378284454,0.07731175422668457,0.07731175422668457,0.08402681350708008,0.08402681350708008
1212609727,qslstm_log,extrapolation,near_best,2000221,62,2,60,60,1,0.16179401231418475,0.396633840376331,0.20837058612528736,0.45647627115249634,0.08897365834375615,0.2956710606813431,0.16422135744653238,0.3999992663661639,0.017177734772364298,0.016468211224204617,0.029600322246551514,0.18095806241035461,0.18095806241035461,0.19762012362480164,0.19762012362480164,0.2956710606813431,0.33507007360458374,0.29334478080272675,0.39386263489723206,0.25727029144763947,0.3335825204849243,0.25589947402477264,0.31417882442474365,0.32875797152519226,0.3224458694458008,0.32809028029441833,0.32259804010391235,0.3583609312772751,0.3942759931087494,0.3642414063215256,0.33420681953430176,0.3473412096500397,0.3604755997657776,0.24891839176416397,0.09391037741055092,0.15500801435361306,0.20839755237102509,0.20839755237102509,0.15080873668193817,0.15080873668193817,0.24891839176416397,0.14036206901073456,0.21691417694091797,0.1385248303413391,0.188718281686306,0.16903901100158691,0.14542505890130997,0.14004138112068176,0.13358623534440994,0.12681040167808533,0.1328183226287365,0.09659763425588608,0.12199288979172707,0.1171753779053688,0.12243866547942162,0.12770195305347443,0.1001059077680111,0.07250986248254776
1212609727,qslstm_log,extrapolation,near_best,2000222,62,0,62,61,0,0.2152723364397909,0.459203232199915,0.23628273911731412,0.48608922958374023,,,0.2152723364397909,0.459203232199915,0.018174822213219814,0.018174822213219814,,,,,,,,,,,,,,,,,,,,,,,,,0.11953330688899563,,,,,,,,,,,,,,,,,,,,,,,
1212609727,qslstm_log,extrapolation,near_best,2000223,62,1,61,61,0,0.22102149533996598,0.46843991212306485,0.2556851763022492,0.5056532174348831,0.044907045697693215,0.2119128257036209,0.22390861746524915,0.4726452741955147,0.021381016637458176,0.021381016637458176,,,,,,0.2119128257036209,0.2119128257036209,0.4344495087862015,0.4344495087862015,0.45432354509830475,0.45432354509830475,0.48899103701114655,0.48899103701114655,0.4836104065179825,0.4836104065179825,0.45395155251026154,0.45395155251026154,0.49920351803302765,0.49920351803302765,0.44143046438694,0.44143046438694,0.4416140466928482,0.4416140466928482,0.3876500427722931,0.11499021538212652,0.2726598273901666,,,,,0.3876500427722931,0.3876500427722931,0.34674617648124695,0.34674617648124695,0.24890054762363434,0.24890054762363434,0.22475886344909668,0.22475886344909668,0.22262845933437347,0.22262845933437347,0.1350312978029251,0.1350312978029251,0.16710662841796875,0.16710662841796875,0.07402699440717697,0.07402699440717697,0.14843319356441498,0.14843319356441498
1212609727,qslstm_log,extrapolation,near_best,2000224,62,1,61,60,1,0.11804189020287682,0.33920410660005385,0.14930094050541598,0.38639479875564575,0.07227889561569611,0.26884734630584717,0.11879210322889618,0.34035749611307364,0.02952539026737213,0.027679199889554817,0.05970817804336548,0.2635517716407776,0.2635517716407776,0.12510114908218384,0.12510114908218384,0.26884734630584717,0.26884734630584717,0.3108435273170471,0.3108435273170471,0.35532712936401367,0.35532712936401367,0.32517343759536743,0.32517343759536743,0.2527952194213867,0.2527952194213867,0.2488752007484436,0.2488752007484436,0.24949753284454346,0.24949753284454346,0.305822491645813,0.305822491645813,0.3560901880264282,0.3560901880264282,0.19447271525859833,0.14571834257880195,0.048754372679796376,0.2564336955547333,0.2564336955547333,0.21379144489765167,0.21379144489765167,0.19447271525859833,0.19447271525859833,0.1515667736530304,0.1515667736530304,0.19421648979187012,0.19421648979187012,0.19019675254821777,0.19019675254821777,0.15846115350723267,0.15846115350723267,0.14942091703414917,0.14942091703414917,0.11555391550064087,0.11555391550064087,0.13449668884277344,0.13449668884277344,0.16044838726520538,0.16044838726520538
1212609727,qslstm_log,extrapolation,near_best,2000225,62,2,60,59,2,0.02002468559877324,0.11536918274096904,0.013734251293499256,0.11719322204589844,0.10768681778689382,0.2676722835749388,0.017102614525835887,0.11029241271317006,0.021122966782521395,0.019626944715326482,0.029750317335128784,0.24938766472041607,0.47982075437903404,0.2423809301108122,0.449901070445776,0.2676722835749388,0.07783454656600952,0.2764586042612791,0.07309645414352417,0.2495888900011778,0.04927670955657959,0.07591205835342407,0.07398957014083862,0.06659743189811707,0.06009840965270996,0.07919928431510925,0.08440899848937988,0.0855739414691925,0.08842480182647705,0.12416310608386993,0.1206197440624237,0.11147522926330566,0.10789662599563599,0.2125513255596161,0.1147272106880943,0.09782411487152179,0.16797208413481712,0.11389384418725967,0.15433570370078087,0.1082037016749382,0.2125513255596161,0.19588036835193634,0.1098816730082035,0.10586950182914734,0.10369392856955528,0.09918415546417236,0.18280243873596191,0.1697245091199875,0.08812225610017776,0.07037501037120819,0.14014505222439766,0.11056559532880783,0.11626586318016052,0.10828780382871628,0.12828967347741127,0.10912390798330307,0.08520443737506866,0.10672648996114731
1212609727,qslstm_log,extrapolation,near_best,2000226,62,2,60,59,2,0.03755396379850799,0.1810574637305352,0.02999809936898501,0.1731995940208435,0.13610273407902307,0.2762860804796219,0.03426900478915749,0.17788317650556565,0.01823348716153937,0.014175451464123197,0.014764189720153809,0.37345723807811737,0.5207625329494476,0.31990818679332733,0.42863354086875916,0.2762860804796219,0.03180962800979614,0.22569908201694489,0.022764623165130615,0.049738287925720215,0.06766694784164429,0.06365574896335602,0.10454687476158142,0.09404551982879639,0.12042409181594849,0.13732175529003143,0.15421941876411438,0.16421018540859222,0.17420095205307007,0.19437310099601746,0.19771087169647217,0.20160624384880066,0.20585131645202637,0.14129583165049553,0.0892661397655805,0.05202969188491503,0.1586683914065361,0.16417205333709717,0.17941410094499588,0.16259969770908356,0.14129583165049553,0.11841960996389389,0.13570285961031914,0.10880602151155472,0.10664046555757523,0.09486132115125656,0.09480375796556473,0.08080149441957474,0.09248243272304535,0.09010354429483414,0.087520532310009,0.08493752032518387,0.09953800588846207,0.11413849145174026,0.0636629331856966,0.05076764151453972,0.08227333053946495,0.07568757981061935
1212609727,qslstm_log,extrapolation,near_best,2000227,62,2,60,60,1,0.12184042152025311,0.34689677619345244,0.13133982648629772,0.3624083697795868,0.07050666918186554,0.25947116734459996,0.12355154659819936,0.34981096315508087,0.017782560487588247,0.017150527958212227,0.0291120707988739,0.3077854895964265,0.3077854895964265,0.3719190740957856,0.3719190740957856,0.25947116734459996,0.20306742191314697,0.2757478100247681,0.24371013045310974,0.30820316495373845,0.24448725581169128,0.24850031733512878,0.2939332127571106,0.2767924815416336,0.30987483263015747,0.29522037506103516,0.2965075373649597,0.3286927193403244,0.33189618587493896,0.3343614488840103,0.3329712450504303,0.3529714345932007,0.3660237789154053,0.267192579805851,0.0754162896424532,0.19177629016339778,0.21046344935894012,0.21046344935894012,0.26042142510414124,0.26042142510414124,0.267192579805851,0.16601906716823578,0.18147924542427063,0.15249504148960114,0.24008120596408844,0.21974098682403564,0.1409352757036686,0.11585148423910141,0.12894829362630844,0.10540154576301575,0.13542984053492546,0.1550081968307495,0.0891374982893467,0.08150524646043777,0.11589765176177025,0.06683468073606491,0.09997665323317051,0.05704890564084053
1212609727,qslstm_log,extrapolation,near_best,2000228,62,2,60,60,1,0.2842350227380382,0.5231379411153255,0.266744008532736,0.5164726600050926,0.12259553943768012,0.2973976098001003,0.2896230055147168,0.530662618825833,0.01738151510556539,0.016116547173467177,0.06745600700378418,0.06280651688575745,0.06280651688575745,0.12114432454109192,0.12114432454109192,0.2973976098001003,0.48219534009695053,0.266781534999609,0.47075655311346054,0.3019779287278652,0.4828115329146385,0.4789508208632469,0.4757063016295433,0.47467292100191116,0.4785892888903618,0.48885428160429,0.5020022615790367,0.5124925747513771,0.5687761530280113,0.5983073338866234,0.6094272956252098,0.5878989025950432,0.5719723328948021,0.29846667498350143,0.12141816858202219,0.17704850640147923,0.3223673105239868,0.3223673105239868,0.2127881497144699,0.2127881497144699,0.29846667498350143,0.20273692905902863,0.24422363936901093,0.16607996821403503,0.18612830340862274,0.15946845710277557,0.17933601886034012,0.1559351086616516,0.17382123321294785,0.18156249821186066,0.1659812331199646,0.1760273575782776,0.13719609752297401,0.16484807431697845,0.18193955719470978,0.18660373985767365,0.1274205930531025,0.10048458725214005
1212609727,qslstm_log,extrapolation,near_best,2000229,62,4,58,57,4,0.19584828294225232,0.42680339707482245,0.23558488572058423,0.4853708744049072,0.0890242302956532,0.26941321045160294,0.20321545898684537,0.43765789270401,0.01749939667551141,0.014604897499084472,0.06211403012275696,0.2752705415089925,0.3476334810256958,0.17488066107034683,0.09163275361061096,0.26941321045160294,0.4205760955810547,0.32552023231983185,0.40795040130615234,0.3412449061870575,0.43159621953964233,0.27784445136785507,0.4591396450996399,0.3722962737083435,0.4934212565422058,0.43061694502830505,0.46853989362716675,0.4530739262700081,0.4664197564125061,0.47658324241638184,0.5005545020103455,0.47871485352516174,0.4755656123161316,0.20297474041581154,0.11896784854089391,0.08400689187491762,0.12866214662790298,0.12254956364631653,0.2160641886293888,0.1717063933610916,0.20297474041581154,0.1692023128271103,0.15941845811903477,0.17087624967098236,0.1655699573457241,0.159547820687294,0.17378918454051018,0.1733938455581665,0.16533681377768517,0.14838093519210815,0.16243740916252136,0.1666644662618637,0.1255183545872569,0.062308039516210556,0.1256317188963294,0.12951457500457764,0.09965971391648054,0.0503089539706707
1212609727,qslstm_log,extrapolation,near_best,2000230,62,4,58,57,4,0.2605273746818859,0.4965570927146942,0.3802918469551442,0.6166780740022659,0.1595640707370179,0.37617918476462364,0.2674903611608423,0.504859017400906,0.016661011858990316,0.013684112578630447,0.11141730099916458,0.2147538959980011,0.3222968578338623,0.30739080160856247,0.35890090465545654,0.37617918476462364,0.5123020559549332,0.3192739449441433,0.5189435034990311,0.3506821356713772,0.5309718400239944,0.3701854608952999,0.5337571650743484,0.37387334927916527,0.5023872405290604,0.36154280975461006,0.5010571628808975,0.4068019166588783,0.5131748467683792,0.5107860267162323,0.5041279941797256,0.5142433941364288,0.5489336401224136,0.23298479244112968,0.1229465062376754,0.11003828620345428,0.22319107751051584,0.14873631298542023,0.23591507226228714,0.13497528433799744,0.23298479244112968,0.17022007703781128,0.20796199142932892,0.15380027890205383,0.1776120439171791,0.13150571286678314,0.150641905143857,0.12147039920091629,0.14570778794586658,0.06831248849630356,0.1333390437066555,0.09849628806114197,0.13795550540089607,0.14592711627483368,0.11918909382075071,0.056083422154188156,0.09405531920492649,0.13477961719036102
1212609727,qslstm_log,extrapolation,near_best,2000231,62,2,60,60,1,0.14505012147944027,0.3758052683645679,0.1421274300938089,0.3769979178905487,0.05236448576374997,0.2286868691444397,0.14813964266996335,0.38070921500523885,0.012922799090544383,0.010925388649890297,0.03895127773284912,0.14567351341247559,0.14567351341247559,0.1955854296684265,0.1955854296684265,0.2286868691444397,0.22051364183425903,0.2600030303001404,0.27738481760025024,0.22298696637153625,0.3003004193305969,0.24577245116233826,0.29595947265625,0.2594718039035797,0.2984299659729004,0.32360222935676575,0.34690403938293457,0.32119277119636536,0.3439555764198303,0.35390669107437134,0.36385780572891235,0.3642798066139221,0.3647018074989319,0.22972098737955093,0.09185868514080843,0.13786230223874252,0.24004483222961426,0.24004483222961426,0.16580656170845032,0.16580656170845032,0.22972098737955093,0.17685292661190033,0.20426876097917557,0.1514839082956314,0.19138336926698685,0.14272190630435944,0.15548508614301682,0.1451636105775833,0.18291156738996506,0.18897020816802979,0.12223214283585548,0.10174237936735153,0.1759592592716217,0.16294831037521362,0.13440269604325294,0.10585708171129227,0.0924161821603775,0.07897528260946274
1212609727,qslstm_log,extrapolation,near_best,2000232,62,3,59,58,3,0.24501755168071418,0.4891456047133092,0.32970476369032437,0.5741992369294167,0.10377985431835933,0.30209236592054367,0.2521991295126983,0.49865678634683963,0.021186220234838026,0.021186220234838026,0.07463884353637695,0.2088303565979004,0.23683983087539673,0.20917759339014688,0.2098720669746399,0.30209236592054367,0.4595651999115944,0.3880389978488286,0.4946797266602516,0.4763687625527382,0.47486136108636856,0.47451112419366837,0.4539922848343849,0.46653953939676285,0.47076497226953506,0.47418657690286636,0.4902624264359474,0.5044383977850279,0.519405759871006,0.4895301436384519,0.4704791083931923,0.517721988260746,0.5330537334084511,0.2155528167883555,0.12483699840761847,0.09071581838073703,0.2657671794295311,0.24216832220554352,0.24248902002970377,0.19593270123004913,0.2155528167883555,0.20855742692947388,0.19519535700480142,0.1810959428548813,0.20693675676981607,0.23115690052509308,0.1725685919324557,0.10545293241739273,0.17462277660767236,0.1872584968805313,0.1601840282479922,0.11428522318601608,0.13616935660441717,0.1516808569431305,0.15995407601197562,0.1968148946762085,0.10075599948565166,0.10145506262779236
1212609727,qslstm_log,extrapolation,near_best,2000233,62,2,60,59,2,0.2168117697781396,0.45422668082098805,0.25231094278446164,0.5023056268692017,0.14127487153302276,0.3678291141986847,0.21932966638631016,0.4571065997083982,0.01864348225674387,0.014287022252877554,0.06098496913909912,0.30303582549095154,0.25228458642959595,0.2523932456970215,0.248546302318573,0.3678291141986847,0.4451376795768738,0.35999321937561035,0.4290003776550293,0.36364609003067017,0.457766056060791,0.36124998331069946,0.4470599889755249,0.3704628050327301,0.4752219319343567,0.37722912430763245,0.49123895168304443,0.37292224168777466,0.4972981810569763,0.47684651613235474,0.5066330432891846,0.5336248725652695,0.5327859222888947,0.18435869365930557,0.11286501350502173,0.07149368015428384,0.1538577862083912,0.1050664559006691,0.15099582076072693,0.08368396759033203,0.18435869365930557,0.13881409168243408,0.11752266436815262,0.11266618221998215,0.14366688579320908,0.1398906260728836,0.0982840321958065,0.0730459913611412,0.12074234709143639,0.12451931834220886,0.10165136307477951,0.10625716298818588,0.10132820531725883,0.11897244304418564,0.09071463346481323,0.10838327556848526,0.1431976556777954,0.13616932928562164
1212609727,qslstm_log,extrapolation,near_best,2000234,62,4,58,58,3,0.19142429779557307,0.4264858018967413,0.20419756168008973,0.4518822431564331,0.095101299726013,0.2866797596216202,0.1980672631796807,0.4361275979157152,0.018721705366825235,0.013020841365164898,0.026974350214004517,0.21162105600039163,0.2090403139591217,0.24898220101992288,0.2338274121284485,0.2866797596216202,0.4262546896934509,0.26109640300273895,0.431901216506958,0.3309195637702942,0.4556381106376648,0.3076308146119118,0.4577556848526001,0.30394645780324936,0.4744422137737274,0.3975435793399811,0.5023438632488251,0.36130961775779724,0.4645642042160034,0.3952585682272911,0.4430592656135559,0.46599168330430984,0.4657566249370575,0.1615880075842142,0.08269849560897925,0.07888951197523496,0.1320400262872378,0.0848231241106987,0.16456594318151474,0.08167686313390732,0.1615880075842142,0.0829693153500557,0.17563548684120178,0.07020530849695206,0.14875086303800344,0.06028894707560539,0.10592223610728979,0.05650472268462181,0.10919155832380056,0.05322084203362465,0.12280871532857418,0.111639104783535,0.0908195385709405,0.05226074159145355,0.07776491343975067,0.0813160091638565,0.0618911636993289,0.04022527486085892
1212609727,qslstm_log,extrapolation,near_best,2000235,62,1,61,60,1,0.15333173646587953,0.3612559763414244,0.22585005461226887,0.47523684054613113,0.14154668740079762,0.37622690945863724,0.15352493399153658,0.3610105512083554,0.012500688930352529,0.007732785940170288,0.033598512411117554,0.00037300586700439453,0.00037300586700439453,0.03066268563270569,0.03066268563270569,0.37622690945863724,0.37622690945863724,0.39586348086595535,0.39586348086595535,0.4086516574025154,0.4086516574025154,0.41071439534425735,0.41071439534425735,0.4141506627202034,0.4141506627202034,0.42150450497865677,0.42150450497865677,0.43031949549913406,0.43031949549913406,0.44752097874879837,0.44752097874879837,0.4621381238102913,0.4621381238102913,0.08401823788881302,0.0847113630810722,-0.0006931251922591836,0.12700071930885315,0.12700071930885315,0.12250033766031265,0.12250033766031265,0.08401823788881302,0.08401823788881302,0.06686144322156906,0.06686144322156906,0.06505849212408066,0.06505849212408066,0.06900198012590408,0.06900198012590408,0.05825197696685791,0.05825197696685791,0.06275447458028793,0.06275447458028793,0.07060281187295914,0.07060281187295914,0.0621219277381897,0.0621219277381897,0.07373606413602829,0.07373606413602829
1212609727,qslstm_log,extrapolation,near_best,2000236,62,3,59,58,3,0.14018793164071813,0.3668407684853,0.1938873845556941,0.440326452255249,0.06553526252645064,0.24904308964808783,0.14398383007025717,0.3728304809685481,0.01924233703777708,0.014347548907001814,0.039350430170694985,0.29463908324639004,0.18664512038230896,0.29879284153381985,0.21876463294029236,0.24904308964808783,0.23177483677864075,0.2616440976659457,0.2508434057235718,0.2702591344714165,0.2440105378627777,0.29566534608602524,0.2998981475830078,0.2798452501495679,0.27765509486198425,0.26176462570826214,0.32099366188049316,0.2976374725500743,0.34014391899108887,0.3304867446422577,0.3632799983024597,0.3673068881034851,0.40714001655578613,0.14909465362628302,0.12207785097219176,0.02701680265409126,0.13303450246651968,0.12448776513338089,0.15139417598644891,0.09564614295959473,0.14909465362628302,0.15206636488437653,0.13181743025779724,0.1545891910791397,0.12842406705021858,0.05935477837920189,0.12217265864213307,0.11435934156179428,0.08586549138029416,0.09323515743017197,0.09901485592126846,0.07932164520025253,0.11302800228198369,0.10769599676132202,0.0915094365676244,0.06767043471336365,0.10694842288891475,0.13730527460575104
1212609727,qslstm_log,extrapolation,near_best,2000237,62,1,61,60,1,0.08403446141169138,0.2795018693131785,0.10951375396829022,0.33092862367630005,0.013236259734132005,0.11504894495010376,0.08519508766870054,0.2821978188929011,0.028365070621172588,0.025532156791327136,0.01918083429336548,0.3203001618385315,0.3203001618385315,0.3434754014015198,0.3434754014015198,0.11504894495010376,0.11504894495010376,0.10302123427391052,0.10302123427391052,0.08839011192321777,0.08839011192321777,0.10378524661064148,0.10378524661064148,0.09425294399261475,0.09425294399261475,0.1481153964996338,0.1481153964996338,0.16132044792175293,0.16132044792175293,0.2834489941596985,0.2834489941596985,0.24430465698242188,0.24430465698242188,0.11867431551218033,0.1435322685808432,-0.02485795306866287,0.16907356679439545,0.16907356679439545,0.15119248628616333,0.15119248628616333,0.11867431551218033,0.11867431551218033,0.15760281682014465,0.15760281682014465,0.16315777599811554,0.16315777599811554,0.1512184739112854,0.1512184739112854,0.06572752445936203,0.06572752445936203,0.08451476693153381,0.08451476693153381,0.08872274309396744,0.08872274309396744,0.129639133810997,0.129639133810997,0.12352681159973145,0.12352681159973145
1212609727,qslstm_log,extrapolation,near_best,2000238,62,1,61,61,0,0.15558791757122756,0.391498010485403,0.18495485841373593,0.43006378412246704,0.035603986121714115,0.188690185546875,0.15755486726712123,0.3948227289270182,0.018318058037367024,0.018318058037367024,,,,,,0.188690185546875,0.188690185546875,0.31986355781555176,0.31986355781555176,0.36240723729133606,0.36240723729133606,0.3253241181373596,0.3253241181373596,0.34441545605659485,0.34441545605659485,0.3644460141658783,0.3644460141658783,0.32334935665130615,0.32334935665130615,0.3567458689212799,0.3567458689212799,0.34674307703971863,0.34674307703971863,0.2896767854690552,0.07746760156310972,0.21220918390594545,,,,,0.2896767854690552,0.2896767854690552,0.2705661952495575,0.2705661952495575,0.21584348380565643,0.21584348380565643,0.2757406532764435,0.2757406532764435,0.23127742111682892,0.23127742111682892,0.10007625818252563,0.10007625818252563,0.10285061597824097,0.10285061597824097,0.06069321930408478,0.06069321930408478,0.05210304632782936,0.05210304632782936
1212609727,qslstm_log,extrapolation,near_best,2000239,62,1,61,60,1,0.22906060779485304,0.4555429647406263,0.3434692465617871,0.5860624937340617,0.13021128803881454,0.36084801238030195,0.2306810884465914,0.4570953410088283,0.018614373604456582,0.01597724241368911,0.03314405679702759,0.19520029425621033,0.19520029425621033,0.1533108949661255,0.1533108949661255,0.36084801238030195,0.36084801238030195,0.3811140088364482,0.3811140088364482,0.3978592185303569,0.3978592185303569,0.4134338526055217,0.4134338526055217,0.4445428876206279,0.4445428876206279,0.4185922769829631,0.4185922769829631,0.4287649421021342,0.4287649421021342,0.4448760477825999,0.4448760477825999,0.5433734087273479,0.5433734087273479,0.09203281253576279,0.1254507381407941,-0.03341792560503132,0.14740614593029022,0.14740614593029022,0.11413424462080002,0.11413424462080002,0.09203281253576279,0.09203281253576279,0.07789961248636246,0.07789961248636246,0.08963076025247574,0.08963076025247574,0.10697478801012039,0.10697478801012039,0.12404606491327286,0.12404606491327286,0.14392779767513275,0.14392779767513275,0.13432323932647705,0.13432323932647705,0.17234651744365692,0.17234651744365692,0.09034756571054459,0.09034756571054459
1212609727,qslstm_log,extrapolation,near_best,2000240,62,0,62,61,0,0.02410551616017324,0.15093672660089308,0.03493346662617469,0.18690496683120728,,,0.02410551616017324,0.15093672660089308,0.018479874876678966,0.018479874876678966,,,,,,,,,,,,,,,,,,,,,,,,,0.10933968599044508,,,,,,,,,,,,,,,,,,,,,,,
1212609727,qslstm_log,extrapolation,near_best,2000241,62,3,59,59,2,0.24679818419717756,0.4856246887676178,0.30659792692681276,0.5537128560245037,0.10126984676800743,0.3138128158946832,0.25419793016815234,0.4943608856933602,0.022199151374525942,0.016990398276935926,0.08793604373931885,0.2357306182384491,0.42883622646331787,0.1823401302099228,0.34380239248275757,0.3138128158946832,0.3448587767779827,0.2882356283565362,0.3932456485927105,0.2542945084472497,0.3982032649219036,0.3688921605547269,0.4046707861125469,0.4179742808143298,0.431840967386961,0.39858076100548107,0.4462127201259136,0.43751661106944084,0.46623552963137627,0.4857587528725465,0.5264428369700909,0.5176582845548788,0.5449290983378887,0.2860180288553238,0.11391707509756088,0.1721009537577629,0.18043433129787445,0.14458565413951874,0.15373747795820236,0.1360870897769928,0.2860180288553238,0.18166647851467133,0.1723343481620153,0.15613438189029694,0.15239480137825012,0.14970944821834564,0.18822559714317322,0.15710853040218353,0.12679015348354974,0.07965042442083359,0.15879644453525543,0.13761432468891144,0.10186535616715749,0.07007669657468796,0.13482803603013357,0.13682906329631805,0.12254970520734787,0.13255488872528076
1212609727,qslstm_log,extrapolation,near_best,2000242,62,1,61,60,1,0.04570351611924216,0.19081277033734706,0.029728223065967008,0.1724187433719635,0.008135546640207991,0.09019726514816284,0.04631938447135747,0.19246220484864515,0.026906127234299977,0.01752706043995344,0.011186420917510986,0.39695995673537254,0.39695995673537254,0.4340852163732052,0.4340852163732052,0.09019726514816284,0.09019726514816284,0.04334670305252075,0.04334670305252075,0.09429627656936646,0.09429627656936646,0.11043983697891235,0.11043983697891235,0.059719085693359375,0.059719085693359375,0.08919757604598999,0.08919757604598999,0.09689939022064209,0.09689939022064209,0.1437644064426422,0.1437644064426422,0.1277206540107727,0.1277206540107727,0.16626055538654327,0.10676617413514951,0.059494381251393766,0.11036493629217148,0.11036493629217148,0.12487887591123581,0.12487887591123581,0.16626055538654327,0.16626055538654327,0.17871414124965668,0.17871414124965668,0.08096978813409805,0.08096978813409805,0.0800785943865776,0.0800785943865776,0.14280341565608978,0.14280341565608978,0.0627213791012764,0.0627213791012764,0.05307074263691902,0.05307074263691902,0.09831008315086365,0.09831008315086365,0.0464361347258091,0.0464361347258091
1212609727,qslstm_log,extrapolation,near_best,2000243,62,2,60,60,1,0.0724343886646893,0.2670339677603014,0.07057499166676084,0.26565954089164734,0.04931029806214804,0.21548311412334442,0.07320519168477402,0.2687523295482,0.022171647349993388,0.01777784239787322,0.02391877770423889,0.3398225009441376,0.3398225009441376,0.35570842027664185,0.35570842027664185,0.21548311412334442,0.16184240579605103,0.19230695068836212,0.2099946141242981,0.2789025753736496,0.21346908807754517,0.27214157581329346,0.23919129371643066,0.27484677731990814,0.24118965864181519,0.29111742973327637,0.2585428059101105,0.3174739181995392,0.2792394161224365,0.28140220046043396,0.32361310720443726,0.2731877714395523,0.2741852402687073,0.2889855057001114,0.11294865794479847,0.17603684775531292,0.129207044839859,0.129207044839859,0.12466130405664444,0.12466130405664444,0.2889855057001114,0.152901291847229,0.20223406702280045,0.1293475180864334,0.19042767584323883,0.14503251016139984,0.16715441644191742,0.14708569645881653,0.16134290397167206,0.1548658162355423,0.0921163447201252,0.06283662468194962,0.12692223116755486,0.12918315827846527,0.14741956442594528,0.14775343239307404,0.10657402873039246,0.10506141185760498
1212609727,qslstm_log,extrapolation,near_best,2000244,62,3,59,58,3,0.23244850378923823,0.47308844375994896,0.2332832233414628,0.482994019985199,0.12212757054433283,0.3454622725645701,0.23805804276779274,0.4795779100919174,0.016252272087952185,0.014400757021374173,0.1426712373892466,0.25724638998508453,0.17030474543571472,0.19529129068056741,0.19162794947624207,0.3454622725645701,0.4107048511505127,0.34702132145563763,0.4563770592212677,0.29805871844291687,0.4423774778842926,0.31278181076049805,0.4737401008605957,0.36222656567891437,0.5056701004505157,0.4536236822605133,0.5077887177467346,0.4896577497323354,0.5209256708621979,0.5254605909188589,0.547667384147644,0.5523585379123688,0.5593405961990356,0.23919817805290222,0.10818089942558337,0.13101727862731885,0.23895738273859024,0.14900468289852142,0.22528522461652756,0.11556296795606613,0.23919817805290222,0.18582765758037567,0.19509528577327728,0.15080894529819489,0.1491341566046079,0.09554099291563034,0.1607663556933403,0.15694963932037354,0.16337381303310394,0.15528909862041473,0.11750913908084233,0.071158766746521,0.12872429440418878,0.1353427916765213,0.08852696046233177,0.05907932296395302,0.11912912254532178,0.14116929471492767
1212609727,qslstm_log,extrapolation,near_best,2000245,62,3,59,59,2,0.19158776653557152,0.4237908636850695,0.2423489869609768,0.49228953570127487,0.08197592775279577,0.2808163786927859,0.19716124986350925,0.4310607527524738,0.0237287980014995,0.021515091683002228,0.06005255877971649,0.273063488304615,0.2837557792663574,0.23103291541337967,0.23591655492782593,0.2808163786927859,0.3297163173556328,0.293617141743501,0.36082737892866135,0.28634945799907047,0.4173314496874809,0.3068056181073189,0.3974618837237358,0.28833917528390884,0.38806601613759995,0.2876065745949745,0.4411543533205986,0.31285673131545383,0.4557976648211479,0.3685712565978368,0.46113061159849167,0.4357046112418175,0.49374496191740036,0.1919310117761294,0.10944977768902052,0.08248123408710888,0.19317955896258354,0.1160162016749382,0.17634955421090126,0.10962080210447311,0.1919310117761294,0.09464571624994278,0.20015443613131842,0.10084071010351181,0.20832217733065286,0.14841969311237335,0.13745955874522528,0.09535302966833115,0.16328467428684235,0.08138453960418701,0.14765716592470804,0.10964399576187134,0.1458581512173017,0.08649004250764847,0.09859094520409901,0.07891592383384705,0.09813431402047475,0.07691647112369537
1212609727,qslstm_log,extrapolation,near_best,2000246,62,2,60,59,2,0.038949971033019094,0.11585997075082795,8.06132119492986e-05,0.008978486061096191,0.09135814875858728,0.2531942129135132,0.037203031775500155,0.11128216267873843,0.017945537122629456,0.013354811817407608,0.1160566657781601,0.3877107501029968,0.3877107501029968,0.3270310554653406,0.372018039226532,0.2531942129135132,0.08811593055725098,0.23189765214920044,0.12651550769805908,0.268987774848938,0.09402352571487427,0.3008989691734314,0.11950308084487915,0.3057055324316025,0.0961906909942627,0.2593652904033661,0.06238764524459839,0.24075660109519958,0.06307101249694824,0.06463265419006348,0.04114937782287598,0.059640973806381226,0.023091256618499756,0.16982511803507805,0.08901297089954217,0.08081214713553588,0.12585555016994476,0.12585555016994476,0.2727571502327919,0.1372501403093338,0.16982511803507805,0.0956403836607933,0.19928942620754242,0.09012946486473083,0.1161927729845047,0.08780458569526672,0.1023014560341835,0.07710932195186615,0.11026166006922722,0.07483509927988052,0.11181370355188847,0.062390852719545364,0.13901909440755844,0.10841295123100281,0.07031734474003315,0.044994305819272995,0.09674296528100967,0.11865083128213882
1212609727,qslstm_log,extrapolation,near_best,2000247,62,2,60,60,1,0.29015693980107066,0.532820493463547,0.30384131972459727,0.5512180328369141,0.05713436436646191,0.2385110855102539,0.2979243589822243,0.5426308070619901,0.01524017055829366,0.01524017055829366,0.25127825140953064,,,0.2228003740310669,0.2228003740310669,0.2385110855102539,0.2542217969894409,0.30319729447364807,0.3521727919578552,0.3472428321838379,0.34231287240982056,0.3648298978805542,0.38734692335128784,0.3939463198184967,0.40054571628570557,0.4624963700771332,0.4710068702697754,0.4404304474592209,0.45590195059776306,0.5170320272445679,0.51968052983284,0.5525068044662476,0.5640498101711273,0.2640921249985695,0.0668339197523892,0.1972582052461803,,,0.29118165373802185,0.29118165373802185,0.2640921249985695,0.23700259625911713,0.20225828886032104,0.16751398146152496,0.1564602479338646,0.14540651440620422,0.1313788890838623,0.11735126376152039,0.16143666207790375,0.2055220603942871,0.09335865452885628,0.07802267372608185,0.12430432811379433,0.10244061797857285,0.09976645559072495,0.052443891763687134,0.08104599080979824,0.04688463732600212
1212609727,qslstm_log,extrapolation,near_best,2000248,62,3,59,59,2,0.055655680156102165,0.2316028740136854,0.06224182143705548,0.2494831085205078,0.03790260001823772,0.18141036729017893,0.056558379146163074,0.23415503537250779,0.014920992871462289,0.008623747953346797,0.03255358338356018,0.31741897761821747,0.31741897761821747,0.34287307411432266,0.41495226323604584,0.18141036729017893,0.09802418947219849,0.23915719985961914,0.14570486545562744,0.2978159685929616,0.17967522144317627,0.3134830395380656,0.20807787775993347,0.23486187557379404,0.19160917401313782,0.1665122111638387,0.1741565465927124,0.19485779603322348,0.18488633632659912,0.18586195508639017,0.2025758922100067,0.21115328868230185,0.2091837227344513,0.2336672842502594,0.06906257670814708,0.16460470754211232,0.15056948363780975,0.15056948363780975,0.21159137785434723,0.13879752159118652,0.2336672842502594,0.1298874318599701,0.2060778265198072,0.11922629922628403,0.17557324469089508,0.16387225687503815,0.12799999862909317,0.09463299065828323,0.11385517319043477,0.0728805661201477,0.12439129749933879,0.09007533639669418,0.08013749867677689,0.07289893925189972,0.06458951160311699,0.055792104452848434,0.06047896668314934,0.061314746737480164
1212609727,qslstm_log,extrapolation,near_best,2000249,62,2,60,59,2,0.11546905012828397,0.33028377304154055,0.16993822902024025,0.41223564743995667,0.06466576684153447,0.2385258823633194,0.11716249290450896,0.3333423693974813,0.02284045239626351,0.018615743246945468,0.06328520178794861,0.19592876732349396,0.27368104457855225,0.24707357585430145,0.34034425020217896,0.2385258823633194,0.15037164092063904,0.24022503197193146,0.20676901936531067,0.29375363886356354,0.24716302752494812,0.221392422914505,0.29241320490837097,0.24445289373397827,0.2821367681026459,0.2780219614505768,0.2636307179927826,0.25064006447792053,0.2920754849910736,0.2642434537410736,0.2533092796802521,0.3020455837249756,0.3264791667461395,0.24229256808757782,0.13612907733768226,0.10616349074989556,0.24036555737257004,0.18964622914791107,0.22252383083105087,0.2390073537826538,0.24229256808757782,0.19356375932693481,0.19887679815292358,0.2081073671579361,0.21120798587799072,0.18340861797332764,0.18337274342775345,0.17318172752857208,0.1888040378689766,0.1695007085800171,0.16767148673534393,0.16216124594211578,0.14756672829389572,0.1595838963985443,0.11997881531715393,0.1287471055984497,0.11031698808073997,0.08324382454156876
