run_seed,model,split,case_type,sequence_id,n_metric_steps,n_events,n_nonevents,n_drift_steps,n_revision_steps,mse,mae,final_mse,final_mae,event_mse,event_mae,nonevent_mse,nonevent_mae,drift_nonevent,drift_post_best,revision_gain,event_abs_err_lag_m2,best_abs_err_lag_m2,event_abs_err_lag_m1,best_abs_err_lag_m1,event_abs_err_lag_0,best_abs_err_lag_0,event_abs_err_lag_1,best_abs_err_lag_1,event_abs_err_lag_2,best_abs_err_lag_2,event_abs_err_lag_3,best_abs_err_lag_3,event_abs_err_lag_4,best_abs_err_lag_4,event_abs_err_lag_6,best_abs_err_lag_6,event_abs_err_lag_8,best_abs_err_lag_8,event_abs_err_lag_12,best_abs_err_lag_12,event_abs_err_lag_16,best_abs_err_lag_16,alpha_event,alpha_nonevent,alpha_contrast,event_alpha_lag_m2,best_alpha_lag_m2,event_alpha_lag_m1,best_alpha_lag_m1,event_alpha_lag_0,best_alpha_lag_0,event_alpha_lag_1,best_alpha_lag_1,event_alpha_lag_2,best_alpha_lag_2,event_alpha_lag_3,best_alpha_lag_3,event_alpha_lag_4,best_alpha_lag_4,event_alpha_lag_6,best_alpha_lag_6,event_alpha_lag_8,best_alpha_lag_8,event_alpha_lag_12,best_alpha_lag_12,event_alpha_lag_16,best_alpha_lag_16
83453494,qslstm,extrapolation,iid,2000000,62,4,58,57,4,0.10231444915884198,0.3026618834945463,0.014238465593635397,0.11932504177093506,0.06945463736925506,0.21143148839473724,0.1045806430753652,0.30895363488074007,0.019087040110638265,0.007887601852416992,0.012424968183040619,0.24788220040500164,0.24285843968391418,0.2512898426502943,0.2660507261753082,0.21143148839473724,0.12721264362335205,0.21916595101356506,0.11932504177093506,0.38137689232826233,,0.36700644095738727,,0.36708728472391766,,0.35616086920102435,,0.3554013768831889,,0.36449481050173443,,0.3687431514263153,,0.11373785324394703,0.12099724789631777,-0.007259394652370743,0.12491581588983536,0.09549363702535629,0.1218608058989048,0.12053662538528442,0.11373785324394703,0.10449916124343872,0.11291074007749557,0.10690303891897202,0.12074157098929088,,0.11283193777004878,,0.11916843056678772,,0.11999837309122086,,0.10824292649825414,,0.10726961990197499,,0.12049006670713425,
83453494,qslstm,extrapolation,iid,2000001,62,4,58,57,4,0.2191713117650132,0.4567566156207073,0.2407175105307148,0.4906297081615776,0.10206817821105482,0.27487675979500636,0.2272473899411483,0.46930005395351426,0.016660301831730624,0.0165377861641823,0.051094189286231995,0.2964946428934733,0.35311317443847656,0.28129379404708743,0.09509098529815674,0.27487675979500636,0.5369733625557274,0.3931157615734264,0.5144926363136619,0.4011165675474331,0.5415742450859398,0.4122878786874935,0.5369731241371483,0.423521461780183,0.5438658648636192,0.43917812674771994,0.5713943296577781,0.42702408402692527,0.49937117635272443,0.4265221546520479,0.5490156465675682,0.5387715005781502,0.5275270992424339,0.18926487490534782,0.1206459996515307,0.06861887525381713,0.15890397131443024,0.13368350267410278,0.21419702470302582,0.13807348906993866,0.18926487490534782,0.141389399766922,0.1564218383282423,0.12233620136976242,0.15450846031308174,0.11146052926778793,0.1402276959270239,0.13249994814395905,0.13970066979527473,0.12421578168869019,0.12933065369725227,0.11906740814447403,0.12503624334931374,0.12293776124715805,0.1158327292650938,0.08776307106018066,0.11374440975487232,0.09358628839254379
83453494,qslstm,extrapolation,iid,2000002,62,1,61,60,1,0.1183543113634386,0.3375953806023444,0.08990661898809904,0.29984432458877563,0.03148497037308573,0.17744004726409912,0.1197783989206575,0.34022087787018446,0.023309263090292614,0.015191533348777077,0.020440757274627686,0.4939124584197998,0.4939124584197998,0.5206122398376465,0.5206122398376465,0.17744004726409912,0.17744004726409912,0.21237659454345703,0.21237659454345703,0.21652519702911377,0.21652519702911377,0.28849244117736816,0.28849244117736816,0.29311221837997437,0.29311221837997437,0.2958383560180664,0.2958383560180664,0.32949650287628174,0.32949650287628174,0.344984233379364,0.344984233379364,0.3757437467575073,0.3757437467575073,0.19189639389514923,0.1248563893261503,0.06704000456899893,0.1556137651205063,0.1556137651205063,0.1732521802186966,0.1732521802186966,0.19189639389514923,0.19189639389514923,0.16667459905147552,0.16667459905147552,0.17563684284687042,0.17563684284687042,0.13880620896816254,0.13880620896816254,0.1269901543855667,0.1269901543855667,0.1322883516550064,0.1322883516550064,0.12197768688201904,0.12197768688201904,0.13130608201026917,0.13130608201026917,0.12280672043561935,0.12280672043561935
83453494,qslstm,extrapolation,iid,2000003,62,7,55,55,6,0.09503129851744349,0.27264072527102523,0.07897381524127689,0.2810228019952774,0.07640780191688853,0.21711300323451205,0.09740156172115051,0.2797078898938542,0.021495947512713345,0.005245367685953776,0.027134175101915996,0.36302894284017384,0.21432271599769592,0.3158463588527714,0.22887924313545227,0.21711300323451205,0.28491033613681793,0.28781688436200575,0.2758711129426956,0.3232232354514833,0.281795397400856,0.3420016157241272,0.2810228019952774,0.264807353533494,,0.35268059303052723,,0.2722331517531226,,0.33992611124025035,,0.268990813056007,,0.16397719298090255,0.11595094474879178,0.04802624823211077,0.14670974016189575,0.10195907205343246,0.13337870811422667,0.09716004133224487,0.16397719298090255,0.1076626405119896,0.14344714262655803,0.10919633507728577,0.1319986613733428,0.10299563407897949,0.12871080317667552,0.09811440110206604,0.12407103801767032,,0.12290193388859431,,0.12292221809426944,,0.11355289195974667,,0.11371004953980446,
83453494,qslstm,extrapolation,iid,2000004,62,3,59,59,2,0.15123035623109957,0.385345381354132,0.15655314262676612,0.3956679701805115,0.13539778562100938,0.3467183510462443,0.1520354021943245,0.38730946764097374,0.01936469997389842,0.014077006601819805,0.03868347406387329,0.4769239276647568,0.4990587458014488,0.49485446512699127,0.4894576296210289,0.3467183510462443,0.3971938490867615,0.4288363556067149,0.39903074502944946,0.43957458933194477,0.37003183364868164,0.4644333819548289,0.3728533387184143,0.44234144190947217,0.3620362877845764,0.4082433059811592,0.3336332440376282,0.3991787905494372,0.32844579219818115,0.35015658537546795,0.346804678440094,0.3391960859298706,0.3529477119445801,0.21736978242794672,0.12016385440099037,0.09720592802695635,0.19376391917467117,0.14008094370365143,0.1695411205291748,0.1360885351896286,0.21736978242794672,0.11434062570333481,0.19232682387034097,0.1348823755979538,0.17727483063936234,0.11394347995519638,0.16073889036973318,0.1335315853357315,0.14633560677369437,0.1252593994140625,0.1554913396636645,0.18169927597045898,0.11617313077052434,0.09449496865272522,0.1383080134789149,0.11928128451108932,0.13168697307507196,0.0923091396689415
83453494,qslstm,extrapolation,iid,2000005,62,5,57,57,4,0.06702890727045187,0.2519457060242853,0.02642609790258632,0.1625610589981079,0.07674268322803163,0.2722377762198448,0.06617682166013786,0.25016569986678006,0.019409698352479098,0.012841360436545478,0.05344131588935852,0.2576780592401822,0.2130063772201538,0.27542479149997234,0.2032303810119629,0.2722377762198448,0.17439842224121094,0.30646891295909884,0.18784213066101074,0.3032852798700333,0.18213582038879395,0.2873763650655746,0.1737433671951294,0.27329041659832,0.1946178674697876,0.2784359186887741,0.162043035030365,0.28369627296924593,0.1745380163192749,0.26312634646892546,0.2058592438697815,0.24505814909934998,0.171145498752594,0.17734460085630416,0.11897711220540498,0.05836748865089918,0.11445299535989761,0.11089523881673813,0.16810392029583454,0.09588388353586197,0.17734460085630416,0.10526207089424133,0.16753955334424972,0.10399387031793594,0.14654932022094727,0.09167426824569702,0.14872924983501434,0.11102638393640518,0.13099755048751832,0.10012844204902649,0.12916123270988464,0.10083544254302979,0.12559220790863038,0.0938093289732933,0.11730800122022629,0.12341275066137314,0.11198626458644867,0.10865449160337448
83453494,qslstm,extrapolation,iid,2000006,62,2,60,59,2,0.12733909840026222,0.3390969273544127,0.029073719043267943,0.1705101728439331,0.08575944090149079,0.27117007970809937,0.12872508698355462,0.3413611556092898,0.016563152357683342,0.014449894428253174,0.05642785131931305,0.3250246047973633,0.38672006130218506,0.29696641862392426,0.377927303314209,0.27117007970809937,0.1605978012084961,0.3052680343389511,0.15327411890029907,0.3107941001653671,0.17206555604934692,0.3175791800022125,0.19610929489135742,0.30098482966423035,0.19556289911270142,0.3084340989589691,0.17232245206832886,0.33040525019168854,0.2137775421142578,0.30733731389045715,0.16179627180099487,0.3022017478942871,0.17985939979553223,0.15608374029397964,0.12591959064205488,0.030164149651924765,0.2469191662967205,0.1040206179022789,0.19945189356803894,0.12422892451286316,0.15608374029397964,0.10380017757415771,0.1436532624065876,0.1079980656504631,0.14118261262774467,0.12485172599554062,0.1415862962603569,0.12668900191783905,0.12759307771921158,0.1117803156375885,0.1253569908440113,0.10810219496488571,0.12719646841287613,0.11821150779724121,0.12347329780459404,0.11715557426214218,0.12598590180277824,0.12077739089727402
83453494,qslstm,extrapolation,iid,2000007,62,4,58,57,4,0.04414232995847179,0.18522838406985806,0.2438316993056857,0.49379317462444305,0.11181101361181561,0.29335759207606316,0.03947552418927567,0.17777119731080943,0.019606208592130428,0.012865424156188965,0.020824357867240906,0.1769939512014389,0.15523630380630493,0.1901606321334839,0.17346316576004028,0.29335759207606316,0.5064530819654465,0.27381130680441856,0.4872577041387558,0.2674822025001049,0.49379317462444305,0.17941113313039145,,0.19838092724482217,,0.25587254762649536,,0.22947955131530762,,0.17837148904800415,,0.17639082670211792,,0.13110453262925148,0.1268197481745276,0.004284784454723883,0.13988691195845604,0.10980845242738724,0.1281538400799036,0.0949355959892273,0.13110453262925148,0.11025611311197281,0.1309566218405962,0.10521375387907028,0.12751448899507523,0.11659380048513412,0.12773406008879343,,0.12499456355969112,,0.12374679744243622,,0.12079973022143047,,0.1150077333052953,,0.11959752440452576,
83453494,qslstm,extrapolation,iid,2000008,62,6,56,55,6,0.12885170507647856,0.33303716201936046,0.17449081169482739,0.4177209734916687,0.12074848690205438,0.3161773631970088,0.1297199070237383,0.334843569036041,0.019145273078571667,0.011747068166732788,0.03251675764719645,0.29486222565174103,0.045495450496673584,0.2742599844932556,0.07051438093185425,0.3161773631970088,0.4368147850036621,0.3428846150636673,0.46848082542419434,0.2739512026309967,0.487094908952713,0.2633946935335795,0.4686947762966156,0.26541271309057873,0.4517337679862976,0.2493967960278193,0.4495531916618347,0.3093526065349579,0.4163122773170471,0.4011952926715215,0.4087156057357788,0.32219262917836505,0.40852826833724976,0.10776130730907123,0.12950691913387605,-0.02174561182480482,0.13950605814655623,0.12567375600337982,0.13740770146250725,0.11752914637327194,0.10776130730907123,0.07955280691385269,0.13343912735581398,0.12694944441318512,0.12623211989800134,0.11535829305648804,0.12218975027402242,0.10957656055688858,0.10503829394777615,0.07854276150465012,0.11071145658691724,0.11038854718208313,0.11820510650674503,0.10092594474554062,0.1190560149649779,0.11616327613592148,0.11420288557807605,0.11339939385652542
83453494,qslstm,extrapolation,iid,2000009,62,8,54,54,7,0.034256475381678066,0.1705561472523597,0.02926827231534279,0.17107972502708435,0.05714970214866413,0.22150041721761227,0.030864886231013463,0.16300884799824822,0.014236316084861755,0.010531303882598876,0.03851482697895595,0.22030162066221237,0.09393379092216492,0.23872493633202144,0.09363546967506409,0.22150041721761227,0.12341198325157166,0.2099317703396082,0.10968661308288574,0.23986354656517506,0.10061928629875183,0.20990180224180222,0.10769703984260559,0.22531340830028057,0.08697456121444702,0.24027055874466896,0.09886625409126282,0.22638332843780518,0.11759880185127258,0.18481295183300972,0.1479278802871704,0.1768931783735752,0.13757050037384033,0.17892571911215782,0.11212254867509559,0.06680317043706223,0.1624643268684546,0.11365139484405518,0.17521225767476217,0.09600994735956192,0.17892571911215782,0.10796471685171127,0.15429501608014107,0.10775391012430191,0.1453086882829666,0.10236669331789017,0.12926951237022877,0.09414300322532654,0.1347116408869624,0.11481552571058273,0.1186993233859539,0.10822900384664536,0.11934405378997326,0.09436125308275223,0.11311914585530758,0.08730956166982651,0.11078939028084278,0.10267438739538193
83453494,qslstm,extrapolation,iid,2000010,62,3,59,58,3,0.2051282860473294,0.4269435305989558,0.2739221557595485,0.5233757309615612,0.14725880415095094,0.36579422528545064,0.20807080207595882,0.430052817309812,0.021276744275257505,0.013123017549514771,0.01792707045873006,0.2037362257639567,0.25606563687324524,0.2571641008059184,0.4432997703552246,0.36579422528545064,0.4522402994334698,0.39257820198933285,0.4680051617324352,0.39261937886476517,0.48917577788233757,0.40706515063842136,0.48598067089915276,0.39922599742809933,0.5100826434791088,0.41163477053244907,0.4996784143149853,0.5000466977556547,0.5365498475730419,0.4956914397577445,0.5047820620238781,0.5105903161068758,0.5085579566657543,0.11491623272498448,0.12407910849078227,-0.009162875765797787,0.14471372961997986,0.1315762847661972,0.12957535435756048,0.0967579260468483,0.11491623272498448,0.11827406287193298,0.12209759404261906,0.10380201786756516,0.1141203095515569,0.11943843215703964,0.12722183763980865,0.12228206545114517,0.11790827910105388,0.11202526092529297,0.11799961576859157,0.12524838745594025,0.09973687430222829,0.1043681874871254,0.11749239265918732,0.11692846566438675,0.10838561256726582,0.1040969118475914
83453494,qslstm,extrapolation,iid,2000011,62,4,58,58,3,0.008423347774960125,0.07988962576153778,0.005429218688136395,0.0736832320690155,0.03246626630456095,0.15558242751285434,0.006765215462573861,0.07466943253730905,0.013826263361963732,0.010210929645432366,0.04376909136772156,0.061302244663238525,0.02719104290008545,0.1038859182347854,0.01509365439414978,0.15558242751285434,0.11106494069099426,0.14779681712388992,0.08167451620101929,0.12635551393032074,0.1065453588962555,0.10743869841098785,0.10612788796424866,0.08774152398109436,0.08066588640213013,0.06891142576932907,0.07115373015403748,0.07817640155553818,0.05821153521537781,0.08326718956232071,0.06775113940238953,0.05600383132696152,0.07823514938354492,0.19318354316055775,0.11452842054182086,0.07865512261873689,0.10980616882443428,0.09215832501649857,0.18241831908623377,0.13286124169826508,0.19318354316055775,0.11348346620798111,0.16994135454297066,0.1185222789645195,0.14880932308733463,0.08550530672073364,0.14378167316317558,0.10648613423109055,0.1454438827931881,0.12742416560649872,0.12737103179097176,0.10704068094491959,0.12696738727390766,0.10137855261564255,0.11392385698854923,0.09054570645093918,0.11121691204607487,0.10913020372390747
83453494,qslstm,extrapolation,iid,2000012,62,3,59,58,3,0.14769506847124417,0.3739514041451677,0.1505316248394808,0.3879840523004532,0.053891730904459534,0.2093130201101303,0.15246472970345357,0.38232284740118655,0.022161890977415544,0.014067945215437147,0.030519286791483562,0.3233804441988468,0.14091277122497559,0.3502236343920231,0.19606482982635498,0.2093130201101303,0.324342742562294,0.2525510936975479,0.37095968425273895,0.2971054365237554,0.4003009647130966,0.30280586580435437,0.39666102826595306,0.30349527299404144,0.3674151450395584,0.35786985357602435,0.39162157475948334,0.2891144057114919,0.3909659832715988,0.3245667517185211,0.37754689157009125,0.4116545667250951,0.4313244968652725,0.15470003336668015,0.12115304310948162,0.033546990257198525,0.1934655706087748,0.12841765582561493,0.15991624693075815,0.11786657571792603,0.15470003336668015,0.12020973116159439,0.14562462518612543,0.12028884142637253,0.13572749743858972,0.115264393389225,0.12703443318605423,0.10949688404798508,0.11981973797082901,0.11278713494539261,0.131336676577727,0.12885700166225433,0.12128484497467677,0.10719180107116699,0.11332572003205617,0.11754851788282394,0.11096433301766713,0.1180679127573967
83453494,qslstm,extrapolation,iid,2000013,62,1,61,61,0,0.0036888148552715015,0.05569405709543536,0.0044201664127427875,0.06648433208465576,0.01654147883776691,0.12861368060112,0.0034781154457223964,0.054498653431407744,0.013728266368146802,0.013728266368146802,,,,,,0.12861368060112,0.12861368060112,0.12364640831947327,0.12364640831947327,0.11601555347442627,0.11601555347442627,0.12372609972953796,0.12372609972953796,0.0975242555141449,0.0975242555141449,0.009952157735824585,0.009952157735824585,0.014274448156356812,0.014274448156356812,0.0645749568939209,0.0645749568939209,0.04555720090866089,0.04555720090866089,0.352799654006958,0.11811421384088329,0.23468544016607473,,,,,0.352799654006958,0.352799654006958,0.23291802406311035,0.23291802406311035,0.20210854709148407,0.20210854709148407,0.17768828570842743,0.17768828570842743,0.1647990643978119,0.1647990643978119,0.1560438871383667,0.1560438871383667,0.1780513972043991,0.1780513972043991,0.12923216819763184,0.12923216819763184,0.10496533662080765,0.10496533662080765
83453494,qslstm,extrapolation,iid,2000014,62,3,59,58,3,0.21041027977204987,0.4271934438616999,0.2599262014422301,0.509829580783844,0.12969575629328634,0.3162413090467453,0.21451440808452937,0.43283507783534164,0.020019671783365053,0.013218247890472412,0.019148707389831543,0.18466916183630624,0.243245467543602,0.17625710864861807,0.21692423522472382,0.3162413090467453,0.559791088104248,0.32320423424243927,0.5499662160873413,0.328279788295428,0.5665228068828583,0.3215009917815526,0.5734352767467499,0.43675313889980316,0.5494129061698914,0.453309898575147,0.5501614212989807,0.5407001674175262,0.5128965079784393,0.5277361969153086,0.5208991765975952,0.5191737612088522,0.5237255990505219,0.11906119932730992,0.11390428093530364,0.005156918392006285,0.11929264167944591,0.10455072671175003,0.13054854422807693,0.11720124632120132,0.11906119932730992,0.09300684928894043,0.11286599437395732,0.11770951747894287,0.11307269583145778,0.11095485836267471,0.11329487959543864,0.10264771431684494,0.09889799356460571,0.08346209675073624,0.1121402159333229,0.12091506272554398,0.09493709603945415,0.10834234207868576,0.09908776730298996,0.10545886307954788,0.09987844030062358,0.08583411574363708
83453494,qslstm,extrapolation,iid,2000015,62,3,59,58,3,0.14009638254662957,0.36776013191669216,0.16106356350930184,0.4013272523880005,0.07207230816743208,0.23951647679011026,0.1435552337862498,0.3742809957366879,0.014297281359804088,0.010997621502195085,0.03503987193107605,0.22512046992778778,0.3347019553184509,0.19263305266698202,0.3411564528942108,0.23951647679011026,0.40411338210105896,0.2647780776023865,0.41524651646614075,0.3081352810064952,0.4055584669113159,0.34757673740386963,0.4237382411956787,0.35092296202977497,0.41456133127212524,0.3648865918318431,0.4046300947666168,0.39147932330767315,0.4259854257106781,0.3731439510981242,0.42657461762428284,0.3700861732165019,0.41330334544181824,0.16872139275074005,0.11668908621295024,0.05203230653778981,0.1787128560245037,0.11779872328042984,0.21263561646143594,0.1079660952091217,0.16872139275074005,0.09456110000610352,0.15811472882827124,0.1024332121014595,0.1529840553800265,0.10964741557836533,0.1350342035293579,0.10724124312400818,0.14050108442703882,0.10640441626310349,0.1252866213520368,0.10411923378705978,0.12414607654015224,0.10669199377298355,0.12241402268409729,0.10699746757745743,0.11434560020764668,0.10666000843048096
83453494,qslstm,extrapolation,iid,2000016,62,3,59,58,3,0.007245936893993078,0.06620200939716832,0.0005070754910185826,0.0225183367729187,0.009798877441243784,0.09061721960703532,0.007116126357692195,0.0649605580305649,0.017082124948501587,0.012382988929748534,0.03614234924316406,0.18494674563407898,0.18109804391860962,0.18853571017583212,0.16452795267105103,0.09061721960703532,0.04294627904891968,0.10955619812011719,0.044830143451690674,0.14697085817654928,0.03795844316482544,0.10890644788742065,0.026317596435546875,0.09121390183766682,0.04189997911453247,0.060925304889678955,0.004351198673248291,0.08343581358591716,0.027309417724609375,0.03965298334757487,0.053691089153289795,0.033969879150390625,0.04386734962463379,0.16840213040510812,0.12297972594782458,0.045422404457283544,0.14652983844280243,0.12906880676746368,0.1857005382577578,0.11324339359998703,0.16840213040510812,0.13028840720653534,0.15607987840970358,0.12256571650505066,0.13946993897358576,0.11244859546422958,0.1388887738188108,0.1332802027463913,0.1334179018934568,0.10597442835569382,0.12620795518159866,0.1251462697982788,0.11347531775633495,0.10538271814584732,0.10886083791653316,0.10875120013952255,0.11686812341213226,0.11670690029859543
83453494,qslstm,extrapolation,iid,2000017,62,4,58,58,3,0.01737113386606254,0.09611866599129092,0.0006512595931020826,0.02551978826522827,0.011623842457569866,0.09649834781885147,0.017767498790786172,0.09609248103766606,0.01849208926332408,0.012835534037770453,0.013360917568206787,0.1425736943880717,0.09613257646560669,0.14185580611228943,0.11299556493759155,0.09649834781885147,0.03779610991477966,0.10611753910779953,0.04327809810638428,0.11389268934726715,0.04804447293281555,0.10642865300178528,0.06890249252319336,0.11317016929388046,0.04791727662086487,0.14430473744869232,0.051987648010253906,0.15417369455099106,0.04318666458129883,0.16354095935821533,0.02452927827835083,0.10216989368200302,0.03232771158218384,0.17846902832388878,0.1172783170537702,0.061190711270118575,0.1351368526617686,0.09499901533126831,0.12764428555965424,0.09868141263723373,0.17846902832388878,0.11873608082532883,0.15347546711564064,0.10403915494680405,0.13973438367247581,0.10651513189077377,0.13680192828178406,0.11757290363311768,0.12586542777717113,0.0948019027709961,0.11989628709852695,0.0905846655368805,0.12075579725205898,0.10339399427175522,0.11197969317436218,0.0915863886475563,0.10608000680804253,0.10054848343133926
83453494,qslstm,extrapolation,iid,2000018,62,3,59,58,3,0.013441922830912043,0.08253547573281873,0.004099488718626532,0.06402724981307983,0.08771818041135382,0.2478093852599462,0.00966516397088958,0.07413171762126987,0.01572490560597387,0.013618690893054008,0.09024898707866669,0.2537590265274048,0.15675212442874908,0.2285341521104177,0.15241317451000214,0.2478093852599462,0.09407761693000793,0.2146027833223343,0.08086472749710083,0.13901900251706442,0.07298725843429565,0.143463005622228,0.06701231002807617,0.13999719421068826,0.07263791561126709,0.13691362738609314,0.04812160134315491,0.12528053919474283,0.041330426931381226,0.0663559337457021,0.05119076371192932,0.06348630785942078,0.05231088399887085,0.1682975317041079,0.11549910284199957,0.05279842886210834,0.20670426388581595,0.11759600043296814,0.17119881262381872,0.11596368998289108,0.1682975317041079,0.1193450465798378,0.15172177801529566,0.11182782799005508,0.13987349718809128,0.09488443285226822,0.13990511000156403,0.11358880996704102,0.1316852644085884,0.09968160837888718,0.12296198308467865,0.1011434867978096,0.11167120685180028,0.09992942959070206,0.1162883664170901,0.1234484612941742,0.10289423912763596,0.077499620616436
83453494,qslstm,extrapolation,iid,2000019,62,5,57,57,4,0.029403505719236753,0.1582709989480434,0.04101157929330057,0.20251315832138062,0.04036243963464307,0.1729719951748848,0.02844219572665725,0.15698143787551344,0.014382503534618177,0.009420772393544516,0.021223850548267365,0.06432651976744334,0.001136690378189087,0.15045973099768162,0.01876482367515564,0.1729719951748848,0.20912450551986694,0.13953784108161926,0.20519793033599854,0.13434502482414246,0.16880518198013306,0.1312454253435135,0.18127930164337158,0.16784802079200745,0.1803906261920929,0.15464597344398498,0.17674818634986877,0.14655654430389403,0.19531327486038208,0.11201785802841187,0.17498275637626648,0.10671588778495789,0.19531172513961792,0.1918250635266304,0.11637671971530245,0.07544834381132795,0.14194491257270178,0.10470052808523178,0.169838048517704,0.09936263412237167,0.1918250635266304,0.1264277845621109,0.16643509566783904,0.11790996789932251,0.14281728267669677,0.11685878783464432,0.13815408796072007,0.11370986700057983,0.1412185862660408,0.11445320397615433,0.12678618729114532,0.11747793108224869,0.12353382557630539,0.11505720764398575,0.1288180559873581,0.10987671464681625,0.12139293849468231,0.1184529960155487
83453494,qslstm,extrapolation,iid,2000020,62,5,57,56,5,0.052489723915720744,0.2206946262308667,0.04369058911396806,0.20902293920516968,0.03207913516422871,0.15880201756954193,0.05428012643778145,0.2261238024292285,0.016666118055582047,0.013004827758540278,0.025581902265548705,0.21652054600417614,0.2576068639755249,0.2156595092266798,0.2489372193813324,0.15880201756954193,0.19073453545570374,0.17801839411258696,0.1805676519870758,0.22057169079780578,0.1880471110343933,0.22614924907684325,0.20197716355323792,0.2063889592885971,0.19845977425575256,0.18755818605422975,0.2061842381954193,0.19652362465858458,0.20383238792419434,0.22976128458976747,0.2234063744544983,0.2283695101737976,0.217350572347641,0.1619553580880165,0.12360121453540367,0.03835414355261284,0.2094006285071373,0.08758246153593063,0.2059835135936737,0.13255424797534943,0.1619553580880165,0.106569804251194,0.16072459518909454,0.10495269298553467,0.13682227879762648,0.09902780503034592,0.12799070328474044,0.10668092966079712,0.1331163689494133,0.10845380276441574,0.12243503034114837,0.09836841374635696,0.12788653373718262,0.1242913082242012,0.11363390535116195,0.09591750055551529,0.10927697420120239,0.09338000416755676
83453494,qslstm,extrapolation,iid,2000021,62,5,57,57,4,0.03454441071918953,0.14829481224859914,0.02823210581414415,0.16802412271499634,0.02905140366302881,0.13906702995300294,0.03502625344341416,0.14910426683593214,0.022438093758465952,0.012715535031424629,0.013307832181453705,0.13015633076429367,0.33315420150756836,0.12945490330457687,0.3316933214664459,0.13906702995300294,0.1360921561717987,0.16869547367095947,0.14791551232337952,0.13131851553916932,0.13829508423805237,0.13669611811637877,0.11506757140159607,0.1405102491378784,0.12087640166282654,0.134751296043396,0.1450151801109314,0.12022008299827576,0.1764301061630249,0.13061972707509995,,0.1060962826013565,,0.17483054250478744,0.11702795378994524,0.0578025887148422,0.12473000027239323,0.10476430505514145,0.119858643040061,0.11671251803636551,0.17483054250478744,0.10919929295778275,0.14432557672262192,0.09628856182098389,0.12481885105371475,0.10547111183404922,0.1312176838517189,0.1128576397895813,0.12007763385772705,0.10389503836631775,0.11765973120927811,0.09382981806993484,0.11696151494979859,0.11256656795740128,0.11216514743864536,,0.1178598701953888,
83453494,qslstm,extrapolation,iid,2000022,62,5,57,57,4,0.010182929385692705,0.05492048926891819,0.000583093628936382,0.024147331714630127,0.03850451160626989,0.17704565525054933,0.0076985800680982154,0.04420775541088037,0.01620949151223166,0.013599985050705244,0.02401408553123474,0.2280428409576416,0.10761141777038574,0.2165365368127823,0.28928452730178833,0.17704565525054933,0.09370911121368408,0.17639435529708863,0.08632493019104004,0.15166003108024598,0.04819720983505249,0.12674418687820435,0.07017993927001953,0.11671127080917358,0.03407454490661621,0.07049827575683594,0.0654975175857544,0.0654639720916748,0.05763590335845947,0.04430307149887085,0.044622063636779785,0.029540467262268066,0.023850440979003906,0.18766538798809052,0.1170821306213998,0.07058325736669072,0.1756194829940796,0.15799735486507416,0.15931075811386108,0.13076841831207275,0.18766538798809052,0.14549967646598816,0.1675041526556015,0.13587027788162231,0.15545035600662233,0.14550025761127472,0.14796963036060334,0.11697462201118469,0.14185656011104583,0.13805584609508514,0.13082278221845628,0.12862402200698853,0.11928924024105073,0.09301041811704636,0.12112407237291337,0.11680229753255844,0.1098548099398613,0.10927747935056686
83453494,qslstm,extrapolation,iid,2000023,62,1,61,60,1,0.19081976559144545,0.4293316389403997,0.1961926890534652,0.4429364390671253,0.20473281669387344,0.45247410610318184,0.1905916827864876,0.4289522542328131,0.01995163510243098,0.01753297820687294,0.08066534996032715,0.17993295192718506,0.17993295192718506,0.1743793487548828,0.1743793487548828,0.45247410610318184,0.45247410610318184,0.39081840589642525,0.39081840589642525,0.4596412070095539,0.4596412070095539,0.46348385885357857,0.46348385885357857,0.43845309689641,0.43845309689641,0.481070626527071,0.481070626527071,0.44959988072514534,0.44959988072514534,0.4568648226559162,0.4568648226559162,0.42906393483281136,0.42906393483281136,0.16620656847953796,0.12663073849971176,0.0395758299798262,0.19693784415721893,0.19693784415721893,0.18693268299102783,0.18693268299102783,0.16620656847953796,0.16620656847953796,0.15952132642269135,0.15952132642269135,0.12246232479810715,0.12246232479810715,0.13931673765182495,0.13931673765182495,0.1407562643289566,0.1407562643289566,0.11978069692850113,0.11978069692850113,0.12293872237205505,0.12293872237205505,0.12640507519245148,0.12640507519245148,0.12022081762552261,0.12022081762552261
83453494,qslstm,extrapolation,iid,2000024,62,4,58,58,3,0.13341845781713543,0.3607818508340466,0.15725577863736717,0.3965548872947693,0.07754321604402126,0.24495168030261993,0.1372719227670054,0.36877013845690365,0.018837217626900507,0.014623860518137613,0.04640506704648336,0.20500228802363077,0.3388128876686096,0.29494468371073407,0.38000455498695374,0.24495168030261993,0.3317568898200989,0.2916630730032921,0.3230099081993103,0.3261360451579094,0.3057476878166199,0.3145857900381088,0.28817683458328247,0.3530670180916786,0.3373977541923523,0.3361929878592491,0.35358065366744995,0.33357203751802444,0.3620886206626892,0.3650851994752884,0.3457101583480835,0.3513176292181015,0.35520219802856445,0.209144439548254,0.119533220370268,0.089611219177986,0.22912981112798056,0.15735982358455658,0.19947601854801178,0.1590898483991623,0.209144439548254,0.14542295038700104,0.18400457501411438,0.1393202692270279,0.15921759977936745,0.12633228302001953,0.15130707249045372,0.1274181455373764,0.1503443606197834,0.14184212684631348,0.1362170409411192,0.11903990060091019,0.128546591848135,0.10815617442131042,0.12845604494214058,0.13029466569423676,0.12514724396169186,0.11675161123275757
83453494,qslstm,extrapolation,iid,2000025,62,1,61,60,1,0.12321502430827048,0.3414109320409836,0.14170993705079482,0.3764438033103943,0.07592442349093531,0.27554386854171753,0.12399028005937433,0.3424907199672011,0.02224997679392497,0.016638637857234226,0.011003732681274414,0.20821332931518555,0.20821332931518555,0.2185956835746765,0.2185956835746765,0.27554386854171753,0.27554386854171753,0.31194865703582764,0.31194865703582764,0.3228427767753601,0.3228427767753601,0.35154473781585693,0.35154473781585693,0.3885535001754761,0.3885535001754761,0.36073267459869385,0.36073267459869385,0.3658807873725891,0.3658807873725891,0.3620520830154419,0.3620520830154419,0.3755207061767578,0.3755207061767578,0.11317521333694458,0.12610487566619624,-0.012929662329251662,0.13696473836898804,0.13696473836898804,0.12917669117450714,0.12917669117450714,0.11317521333694458,0.11317521333694458,0.14999999105930328,0.14999999105930328,0.1289391815662384,0.1289391815662384,0.11636072397232056,0.11636072397232056,0.1218467578291893,0.1218467578291893,0.1273937225341797,0.1273937225341797,0.11683917045593262,0.11683917045593262,0.11235314607620239,0.11235314607620239,0.12061724066734314,0.12061724066734314
83453494,qslstm,extrapolation,iid,2000026,62,4,58,58,3,0.08768216621861696,0.2832033340969393,0.10698460910339236,0.327085018157959,0.07151409116238772,0.2400616928935051,0.08879720587766725,0.2861786196971762,0.014711566526314309,0.010475376430822879,0.06831871469815572,0.20247507095336914,0.06031996011734009,0.18236984809239706,0.0389590859413147,0.2400616928935051,0.28969794511795044,0.2610931545495987,0.2804824113845825,0.2697513997554779,0.30316442251205444,0.20222967118024826,0.30438101291656494,0.11550260335206985,0.2867911458015442,0.14160457253456116,0.3129018545150757,0.18675703555345535,0.2945913076400757,0.292519211769104,0.31310534477233887,0.3034273236989975,0.3209497928619385,0.23230844549834728,0.11491858548131482,0.11738986001703246,0.16539521887898445,0.11232789605855942,0.22883129864931107,0.10884270817041397,0.23230844549834728,0.12184185534715652,0.1828393992036581,0.12084304541349411,0.1765572875738144,0.14536495506763458,0.15525882504880428,0.12026659399271011,0.13526114262640476,0.10954602807760239,0.13300366699695587,0.1179564967751503,0.12793830409646034,0.10652337223291397,0.12155878730118275,0.13400422036647797,0.11602876149117947,0.12656532227993011
83453494,qslstm,extrapolation,iid,2000027,62,4,58,57,4,0.021360742970209987,0.12279406045713732,0.013777887894438123,0.11737924814224243,0.10559603197941936,0.2896992713212967,0.015551412693712791,0.11128335625960908,0.015861072038349352,0.015974658940519606,0.10011939704418182,0.3227234681447347,0.4946330189704895,0.3184432238340378,0.5041332244873047,0.2896992713212967,0.0784112811088562,0.3565964549779892,0.13151729106903076,0.2884959727525711,0.07680636644363403,0.19236183911561966,0.05538555979728699,0.10146300494670868,0.11911708116531372,0.09688574820756912,0.13623398542404175,0.11742831766605377,0.09516608715057373,0.08347456157207489,0.12188416719436646,0.11613906919956207,0.10412150621414185,0.22541026398539543,0.11923188202340028,0.10617838196199515,0.27216697732607525,0.18760395050048828,0.2619878798723221,0.1701200157403946,0.22541026398539543,0.1519699990749359,0.18928155675530434,0.15046773850917816,0.1658896915614605,0.1538648009300232,0.15611933916807175,0.15191960334777832,0.1495009958744049,0.14170144498348236,0.15111766755580902,0.1569848209619522,0.1499708704650402,0.140727698802948,0.13034415058791637,0.11873707920312881,0.12374147959053516,0.11949903517961502
83453494,qslstm,extrapolation,iid,2000028,62,1,61,60,1,0.029605975903603695,0.15083756994816563,0.0046848400142076585,0.06844589114189148,0.011162749084768997,0.10565391182899475,0.02990832388424033,0.1515782856550373,0.018085360527038574,0.012199889123439788,-0.017772197723388672,0.29388153553009033,0.29388153553009033,0.33522623777389526,0.33522623777389526,0.10565391182899475,0.10565391182899475,0.10539481043815613,0.10539481043815613,0.10456475615501404,0.10456475615501404,0.0955832302570343,0.0955832302570343,0.11648234724998474,0.11648234724998474,0.0974530279636383,0.0974530279636383,0.09319093823432922,0.09319093823432922,0.12125959992408752,0.12125959992408752,0.10342022776603699,0.10342022776603699,0.11352428793907166,0.12332799273436187,-0.009803704795290219,0.12771640717983246,0.12771640717983246,0.13178838789463043,0.13178838789463043,0.11352428793907166,0.11352428793907166,0.1016843393445015,0.1016843393445015,0.10900676250457764,0.10900676250457764,0.1085156798362732,0.1085156798362732,0.09206878393888474,0.09206878393888474,0.12490961700677872,0.12490961700677872,0.11135172843933105,0.11135172843933105,0.11275020986795425,0.11275020986795425,0.11422181129455566,0.11422181129455566
83453494,qslstm,extrapolation,iid,2000029,62,3,59,58,3,0.11541227576045901,0.3183616829975959,0.03788860870749122,0.19464996457099915,0.10043487787388283,0.29286961754163104,0.11617383836486118,0.3196578897156958,0.021758235734084558,0.014656570824709806,0.0321442186832428,0.2999701003233592,0.4478016495704651,0.29832538962364197,0.46075665950775146,0.29286961754163104,0.1869979202747345,0.3114726444085439,0.20663562417030334,0.29979029297828674,0.18738368153572083,0.3081209858258565,0.20943215489387512,0.3916529715061188,0.19548609852790833,0.3915748596191406,0.2206082046031952,0.4004911084969838,0.21922698616981506,0.3790539006392161,0.2432090938091278,0.36618881424268085,0.24717089533805847,0.1275885427991549,0.12565934354976072,0.0019291992493941923,0.12696241835753122,0.10245797038078308,0.13043022404114404,0.11350063234567642,0.1275885427991549,0.10537458211183548,0.12919834007819495,0.09587045758962631,0.12737144281466803,0.11500134319067001,0.1166025772690773,0.09113809466362,0.12244894603888194,0.10227757692337036,0.11768943319718043,0.09512916952371597,0.11588876942793529,0.08803999423980713,0.11666884273290634,0.10001158714294434,0.10968335221211116,0.10547152161598206
83453494,qslstm,extrapolation,iid,2000030,62,2,60,60,1,0.007486474299517829,0.06331090436827752,7.977679796855597e-05,0.008931785821914673,0.01173392650567795,0.07699072360992432,0.007344892559312492,0.06285491039355597,0.019559678932030995,0.010912241120087473,0.0022700130939483643,0.14092373847961426,0.14092373847961426,0.12016409635543823,0.12016409635543823,0.07699072360992432,0.0007912814617156982,0.05075626075267792,0.01943144202232361,0.090430349111557,0.029812932014465332,0.05134536325931549,0.033977001905441284,0.07456853985786438,0.047053515911102295,0.12008713185787201,0.03924623131752014,0.09217001497745514,0.025187164545059204,0.10102294385433197,0.028019756078720093,0.06979663670063019,0.035748958587646484,0.2119944728910923,0.11939245449999968,0.09260201839109262,0.12841945886611938,0.12841945886611938,0.1192268431186676,0.1192268431186676,0.2119944728910923,0.11295101791620255,0.1889939345419407,0.11587927490472794,0.1721082106232643,0.11676299571990967,0.15321393683552742,0.1121620461344719,0.14238280802965164,0.1153574287891388,0.12242903560400009,0.10590523481369019,0.13247570395469666,0.10190331935882568,0.11404518410563469,0.11769670248031616,0.10819261521100998,0.09729815274477005
83453494,qslstm,extrapolation,iid,2000031,62,5,57,56,5,0.033908553639744134,0.13323122791705594,0.039646928875222365,0.19911536574363708,0.0468959448954525,0.18584067821502687,0.03276930879275217,0.12861636385583042,0.021278577191489085,0.010883525013923645,0.025987780094146727,0.18957706391811371,0.19736534357070923,0.14959794282913208,0.2063923180103302,0.18584067821502687,0.22270014882087708,0.19965490698814392,0.22545716166496277,0.19196200966835023,0.2232670783996582,0.20291351079940795,0.2304847240447998,0.19932392835617066,0.19911536574363708,0.18913809955120087,,0.12753413617610931,,0.1380064288775126,,0.12124457955360413,,0.13426582366228104,0.12185823917388916,0.012407584488391882,0.13910381197929383,0.10406174510717392,0.12367482036352158,0.10098308324813843,0.13426582366228104,0.12288737297058105,0.12202033996582032,0.10352782160043716,0.11899508237838745,0.10006002336740494,0.10591726452112198,0.09634511917829514,0.11407326757907868,0.10534858703613281,0.10634946636855602,,0.10853707604110241,,0.10574357211589813,,0.1175781637430191,
83453494,qslstm,extrapolation,iid,2000032,62,4,58,58,3,0.14691253222862083,0.37699597737481516,0.10157023179704439,0.3187008500099182,0.15335797689451547,0.38757023960351944,0.14646801880338672,0.3762667179107666,0.020972657306440944,0.011428948604699337,0.08554543058077495,0.4560312529404958,0.4359840750694275,0.44893932342529297,0.4542436897754669,0.38757023960351944,0.325133740901947,0.44160501658916473,0.3197746276855469,0.428557425737381,0.31667065620422363,0.40312764048576355,0.3129171133041382,0.40056929737329483,0.30360084772109985,0.4153827950358391,0.2738187313079834,0.42777159065008163,0.3083023428916931,0.4072335362434387,0.31847453117370605,0.39295419305562973,0.35084715485572815,0.17919377982616425,0.1207601747893054,0.05843360503685885,0.14962751666704813,0.10573786497116089,0.15432877590258917,0.1084948256611824,0.17919377982616425,0.10196337848901749,0.15531380847096443,0.10395851731300354,0.15055841393768787,0.11905824393033981,0.15601509995758533,0.1206701323390007,0.12548646703362465,0.0977635607123375,0.13222075067460537,0.11871427297592163,0.1277216225862503,0.1337950974702835,0.12217463925480843,0.10161051154136658,0.11871650815010071,0.10627231001853943
83453494,qslstm,extrapolation,iid,2000033,62,3,59,59,2,0.0343390900506494,0.18292006898310878,0.02986039773453797,0.17280161380767822,0.045493509421239565,0.206232617298762,0.033771916184348195,0.18173468517044844,0.01790736590401601,0.01115412229583377,0.02038496732711792,0.20592685043811798,0.16099515557289124,0.21013809740543365,0.1549571454524994,0.206232617298762,0.17303115129470825,0.17265666524569193,0.1939716935157776,0.19815495610237122,0.1810295581817627,0.1742490033308665,0.16637754440307617,0.18950248757998148,0.1676928997039795,0.1736937959988912,0.20412081480026245,0.18774330615997314,0.2204614281654358,0.16791580120722452,0.194532573223114,0.17209729552268982,0.21633493900299072,0.21963976820309958,0.1204329644471912,0.09920680375590837,0.12025496736168861,0.0949397161602974,0.14745726436376572,0.13865530490875244,0.21963976820309958,0.12942902743816376,0.17152313888072968,0.1011892557144165,0.1538519486784935,0.1143556460738182,0.1556704342365265,0.12599462270736694,0.13239640245834985,0.09653273969888687,0.13132192442814508,0.11293777823448181,0.1151123618086179,0.09980704635381699,0.12503565599521002,0.11767613887786865,0.11556003242731094,0.09205632656812668
83453494,qslstm,extrapolation,iid,2000034,62,2,60,59,2,0.013235223790753814,0.10781624047986922,0.005462934499519179,0.07391166687011719,0.019151178699534643,0.12819169461727142,0.013038025293794452,0.10713705867528915,0.018916611954317254,0.012504235694282934,0.020618557929992676,0.18853428959846497,0.1691966950893402,0.14063408970832825,0.17018923163414001,0.12819169461727142,0.0760565996170044,0.11842231452465057,0.08708643913269043,0.13140036165714264,0.08711594343185425,0.11925767362117767,0.07285654544830322,0.08961911499500275,0.06179332733154297,0.10940892994403839,0.07800459861755371,0.09746123850345612,0.07060813903808594,0.1244380921125412,0.09538114070892334,0.1339729279279709,0.09351438283920288,0.14913198351860046,0.125234379991889,0.02389760352671147,0.21241052448749542,0.10823801159858704,0.17630983516573906,0.11526013165712357,0.14913198351860046,0.10703140497207642,0.1372041217982769,0.10821852833032608,0.1321791596710682,0.09491703659296036,0.12998034432530403,0.10004081577062607,0.130416601896286,0.11003202199935913,0.13710925728082657,0.12101775407791138,0.11726107448339462,0.10676634311676025,0.11662912368774414,0.10486450791358948,0.09958541765809059,0.10216362029314041
83453494,qslstm,extrapolation,iid,2000035,62,3,59,59,2,0.04628328395678565,0.2113131082827045,0.05096135331132601,0.22574621438980103,0.025309873928128706,0.13536085685094199,0.04734972853451397,0.2151750871690653,0.016929797701916452,0.013152436663707098,0.039975494146347046,0.08719502389431,0.15371903777122498,0.12339265644550323,0.14466214179992676,0.13536085685094199,0.21751803159713745,0.1800765593846639,0.24763813614845276,0.18329469362894693,0.23503053188323975,0.18976054588953653,0.20132464170455933,0.19610671202341715,0.2184656262397766,0.1937153438727061,0.20698899030685425,0.18056016167004904,0.22793841361999512,0.196709543466568,0.19782835245132446,0.20171074072519937,0.207611083984375,0.20755414416392645,0.11572517947120181,0.09182896469272464,0.20890572294592857,0.12317784875631332,0.1761869490146637,0.12940682470798492,0.20755414416392645,0.11026688665151596,0.17675705750783285,0.12562137842178345,0.16462175051371256,0.1062922477722168,0.14318262288967767,0.09774132817983627,0.14378680537144342,0.12169262021780014,0.14035488168398538,0.12628453969955444,0.1320801849166552,0.1210811510682106,0.12383775661389033,0.11648506671190262,0.10191330810387929,0.10870721191167831
83453494,qslstm,extrapolation,iid,2000036,62,0,62,61,0,0.047109867327179256,0.21258985948178075,0.0445922603297797,0.2111687958240509,,,0.047109867327179256,0.21258985948178075,0.020195440190737365,0.020195440190737365,,,,,,,,,,,,,,,,,,,,,,,,,0.11971804595762683,,,,,,,,,,,,,,,,,,,,,,,
83453494,qslstm,extrapolation,iid,2000037,62,2,60,59,2,0.04995890272174777,0.1913819606265714,0.09119585555712106,0.3019865155220032,0.04231885207684094,0.1657402217388153,0.050213571076578,0.19223668525616328,0.015373763896651188,0.011384229362010955,0.019633084535598755,0.01025417447090149,0.01025417447090149,0.11675137281417847,0.01671949028968811,0.1657402217388153,0.28759682178497314,0.1403854340314865,0.26728469133377075,0.14486804604530334,0.2585271894931793,0.15465147793293,0.2577396333217621,0.15043267607688904,0.2984004616737366,0.15106038749217987,0.27237430214881897,0.16711154580116272,0.2809877395629883,0.15041403472423553,0.25972047448158264,0.14065849781036377,0.272256463766098,0.16441761329770088,0.11983496335645517,0.04458264994124571,0.1195644736289978,0.1195644736289978,0.22129293903708458,0.11772676557302475,0.16441761329770088,0.09666114300489426,0.17006690800189972,0.1103605329990387,0.13978013396263123,0.09101063013076782,0.1502564363181591,0.12248352915048599,0.1400991939008236,0.1109076514840126,0.1256558783352375,0.10582271963357925,0.1165585070848465,0.09974291920661926,0.1060103327035904,0.09227364510297775,0.12401949614286423,0.12512396275997162
83453494,qslstm,extrapolation,iid,2000038,62,4,58,58,3,0.02193816220411143,0.1221961066607506,0.07207242272489012,0.2684630751609802,0.021337067109526542,0.10655669122934341,0.021979617038220736,0.12327468703533041,0.020056251308013653,0.012967209924351086,0.011109282573064169,0.11710007985432942,0.09984970092773438,0.0919042428334554,0.07046821713447571,0.10655669122934341,0.272789865732193,0.11767838150262833,0.26521000266075134,0.14033309370279312,0.2891460657119751,0.14698335528373718,0.2705359160900116,0.16076195240020752,0.25901028513908386,0.18644212931394577,0.2597382962703705,0.133901447057724,0.263826847076416,0.05822265148162842,,0.05085213979085287,,0.17849529348313808,0.11714712941441043,0.06134816406872766,0.16111890723307928,0.10921549797058105,0.1451155220468839,0.09966234117746353,0.17849529348313808,0.09976724535226822,0.15430009178817272,0.0941179096698761,0.145164605230093,0.12334790080785751,0.13203907385468483,0.106621652841568,0.13380894623696804,0.09851675480604172,0.124624103307724,0.12480273842811584,0.11777798645198345,0.09048798680305481,0.11274633308251698,,0.11266856888930003,
83453494,qslstm,extrapolation,iid,2000039,62,0,62,61,0,0.05040900897226529,0.21877333041160338,0.044926240535719586,0.211958110332489,,,0.05040900897226529,0.21877333041160338,0.021455856620288285,0.021455856620288285,,,,,,,,,,,,,,,,,,,,,,,,,0.12053414722604136,,,,,,,,,,,,,,,,,,,,,,,
83453494,qslstm,extrapolation,iid,2000040,62,4,58,57,4,0.02398272713116219,0.13441363944401663,0.025798096363588208,0.160617858171463,0.06109282972218143,0.21983956219628453,0.021423409711091898,0.12852219649558438,0.015575289726257324,0.0083158274491628,0.01969468593597412,0.24049867736175656,0.05452051758766174,0.24179334985092282,0.07062217593193054,0.21983956219628453,0.1650545597076416,0.2194559765048325,0.1748591959476471,0.20338206738233566,0.18243080377578735,0.14489971846342087,0.1804203987121582,0.15801073610782623,0.18741974234580994,0.10911688208580017,0.1721806526184082,0.1202850416302681,0.17859286069869995,0.11671724170446396,0.16931381821632385,0.08522180716196696,,0.13969129137694836,0.12045561522245407,0.019235676154494286,0.1415368653833866,0.08555066585540771,0.14668290130794048,0.11834640055894852,0.13969129137694836,0.11172721534967422,0.11860027350485325,0.09197533875703812,0.12186171673238277,0.09603115916252136,0.11115199513733387,0.08321695029735565,0.12268020957708359,0.09630191326141357,0.11217433027923107,0.10012336820363998,0.10830814577639103,0.10331692546606064,0.10503805801272392,0.0895458534359932,0.12289649744828542,
83453494,qslstm,extrapolation,iid,2000041,62,5,57,57,4,0.12161673877606147,0.34205315033754996,0.14647302232987136,0.38271794095635414,0.11274298548507584,0.3270775355398655,0.12239513818755145,0.3433668007583995,0.015088190112197608,0.012655738522024715,0.03268297016620636,0.28402070328593254,0.3130714148283005,0.2687407247722149,0.29478923976421356,0.3270775355398655,0.416213009506464,0.33573835268616675,0.4210459925234318,0.33462678268551826,0.4005373455584049,0.3085354872047901,0.3880578316748142,0.3563198454678059,0.42650923505425453,0.3741854764521122,0.4398173429071903,0.354305050522089,0.41236380115151405,0.34830991700291636,0.3966655172407627,0.33151516392827035,0.3951244689524174,0.18169172555208207,0.11844796935717265,0.06324375619490942,0.16163247264921665,0.09447746723890305,0.14625663124024868,0.10555558651685715,0.18169172555208207,0.10963533073663712,0.16464363783597946,0.10090363770723343,0.14892423897981644,0.11187297850847244,0.1328885853290558,0.09859693050384521,0.13433963805437088,0.09522422403097153,0.1306559130549431,0.10514208674430847,0.12459506541490555,0.10868942737579346,0.11089946031570434,0.10316065698862076,0.10766548365354538,0.10415416955947876
83453494,qslstm,extrapolation,iid,2000042,62,4,58,57,4,0.11194919984061462,0.3196186182960387,0.14142339428740858,0.3760630190372467,0.06312463040741512,0.21508676558732986,0.11531641152566285,0.3268277115862945,0.01937762321087352,0.012533374627431234,0.02451690286397934,0.32225512713193893,0.09731566905975342,0.2388327792286873,0.09247058629989624,0.21508676558732986,0.33518537878990173,0.30127377063035965,0.3456789255142212,0.3116259351372719,0.3376568555831909,0.2311977744102478,0.3307044804096222,0.16613758355379105,0.3427934944629669,0.16368811577558517,0.31836894154548645,0.2216266468167305,0.35302361845970154,0.3499549478292465,0.3687165677547455,0.3451889753341675,0.34780535101890564,0.129740497097373,0.1190200205250033,0.010720476572369714,0.14104226976633072,0.11886308342218399,0.13831209205091,0.11754060536623001,0.129740497097373,0.11024103313684464,0.12372266873717308,0.10901681333780289,0.12431919202208519,0.12138974666595459,0.12831966951489449,0.10972386598587036,0.1214217096567154,0.10403531789779663,0.11683293245732784,0.10699512809515,0.11128718219697475,0.09209728986024857,0.11159737594425678,0.10647063702344894,0.11090416833758354,0.1142217144370079
83453494,qslstm,extrapolation,iid,2000043,62,6,56,56,5,0.11225142149654357,0.2970414067949018,0.06834914853612872,0.26143670082092285,0.10629927446593128,0.2886505300800006,0.11288915153553776,0.2979404293000698,0.017349862094436373,0.013166211900256929,0.01642947793006897,0.3669488072395325,0.1615079939365387,0.30039258301258087,0.18128645420074463,0.2886505300800006,0.18783098459243774,0.28519448389609653,0.20391932129859924,0.26386096825202304,0.19635429978370667,0.23080892860889435,0.18758538365364075,0.19909432530403137,0.2230340838432312,0.20630231499671936,0.2152223289012909,0.2139362245798111,0.22372037172317505,0.3387492448091507,0.20631107687950134,0.4012801895538966,0.23611855506896973,0.1671812559167544,0.11701122006135327,0.05017003585540113,0.15608396679162978,0.10840221494436264,0.14610426127910614,0.09459280967712402,0.1671812559167544,0.11866334825754166,0.14196762442588806,0.11184332519769669,0.13297567764918009,0.09850889444351196,0.1369710254172484,0.0993647575378418,0.12806294610102972,0.12519972026348114,0.12380149712165196,0.12745673954486847,0.11549678196509679,0.10293660312891006,0.113787941634655,0.1190539300441742,0.11364701886971791,0.10855049639940262
83453494,qslstm,extrapolation,iid,2000044,62,2,60,59,2,0.02024238842530801,0.1272283280568738,0.1482870098015559,0.385080523788929,0.08935182023317137,0.2833838500082493,0.017938740698379235,0.12202314399182797,0.01525070808701596,0.006589293479919434,0.013851672410964966,0.09662608802318573,0.14325958490371704,0.10657833516597748,0.15640702843666077,0.2833838500082493,0.37849123030900955,0.2822936065495014,0.385080523788929,0.17585885524749756,,0.1759885549545288,,0.16832083463668823,,0.15484240651130676,,0.16418486833572388,,0.1467854380607605,,0.17569604516029358,,0.1113748624920845,0.12183247245848179,-0.010457609966397288,0.095269113779068,0.0889505073428154,0.1135098896920681,0.11585735529661179,0.1113748624920845,0.11360358446836472,0.10598275065422058,0.09913691133260727,0.09552986174821854,,0.11455903202295303,,0.11027757078409195,,0.10994988679885864,,0.11076546460390091,,0.1113385334610939,,0.10980945080518723,
83453494,qslstm,extrapolation,iid,2000045,62,5,57,57,4,0.013694142214279215,0.10253865992830645,0.001897148916217617,0.043556272983551025,0.02266922948995367,0.1058511681854725,0.012906853856763913,0.10224808902855505,0.014936451326336777,0.015130939582983652,0.016026124358177185,0.15332488808780909,0.1035839319229126,0.137920998968184,0.09205511212348938,0.1058511681854725,0.05326971411705017,0.12410198524594307,0.06753650307655334,0.1221033699810505,0.09151959419250488,0.16562011390924453,0.056075870990753174,0.13083168342709542,0.06108236312866211,0.12066468670964241,0.04828953742980957,0.08447282910346984,0.06347772479057312,0.08595823645591735,0.043556272983551025,0.09647145867347717,,0.1743967577815056,0.11241438239812851,0.061982375383377086,0.14503549225628376,0.10376114398241043,0.1380904447287321,0.10540944337844849,0.1743967577815056,0.10549787431955338,0.1465073123574257,0.11996278911828995,0.13505142778158188,0.11783737689256668,0.13239465951919555,0.0921340361237526,0.12052010595798493,0.09544185549020767,0.11049565970897675,0.07949379831552505,0.11240686923265457,0.10525236278772354,0.11905457824468613,0.09728047996759415,0.11424838751554489,
83453494,qslstm,extrapolation,iid,2000046,62,4,58,58,3,0.03767031109417078,0.17816241467071156,0.02180468640864408,0.14766409993171692,0.07110035038141868,0.22639197064563632,0.035364791143326094,0.17483623839657883,0.017767158047906285,0.008553663025731626,0.045162210861841835,0.11015576124191284,0.23891723155975342,0.25968373753130436,0.2529897689819336,0.22639197064563632,0.15057721734046936,0.15131446719169617,0.14148789644241333,0.16343140602111816,0.14961618185043335,0.17401839792728424,0.1457967758178711,0.14794126898050308,0.15230384469032288,0.15036529302597046,0.1481141448020935,0.15914920717477798,0.14508143067359924,0.2138461470603943,0.14581209421157837,0.21891317516565323,0.15529963374137878,0.17425837367773056,0.1176458815562314,0.05661249212149916,0.13229029128948847,0.10508211702108383,0.1272032931447029,0.10853881388902664,0.17425837367773056,0.08636666089296341,0.1601022221148014,0.10726391524076462,0.1437162682414055,0.08488932251930237,0.1282790619879961,0.09898480027914047,0.12220846489071846,0.11189538240432739,0.11978627182543278,0.09065398573875427,0.11271143704652786,0.09627091884613037,0.11353921890258789,0.11174198240041733,0.11633462458848953,0.12123137712478638
83453494,qslstm,extrapolation,iid,2000047,62,2,60,59,2,0.1373181074525538,0.35289566435160175,0.20763945299039777,0.4556747227907181,0.19071275237758833,0.43655333667993546,0.13553828595505263,0.35010707527399065,0.02039997355412629,0.011076259613037109,0.03111150860786438,0.3604236841201782,0.4626573324203491,0.3646562099456787,0.48050522804260254,0.43655333667993546,0.4249802380800247,0.4440109208226204,0.422054186463356,0.46733904629945755,0.4486970454454422,0.45821667462587357,0.4399111419916153,0.46866143494844437,0.4551577717065811,0.46608222275972366,0.44680364429950714,0.4665766730904579,0.4717613011598587,0.46051692962646484,,0.46335315704345703,,0.1272759884595871,0.12753115482628347,-0.00025516636669636883,0.0955827385187149,0.0854044035077095,0.12536058202385902,0.12219459563493729,0.1272759884595871,0.12511475384235382,0.10641622915863991,0.10682550072669983,0.09691967815160751,0.10150060802698135,0.11211029812693596,0.10500022023916245,0.10075182840228081,0.10555236786603928,0.0951085202395916,0.0815032348036766,0.10413814708590508,0.10391800850629807,0.10984901338815689,,0.10578157752752304,
83453494,qslstm,extrapolation,iid,2000048,62,5,57,57,4,0.021753275507734673,0.08985393037719111,0.0010263477186214232,0.032036662101745605,0.02691016221950555,0.13896400928497316,0.021300917024246,0.08554602871861375,0.022362558465254933,0.013351680302038425,0.015434205532073975,0.21152364214261374,0.131565660238266,0.24401432275772095,0.18214896321296692,0.13896400928497316,0.012959659099578857,0.13930605053901673,0.00019732117652893066,0.15143667459487914,0.005019873380661011,0.16182180047035216,0.0034137964248657227,0.18742544651031495,0.02916702628135681,0.24960904121398925,0.0030696094036102295,0.18485978841781617,0.011150896549224854,0.15998296737670897,0.008278220891952515,0.06497849225997925,0.022704988718032837,0.20822939723730088,0.11563916073033684,0.09259023650696405,0.14775946736335754,0.10636019706726074,0.1876362208276987,0.10522664338350296,0.20822939723730088,0.11627822369337082,0.16758834421634675,0.10061722248792648,0.15649211406707764,0.11436710506677628,0.14512106031179428,0.1096477285027504,0.1341348260641098,0.1124163269996643,0.1281498521566391,0.09875719994306564,0.1167163223028183,0.0928817093372345,0.11791450679302215,0.10683157294988632,0.11091753840446472,0.1185925230383873
83453494,qslstm,extrapolation,iid,2000049,62,2,60,59,2,0.17486411324736656,0.41023554797134093,0.21322594385922233,0.4617639482021332,0.09086225156353045,0.280851811170578,0.17766417530349443,0.414548339198033,0.02700011381658457,0.016221962710644338,0.025479674339294434,0.36634648591279984,0.3211824297904968,0.37046269327402115,0.2973219156265259,0.280851811170578,0.3903256058692932,0.3323305547237396,0.4221668243408203,0.3449806123971939,0.41085055470466614,0.3584888279438019,0.3978787064552307,0.37427499890327454,0.40884703397750854,0.36378297209739685,0.4063835144042969,0.39528322219848633,0.40024083852767944,0.41792166233062744,0.42699629068374634,0.43378153443336487,0.4673222303390503,0.12588517740368843,0.12269405176242193,0.0031911256412665012,0.14872417598962784,0.11526322364807129,0.13557838648557663,0.10695213079452515,0.12588517740368843,0.11478573828935623,0.13894709944725037,0.1299811750650406,0.1319076158106327,0.12025611847639084,0.11965630203485489,0.09553134441375732,0.12950241565704346,0.11971169710159302,0.11634865775704384,0.11743409186601639,0.11128238588571548,0.10777903348207474,0.11739309504628181,0.11507449299097061,0.11037235334515572,0.1129656732082367
83453494,qslstm,extrapolation,iid,2000050,62,2,60,59,2,0.17549951364802407,0.4157304285514739,0.20084625713229798,0.44815874099731445,0.0709813233601767,0.26609059423208237,0.17898345332428564,0.420718423028787,0.02197317147659043,0.019546769167247572,0.09292152523994446,0.45211897790431976,0.45211897790431976,0.32247021049261093,0.4425874799489975,0.26609059423208237,0.2527819871902466,0.3884391114115715,0.32475924491882324,0.3658975884318352,0.28920769691467285,0.29732173681259155,0.3418614864349365,0.35396841168403625,0.38317757844924927,0.39401915669441223,0.44617682695388794,0.39688557386398315,0.38632655143737793,0.38886988162994385,0.40192878246307373,0.4295569658279419,0.4286295175552368,0.2269534468650818,0.12233791761100292,0.10461552925407887,0.2545851469039917,0.2545851469039917,0.27703312784433365,0.218134805560112,0.2269534468650818,0.200736403465271,0.22278273105621338,0.19098031520843506,0.1854429841041565,0.152751162648201,0.17721439898014069,0.15369239449501038,0.1732025220990181,0.15542472898960114,0.143333800137043,0.13297520577907562,0.12188443914055824,0.10134940594434738,0.11367174983024597,0.11121843010187149,0.10886256024241447,0.10317724943161011
83453494,qslstm,extrapolation,iid,2000051,62,2,60,60,1,0.08420727830456202,0.2736359843082966,0.2161734785897682,0.46494459733366966,0.08438212525766775,0.22557452879846096,0.08420145007279183,0.27523803282529113,0.020372479408979415,0.008196768852380605,0.027661949396133423,0.22130632400512695,0.22130632400512695,0.2199975848197937,0.2199975848197937,0.22557452879846096,0.4085998199880123,0.3482047598809004,0.40988099202513695,0.4067979883402586,0.42330124601721764,0.39263447932899,0.4219796620309353,0.3654606770724058,0.4356164000928402,0.3447548132389784,0.42189234122633934,0.3313081245869398,0.4310224913060665,0.3037803899496794,0.4518837593495846,0.21044138073921204,,0.21439874172210693,0.11572898713250955,0.09866975458959738,0.08817872405052185,0.08817872405052185,0.10979502648115158,0.10979502648115158,0.21439874172210693,0.108488529920578,0.1803811490535736,0.09798422455787659,0.15080849826335907,0.10299965739250183,0.13895446807146072,0.10079622268676758,0.1394648142158985,0.10593966394662857,0.12308384478092194,0.09790623188018799,0.13053828477859497,0.11348828673362732,0.10556422173976898,0.0963190495967865,0.10022291541099548,
83453494,qslstm,extrapolation,iid,2000052,62,7,55,55,6,0.148084568621103,0.3494503210869528,0.21873510546260017,0.46769125014543533,0.04646939034254455,0.14757329331977026,0.16101740949291954,0.3751437609845942,0.01600191051309759,0.012921172109517183,0.019006406267484028,0.17832191785176596,0.10349613428115845,0.13090887665748596,0.08895188570022583,0.14757329331977026,0.4418986514210701,0.16979403687374933,0.44518090039491653,0.09431362684283938,0.4513063505291939,0.12054763202156339,0.46067262440919876,0.11581043366874967,0.48819226771593094,0.12686107946293695,0.44738853722810745,0.1856824436358043,0.4635215476155281,0.25038204342126846,0.4650925472378731,0.4048411611999784,0.43719954043626785,0.18876265840870993,0.11346529654481194,0.07529736186389799,0.21014361828565598,0.12311175465583801,0.18020839740832648,0.1067279577255249,0.18876265840870993,0.11800455302000046,0.1629422487957137,0.11788702756166458,0.1492873164159911,0.10866883397102356,0.13716450759342738,0.09365276247262955,0.13215822726488113,0.10390391945838928,0.12651740972484862,0.12664325535297394,0.11570865660905838,0.09445271641016006,0.11622931169612068,0.1136588454246521,0.10871023046118873,0.11532755941152573
83453494,qslstm,extrapolation,iid,2000053,62,3,59,58,3,0.06679284572770951,0.25200504304901244,0.07559628848604749,0.27494779229164124,0.05270392019323585,0.2067591349283854,0.06750923177183528,0.25430568244497653,0.01817067070253964,0.013669715175088847,0.026564955711364746,0.1588258147239685,0.3014783263206482,0.20990870396296182,0.2948620319366455,0.2067591349283854,0.24997037649154663,0.22041359543800354,0.2736608684062958,0.1889114280541738,0.270448237657547,0.1905293564001719,0.2855820655822754,0.277029683192571,0.2591624855995178,0.2621295650800069,0.2772558331489563,0.27116393049558,0.2657877206802368,0.286175012588501,0.27387017011642456,0.28205037117004395,0.26838424801826477,0.17828495303789774,0.12028117945133629,0.05800377358656145,0.24687881271044412,0.14540496468544006,0.20966014762719473,0.1349334716796875,0.17828495303789774,0.12990647554397583,0.1633619467417399,0.13521559536457062,0.13925048957268396,0.11722127348184586,0.1343142663439115,0.12099527567625046,0.1263659323255221,0.1164715588092804,0.12019389619429906,0.11420365422964096,0.11624822268883388,0.1173197403550148,0.10611758629480998,0.08809608966112137,0.11361863960822423,0.12033506482839584
83453494,qslstm,extrapolation,iid,2000054,62,5,57,57,4,0.02507973766342877,0.14195538913050004,0.008519355613319846,0.09230035543441772,0.023131113782012137,0.13598235845565795,0.025250669582851284,0.14247933918969674,0.02171742288689864,0.011725755674498422,0.011214792728424072,0.14648255705833435,0.22951793670654297,0.1863192319869995,0.2023296356201172,0.13598235845565795,0.054455459117889404,0.16333953142166138,0.06035053730010986,0.10995386838912964,0.05062931776046753,0.15756890773773194,0.08411794900894165,0.1685261309146881,0.07688343524932861,0.19924159049987794,0.07030677795410156,0.19591144323349,0.06831198930740356,0.17507547736167908,0.11689594388008118,0.18083845376968383,0.09899193048477173,0.20378002524375916,0.1147209753592809,0.08905904988447826,0.2066910620778799,0.11356749385595322,0.16226310841739178,0.07958055287599564,0.20378002524375916,0.11126243323087692,0.15978799909353256,0.10646715760231018,0.15148663967847825,0.09266290813684464,0.14039350003004075,0.10503482818603516,0.13431234061717987,0.09868333488702774,0.12467418611049652,0.09500512480735779,0.12364869117736817,0.10166114568710327,0.11374794095754623,0.10749304294586182,0.11632020622491837,0.10345113277435303
83453494,qslstm,extrapolation,iid,2000055,62,2,60,59,2,0.13150091958546084,0.3359248707852056,0.05514893240732821,0.2348380982875824,0.21178482138103805,0.4198407083749771,0.1288247895256083,0.3331276761988799,0.01869543629177546,0.017479047693055253,0.09616182744503021,0.2736791893839836,0.46241992712020874,0.285081222653389,0.48085492849349976,0.4198407083749771,0.23137691617012024,0.4150400310754776,0.21062248945236206,0.38886064291000366,0.24182817339897156,0.37376315891742706,0.24548807740211487,0.36309821903705597,0.24283108115196228,0.34251146018505096,0.25939062237739563,0.33702121675014496,0.20430800318717957,0.3134792447090149,0.20123815536499023,0.31962598860263824,0.2020426094532013,0.13453035801649094,0.12349183758099874,0.011038520435492194,0.18098952993750572,0.1057647094130516,0.16179537400603294,0.10773656517267227,0.13453035801649094,0.10623937845230103,0.14793824031949043,0.11817913502454758,0.12892457470297813,0.09719600528478622,0.1301463358104229,0.10236486047506332,0.12551774457097054,0.09826051443815231,0.1298578418791294,0.11901798099279404,0.12758110836148262,0.11001753062009811,0.11929170787334442,0.11456438153982162,0.11066300049424171,0.11414483189582825
83453494,qslstm,extrapolation,iid,2000056,62,7,55,55,6,0.0763765414562078,0.25509142851637256,0.06948887582148289,0.2636074274778366,0.07119539027319274,0.24219076761177608,0.07703596069768244,0.2567333308133212,0.01905224323272705,0.012292529855455672,0.04735932250817617,0.21874065995216369,0.22215363383293152,0.23007360100746155,0.2294245958328247,0.24219076761177608,0.27926377952098846,0.27210280299186707,0.267700657248497,0.2855952999421528,0.27971722185611725,0.26529756827013834,0.2575328201055527,0.26709686645439695,0.2678258866071701,0.2590686444725309,0.27316106855869293,0.2875209493296487,0.2756299525499344,0.2996986082621983,0.2831079512834549,0.329999399681886,,0.1872759291103908,0.11265559237111698,0.0746203367392738,0.16869987398386002,0.12054785341024399,0.17891735459367433,0.1116284653544426,0.1872759291103908,0.10667723417282104,0.16197388938495091,0.10934576392173767,0.1442467240350587,0.10423928499221802,0.13258437386580876,0.09873092919588089,0.13219911605119705,0.09285817295312881,0.12752774889980042,0.11540224403142929,0.11776642394917351,0.09303288906812668,0.11667350253888539,0.09844094514846802,0.10758421818415324,
83453494,qslstm,extrapolation,iid,2000057,62,3,59,59,2,0.15067017743636602,0.38536710238024113,0.16896484292513336,0.4110533334314823,0.10073062437728209,0.2786123665670554,0.15320947674445506,0.3907953092859963,0.015434566190687277,0.012880084843471133,0.08903488516807556,0.148016095161438,0.148016095161438,0.25382286310195923,0.3116105794906616,0.2786123665670554,0.49178585782647133,0.3056387814382712,0.457289669662714,0.4079950079321861,0.42058858647942543,0.4606044627726078,0.4327378608286381,0.4249250926077366,0.39689702168107033,0.4082260864476363,0.39504337683320045,0.3800200956563155,0.34957024827599525,0.405239824205637,0.41486305370926857,0.41279447451233864,0.4076358415186405,0.2818373143672943,0.11226638608564765,0.16957092828164666,0.26708903908729553,0.26708903908729553,0.32070720195770264,0.2903602123260498,0.2818373143672943,0.22736871242523193,0.2488534301519394,0.18911103904247284,0.22558111449082693,0.15901441872119904,0.18764394025007883,0.14645206928253174,0.16268673042456308,0.1399347335100174,0.14140990376472473,0.13784290850162506,0.12978705018758774,0.12034813314676285,0.10558052361011505,0.1005355715751648,0.12243569145600001,0.116979219019413
83453494,qslstm,extrapolation,iid,2000058,62,3,59,59,2,0.041242722123609285,0.1990619008579562,0.045074834301491506,0.2123083472251892,0.06551091573841698,0.24925076961517334,0.040008746177093636,0.19650992448047055,0.0181625237909414,0.013303702292235,0.003289356827735901,0.28290438652038574,0.3311536908149719,0.2803095430135727,0.3161163926124573,0.24925076961517334,0.2014884352684021,0.2083944876988729,0.2024657130241394,0.16564951340357462,0.22822117805480957,0.19937747716903687,0.23269134759902954,0.2072715957959493,0.21070867776870728,0.21376500527064005,0.20856750011444092,0.1997657815615336,0.21578818559646606,0.19513702392578125,0.2111014723777771,0.1824344793955485,0.1800161600112915,0.18787841498851776,0.12057836252754017,0.06730005246097759,0.10024598985910416,0.09599117189645767,0.1003374271094799,0.10091143846511841,0.18787841498851776,0.116539366543293,0.14511502037445703,0.08518046885728836,0.15784387042125067,0.0911928117275238,0.12912005186080933,0.1051759198307991,0.12570219983657202,0.11972621828317642,0.12400815884272258,0.10423607379198074,0.10819308211406072,0.10479860752820969,0.11346894254287083,0.10652995854616165,0.11076595882574718,0.11023644357919693
83453494,qslstm,extrapolation,iid,2000059,62,4,58,58,3,0.08768431169749168,0.2894432481017805,0.06288786617894804,0.2507745325565338,0.09472845860553612,0.30331225600093603,0.08719850846245412,0.28848676479839047,0.01565019580824622,0.012450913136655634,0.04679099718729655,0.3508793202539285,0.31961891055107117,0.38189442828297615,0.29717254638671875,0.30331225600093603,0.22586029767990112,0.34553380217403173,0.22821325063705444,0.31167743541300297,0.22023719549179077,0.33434816636145115,0.2226819097995758,0.329304413869977,0.24243035912513733,0.3281288091093302,0.23466604948043823,0.3273534122854471,0.23544642329216003,0.2811177596449852,0.2498939037322998,0.2719787433743477,0.2229405641555786,0.17662841454148293,0.11269044413648803,0.0639379704049949,0.18353135387102762,0.11673042178153992,0.16869345555702844,0.10527604073286057,0.17662841454148293,0.09795921295881271,0.1577065996825695,0.09591931104660034,0.14159289002418518,0.1031370535492897,0.1283008847385645,0.08544689416885376,0.12447141855955124,0.10709992796182632,0.12174333818256855,0.11087632179260254,0.1230391338467598,0.1099010482430458,0.10777032561600208,0.10640580207109451,0.1100983377546072,0.09238120168447495
83453494,qslstm,extrapolation,iid,2000060,62,2,60,59,2,0.1622650141160783,0.3824785072957316,0.20152617989020882,0.4489166736602783,0.0983572887944053,0.29481247067451477,0.16439527162680073,0.3854007085164388,0.019251949706320035,0.013965826408535826,0.05360773205757141,0.08097344636917114,0.09350180625915527,0.13652044534683228,0.06965136528015137,0.29481247067451477,0.40178394317626953,0.2610146999359131,0.4489695429801941,0.2297365367412567,0.40020567178726196,0.27087798714637756,0.4229252338409424,0.23624122142791748,0.403576135635376,0.2588499188423157,0.4241980314254761,0.41892656683921814,0.43606919050216675,0.41058945655822754,0.4176027774810791,0.4168296456336975,0.39759010076522827,0.15524571761488914,0.11984792910516262,0.035397788509726524,0.25932659581303596,0.12352291494607925,0.2303829863667488,0.15472067892551422,0.15524571761488914,0.11393404752016068,0.1485983431339264,0.1287391185760498,0.13351034000515938,0.11226405948400497,0.13543979078531265,0.12954944372177124,0.1261570118367672,0.10903779417276382,0.12148979306221008,0.11945667117834091,0.11443349719047546,0.11493294686079025,0.10655155777931213,0.10406532138586044,0.11493360623717308,0.11493426561355591
83453494,qslstm,extrapolation,iid,2000061,62,6,56,55,6,0.05134543172112026,0.17544372181498236,0.09280480029645233,0.3046388030052185,0.10495937046136565,0.27596081731220085,0.04560108114180826,0.16467403301170894,0.015165920691056685,0.00894798103131746,0.054872860511144005,0.18417797485987344,0.02203226089477539,0.26103714543084305,0.0011908411979675293,0.27596081731220085,0.2850427031517029,0.25588786602020264,0.269597589969635,0.24447153011957803,0.2817177176475525,0.20830510059992471,0.28761720657348633,0.2324731945991516,0.2816738486289978,0.27404706676801044,0.27675193548202515,0.22696077823638916,0.28401416540145874,0.12340228756268819,0.28654998540878296,0.08180249730745952,0.276888906955719,0.15958269809683165,0.11931570286729506,0.040266995229536584,0.1904770831267039,0.11080770939588547,0.17516005784273148,0.11638496071100235,0.15958269809683165,0.11230302602052689,0.1494139867524306,0.10347709059715271,0.1377686932682991,0.09871084243059158,0.13748729353149733,0.09348980337381363,0.12749535838762918,0.10393253713846207,0.12803384785850844,0.12150038033723831,0.11855386818448703,0.10646333545446396,0.12223114942510922,0.11360678821802139,0.1180434599518776,0.09815863519906998
83453494,qslstm,extrapolation,iid,2000062,62,3,59,58,3,0.16371410046871174,0.38252373520405064,0.17867416488898252,0.4226986691355705,0.10115697722167415,0.2658558562397957,0.16689497114228993,0.38845600023613136,0.02199412625411461,0.01891662560257257,0.03585896889368693,0.16110639770825705,0.010734230279922485,0.1710613171259562,0.0007665753364562988,0.2658558562397957,0.33978723734617233,0.2818179602424304,0.36347486823797226,0.15507122625907263,0.42959191650152206,0.1428848778208097,0.38029365986585617,0.23823573688666025,0.36418574303388596,0.4067423567175865,0.45084791630506516,0.41676217565933865,0.4565088674426079,0.4576861585179965,0.4657016918063164,0.45606597512960434,0.41991790384054184,0.14719019830226898,0.12242598869537903,0.02476420960688995,0.1602823088566462,0.13978184759616852,0.15002820392449698,0.13134898245334625,0.14719019830226898,0.1345907598733902,0.14062515397866568,0.1274980902671814,0.13616087784369788,0.11486359685659409,0.13346226513385773,0.13041120767593384,0.1305356522401174,0.11723434925079346,0.12065628170967102,0.11251448839902878,0.1157302235563596,0.11509272456169128,0.12175024797519048,0.13764353096485138,0.11588844656944275,0.10827841609716415
83453494,qslstm,extrapolation,late,2000063,62,5,57,57,4,0.10105836285909961,0.30681347426387573,0.22743862013343885,0.4769052527844906,0.09298045064466742,0.28672109469771384,0.10176695164983925,0.30857596369950396,0.018218711279986196,0.013006034824583266,0.02432028204202652,0.27153467759490013,0.31586116552352905,0.27827469632029533,0.33020031452178955,0.28672109469771384,0.44497644528746605,0.3264049433171749,0.4698346517980099,0.3152790330350399,0.45172467455267906,0.3410620950162411,0.4537558816373348,0.3269855581223965,0.4613725207746029,0.2788891546428204,0.4461595378816128,0.3026699535548687,0.4626033566892147,0.254342257976532,,0.25467562675476074,,0.15766945779323577,0.11616712155049308,0.04150233624274269,0.13920364156365395,0.09400125592947006,0.14064587280154228,0.10762450098991394,0.15766945779323577,0.09539320319890976,0.15045226961374283,0.08116956800222397,0.14225160032510759,0.10112854838371277,0.13749417066574096,0.0962677076458931,0.13815361708402635,0.09598249942064285,0.12404028475284576,0.10750675946474075,0.11194231361150742,0.09949231147766113,0.11494588293135166,,0.1011993046849966,
83453494,qslstm,extrapolation,late,2000064,62,6,56,56,5,0.04603863418049321,0.15681701345789817,0.05359322958583235,0.23150211572647095,0.0873592407013727,0.2537391201282541,0.0416114263389704,0.14643250202893146,0.01768092917544501,0.012568677847202007,0.027403700351715087,0.2514007152058184,0.47196135483682156,0.2607372421771288,0.45497498475015163,0.2537391201282541,0.25173529982566833,0.21333895530551672,0.24194937944412231,0.20378332740316787,0.2530404031276703,0.13605665260305008,0.2490367293357849,0.140901665824155,0.22815710306167603,0.12622191508611044,0.2634459435939789,0.12703419725100198,0.24701714515686035,0.2358077975610892,0.24589073657989502,0.08172747492790222,,0.15807604665557543,0.11666113098285028,0.04141491567272515,0.11213854141533375,0.10447394847869873,0.1492091491818428,0.10095470398664474,0.15807604665557543,0.08338490128517151,0.15246198450525603,0.11019375920295715,0.13892767330010733,0.08215747028589249,0.1352215719719728,0.11578770726919174,0.12147834897041321,0.0848335325717926,0.11486174414555232,0.1152946949005127,0.10656494895617168,0.10010374337434769,0.1151815839111805,0.11500050872564316,0.11843817532062531,
83453494,qslstm,extrapolation,late,2000065,62,3,59,58,3,0.15333594387764746,0.38805479376066115,0.13486763401147073,0.36724328994750977,0.09523308679989934,0.30665196230014163,0.15629032644092283,0.3921939207840774,0.014377552887489056,0.012100803852081298,0.12600398063659668,0.2769290953874588,0.4285632148385048,0.2843081057071686,0.4397352710366249,0.30665196230014163,0.3551793098449707,0.3163051555554072,0.35511845350265503,0.32629630466302234,0.37191545963287354,0.34605389336744946,0.40313756465911865,0.35797073940436047,0.37254607677459717,0.34649574259916943,0.3700556755065918,0.3714382201433182,0.40364158153533936,0.38606128593285877,0.38862600922584534,0.412832535803318,,0.20865357915560404,0.1211753570932453,0.08747822206235874,0.25151288136839867,0.11110963672399521,0.25167154520750046,0.08891002088785172,0.20865357915560404,0.10566359758377075,0.19658566017945608,0.12025046348571777,0.1793653592467308,0.11868206411600113,0.14565807580947876,0.10639753937721252,0.13038586328426996,0.10648369044065475,0.12630390375852585,0.11184204369783401,0.12401637434959412,0.11514046043157578,0.10919218013683955,0.0774114727973938,0.10612965375185013,
83453494,qslstm,extrapolation,late,2000066,62,3,59,58,3,0.041549084895874625,0.1392890539380812,0.23493752246599797,0.48470354080200195,0.1256641544267305,0.31182822585105896,0.03727204746210229,0.13051587570521792,0.015261667555776137,0.018187229832013447,0.01889672875404358,0.20239459971586862,0.04978331923484802,0.18822728097438812,0.030438333749771118,0.31182822585105896,0.4560188353061676,0.3117521007855733,0.4737248718738556,0.31111841400464374,0.4960631728172302,0.3005840679009755,0.4752504825592041,0.20069987575213113,0.504110187292099,0.1916679342587789,0.48470354080200195,0.035888075828552246,,0.057411402463912964,,0.07513844966888428,,0.10899965465068817,0.12404648164066218,-0.015046826989974005,0.11529720326264699,0.10232659429311752,0.1198705608646075,0.10590303689241409,0.10899965465068817,0.07735978811979294,0.13210669408241907,0.11043340712785721,0.117325725654761,0.11833363771438599,0.11633036782344182,0.10490801185369492,0.11915105829636256,0.11305847764015198,0.11190202087163925,0.11041775345802307,0.10569583997130394,,0.10752410814166069,,0.11417808756232262,
83453494,qslstm,extrapolation,late,2000067,62,7,55,55,6,0.1318530888013974,0.3186031599198618,3.4818388194857164e-05,0.005900710821151733,0.09080297819239418,0.2693404810769217,0.1370776483334524,0.32487295540896327,0.014412385767156427,0.01685749739408493,0.043741434812545776,0.34815834164619447,0.4804134666919708,0.32393557329972583,0.4754894971847534,0.2693404810769217,0.013417333364486694,0.2813593532357897,0.006240099668502808,0.2809892381940569,0.005290687084197998,0.2618597618171147,0.015896588563919067,0.20998875158173697,0.009405761957168579,0.218882360628673,0.022379368543624878,0.17970319730894907,0.005900710821151733,0.2187382678190867,,0.32676461338996887,,0.17698686995676585,0.11670935099775141,0.06027751895901444,0.1443051889538765,0.09835159033536911,0.16801143189271292,0.091515451669693,0.17698686995676585,0.1068616732954979,0.15405538465295518,0.11322420090436935,0.1497353624020304,0.10504156351089478,0.13855637184211186,0.0986468568444252,0.12818580865859985,0.10724193602800369,0.12226766454321998,0.09897089004516602,0.11746833047696523,0.11192091554403305,0.11652717118461926,,0.12181902800997098,
83453494,qslstm,extrapolation,late,2000068,62,3,59,58,3,0.09627468837834041,0.3061614678271355,0.09140283555538731,0.30232901871204376,0.1082129718068167,0.3271619826555252,0.09566765701757045,0.3050936450392513,0.01617749497808259,0.010556042194366455,0.024134775002797444,0.2729194064935048,0.4004870653152466,0.3401176432768504,0.385013222694397,0.3271619826555252,0.2961283475160599,0.31603021919727325,0.29589398205280304,0.3218434602022171,0.2914251834154129,0.3346647967894872,0.3057868629693985,0.319687361518542,0.28087492287158966,0.31836894651254016,0.27576930820941925,0.30094414452711743,0.2893243581056595,0.3188979774713516,0.29924793541431427,0.28133105486631393,,0.15051721533139548,0.12951167041467407,0.021005544916721408,0.16159852097431818,0.11519240587949753,0.13810151318709055,0.09281247854232788,0.15051721533139548,0.12157564610242844,0.13779911895593008,0.11488422751426697,0.12697074562311172,0.09945350885391235,0.12817897399266562,0.12651287019252777,0.12970356146494547,0.12246797233819962,0.12061790625254314,0.09946423768997192,0.11133667826652527,0.09320787340402603,0.11373392244180043,0.10388653725385666,0.1267966516315937,
83453494,qslstm,extrapolation,late,2000069,62,5,57,57,4,0.024585883241832075,0.07994085189796263,0.15387067244470926,0.3922635242342949,0.09051658550015321,0.2540542885661125,0.01880248830689163,0.06466774341830037,0.017806476145459896,0.005913650989532471,0.05136612057685852,0.15047235786914825,0.0007561147212982178,0.15525881946086884,0.004862338304519653,0.2540542885661125,0.4027084633708,0.1957956627011299,0.40357761830091476,0.2658885344862938,0.3928998336195946,0.2623027071356773,0.38986387103796005,0.24015551656484604,0.3985563740134239,0.05399685353040695,,0.04463721811771393,,0.02235180139541626,,0.024427220225334167,,0.2306558147072792,0.11651315030298735,0.11414266440429184,0.1940454269448916,0.1129005178809166,0.2163048330694437,0.08898226171731949,0.2306558147072792,0.10310298949480057,0.19025845527648927,0.10795620083808899,0.1733226016163826,0.0970132127404213,0.1646460175514221,0.1094738319516182,0.14744930863380432,0.09426871687173843,0.14762848429381847,,0.12776615843176842,,0.12283571809530258,,0.10990687645971775,
83453494,qslstm,extrapolation,late,2000070,62,4,58,57,4,0.1447103844899639,0.3634814860359315,0.08576582829642465,0.2928580343723297,0.09594367060468145,0.28962942212820053,0.14807360613722476,0.3685747318226716,0.019926047638842936,0.01376691460609436,0.02999986708164215,0.36849403381347656,0.48470166325569153,0.3054206296801567,0.4969870150089264,0.28962942212820053,0.2428780198097229,0.31506629288196564,0.23651385307312012,0.3224385976791382,0.25170058012008667,0.2916075810790062,0.2511705756187439,0.31073813885450363,0.28766655921936035,0.3404455631971359,0.27959614992141724,0.33617525299390155,,0.31996433933575946,,0.32469796140988666,,0.1859850250184536,0.11953225616237213,0.06645276885608146,0.14394856244325638,0.10630479454994202,0.17298638261854649,0.09567750245332718,0.1859850250184536,0.12325537949800491,0.14781900867819786,0.11611544340848923,0.1437376644462347,0.12193991988897324,0.14400175586342812,0.10555363446474075,0.13507195189595222,0.1173572763800621,0.12474421039223671,0.11172417551279068,0.12098314613103867,,0.12123303612073262,,0.10944067190090816,
83453494,qslstm,extrapolation,late,2000071,62,1,61,60,1,0.04171743718713932,0.19889259626788477,0.13604784383250768,0.3688466399908066,0.14634941719545247,0.38255642354488373,0.040002158826347306,0.19588171385350775,0.0185504545768102,0.013709783554077148,0.02066195011138916,0.2143370509147644,0.2143370509147644,0.21645933389663696,0.21645933389663696,0.38255642354488373,0.38255642354488373,0.3688466399908066,0.3688466399908066,,,,,,,,,,,,,,,0.11356419324874878,0.12583257819785446,-0.012268384949105676,0.09500586986541748,0.09500586986541748,0.1041375994682312,0.1041375994682312,0.11356419324874878,0.11356419324874878,0.11006993055343628,0.11006993055343628,,,,,,,,,,,,,,
83453494,qslstm,extrapolation,late,2000072,62,7,55,55,6,0.13177560083991796,0.3315630659551149,0.12684102433396932,0.35614747554063797,0.12566956424127332,0.32164797599294354,0.13255273277065455,0.3328249864957549,0.01980355436151678,0.0002537369728088379,0.04097129901250204,0.3030449077486992,0.02751949429512024,0.3013873086310923,0.03687208890914917,0.32164797599294354,0.35589373856782913,0.25202888569661547,0.35614747554063797,0.21242129554351172,,0.2726789054771264,,0.37416333705186844,,0.32608626037836075,,0.3281460851430893,,0.2817837670445442,,0.2808607518672943,,0.14571575288261687,0.121133130653338,0.024582622229278872,0.1322330137093862,0.10277804732322693,0.12181301414966583,0.09511064738035202,0.14571575288261687,0.1025371253490448,0.13822804072073527,0.10684784501791,0.14084582403302193,,0.13062230745951334,,0.12842662632465363,,0.1296196263283491,,0.13208157196640968,,0.112853042781353,,0.11161104030907154,
83453494,qslstm,extrapolation,late,2000073,62,4,58,57,4,0.11296547706993244,0.30939496717145365,0.11848210308249918,0.34421229362487793,0.11292655389547668,0.31723711639642715,0.11296816142679146,0.3088541292938693,0.016468681787189684,0.016052032510439556,0.027560904622077942,0.33685918649037677,0.13970544934272766,0.2745267450809479,0.1563306748867035,0.31723711639642715,0.32960572838783264,0.32335854321718216,0.3363078236579895,0.31582899391651154,0.33050891757011414,0.3326420933008194,0.3274330794811249,0.3324095234274864,0.3366333842277527,0.3274819925427437,0.34421229362487793,0.33788106838862103,,0.33030302325884503,,0.32340364654858905,,0.15012137405574322,0.12160533306927516,0.028516040986468053,0.11402520785729091,0.10612428188323975,0.17089269123971462,0.10953056067228317,0.15012137405574322,0.098457932472229,0.14205036126077175,0.10396308451890945,0.12480713240802288,0.10586581379175186,0.13151582702994347,0.11233094334602356,0.13234988413751125,0.10445097833871841,0.11026045307517052,0.07835675030946732,0.12384747465451558,,0.1112969492872556,,0.11414539813995361,
83453494,qslstm,extrapolation,late,2000074,62,5,57,56,5,0.0960890748198548,0.261525783327318,0.09194794643467596,0.3032291978597641,0.0723743858444494,0.23842475414276124,0.09816931069489038,0.2635521893961388,0.020583149577890123,0.014669385552406312,0.03092910647392273,0.21020163595676422,0.16327223181724548,0.23926469385623933,0.14649540185928345,0.23842475414276124,0.3004792481660843,0.26334916353225707,0.2981727868318558,0.2653685390949249,0.32924266159534454,0.2643123507499695,0.2957152873277664,0.19697518944740294,0.30806170403957367,0.20802799463272095,0.2980193644762039,0.22570891678333282,0.2881135791540146,0.21451947838068008,,0.3001710884273052,,0.12978895604610444,0.12057183290782728,0.009217123138277161,0.16494209915399552,0.10336390882730484,0.16321582943201066,0.10310649871826172,0.12978895604610444,0.09903251379728317,0.13067902028560638,0.09092551469802856,0.12575731724500655,0.11163347959518433,0.12317994236946106,0.11837362498044968,0.1153574377298355,0.09108424186706543,0.1098061516880989,0.10228583961725235,0.10968176126480103,0.10779869556427002,0.10759750381112099,,0.1130891665816307,
83453494,qslstm,extrapolation,late,2000075,62,6,56,56,5,0.06904183655350266,0.19502633484080434,0.1731997371575281,0.416172725148499,0.10106532242022452,0.2720352335212131,0.06561074878206816,0.18677538141076053,0.0172462702861854,0.01438344269990921,0.022818726301193238,0.2297407747246325,0.029944121837615967,0.25755124129354956,0.020605772733688354,0.2720352335212131,0.42115737218409777,0.22925434121862054,0.4121046485379338,0.22865698346868157,0.3956836583092809,0.24560557414467135,0.4219582201912999,0.24147571235274276,0.416172725148499,0.1901743520051241,,0.25140284076333047,,0.2361764170229435,,0.24429207816720008,,0.17239214355746904,0.1195866536082966,0.052805489949172446,0.1191447265446186,0.09469122439622879,0.16489090621471406,0.10578113794326782,0.17239214355746904,0.09925267845392227,0.15684747199217478,0.10414063930511475,0.14593819032112756,0.09600681066513062,0.12706593672434488,0.09311618655920029,0.1329399235546589,0.08967364579439163,0.1356106922030449,,0.12360977381467819,,0.11863240748643875,,0.10863450914621353,
83453494,qslstm,extrapolation,late,2000076,62,4,58,57,4,0.08599967227596189,0.2708842141043034,0.06658587767663349,0.2580423951148987,0.07852081502442641,0.27019653492607176,0.08651545553468848,0.2709316402545263,0.015730845300774825,0.018024679687288072,0.045331746339797974,0.23434812598861754,0.15914329886436462,0.22065279656089842,0.14570394158363342,0.27019653492607176,0.28405651450157166,0.2920884864870459,0.29160329699516296,0.3170302065555006,0.3207973539829254,0.3047740610782057,0.3017645478248596,0.2994952800218016,0.2825601398944855,0.3004630433861166,0.24916735291481018,0.29957143985666335,0.28053051233291626,0.2847668034955859,,0.23654656608899435,,0.13573940470814705,0.12477857246994972,0.010960832238197327,0.18686548434197903,0.10366734862327576,0.1554434895515442,0.10109848529100418,0.13573940470814705,0.0904678925871849,0.135398730635643,0.09811710566282272,0.13580524735152721,0.11668305844068527,0.13968503288924694,0.10275997966527939,0.10623626783490181,0.08549743890762329,0.11886860802769661,0.11336006969213486,0.10566413961350918,0.11291377991437912,0.11835620552301407,,0.10326897849639256,
83453494,qslstm,extrapolation,late,2000077,62,3,59,58,3,0.08557317543950253,0.26395601526864115,0.17408774514115066,0.4172382354736328,0.1016254227383732,0.2922145922978719,0.08475695947515317,0.26251913847054464,0.018425551467928392,0.01029013441159175,0.007590343554814656,0.24227685978015265,0.2848163843154907,0.2470168595512708,0.29197147488594055,0.2922145922978719,0.45028695464134216,0.2730324367682139,0.4247245490550995,0.27751264969507855,0.4314958155155182,0.32967042922973633,0.41647231578826904,0.3184035023053487,0.4115302562713623,0.3339836299419403,0.44214189052581787,0.32027468085289,0.41163283586502075,0.31820138295491535,0.41410762071609497,0.26076510548591614,,0.11441151797771454,0.12181113849757082,-0.007399620519856279,0.11209490895271301,0.11048445850610733,0.10280411690473557,0.08689811080694199,0.11441151797771454,0.09758325666189194,0.11181117097536723,0.1110895499587059,0.11062328269084294,0.10645508766174316,0.10865195840597153,0.10165485739707947,0.11332385241985321,0.10985827445983887,0.10711678117513657,0.11207738518714905,0.11095595856507619,0.10236028581857681,0.11523062239090602,0.11098074913024902,0.10336356982588768,
83453494,qslstm,extrapolation,late,2000078,62,4,58,57,4,0.13205791294587318,0.33611603225431136,0.03429953888403148,0.18520134687423706,0.1058057262503358,0.29313019663095474,0.13386840858004817,0.33908057264212904,0.01820845823538931,0.012664477030436197,0.021969668567180634,0.3753707557916641,0.4950210452079773,0.35615207254886627,0.4794154763221741,0.29313019663095474,0.19775325059890747,0.32005739212036133,0.22621232271194458,0.32725030183792114,0.2124829888343811,0.30413833260536194,0.1952437162399292,0.3096623122692108,0.1867591142654419,0.2987622171640396,0.19103467464447021,0.2969622164964676,0.18343347311019897,0.4260066747665405,,0.33433624108632404,,0.12406520918011665,0.12107531674977007,0.0029898924303465857,0.1340933870524168,0.09530941396951675,0.1333061419427395,0.10638841241598129,0.12406520918011665,0.08362855762243271,0.1260046288371086,0.10911733657121658,0.12133301794528961,0.09423757344484329,0.1186220571398735,0.10774645209312439,0.10543280467391014,0.10931208729743958,0.11741768382489681,0.10038485378026962,0.11408748850226402,0.11631873995065689,0.10734287152687709,,0.09808147201935451,
83453494,qslstm,extrapolation,late,2000079,62,6,56,56,5,0.09470493417260477,0.23565309584861802,0.0788814729181162,0.28085845708847046,0.12802629274613028,0.3310494053487976,0.0911347886111556,0.2254320626878845,0.016175941165004457,0.010824769735336304,0.04609721302986145,0.30436858953908086,0.511327788233757,0.34677756763994694,0.4780348688364029,0.3310494053487976,0.2533239722251892,0.41866213145355385,0.26529842615127563,0.44040311438341934,0.26206153631210327,0.43502345743278664,0.2512015700340271,0.4105668769528468,0.25652843713760376,0.331603298895061,0.2548719048500061,0.26637816429138184,0.28085845708847046,0.18877436816692353,,0.12604645490646363,,0.17479816700021425,0.11325997766107321,0.06153818933914104,0.1071987934410572,0.08732657879590988,0.16133914291858673,0.12498112767934799,0.17479816700021425,0.10709387063980103,0.1459323838353157,0.1082451343536377,0.1341110405822595,0.11504945904016495,0.12853082393606505,0.08332303911447525,0.13008860995372137,0.09601137042045593,0.12210220222671826,0.11350180953741074,0.11177323510249455,0.09812828153371811,0.11925750374794006,,0.10477399826049805,
83453494,qslstm,extrapolation,late,2000080,62,1,61,60,1,0.020548254900549318,0.13586906271596108,0.08116405887881317,0.28489306569099426,0.07051837870037136,0.26555296778678894,0.019729072543175186,0.13374309705906226,0.017906797925631206,0.009672194719314575,0.004405885934829712,0.13122835755348206,0.13122835755348206,0.13140323758125305,0.13140323758125305,0.26555296778678894,0.26555296778678894,0.2848952114582062,0.2848952114582062,0.28489306569099426,0.28489306569099426,,,,,,,,,,,,,0.09996163100004196,0.1178035929066236,-0.017841961906581633,0.08905863761901855,0.08905863761901855,0.09661931544542313,0.09661931544542313,0.09996163100004196,0.09996163100004196,0.10339221358299255,0.10339221358299255,0.09203218668699265,0.09203218668699265,,,,,,,,,,,,
83453494,qslstm,extrapolation,late,2000081,62,5,57,57,4,0.09989863927822161,0.30899772360440225,0.15364392206550193,0.39197438955307007,0.08300330562773835,0.2780065447092056,0.10138068608966752,0.31171624806889314,0.01999843120574951,0.011514923402241297,0.01712074875831604,0.29447805508971214,0.27466975152492523,0.2893884666264057,0.25872595608234406,0.2780065447092056,0.39090511202812195,0.30106666386127473,0.40854915976524353,0.28866117298603056,0.39088815450668335,0.315740367770195,0.3744778037071228,0.32843607366085054,0.39556601643562317,0.2800392895936966,0.3898697793483734,0.3079543747007847,,0.33641746267676353,,0.3493860997259617,,0.15767143815755844,0.1171929153956865,0.04047852276187193,0.1369783692061901,0.09642793983221054,0.1376451477408409,0.12757879495620728,0.15767143815755844,0.1036306619644165,0.14413105100393295,0.11892244964838028,0.12228805422782899,0.08195855468511581,0.12781791239976883,0.10271239280700684,0.13337903767824172,0.10451983660459518,0.12019394040107727,0.09383133053779602,0.12139169871807098,,0.10933688282966614,,0.09926080517470837,
83453494,qslstm,extrapolation,late,2000082,62,2,60,59,2,0.04494979338489803,0.2022964103567985,0.04248338399030249,0.2061149775981903,0.026035831106839158,0.1305529624223709,0.045580258794166655,0.2046878586212794,0.020937119500111727,0.015653883417447407,0.018825024366378784,0.2785283923149109,0.20839619636535645,0.3126688301563263,0.17755508422851562,0.1305529624223709,0.22537782788276672,0.16345299780368805,0.2181132733821869,0.18759171664714813,0.21183010935783386,0.15078966319561005,0.18749579787254333,0.1569141298532486,0.20952966809272766,0.19162560999393463,0.21890118718147278,0.204098179936409,0.22169414162635803,0.2058691829442978,0.2061149775981903,0.1960512399673462,,0.15579253062605858,0.12147668649752935,0.03431584412852923,0.1626426875591278,0.09850287437438965,0.15424278378486633,0.10283142328262329,0.15579253062605858,0.1196557953953743,0.13257260248064995,0.10064149647951126,0.13317346200346947,0.10502559691667557,0.12106892839074135,0.11282598227262497,0.11237891390919685,0.10537523031234741,0.11935686320066452,0.1038970947265625,0.11756755039095879,0.11621399968862534,0.11789921671152115,0.10872939229011536,0.10860442370176315,
83453494,qslstm,extrapolation,late,2000083,62,4,58,58,3,0.07946244053182563,0.27502473212418055,0.14722878760661562,0.3837040364742279,0.07370437968931727,0.26295530749484897,0.07985954817613655,0.27585710623654824,0.01937232500520246,0.01507579738443548,0.039130210876464844,0.23555091954767704,0.25648079812526703,0.23471675254404545,0.24905778467655182,0.26295530749484897,0.3747362196445465,0.2675397018902004,0.3792843818664551,0.2844291287474334,0.35839253664016724,0.2580740707926452,0.36836186051368713,0.2977704140357673,0.38486236333847046,0.2551649212837219,0.40756914019584656,0.26939360424876213,0.3980315029621124,0.2354859560728073,,0.2403944879770279,,0.18246890790760517,0.11851248029490997,0.0639564276126952,0.14954646428426108,0.10705482959747314,0.1479795848329862,0.12452790886163712,0.18246890790760517,0.10231421142816544,0.16680581867694855,0.11151382327079773,0.15163540095090866,0.0997815951704979,0.14677035063505173,0.1327274888753891,0.12959723733365536,0.1213800385594368,0.12387884221971035,0.11786051839590073,0.12327129393815994,0.11106491088867188,0.11559392263491948,,0.11307541280984879,
83453494,qslstm,extrapolation,late,2000084,62,5,57,57,4,0.0587577154239414,0.20675607587421133,0.2272839551827165,0.4767430704087019,0.10771315299808049,0.30597483180463314,0.05446337879463095,0.19805267623119188,0.01923390177258274,0.00985737144947052,0.022599704563617706,0.2552473433315754,0.44392699003219604,0.252039048820734,0.43653881549835205,0.30597483180463314,0.45554342679679394,0.3287793602794409,0.4730075281113386,0.30833598636090753,0.4752297680824995,0.3047760512679815,0.48585799150168896,0.313295915350318,0.4767430704087019,0.25388289568945765,,0.2724413829855621,,0.16929848988850912,,0.14711704850196838,,0.15820903778076173,0.11816985591461784,0.040039181866143886,0.11602396704256535,0.08557871729135513,0.12182567827403545,0.10807421803474426,0.15820903778076173,0.1119973435997963,0.13785892277956008,0.1000935435295105,0.13064028769731523,0.11499732732772827,0.11496949344873428,0.08153905719518661,0.12741242349147797,0.11357065290212631,0.12847831472754478,,0.11711021885275841,,0.10960012922684352,,0.11257833739121755,
83453494,qslstm,extrapolation,late,2000085,62,5,57,57,4,0.10830307700263822,0.3144710566247663,0.045222887525198985,0.21265673637390137,0.08304630903041095,0.26863878071308134,0.11051858296511428,0.3184914317047387,0.016043818833535176,0.01936194896697998,0.01682344824075699,0.3201747052371502,0.2111685574054718,0.31626424565911293,0.2011486291885376,0.26863878071308134,0.22109544277191162,0.2858692079782486,0.21467751264572144,0.3175551384687424,0.23284530639648438,0.30140343606472014,0.20409759879112244,0.23671092689037324,0.23011532425880432,0.31612084805965424,,0.29269248247146606,,0.34274501726031303,,0.34665022417902946,,0.17400370836257933,0.11337569212181527,0.06062801624076407,0.12823730520904064,0.09031131863594055,0.13846071250736713,0.08738522976636887,0.17400370836257933,0.11438100785017014,0.14610310792922973,0.09673765301704407,0.13130833506584166,0.0828251913189888,0.1391116350889206,0.10603473335504532,0.12752236872911454,0.09630552679300308,0.12400090880692005,,0.11267070285975933,,0.11363583616912365,,0.11067843623459339,
83453494,qslstm,extrapolation,late,2000086,62,6,56,56,5,0.12433344830311464,0.34588261357238215,0.15790721236757932,0.3973754048347473,0.09131679182994086,0.28698093940814334,0.12787094721095468,0.3521935072328363,0.01651412940451077,0.0024216175079345703,0.05483261942863464,0.2841744236648083,0.34908637404441833,0.2707727521657944,0.3528907001018524,0.28698093940814334,0.3925321698188782,0.2861071129639943,0.39704978466033936,0.27396521468957263,0.3973754048347473,0.2518556773662567,,0.2506516635417938,,0.3357214450836182,,0.341998016834259,,0.31689714193344115,,0.4200585186481476,,0.19884867345293364,0.11329528755907502,0.08555338589385862,0.18373002856969833,0.10484307259321213,0.18857396245002747,0.10199511051177979,0.19884867345293364,0.10708459466695786,0.16685745616753897,0.11411187797784805,0.1429810809592406,0.09294681996107101,0.14602483063936234,,0.13410032242536546,,0.13190348595380783,,0.1366215780377388,,0.10669752508401871,,0.1192027285695076,
83453494,qslstm,extrapolation,late,2000087,62,7,55,54,7,0.09721254044118997,0.29442239699945333,0.05396319925785065,0.2322998046875,0.0863388845019504,0.2629620283842087,0.09859646028800229,0.2984264439141208,0.016219553020265367,0.015094707409540812,0.04617656980242048,0.26201116293668747,0.3032241016626358,0.29026961353208336,0.2915557771921158,0.2629620283842087,0.20456582307815552,0.26857166843754904,0.19241440296173096,0.32045539574963705,0.2127467393875122,0.32063274511269163,0.21168410778045654,0.29729280727250235,0.19348102807998657,0.25608561294419424,0.2322998046875,0.28879041969776154,,0.2910714993874232,,0.35553531100352603,,0.14784385902541025,0.12006418339230797,0.027779675633102283,0.1520803409318129,0.11078209429979324,0.15877158833401545,0.11279162019491196,0.14784385902541025,0.0836644247174263,0.14038988734994615,0.10675997287034988,0.13615481661898748,0.12070395797491074,0.12798463233879634,0.10562676936388016,0.126746267080307,0.11995872855186462,0.12427306068795067,0.11633927375078201,0.11586318413416545,,0.11471554016073544,,0.10816128303607304,
83453494,qslstm,extrapolation,late,2000088,62,3,59,59,2,0.11290671094710321,0.3005599074306027,0.12856895732142903,0.3585651367902756,0.08776441501884363,0.26118892182906467,0.11418513277396389,0.30256182195271475,0.020183511204638724,0.008130550384521484,0.01851661503314972,0.2111651636660099,0.034182190895080566,0.20173810794949532,0.03293687105178833,0.26118892182906467,0.36977551877498627,0.29407982776562375,0.38665495812892914,0.29266661157210666,0.390566810965538,0.27975845088561374,0.38510100543498993,0.2599203462402026,0.3684105724096298,0.24747364471356073,0.35271890461444855,0.24571503947178522,0.3600799888372421,0.27633438259363174,0.3637757748365402,0.4031403623521328,,0.1886148676276207,0.12632378291780666,0.06229108470981404,0.11092633381485939,0.12127074599266052,0.1031343936920166,0.09174307435750961,0.1886148676276207,0.12192258983850479,0.194061612089475,0.10633308440446854,0.1418118675549825,0.11341645568609238,0.14990506321191788,0.11054744571447372,0.13253066937128702,0.10222496837377548,0.12539053211609522,0.10830062627792358,0.11852484941482544,0.09665020555257797,0.12398770699898402,0.12376171350479126,0.12243461608886719,
83453494,qslstm,extrapolation,late,2000089,62,4,58,57,4,0.15947613867749708,0.3690679191100982,0.027643895265100582,0.16626453399658203,0.08113354050068639,0.26656584069132805,0.16487907648279437,0.3761370279665651,0.023897793209343626,0.017586310704549152,0.043995022773742676,0.38577597836653393,0.4413485527038574,0.2928665988147259,0.43643903732299805,0.26656584069132805,0.17361414432525635,0.2788006477057934,0.15998631715774536,0.296122919768095,0.18269097805023193,0.2931428514420986,0.16626453399658203,0.31050533552964527,,0.3691779325405757,,0.43817618985970813,,0.2743497888247172,,0.2880496184031169,,0.14882451109588146,0.12533529012881475,0.02348922096706671,0.1300917441646258,0.1168481707572937,0.18798336386680603,0.10188230872154236,0.14882451109588146,0.10250822454690933,0.15680398046970367,0.11735955625772476,0.1452185045927763,0.0850062295794487,0.1395037118345499,0.11330243200063705,0.13341494152943292,,0.1176739012201627,,0.13588910301526388,,0.12685777495304743,,0.1211264356970787,
83453494,qslstm,extrapolation,late,2000090,62,7,55,55,6,0.1545044188087749,0.3336126715425522,0.2193265158613245,0.46832308918237686,0.1250746912200534,0.3019016653831516,0.15825002050188497,0.3376486177810214,0.014666855335235596,0.009626338879267374,0.03820831576983134,0.2963247848674655,0.04193687438964844,0.28899855942775804,0.04535496234893799,0.3019016653831516,0.4384974017739296,0.3768277886722769,0.4677743688225746,0.3961934484541416,0.47701606899499893,0.37924300293837276,0.46643999963998795,0.4378136372459786,0.4669533148407936,0.3859714990747826,0.46471748501062393,0.36971174366772175,0.47522202879190445,0.33729757953967365,0.46832308918237686,0.31947383160392445,,0.15364584965365274,0.12017462768337943,0.033471221970273315,0.15553752208749452,0.10618016868829727,0.14508201430241266,0.09742721915245056,0.15364584965365274,0.09956127405166626,0.14745124110153743,0.10421673208475113,0.143876990037305,0.10255422443151474,0.13339885004929133,0.09402073174715042,0.13695173923458373,0.1074933335185051,0.1228482254913875,0.10477885603904724,0.124213593346732,0.09388219565153122,0.11101580091885158,0.0818810984492302,0.10575175285339355,
83453494,qslstm,extrapolation,late,2000091,62,4,58,58,3,0.07452790324073016,0.2507040280728571,0.17111771852285873,0.413663774728775,0.11065767243529058,0.32840931974351406,0.07203619502041567,0.24534504244039798,0.017218530691903215,0.011894053646496363,0.02759428819020589,0.3050054783622424,0.19420549273490906,0.29868919402360916,0.19542410969734192,0.32840931974351406,0.3846837878227234,0.33600092492997646,0.3714039921760559,0.3534685056656599,0.3815380930900574,0.32199984788894653,0.37694627046585083,0.31286583840847015,0.3998633027076721,0.3061506450176239,0.40734657645225525,0.2845677211880684,0.3924691081047058,0.25161172449588776,0.4063129723072052,0.18453789750734964,,0.21133492700755596,0.12049527055230634,0.09083965645524962,0.21205092718203863,0.11712910979986191,0.21227892488241196,0.1181701049208641,0.21133492700755596,0.1048826053738594,0.21285931393504143,0.12494069337844849,0.17195767350494862,0.10367778688669205,0.15721063129603863,0.10771570354700089,0.17904471792280674,0.11762899905443192,0.13754228129982948,0.11017090082168579,0.12337438948452473,0.10805781930685043,0.12072902731597424,0.10733068734407425,0.1131865382194519,
83453494,qslstm,extrapolation,late,2000092,62,6,56,56,5,0.1662258112305545,0.3552572858189383,0.00587089120252049,0.07662174105644226,0.10405934326795886,0.27470725029706955,0.1728865042265469,0.36388764676770996,0.013281572077955519,0.009016429002468403,0.035095852613449094,0.3359901774674654,0.555144190788269,0.36498560607433317,0.5575930774211884,0.27470725029706955,0.06501948833465576,0.22972138474384943,0.06262478232383728,0.18080658838152885,0.06680485606193542,0.20375282689929008,0.06444460153579712,0.26013940076033276,0.07906940579414368,0.2805822044610977,0.0575842559337616,0.30045011391242343,0.06322619318962097,0.39978887761632603,0.08921745419502258,0.5030837118625641,,0.19008032605051994,0.11207405677331346,0.07800626927720648,0.17719394154846668,0.10808485746383667,0.18196585178375244,0.10767114907503128,0.19008032605051994,0.09918060153722763,0.16503007834156355,0.09681441634893417,0.15129318460822105,0.08011109381914139,0.13408631458878517,0.09483438730239868,0.13028224433461824,0.0788508951663971,0.1264325131972631,0.1209714412689209,0.12080490837494533,0.11213594675064087,0.1137951264778773,0.12767107784748077,0.11396039724349975,
83453494,qslstm,extrapolation,late,2000093,62,3,59,58,3,0.06814735746251023,0.24723672290002147,0.19838089418118798,0.4453997015953064,0.12271594018892795,0.3382742702960968,0.06537268376455678,0.2426076950663227,0.022212121250300573,0.007853424549102784,0.02712347110112508,0.2652891327937444,0.2312156856060028,0.2655230114857356,0.22178879380226135,0.3382742702960968,0.4552087187767029,0.3114335040251414,0.4452025294303894,0.29592732588450116,0.45116105675697327,0.29251496990521747,0.4410109519958496,0.31390081842740375,0.44978147745132446,0.22151558101177216,,0.24320761859416962,,0.28040534257888794,,0.24049879610538483,,0.12337715675433476,0.1250348584884304,-0.001657701734095643,0.15539835393428802,0.10606873035430908,0.14862616608540216,0.10865328460931778,0.12337715675433476,0.07158059626817703,0.12899182985226312,0.10940303653478622,0.13076323519150415,0.09400651603937149,0.12434116005897522,0.11433053761720657,0.12658771127462387,0.0997646376490593,0.12277984619140625,,0.12298231199383736,,0.1227259412407875,,0.12362902611494064,
83453494,qslstm,extrapolation,late,2000094,62,4,58,57,4,0.10501322941157683,0.2672416327160693,0.0530949115892696,0.23042333126068115,0.10992817252369529,0.27956153778359294,0.10467426781763761,0.26639198409072284,0.016462175469649464,0.012377530336380005,0.04810672998428345,0.23872073320671916,0.3609679937362671,0.23306270269677043,0.36832255125045776,0.27956153778359294,0.226207435131073,0.29251449881121516,0.24069291353225708,0.3072885754518211,0.23042333126068115,0.31381877698004246,,0.3054110550632079,,0.2899624550094207,,0.2972883426894744,,0.15097232659657797,,0.134271373351415,,0.14153132028877735,0.12504976461159772,0.016481555677179627,0.18290777131915092,0.08514657616615295,0.16247661039233208,0.12062328308820724,0.14153132028877735,0.1195080354809761,0.1302831806242466,0.09814301878213882,0.12654785998165607,0.09796714782714844,0.1366352861126264,,0.13168895741303763,,0.11880320807298024,,0.11490355680386226,,0.1139612893263499,,0.11006270100673039,
83453494,qslstm,extrapolation,late,2000095,62,5,57,57,4,0.14910030490994852,0.36553619670937015,0.2878302540573676,0.5364981398452073,0.1126903859925756,0.31376168937422333,0.1522941574465602,0.37007782015982166,0.021710062236116642,0.014752009085246496,0.03882959485054016,0.2994982898235321,0.3968760371208191,0.3453254848718643,0.39160704612731934,0.31376168937422333,0.5177499160636216,0.34299721927382054,0.5538808808196336,0.3323867401573807,0.5631471381057054,0.33733744830824436,0.5497992739547044,0.3744502326939255,0.5694674954283983,0.367749240109697,0.559188972460106,0.3248957654926926,0.5346648201812059,0.3338395258877426,0.5524085864890367,0.29394952952861786,,0.18098971694707872,0.12292995591435515,0.05805976103272356,0.17380982637405396,0.08905021101236343,0.16986060328781605,0.10130264610052109,0.18098971694707872,0.11691778898239136,0.1812252014875412,0.10885869711637497,0.1643674284219742,0.11967062950134277,0.14485470950603485,0.10302594304084778,0.14536835998296738,0.09533366560935974,0.13308315575122834,0.13420601189136505,0.12585020661354065,0.11891335248947144,0.12190846800804138,0.12707574665546417,0.11529219709336758,
83453494,qslstm,extrapolation,late,2000096,62,8,54,54,7,0.08005326171350526,0.22970014305845385,0.0002992439361273469,0.01729866862297058,0.0740678399773538,0.22567743249237537,0.08093999085960174,0.23029610017935434,0.014769348833296034,0.014059767127037048,0.04438248702457973,0.20769031842549643,0.40073415637016296,0.23500392053808486,0.39978083968162537,0.22567743249237537,0.010163754224777222,0.17399422079324722,0.0029022395610809326,0.19671639055013657,0.011486083269119263,0.25420169718563557,0.0037426650524139404,0.23927848041057587,0.01729866862297058,0.2602219709328243,,0.32135988984789166,,0.26236221194267273,,0.3181857268015544,,0.1748877502977848,0.11495852898116465,0.05992922131662015,0.1456735705335935,0.10489747673273087,0.16704371677977697,0.12759490311145782,0.1748877502977848,0.11790835857391357,0.15741716139018536,0.11854052543640137,0.1433302629739046,0.11009673029184341,0.13331542816013098,0.10649459809064865,0.13028754573315382,0.10178401321172714,0.1287095695734024,,0.12622249445744924,,0.11863017188651222,,0.11771310120820999,
83453494,qslstm,extrapolation,late,2000097,62,5,57,56,5,0.12225751027511841,0.3235255153549294,0.011018596244184664,0.10496950149536133,0.12909876877372195,0.34038541186600924,0.12165739988050407,0.3220465770644838,0.019169713237455914,0.011284172534942627,0.08384055495262147,0.28785259858705103,0.40820329636335373,0.29077813494950533,0.3722606524825096,0.34038541186600924,0.13199388980865479,0.3656371641904116,0.13430359959602356,0.3633490908890963,0.14934363961219788,0.3309084702283144,0.14100563526153564,0.3419933484867215,0.1308654248714447,0.3639718696475029,0.1108907163143158,0.33841426819562914,0.09260708093643188,0.3528906986117363,0.12354043126106262,0.41551423631608486,,0.16541779041290283,0.12060259138805825,0.044815199024844585,0.19604234024882317,0.11369330435991287,0.2121105283498764,0.10954412072896957,0.16541779041290283,0.0876198336482048,0.15440588891506196,0.08877801150083542,0.1378427639603615,0.1058955192565918,0.1359461799263954,0.09819090366363525,0.1332420900464058,0.10526802390813828,0.1226226270198822,0.08574381470680237,0.12716060429811477,0.10852369666099548,0.12095241695642471,0.1178429126739502,0.11509032174944878,
83453494,qslstm,extrapolation,late,2000098,62,2,60,60,1,0.2077718764544917,0.44633801690032404,0.12353646708553456,0.3514775484800339,0.0803664863702852,0.2819816544651985,0.2120187227906319,0.45181656231482825,0.016210700571537017,0.012054670602083206,0.02362293004989624,0.5329462289810181,0.5329462289810181,0.5349946022033691,0.5349946022033691,0.2819816544651985,0.31118495762348175,0.27463778108358383,0.35304711759090424,0.31336548179388046,0.3576391190290451,0.2865729257464409,0.33543960750102997,0.30415237694978714,0.3297669440507889,0.34638258069753647,0.33953915536403656,0.3634510561823845,0.3514775484800339,0.4617931842803955,,0.49944737553596497,,0.2072080411016941,0.12097541652619839,0.08623262457549571,0.12091291695833206,0.12091291695833206,0.11007550358772278,0.11007550358772278,0.2072080411016941,0.10664031654596329,0.18773895129561424,0.07910313457250595,0.1708858273923397,0.1209857240319252,0.16153403744101524,0.11185240000486374,0.14614271000027657,0.10013037174940109,0.12666315212845802,0.10489960759878159,0.13691256195306778,0.1316821277141571,0.13212309777736664,,0.12144863605499268,
83453494,qslstm,extrapolation,late,2000099,62,5,57,57,4,0.15168145971385746,0.3786040062625562,0.07767598745751259,0.27870412170886993,0.07776888298170871,0.2593905821442604,0.15816501907632668,0.38906132416766986,0.012773104926996064,0.010977208614349365,0.058338262140750885,0.23635085175434747,0.18876966834068298,0.2586206626147032,0.17710775136947632,0.2593905821442604,0.27126093208789825,0.32951879501342773,0.27369822561740875,0.36884392350912093,0.26890192925930023,0.3827644869685173,0.27236150205135345,0.3785530969500542,0.27424032986164093,0.3713333323597908,0.27160267531871796,0.374485082924366,0.2585672587156296,0.38226555846631527,,0.42992373555898666,,0.20356590151786805,0.11195957490749527,0.09160632661037278,0.18939390778541565,0.1107071116566658,0.19507362321019173,0.09006715565919876,0.20356590151786805,0.1112896278500557,0.16614067256450654,0.08785686641931534,0.1527947336435318,0.11021611094474792,0.13887742161750793,0.09645184129476547,0.12673806101083757,0.11243343353271484,0.12209183871746063,0.11446531862020493,0.12029532790184021,0.11400093883275986,0.10657698288559914,,0.11259973794221878,
83453494,qslstm,extrapolation,late,2000100,62,3,59,59,2,0.060831339247855,0.2413941987099186,0.032012611966369064,0.1789206862449646,0.06547059962944513,0.24631149570147196,0.060595444652180926,0.24114416665950064,0.016927206920365156,0.0009561777114868164,0.016281455755233765,0.28641580045223236,0.22007521986961365,0.28282158076763153,0.21797212958335876,0.24631149570147196,0.17796450853347778,0.22987948854764303,0.1789206862449646,0.22941823303699493,,0.2136869579553604,,0.24452097713947296,,0.2562570124864578,,0.24304048717021942,,0.2524438351392746,,0.25463642179965973,,0.20913272351026535,0.11825633440482414,0.09087638910544121,0.09805360063910484,0.08209537714719772,0.10991930216550827,0.11371583491563797,0.20913272351026535,0.11478883028030396,0.15233841041723886,0.09893017262220383,0.1576908752322197,,0.14583546295762062,,0.12277166545391083,,0.1288650520145893,,0.11995958536863327,,0.10522801801562309,,0.1348571889102459,
83453494,qslstm,extrapolation,late,2000101,62,1,61,60,1,0.14826091846142178,0.376340213802553,0.03763751702788287,0.1940039098262787,0.045173910645531556,0.21254155039787292,0.14995086940922325,0.37902543779279363,0.01721130112806956,0.011374013764517648,0.012210607528686523,0.44519156217575073,0.44519156217575073,0.41295063495635986,0.41295063495635986,0.21254155039787292,0.21254155039787292,0.20591649413108826,0.20591649413108826,0.20935901999473572,0.20935901999473572,0.19896289706230164,0.19896289706230164,0.2187471091747284,0.2187471091747284,0.2181205451488495,0.2181205451488495,,,,,,,0.10257337242364883,0.12455398308449105,-0.021980610660842212,0.11641967296600342,0.11641967296600342,0.0986870750784874,0.0986870750784874,0.10257337242364883,0.10257337242364883,0.10508716851472855,0.10508716851472855,0.0910198763012886,0.0910198763012886,0.1136145070195198,0.1136145070195198,0.07471508532762527,0.07471508532762527,0.11980646848678589,0.11980646848678589,,,,,,
83453494,qslstm,extrapolation,late,2000102,62,4,58,58,3,0.10491889564961882,0.30797622281862724,0.016183663300481044,0.12721502780914307,0.10348948172700337,0.24501892941771075,0.10501747592014402,0.3123181051221387,0.016455597918609094,0.007253110408782959,0.026737133661905926,0.2023693546652794,0.37150512635707855,0.34296286129392684,0.3699728697538376,0.24501892941771075,0.13263636827468872,0.12770245596766472,0.12793856859207153,0.1306804157793522,0.13610756397247314,0.1477050967514515,0.12721502780914307,0.23297102252642313,,0.33836858967940014,,0.3256742904583613,,0.28856274982293445,,0.25894210239251453,,0.19669205509126186,0.11585322138050506,0.0808388337107568,0.14058902487158775,0.0996910110116005,0.19424416373173395,0.10947791486978531,0.19669205509126186,0.09300781041383743,0.17128006927669048,0.07612378150224686,0.17022217251360416,0.11773739010095596,0.1470398511737585,0.09871379286050797,0.15359938641389212,,0.15063587327798209,,0.1364899824062983,,0.11999971916278203,,0.11361264685789745,
83453494,qslstm,extrapolation,late,2000103,62,6,56,56,5,0.08482797869976885,0.2852883449485225,0.032977944633913125,0.18159830570220947,0.06674836324756735,0.2506791576743126,0.08676508035536187,0.28899647215647356,0.01592807631407465,0.005554482340812683,0.012370991706848144,0.3117292195558548,0.3036912679672241,0.31576281487941743,0.3010857105255127,0.2506791576743126,0.1704893410205841,0.28462928781906766,0.17665788531303406,0.2834181934595108,0.18159830570220947,0.31038750410079957,,0.3013342559337616,,0.2333514869213104,,0.2269931972026825,,0.25259456038475037,,0.26955385009447735,,0.15228325625260672,0.11548224663628,0.03680100961632672,0.11330352127552032,0.09792505949735641,0.11337192952632905,0.10465377569198608,0.15228325625260672,0.11134856194257736,0.12889721989631653,0.0912569984793663,0.12503009289503098,0.0951160117983818,0.12230593711137772,,0.12141373604536057,,0.11551140248775482,,0.11307245790958405,,0.11253681282202403,,0.10432388136784236,
83453494,qslstm,extrapolation,late,2000104,62,3,59,59,2,0.15041344610941532,0.37395133063076963,0.03470943693982065,0.18630468845367432,0.10473177047566477,0.2991400131334861,0.15273624317553822,0.3777552959272417,0.018755187927666356,0.0167892724275589,0.017110005021095276,0.44030273985117674,0.4950313773006201,0.44722632598131895,0.5186420883983374,0.2991400131334861,0.18340229988098145,0.30951272137463093,0.19094741344451904,0.33913297144075233,0.1670340895652771,0.37033974813918275,0.19798094034194946,0.32623730786144733,0.1684049367904663,0.36416388240953285,0.19016176462173462,0.3518236943831046,0.18630468845367432,0.41063941549509764,,0.4470174117013812,,0.17987931768099466,0.11834151449344926,0.0615378031875454,0.10173231363296509,0.1062208041548729,0.10240811854600906,0.1018243208527565,0.17987931768099466,0.11064919829368591,0.1439779500166575,0.10403665155172348,0.13913452625274658,0.0954156145453453,0.1266697272658348,0.1206473708152771,0.11774157236019771,0.0821264460682869,0.1297484189271927,0.12075644731521606,0.1159067153930664,0.09278250485658646,0.09502958133816719,,0.11679776385426521,
83453494,qslstm,extrapolation,late,2000105,62,9,53,53,8,0.09196840460011424,0.28991294520035865,0.0942874928201185,0.30706268548965454,0.08300661022547501,0.2659178694917096,0.0934902187392039,0.2939875806980538,0.014799660106874862,0.0028313000996907554,0.025662411004304886,0.24095363968185016,0.22911565005779266,0.2891868785955012,0.234529510140419,0.2659178694917096,0.3103216290473938,0.2579858886698882,0.3084339201450348,0.25329164870911175,0.30444520711898804,0.2702188313835197,0.30706268548965454,0.26472797291353345,,0.2857687999494374,,0.32144975382834673,,0.3354409388266504,,0.35572907561436296,,0.168466840353277,0.11221707991833957,0.05624976043493743,0.1445989544902529,0.11039578914642334,0.15550978016108274,0.10737294703722,0.168466840353277,0.1073755994439125,0.1449313602513737,0.10565051436424255,0.13959568738937378,0.11808121204376221,0.1338086442814933,0.1156313344836235,0.13497607223689556,,0.12071754410862923,,0.12357855122536421,,0.11785467341542244,,0.11074963118880987,
83453494,qslstm,extrapolation,late,2000106,62,7,55,55,6,0.15108291347747113,0.3711841827438724,0.03221419950973914,0.17948314547538757,0.10122702780563987,0.301128376275301,0.1574282080175224,0.38010037629441784,0.017193371599370785,0.007691701253255208,0.05536210536956787,0.3525280438363552,0.47156471014022827,0.35255233633021515,0.46320420503616333,0.301128376275301,0.1727394163608551,0.3129898974938052,0.17306894063949585,0.3168829663523606,0.16563406586647034,0.35496971969093594,0.16675379872322083,0.3521289538059916,0.1846579909324646,0.39771357817309244,0.18171188235282898,0.36600215999143465,0.17169398069381714,0.36171081715396475,0.17948314547538757,0.3878080702076356,,0.18892998354775564,0.1158211893656037,0.07310879418215194,0.1883853018283844,0.10232169181108475,0.19098859404524168,0.09342426061630249,0.18892998354775564,0.10416596382856369,0.17162725116525376,0.10446349531412125,0.15829899268490927,0.09421753138303757,0.1547221349818366,0.1127554252743721,0.14137083292007446,0.0985991582274437,0.13778682478836604,0.11417832225561142,0.12636774352618627,0.08872046321630478,0.12161506818873542,0.10694766789674759,0.11311179275314014,
83453494,qslstm,extrapolation,late,2000107,62,4,58,57,4,0.17348337679018394,0.3711386685890536,0.15824604807336584,0.3978015184402466,0.18215566474131736,0.38851239066571,0.1728852879659678,0.36994048085962905,0.01999235362337347,0.00978243350982666,0.04255121946334839,0.3404268054291606,0.48687009140849113,0.30250565987080336,0.5125387124717236,0.38851239066571,0.4040924310684204,0.3751550791785121,0.39673084020614624,0.38975929003208876,0.4082590341567993,0.37890765350311995,0.3978015184402466,0.21980640664696693,,0.182682945082585,,0.18993218118945757,,0.19684860482811928,,0.36171794682741165,,0.14189902134239674,0.13187381445333876,0.010025206889057975,0.17009638994932175,0.1141994372010231,0.15939640626311302,0.11744871735572815,0.14189902134239674,0.09668851643800735,0.15007303282618523,0.12780649960041046,0.13959265686571598,0.10850319266319275,0.12756424769759178,0.0961543396115303,0.1257334699233373,,0.13156427691380182,,0.11886702974637349,,0.11450692762931187,,0.11508503307898839,
83453494,qslstm,extrapolation,late,2000108,62,5,57,56,5,0.052534460363433046,0.21821302319726638,0.019658368490471645,0.14020830392837524,0.0668120900644725,0.22676326632499694,0.05128203670544713,0.21746300187027245,0.018718287348747253,0.018372297286987305,0.044955873489379884,0.23800373077392578,0.24299302697181702,0.2395528793334961,0.19919344782829285,0.22676326632499694,0.17500406503677368,0.2261950671672821,0.16582757234573364,0.21995802521705626,0.1888297200202942,0.2209537923336029,0.16709619760513306,0.1496799409389496,0.19416671991348267,0.14720460772514343,0.14981478452682495,0.19618649482727052,0.15648728609085083,0.2678216814994812,0.1524009108543396,0.2644491642713547,,0.1651131972670555,0.1230008446595125,0.04211235260754301,0.20073020458221436,0.12152314931154251,0.1852058708667755,0.1161578893661499,0.1651131972670555,0.09299594908952713,0.14911935925483705,0.10915573686361313,0.14548589587211608,0.10894355177879333,0.13444075584411622,0.0878862515091896,0.1323627695441246,0.11646916717290878,0.13101028501987458,0.1072353944182396,0.12606315463781356,0.09430896490812302,0.1147762417793274,0.10689537972211838,0.11018936336040497,
83453494,qslstm,extrapolation,late,2000109,62,4,58,57,4,0.10626454919451044,0.32297185694258057,0.07813781436312084,0.27953141927719116,0.08836250110703875,0.29507510690018535,0.10749917320054297,0.32489577073860787,0.016676018112584165,0.01890910267829895,0.036530718207359314,0.37948911217972636,0.35057221353054047,0.39730148343369365,0.3217858225107193,0.29507510690018535,0.24799630045890808,0.3145514237694442,0.2593075633049011,0.31021088687703013,0.26452988386154175,0.3232248234562576,0.28282630443573,0.3063657688908279,0.25132110714912415,0.31440534132222336,,0.30664745904505253,,0.3375168734540542,,0.317388782898585,,0.1381478812545538,0.11958456938636713,0.01856331186818666,0.17682159319519997,0.10782266408205032,0.15629561617970467,0.12010129541158676,0.1381478812545538,0.0938253328204155,0.1281260047107935,0.1000109612941742,0.11796644702553749,0.11559224128723145,0.11504059471189976,0.10418567061424255,0.12007765471935272,0.09633367508649826,0.11943558603525162,,0.10544738670190175,,0.10714586079120636,,0.09947170813878377,
83453494,qslstm,extrapolation,late,2000110,62,6,56,56,5,0.08520183350147331,0.2780762193424086,0.1259165249250565,0.35484718531370163,0.0698923877715387,0.25321419661243755,0.08684213125825203,0.2807400074920484,0.017794978937932422,0.01482735201716423,0.030623596906661988,0.26878460347652433,0.18086323142051697,0.24548594057559966,0.19150212407112122,0.25321419661243755,0.3560614809393883,0.2957185320556164,0.3692394122481346,0.2994057573378086,0.38382744044065475,0.30109361186623573,0.3893611952662468,0.28787369405229885,0.37630289047956467,0.32118669028083485,0.40170543640851974,0.3191971567769845,0.35484718531370163,0.30325337648391726,,0.30287526845932006,,0.16573978463808695,0.11503557980592762,0.05070420483215933,0.14344894140958786,0.0844416618347168,0.13421031534671785,0.10829880088567734,0.16573978463808695,0.11166772246360779,0.15390290319919586,0.09935647249221802,0.13534734025597572,0.07168734818696976,0.13301156709591547,0.1003398597240448,0.12981671219070753,0.11423072963953018,0.11842159181833267,0.07857244461774826,0.11734819660584132,0.10507476329803467,0.10379641354084015,,0.10763298124074935,
83453494,qslstm,extrapolation,late,2000111,62,3,59,59,2,0.16048338128211045,0.39708495512604713,0.14205033752569213,0.3768956586718559,0.1463722476882646,0.3784026727080345,0.16120089654959413,0.39803490168967487,0.02122819171113483,0.007983878254890442,0.007564753293991089,0.4130546376109123,0.4743220806121826,0.4111446663737297,0.4691508412361145,0.3784026727080345,0.3743823394179344,0.4219376966357231,0.3822004720568657,0.4135304217537244,0.3833727762103081,0.39210523416598636,0.3606942221522331,0.3725063030918439,0.3670761212706566,0.38881174971659976,0.3768956586718559,0.4011944755911827,,0.4144417271018028,,0.4277481362223625,,0.1834436555703481,0.12119619422039743,0.062247461349950683,0.10459594056010246,0.11191727966070175,0.10384978353977203,0.09470240026712418,0.1834436555703481,0.11329237371683121,0.14822424948215485,0.09771109372377396,0.14413857211669287,0.1014428436756134,0.13244667400916418,0.09977135807275772,0.12425750990708669,0.09103798121213913,0.11921598017215729,0.0930248275399208,0.11999891325831413,,0.11902664229273796,,0.12264367565512657,
83453494,qslstm,extrapolation,late,2000112,62,5,57,56,5,0.07990574564010235,0.26981822677677675,0.1932249964489668,0.43957365304231644,0.12812267598499566,0.3306813657283783,0.07567619034669067,0.264479354938917,0.01768378381218229,0.010055065155029297,0.0690659761428833,0.34936463460326195,0.24997574090957642,0.2238399550318718,0.22874242067337036,0.3306813657283783,0.41809142380952835,0.34527611136436465,0.44391513615846634,0.3661523997783661,0.4429807737469673,0.2929206624627113,0.43957365304231644,0.2682267874479294,,0.2564385384321213,,0.22282636165618896,,0.20801347494125366,,0.22214151918888092,,0.16050336956977845,0.11708076611945503,0.04342260345032342,0.15517831221222878,0.09473540633916855,0.1911194160580635,0.10186824202537537,0.16050336956977845,0.11249969154596329,0.14948073923587799,0.09565041214227676,0.13372638523578645,0.10926401615142822,0.13388282656669617,0.08987218141555786,0.1445495691150427,,0.12425998598337173,,0.11543085984885693,,0.11511063389480114,,0.09738755226135254,
83453494,qslstm,extrapolation,late,2000113,62,5,57,57,4,0.12898580270468363,0.35441275998469324,0.11070738551558179,0.33272719383239746,0.1364568173032142,0.36666311919689176,0.12833045054691783,0.35333816707134247,0.01775623727263066,0.014105618000030518,0.020750895142555237,0.3512249104678631,0.3467036634683609,0.340673815459013,0.34461869299411774,0.36666311919689176,0.32218945026397705,0.380045947432518,0.31335270404815674,0.3740177035331726,0.33272719383239746,0.38062265515327454,,0.3597172945737839,,0.35566022992134094,,0.40004929155111313,,0.3850063420832157,,0.37557533755898476,,0.15903137028217315,0.12028744450786658,0.038743925774306576,0.11900968663394451,0.07806239277124405,0.12306837551295757,0.10528578609228134,0.15903137028217315,0.08129153400659561,0.13869393467903138,0.11378124356269836,0.14404177069664,0.119888074696064,0.13422389328479767,,0.13719402439892292,,0.14582698792219162,,0.12738553248345852,,0.11990642733871937,,0.1139046959578991,
83453494,qslstm,extrapolation,late,2000114,62,5,57,56,5,0.11750777643364362,0.3066808301354608,0.2477950411975236,0.4977901577949524,0.11232265417253098,0.297427349537611,0.11796261171970612,0.30749253895983364,0.01759277709892818,0.010953788246427263,0.03813701868057251,0.3010853998363018,0.0871325135231018,0.3105072431266308,0.09859421849250793,0.297427349537611,0.4765250086784363,0.3202608458697796,0.49590349197387695,0.22741575241088868,0.47324538230895996,0.23247501254081726,0.4966152310371399,0.23941100835800172,0.4917219281196594,0.2561985909938812,0.5109111964702606,0.2870303504168987,0.49966615438461304,0.20739662647247314,0.49035799503326416,0.33811600506305695,,0.11247141361236572,0.12594160999645265,-0.013470196384086933,0.13922097384929658,0.09911360591650009,0.13100334852933884,0.11164960265159607,0.11247141361236572,0.07157927006483078,0.12321219891309738,0.12057501077651978,0.10760813504457474,0.07641097158193588,0.11531055271625519,0.11128466576337814,0.11644448488950729,0.11959215998649597,0.1227285698056221,0.11692356318235397,0.11498193591833114,0.10722590237855911,0.10814503282308578,0.1168961301445961,0.0996756237000227,
83453494,qslstm,extrapolation,late,2000115,62,5,57,57,4,0.10257243799256824,0.2957345725547883,0.10935681003090836,0.3306914120912552,0.06853519666271057,0.23755110204219818,0.10555816091623998,0.30083838575764704,0.022096961736679077,0.010616696797884427,0.050715796649456024,0.16640176872412363,0.06294131278991699,0.2031923234462738,0.07353675365447998,0.23755110204219818,0.34976692497730255,0.23562029004096985,0.33742405474185944,0.23733676075935364,0.3552461415529251,0.27078006565570834,0.36000682413578033,0.2350676625967026,0.3632889539003372,0.24040862023830414,0.3785064369440079,0.24229176938533784,0.3669038563966751,0.30053349733352663,0.35255421698093414,0.33613257110118866,,0.2180790588259697,0.12073556333780289,0.09734349548816681,0.12736806521813074,0.11092349141836166,0.19697683304548264,0.11313266307115555,0.2180790588259697,0.11289891600608826,0.1702502816915512,0.09791913628578186,0.14594914019107819,0.08407682925462723,0.14049204289913178,0.11364404112100601,0.13365468829870225,0.0943564847111702,0.12975321859121322,0.11991836875677109,0.12913161665201187,0.10231968760490417,0.1230370819568634,0.11589301377534866,0.10851150192320347,
83453494,qslstm,extrapolation,late,2000116,62,7,55,54,7,0.10053842522135562,0.24911770849458634,0.27133654209257063,0.5208997428417206,0.09682274416550797,0.2737859146935599,0.10101133008300894,0.24597811861471697,0.02012074242035548,0.007734139760335286,0.02781157834189279,0.23775677595819747,0.09269428253173828,0.24974316571440017,0.09376037120819092,0.2737859146935599,0.4976973235607147,0.2674387629543032,0.49899470806121826,0.28266212557043346,0.5109382271766663,0.2897944578102657,0.5208997428417206,0.29290513694286346,,0.3459346642096837,,0.4099084759751956,,0.4594488888978958,,0.38343748946984607,,0.14008809413228715,0.1190427380529317,0.021045356079355454,0.15949550909655436,0.11037600785493851,0.1510584599205426,0.11261019855737686,0.14008809413228715,0.0961800143122673,0.14159226098230906,0.11324107646942139,0.13013137451239995,0.1018635630607605,0.1204586188708033,0.08844191581010818,0.12392789497971535,,0.12209068611264229,,0.11209939047694206,,0.11432851478457451,,0.11851847792665164,
83453494,qslstm,extrapolation,late,2000117,62,4,58,58,3,0.09374144904343852,0.26793675413054807,0.03547786380073603,0.1883556842803955,0.057615833405445294,0.20936454832553864,0.09623287081157599,0.27197621659985904,0.016850557820550328,0.017227478325366974,0.01609524091084798,0.24252410729726157,0.3892746567726135,0.23981602986653647,0.3724897503852844,0.20936454832553864,0.1731535792350769,0.2429676502943039,0.1627400517463684,0.23148459196090698,0.1807241439819336,0.24237880110740662,0.17720037698745728,0.17185278236865997,0.21835720539093018,0.16378141939640045,0.2186560034751892,0.14830420911312103,0.1883556842803955,0.14606299002965292,,0.2600393295288086,,0.18909197486937046,0.12077141283401127,0.06832056203535919,0.14294026792049408,0.11059413105249405,0.13634955634673437,0.10729134827852249,0.18909197486937046,0.12048685550689697,0.15385591052472591,0.10223183780908585,0.1429924461990595,0.10792887210845947,0.13614929653704166,0.10862401872873306,0.12784376554191113,0.0978514552116394,0.11894020065665245,0.11680653691291809,0.11214527115225792,0.12931109964847565,0.11210992187261581,,0.114834263920784,
83453494,qslstm,extrapolation,late,2000118,62,3,59,58,3,0.08093909975413298,0.261369641269407,0.08013702640141762,0.28308483958244324,0.09005475677610697,0.2814462383588155,0.08047559176996481,0.26034879734960653,0.015931572379737066,0.01748767920902797,0.07280365626017253,0.3308417350053787,0.1765580177307129,0.2645248870054881,0.1858130693435669,0.2814462383588155,0.2734186351299286,0.29169774055480957,0.2925509512424469,0.3090444803237915,0.28517165780067444,0.29509518543879193,0.2794111669063568,0.2827546497186025,0.25804755091667175,0.3120473424593608,0.2913360297679901,0.32264600197474164,0.2996227443218231,0.32454586029052734,0.30153676867485046,0.1786298155784607,,0.15711046755313873,0.12530788804514933,0.0318025795079894,0.11763811483979225,0.11943167448043823,0.19591382642587027,0.12478074431419373,0.15711046755313873,0.11493808031082153,0.15287156154712042,0.09259184449911118,0.1444004327058792,0.12552477419376373,0.13690879195928574,0.11921080201864243,0.12177752951780955,0.10564282536506653,0.11625829090674718,0.11140751838684082,0.1288977637887001,0.13443219661712646,0.12241448213656743,0.10650762170553207,0.10820572450757027,
83453494,qslstm,extrapolation,late,2000119,62,4,58,57,4,0.2195989815859058,0.43695343363534417,0.35027229140647265,0.5918380618095398,0.20088840190389862,0.42016863770550117,0.2208893663915615,0.4381110057684368,0.016387031789411578,0.011083759367465973,0.013054952025413513,0.2982870614505373,0.38616859703324735,0.3195388814783655,0.38708942919038236,0.42016863770550117,0.5706600844860077,0.41960018075769767,0.5726424157619476,0.4267683396465145,0.5923449099063873,0.42947247572010383,0.5785179436206818,0.4288880968815647,0.5929310023784637,0.4186504179961048,0.588909387588501,0.5130464950925671,0.5982093513011932,0.5691711455583572,0.5918380618095398,0.5545194844404856,,0.11922257021069527,0.1177037020438704,0.001518868166824866,0.11056841537356377,0.10113493353128433,0.11124601773917675,0.10132590681314468,0.11922257021069527,0.09441391378641129,0.11503364890813828,0.11606022715568542,0.12039042077958584,0.11276480555534363,0.11289146170020103,0.10717523843050003,0.10444560833275318,0.10797261446714401,0.1154998354613781,0.10622908920049667,0.10523008182644844,0.10472229868173599,0.10959883406758308,0.0939323902130127,0.10467620939016342,
83453494,qslstm,extrapolation,late,2000120,62,4,58,58,3,0.1843026326524807,0.3758994535573067,0.006818683670871906,0.08257532119750977,0.1496006280316379,0.31210315972566605,0.18669587435046986,0.38029919795948885,0.02423559591687959,0.015062034130096436,0.02515860398610433,0.3808894567191601,0.5790372118353844,0.4483034710089366,0.5765173062682152,0.31210315972566605,0.08245664834976196,0.24545237980782986,0.09549927711486816,0.262780150398612,0.05790352821350098,0.2339461501687765,0.07001686096191406,0.20325054787099361,0.07235991954803467,0.28437303255001706,,0.29083969940741855,,0.2696989451845487,,0.3080217316746712,,0.1818825528025627,0.12234788657776241,0.0595346662248003,0.12096452340483665,0.1125931665301323,0.17278705288966498,0.10781431198120117,0.1818825528025627,0.09874840825796127,0.15546481870114803,0.10496664047241211,0.16338872537016869,0.11941856145858765,0.1598232351243496,0.11631297320127487,0.14365487918257713,0.09998921304941177,0.13637175659338632,,0.14753756175438562,,0.1270467018087705,,0.12202358494202296,
83453494,qslstm,extrapolation,late,2000121,62,7,55,54,7,0.05389166371657296,0.21740134769389707,0.05807611448929961,0.24098986387252808,0.07509605944956,0.23030942572014673,0.051192922441465526,0.2157585013996471,0.020576822536963003,0.01785049835840861,0.02245507069996425,0.1674908995628357,0.2365419864654541,0.2673264390655926,0.24813908338546753,0.23030942572014673,0.2278759479522705,0.13929806436811173,0.20765715837478638,0.14757682595934188,0.2235432267189026,0.1465016348021371,0.24098986387252808,0.20742059871554375,,0.2041460374991099,,0.19592655698458353,,0.2766503803431988,,0.22909806172053018,,0.13302051701716014,0.12303780683062293,0.009982710186537208,0.15897647184985025,0.13086195290088654,0.14206956859145844,0.09954706579446793,0.13302051701716014,0.10251239687204361,0.12687978254897253,0.09456571191549301,0.1317414715886116,0.13085836172103882,0.12549053877592087,0.11076696962118149,0.12888618310292563,,0.11379215369621913,,0.11453047767281532,,0.11292281374335289,,0.11411859591801961,
83453494,qslstm,extrapolation,late,2000122,62,4,58,57,4,0.05969792837200436,0.2341277301311493,0.14485139601348251,0.380593478679657,0.1629345574974952,0.37700793147087097,0.052578160846108446,0.22427392314220296,0.015743828656380635,0.007588014006614685,0.04718084633350372,0.31389020383358,0.18967199325561523,0.33728720247745514,0.19095301628112793,0.37700793147087097,0.3675093650817871,0.2685299515724182,0.35890716314315796,0.25692714750766754,0.3588753938674927,0.23967039585113525,0.3751903772354126,0.2511540651321411,0.380593478679657,0.2533075014750163,,0.28003289302190143,,0.23678441842397055,,0.22445819775263467,,0.14205877669155598,0.125222890413013,0.01683588627854299,0.1759561486542225,0.10682165622711182,0.1565220896154642,0.09109426289796829,0.14205877669155598,0.09990856796503067,0.14189568348228931,0.12345985323190689,0.1312569621950388,0.10049333423376083,0.12922709062695503,0.11524355411529541,0.11661316268146038,0.10972467809915543,0.11893302698930104,,0.12605243176221848,,0.12061165024836858,,0.10266141841808955,
83453494,qslstm,extrapolation,late,2000123,62,3,59,58,3,0.10555396546560492,0.3115136190768211,0.16641890996755038,0.4079447388648987,0.11302144391074027,0.3161318103472392,0.10517426317178448,0.3112787957918846,0.01783661287406395,0.008234402963093348,0.010114391644795736,0.2988497018814087,0.3332985043525696,0.3158527414004008,0.35909849405288696,0.3161318103472392,0.41606390476226807,0.3255293170611064,0.4250842332839966,0.32205108801523846,0.40878504514694214,0.34509344895680744,0.4221922755241394,0.34223435322443646,0.41379332542419434,0.337798813978831,0.41532081365585327,0.3283112645149231,0.4253532886505127,0.3265841801961263,0.4129759669303894,0.27397340536117554,,0.11827246348063152,0.12329124217316256,-0.005018778692531048,0.11219761520624161,0.08775559067726135,0.12054844448963802,0.11874669045209885,0.11827246348063152,0.12511783838272095,0.11130628983179729,0.1014542281627655,0.1111640880505244,0.11625643819570541,0.1073123464981715,0.09016994386911392,0.11314035207033157,0.1063399612903595,0.10745022942622502,0.10617455095052719,0.11162907630205154,0.10076082497835159,0.09059845407803853,0.09518731385469437,0.12245000526309013,
83453494,qslstm,extrapolation,late,2000124,62,4,58,57,4,0.17796982484943738,0.404458602650031,0.1817252109859172,0.42629240080714226,0.11520371515863251,0.31493117939680815,0.18229852206949282,0.41063290770197736,0.017778363144188597,0.017748513817787172,0.029788754880428314,0.2889014929533005,0.4773309528827667,0.26269957423210144,0.4729495346546173,0.31493117939680815,0.4130185954272747,0.3123242137953639,0.4383571557700634,0.32510368805378675,0.4225304536521435,0.3299294663593173,0.4497005455195904,0.33007466327399015,0.43764738366007805,0.4135660855099559,0.4293437711894512,0.35952464025467634,0.4247455708682537,0.4527350068092346,,0.46322646737098694,,0.12209601327776909,0.1267636459449242,-0.004667632667155114,0.15850047208368778,0.09849491715431213,0.1462079919874668,0.12522190809249878,0.12209601327776909,0.10248982906341553,0.13504991121590137,0.10128375142812729,0.12180844321846962,0.09750456362962723,0.11798642203211784,0.0983215942978859,0.12233630195260048,0.11881064623594284,0.11969827488064766,0.10829847306013107,0.12120741792023182,0.10332474857568741,0.10849861055612564,,0.1050352156162262,
83453494,qslstm,extrapolation,late,2000125,62,4,58,57,4,0.12977565060335725,0.34170693333350843,0.004701544903188193,0.06856781244277954,0.09444971218567359,0.2795492382720113,0.1322119222183699,0.3459936709239565,0.02239232052836502,0.013367509841918946,0.04673818498849869,0.20532677602022886,0.40242836996912956,0.2731308089569211,0.3985503725707531,0.2795492382720113,0.06834876537322998,0.2581271333619952,0.04836273193359375,0.27222399692982435,0.06837892532348633,0.30586116295307875,0.0645361840724945,0.30395817290991545,0.07804828882217407,0.4071570970118046,,0.39301443472504616,,0.40312302485108376,,0.37525728717446327,,0.15206800401210785,0.11716315098877611,0.03490485302333174,0.20414293557405472,0.10178950428962708,0.17505755089223385,0.08419174700975418,0.15206800401210785,0.1061294749379158,0.13143179565668106,0.09992828965187073,0.13401061668992043,0.10984768718481064,0.1263936087489128,0.09608528017997742,0.1201661042869091,0.09417558461427689,0.11909011006355286,,0.12258773297071457,,0.1140357827146848,,0.11146935323874156,
83453494,qslstm,extrapolation,early,2000126,62,2,60,59,2,0.10911411724402303,0.32258188580313035,0.11119513642611967,0.33345934748649597,0.10283661963691859,0.3200506865978241,0.10932336716425986,0.32266625910997393,0.021801271681058203,0.015727381706237793,0.035762324929237366,0.23067085444927216,0.29994651675224304,0.27025817334651947,0.307397723197937,0.3200506865978241,0.34015485644340515,0.3375388830900192,0.36768004298210144,0.35090261697769165,0.36165037751197815,0.35584069788455963,0.3440013527870178,0.36446791887283325,0.36728546023368835,0.3811429738998413,0.39500048756599426,0.39715003967285156,0.39929959177970886,0.3912913501262665,0.3913479447364807,0.3738034665584564,0.3637140393257141,0.12930769845843315,0.12379647220174471,0.005511226256688442,0.14841102808713913,0.1390649825334549,0.14121874421834946,0.13949397206306458,0.12930769845843315,0.11955041438341141,0.1323438435792923,0.12519371509552002,0.1137503907084465,0.1079503670334816,0.12045547366142273,0.11571723222732544,0.12131820246577263,0.13468603789806366,0.12246310338377953,0.11024016886949539,0.11747901886701584,0.12471786886453629,0.12059583514928818,0.11899236589670181,0.11138445511460304,0.11602494865655899
83453494,qslstm,extrapolation,early,2000127,62,1,61,60,1,0.17083498922576032,0.40768315619038,0.15417599486318068,0.3926525115966797,0.07441156300878049,0.2727848291397095,0.17241570113095672,0.4098946041748172,0.02010401984055837,0.019998721146987655,0.08079016208648682,0.15243464708328247,0.15243464708328247,0.17875128984451294,0.17875128984451294,0.2727848291397095,0.2727848291397095,0.20973145961761475,0.20973145961761475,0.2775059938430786,0.2775059938430786,0.3154771327972412,0.3154771327972412,0.30064308643341064,0.30064308643341064,0.3639746904373169,0.3639746904373169,0.3931797742843628,0.3931797742843628,0.42428192496299744,0.42428192496299744,0.41213417053222656,0.41213417053222656,0.1937459111213684,0.12237084424886548,0.07137506687250293,0.3889789581298828,0.3889789581298828,0.24141472578048706,0.24141472578048706,0.1937459111213684,0.1937459111213684,0.20929546654224396,0.20929546654224396,0.20437879860401154,0.20437879860401154,0.16730153560638428,0.16730153560638428,0.13526682555675507,0.13526682555675507,0.13398349285125732,0.13398349285125732,0.13209982216358185,0.13209982216358185,0.11881468445062637,0.11881468445062637,0.128202423453331,0.128202423453331
83453494,qslstm,extrapolation,early,2000128,62,2,60,60,1,0.19939648871818605,0.44105002380186514,0.24089732978591716,0.49081292748451233,0.1546484843459326,0.3853026479482651,0.20088808886392778,0.44290826966365177,0.017988968392213187,0.015602124087950763,0.051223158836364746,0.2795402407646179,0.2795402407646179,0.24330279231071472,0.24330279231071472,0.3853026479482651,0.4639814496040344,0.3552912324666977,0.4743782579898834,0.36152710020542145,0.42875170707702637,0.38124294579029083,0.42830467224121094,0.3761893957853317,0.44443678855895996,0.37653397023677826,0.43294858932495117,0.3660309910774231,0.45252174139022827,0.4402681589126587,0.451784610748291,0.44021737575531006,0.44748616218566895,0.2315591424703598,0.12002029145757358,0.11153885101278622,0.13951057195663452,0.13951057195663452,0.13702957332134247,0.13702957332134247,0.2315591424703598,0.11347919702529907,0.20445851236581802,0.13667921721935272,0.16741898655891418,0.10542917251586914,0.1441960372030735,0.12365581840276718,0.14650196582078934,0.12431228160858154,0.139597836881876,0.0962810143828392,0.12949548289179802,0.11948039382696152,0.11408359929919243,0.12273802608251572,0.09573208540678024,0.09518315643072128
83453494,qslstm,extrapolation,early,2000129,62,1,61,61,0,0.2110079300950557,0.456825164537276,0.273741831842532,0.523203432559967,0.09498771868266331,0.30820077657699585,0.2129099007739474,0.45926162991367403,0.022200075329327194,0.022200075329327194,,,,,,0.30820077657699585,0.30820077657699585,0.4087887406349182,0.4087887406349182,0.3606669306755066,0.3606669306755066,0.3297761082649231,0.3297761082649231,0.30013352632522583,0.30013352632522583,0.4002135396003723,0.4002135396003723,0.46330156922340393,0.46330156922340393,0.44963544607162476,0.44963544607162476,0.4851033091545105,0.4851033091545105,0.3098682761192322,0.12555220417800497,0.1843160719412272,,,,,0.3098682761192322,0.3098682761192322,0.259097695350647,0.259097695350647,0.23932819068431854,0.23932819068431854,0.21182096004486084,0.21182096004486084,0.21696056425571442,0.21696056425571442,0.16251856088638306,0.16251856088638306,0.13669806718826294,0.13669806718826294,0.146474689245224,0.146474689245224,0.13135862350463867,0.13135862350463867
83453494,qslstm,extrapolation,early,2000130,62,3,59,58,3,0.08859280597084702,0.28413838628799687,0.07566380640868431,0.27507054805755615,0.06532619926231369,0.2507417102654775,0.08977585376958601,0.2858365223569385,0.012136628401690516,0.009056837608416876,0.09570259849230449,0.3676857352256775,0.5170636773109436,0.27672362327575684,0.516764223575592,0.2507417102654775,0.21316999197006226,0.2728247046470642,0.2150081992149353,0.3130383292833964,0.21665984392166138,0.35929866631825763,0.24686533212661743,0.3806413908799489,0.24779754877090454,0.4202373226483663,0.25228601694107056,0.43374959627787274,0.26817798614501953,0.2293267846107483,0.25815051794052124,0.25631972153981525,0.2688755989074707,0.18443778653939566,0.12107355880030131,0.06336422773909435,0.20082517713308334,0.13367785513401031,0.22661461184422174,0.12291351705789566,0.18443778653939566,0.10501810908317566,0.16844739019870758,0.11422234773635864,0.15850676596164703,0.12768568098545074,0.14872029423713684,0.12544338405132294,0.14409430573383966,0.10974674671888351,0.13927733401457468,0.12831656634807587,0.13068446268637976,0.1238844022154808,0.11051598687966664,0.09884417057037354,0.11633358647425969,0.1109374463558197
83453494,qslstm,extrapolation,early,2000131,62,3,59,59,2,0.13193224874435,0.36096281101626737,0.1403243064682016,0.3745988607406616,0.06949865116837521,0.25904664397239685,0.13510683845160296,0.3661449890015489,0.01738119175878622,0.015756485791041934,0.08058765530586243,0.19159525632858276,0.19159525632858276,0.29132071137428284,0.3032093942165375,0.25904664397239685,0.3061126470565796,0.2865615387757619,0.3648799657821655,0.3332159221172333,0.39032572507858276,0.3664145569006602,0.4282510578632355,0.4056250254313151,0.461669385433197,0.4351845184961955,0.41563311219215393,0.42610640327135724,0.3859834671020508,0.3669937451680501,0.35791897773742676,0.3762092590332031,0.3860752582550049,0.2867104957501094,0.1167023731237751,0.17000812262633427,0.27572113275527954,0.27572113275527954,0.2931998446583748,0.22758950293064117,0.2867104957501094,0.22560016810894012,0.24279544750849405,0.22507570683956146,0.20711430410544077,0.16815324127674103,0.20062417288621268,0.1511966437101364,0.17743468284606934,0.13907510042190552,0.13761907567580542,0.1225854828953743,0.1262874056895574,0.1174822524189949,0.12188814828793208,0.12488186359405518,0.11902305980523427,0.10129950195550919
83453494,qslstm,extrapolation,early,2000132,62,2,60,60,1,0.019968990582380854,0.10893000806531598,0.00909558935970356,0.09537079930305481,0.10268806125114738,0.26407934725284576,0.0172116882267553,0.10375836342573166,0.022554147243499755,0.017403219504789874,0.017707854509353638,0.4067244231700897,0.4067244231700897,0.36073750257492065,0.36073750257492065,0.26407934725284576,0.0825575590133667,0.19650690257549286,0.10537469387054443,0.24915063381195068,0.10887110233306885,0.2165786623954773,0.08024591207504272,0.26553037762641907,0.12433633208274841,0.06501579284667969,0.047474026679992676,0.07865270972251892,0.048434317111968994,0.06787335872650146,0.08827269077301025,0.06091730296611786,0.10104140639305115,0.2730073630809784,0.11790779270231724,0.15509957037866115,0.18396329879760742,0.18396329879760742,0.16184963285923004,0.16184963285923004,0.2730073630809784,0.1533556580543518,0.19864888489246368,0.16399075090885162,0.18350975960493088,0.14711207151412964,0.16135820001363754,0.13037750124931335,0.15994510054588318,0.13592690229415894,0.1437608301639557,0.13416600227355957,0.13307801261544228,0.11904395371675491,0.12977814674377441,0.12539029121398926,0.11723615974187851,0.11170593649148941
83453494,qslstm,extrapolation,early,2000133,62,1,61,60,1,0.05176604022403494,0.22301107308556956,0.06513794611328194,0.2552213668823242,0.00977754769570538,0.09888148307800293,0.05245437616712231,0.22504598439716902,0.018076298634211223,0.018076298634211223,0.03250741958618164,,,0.2833251357078552,0.2833251357078552,0.09888148307800293,0.09888148307800293,0.11321771144866943,0.11321771144866943,0.1015857458114624,0.1015857458114624,0.1941433548927307,0.1941433548927307,0.16341102123260498,0.16341102123260498,0.11881101131439209,0.11881101131439209,0.1469370722770691,0.1469370722770691,0.1643419861793518,0.1643419861793518,0.21289598941802979,0.21289598941802979,0.25329092144966125,0.1212912920068522,0.13199962944280907,,,0.3254947066307068,0.3254947066307068,0.25329092144966125,0.25329092144966125,0.26258671283721924,0.26258671283721924,0.18045778572559357,0.18045778572559357,0.17461083829402924,0.17461083829402924,0.1518258899450302,0.1518258899450302,0.16104191541671753,0.16104191541671753,0.13443304598331451,0.13443304598331451,0.11296999454498291,0.11296999454498291,0.11019474267959595,0.11019474267959595
83453494,qslstm,extrapolation,early,2000134,62,2,60,59,2,0.17920342661538594,0.40971149359979936,0.19944407119288599,0.4465916156768799,0.1287933493094916,0.3444538787007332,0.1808837625255824,0.4118867474297682,0.01813395447650198,0.013418924063444138,0.045757681131362915,0.18725237995386124,0.28042759001255035,0.2311091497540474,0.2949056178331375,0.3444538787007332,0.4451756477355957,0.3622131124138832,0.43499433994293213,0.3853112831711769,0.4610709249973297,0.3743375912308693,0.46858397126197815,0.38177935034036636,0.4736917316913605,0.37338297814130783,0.4663383662700653,0.44889259338378906,0.4526095390319824,0.47644414007663727,0.47919654846191406,0.46007099747657776,0.4675324559211731,0.1293732412159443,0.125849258278807,0.0035239829371372933,0.1465047225356102,0.11880016326904297,0.14766455441713333,0.1214870810508728,0.1293732412159443,0.11108515411615372,0.12952930852770805,0.11228282004594803,0.1448095217347145,0.139129638671875,0.1337858885526657,0.12513947486877441,0.12217922136187553,0.107090063393116,0.11855463311076164,0.11830910295248032,0.10521116852760315,0.09933718293905258,0.11736233159899712,0.12763459980487823,0.09427164494991302,0.08920610696077347
83453494,qslstm,extrapolation,early,2000135,62,4,58,58,3,0.010202804277319226,0.06021053127704128,0.0017591013975106762,0.04194164276123047,0.06030733356234674,0.2212952896952629,0.006747319499041466,0.049101237593025995,0.017073401089372307,0.015457901087674227,0.05328849951426188,0.3334481914838155,0.37466245889663696,0.28821614384651184,0.3354955315589905,0.2212952896952629,0.08227157592773438,0.2698121964931488,0.09301376342773438,0.20782825350761414,0.06394082307815552,0.09869340807199478,0.039940476417541504,0.14312291145324707,0.040874600410461426,0.04663533717393875,0.0234546959400177,0.039985962212085724,0.010632097721099854,0.03680453449487686,0.04143977165222168,0.053375303745269775,0.05226850509643555,0.23710813000798225,0.11355579014996002,0.12355233985802223,0.20206941664218903,0.18186764419078827,0.18093271553516388,0.16445262730121613,0.23710813000798225,0.16869373619556427,0.17977271974086761,0.14277590811252594,0.165469441562891,0.13438549637794495,0.1573917232453823,0.1340976357460022,0.14701689034700394,0.1290385127067566,0.14097963273525238,0.13208864629268646,0.12550274282693863,0.11468330770730972,0.1111680306494236,0.09872689098119736,0.11332140304148197,0.10629763454198837
83453494,qslstm,extrapolation,early,2000136,62,2,60,59,2,0.057778373539072836,0.23662281012342823,0.05128414954271321,0.2264600396156311,0.09874816410621545,0.30403413623571396,0.05641271385350142,0.23437576591968537,0.021717572616318525,0.015779717913213767,0.052688658237457275,0.18123295158147812,0.2770032733678818,0.2561357244849205,0.3076276630163193,0.30403413623571396,0.2245897650718689,0.23115303367376328,0.1826806664466858,0.27543842047452927,0.19073611497879028,0.22817399352788925,0.17934471368789673,0.24866505712270737,0.18970245122909546,0.19902825355529785,0.2153758406639099,0.2114703357219696,0.24359595775604248,0.24646592140197754,0.25965768098831177,0.24331128597259521,0.23597031831741333,0.17456036061048508,0.12509227034946283,0.04946809026102225,0.2137593924999237,0.16122233867645264,0.18339484930038452,0.14025278389453888,0.17456036061048508,0.1337359994649887,0.14080457761883736,0.1135200634598732,0.15285298228263855,0.1362735629081726,0.14017829298973083,0.11913424730300903,0.13774298131465912,0.13523317873477936,0.12508315965533257,0.13664625585079193,0.12348631769418716,0.1278383880853653,0.11357957869768143,0.10643168538808823,0.11993977427482605,0.12588167190551758
83453494,qslstm,extrapolation,early,2000137,62,5,57,57,4,0.28783786072573847,0.5228515738365992,0.29750016212275926,0.5454357543494552,0.1484806365014392,0.3600140060763806,0.30006217864015067,0.5371355710085481,0.01645672739597789,0.01255374052086655,0.04519413411617279,0.32089727744460106,0.22272509336471558,0.37113500013947487,0.22016561031341553,0.3600140060763806,0.594947544625029,0.3488232161384076,0.604714480927214,0.36818561810068784,0.605928567936644,0.3388500924687833,0.6159922161605209,0.3053436692338437,0.5896603146102279,0.47296346300281583,0.5851259508635849,0.44145284169353544,0.5787616053130478,0.5883875527884811,0.5766607203986496,0.5856671014335006,0.6051232495810837,0.19521310031414033,0.11581634939239736,0.07939675092174296,0.17820033431053162,0.14805243909358978,0.1654510162770748,0.13614462316036224,0.19521310031414033,0.11911460757255554,0.15817310512065888,0.11729079484939575,0.13920455127954484,0.10338560491800308,0.15363531708717346,0.11038976907730103,0.14182541370391846,0.12545254826545715,0.13332855254411696,0.11017074435949326,0.1137524738907814,0.09232741594314575,0.11808845549821853,0.13453631103038788,0.11402862817049027,0.1170937791466713
83453494,qslstm,extrapolation,early,2000138,62,2,60,59,2,0.11162486178711954,0.3285418615466164,0.10642656996847055,0.32623085379600525,0.07222288543912203,0.2658492922782898,0.11293826099871947,0.3306316138555606,0.015955672173176783,0.009691985286011989,0.019276931881904602,0.26929609291255474,0.22651687264442444,0.27393086068332195,0.19683179259300232,0.2658492922782898,0.30518171191215515,0.27168557047843933,0.34653934836387634,0.32994964718818665,0.35471758246421814,0.35437658429145813,0.3622138202190399,0.3641587346792221,0.3735998868942261,0.37837159633636475,0.3831433057785034,0.387024462223053,0.39090561866760254,0.37235499918460846,0.36665189266204834,0.35549160838127136,0.3445735275745392,0.14291930943727493,0.12007752036054929,0.02284178907672564,0.13089800998568535,0.1421225666999817,0.12049948051571846,0.12666372954845428,0.14291930943727493,0.14371605217456818,0.11570439115166664,0.104745052754879,0.1267918087542057,0.10986756533384323,0.10424192994832993,0.10373880714178085,0.10975773632526398,0.10964790731668472,0.11887737736105919,0.12810684740543365,0.12819086015224457,0.12827487289905548,0.11228003352880478,0.12381011992692947,0.1142570897936821,0.1148122027516365
83453494,qslstm,extrapolation,early,2000139,62,0,62,61,0,0.03120957239225779,0.1748000551615992,0.044225951494954785,0.21029967069625854,,,0.03120957239225779,0.1748000551615992,0.01749498580322891,0.01749498580322891,,,,,,,,,,,,,,,,,,,,,,,,,0.12342343010729359,,,,,,,,,,,,,,,,,,,,,,,
83453494,qslstm,extrapolation,early,2000140,62,2,60,60,1,0.05665057240513985,0.2233525014091884,0.06021923491761427,0.24539607763290405,0.08521980186716088,0.2629990931600332,0.05569826475640582,0.2220309483508269,0.019626731673876446,0.015918792358466556,0.0195467472076416,0.4582168571650982,0.4582168571650982,0.5406497232615948,0.5406497232615948,0.2629990931600332,0.13630545139312744,0.2688885983079672,0.11494743824005127,0.30371332727372646,0.08161252737045288,0.29445931874215603,0.13070178031921387,0.3439945336431265,0.1473393440246582,0.1368045210838318,0.1586616039276123,0.13896989822387695,0.14723801612854004,0.165011465549469,0.1852656602859497,0.20685958862304688,0.21786624193191528,0.2229028344154358,0.12075358939667542,0.10214924501876037,0.20687127113342285,0.20687127113342285,0.16969667375087738,0.16969667375087738,0.2229028344154358,0.1489834487438202,0.1908700168132782,0.14528530836105347,0.20470982789993286,0.16367925703525543,0.1822459176182747,0.15762056410312653,0.15385838598012924,0.1380200982093811,0.1472892165184021,0.14929312467575073,0.13543445616960526,0.11324834823608398,0.12270219996571541,0.11817946285009384,0.12129175290465355,0.10792457312345505
83453494,qslstm,extrapolation,early,2000141,62,5,57,57,4,0.20301562505249038,0.4414122518031828,0.20995284579658247,0.4582061171531677,0.1123784584972594,0.3008967190980911,0.21096625369768612,0.45373817572468206,0.01885256014372173,0.011026690200883515,0.0525219589471817,0.38199641183018684,0.48682284355163574,0.30640948191285133,0.02559947967529297,0.3008967190980911,0.4407880902290344,0.3668998867273331,0.4825642704963684,0.3778829574584961,0.4590076804161072,0.4181699752807617,0.4678862690925598,0.34991533756256105,0.4730765223503113,0.3625952869653702,0.47432655096054077,0.4665989339351654,0.5057851374149323,0.47099813222885134,0.48891180753707886,0.4703692436218262,0.45478540658950806,0.17089346945285797,0.11832775698419203,0.05256571246866594,0.16528422012925148,0.13996930420398712,0.15483127161860466,0.129439115524292,0.17089346945285797,0.09881322830915451,0.1680920884013176,0.1403058022260666,0.15442018061876298,0.12492844462394714,0.142539881169796,0.10924457758665085,0.14066758006811142,0.12385481595993042,0.131006620824337,0.10792576521635056,0.12241746634244918,0.11848682910203934,0.11199936866760254,0.11197303980588913,0.11463274508714676,0.1249975934624672
83453494,qslstm,extrapolation,early,2000142,62,4,58,57,4,0.019767404236510557,0.10137015725335767,0.006077266641221435,0.07795682549476624,0.09137206578898593,0.2679215148091316,0.014829151715650185,0.08988385673226981,0.014726388349867704,0.013952867551283403,0.09643962234258652,0.28772422671318054,0.5113410800695419,0.27710001915693283,0.5000398010015488,0.2679215148091316,0.05944439768791199,0.3099702075123787,0.02136513590812683,0.3777518682181835,0.048980653285980225,0.26986200362443924,0.008622735738754272,0.15721950307488441,0.04802867770195007,0.03318842500448227,0.05378517508506775,0.04467780888080597,0.07653102278709412,0.05915577709674835,0.06610366702079773,0.055906690657138824,0.0589546263217926,0.22405274957418442,0.12077432279956751,0.1032784267746169,0.28882724543412525,0.18270905315876007,0.282100610435009,0.1771969199180603,0.22405274957418442,0.14901728928089142,0.19656644761562347,0.14246702194213867,0.17099158093333244,0.13040347397327423,0.15996500849723816,0.13093677163124084,0.14579864777624607,0.11451335996389389,0.1302514337003231,0.11719846725463867,0.11836140044033527,0.11083243042230606,0.12193026021122932,0.11510226875543594,0.11732463538646698,0.11028575152158737
83453494,qslstm,extrapolation,early,2000143,62,3,59,59,2,0.14290495654975024,0.37722943639082296,0.13505697263724908,0.36750098317861557,0.10660992647211619,0.3235114937027295,0.14475046655369778,0.37996085720547174,0.021932827214063224,0.018169473324503218,0.08412674069404602,0.3539716675877571,0.2777371406555176,0.3540511205792427,0.35578835010528564,0.3235114937027295,0.3831939324736595,0.38285940140485764,0.3625836595892906,0.37801562746365863,0.39853905886411667,0.3311987668275833,0.35327550023794174,0.3768845150868098,0.37632613629102707,0.37420643617709476,0.38370951265096664,0.38590214898188907,0.4207214340567589,0.37448742240667343,0.39063461869955063,0.38699280470609665,0.36183061450719833,0.22063539425532022,0.11960292721198777,0.10103246704333245,0.22549674659967422,0.18490220606327057,0.20530307292938232,0.1779179573059082,0.22063539425532022,0.15605740249156952,0.19659006595611572,0.14576095342636108,0.17477350433667502,0.13557492196559906,0.16003809372584024,0.1494511216878891,0.14922425150871277,0.13417987525463104,0.14013547698656717,0.1404656022787094,0.134689229230086,0.11415096372365952,0.1284469117720922,0.1355728954076767,0.12486130744218826,0.1258658468723297
83453494,qslstm,extrapolation,early,2000144,62,1,61,61,0,0.07084197963419,0.2643547562822219,0.05694723387890477,0.23863619565963745,0.039000643001841695,0.1974858045578003,0.07136396875931048,0.26545096860557305,0.014535975260812729,0.014535975260812729,,,,,,0.1974858045578003,0.1974858045578003,0.25007110834121704,0.25007110834121704,0.26540935039520264,0.26540935039520264,0.330422043800354,0.330422043800354,0.34604960680007935,0.34604960680007935,0.2942618429660797,0.2942618429660797,0.3273628354072571,0.3273628354072571,0.2931743860244751,0.2931743860244751,0.3004230856895447,0.3004230856895447,0.355828195810318,0.11768634873824041,0.23814184707207758,,,,,0.355828195810318,0.355828195810318,0.2988642156124115,0.2988642156124115,0.2227184921503067,0.2227184921503067,0.17294104397296906,0.17294104397296906,0.1529579758644104,0.1529579758644104,0.13689084351062775,0.13689084351062775,0.11696409434080124,0.11696409434080124,0.11917314678430557,0.11917314678430557,0.11697447299957275,0.11697447299957275
83453494,qslstm,extrapolation,early,2000145,62,1,61,61,0,0.08028206546465114,0.27945672600500043,0.07489085811055762,0.27366194128990173,0.02572996800722649,0.16040563583374023,0.08117636214428105,0.28140838322092276,0.01869544582288773,0.01869544582288773,,,,,,0.16040563583374023,0.16040563583374023,0.0816880464553833,0.0816880464553833,0.14716112613677979,0.14716112613677979,0.11202394962310791,0.11202394962310791,0.170981764793396,0.170981764793396,0.2604843080043793,0.2604843080043793,0.30557340383529663,0.30557340383529663,0.33609792590141296,0.33609792590141296,0.30824410915374756,0.30824410915374756,0.3350060284137726,0.11668940022832057,0.218316628185452,,,,,0.3350060284137726,0.3350060284137726,0.2710859179496765,0.2710859179496765,0.21704745292663574,0.21704745292663574,0.16864363849163055,0.16864363849163055,0.19990694522857666,0.19990694522857666,0.14974786341190338,0.14974786341190338,0.12415244430303574,0.12415244430303574,0.12776339054107666,0.12776339054107666,0.134096160531044,0.134096160531044
83453494,qslstm,extrapolation,early,2000146,62,1,61,60,1,0.14573174611542822,0.3755172539742724,0.15669110492619598,0.3958422727882862,0.04566126423502016,0.21368496492505074,0.1473722458183857,0.37817024231934154,0.016385622322559357,0.016385622322559357,0.13059362769126892,,,0.14613765478134155,0.14613765478134155,0.21368496492505074,0.21368496492505074,0.19674493744969368,0.19674493744969368,0.18450500443577766,0.18450500443577766,0.19840477779507637,0.19840477779507637,0.24943013861775398,0.24943013861775398,0.26709045842289925,0.26709045842289925,0.3171970136463642,0.3171970136463642,0.37621336057782173,0.37621336057782173,0.4047377295792103,0.4047377295792103,0.22976060211658478,0.124479206614807,0.10528139550177777,,,0.31452807784080505,0.31452807784080505,0.22976060211658478,0.22976060211658478,0.20039688050746918,0.20039688050746918,0.17935322225093842,0.17935322225093842,0.1543848216533661,0.1543848216533661,0.1669769436120987,0.1669769436120987,0.15354157984256744,0.15354157984256744,0.1401273012161255,0.1401273012161255,0.14490480720996857,0.14490480720996857,0.11878383159637451,0.11878383159637451
83453494,qslstm,extrapolation,early,2000147,62,2,60,60,1,0.18012511606348702,0.4207043871283531,0.1820061429992601,0.42662177979946136,0.08899250185228624,0.29757941514253616,0.18316286987052705,0.42480855286121366,0.018123243749141694,0.015905325802472923,0.05478373169898987,0.4003073573112488,0.4003073573112488,0.3821125626564026,0.3821125626564026,0.29757941514253616,0.3185315877199173,0.29961251467466354,0.3794047087430954,0.32980992645025253,0.40656934678554535,0.3620871528983116,0.43814752995967865,0.3631630465388298,0.44271378219127655,0.42545636743307114,0.4665057510137558,0.4269319400191307,0.4717513173818588,0.44853852689266205,0.45892952382564545,0.4389693886041641,0.44066350162029266,0.25823351740837097,0.12554521349569162,0.13268830391267936,0.15951550006866455,0.15951550006866455,0.157470241189003,0.157470241189003,0.25823351740837097,0.16150981187820435,0.224839486181736,0.14351795613765717,0.19671248644590378,0.13744701445102692,0.15849776193499565,0.12051431089639664,0.16728085279464722,0.13207726180553436,0.14450804889202118,0.12862615287303925,0.13595537096261978,0.11444050073623657,0.12222866714000702,0.1239430233836174,0.12569500505924225,0.11034971475601196
83453494,qslstm,extrapolation,early,2000148,62,5,57,57,4,0.14109027524810977,0.35261739838507866,0.19475845158746097,0.4413144588470459,0.0990471148968222,0.2757225513458252,0.14477827177015257,0.35936256040606585,0.017051801346895986,0.012221664190292358,0.04682961106300354,0.19599975645542145,0.03161656856536865,0.1732005923986435,0.012578696012496948,0.2757225513458252,0.41882020235061646,0.2412275493144989,0.3999447226524353,0.1512782096862793,0.4067155718803406,0.11609529256820679,0.40447670221328735,0.19153830409049988,0.388020396232605,0.2625305652618408,0.38340240716934204,0.2546058535575867,0.3843001127243042,0.31148861050605775,0.39678704738616943,0.39352755546569823,0.4051327109336853,0.2036709263920784,0.12008620811658993,0.08358471827548847,0.22042175382375717,0.1561221480369568,0.18152815103530884,0.1340247541666031,0.2036709263920784,0.1098722591996193,0.1759652614593506,0.10452432185411453,0.15982806086540222,0.13739486038684845,0.1514869749546051,0.10965945571660995,0.13975845277309418,0.1257656365633011,0.1262547865509987,0.13348884880542755,0.12275270223617554,0.1314791738986969,0.11688868552446366,0.12221647053956985,0.11337494254112243,0.10377513617277145
83453494,qslstm,extrapolation,early,2000149,62,1,61,60,1,0.23827900179258124,0.46855233946154196,0.3040015713331934,0.5513633750379086,0.34566552808920936,0.5879332683980465,0.23651856693525947,0.4665952750527468,0.02190715471903483,0.015968501567840576,0.03529423475265503,0.17333775758743286,0.17333775758743286,0.19357937574386597,0.19357937574386597,0.5879332683980465,0.5879332683980465,0.5664494894444942,0.5664494894444942,0.5408349297940731,0.5408349297940731,0.5592839978635311,0.5592839978635311,0.5326383374631405,0.5326383374631405,0.5627542994916439,0.5627542994916439,0.5575613044202328,0.5575613044202328,0.5467478893697262,0.5467478893697262,0.5825774930417538,0.5825774930417538,0.12867066264152527,0.1273991846647419,0.0012714779767833695,0.11844456940889359,0.11844456940889359,0.14422562718391418,0.14422562718391418,0.12867066264152527,0.12867066264152527,0.1318618804216385,0.1318618804216385,0.12546996772289276,0.12546996772289276,0.11052564531564713,0.11052564531564713,0.12367739528417587,0.12367739528417587,0.09844738245010376,0.09844738245010376,0.11368323117494583,0.11368323117494583,0.1054048016667366,0.1054048016667366,0.09687165170907974,0.09687165170907974
83453494,qslstm,extrapolation,early,2000150,62,2,60,60,1,0.07190109830121752,0.26519623206507775,0.09939953678625457,0.3152769207954407,0.03774556400287565,0.19257092475891113,0.07303961611116225,0.26761707564195,0.013267325361569722,0.013267325361569722,0.07130122184753418,,,0.1668415069580078,0.1668415069580078,0.19257092475891113,0.21830034255981445,0.1979351043701172,0.17756986618041992,0.18679800629615784,0.19602614641189575,0.1831706464290619,0.17031514644622803,0.16859084367752075,0.16686654090881348,0.2041497528553009,0.21555805206298828,0.22659966349601746,0.22063219547271729,0.24971389770507812,0.2599310874938965,0.26044487953186035,0.2793552875518799,0.3511326164007187,0.1194908412794272,0.23164177512129147,,,0.37690043449401855,0.37690043449401855,0.3511326164007187,0.3253647983074188,0.28407611697912216,0.2427874356508255,0.23764222860336304,0.23249702155590057,0.211013063788414,0.18952910602092743,0.18600191920995712,0.18247473239898682,0.15098005533218384,0.14398455619812012,0.13188926130533218,0.12758861482143402,0.13272158056497574,0.13671088218688965,0.14208794757723808,0.16629783809185028
83453494,qslstm,extrapolation,early,2000151,62,5,57,57,4,0.11324991118720872,0.330553580556185,0.11993440705953962,0.3463154733181,0.0819885898129151,0.2605020508170128,0.11599213236039238,0.336698451585937,0.016175019113641036,0.014092185918022604,0.08378767967224121,0.2549712657928467,0.22097823023796082,0.25152731500566006,0.1908624768257141,0.2605020508170128,0.4211070239543915,0.34482566714286805,0.4292864501476288,0.2932362914085388,0.43017491698265076,0.25301313996315,0.3736494481563568,0.25650187134742736,0.40632691979408264,0.2544442772865295,0.3315553367137909,0.30215551853179934,0.36364075541496277,0.37651564478874205,0.3617499768733978,0.3308125436306,0.3469570577144623,0.2236909121274948,0.11186043055433977,0.11183048157315505,0.17449847608804703,0.12257613986730576,0.20621768198907375,0.15497422218322754,0.2236909121274948,0.15907098352909088,0.18128152936697006,0.12202312797307968,0.17161208987236024,0.12001883238554001,0.1538810297846794,0.13632172346115112,0.14626810550689698,0.11540645360946655,0.13868782669305801,0.11722608655691147,0.12115043252706528,0.08408230543136597,0.12094621807336807,0.10846296697854996,0.11177032589912414,0.10178697109222412
83453494,qslstm,extrapolation,early,2000152,62,4,58,58,3,0.11663784619408651,0.3382312121891206,0.12073628138011916,0.3474712669849396,0.057534485459671825,0.2290702499449253,0.12071394003783924,0.3457595544128582,0.023074314512055497,0.01526090109123374,0.054092208544413246,0.3247335950533549,0.4204389601945877,0.3171694328387578,0.16396355628967285,0.2290702499449253,0.34926846623420715,0.3130953684449196,0.39330023527145386,0.32566529512405396,0.34646162390708923,0.3057547025382519,0.3861512243747711,0.3769136071205139,0.3351510465145111,0.34879885986447334,0.2989630699157715,0.3358345776796341,0.3423435091972351,0.31650932878255844,0.32380378246307373,0.3344680443406105,0.3362494111061096,0.23465734720230103,0.1164696234567412,0.11818772374555983,0.23936301469802856,0.16701267659664154,0.19885523120562235,0.1452929824590683,0.23465734720230103,0.14819742739200592,0.18846159800887108,0.14275361597537994,0.18283595144748688,0.1529969722032547,0.1551561187952757,0.12165889889001846,0.1475419718772173,0.1272989958524704,0.14048079773783684,0.1151612401008606,0.13351437263190746,0.1182510256767273,0.1176212728023529,0.11282487958669662,0.11384824477136135,0.1112237498164177
83453494,qslstm,extrapolation,early,2000153,62,1,61,60,1,0.10903227830311649,0.3254916764074756,0.1258801962049496,0.35479599237442017,0.05969411439582828,0.24432379007339478,0.10984110066225236,0.3268222974949196,0.017356643080711366,0.014609272019904956,0.05443108081817627,0.19892722368240356,0.19892722368240356,0.23915010690689087,0.23915010690689087,0.24432379007339478,0.24432379007339478,0.2557324767112732,0.2557324767112732,0.23534411191940308,0.23534411191940308,0.27968889474868774,0.27968889474868774,0.2913667559623718,0.2913667559623718,0.2777095437049866,0.2777095437049866,0.3242301642894745,0.3242301642894745,0.3190258741378784,0.3190258741378784,0.3176204562187195,0.3176204562187195,0.16516344249248505,0.12055458470446165,0.0446088577880234,0.19815509021282196,0.19815509021282196,0.18258900940418243,0.18258900940418243,0.16516344249248505,0.16516344249248505,0.1631118208169937,0.1631118208169937,0.1534915566444397,0.1534915566444397,0.1526852399110794,0.1526852399110794,0.13400544226169586,0.13400544226169586,0.10295996814966202,0.10295996814966202,0.12971444427967072,0.12971444427967072,0.11096925288438797,0.11096925288438797,0.12451624870300293,0.12451624870300293
83453494,qslstm,extrapolation,early,2000154,62,1,61,60,1,0.14574921164628998,0.37866934292739435,0.19302801138054804,0.43934953212738037,0.07971058588397284,0.28233063220977783,0.14683181206862306,0.38024866605391267,0.014140792687733968,0.014140792687733968,0.1706916093826294,,,0.3712955266237259,0.3712955266237259,0.28233063220977783,0.28233063220977783,0.2739015817642212,0.2739015817642212,0.30488741397857666,0.30488741397857666,0.2755395174026489,0.2755395174026489,0.25805509090423584,0.25805509090423584,0.27795666456222534,0.27795666456222534,0.3201252222061157,0.3201252222061157,0.30869174003601074,0.30869174003601074,0.358736515045166,0.358736515045166,0.2357778400182724,0.12303867191076279,0.11273916810750961,,,0.3637295067310333,0.3637295067310333,0.2357778400182724,0.2357778400182724,0.2713575065135956,0.2713575065135956,0.1948109120130539,0.1948109120130539,0.1610746830701828,0.1610746830701828,0.16013066470623016,0.16013066470623016,0.13692408800125122,0.13692408800125122,0.1364743411540985,0.1364743411540985,0.15639697015285492,0.15639697015285492,0.12933744490146637,0.12933744490146637
83453494,qslstm,extrapolation,early,2000155,62,3,59,59,2,0.25233049751329867,0.48261460469615075,0.26889145327155806,0.5185474455356598,0.11402874010112789,0.28280022740364075,0.2593627902630701,0.49277465777882073,0.013567278950901355,0.01068461584109886,0.03631974756717682,0.2362467348575592,0.1614454984664917,0.2270466387271881,0.15844982862472534,0.28280022740364075,0.5293492078781128,0.317813644806544,0.5409619212150574,0.3374028106530507,0.560749888420105,0.26134320100148517,0.5769015550613403,0.26541415850321454,0.5808522701263428,0.2774923841158549,0.5523348152637482,0.41071582833925885,0.5297400653362274,0.5599029958248138,0.5532261729240417,0.5479746957619985,0.5447815656661987,0.20758061856031418,0.11453983781196303,0.09304078074835115,0.17608120292425156,0.11710548400878906,0.17384666949510574,0.14712485671043396,0.20758061856031418,0.11248812824487686,0.17621828615665436,0.13979370892047882,0.15226141611735025,0.12505441904067993,0.14612896492083868,0.1174028143286705,0.131410650908947,0.11170084029436111,0.1324273223678271,0.11011502891778946,0.12241285294294357,0.11033936589956284,0.11568444967269897,0.11885609477758408,0.11306844154993693,0.09590954333543777
83453494,qslstm,extrapolation,early,2000156,62,5,57,57,4,0.043833983168316756,0.19561812654137611,0.02154244783447723,0.14677345752716064,0.06612589151124465,0.2495400443673134,0.04187855261191957,0.19088813374962724,0.014003885942592956,0.011805935502052308,0.06854768842458725,0.3466687425971031,0.30823151022195816,0.3018480781465769,0.2849183455109596,0.2495400443673134,0.19287636876106262,0.25703981667757037,0.15890800952911377,0.30208454877138136,0.17697787284851074,0.3055111825466156,0.20104637742042542,0.30561078190803526,0.17400699853897095,0.3125410214066505,0.18734630942344666,0.25386395305395126,0.2092576026916504,0.17975866794586182,0.17243796586990356,0.18712093234062194,0.20106062293052673,0.20507141351699829,0.10826535496795386,0.09680605854904442,0.208569606145223,0.1265547126531601,0.2145892269909382,0.12114757299423218,0.20507141351699829,0.11850026249885559,0.16742275953292846,0.11293214559555054,0.14943092614412307,0.11699939519166946,0.1426595076918602,0.12201736122369766,0.13185928910970687,0.09595444053411484,0.13055115044116974,0.11754979938268661,0.11984880566596985,0.11863444000482559,0.11399059742689133,0.1151285246014595,0.1086325153708458,0.11183608323335648
83453494,qslstm,extrapolation,early,2000157,62,0,62,61,0,0.007147817861468249,0.0795001353948347,0.00442555742951356,0.06652486324310303,,,0.007147817861468249,0.0795001353948347,0.021387983052456965,0.021387983052456965,,,,,,,,,,,,,,,,,,,,,,,,,0.11944671576061557,,,,,,,,,,,,,,,,,,,,,,,
83453494,qslstm,extrapolation,early,2000158,62,6,56,56,5,0.030031191983033948,0.16410375404502114,0.020744513492676475,0.14402955770492554,0.07943986251125505,0.2560946786155303,0.024737405855010258,0.15424758355532373,0.01447018448795591,0.01169579267501831,0.05137509107589722,0.23891009390354156,0.24497681856155396,0.2864785008132458,0.44275039061903954,0.2560946786155303,0.11918634176254272,0.18948999047279358,0.12178456783294678,0.18384942412376404,0.10265994071960449,0.20388580858707428,0.09969758987426758,0.20108470817406973,0.1181710958480835,0.19789440371096134,0.11786043643951416,0.15826289852460226,0.14300405979156494,0.1261103947957357,0.1397547721862793,0.1421180615822474,0.14276385307312012,0.19778301939368248,0.11143590616328376,0.08634711323039872,0.18870807066559792,0.1644049733877182,0.2013106882572174,0.13967829942703247,0.19778301939368248,0.12349983304738998,0.1714880975584189,0.11063408851623535,0.16316389416654906,0.09988459199666977,0.1602333995203177,0.11205747723579407,0.15267592296004295,0.11816900223493576,0.134878092755874,0.0975898876786232,0.12688337514797846,0.1116158664226532,0.10299559558431308,0.11469588428735733,0.10072876513004303,0.09472537785768509
83453494,qslstm,extrapolation,early,2000159,62,4,58,58,3,0.06412080642160005,0.25123818338878695,0.06741399782592078,0.2596420571208,0.038311576232469086,0.19430860504508018,0.0659007533311953,0.25516436120559427,0.015193772727045519,0.010642947591080958,0.021905134121576946,0.24788312862316766,0.20772820711135864,0.2110924298564593,0.19164526462554932,0.19430860504508018,0.2259577140212059,0.21852654591202736,0.2346549853682518,0.24705682136118412,0.217538021504879,0.24509703554213047,0.2120366320014,0.24112752452492714,0.23542236536741257,0.21666301041841507,0.22991841286420822,0.22765487432479858,0.2310633882880211,0.22229330986738205,0.21583770960569382,0.23791982233524323,0.2513463720679283,0.18106310069561005,0.10995411654484682,0.07110898415076322,0.129442830880483,0.11520925164222717,0.13073409100373587,0.1179206371307373,0.18106310069561005,0.13499443233013153,0.15171456895768642,0.11261066049337387,0.14369934424757957,0.11871540546417236,0.13352420926094055,0.10933900624513626,0.11736876145005226,0.0915171205997467,0.11971400678157806,0.1082141101360321,0.11148821376264095,0.08993736654520035,0.11468730121850967,0.10627766698598862,0.10516344383358955,0.112211674451828
83453494,qslstm,extrapolation,early,2000160,62,4,58,58,3,0.09658351427472665,0.3059977384344224,0.11426483197374182,0.3380308151245117,0.06116335616175972,0.23257863521575928,0.09902628379975885,0.31106112486329573,0.015152402479073098,0.009696219829802817,0.02057841420173645,0.1873831848303477,0.19380125403404236,0.2241232693195343,0.16912302374839783,0.23257863521575928,0.3750014901161194,0.22943776100873947,0.3499346971511841,0.24604731053113937,0.3189982771873474,0.27844324707984924,0.29323810338974,0.28767312318086624,0.31179529428482056,0.2806248813867569,0.3119637966156006,0.2641087546944618,0.3150128126144409,0.2900778725743294,0.3058292865753174,0.31234385073184967,0.30799150466918945,0.20870023220777512,0.11755894291503675,0.09114128929273836,0.17302031815052032,0.12521810829639435,0.17796276758114496,0.12428050488233566,0.20870023220777512,0.11491027474403381,0.1665769349783659,0.11429085582494736,0.16125697642564774,0.11017861217260361,0.16060788184404373,0.13521699607372284,0.1346953846514225,0.1310655027627945,0.1355139184743166,0.12132932990789413,0.12700327299535275,0.11004505306482315,0.11929010599851608,0.10984150320291519,0.1128035094588995,0.10926670581102371
83453494,qslstm,extrapolation,early,2000161,62,5,57,57,4,0.19998564034003632,0.4391216553387142,0.20598211950373813,0.4538525305688381,0.09336647647289213,0.29497735723853113,0.20933819857399638,0.45176589201416884,0.017229758856589335,0.014763785669436822,0.048051320016384125,0.23701737448573112,0.283618301153183,0.25661342218518257,0.300504207611084,0.29497735723853113,0.4408275745809078,0.3161735847592354,0.4532937966287136,0.3318915322422981,0.4633284769952297,0.3750540591776371,0.43896638974547386,0.3742357648909092,0.4594842158257961,0.4205281466245651,0.4835960827767849,0.45203920304775236,0.5095329247415066,0.4678228460252285,0.47686147317290306,0.479462256282568,0.4942072592675686,0.19215441644191741,0.11532273156601086,0.07683168487590655,0.18105309456586838,0.1389656662940979,0.1617661640048027,0.1268181949853897,0.19215441644191741,0.1425265520811081,0.16510094702243805,0.1250176578760147,0.15117463022470473,0.12275650352239609,0.15243457704782487,0.13492684066295624,0.14024895280599595,0.12116024643182755,0.13710013031959534,0.11684425920248032,0.12435332238674164,0.12896250188350677,0.12098116874694824,0.11956179141998291,0.11256723254919052,0.11010070890188217
83453494,qslstm,extrapolation,early,2000162,62,3,59,59,2,0.07072112058028808,0.2585835122473298,0.0442083606005339,0.21025784313678741,0.09105202384815374,0.2888336116448045,0.06968734583785424,0.2570453716000005,0.023967797978449674,0.013054859130940538,0.04959328472614288,0.39062236016616225,0.3858099579811096,0.3573012030683458,0.34347182512283325,0.2888336116448045,0.2626025229692459,0.33763751729081076,0.2212844341993332,0.33115789635727805,0.24619849026203156,0.2965755397453904,0.22988484799861908,0.3067861879244447,0.24458424746990204,0.27771143956730765,0.2269219607114792,0.2908540948604544,0.23254327476024628,0.29003138343493146,0.2517409175634384,0.2382067988316218,0.21668098866939545,0.18482699741919836,0.11931976789640168,0.06550722952279668,0.132888063788414,0.1325215846300125,0.136378213763237,0.11659696698188782,0.18482699741919836,0.12938988208770752,0.1594832862416903,0.11525237560272217,0.15823724120855331,0.10790363699197769,0.15170487264792124,0.12529192864894867,0.12812750289837518,0.10116138309240341,0.12076943616072337,0.11140323430299759,0.11596684902906418,0.11348462104797363,0.10953743507464726,0.08260609954595566,0.10101158420244853,0.11252501606941223
83453494,qslstm,extrapolation,early,2000163,62,3,59,59,2,0.08904265396579673,0.29658984296744867,0.08517299596002204,0.29184412956237793,0.057222179339302626,0.23309116065502167,0.0906606442010422,0.2998185895257077,0.01594388990078942,0.011969306031051946,0.048717811703681946,0.21672168374061584,0.21672168374061584,0.2288300171494484,0.20067107677459717,0.23309116065502167,0.2836539149284363,0.22307642300923666,0.279930055141449,0.2576796015103658,0.26045653223991394,0.2818654676278432,0.28827840089797974,0.27965617179870605,0.26204967498779297,0.2773379186789195,0.2859083414077759,0.2757603923479716,0.3101291060447693,0.2937436600526174,0.3176470100879669,0.28204047679901123,0.29981058835983276,0.2337918927272161,0.11374748902300656,0.12004440370420953,0.1025116816163063,0.1025116816163063,0.2213657647371292,0.1357288360595703,0.2337918927272161,0.1313541978597641,0.19660602509975433,0.12999412417411804,0.16713188588619232,0.1287590116262436,0.1543165147304535,0.11244252324104309,0.15013795097668967,0.12096935510635376,0.1335896228750547,0.11538604646921158,0.12410825987656911,0.11134200543165207,0.12386961032946904,0.110260508954525,0.11234210431575775,0.10857085138559341
83453494,qslstm,extrapolation,early,2000164,62,1,61,60,1,0.15075227338096647,0.387596552891116,0.16267888588829127,0.40333470702171326,0.12710924964312031,0.3565238416194916,0.15113986393404594,0.3881059416004869,0.015364181001981099,0.015364181001981099,0.08501195907592773,,,0.3801993727684021,0.3801993727684021,0.3565238416194916,0.3565238416194916,0.27243760228157043,0.27243760228157043,0.36209750175476074,0.36209750175476074,0.3560433089733124,0.3560433089733124,0.38925865292549133,0.38925865292549133,0.4226832091808319,0.4226832091808319,0.43623945116996765,0.43623945116996765,0.38921865820884705,0.38921865820884705,0.390637069940567,0.390637069940567,0.2868042290210724,0.11806342579790803,0.16874080322316437,,,0.3669929504394531,0.3669929504394531,0.2868042290210724,0.2868042290210724,0.19611859321594238,0.19611859321594238,0.15787218511104584,0.15787218511104584,0.16365157067775726,0.16365157067775726,0.12972372770309448,0.12972372770309448,0.1315864771604538,0.1315864771604538,0.12898065149784088,0.12898065149784088,0.11615979671478271,0.11615979671478271,0.09556975215673447,0.09556975215673447
83453494,qslstm,extrapolation,early,2000165,62,2,60,59,2,0.16166991656714488,0.39306530638808207,0.17927132636123494,0.4234044477343559,0.16495445869891182,0.4054047279059887,0.16156043182941934,0.39265399233748516,0.01632874244350498,0.013022581115365028,0.17937999963760376,0.2326275110244751,0.2326275110244751,0.14217478223145008,0.2516723871231079,0.4054047279059887,0.4299295172095299,0.44760897383093834,0.443497858941555,0.354696910828352,0.4193244203925133,0.33449332043528557,0.4073515757918358,0.3415783606469631,0.43201612681150436,0.3335931710898876,0.4472190961241722,0.327380683273077,0.4201269671320915,0.4458303526043892,0.4617311879992485,0.4392850920557976,0.4465540573000908,0.18560593575239182,0.12011163222293059,0.06549430352946123,0.12433398514986038,0.12433398514986038,0.22405071556568146,0.12423324584960938,0.18560593575239182,0.13418547809123993,0.15678008273243904,0.11836204677820206,0.14943909645080566,0.12641042470932007,0.1382214017212391,0.11205925792455673,0.1285971663892269,0.09152854233980179,0.12421085312962532,0.11410241574048996,0.1372663527727127,0.13776899874210358,0.11784469336271286,0.10150390863418579,0.08908722549676895,0.08664590865373611
83453494,qslstm,extrapolation,early,2000166,62,1,61,60,1,0.10075203108322824,0.31574682891368866,0.10221983029714465,0.3197183609008789,0.044547098315561584,0.21106183528900146,0.10167342342368178,0.31746297635015897,0.015298215548197429,0.013937030967913176,0.054406166076660156,0.29892808198928833,0.29892808198928833,0.2912517189979553,0.2912517189979553,0.21106183528900146,0.21106183528900146,0.25585663318634033,0.25585663318634033,0.31273090839385986,0.31273090839385986,0.2924855351448059,0.2924855351448059,0.2923688292503357,0.2923688292503357,0.26884716749191284,0.26884716749191284,0.2659972906112671,0.2659972906112671,0.30252790451049805,0.30252790451049805,0.31797289848327637,0.31797289848327637,0.19002823531627655,0.12390440299374159,0.06612383232253496,0.21156246960163116,0.21156246960163116,0.18065206706523895,0.18065206706523895,0.19002823531627655,0.19002823531627655,0.15759088099002838,0.15759088099002838,0.1490982323884964,0.1490982323884964,0.13482634723186493,0.13482634723186493,0.11581748723983765,0.11581748723983765,0.13422413170337677,0.13422413170337677,0.12898074090480804,0.12898074090480804,0.13322357833385468,0.13322357833385468,0.10228953510522842,0.10228953510522842
83453494,qslstm,extrapolation,early,2000167,62,2,60,59,2,0.18630968312584587,0.41662663269427513,0.19096871910677748,0.43699967861175537,0.0796694582726083,0.23207682371139526,0.18986435728762044,0.42277829299370445,0.019517068640660433,0.016526774926619095,0.055487260222435,0.002984970808029175,0.002984970808029175,0.14932726323604584,0.02135130763053894,0.23207682371139526,0.3927311301231384,0.2856358587741852,0.4249688982963562,0.26112455129623413,0.47078073024749756,0.2268180400133133,0.4506511092185974,0.2614820599555969,0.5016128122806549,0.4716104120016098,0.5182519257068634,0.4824647158384323,0.5142783224582672,0.48643116652965546,0.45251551270484924,0.4832432419061661,0.47841382026672363,0.19557493925094604,0.11920561268925667,0.07636932656168938,0.16126149892807007,0.16126149892807007,0.23637185245752335,0.14489232003688812,0.19557493925094604,0.1435607671737671,0.1726921945810318,0.15428803861141205,0.1588013619184494,0.14096678793430328,0.14991125464439392,0.13856101036071777,0.1403445154428482,0.1357967108488083,0.14254365861415863,0.1307992786169052,0.13034655526280403,0.12213210016489029,0.11692667007446289,0.11115669459104538,0.11693654581904411,0.09877832978963852
83453494,qslstm,extrapolation,early,2000168,62,2,60,59,2,0.08817139818949725,0.2928264691464363,0.07827137061904765,0.27977021038532257,0.0772361720574325,0.2687261179089546,0.08853590572723274,0.29362981418768563,0.01567522752082954,0.014797960008893694,0.061208128929138184,0.16934609413146973,0.16934609413146973,0.17116254568099976,0.23698794841766357,0.2687261179089546,0.33959533274173737,0.29427165538072586,0.3928154855966568,0.29220736771821976,0.4150686413049698,0.3232172802090645,0.4094466120004654,0.37352199852466583,0.4074486643075943,0.3690376430749893,0.32300664484500885,0.3906031996011734,0.3737577348947525,0.330966517329216,0.2881752997636795,0.2878445237874985,0.28751374781131744,0.2298668697476387,0.1169722226758798,0.1128946470717589,0.18263614177703857,0.18263614177703857,0.25496146082878113,0.19955170154571533,0.2298668697476387,0.17309458553791046,0.17141257971525192,0.12632253766059875,0.16358648985624313,0.1445368379354477,0.16615263372659683,0.13275356590747833,0.15786530077457428,0.1426360160112381,0.1345902904868126,0.12464374303817749,0.11884543672204018,0.09505485743284225,0.10659373551607132,0.11813261359930038,0.10939141735434532,0.10065022110939026
83453494,qslstm,extrapolation,early,2000169,62,1,61,60,1,0.11254012683616015,0.3289985173652249,0.09523918920450924,0.3086084723472595,0.2437601986130744,0.49372076988220215,0.1103889781185058,0.3262981525698646,0.018142915765444436,0.018088747889308605,0.3184649348258972,0.004860840737819672,0.004860840737819672,0.026199661195278168,0.026199661195278168,0.49372076988220215,0.49372076988220215,0.4030318558216095,0.4030318558216095,0.4016569256782532,0.4016569256782532,0.35511893033981323,0.35511893033981323,0.3167240023612976,0.3167240023612976,0.2993372678756714,0.2993372678756714,0.36503103375434875,0.36503103375434875,0.3471944332122803,0.3471944332122803,0.2917097210884094,0.2917097210884094,0.19524037837982178,0.12617416423363764,0.06906621414618414,0.4156852662563324,0.4156852662563324,0.24793440103530884,0.24793440103530884,0.19524037837982178,0.19524037837982178,0.19070811569690704,0.19070811569690704,0.18356388807296753,0.18356388807296753,0.1667698174715042,0.1667698174715042,0.16472934186458588,0.16472934186458588,0.15573787689208984,0.15573787689208984,0.14829623699188232,0.14829623699188232,0.12360834330320358,0.12360834330320358,0.09639684110879898,0.09639684110879898
83453494,qslstm,extrapolation,early,2000170,62,3,59,58,3,0.14168109714342988,0.3746833506851427,0.12109241903908696,0.34798336029052734,0.10978094755596489,0.3206987256805102,0.14330313864787728,0.37742833161758166,0.013469328654223475,0.013012633791991643,0.12876920898755392,0.3620874881744385,0.4616929292678833,0.3250431790947914,0.4832613170146942,0.3206987256805102,0.3019622564315796,0.4143915871779124,0.35073408484458923,0.4382895330588023,0.36991435289382935,0.3796153763930003,0.35362255573272705,0.3278149167696635,0.33074840903282166,0.3554967939853668,0.34295347332954407,0.34722941120465595,0.3819159269332886,0.37381147344907123,0.36956802010536194,0.3692005475362142,0.3629702627658844,0.2087630828221639,0.12099765619989168,0.08776542662227223,0.26362521201372147,0.2073572725057602,0.2614637265602748,0.19311662018299103,0.2087630828221639,0.15926913917064667,0.17572521418333054,0.1241796687245369,0.1769130975008011,0.13026539981365204,0.16045041382312775,0.12896548211574554,0.13758621861537298,0.12930984795093536,0.12547309945027033,0.11718841642141342,0.1226071168979009,0.11761647462844849,0.12095853686332703,0.12354117631912231,0.11751396457354228,0.11718050390481949
83453494,qslstm,extrapolation,early,2000171,62,3,59,59,2,0.1217243773990505,0.3407531678676605,0.1414327863713538,0.37607550621032715,0.07582097131856595,0.2628203233083089,0.12405844889466836,0.34471585487915296,0.016089718220597606,0.012834536532560984,0.03319445252418518,0.2495679259300232,0.1405962109565735,0.2878356873989105,0.17920011281967163,0.2628203233083089,0.37704378366470337,0.30016764005025226,0.39307156205177307,0.31003619233767193,0.3976658284664154,0.3112308879693349,0.37159061431884766,0.23882349332173666,0.36916571855545044,0.24261804421742758,0.38974857330322266,0.23625189065933228,0.36967211961746216,0.3009736438592275,0.3521302044391632,0.37178029616673786,0.3552969694137573,0.1871623620390892,0.11552507468199326,0.07163728735709594,0.1596180871129036,0.12634457647800446,0.14782651513814926,0.10923349857330322,0.1871623620390892,0.10469820350408554,0.17946802576382956,0.13049466907978058,0.15148384124040604,0.12249747663736343,0.14272746940453848,0.10478201508522034,0.1348023091753324,0.1118324026465416,0.1280007859071096,0.1199924573302269,0.11532132079203923,0.09847017377614975,0.10446659475564957,0.09938427060842514,0.11011817306280136,0.1096271350979805
83453494,qslstm,extrapolation,early,2000172,62,3,59,59,2,0.12680152001050882,0.3495577633260719,0.1573432695384236,0.39666518568992615,0.04301810424191913,0.20129461462299028,0.13106169369365744,0.3570965674974151,0.011658818034802452,0.009803685702775655,0.059610433876514435,0.10240635275840759,0.10240635275840759,0.18486878834664822,0.1843056082725525,0.20129461462299028,0.2688845992088318,0.1729944944381714,0.2670098543167114,0.184902956088384,0.2679969072341919,0.23567776878674826,0.2538430988788605,0.2617543439070384,0.2493685781955719,0.2661386926968892,0.27657607197761536,0.2808569173018138,0.28782162070274353,0.3070737620194753,0.331468403339386,0.33254799246788025,0.33451077342033386,0.24271977444489798,0.11017869337130401,0.13254108107359397,0.20377612113952637,0.20377612113952637,0.24923380464315414,0.17083768546581268,0.24271977444489798,0.15113013982772827,0.19694379965464273,0.13765601813793182,0.16853009661038718,0.13097648322582245,0.147712675233682,0.12117020040750504,0.1365094060699145,0.1207420602440834,0.1254742220044136,0.12427598237991333,0.11579653124014537,0.12015680223703384,0.12301401793956757,0.13141866028308868,0.11818000674247742,0.10705585032701492
83453494,qslstm,extrapolation,early,2000173,62,2,60,60,1,0.006731315023295593,0.06570192771933732,0.0012108943229236502,0.03479790687561035,0.02813450800077628,0.1357728815637529,0.00601787525737957,0.0633662292578568,0.01845028946797053,0.017101151458287642,0.03611674904823303,0.23426264058798552,0.23426264058798552,0.3323120726272464,0.3323120726272464,0.1357728815637529,0.037283122539520264,0.22654369240626693,0.12077531218528748,0.027107462286949158,0.016931802034378052,0.06699962913990021,0.01322394609451294,0.043581217527389526,0.070230633020401,0.06951701641082764,0.06880339980125427,0.09438005089759827,0.11995670199394226,0.09129348397254944,0.09540531039237976,0.09583590924739838,0.07724535465240479,0.26322562992572784,0.11682682620982329,0.14639880371590455,0.3141004145145416,0.3141004145145416,0.25634047389030457,0.25634047389030457,0.26322562992572784,0.21235084533691406,0.2208387330174446,0.18533699214458466,0.185722254216671,0.15909366309642792,0.1773058995604515,0.16927480697631836,0.15007835626602173,0.14106304943561554,0.14255345612764359,0.14404386281967163,0.13562605530023575,0.12720824778079987,0.1342783346772194,0.13016797602176666,0.10950471088290215,0.11481239646673203
83453494,qslstm,extrapolation,early,2000174,62,4,58,57,4,0.17537617991698695,0.3983354267003315,0.19953824013235316,0.44669703394174576,0.10396352020286294,0.2656734570628032,0.18030119093175412,0.4074845280546438,0.019269585086588274,0.012307768806498101,0.03893091529607773,0.24277289619203657,0.043409526348114014,0.25612578948494047,0.05354863405227661,0.2656734570628032,0.43590862303972244,0.36085658776573837,0.43257296830415726,0.41018687444739044,0.44380000978708267,0.4257111724000424,0.4251890555024147,0.41345587628893554,0.4279816523194313,0.3634834665572271,0.39149100333452225,0.23223623260855675,0.42145050317049026,0.4260665699839592,0.4251100793480873,0.4140976443886757,0.39775288850069046,0.16693095862865448,0.12036175666184261,0.04656920196681187,0.21184466406702995,0.12607823312282562,0.18157360516488552,0.11679007858037949,0.16693095862865448,0.12206968665122986,0.15265536680817604,0.12624230980873108,0.1409266907721758,0.11807801574468613,0.13790266029536724,0.12152379006147385,0.13527516648173332,0.11588848382234573,0.13138694129884243,0.11692626029253006,0.119686309248209,0.09766498953104019,0.1155090257525444,0.11203663796186447,0.11594687588512897,0.11813094466924667
83453494,qslstm,extrapolation,early,2000175,62,4,58,58,3,0.139456195088908,0.3682035428862418,0.18406965713849388,0.42903339862823486,0.0920342581342169,0.29543470963835716,0.1427266734995764,0.37322208311023386,0.01777910980685004,0.01480973020513007,0.031587958335876465,0.22644799451033273,0.29329629242420197,0.23728932440280914,0.3001236468553543,0.29543470963835716,0.36826008558273315,0.26062267646193504,0.3495721220970154,0.28174470737576485,0.3728138208389282,0.306333813816309,0.41041451692581177,0.31796281039714813,0.4335499703884125,0.33839891478419304,0.403719961643219,0.34279704838991165,0.40027540922164917,0.37448638305068016,0.40283918380737305,0.3976239040493965,0.3838564157485962,0.21399357914924622,0.11709321727012766,0.09690036187911856,0.21963037053743997,0.12831422686576843,0.18545257051785788,0.1211751401424408,0.21399357914924622,0.11383581161499023,0.17456432431936264,0.12688510119915009,0.16259682923555374,0.12786541879177094,0.1610267199575901,0.12179770320653915,0.13886805810034275,0.10982926934957504,0.12919375859200954,0.10494927316904068,0.12147439457476139,0.10392151027917862,0.11251217126846313,0.09806937724351883,0.1138169877231121,0.11365175247192383
83453494,qslstm,extrapolation,early,2000176,62,4,58,57,4,0.029965944438062758,0.10563104058946332,0.00994669407651827,0.09973311424255371,0.11228188625172503,0.30228815600275993,0.024288982933672255,0.0920684809057877,0.014845810438457289,0.014325379179074215,0.13454877585172653,0.26898712664842606,0.5567119717597961,0.2821901421993971,0.5255773067474365,0.30228815600275993,0.11537301540374756,0.2665454223752022,0.09360486268997192,0.3320923037827015,0.06274059414863586,0.4027964174747467,0.02418726682662964,0.4119289815425873,0.04033520817756653,0.2977989390492439,0.015301614999771118,0.07881730049848557,0.08210405707359314,0.0610545352101326,0.10805961489677429,0.07310612499713898,0.07906943559646606,0.18403888121247292,0.11789968841034791,0.066139192802125,0.22595286866029105,0.13599540293216705,0.2228630855679512,0.12860102951526642,0.18403888121247292,0.1329045444726944,0.17443086206912994,0.13250018656253815,0.1618047170341015,0.13877542316913605,0.14509217999875546,0.12081656605005264,0.14449479430913925,0.12788371741771698,0.12952516041696072,0.12100402265787125,0.13059029914438725,0.1361398994922638,0.11669393256306648,0.09733570367097855,0.12367616407573223,0.11254391074180603
83453494,qslstm,extrapolation,early,2000177,62,1,61,60,1,0.13107782553482827,0.35880898600143774,0.14564348970475877,0.3816326633095741,0.19255628089696103,0.43881235271692276,0.1300699820043015,0.35749745539954453,0.019863331317901613,0.016380740650768937,0.12778562307357788,0.26321953535079956,0.26321953535079956,0.20531690120697021,0.20531690120697021,0.43881235271692276,0.43881235271692276,0.3902674987912178,0.3902674987912178,0.3936906233429909,0.3936906233429909,0.36736536771059036,0.36736536771059036,0.3349444046616554,0.3349444046616554,0.3598940148949623,0.3598940148949623,0.33652413636446,0.33652413636446,0.3531479015946388,0.3531479015946388,0.39112720638513565,0.39112720638513565,0.1911052018404007,0.12091610763893752,0.07018909420146317,0.23705488443374634,0.23705488443374634,0.22116708755493164,0.22116708755493164,0.1911052018404007,0.1911052018404007,0.1768309623003006,0.1768309623003006,0.1637406200170517,0.1637406200170517,0.1561882048845291,0.1561882048845291,0.15032507479190826,0.15032507479190826,0.14308620989322662,0.14308620989322662,0.13667291402816772,0.13667291402816772,0.10491522401571274,0.10491522401571274,0.11627796292304993,0.11627796292304993
83453494,qslstm,extrapolation,early,2000178,62,1,61,60,1,0.03917732289690437,0.15638173972406694,0.007981481413722236,0.08933913707733154,0.00821506007929429,0.0906369686126709,0.039684900975881586,0.15745952285704065,0.01639774243036906,0.010981224952860082,-0.003629922866821289,0.4113249182701111,0.4113249182701111,0.4290739893913269,0.4290739893913269,0.0906369686126709,0.0906369686126709,0.09763967990875244,0.09763967990875244,0.09834277629852295,0.09834277629852295,0.09865880012512207,0.09865880012512207,0.07962256669998169,0.07962256669998169,0.10566973686218262,0.10566973686218262,0.12878191471099854,0.12878191471099854,0.07271862030029297,0.07271862030029297,0.11158251762390137,0.11158251762390137,0.11301228404045105,0.12260909915947524,-0.009596815119024188,0.13947150111198425,0.13947150111198425,0.12482672929763794,0.12482672929763794,0.11301228404045105,0.11301228404045105,0.11381993442773819,0.11381993442773819,0.13377797603607178,0.13377797603607178,0.12251108884811401,0.12251108884811401,0.11061755567789078,0.11061755567789078,0.1151110827922821,0.1151110827922821,0.10688421130180359,0.10688421130180359,0.11887788772583008,0.11887788772583008,0.09253385663032532,0.09253385663032532
83453494,qslstm,extrapolation,early,2000179,62,1,61,61,0,0.1676640812182704,0.4059696685402624,0.16838796825583918,0.4103510305285454,0.046324444890456784,0.21523114293813705,0.1696532555843001,0.4090965296157071,0.019307592364608266,0.019307592364608266,,,,,,0.21523114293813705,0.21523114293813705,0.42257022112607956,0.42257022112607956,0.28896041959524155,0.28896041959524155,0.3580572232604027,0.3580572232604027,0.3009315952658653,0.3009315952658653,0.312781386077404,0.312781386077404,0.29837145656347275,0.29837145656347275,0.3521127924323082,0.3521127924323082,0.4195803329348564,0.4195803329348564,0.29361972212791443,0.11970015896148369,0.17391956316643076,,,,,0.29361972212791443,0.29361972212791443,0.2834565043449402,0.2834565043449402,0.20836025476455688,0.20836025476455688,0.1804184764623642,0.1804184764623642,0.1602737456560135,0.1602737456560135,0.14150555431842804,0.14150555431842804,0.12215488404035568,0.12215488404035568,0.14387935400009155,0.14387935400009155,0.13668693602085114,0.13668693602085114
83453494,qslstm,extrapolation,early,2000180,62,3,59,59,2,0.15895650560050842,0.39681355126442447,0.17159218110189617,0.4142368659377098,0.14327694540020455,0.36413401116927463,0.15975377137340524,0.39847522279468633,0.01903370123798564,0.0163994393565438,0.203542560338974,0.40545934438705444,0.40545934438705444,0.28795552253723145,0.35363543033599854,0.36413401116927463,0.465595118701458,0.3898934895793597,0.4424773380160332,0.3806645944714546,0.4115884527564049,0.4170558030406634,0.43797456473112106,0.3976227218906085,0.43377339094877243,0.44716651489337284,0.4334270879626274,0.4221062685052554,0.4167557880282402,0.40400364249944687,0.33247192949056625,0.35600145906209946,0.36867108196020126,0.25256496171156567,0.11723106872227232,0.13533389298929335,0.19551827013492584,0.19551827013492584,0.25944047421216965,0.16328103840351105,0.25256496171156567,0.1639569103717804,0.2147856056690216,0.14202351868152618,0.20403067270914713,0.1450773924589157,0.17776270707448324,0.1349504590034485,0.16330901781717935,0.1311277449131012,0.1481831173102061,0.1385689228773117,0.13747775554656982,0.13240541517734528,0.12338123222192128,0.11172566562891006,0.1119214395682017,0.09839022159576416
83453494,qslstm,extrapolation,early,2000181,62,3,59,59,2,0.13062882677754603,0.3524817477070516,0.14368920064704632,0.37906358391046524,0.07351306041588669,0.23354233553012213,0.13353301828746092,0.3585295144279124,0.021048923670235326,0.017848474559960543,0.04184071719646454,0.18785864114761353,0.25044840574264526,0.22452393174171448,0.3345358371734619,0.23354233553012213,0.39222288876771927,0.22908573597669601,0.41614339500665665,0.3022683188319206,0.44700024276971817,0.3103470951318741,0.42430637031793594,0.3517194340626399,0.3869766667485237,0.3862318843603134,0.3998534455895424,0.4053162212173144,0.36012864857912064,0.3738340809941292,0.33278606086969376,0.36146542181571323,0.36625228077173233,0.21802029510339102,0.12102780225923505,0.09699249284415597,0.20495720952749252,0.1648799628019333,0.1852456033229828,0.14899583160877228,0.21802029510339102,0.13822029531002045,0.18572678416967392,0.12481852620840073,0.17729465663433075,0.1378536820411682,0.17198999226093292,0.15625430643558502,0.14903962860504785,0.1559370905160904,0.149521142244339,0.14331328868865967,0.12040400505065918,0.12317812442779541,0.11787491788466771,0.12110226601362228,0.11536147942145665,0.12148476392030716
83453494,qslstm,extrapolation,early,2000182,62,3,59,59,2,0.07078671273781945,0.2650970956010203,0.06784013569034997,0.26046139001846313,0.06336931656524077,0.25009135405222577,0.07116386847540819,0.2658600994085861,0.014459730710013437,0.012881815433502197,0.06480313837528229,0.20816396176815033,0.2042504847049713,0.23137407004833221,0.20017066597938538,0.25009135405222577,0.25678354501724243,0.26237228512763977,0.32028889656066895,0.26124851902325946,0.3021618127822876,0.2590432862440745,0.31609582901000977,0.2793949445088704,0.317725270986557,0.31215232610702515,0.30007225275039673,0.29376792907714844,0.27235570549964905,0.2840108772118886,0.25873345136642456,0.2724567651748657,0.273971289396286,0.21722814440727234,0.11720778477393974,0.1000203596333326,0.23325610905885696,0.17043618857860565,0.19904613494873047,0.15472793579101562,0.21722814440727234,0.1551201194524765,0.18711493909358978,0.14754429459571838,0.16359383861223856,0.13556529581546783,0.1566994438568751,0.14454202353954315,0.14600070814291635,0.13572989404201508,0.14442026615142822,0.14117448031902313,0.12548996011416116,0.11925295740365982,0.12592564274867377,0.10233718901872635,0.10899587720632553,0.10380382090806961
83453494,qslstm,extrapolation,early,2000183,62,5,57,57,4,0.10799281053721807,0.3115687850982912,0.1331856973194343,0.3649461567401886,0.12956136474849114,0.32221898436546326,0.10610083209763271,0.31063455709239896,0.01662261548795198,0.012902863482211499,0.04786667227745056,0.3317590579390526,0.5185280442237854,0.35823315382003784,0.47726887464523315,0.32221898436546326,0.3192836344242096,0.24255411028862,0.30820006132125854,0.24114158749580383,0.3188789486885071,0.2224990487098694,0.33431586623191833,0.14847227931022644,0.3144860565662384,0.17104259133338928,0.30468451976776123,0.34566162824630736,0.31220030784606934,0.3560622870922089,0.3223872482776642,0.3314101994037628,0.377312570810318,0.20779447108507157,0.11983349932390347,0.0879609717611681,0.19633851200342178,0.1431838423013687,0.17173870839178562,0.1287401169538498,0.20779447108507157,0.11703339964151382,0.1779166653752327,0.12424925714731216,0.15119233429431916,0.11591747403144836,0.13752187192440032,0.08956972509622574,0.13732681572437286,0.11060502380132675,0.12164812833070755,0.11870775371789932,0.1261345401406288,0.1147293746471405,0.1197396993637085,0.11141014099121094,0.11077706664800643,0.11797025799751282
83453494,qslstm,extrapolation,early,2000184,62,1,61,60,1,0.15083574198967015,0.3871380448822052,0.15594772363727216,0.39490216970443726,0.10881471859380909,0.3298707604408264,0.15152461122566785,0.38807685282386717,0.022932852804660796,0.01944295123771385,0.060846954584121704,0.37328948080539703,0.37328948080539703,0.3938315659761429,0.3938315659761429,0.3298707604408264,0.3298707604408264,0.3884466886520386,0.3884466886520386,0.3777230381965637,0.3777230381965637,0.3620285987854004,0.3620285987854004,0.41516631841659546,0.41516631841659546,0.3978777825832367,0.3978777825832367,0.39922451972961426,0.39922451972961426,0.3783806562423706,0.3783806562423706,0.36732250452041626,0.36732250452041626,0.13543130457401276,0.12350238603158076,0.011928918542431999,0.14907430112361908,0.14907430112361908,0.15690886974334717,0.15690886974334717,0.13543130457401276,0.13543130457401276,0.14367473125457764,0.14367473125457764,0.1305643767118454,0.1305643767118454,0.12084513157606125,0.12084513157606125,0.12674404680728912,0.12674404680728912,0.11607056111097336,0.11607056111097336,0.10008487850427628,0.10008487850427628,0.12413188070058823,0.12413188070058823,0.1273787021636963,0.1273787021636963
83453494,qslstm,extrapolation,early,2000185,62,3,59,59,2,0.15084457465151496,0.38443940427274476,0.16441451165882004,0.40548059344291687,0.11743490580809009,0.33113713438312214,0.15254337137236712,0.38714968918238657,0.02095933132252451,0.0147089516887298,0.05208742618560791,0.4653023090213537,0.47479889914393425,0.5231571402400732,0.4614776782691479,0.33113713438312214,0.2730412483215332,0.43054478739698726,0.3203590512275696,0.3534696375330289,0.31078261137008667,0.3858776167035103,0.2897428870201111,0.4286591286460559,0.2701529860496521,0.4384925638635953,0.32323747873306274,0.3769098160167535,0.3488927185535431,0.30832502245903015,0.3279118239879608,0.3645475506782532,0.35444149374961853,0.23518218596776327,0.11640939116477966,0.11877279480298361,0.2583444193005562,0.16354291141033173,0.20672567188739777,0.14155641198158264,0.23518218596776327,0.14902059733867645,0.19426057736078897,0.1407114416360855,0.16809889177481332,0.12634070217609406,0.15449444949626923,0.10909590125083923,0.14319717387358347,0.11174705624580383,0.13585088650385538,0.12272772192955017,0.13483081509669623,0.1222245916724205,0.1165206457177798,0.10613548010587692,0.12272616724173228,0.1284821778535843
83453494,qslstm,extrapolation,early,2000186,62,2,60,59,2,0.18144364202676072,0.4228886505288462,0.20272758497033383,0.45025280117988586,0.058259296271574446,0.21590812504291534,0.18554978688526697,0.4297880013783773,0.015322892847707716,0.013064765616467125,0.059941381216049194,0.3531784117221832,0.3168147802352905,0.21241013705730438,0.10800549387931824,0.21590812504291534,0.32381075620651245,0.34894463419914246,0.37407851219177246,0.3930058777332306,0.4119332432746887,0.4001593291759491,0.3883854150772095,0.39825740456581116,0.40812939405441284,0.43423719704151154,0.44165143370628357,0.4393756091594696,0.44090598821640015,0.42260293662548065,0.4300245940685272,0.42527855932712555,0.43157050013542175,0.17445848137140274,0.1186986127247413,0.05575986864666144,0.23498930782079697,0.200593963265419,0.19764471799135208,0.19469547271728516,0.17445848137140274,0.15422149002552032,0.15499166399240494,0.15576183795928955,0.14530827850103378,0.13485471904277802,0.1262219361960888,0.11758915334939957,0.13176408037543297,0.14593900740146637,0.12816635891795158,0.12481959909200668,0.10790164023637772,0.11262773722410202,0.13095581531524658,0.12796853482723236,0.11212662234902382,0.11463379859924316
83453494,qslstm,extrapolation,early,2000187,62,4,58,57,4,0.02767871928899553,0.08186638811903615,1.714864544055672e-05,0.004141092300415039,0.1519085983457092,0.32936787232756615,0.019111141423015277,0.0647973202425858,0.016886996072635316,0.014787682547019078,0.09692497178912163,0.443661704659462,0.4632530212402344,0.3335196487605572,0.4454418420791626,0.32936787232756615,0.02129259705543518,0.3400127850472927,0.04687720537185669,0.2158348299562931,0.013004153966903687,0.19731107726693153,0.013804882764816284,0.17599201574921608,0.005817413330078125,0.1365874856710434,0.030402302742004395,0.026779107749462128,0.04161664843559265,0.036240220069885254,0.05107715725898743,0.05719519406557083,0.062106043100357056,0.16938694193959236,0.1191520038349875,0.05023493810460486,0.16463162998358408,0.13076616823673248,0.2006719522178173,0.1419249027967453,0.16938694193959236,0.1259043961763382,0.16024339571595192,0.1359199583530426,0.14866016432642937,0.12535107135772705,0.14272009953856468,0.1353716105222702,0.13774018734693527,0.13217352330684662,0.12324131093919277,0.09410559386014938,0.11944935284554958,0.12241581082344055,0.11432239785790443,0.09576960653066635,0.11681411229074001,0.11188670992851257
83453494,qslstm,extrapolation,near_best,2000188,62,2,60,60,1,0.147148058256311,0.3776452550964971,0.1756509689186112,0.4191073477268219,0.046387257787703806,0.2109144777059555,0.15050675160526458,0.3832029476761818,0.022475402553876242,0.022475402553876242,0.07680529356002808,,,0.25453031063079834,0.25453031063079834,0.2109144777059555,0.16729864478111267,0.14148953557014465,0.11568042635917664,0.1531560719013214,0.1906317174434662,0.21256698668003082,0.23450225591659546,0.22719815373420715,0.21989405155181885,0.2947264760732651,0.3181900680065155,0.36434587836265564,0.35318294167518616,0.3902840316295624,0.3828062117099762,0.4223061800003052,0.40873363614082336,0.2855730280280113,0.11921732860306898,0.16635569942494233,,,0.32660624384880066,0.32660624384880066,0.2855730280280113,0.24453981220722198,0.23174645006656647,0.21895308792591095,0.19544754177331924,0.17194199562072754,0.18108365684747696,0.19022531807422638,0.17811720073223114,0.1660090833902359,0.15106464177370071,0.1459210067987442,0.14310651272535324,0.15715239942073822,0.12208995595574379,0.13523173332214355,0.12745225802063942,0.1361069530248642
83453494,qslstm,extrapolation,near_best,2000189,62,3,59,59,2,0.18787065879888076,0.4251569403756049,0.1971878391380264,0.4440583735704422,0.08784619104886408,0.28620435297489166,0.19295664868447485,0.4322223261756412,0.020318404092627057,0.01645989688959989,0.11916755139827728,0.18914246559143066,0.18914246559143066,0.30367036163806915,0.2613026201725006,0.28620435297489166,0.33512167632579803,0.22186005612214407,0.4154946953058243,0.20894690851370493,0.4561300426721573,0.2504804382721583,0.4642203599214554,0.30224763850371045,0.4562978297472,0.3952249139547348,0.4350583702325821,0.4640008161465327,0.4716520458459854,0.4431660125652949,0.4275639206171036,0.45092999438444775,0.4562499076128006,0.28906598687171936,0.11369765600410559,0.17536833086761378,0.17017865180969238,0.17017865180969238,0.28776422142982483,0.1552324891090393,0.28906598687171936,0.13656502962112427,0.2361380954583486,0.11803692579269409,0.1939144308368365,0.1086282804608345,0.16734212140242258,0.1387730836868286,0.15688684086004892,0.1452493816614151,0.13387884696324667,0.14703458547592163,0.11893618106842041,0.10940717905759811,0.1294586956501007,0.12118690460920334,0.11343121031920116,0.10982739925384521
83453494,qslstm,extrapolation,near_best,2000190,62,2,60,60,1,0.18542107397779842,0.42779351508380065,0.20054385376668282,0.4478212296962738,0.13208078913203114,0.3376065681804903,0.18719908347265732,0.4307997466472443,0.012385379771391552,0.011744005700289193,0.09750866889953613,0.4721524497726932,0.4721524497726932,0.5223788997391239,0.5223788997391239,0.3376065681804903,0.20306068658828735,0.3870985101093538,0.25181812047958374,0.25042134523391724,0.2977820038795471,0.287262499332428,0.3227068781852722,0.3196113407611847,0.34144067764282227,0.37826332449913025,0.41508597135543823,0.40557099878787994,0.39605602622032166,0.4198763966560364,0.4139758348464966,0.4394548237323761,0.4456190764904022,0.28136592358350754,0.11737000780800978,0.16399591577549777,0.36034074425697327,0.36034074425697327,0.2781476378440857,0.2781476378440857,0.28136592358350754,0.2023911029100418,0.2586223781108856,0.23909711837768555,0.19392581284046173,0.18546052277088165,0.19631551951169968,0.1535339206457138,0.1671636551618576,0.14886678755283356,0.14400747418403625,0.13914816081523895,0.1351727843284607,0.13119740784168243,0.12175888195633888,0.13101567327976227,0.11484800279140472,0.1120002269744873
83453494,qslstm,extrapolation,near_best,2000191,62,1,61,60,1,0.30172252484947487,0.5405796735036758,0.4177520409045423,0.6463374048471451,0.2179003658833365,0.46679799258708954,0.303096658603018,0.5417892092564067,0.019095443189144135,0.016289584040641784,0.03292664885520935,0.43909651041030884,0.43909651041030884,0.45083683729171753,0.45083683729171753,0.46679799258708954,0.46679799258708954,0.4936472922563553,0.4936472922563553,0.5347936302423477,0.5347936302423477,0.5426618009805679,0.5426618009805679,0.5492503792047501,0.5492503792047501,0.5735508948564529,0.5735508948564529,0.5869950205087662,0.5869950205087662,0.5707142502069473,0.5707142502069473,0.5972207933664322,0.5972207933664322,0.13363218307495117,0.1269726793541283,0.006659503720822885,0.11968611925840378,0.11968611925840378,0.12577156722545624,0.12577156722545624,0.13363218307495117,0.13363218307495117,0.11678453534841537,0.11678453534841537,0.11599341034889221,0.11599341034889221,0.11543196439743042,0.11543196439743042,0.11930935829877853,0.11930935829877853,0.11992082744836807,0.11992082744836807,0.1070624366402626,0.1070624366402626,0.1305016130208969,0.1305016130208969,0.1069074273109436,0.1069074273109436
83453494,qslstm,extrapolation,near_best,2000192,62,1,61,61,0,0.14516881911987153,0.38006187446655765,0.1335317972781367,0.36542002856731415,0.059149148448229605,0.2432059794664383,0.14657897765547223,0.3823054137288547,0.020092752624730596,0.020092752624730596,,,,,,0.2432059794664383,0.2432059794664383,0.3559350222349167,0.3559350222349167,0.4072428196668625,0.4072428196668625,0.34793655574321747,0.34793655574321747,0.37183551490306854,0.37183551490306854,0.3934008926153183,0.3934008926153183,0.34793464839458466,0.34793464839458466,0.4046647995710373,0.4046647995710373,0.41686205565929413,0.41686205565929413,0.37616196274757385,0.13296159735468568,0.24320036539288817,,,,,0.37616196274757385,0.37616196274757385,0.3024890720844269,0.3024890720844269,0.28906700015068054,0.28906700015068054,0.2301076203584671,0.2301076203584671,0.19091951847076416,0.19091951847076416,0.18288636207580566,0.18288636207580566,0.15567968785762787,0.15567968785762787,0.13628455996513367,0.13628455996513367,0.19328968226909637,0.19328968226909637
83453494,qslstm,extrapolation,near_best,2000193,62,1,61,60,1,0.11971924845672646,0.33992176623113696,0.20928180012583653,0.4574732780456543,0.04890164619679638,0.2211371660232544,0.12088019275606957,0.34186905475913504,0.02716212421655655,0.02651921557445152,0.02416771650314331,0.34704989194869995,0.34704989194869995,0.3447529971599579,0.3447529971599579,0.2211371660232544,0.2211371660232544,0.22718599438667297,0.22718599438667297,0.25388291478157043,0.25388291478157043,0.26328250765800476,0.26328250765800476,0.21022364497184753,0.21022364497184753,0.2687247693538666,0.2687247693538666,0.2719688415527344,0.2719688415527344,0.301712304353714,0.301712304353714,0.2988342046737671,0.2988342046737671,0.1228547915816307,0.13227742910385132,-0.009422637522220612,0.15658238530158997,0.15658238530158997,0.12913519144058228,0.12913519144058228,0.1228547915816307,0.1228547915816307,0.13805921375751495,0.13805921375751495,0.13368040323257446,0.13368040323257446,0.125795379281044,0.125795379281044,0.11509700864553452,0.11509700864553452,0.11624515056610107,0.11624515056610107,0.12167268991470337,0.12167268991470337,0.12387441843748093,0.12387441843748093,0.13037671148777008,0.13037671148777008
83453494,qslstm,extrapolation,near_best,2000194,62,0,62,61,0,0.009637952826038503,0.08419742988001916,0.008106358726550411,0.0900353193283081,,,0.009637952826038503,0.08419742988001916,0.033423292832296406,0.033423292832296406,,,,,,,,,,,,,,,,,,,,,,,,,0.124103446280764,,,,,,,,,,,,,,,,,,,,,,,
83453494,qslstm,extrapolation,near_best,2000195,62,3,59,59,2,0.1997787544821355,0.4441506766503857,0.22311624117411188,0.4723518192768097,0.12154505548031895,0.3432939847310384,0.20375673917714315,0.4492789830191661,0.014791692717600677,0.013142066973227041,0.12919668853282928,0.3042738437652588,0.3042738437652588,0.2931705564260483,0.3165038824081421,0.3432939847310384,0.41868141293525696,0.38997408747673035,0.46901753544807434,0.3889554838339488,0.4640120565891266,0.35963045557339984,0.46998581290245056,0.3555010259151459,0.49663665890693665,0.3990061680475871,0.4618332087993622,0.46535371740659076,0.4630315601825714,0.4597637355327606,0.4163617789745331,0.4687456985314687,0.47130993008613586,0.23740282654762268,0.12124210583456492,0.11616072071305776,0.1710384637117386,0.1710384637117386,0.22498131543397903,0.16147200763225555,0.23740282654762268,0.15337026119232178,0.20807202657063803,0.12790246307849884,0.1861080378293991,0.13017739355564117,0.17139889299869537,0.1326562613248825,0.16338773568471274,0.13976502418518066,0.15091904004414877,0.13791485130786896,0.1244727149605751,0.1153382882475853,0.13428053508202234,0.12326452881097794,0.12623519450426102,0.1243741437792778
83453494,qslstm,extrapolation,near_best,2000196,62,0,62,61,0,0.28666100491269775,0.5324202905739507,0.2939471326869558,0.542168915271759,,,0.28666100491269775,0.5324202905739507,0.015256778138582824,0.015256778138582824,,,,,,,,,,,,,,,,,,,,,,,,,0.12290741226846172,,,,,,,,,,,,,,,,,,,,,,,
83453494,qslstm,extrapolation,near_best,2000197,62,3,59,58,3,0.2056632457391776,0.43998116639352614,0.31486676224192767,0.5611298978328705,0.07729857118630079,0.26476162672042847,0.21219026308932387,0.4488906345124972,0.02696633184778279,0.02537838562771126,0.04317436615626017,0.20090749859809875,0.323710560798645,0.23848103483517966,0.35674184560775757,0.26476162672042847,0.3258053660392761,0.2705685496330261,0.3861270546913147,0.27770712971687317,0.4409600794315338,0.36709245045979816,0.3914397358894348,0.40228280425071716,0.4091464877128601,0.4062528709570567,0.42348507046699524,0.4185757339000702,0.4408023953437805,0.4984074632326762,0.5223248302936554,0.5053645670413971,0.49063408374786377,0.1888398975133896,0.13067932149111214,0.05816057602227745,0.2633612851301829,0.17894691228866577,0.213744655251503,0.1721990555524826,0.1888398975133896,0.15251590311527252,0.18637798726558685,0.16278043389320374,0.16895676652590433,0.15704883635044098,0.16455429792404175,0.15193554759025574,0.1582472026348114,0.14549371600151062,0.1460391730070114,0.12984336912631989,0.13884412248929343,0.13475345075130463,0.1318303346633911,0.13489148020744324,0.12713109701871872,0.12935058772563934
83453494,qslstm,extrapolation,near_best,2000198,62,6,56,56,5,0.12689207539477423,0.34235777321361727,0.1310739097670235,0.36204130947589874,0.08306704961459851,0.2740858259300391,0.13158761387122164,0.34967262470828636,0.015172403305768967,0.012554598615524616,0.04328859448432922,0.29476679116487503,0.4153464511036873,0.25901717990636824,0.32686513662338257,0.2740858259300391,0.3144512325525284,0.27943503484129906,0.3199358135461807,0.25890809545914334,0.336320236325264,0.23517845819393793,0.33820147812366486,0.22436838100353876,0.347261980175972,0.22076698889334997,0.36156947910785675,0.29245801642537117,0.3664700537919998,0.36020078385869664,0.36037011444568634,0.35381127893924713,0.3545817881822586,0.18231243640184402,0.11923798798982586,0.06307444841201816,0.15463305823504925,0.1255682110786438,0.17512311190366744,0.09823795408010483,0.18231243640184402,0.1329643726348877,0.1610868920882543,0.11655700206756592,0.14458541323741278,0.10276959091424942,0.1436895231405894,0.10910698026418686,0.1447566697994868,0.12419729679822922,0.13442955911159515,0.12053132802248001,0.1267410864432653,0.12743012607097626,0.10608117530743282,0.10361836105585098,0.11020301779111226,0.10432242602109909
83453494,qslstm,extrapolation,near_best,2000199,62,4,58,57,4,0.16483365057450708,0.38436273641643987,0.21357031640679125,0.4621366858482361,0.12463468276032988,0.3266160786151886,0.16760599318238134,0.3883452645406641,0.01720474320545531,0.014642153648619956,0.05980507284402847,0.2984010974566142,0.40865566581487656,0.2366327866911888,0.38127126544713974,0.3266160786151886,0.39528846740722656,0.3042433187365532,0.38405370712280273,0.231319485232234,0.39477890729904175,0.23108723759651184,0.41125035285949707,0.23709283769130707,0.42312389612197876,0.2517774999141693,0.45144110918045044,0.33463877253234386,0.4571612775325775,0.40967448614537716,0.4290770888328552,0.43473267555236816,0.43407613039016724,0.16637438349425793,0.12032136565138554,0.046053017842872385,0.17813136180241904,0.11312055587768555,0.20270269364118576,0.13926558196544647,0.16637438349425793,0.10752145200967789,0.14955106563866138,0.12409806996583939,0.1455633696168661,0.1218828335404396,0.13539660349488258,0.11317823082208633,0.13562138378620148,0.11062485724687576,0.13248520158231258,0.1071280837059021,0.1292163673788309,0.11054059863090515,0.12112269550561905,0.11130741983652115,0.1119928564876318,0.10793441534042358
83453494,qslstm,extrapolation,near_best,2000200,62,4,58,58,3,0.006023046215666538,0.04902188431832098,5.594632000693878e-05,0.007479727268218994,0.057852124367905766,0.23061560094356537,0.002448627032753488,0.03649817972347654,0.018965411802818036,0.017393180152826142,0.05534923076629639,0.22332000732421875,0.24700236320495605,0.23267795642217,0.29384398460388184,0.23061560094356537,0.11584591865539551,0.18077518045902252,0.15622329711914062,0.15055394172668457,0.0831441879272461,0.13887806236743927,0.022300779819488525,0.057350948452949524,0.008112907409667969,0.027021601796150208,0.004296481609344482,0.006457790732383728,0.01270604133605957,0.03980937600135803,0.06499236822128296,0.0485243946313858,0.02319234609603882,0.23470987379550934,0.11461757495999336,0.12009229883551598,0.27642540136973065,0.22201013565063477,0.23723985254764557,0.20178957283496857,0.23470987379550934,0.19569356739521027,0.21106045693159103,0.15883883833885193,0.19008223339915276,0.18378639221191406,0.17406851053237915,0.15185923874378204,0.16721361130475998,0.13751524686813354,0.13802988454699516,0.12041076272726059,0.1200642567127943,0.10212373733520508,0.10860205069184303,0.13096769154071808,0.12080795131623745,0.1317068189382553
83453494,qslstm,extrapolation,near_best,2000201,62,1,61,60,1,0.3104732724837062,0.5432397742425242,0.2890694976919441,0.5376518368721008,0.2084831340452844,0.45659953355789185,0.3121452419663033,0.5446601060570263,0.015041735768318177,0.014998203721539727,0.1152181327342987,0.026849091053009033,0.026849091053009033,0.002551734447479248,0.002551734447479248,0.45659953355789185,0.45659953355789185,0.4756420850753784,0.4756420850753784,0.48884981870651245,0.48884981870651245,0.5441281795501709,0.5441281795501709,0.5310786068439484,0.5310786068439484,0.5728304088115692,0.5728304088115692,0.5653482377529144,0.5653482377529144,0.6052217483520508,0.6052217483520508,0.5901367962360382,0.5901367962360382,0.1875566989183426,0.12080705312431836,0.06674964579402423,0.24756388366222382,0.24756388366222382,0.23181374371051788,0.23181374371051788,0.1875566989183426,0.1875566989183426,0.17886094748973846,0.17886094748973846,0.16223084926605225,0.16223084926605225,0.15392112731933594,0.15392112731933594,0.1468811184167862,0.1468811184167862,0.13794474303722382,0.13794474303722382,0.12552838027477264,0.12552838027477264,0.11375128477811813,0.11375128477811813,0.10434839874505997,0.10434839874505997
83453494,qslstm,extrapolation,near_best,2000202,62,1,61,61,0,0.21990635528211705,0.4680482415902999,0.23675888489588376,0.4865787550806999,0.21921181732705458,0.4682006165385246,0.21991774115023283,0.468045743640329,0.01597472683328097,0.01597472683328097,,,,,,0.4682006165385246,0.4682006165385246,0.34593334048986435,0.34593334048986435,0.46541374176740646,0.46541374176740646,0.4651436135172844,0.4651436135172844,0.387997142970562,0.387997142970562,0.3960113748908043,0.3960113748908043,0.4445992037653923,0.4445992037653923,0.4714628979563713,0.4714628979563713,0.4695052430033684,0.4695052430033684,0.4043179452419281,0.12519957845816848,0.2791183667837596,,,,,0.4043179452419281,0.4043179452419281,0.3132213056087494,0.3132213056087494,0.25855252146720886,0.25855252146720886,0.2319411039352417,0.2319411039352417,0.18302057683467865,0.18302057683467865,0.13186383247375488,0.13186383247375488,0.14405572414398193,0.14405572414398193,0.11702442169189453,0.11702442169189453,0.11330074071884155,0.11330074071884155
83453494,qslstm,extrapolation,near_best,2000203,62,1,61,61,0,0.17024729864714572,0.4070515493231435,0.20395810536484849,0.45161721110343933,0.11318948521253347,0.3364364504814148,0.17118267263787706,0.4082091738943194,0.019418896710286376,0.019418896710286376,,,,,,0.3364364504814148,0.3364364504814148,0.2213999629020691,0.2213999629020691,0.15972530841827393,0.15972530841827393,0.20308798551559448,0.20308798551559448,0.256805956363678,0.256805956363678,0.3080935478210449,0.3080935478210449,0.3619452118873596,0.3619452118873596,0.40568405389785767,0.40568405389785767,0.36719903349876404,0.36719903349876404,0.3711848258972168,0.1186968769694938,0.25248794892772297,,,,,0.3711848258972168,0.3711848258972168,0.27158793807029724,0.27158793807029724,0.2025071531534195,0.2025071531534195,0.2241382598876953,0.2241382598876953,0.16373182833194733,0.16373182833194733,0.153070330619812,0.153070330619812,0.13268087804317474,0.13268087804317474,0.12738846242427826,0.12738846242427826,0.1168861985206604,0.1168861985206604
83453494,qslstm,extrapolation,near_best,2000204,62,4,58,58,3,0.226022282293526,0.4623315863070949,0.2961328517707793,0.5441808998584747,0.09526727285301573,0.2912881448864937,0.23503986915149225,0.47412768571541225,0.019589926662116217,0.01587883770465851,0.05582728981971741,0.2904289762179057,0.31297165155410767,0.2694601813952128,0.3114829659461975,0.2912881448864937,0.39602041244506836,0.2667909041047096,0.4027169346809387,0.38606899976730347,0.3970414996147156,0.3339415267109871,0.37085217237472534,0.3559991791844368,0.37050479650497437,0.34111154824495316,0.4328145384788513,0.35835300385951996,0.4342503547668457,0.42506392300128937,0.4938720464706421,0.44451506435871124,0.5038183033466339,0.21406125091016293,0.11896173540374329,0.09509951550641964,0.232505202293396,0.12773655354976654,0.18838284413019815,0.12847183644771576,0.21406125091016293,0.10681291669607162,0.18826443701982498,0.13825708627700806,0.1651635617017746,0.13607004284858704,0.14802846498787403,0.10803863406181335,0.14216401427984238,0.13186146318912506,0.12377811595797539,0.1250642091035843,0.12460143305361271,0.11240386962890625,0.12145916000008583,0.11447671055793762,0.11829426884651184,0.11282029002904892
83453494,qslstm,extrapolation,near_best,2000205,62,1,61,60,1,0.2022879000089515,0.44768915253300823,0.1987763626236907,0.4458434283733368,0.10359630593534863,0.3218638002872467,0.20390579499376466,0.44975186322556165,0.011899635195732117,0.010609650005728511,0.1296939253807068,0.30587536096572876,0.30587536096572876,0.21786659955978394,0.21786659955978394,0.3218638002872467,0.3218638002872467,0.3937685787677765,0.3937685787677765,0.4503190219402313,0.4503190219402313,0.43790337443351746,0.43790337443351746,0.43032267689704895,0.43032267689704895,0.47772523760795593,0.47772523760795593,0.48549947142601013,0.48549947142601013,0.484906941652298,0.484906941652298,0.4844578206539154,0.4844578206539154,0.21072815358638763,0.12295817620441561,0.08776997738197202,0.3477517068386078,0.3477517068386078,0.23283331096172333,0.23283331096172333,0.21072815358638763,0.21072815358638763,0.17830665409564972,0.17830665409564972,0.15965229272842407,0.15965229272842407,0.16177566349506378,0.16177566349506378,0.17117828130722046,0.17117828130722046,0.1352996528148651,0.1352996528148651,0.12333212047815323,0.12333212047815323,0.11917155236005783,0.11917155236005783,0.11411857604980469,0.11411857604980469
83453494,qslstm,extrapolation,near_best,2000206,62,5,57,57,4,0.09252043942728277,0.29585290291616995,0.11888777670493766,0.34480106830596924,0.0791164422383293,0.2518008589744568,0.09369622865438396,0.29971711729702194,0.018921591733631334,0.016944727476905373,0.09007085859775543,0.2906011641025543,0.09210062026977539,0.22722071409225464,0.12659502029418945,0.2518008589744568,0.2529030442237854,0.27337140440940855,0.2334769368171692,0.23450835347175597,0.2899370789527893,0.26080276966094973,0.28942209482192993,0.2075798213481903,0.3110641837120056,0.16911154985427856,0.3234221935272217,0.21057816743850707,0.31129616498947144,0.31448036432266235,0.3488714098930359,0.3210556745529175,0.3142924904823303,0.21742543578147888,0.1211824381822034,0.09624299759927549,0.20242254932721457,0.14441992342472076,0.2215784229338169,0.13979710638523102,0.21742543578147888,0.14803707599639893,0.19312148690223693,0.12648959457874298,0.17278048843145372,0.10166028887033463,0.16303409934043883,0.12786321341991425,0.14737529903650284,0.11620708554983139,0.13777662813663483,0.13343743979930878,0.13407399356365204,0.13180013000965118,0.11815942972898483,0.10459142923355103,0.1207727000117302,0.13053260743618011
83453494,qslstm,extrapolation,near_best,2000207,62,1,61,60,1,0.22215562489003268,0.464149760623132,0.27996450334246337,0.5291167199611664,0.18490536285951098,0.4300062358379364,0.22276628492331993,0.46470949053764343,0.022586579620838165,0.021180007417323225,0.10752090811729431,0.09907999634742737,0.09907999634742737,0.006494343280792236,0.006494343280792236,0.4300062358379364,0.4300062358379364,0.4300103783607483,0.4300103783607483,0.398820161819458,0.398820161819458,0.45862072706222534,0.45862072706222534,0.48586925864219666,0.48586925864219666,0.5364688336849213,0.5364688336849213,0.48089590668678284,0.48089590668678284,0.4794814884662628,0.4794814884662628,0.4293688237667084,0.4293688237667084,0.19917555153369904,0.12302194157096207,0.07615360996273697,0.29960277676582336,0.29960277676582336,0.25034627318382263,0.25034627318382263,0.19917555153369904,0.19917555153369904,0.18669475615024567,0.18669475615024567,0.2045324295759201,0.2045324295759201,0.1513313204050064,0.1513313204050064,0.13805846869945526,0.13805846869945526,0.13800013065338135,0.13800013065338135,0.1394249051809311,0.1394249051809311,0.12569640576839447,0.12569640576839447,0.12419877201318741,0.12419877201318741
83453494,qslstm,extrapolation,near_best,2000208,62,1,61,60,1,0.15744031630443953,0.39458039186654553,0.1815511279467883,0.4260881692171097,0.08377518067046474,0.2894394248723984,0.15864794147876696,0.39630401427628564,0.021490136285622914,0.021490136285622914,0.1300719678401947,,,0.14765310287475586,0.14765310287475586,0.2894394248723984,0.2894394248723984,0.425678089261055,0.425678089261055,0.3676510602235794,0.3676510602235794,0.42620737850666046,0.42620737850666046,0.4146023541688919,0.4146023541688919,0.370230033993721,0.370230033993721,0.34966327250003815,0.34966327250003815,0.40506739914417267,0.40506739914417267,0.36567898094654083,0.36567898094654083,0.2617441415786743,0.12133072817423304,0.14041341340444127,,,0.40552791953086853,0.40552791953086853,0.2617441415786743,0.2617441415786743,0.22721397876739502,0.22721397876739502,0.25034525990486145,0.25034525990486145,0.15308474004268646,0.15308474004268646,0.1625935584306717,0.1625935584306717,0.16396614909172058,0.16396614909172058,0.15060310065746307,0.15060310065746307,0.11343633383512497,0.11343633383512497,0.1269143670797348,0.1269143670797348
83453494,qslstm,extrapolation,near_best,2000209,62,3,59,58,3,0.1371456215305195,0.3651582839628381,0.14494108424720853,0.38071128726005554,0.07644009374914103,0.2730103942255179,0.14023234328211506,0.3698437698816849,0.01744484284828449,0.014933711952633329,0.07030414541562398,0.2236228585243225,0.1977120041847229,0.24858122194806734,0.17982324957847595,0.2730103942255179,0.2893616855144501,0.2307537098725637,0.3160155713558197,0.23505633076032004,0.29328301548957825,0.2571607232093811,0.32484695315361023,0.2451769212881724,0.35799551010131836,0.30510856707890827,0.3099484443664551,0.32914798458417255,0.3693139851093292,0.3466816047827403,0.3852590322494507,0.3774227400620778,0.3867713510990143,0.19426879286766052,0.1156366639218088,0.07863212894585173,0.22742477804422379,0.14027221500873566,0.23147076865037283,0.1502014398574829,0.19426879286766052,0.14780449867248535,0.17277726034323374,0.125432550907135,0.16154991587003073,0.13229303061962128,0.1388675943017006,0.11150472611188889,0.13683959345022836,0.12004512548446655,0.13019782056411108,0.11735641211271286,0.11728958288828532,0.1080709919333458,0.10303578029076259,0.09523161500692368,0.11691819379727046,0.09000980108976364
83453494,qslstm,extrapolation,near_best,2000210,62,3,59,59,2,0.25942077482175047,0.49493879272091773,0.2617058231502378,0.5115719139575958,0.09737545507954692,0.2846088210741679,0.26766036735101506,0.5056335370419389,0.017637245230755563,0.014629819031272615,0.06174686551094055,0.06422185897827148,0.06422185897827148,0.15253040194511414,0.05550098419189453,0.2846088210741679,0.4558817744255066,0.21407215793927512,0.48794034123420715,0.1816189487775167,0.47474372386932373,0.20106531182924905,0.4834730923175812,0.3349231481552124,0.4933866858482361,0.4923382004102071,0.5143305361270905,0.49733922878901166,0.5151579082012177,0.5223513245582581,0.5456350743770599,0.5444089968999227,0.5341173708438873,0.252652312318484,0.11293792863518505,0.13971438368329897,0.1631840318441391,0.1631840318441391,0.2638481482863426,0.15566422045230865,0.252652312318484,0.12868846952915192,0.19732065498828888,0.13624538481235504,0.1639956831932068,0.13032282888889313,0.14864180982112885,0.12707717716693878,0.13489523778359094,0.12033302336931229,0.12836646288633347,0.11853117495775223,0.11946159601211548,0.11097458750009537,0.111920066177845,0.10909024626016617,0.11258964240550995,0.11679732799530029
83453494,qslstm,extrapolation,near_best,2000211,62,2,60,60,1,0.1902163515182982,0.43505633057605836,0.19511158356956276,0.4417143687605858,0.14066945325129668,0.3745337836444378,0.1918679147938649,0.43707374880711236,0.015764778852462767,0.015764778852462767,0.08234596252441406,,,0.3546869158744812,0.3546869158744812,0.3745337836444378,0.3943806514143944,0.43361251801252365,0.4728443846106529,0.4506233260035515,0.42840226739645004,0.43123670667409897,0.4340711459517479,0.3895317241549492,0.3449923023581505,0.3880739137530327,0.39200975745916367,0.3802896663546562,0.3820822462439537,0.41063227504491806,0.4070083126425743,0.4187135323882103,0.42028024047613144,0.29959988594055176,0.12269417184094587,0.17690571409960587,,,0.30821093916893005,0.30821093916893005,0.29959988594055176,0.29098883271217346,0.2494598850607872,0.20793093740940094,0.19771308451890945,0.18749523162841797,0.1819426491856575,0.17639006674289703,0.17190679907798767,0.1674235314130783,0.14049331843852997,0.13897569477558136,0.13514423742890358,0.1249890998005867,0.1314169317483902,0.1358976811170578,0.12882757559418678,0.11448433250188828
83453494,qslstm,extrapolation,near_best,2000212,62,1,61,60,1,0.018927845897763976,0.13098825442214165,0.007090778417850885,0.08420675992965698,0.007366543859391506,0.08582857251167297,0.01911737543937664,0.13172857707641164,0.021539850533008574,0.018350190882171904,-0.006434142589569092,0.3097836524248123,0.3097836524248123,0.3481850177049637,0.3481850177049637,0.08582857251167297,0.08582857251167297,0.12436532974243164,0.12436532974243164,0.09853154420852661,0.09853154420852661,0.14181485772132874,0.14181485772132874,0.10059237480163574,0.10059237480163574,0.14634686708450317,0.14634686708450317,0.14118817448616028,0.14118817448616028,0.10409089922904968,0.10409089922904968,0.13352471590042114,0.13352471590042114,0.15726493299007416,0.12236618629244507,0.03489874669762909,0.1767696887254715,0.1767696887254715,0.15635491907596588,0.15635491907596588,0.15726493299007416,0.15726493299007416,0.14923729002475739,0.14923729002475739,0.13268671929836273,0.13268671929836273,0.1333518624305725,0.1333518624305725,0.11695855855941772,0.11695855855941772,0.12814301252365112,0.12814301252365112,0.12256377935409546,0.12256377935409546,0.08780641108751297,0.08780641108751297,0.12383874505758286,0.12383874505758286
83453494,qslstm,extrapolation,near_best,2000213,62,2,60,60,1,0.06492065135394247,0.2518606993459886,0.058881598041723215,0.24265530705451965,0.037889945052748786,0.1941409409046173,0.06582167489731558,0.2537846912940343,0.018790779014428455,0.015269539104058193,0.03135839104652405,0.30509626865386963,0.30509626865386963,0.28130924701690674,0.28130924701690674,0.1941409409046173,0.18002569675445557,0.2505839020013809,0.21568569540977478,0.2774149030447006,0.2308671772480011,0.30138005316257477,0.24063149094581604,0.3110754042863846,0.22914418578147888,0.26418599486351013,0.18227848410606384,0.24792437255382538,0.21453949809074402,0.23458901047706604,0.22854653000831604,0.23357999324798584,0.2533629834651947,0.26231833919882774,0.11792104790608088,0.14439729129274687,0.11566085368394852,0.11566085368394852,0.11419280618429184,0.11419280618429184,0.26231833919882774,0.12485691159963608,0.2090960256755352,0.09654795378446579,0.19129545614123344,0.11531104892492294,0.1653398610651493,0.10877800732851028,0.1512589231133461,0.1296616941690445,0.1316881664097309,0.11919961124658585,0.10733984410762787,0.1004868820309639,0.10861814022064209,0.1084582731127739,0.09929624199867249,0.10230275243520737
83453494,qslstm,extrapolation,near_best,2000214,62,2,60,60,1,0.1539432901290425,0.3900608139172677,0.16146093225549962,0.4018220156431198,0.05489839520244566,0.23412411659955978,0.15724478662659575,0.395258703827858,0.019814238945643107,0.019814238945643107,0.09961092472076416,,,0.22494298219680786,0.22494298219680786,0.23412411659955978,0.2433052510023117,0.2535890191793442,0.26387278735637665,0.2846650928258896,0.3054573982954025,0.3415541499853134,0.3776509016752243,0.37596581876277924,0.37428073585033417,0.34172721207141876,0.35193459689617157,0.39536403119564056,0.4066991060972214,0.38749299943447113,0.381284162402153,0.42560558021068573,0.4376373738050461,0.31474796682596207,0.12356403954327107,0.191183927282691,,,0.38109901547431946,0.38109901547431946,0.31474796682596207,0.24839691817760468,0.23217198252677917,0.21594704687595367,0.2017475813627243,0.18754811584949493,0.18241991102695465,0.17729170620441437,0.1760849431157112,0.17487818002700806,0.15371263027191162,0.15001477301120758,0.15054350346326828,0.14524029195308685,0.1421014368534088,0.15032319724559784,0.12265699729323387,0.11191356927156448
83453494,qslstm,extrapolation,near_best,2000215,62,1,61,61,0,0.23378803793795003,0.4823229930573894,0.250677589622939,0.5006771311163902,0.09689570515758611,0.3112807497382164,0.23603217454090683,0.4851269642593431,0.014644224135602107,0.014644224135602107,,,,,,0.3112807497382164,0.3112807497382164,0.33782704919576645,0.33782704919576645,0.44523992389440536,0.44523992389440536,0.47395410388708115,0.47395410388708115,0.4606300815939903,0.4606300815939903,0.5206789001822472,0.5206789001822472,0.5194224342703819,0.5194224342703819,0.4980321153998375,0.4980321153998375,0.5051323398947716,0.5051323398947716,0.34377357363700867,0.12463420153152747,0.21913937210548118,,,,,0.34377357363700867,0.34377357363700867,0.2639577388763428,0.2639577388763428,0.2076929658651352,0.2076929658651352,0.17892931401729584,0.17892931401729584,0.1978585124015808,0.1978585124015808,0.14783921837806702,0.14783921837806702,0.14762425422668457,0.14762425422668457,0.15139660239219666,0.15139660239219666,0.12101297825574875,0.12101297825574875
83453494,qslstm,extrapolation,near_best,2000216,62,3,59,59,2,0.08998477512880718,0.2964029482776119,0.10200028173777387,0.31937482953071594,0.05671632471801765,0.22412409881750742,0.0916763912513897,0.3000781440128714,0.022667922710968277,0.022667922710968277,0.04078996181488037,0.29707497358322144,0.29707497358322144,0.28022900968790054,0.26338304579257965,0.22412409881750742,0.11191427707672119,0.18750890592734018,0.18722939491271973,0.17471322417259216,0.22499600052833557,0.21919718384742737,0.2453661561012268,0.2587048014005025,0.3057522475719452,0.29371729493141174,0.23448044061660767,0.23661709825197855,0.21334043145179749,0.27297277251879376,0.26611194014549255,0.2723810374736786,0.27907276153564453,0.27807315190633136,0.11819523762343294,0.15987791428289844,0.3262750208377838,0.3262750208377838,0.31754958629608154,0.3088241517543793,0.27807315190633136,0.19912028312683105,0.227080836892128,0.17329807579517365,0.17940791447957358,0.165805384516716,0.1614732692639033,0.14531634747982025,0.15025855600833893,0.13965393602848053,0.13601016998291016,0.13080811500549316,0.1319498916467031,0.12254321575164795,0.12055004139741261,0.12204134464263916,0.12335563947757085,0.12281060218811035
83453494,qslstm,extrapolation,near_best,2000217,62,1,61,60,1,0.2808313972753306,0.5244898545976368,0.2782033196963311,0.5274498267099261,0.11301251185189304,0.33617333602160215,0.28358252654456734,0.5275770106398668,0.017741859952608744,0.017741859952608744,0.14382749795913696,,,0.03213205933570862,0.03213205933570862,0.33617333602160215,0.33617333602160215,0.4131729705259204,0.4131729705259204,0.42698828410357237,0.42698828410357237,0.46763775777071714,0.46763775777071714,0.53087208699435,0.53087208699435,0.5623398823663592,0.5623398823663592,0.5686891479417682,0.5686891479417682,0.5157575411722064,0.5157575411722064,0.5358813805505633,0.5358813805505633,0.2567686140537262,0.12290343129244007,0.13386518276128612,,,0.399578720331192,0.399578720331192,0.2567686140537262,0.2567686140537262,0.2208922654390335,0.2208922654390335,0.1884084939956665,0.1884084939956665,0.1808832287788391,0.1808832287788391,0.15429042279720306,0.15429042279720306,0.16346381604671478,0.16346381604671478,0.13439679145812988,0.13439679145812988,0.11532402038574219,0.11532402038574219,0.1151210367679596,0.1151210367679596
83453494,qslstm,extrapolation,near_best,2000218,62,1,61,61,0,0.21501585670960394,0.4623408240656699,0.21621186606563558,0.4649858772754669,0.15562840594098848,0.39449766278266907,0.21598942147630257,0.46345300703752235,0.0201986090081637,0.0201986090081637,,,,,,0.39449766278266907,0.39449766278266907,0.3669300377368927,0.3669300377368927,0.38744696974754333,0.38744696974754333,0.3997941315174103,0.3997941315174103,0.3650840222835541,0.3650840222835541,0.45559945702552795,0.45559945702552795,0.4759692847728729,0.4759692847728729,0.4805155098438263,0.4805155098438263,0.4536956250667572,0.4536956250667572,0.32195401191711426,0.13778590850654196,0.1841681034105723,,,,,0.32195401191711426,0.32195401191711426,0.25206276774406433,0.25206276774406433,0.2038293331861496,0.2038293331861496,0.20616991817951202,0.20616991817951202,0.18368081748485565,0.18368081748485565,0.1724846512079239,0.1724846512079239,0.15657031536102295,0.15657031536102295,0.12198030203580856,0.12198030203580856,0.14613445103168488,0.14613445103168488
83453494,qslstm,extrapolation,near_best,2000219,62,3,59,59,2,0.1952671056635845,0.4378159735952654,0.1932600741361492,0.43961355090141296,0.1159975336169153,0.33558877805868786,0.19929776186934733,0.4430139665886507,0.01718176421472582,0.014889703606659511,0.058560729026794434,0.30166127532720566,0.27246958017349243,0.2886302098631859,0.2628745436668396,0.33558877805868786,0.41138026118278503,0.32309769093990326,0.46687886118888855,0.34023909270763397,0.4281305968761444,0.3955154170592626,0.44431301951408386,0.4130229701598485,0.4578041732311249,0.3855850299199422,0.43997249007225037,0.4384067952632904,0.43678101897239685,0.4511980712413788,0.4670386016368866,0.45583900809288025,0.486892431974411,0.21469602485497793,0.11980525757801735,0.09489076727696058,0.17164357006549835,0.1667007952928543,0.16162262856960297,0.16366569697856903,0.21469602485497793,0.1460023820400238,0.1750210995475451,0.11315252631902695,0.16565794249375662,0.13578560948371887,0.14779655635356903,0.1208009421825409,0.13685739288727441,0.13784009218215942,0.14230874677499136,0.13942450284957886,0.13521667321523032,0.12624512612819672,0.12858492881059647,0.12599624693393707,0.12502498179674149,0.11077561229467392
83453494,qslstm,extrapolation,near_best,2000220,62,4,58,58,3,0.09929103950864913,0.3065665581173474,0.12572984018706634,0.3545840382575989,0.07444192569059763,0.2657070392742753,0.10100477149610096,0.3093844559685937,0.014086049692384127,0.01130401004444469,0.05874686439832052,0.010587215423583984,0.009445488452911377,0.20928941294550896,0.35634587705135345,0.2657070392742753,0.2631474733352661,0.1797763630747795,0.2240312099456787,0.12840388715267181,0.22718656063079834,0.12258371710777283,0.241973876953125,0.2219214029610157,0.279920369386673,0.27478577196598053,0.32040926814079285,0.28151463717222214,0.3235696256160736,0.3256644308567047,0.3276149332523346,0.32160261273384094,0.3102520704269409,0.2159998044371605,0.11348080031316855,0.10251900412399194,0.17044299840927124,0.17265014350414276,0.22094812989234924,0.15494020283222198,0.2159998044371605,0.1443590521812439,0.1751670353114605,0.14374959468841553,0.16136422008275986,0.15035785734653473,0.15728282183408737,0.13788743317127228,0.14870696514844894,0.12935008108615875,0.1337563879787922,0.12440135329961777,0.131600396707654,0.12407732009887695,0.11944492347538471,0.11893639713525772,0.10954703949391842,0.08333247154951096
83453494,qslstm,extrapolation,near_best,2000221,62,3,59,59,2,0.11292025896909479,0.33247518948008936,0.15246914682425317,0.39047297835350037,0.046838850400768996,0.21635381877422333,0.11628033059121302,0.33837966595665886,0.02332483004715483,0.02301324932080395,0.06427256762981415,0.25993113219738007,0.25993113219738007,0.24063804000616074,0.2593001574277878,0.21635381877422333,0.21813702583312988,0.24623595674832663,0.24813580513000488,0.282731831073761,0.2693868577480316,0.28213316202163696,0.2813724875450134,0.2640864849090576,0.2796570360660553,0.2822090685367584,0.3273959159851074,0.2708512643973033,0.346280962228775,0.3185500204563141,0.35033270716667175,0.36045363545417786,0.37634867429733276,0.22589782873789468,0.12115741761054023,0.10474041112735445,0.13950113952159882,0.13950113952159882,0.23630739748477936,0.15802139043807983,0.22589782873789468,0.13719533383846283,0.1860926697651545,0.14371220767498016,0.1732126921415329,0.13848058879375458,0.16463826596736908,0.12990747392177582,0.15622572600841522,0.13560886681079865,0.1439234217007955,0.13424773514270782,0.13486754645903906,0.12369509786367416,0.12672347078720728,0.1165330782532692,0.1113259568810463,0.10433495044708252
83453494,qslstm,extrapolation,near_best,2000222,62,4,58,57,4,0.25208037289808727,0.49302919677669005,0.2544137717523022,0.5043944604694843,0.11022296474468055,0.30634853709489107,0.2618636424259084,0.5059037250306072,0.016396799631286086,0.015152078754497025,0.06832391023635864,0.30908002456029254,0.3648444414138794,0.23539722710847855,0.3851412534713745,0.30634853709489107,0.48010246828198433,0.3655845941975713,0.5032623298466206,0.3942346842959523,0.5106468684971333,0.3750987518578768,0.5084327943623066,0.46314290817826986,0.5210646875202656,0.49037984665483236,0.5572984702885151,0.534476924687624,0.5420425422489643,0.5403971709311008,0.527152705937624,0.5294348932802677,0.5465339906513691,0.1820477843284607,0.13232398187292033,0.04972380245554037,0.19835787018140158,0.15756042301654816,0.22758067399263382,0.14800822734832764,0.1820477843284607,0.14815831184387207,0.16372163966298103,0.13243158161640167,0.15992466919124126,0.1115746721625328,0.15083922445774078,0.13632167875766754,0.13950015977025032,0.12747402489185333,0.13428336195647717,0.14122886955738068,0.12483556941151619,0.12308887392282486,0.12211526744067669,0.12400103360414505,0.12738380767405033,0.1183198094367981
83453494,qslstm,extrapolation,near_best,2000223,62,2,60,59,2,0.10363150349972436,0.3053525854502955,0.1315696343195336,0.36272528767585754,0.1357300732528839,0.3629412204027176,0.10256155117461904,0.30343296428521477,0.017354222677521788,0.012174895654122034,0.04124772548675537,0.24744391441345215,0.4637872576713562,0.2363729178905487,0.460369348526001,0.3629412204027176,0.29966607689857483,0.38645000755786896,0.3257644474506378,0.3705550879240036,0.283020943403244,0.3913138061761856,0.318840354681015,0.3769870400428772,0.2936047315597534,0.3018968254327774,0.278029203414917,0.3101133853197098,0.30138641595840454,0.29583345353603363,0.32362106442451477,0.3193759620189667,0.32938042283058167,0.12461253628134727,0.1191880688071251,0.005424467474222178,0.14340730756521225,0.1297866851091385,0.13889781013131142,0.12395109981298447,0.12461253628134727,0.12949661910533905,0.13026674464344978,0.11062272638082504,0.13446304947137833,0.12951427698135376,0.12054548785090446,0.11130429059267044,0.1220531240105629,0.12015514820814133,0.10786598548293114,0.10510924458503723,0.09848006442189217,0.08565583825111389,0.09594659879803658,0.0843261256814003,0.10392776504158974,0.09665913134813309
83453494,qslstm,extrapolation,near_best,2000224,62,2,60,59,2,0.33087797279655007,0.5517606699328509,0.3667130877860592,0.6055684005841613,0.16005552035771572,0.34740569768473506,0.3365720545445112,0.5585725023411214,0.018012873197005966,0.014047005662211665,0.03888344764709473,0.11070334911346436,0.04970383644104004,0.13494864106178284,0.03223907947540283,0.34740569768473506,0.54581134673208,0.33128591952845454,0.6062166010960937,0.34028327045962214,0.6308627044782043,0.29858409939333797,0.5649291193112731,0.5709539270028472,0.5960965072736144,0.6056355750188231,0.580408445559442,0.601914337836206,0.6077321683987975,0.6209207391366363,0.634109309874475,0.6280282950028777,0.6219472801312804,0.17829229682683945,0.12855932464202244,0.04973297218481701,0.21550766378641129,0.1700071543455124,0.2084839791059494,0.17537398636341095,0.17829229682683945,0.14859311282634735,0.1604236513376236,0.14290180802345276,0.16666926443576813,0.16333137452602386,0.16884849965572357,0.1623230129480362,0.1429586559534073,0.13732419908046722,0.14417832344770432,0.12502527236938477,0.13699615001678467,0.1366681009531021,0.1183592639863491,0.1000504270195961,0.10948912054300308,0.11892781406641006
83453494,qslstm,extrapolation,near_best,2000225,62,4,58,58,3,0.03598596319517497,0.18210608776538603,0.03747028635403016,0.19357243180274963,0.04899858908835708,0.20939936488866806,0.0350885407197831,0.18022379279136658,0.01572817769543878,0.013171399442049174,0.07750292619069417,0.27820993959903717,0.2898639738559723,0.2639019886652629,0.32939207553863525,0.20939936488866806,0.09763556718826294,0.19959933310747147,0.04540950059890747,0.22295015305280685,0.08141094446182251,0.24167222529649734,0.12235599756240845,0.26654303073883057,0.15019038319587708,0.2752433121204376,0.13048651814460754,0.15481501072645187,0.14682289958000183,0.13948948681354523,0.16804781556129456,0.1507420316338539,0.1502322256565094,0.2409205064177513,0.11848345630127809,0.12243705011647323,0.2566308453679085,0.13736392557621002,0.25778627892335254,0.13442720472812653,0.2409205064177513,0.13047565519809723,0.20113926753401756,0.12950614094734192,0.1777018867433071,0.1293121725320816,0.1697799377143383,0.12680146098136902,0.1501802895218134,0.11588308960199356,0.13123714365065098,0.1028953418135643,0.12501112557947636,0.10563550144433975,0.11695550568401814,0.10042577236890793,0.11106301471590996,0.0987594947218895
83453494,qslstm,extrapolation,near_best,2000226,62,4,58,58,3,0.05011011372052138,0.22152717363449834,0.048493855490009175,0.22021320462226868,0.07676612896488555,0.27030886709690094,0.04827176784159972,0.21816291891295334,0.01051949221512367,0.0087183803882239,0.030842721462249756,0.26902135213216144,0.29998278617858887,0.29747719566027325,0.2948111295700073,0.27030886709690094,0.2344057857990265,0.25949449092149734,0.23720386624336243,0.2479901984333992,0.24499765038490295,0.2366400957107544,0.23253300786018372,0.2579127177596092,0.23256972432136536,0.2479223534464836,0.22476783394813538,0.22794225811958313,0.20782795548439026,0.2224205583333969,0.21371588110923767,0.20937097072601318,0.20880702137947083,0.23701634630560875,0.11878887743785463,0.11822746886775412,0.24171219766139984,0.13327181339263916,0.17877605060736337,0.12920041382312775,0.23701634630560875,0.14291983842849731,0.1783063244074583,0.11933601647615433,0.16503252647817135,0.12225014716386795,0.1594332493841648,0.14429433643817902,0.126471484079957,0.10696539282798767,0.1340651772916317,0.1157747209072113,0.13543176464736462,0.1392124444246292,0.11242380179464817,0.1154976487159729,0.12334518879652023,0.11110371351242065
83453494,qslstm,extrapolation,near_best,2000227,62,5,57,57,4,0.2150732193655433,0.45172224217845547,0.24782916356849682,0.49782443046569824,0.11352550357124276,0.31596924662590026,0.22398091373346443,0.4636303996830656,0.01646947703863445,0.012232045738064513,0.04560764878988266,0.2457543909549713,0.2349923849105835,0.26431703567504883,0.20265135169029236,0.31596924662590026,0.4068545699119568,0.2576146960258484,0.42072874307632446,0.2568109393119812,0.45035016536712646,0.2940143525600433,0.4675057828426361,0.3744013011455536,0.4972943365573883,0.36615607142448425,0.49774351716041565,0.3880728900432587,0.5039317607879639,0.4652367830276489,0.4973745048046112,0.49738280177116395,0.5017451047897339,0.20495088994503022,0.11250158190204386,0.09244930804298636,0.17349223295847574,0.12354427576065063,0.2023402489721775,0.12309697270393372,0.20495088994503022,0.1179419755935669,0.18791188299655914,0.13145245611667633,0.1696961760520935,0.12810762226581573,0.15423912256956102,0.12061957269906998,0.14211403876543044,0.11570888012647629,0.13635151833295822,0.11324616521596909,0.12329148054122925,0.10821018368005753,0.11640084832906723,0.10869074612855911,0.11249485164880753,0.11243274807929993
83453494,qslstm,extrapolation,near_best,2000228,62,2,60,59,2,0.14797337412005043,0.37321185512888816,0.162356336640894,0.40293465554714203,0.04200694036351049,0.16062424331903458,0.15150558857860175,0.3802981088558833,0.016289923655784737,0.013853915863566928,0.021245241165161133,0.20995069295167923,0.09864780306816101,0.2696447893977165,0.10173562169075012,0.16062424331903458,0.2879301458597183,0.17815185338258743,0.3324236422777176,0.23792173713445663,0.37249575555324554,0.251853384077549,0.40505896508693695,0.23636428266763687,0.3709929436445236,0.3667861819267273,0.401148721575737,0.4079093188047409,0.41075967252254486,0.40478287637233734,0.4149555414915085,0.40872372686862946,0.403589591383934,0.17311085760593414,0.1239602996657292,0.04915055794020494,0.25901130586862564,0.15842707455158234,0.209285207092762,0.15312807261943817,0.17311085760593414,0.1449769288301468,0.14183739200234413,0.11879905313253403,0.14689268916845322,0.13309745490550995,0.13973507657647133,0.12104307860136032,0.15279558300971985,0.15246309340000153,0.12062553688883781,0.1224520206451416,0.11255045980215073,0.10405784100294113,0.1210239939391613,0.11881919950246811,0.11007217317819595,0.10540882498025894
83453494,qslstm,extrapolation,near_best,2000229,62,4,58,58,3,0.08737736107949197,0.2927457505176144,0.11736989172570489,0.34259289503097534,0.08035022081420541,0.27920626662671566,0.08786199144261518,0.29367950802733156,0.017718692278039867,0.015738976001739503,0.0519451896349589,0.29380882531404495,0.25033026933670044,0.33677993963162106,0.2766670286655426,0.27920626662671566,0.2519635558128357,0.30274309031665325,0.23897284269332886,0.25422065518796444,0.2314407229423523,0.25182768516242504,0.21152758598327637,0.22162701189517975,0.2241896390914917,0.23852863162755966,0.24889439344406128,0.2624427303671837,0.29627615213394165,0.2408585399389267,0.27255406975746155,0.27384449541568756,0.2977446913719177,0.19975068047642708,0.12341214819201107,0.076338532284416,0.21078278621037802,0.13235019147396088,0.19805668791135153,0.1299535483121872,0.19975068047642708,0.13590437173843384,0.18950460106134415,0.12558256089687347,0.16058419458568096,0.11471559852361679,0.16089977696537971,0.126896932721138,0.14485272392630577,0.10010170936584473,0.14607258513569832,0.13812778890132904,0.12822230719029903,0.10659926384687424,0.12228747643530369,0.11868498474359512,0.11085320822894573,0.10430449992418289
83453494,qslstm,extrapolation,near_best,2000230,62,2,60,59,2,0.12779557854513782,0.3490362383665577,0.12086130401884532,0.3476511240005493,0.1731303209900581,0.40508103370666504,0.1262844204636405,0.34716807852188747,0.019196438082193925,0.013977399716774622,0.03745351731777191,0.24997738003730774,0.45026272535324097,0.32077811658382416,0.5108848512172699,0.40508103370666504,0.3100038170814514,0.3747705668210983,0.26772668957710266,0.37356632947921753,0.29950636625289917,0.36326128244400024,0.33235567808151245,0.39103880524635315,0.35150599479675293,0.4117513597011566,0.3541187047958374,0.44114892184734344,0.371412992477417,0.3316243290901184,0.33089298009872437,0.35701000690460205,0.36157989501953125,0.14126994088292122,0.12268010651071866,0.01858983437220256,0.15517649054527283,0.11672967672348022,0.15134605020284653,0.13042211532592773,0.14126994088292122,0.12184789031744003,0.14812307432293892,0.12042119354009628,0.1398516222834587,0.10605365037918091,0.11971399933099747,0.10104519128799438,0.14341454207897186,0.12696970999240875,0.12853320315480232,0.11920321732759476,0.12380342558026314,0.11718473583459854,0.11205751821398735,0.12306984513998032,0.10523568466305733,0.10684621334075928
83453494,qslstm,extrapolation,near_best,2000231,62,2,60,59,2,0.03573315661086347,0.18570943849702035,0.04865163676335271,0.22057116031646729,0.043642230663952564,0.19200126826763153,0.03546952080909384,0.185499710838,0.016651619288880946,0.014285498735856036,0.017277270555496216,0.19400110840797424,0.2088373899459839,0.24158285558223724,0.2743283212184906,0.19200126826763153,0.10967421531677246,0.1301840841770172,0.15069395303726196,0.1413184106349945,0.13194286823272705,0.1459861695766449,0.16002947092056274,0.14038029313087463,0.12073111534118652,0.16164541244506836,0.1531360149383545,0.13506266474723816,0.1293431520462036,0.16446587443351746,0.14660274982452393,0.18608781695365906,0.19094735383987427,0.12845434620976448,0.12186716571450233,0.006587180495262149,0.14041431993246078,0.15936575829982758,0.146577388048172,0.13378901779651642,0.12845434620976448,0.12311967462301254,0.1297127939760685,0.13630591332912445,0.12304601445794106,0.10978611558675766,0.1177620179951191,0.12573792040348053,0.10696506127715111,0.08819220215082169,0.11798427626490593,0.11080310493707657,0.10361185669898987,0.09435973316431046,0.1015489250421524,0.09041637927293777,0.10468435287475586,0.1124701276421547
83453494,qslstm,extrapolation,near_best,2000232,62,6,56,56,5,0.21141180520273148,0.43697449709138564,0.2732643351922253,0.5227469131350517,0.11939532713964966,0.320149773110946,0.2212707135666331,0.4494914318035756,0.017491976065295085,0.015430884158357661,0.03812075853347778,0.2501673698425293,0.11413180828094482,0.29001346230506897,0.102977454662323,0.320149773110946,0.46134280413389206,0.2610400952398777,0.4841306135058403,0.2054777927696705,0.5134130045771599,0.2316392002006372,0.5189979001879692,0.18975602462887764,0.5260620042681694,0.26224204649527866,0.4938594028353691,0.3613988906145096,0.5172737166285515,0.44710641478498775,0.5008386299014091,0.5026765788594881,0.4899507686495781,0.1841535990436872,0.1140785338357091,0.0700750652079781,0.16849695146083832,0.14420108497142792,0.16226422190666198,0.12117230892181396,0.1841535990436872,0.12775351107120514,0.15951588874061903,0.11424713581800461,0.14086379980047545,0.10484001785516739,0.1483821359773477,0.09258542209863663,0.13864642257491747,0.10410010069608688,0.12836318463087082,0.11981406807899475,0.1216375504930814,0.10836368799209595,0.11585508411129315,0.1052442416548729,0.10734645525614421,0.0969628319144249
83453494,qslstm,extrapolation,near_best,2000233,62,1,61,60,1,0.09822237059264255,0.3052227574010049,0.10456585023821763,0.3233664333820343,0.11282779475124816,0.3358984887599945,0.09798293740971459,0.30471987655905425,0.02321225901444753,0.02089137705889615,0.04780358076095581,0.1300879716873169,0.1300879716873169,0.10291516780853271,0.10291516780853271,0.3358984887599945,0.3358984887599945,0.37159445881843567,0.37159445881843567,0.3965509235858917,0.3965509235858917,0.3584103286266327,0.3584103286266327,0.32306936383247375,0.32306936383247375,0.29838666319847107,0.29838666319847107,0.29412904381752014,0.29412904381752014,0.34196773171424866,0.34196773171424866,0.3134731352329254,0.3134731352329254,0.17674462497234344,0.13308602009640366,0.04365860487593978,0.1981324553489685,0.1981324553489685,0.15181992948055267,0.15181992948055267,0.17674462497234344,0.17674462497234344,0.1426125317811966,0.1426125317811966,0.13444627821445465,0.13444627821445465,0.14956720173358917,0.14956720173358917,0.14330418407917023,0.14330418407917023,0.15190894901752472,0.15190894901752472,0.14820873737335205,0.14820873737335205,0.09950903803110123,0.09950903803110123,0.10853669792413712,0.10853669792413712
83453494,qslstm,extrapolation,near_best,2000234,62,1,61,60,1,0.16316572067871501,0.39419650094163033,0.16545255178567175,0.4067585915327072,0.08576531335407389,0.2928571552038193,0.16443457981518453,0.39585780169143053,0.017734733720620472,0.011088863015174866,0.037584781646728516,0.08892744779586792,0.08892744779586792,0.1466720700263977,0.1466720700263977,0.2928571552038193,0.2928571552038193,0.3687508851289749,0.3687508851289749,0.3569526821374893,0.3569526821374893,0.38266636431217194,0.38266636431217194,0.4146604388952255,0.4146604388952255,0.4251280277967453,0.4251280277967453,0.4206705540418625,0.4206705540418625,0.4584173411130905,0.4584173411130905,0.4517407864332199,0.4517407864332199,0.1486145406961441,0.12586483029557055,0.022749710400573553,0.19800274074077606,0.19800274074077606,0.16203413903713226,0.16203413903713226,0.1486145406961441,0.1486145406961441,0.13319559395313263,0.13319559395313263,0.14701060950756073,0.14701060950756073,0.14789295196533203,0.14789295196533203,0.14649993181228638,0.14649993181228638,0.1268712431192398,0.1268712431192398,0.11855251342058182,0.11855251342058182,0.12307437509298325,0.12307437509298325,0.09660026431083679,0.09660026431083679
83453494,qslstm,extrapolation,near_best,2000235,62,2,60,59,2,0.023400661082573472,0.11096112285890887,0.011284120772788953,0.10622674226760864,0.13548080806799456,0.2879486232995987,0.019664656183059438,0.10506153951088587,0.02318679983333006,0.020542412996292114,0.023095637559890747,0.2684902995824814,0.49456965923309326,0.2906319797039032,0.480907678604126,0.2879486232995987,0.05867499113082886,0.2654212415218353,0.0401587188243866,0.2832068204879761,0.07184398174285889,0.27416491508483887,0.06742215156555176,0.06308026611804962,0.06748554110527039,0.06415054202079773,0.05645710229873657,0.07788889110088348,0.08829224109649658,0.08820211887359619,0.0881119966506958,0.09680566191673279,0.10549932718276978,0.1246679462492466,0.12361325323581696,0.0010546930134296417,0.1432458460330963,0.1401440054178238,0.11658119782805443,0.10911840200424194,0.1246679462492466,0.14287780225276947,0.13088292628526688,0.1268991231918335,0.11735263094305992,0.09456125646829605,0.1163698174059391,0.12362123280763626,0.13025963678956032,0.11764147132635117,0.10603069514036179,0.11750013381242752,0.1076018363237381,0.09756220132112503,0.09497244656085968,0.09238269180059433,0.09676644206047058,0.10115019232034683
83453494,qslstm,extrapolation,near_best,2000236,62,2,60,59,2,0.18884479466975432,0.43002631803674085,0.21148168754224006,0.459871381521225,0.13356598830257527,0.3556666523218155,0.1906874215486603,0.43250497356057166,0.01271099660356166,0.010141338787826836,0.11825382709503174,0.3561887741088867,0.3561887741088867,0.28494439274072647,0.33180975914001465,0.3556666523218155,0.4397334158420563,0.36934618651866913,0.44688794016838074,0.3712698072195053,0.41707858443260193,0.3468466252088547,0.43011853098869324,0.3509175628423691,0.4270878732204437,0.36952467262744904,0.42884448170661926,0.3800729662179947,0.42833617329597473,0.4447270333766937,0.4593355357646942,0.4310014843940735,0.43921181559562683,0.21081989258527756,0.12564520960052808,0.08517468298474948,0.14954085648059845,0.14954085648059845,0.22226380556821823,0.13951118290424347,0.21081989258527756,0.14530371129512787,0.18095704168081284,0.12725138664245605,0.17748619616031647,0.13846011459827423,0.15481022745370865,0.13004979491233826,0.15281713753938675,0.12329375743865967,0.13246145099401474,0.12425261735916138,0.12978538125753403,0.12005957961082458,0.12835869938135147,0.12666760385036469,0.11884023249149323,0.1192542314529419
83453494,qslstm,extrapolation,near_best,2000237,62,1,61,60,1,0.24448446177676236,0.48076421382927126,0.2956701386007654,0.5437555871903896,0.25781741758438015,0.5077572427690029,0.24426588873073582,0.4803217051581281,0.018957744042078655,0.01138903580459894,0.021687686443328857,0.16110122203826904,0.16110122203826904,0.15095144510269165,0.15095144510269165,0.5077572427690029,0.5077572427690029,0.5246316753327847,0.5246316753327847,0.5266339145600796,0.5266339145600796,0.5127294026315212,0.5127294026315212,0.5275415740907192,0.5275415740907192,0.5380455814301968,0.5380455814301968,0.5691106282174587,0.5691106282174587,0.5545778833329678,0.5545778833329678,0.5455774031579494,0.5455774031579494,0.14136959612369537,0.13172491884133855,0.009644677282356823,0.1346476525068283,0.1346476525068283,0.1205909252166748,0.1205909252166748,0.14136959612369537,0.14136959612369537,0.1343492865562439,0.1343492865562439,0.14697016775608063,0.14697016775608063,0.14390979707241058,0.14390979707241058,0.12827979028224945,0.12827979028224945,0.11529623717069626,0.11529623717069626,0.0974663570523262,0.0974663570523262,0.10611087828874588,0.10611087828874588,0.12238600105047226,0.12238600105047226
83453494,qslstm,extrapolation,near_best,2000238,62,2,60,60,1,0.029022665168612717,0.14746590920032993,0.021661765528335764,0.14717936515808105,0.03624274111009429,0.14168159663677216,0.028781995970563332,0.1476587196191152,0.016577952603499094,0.012451983456100737,0.0023443400859832764,0.4346427321434021,0.4346427321434021,0.4317602515220642,0.4317602515220642,0.14168159663677216,0.014523953199386597,0.23589454591274261,0.07067129015922546,0.28084827959537506,0.06271377205848694,0.2615092694759369,0.08837580680847168,0.263922780752182,0.0960853099822998,0.08438308537006378,0.0980948805809021,0.07534080743789673,0.06230580806732178,0.09881836175918579,0.10796570777893066,0.11256164312362671,0.13439863920211792,0.255605511367321,0.12078105670710405,0.13482445466021697,0.18539972603321075,0.18539972603321075,0.16519974172115326,0.16519974172115326,0.255605511367321,0.16904516518115997,0.18987993896007538,0.14078782498836517,0.1784985587000847,0.15086156129837036,0.16341527551412582,0.1414308249950409,0.15626050531864166,0.14732126891613007,0.13615168631076813,0.13151554763317108,0.13246894255280495,0.123507060110569,0.11888069286942482,0.09917692095041275,0.10990577936172485,0.1072203740477562
83453494,qslstm,extrapolation,near_best,2000239,62,4,58,57,4,0.17831054853580078,0.4036845937371254,0.2123891231303512,0.46085694432258606,0.09136325452496102,0.2957564927637577,0.18430691363999666,0.4111279110456335,0.017975015075583207,0.013672884474409388,0.057734690606594086,0.24492726226647696,0.345164030790329,0.17604141682386398,0.2829030156135559,0.2957564927637577,0.3775542080402374,0.2925410084426403,0.4106685221195221,0.28216107189655304,0.42788198590278625,0.3322978988289833,0.45590344071388245,0.32003000378608704,0.45063546299934387,0.3669898584485054,0.453958660364151,0.39944934472441673,0.44787994027137756,0.41240163892507553,0.44457074999809265,0.4513859301805496,0.45771315693855286,0.17208272591233253,0.1339574584673191,0.03812526744501343,0.14329984784126282,0.13527601957321167,0.2061090636998415,0.12525369226932526,0.17208272591233253,0.14722803235054016,0.1520300079137087,0.12261241674423218,0.16560301557183266,0.1446252316236496,0.1467316970229149,0.12156212329864502,0.13514494150877,0.12272509932518005,0.13281796127557755,0.12988847494125366,0.1284615732729435,0.12441772222518921,0.12396752648055553,0.12755893170833588,0.12301826104521751,0.12234682589769363
83453494,qslstm,extrapolation,near_best,2000240,62,3,59,59,2,0.09546225704768076,0.3071767293637799,0.09476333079874166,0.30783653259277344,0.0584216703320776,0.24130918582280478,0.097345676711186,0.310525926492982,0.014821583436707319,0.011483307860114358,0.08771295845508575,0.40931445360183716,0.40931445360183716,0.37112008035182953,0.4837684631347656,0.24130918582280478,0.2245788872241974,0.2642269730567932,0.2566087245941162,0.30139078696568805,0.2758251428604126,0.3461837371190389,0.29608476161956787,0.4029956062634786,0.315903902053833,0.24998342990875244,0.2687626779079437,0.2884109417597453,0.29332292079925537,0.27522094051043194,0.2911008596420288,0.30287301540374756,0.3103053569793701,0.2614112049341202,0.11714066981764162,0.14427053511647855,0.18378794193267822,0.18378794193267822,0.25533560663461685,0.14882953464984894,0.2614112049341202,0.14012761414051056,0.21672082940737405,0.13280843198299408,0.18153504530588785,0.11245760321617126,0.16699354350566864,0.12013489007949829,0.15187931805849075,0.1230204775929451,0.13880071540673575,0.14346610009670258,0.1131867840886116,0.10696785897016525,0.1284399355451266,0.1160852387547493,0.10440760354201,0.09767686575651169
83453494,qslstm,extrapolation,near_best,2000241,62,1,61,61,0,0.25288414591306924,0.5001743368564113,0.25493241492546304,0.5049083232879639,0.02467071682406541,0.1570691466331482,0.25662534966862666,0.505799012105973,0.01619484287793519,0.01619484287793519,,,,,,0.1570691466331482,0.1570691466331482,0.3468063473701477,0.3468063473701477,0.42023757100105286,0.42023757100105286,0.4674387276172638,0.4674387276172638,0.4902805685997009,0.4902805685997009,0.506011039018631,0.506011039018631,0.5240309834480286,0.5240309834480286,0.4841454029083252,0.4841454029083252,0.46860042214393616,0.46860042214393616,0.31058469414711,0.11615669214334644,0.19442800200376353,,,,,0.31058469414711,0.31058469414711,0.22896993160247803,0.22896993160247803,0.20078878104686737,0.20078878104686737,0.1718015819787979,0.1718015819787979,0.15802577137947083,0.15802577137947083,0.14134745299816132,0.14134745299816132,0.12687666714191437,0.12687666714191437,0.11714918166399002,0.11714918166399002,0.08971811085939407,0.08971811085939407
83453494,qslstm,extrapolation,near_best,2000242,62,2,60,60,1,0.037502722432191174,0.11122309560737302,0.0023909426602131134,0.04889726638793945,0.031330439879684785,0.1418052352964878,0.03770846518394139,0.1102036909510692,0.019598032037417095,0.01654145565438778,0.004833042621612549,0.4510473683476448,0.4510473683476448,0.4321308210492134,0.4321308210492134,0.1418052352964878,0.03587263822555542,0.1685303933918476,0.017269611358642578,0.1716684140264988,0.026806771755218506,0.222437534481287,0.01050180196762085,0.2525884844362736,0.038870811462402344,0.21627278998494148,0.020592719316482544,0.21178684011101723,0.009181678295135498,0.2441735453903675,0.03729972243309021,0.014528632164001465,0.002250492572784424,0.20400704443454742,0.1139622622479995,0.09004478218654792,0.11828074604272842,0.11828074604272842,0.13790878653526306,0.13790878653526306,0.20400704443454742,0.11834204196929932,0.1634029634296894,0.09254560619592667,0.17439242079854012,0.11279093474149704,0.13137279078364372,0.10656210035085678,0.1394343301653862,0.12992477416992188,0.11963538080453873,0.09639167785644531,0.1209193542599678,0.09998834133148193,0.1164553202688694,0.11462989449501038,0.10497567057609558,0.09716040641069412
83453494,qslstm,extrapolation,near_best,2000243,62,5,57,57,4,0.05106687374772729,0.2120645680735188,0.05738130139320763,0.23954394459724426,0.07104570686663117,0.21272647380828857,0.049314344526770804,0.21200650616696007,0.012368183909801015,0.011446046585939368,0.09668824821710587,0.20413564642270407,0.3553670048713684,0.2784392833709717,0.3765004873275757,0.21272647380828857,0.03768250346183777,0.20767850875854493,0.08352065086364746,0.16983872652053833,0.07854261994361877,0.20758928656578063,0.10980486869812012,0.2540039360523224,0.10973420739173889,0.2813771963119507,0.1256050169467926,0.24600816369056702,0.15292242169380188,0.09231333136558532,0.15208667516708374,0.14065433144569398,0.17419639229774475,0.21922051906585693,0.11816447646471492,0.10105604260114201,0.21561386932929358,0.11952099949121475,0.2192226853221655,0.12397267669439316,0.21922051906585693,0.12390199303627014,0.18516445010900498,0.11246419697999954,0.17168209701776505,0.12293056398630142,0.14491922408342361,0.10499658435583115,0.1425906464457512,0.11106254905462265,0.13180255144834518,0.12117761373519897,0.12156524807214737,0.1034967303276062,0.11506630331277848,0.10497221350669861,0.11463160812854767,0.11459436267614365
83453494,qslstm,extrapolation,near_best,2000244,62,2,60,59,2,0.06890503388772515,0.24377002416839522,0.036044415333890356,0.18985366821289062,0.1217091592621743,0.2825085688382387,0.06714489637524351,0.24247873934606712,0.024666568990481103,0.02156331141789754,0.056339114904403687,0.2466051448136568,0.4729941226541996,0.2279882598668337,0.4317389465868473,0.2825085688382387,0.07781839370727539,0.2655902374535799,0.058186352252960205,0.24453644640743732,0.057333946228027344,0.07998085021972656,0.08214330673217773,0.07882800698280334,0.09946966171264648,0.11824601888656616,0.1543487310409546,0.1634531021118164,0.20301225781440735,0.23959051072597504,0.247325599193573,0.26676343381404877,0.2648133635520935,0.15474215894937515,0.11939243078231812,0.03534972816705703,0.1774272546172142,0.15679781138896942,0.16007577627897263,0.14258554577827454,0.15474215894937515,0.12702572345733643,0.1405395194888115,0.12428122758865356,0.13265587389469147,0.1227262020111084,0.12991929799318314,0.13281287252902985,0.12463269010186195,0.12498415261507034,0.12565935403108597,0.11850583553314209,0.1205165684223175,0.12290620803833008,0.1106087788939476,0.11345744878053665,0.10989264398813248,0.11299137026071548
83453494,qslstm,extrapolation,near_best,2000245,62,4,58,58,3,0.04438448671564576,0.16930966181380133,0.011331898895733161,0.10645139217376709,0.12188112397328812,0.3109345296397805,0.03903989104270491,0.1595424295499407,0.01779285381580221,0.013698832442363104,0.022097806135813396,0.3114600529273351,0.260536253452301,0.4413898599644502,0.5469733662903309,0.3109345296397805,0.11821883916854858,0.2265320084989071,0.12443685531616211,0.23205706104636192,0.1346360445022583,0.24935341998934746,0.1467047929763794,0.2645646296441555,0.11934256553649902,0.21244369074702263,0.10993695259094238,0.1376146674156189,0.09622728824615479,0.2164451526477933,0.1063847541809082,0.12398277223110199,0.12894952297210693,0.18277153745293617,0.12214751130548017,0.060624026147456,0.15235987305641174,0.15360666811466217,0.14874549706776938,0.13231563568115234,0.18277153745293617,0.12262722849845886,0.16394745372235775,0.11896540969610214,0.14812059700489044,0.10713095217943192,0.13574099726974964,0.10756385326385498,0.1384624633938074,0.116047702729702,0.124061094596982,0.0962473675608635,0.11917734332382679,0.09475018829107285,0.11707120575010777,0.11702894419431686,0.11158088408410549,0.10799810290336609
83453494,qslstm,extrapolation,near_best,2000246,62,3,59,58,3,0.05447040120923857,0.2196300616187434,0.06397608018437495,0.25293493270874023,0.11716610781303001,0.3087926109631856,0.05128248392430003,0.215096372669026,0.017812797735477316,0.012061195046293969,0.04930762449900309,0.3493148485819499,0.49481913447380066,0.284262756506602,0.2862285077571869,0.3087926109631856,0.14024698734283447,0.2754180630048116,0.19118806719779968,0.2154900332291921,0.16905352473258972,0.15689305464426676,0.1613786518573761,0.17749463518460593,0.17991718649864197,0.18966969847679138,0.19959986209869385,0.19221210479736328,0.17887741327285767,0.20874439676602682,0.22681424021720886,0.24308461944262186,0.25053584575653076,0.139920507868131,0.12014802709474402,0.01977248077338699,0.14875137309233347,0.13758350908756256,0.14112154642740884,0.14443522691726685,0.139920507868131,0.1277349293231964,0.13253742456436157,0.13229383528232574,0.13320936262607574,0.12289902567863464,0.12039221326510112,0.11054268479347229,0.12595641613006592,0.13503272831439972,0.11873836318651836,0.12329444289207458,0.11489704499642055,0.10911370068788528,0.11517089108626048,0.11774959415197372,0.11074554671843846,0.10469084233045578
83453494,qslstm,extrapolation,near_best,2000247,62,3,59,59,2,0.21249695047836087,0.4572654883227041,0.28207813665198955,0.5311102867126465,0.08198719874122544,0.28169582784175873,0.21913303954974064,0.46619275919461656,0.019292124247146866,0.017298926567209178,0.08866256475448608,0.27655738592147827,0.34400618076324463,0.33127564936876297,0.3185451179742813,0.28169582784175873,0.31743377447128296,0.34109652042388916,0.3618496060371399,0.35733026762803394,0.39159607887268066,0.3820066452026367,0.43699008226394653,0.42766568064689636,0.48415735363960266,0.4033527374267578,0.3878522515296936,0.41456307967503864,0.4287753105163574,0.4342915912469228,0.4300684928894043,0.45179789264996845,0.43676477670669556,0.2788262565930684,0.11426115983118446,0.16456509676188397,0.3532492518424988,0.27918076515197754,0.26156149059534073,0.24394221603870392,0.2788262565930684,0.16521881520748138,0.2009496589501699,0.15844939649105072,0.18511556088924408,0.1529550701379776,0.15489324430624643,0.14650584757328033,0.1490626484155655,0.14223270118236542,0.14101924002170563,0.14317817986011505,0.13549447556336722,0.1307462900876999,0.12212127198775609,0.10565956681966782,0.10959457109371822,0.0916542038321495
83453494,qslstm,extrapolation,near_best,2000248,62,3,59,58,3,0.22818208936130122,0.47124461745542867,0.2349971708588614,0.48476506769657135,0.18686243314950254,0.39141570404171944,0.2302830888296978,0.47530371474765115,0.014066909921580347,0.01304530245917184,0.11084854602813721,0.3903782721608877,0.16569840908050537,0.27766547972957295,0.1815764307975769,0.39141570404171944,0.3934905678033829,0.38442356263597804,0.4261019378900528,0.338074654340744,0.4550349861383438,0.3696964879830678,0.5014110952615738,0.4525088618199031,0.5090010315179825,0.49225371579329175,0.5127251297235489,0.514950210849444,0.5231244713068008,0.5055515716473261,0.5055596381425858,0.5049172788858414,0.48703695833683014,0.2162460188070933,0.12710469380273656,0.08914132500435673,0.239985391497612,0.19537591934204102,0.27263740201791126,0.19482356309890747,0.2162460188070933,0.1687672734260559,0.19418464104334512,0.15948472917079926,0.1789723883072535,0.17277397215366364,0.16918636361757913,0.1532507985830307,0.15885057051976523,0.1350104659795761,0.14345688869555792,0.12258622795343399,0.12861093133687973,0.1282361000776291,0.13692576686541238,0.1258419156074524,0.12586131195227304,0.12506620585918427
83453494,qslstm,extrapolation,near_best,2000249,62,1,61,60,1,0.23440984520249203,0.46710171310171006,0.2895767925720216,0.5381233990192413,0.22265511414341077,0.47186344861984253,0.23460254571165728,0.46702365186370787,0.01969379559159279,0.012199774384498596,0.0452745258808136,0.1961527168750763,0.1961527168750763,0.2021072804927826,0.2021072804927826,0.47186344861984253,0.47186344861984253,0.5018616318702698,0.5018616318702698,0.44794225692749023,0.44794225692749023,0.44211673736572266,0.44211673736572266,0.4567139148712158,0.4567139148712158,0.47197526693344116,0.47197526693344116,0.5016843974590302,0.5016843974590302,0.5448512732982635,0.5448512732982635,0.527469277381897,0.527469277381897,0.13004624843597412,0.12211117991169945,0.007935068524274669,0.12990784645080566,0.12990784645080566,0.13830344378948212,0.13830344378948212,0.13004624843597412,0.13004624843597412,0.13837771117687225,0.13837771117687225,0.11843911558389664,0.11843911558389664,0.1217074766755104,0.1217074766755104,0.13082019984722137,0.13082019984722137,0.12140817195177078,0.12140817195177078,0.1062377393245697,0.1062377393245697,0.10703323036432266,0.10703323036432266,0.08863252401351929,0.08863252401351929
